{"type":"FeatureCollection","features":[{"type":"Feature","id":"in-assam","properties":{"id":"in-assam","name":"Assam","region":"in-assam","level":"region","parent":"","source":"LGD via Bharatlas · 2024 snapshot","state_lgd":18,"center":[92.82688655108932,26.355276189947567],"bbox":[89.6986005,24.1361352,96.0178764,27.9714751]},"geometry":{"type":"Polygon","coordinates":[[[95.8699752,27.9688223],[95.8644258,27.969025],[95.8575804,27.9694981],[95.8467659,27.9700558],[95.841882,27.9703255],[95.8373048,27.9706257],[95.8356463,27.9707345],[95.8293852,27.9710935],[95.8249079,27.971295],[95.8238812,27.9714751],[95.8193533,27.9712026],[95.8176713,27.9710351],[95.817657,27.9710337],[95.8140887,27.9706816],[95.8075979,27.9701477],[95.8069862,27.9700978],[95.8018214,27.9696831],[95.794392,27.9692052],[95.7894932,27.9688819],[95.787481,27.9687002],[95.7853016,27.9687172],[95.7839442,27.9684723],[95.7804074,27.9683571],[95.7773584,27.9681249],[95.7735904,27.9677866],[95.7725463,27.9676928],[95.7676579,27.9673823],[95.7652138,27.9671548],[95.7612451,27.9668808],[95.7582675,27.9666302],[95.7579396,27.9666299],[95.7575815,27.9666296],[95.7546383,27.9663579],[95.7543752,27.9663336],[95.7522189,27.9661297],[95.7515178,27.9660635],[95.7514171,27.9660539],[95.7463929,27.9656201],[95.7432106,27.9654497],[95.7377354,27.9651499],[95.7324499,27.9646669],[95.7271644,27.9641865],[95.7218791,27.9637467],[95.7165933,27.9633487],[95.7113239,27.9629501],[95.7060352,27.9625676],[95.7008424,27.9622405],[95.6997975,27.9621285],[95.6954898,27.9618124],[95.6946033,27.9617143],[95.6903126,27.9613284],[95.6879222,27.9610623],[95.6855138,27.9609426],[95.6839467,27.9608589],[95.6806202,27.9605572],[95.6791479,27.9604171],[95.6757274,27.9601592],[95.6697104,27.9597183],[95.6643912,27.9591791],[95.6604342,27.9589524],[95.6588986,27.9588644],[95.653945,27.9584357],[95.6518871,27.9582672],[95.6482772,27.9579234],[95.6432094,27.9576195],[95.6412465,27.9573385],[95.6376359,27.9570214],[95.6357997,27.9568528],[95.6323163,27.9565061],[95.6302744,27.9564078],[95.6269815,27.9561488],[95.6248605,27.95598],[95.6220431,27.9558174],[95.6194155,27.9556766],[95.6170869,27.9555443],[95.614681,27.9554457],[95.6123226,27.9553274],[95.6104706,27.9552851],[95.6069563,27.9548689],[95.6052785,27.9546154],[95.6037116,27.9540385],[95.6020161,27.9529186],[95.6010666,27.9518633],[95.599181,27.9502683],[95.5971553,27.9491002],[95.5945761,27.9475305],[95.5937059,27.9467706],[95.5916787,27.9448654],[95.5909825,27.9441899],[95.5895287,27.9421414],[95.5886429,27.9405938],[95.58825,27.9394872],[95.5875383,27.93801],[95.5864502,27.9370252],[95.5863975,27.9369775],[95.586392,27.9369726],[95.5861127,27.9367242],[95.5857171,27.9365413],[95.5853056,27.936513],[95.5847201,27.9365691],[95.583707,27.9369346],[95.5816311,27.9379406],[95.5804921,27.938603],[95.5803014,27.9387139],[95.5793042,27.9391075],[95.5768827,27.9396483],[95.5759964,27.9397042],[95.5751734,27.9396476],[95.5742239,27.9394644],[95.571931,27.9385156],[95.5712713,27.9380563],[95.5708394,27.9377556],[95.5686442,27.9359456],[95.5685919,27.9359025],[95.5680698,27.9353396],[95.5664275,27.933037],[95.5660954,27.9324742],[95.5651309,27.9301597],[95.5648149,27.9292733],[95.5645949,27.9273547],[95.5645942,27.9271714],[95.5645831,27.9242653],[95.5645365,27.9228163],[95.5641125,27.921021],[95.5637652,27.9196281],[95.5635439,27.9192622],[95.5627303,27.9185784],[95.5626898,27.9185443],[95.5614388,27.9182555],[95.5597619,27.9175935],[95.5566629,27.9156859],[95.5551763,27.9145035],[95.5538318,27.9137291],[95.5522322,27.9131173],[95.5501915,27.9125113],[95.5471996,27.9119546],[95.5460922,27.9116727],[95.5451906,27.9112641],[95.5446688,27.9108418],[95.5434055,27.9093697],[95.5426629,27.9080891],[95.54227,27.9067184],[95.5421912,27.9062682],[95.5423343,27.9052835],[95.5427797,27.9041212],[95.5438883,27.9026588],[95.5446639,27.9011311],[95.5446169,27.9006246],[95.5442694,27.8997804],[95.5430389,27.8984908],[95.5413945,27.8971111],[95.5399396,27.8964631],[95.5394651,27.8964206],[95.5376127,27.8969201],[95.5374879,27.896984],[95.5359667,27.8977632],[95.5349538,27.8982268],[95.5345265,27.8982968],[95.5340362,27.8981418],[95.5318695,27.8963462],[95.5313611,27.8958925],[95.5290069,27.8937914],[95.5278374,27.8925948],[95.5261609,27.8906182],[95.5245481,27.8880198],[95.5240901,27.8871472],[95.5232197,27.884901],[95.5222724,27.8829589],[95.5212308,27.8820248],[95.5201323,27.8812381],[95.5165192,27.8801165],[95.515892,27.8798989],[95.5153263,27.8797025],[95.5145745,27.8794556],[95.4912494,27.8731465],[95.4856027,27.8714151],[95.4799561,27.8696826],[95.47431,27.8679778],[95.4686639,27.8662727],[95.4630175,27.8645674],[95.4573864,27.8628593],[95.4516005,27.8610844],[95.4464734,27.859531],[95.441346,27.8579635],[95.436194,27.8563826],[95.431123,27.8548676],[95.4260118,27.8533254],[95.4209007,27.8518244],[95.4157882,27.8503387],[95.4107383,27.848797],[95.4056886,27.8472542],[95.4006386,27.8457396],[95.3959091,27.8443032],[95.3958622,27.844289],[95.3956077,27.8442117],[95.3906396,27.8426554],[95.3856726,27.8410958],[95.3823026,27.8401131],[95.3795771,27.8391789],[95.373849,27.8414683],[95.3734321,27.8416372],[95.3702749,27.8429168],[95.370186,27.8429528],[95.3678545,27.8438976],[95.3637732,27.845541],[95.3636114,27.8456062],[95.3618592,27.8463116],[95.3558792,27.8487645],[95.3499143,27.8511497],[95.3439531,27.8536166],[95.3374893,27.8561412],[95.3308827,27.8589295],[95.3296925,27.8594284],[95.3245277,27.8615933],[95.3181248,27.8642015],[95.3131941,27.8662029],[95.3087606,27.8680108],[95.3069887,27.8671077],[95.3054062,27.8666856],[95.300451,27.8653048],[95.2954197,27.8636734],[95.2899347,27.862029],[95.2842462,27.860371],[95.2800272,27.8591306],[95.2785575,27.8586986],[95.2723372,27.8568723],[95.2697514,27.8561228],[95.2657092,27.8549237],[95.2625123,27.8540493],[95.2592862,27.853028],[95.2558387,27.8520841],[95.2540732,27.8515429],[95.2540028,27.8515214],[95.253001,27.8512143],[95.2490365,27.8500617],[95.2465761,27.849256],[95.2413276,27.8473856],[95.2411962,27.8473387],[95.2407111,27.8471658],[95.2342826,27.8450686],[95.227961,27.8430385],[95.2217154,27.8409272],[95.218437,27.8401194],[95.2183789,27.8401051],[95.215288,27.8393434],[95.210298,27.8381133],[95.2102216,27.8380945],[95.2088608,27.837759],[95.2024639,27.8358226],[95.1973295,27.8342285],[95.1972644,27.8342083],[95.1960517,27.8338318],[95.1893964,27.8318136],[95.1827414,27.8297547],[95.1764675,27.8278132],[95.1760866,27.8276953],[95.1694473,27.8256627],[95.1628386,27.8236704],[95.1561998,27.8216778],[95.1495917,27.8197119],[95.1429687,27.8176645],[95.1364019,27.815647],[95.1232378,27.8114932],[95.1167071,27.8094446],[95.1102222,27.8074498],[95.107813,27.8067068],[95.1037527,27.8054546],[95.0972836,27.8034051],[95.0908146,27.8014228],[95.0903959,27.8012948],[95.084285,27.7994268],[95.081524,27.7985827],[95.0777555,27.7974304],[95.0711504,27.7954067],[95.0646976,27.7933962],[95.0629392,27.7928558],[95.0628888,27.7928404],[95.058154,27.7913853],[95.0539069,27.7900721],[95.0518694,27.7894421],[95.0458887,27.7875933],[95.0396042,27.7857578],[95.0355346,27.7845455],[95.0354443,27.7845186],[95.0333503,27.7838947],[95.0270815,27.7818826],[95.0230656,27.7806543],[95.0207673,27.7799514],[95.0152948,27.7782289],[95.0152284,27.778208],[95.0145446,27.7779928],[95.0083532,27.7759394],[95.0027391,27.7740757],[94.9975065,27.7725764],[94.9966053,27.7723182],[94.9953617,27.7719436],[94.9953097,27.7719279],[94.9942501,27.7716087],[94.9506565,27.7584696],[94.9223255,27.7499226],[94.9167865,27.7481151],[94.9129265,27.7468528],[94.9111615,27.7464518],[94.9042383,27.7442289],[94.9031934,27.7438321],[94.8990447,27.7425018],[94.8907172,27.7398996],[94.8860819,27.7383885],[94.8805847,27.7365931],[94.8771617,27.7355148],[94.870241,27.7332456],[94.8691773,27.7328969],[94.8670808,27.7322479],[94.8647101,27.7314995],[94.8641579,27.7313252],[94.8617768,27.7305735],[94.8596975,27.7299417],[94.8596675,27.7299326],[94.8582596,27.7294958],[94.8571069,27.7291382],[94.8538364,27.7280864],[94.8523457,27.7276034],[94.8512103,27.7258164],[94.8508252,27.7248778],[94.8506581,27.7232354],[94.8505317,27.7217915],[94.8501213,27.7203926],[94.8495789,27.7197068],[94.8489859,27.7188132],[94.8484995,27.7175047],[94.8484083,27.7171076],[94.8483073,27.7155012],[94.8480491,27.7138769],[94.848141,27.7113907],[94.8480095,27.7099243],[94.8479321,27.7092416],[94.8478324,27.708363],[94.8478331,27.7055655],[94.8477817,27.7055425],[94.8440466,27.7038727],[94.8436614,27.7032861],[94.8409704,27.7006097],[94.8359957,27.6982658],[94.8359308,27.6982352],[94.8336311,27.6971516],[94.8324687,27.6965602],[94.8311731,27.6959009],[94.8300277,27.6951876],[94.829455,27.6948581],[94.8289987,27.6950609],[94.8281674,27.6951103],[94.827108,27.6948798],[94.8260181,27.6948569],[94.823525,27.6935323],[94.8234892,27.6935133],[94.8207831,27.6920755],[94.8196932,27.6921112],[94.8180713,27.6918443],[94.8172501,27.691826],[94.8163071,27.6921098],[94.8162815,27.6921202],[94.8148723,27.6926912],[94.8135694,27.6930111],[94.8126874,27.6929385],[94.8110249,27.6925994],[94.8094234,27.6921338],[94.8082779,27.6919754],[94.8074769,27.6922051],[94.806696,27.6925431],[94.8058035,27.6930886],[94.8054407,27.6934277],[94.8054029,27.693463],[94.8047588,27.6938552],[94.8042215,27.6939271],[94.8010734,27.6941015],[94.799948,27.694155],[94.7992785,27.6946825],[94.7969765,27.6956288],[94.7957903,27.6957139],[94.7950639,27.695588],[94.7947715,27.6955373],[94.7937275,27.6951803],[94.7930283,27.6947151],[94.7925877,27.6942321],[94.7924165,27.6925986],[94.7925748,27.6910826],[94.7923174,27.689598],[94.7918674,27.6880907],[94.7912293,27.6873051],[94.7898263,27.685874],[94.7890464,27.6851787],[94.7869385,27.6842162],[94.7858083,27.6840079],[94.7845462,27.6840071],[94.7841054,27.6839031],[94.7829251,27.6831172],[94.7823052,27.6825406],[94.7809447,27.681275],[94.7798407,27.6803086],[94.7786602,27.6797032],[94.7779965,27.6795403],[94.7768458,27.6796027],[94.7755078,27.6795159],[94.7735516,27.6793431],[94.7723503,27.6794866],[94.7713873,27.6794317],[94.7700643,27.6795571],[94.7695973,27.6795381],[94.7691622,27.6795203],[94.7690258,27.6791161],[94.7689398,27.6788613],[94.7686302,27.6776681],[94.7686155,27.6776111],[94.7686014,27.6775571],[94.7677819,27.6760043],[94.7669716,27.6754036],[94.7663689,27.6749925],[94.7656292,27.6746174],[94.7649102,27.6740302],[94.7649919,27.6733671],[94.7646279,27.6724373],[94.7644306,27.6720807],[94.7639092,27.6714937],[94.763079,27.6705725],[94.7628566,27.6699632],[94.7628261,27.6692495],[94.7627972,27.6685735],[94.7626817,27.6675356],[94.7616495,27.6659735],[94.7609257,27.6650434],[94.7595643,27.6633818],[94.758744,27.6626142],[94.7580855,27.6623473],[94.7566719,27.6621567],[94.7555878,27.6617993],[94.7549497,27.6614242],[94.7547068,27.6610811],[94.7545906,27.6607606],[94.754307,27.6605483],[94.7533038,27.6604753],[94.7520684,27.660502],[94.747917,27.6604343],[94.7466501,27.6602464],[94.7454058,27.659751],[94.7447112,27.6596828],[94.7436691,27.6596321],[94.7421834,27.659685],[94.7413732,27.6598921],[94.7413406,27.6599055],[94.740317,27.6603252],[94.7391405,27.6608766],[94.7387741,27.6611177],[94.7385506,27.66136],[94.7385043,27.6614103],[94.738471,27.6614482],[94.7379453,27.6620472],[94.7372126,27.6625981],[94.7366534,27.6629082],[94.7357276,27.6632873],[94.7351488,27.6633738],[94.7346857,27.6634086],[94.7324858,27.6633071],[94.7317333,27.6634109],[94.7307495,27.663704],[94.7289749,27.6645288],[94.7270465,27.665803],[94.7265837,27.6662162],[94.7261406,27.6670421],[94.7258327,27.6678336],[94.7254861,27.6688142],[94.725139,27.6690037],[94.7248301,27.6689178],[94.7246755,27.6687115],[94.7240187,27.6679037],[94.7235166,27.667474],[94.72315,27.667457],[94.7224746,27.6674748],[94.7219729,27.6675439],[94.7214132,27.6674583],[94.7210116,27.6673361],[94.7205095,27.6669237],[94.7199686,27.6662361],[94.7194468,27.6653248],[94.7186927,27.6635537],[94.7185183,27.6626251],[94.7183823,27.6617641],[94.7181692,27.6608011],[94.7177825,27.6598209],[94.7174579,27.6592811],[94.717338,27.6590817],[94.7167777,27.6582392],[94.7160246,27.6575345],[94.71504,27.6569332],[94.7142294,27.6566413],[94.7131489,27.6566764],[94.711876,27.6565775],[94.7090397,27.6565792],[94.7086153,27.6567171],[94.7035239,27.6603493],[94.7026365,27.6605561],[94.7011858,27.6611434],[94.7004914,27.6614534],[94.6991022,27.6616605],[94.698116,27.6619052],[94.6974794,27.6620087],[94.6962637,27.6620781],[94.6938323,27.6619245],[94.6930412,27.6618562],[94.6915359,27.6616333],[94.6908992,27.6617368],[94.6905327,27.6619433],[94.6902627,27.6622339],[94.6897615,27.6630769],[94.6896656,27.6638509],[94.6897044,27.6643325],[94.6893189,27.6650207],[94.689126,27.6651584],[94.6888752,27.6652445],[94.6883542,27.665262],[94.6879407,27.66515],[94.6879103,27.6651417],[94.6876786,27.6648667],[94.6870413,27.6639726],[94.6864276,27.6633876],[94.6847478,27.6615135],[94.6845374,27.6612606],[94.6839755,27.6605851],[94.6838016,27.6601723],[94.6838963,27.6583483],[94.6839921,27.6572646],[94.6844545,27.6561121],[94.684936,27.6544262],[94.685283,27.6537381],[94.6858615,27.6531186],[94.6863653,27.6523443],[94.6866348,27.6514325],[94.6866538,27.6509854],[94.6865571,27.6504867],[94.6864411,27.6500223],[94.6861706,27.6494032],[94.6859196,27.6491109],[94.6853599,27.6486468],[94.6842994,27.6480431],[94.6839132,27.64751],[94.6834304,27.6466331],[94.6831023,27.646272],[94.6826776,27.6458938],[94.6817128,27.645533],[94.6812303,27.6454128],[94.6810041,27.6453592],[94.6809044,27.6453355],[94.6804235,27.6452216],[94.6791116,27.6451533],[94.6785329,27.6453428],[94.6776456,27.6456871],[94.675485,27.6463072],[94.673421,27.6471163],[94.6731626,27.6471559],[94.6727458,27.6472197],[94.6722248,27.6471855],[94.6719638,27.6470908],[94.6717038,27.6469965],[94.6705265,27.6462056],[94.6699284,27.6461371],[94.6679767,27.6462538],[94.6658929,27.6462372],[94.6646581,27.6461],[94.6640213,27.645911],[94.6626514,27.6453266],[94.6618794,27.6449484],[94.6600269,27.6436073],[94.658213,27.6423177],[94.6574026,27.6417847],[94.6558589,27.6412527],[94.6548171,27.6409262],[94.6526754,27.6403074],[94.650611,27.6397402],[94.6485658,27.6389837],[94.6476011,27.6385539],[94.646675,27.6380725],[94.6462892,27.6377457],[94.6460618,27.637301],[94.6456565,27.6363206],[94.6455313,27.6358741],[94.6454056,27.6354263],[94.6452704,27.6346867],[94.64473,27.6335172],[94.6441126,27.632726],[94.6428159,27.6309921],[94.6413688,27.6294443],[94.6399605,27.628034],[94.6382242,27.6266926],[94.6372017,27.625936],[94.6364306,27.6256911],[94.6354275,27.6252784],[94.6346061,27.6248804],[94.6345402,27.6248484],[94.6331898,27.6241605],[94.6323989,27.6239542],[94.6312029,27.6239714],[94.6292161,27.624264],[94.6284639,27.6245392],[94.6278467,27.6249004],[94.627021,27.625486],[94.6265976,27.6258137],[94.6252656,27.6268448],[94.623896,27.627636],[94.6234717,27.627808],[94.6232209,27.6277392],[94.6227386,27.626862],[94.6220828,27.6259332],[94.6208676,27.6249527],[94.6197639,27.6243828],[94.6182401,27.6237292],[94.6176421,27.6236087],[94.617102,27.6236087],[94.6162708,27.6237647],[94.6160025,27.6238151],[94.6149609,27.6240214],[94.6143821,27.6239697],[94.6134177,27.6234365],[94.6117032,27.6218503],[94.6112039,27.6213159],[94.6107389,27.6208182],[94.6102374,27.620457],[94.6092152,27.6198548],[94.6065921,27.6186162],[94.606052,27.6187021],[94.6052418,27.6192008],[94.6048674,27.6195753],[94.6044508,27.6199918],[94.6033512,27.6210753],[94.6028882,27.6212301],[94.6025604,27.6209548],[94.6020204,27.6200775],[94.601172,27.6188906],[94.6000148,27.618168],[94.5995469,27.6181669],[94.5987753,27.6184764],[94.5977723,27.618889],[94.5966534,27.6194392],[94.5955925,27.6196798],[94.5943773,27.6196795],[94.5930465,27.619146],[94.5923516,27.6188208],[94.59187,27.6185953],[94.5907899,27.6184919],[94.5904336,27.6185289],[94.5893046,27.6186463],[94.5884306,27.6185519],[94.5875495,27.6184566],[94.5868197,27.61815],[94.5862798,27.6176683],[94.5859191,27.6172421],[94.5856243,27.616894],[94.5842845,27.6154826],[94.5842526,27.615449],[94.5842362,27.6154317],[94.5815532,27.6132485],[94.5805724,27.6128505],[94.5797433,27.6122999],[94.5792806,27.6117665],[94.5788708,27.6110822],[94.5785433,27.6101017],[94.5778306,27.6081578],[94.5772717,27.6070397],[94.5770212,27.6065064],[94.5768479,27.6058871],[94.5764865,27.6054803],[94.5764046,27.6053881],[94.5757448,27.6049098],[94.5740867,27.6038083],[94.5721585,27.602982],[94.5710787,27.6025344],[94.5698061,27.602276],[94.5685717,27.6023443],[94.5677713,27.6026166],[94.5669611,27.6028226],[94.5657578,27.603068],[94.564508,27.6033357],[94.5640681,27.6036038],[94.5631189,27.6043876],[94.5626095,27.6047588],[94.562216,27.6049031],[94.5616837,27.6048203],[94.5606196,27.6039944],[94.5590235,27.6026935],[94.5572192,27.6014751],[94.55634,27.6010825],[94.5553219,27.6007519],[94.5541649,27.6005862],[94.5518737,27.6005644],[94.5497469,27.6006664],[94.5496098,27.6006831],[94.5473863,27.600954],[94.5455347,27.6010974],[94.544586,27.601035],[94.5444241,27.6009317],[94.5435913,27.6003534],[94.5426894,27.5995481],[94.5419494,27.5988459],[94.5400429,27.5968341],[94.5388514,27.5957681],[94.5386202,27.5954378],[94.537996,27.5945293],[94.5365394,27.5929806],[94.5359612,27.5925263],[94.5354291,27.5924228],[94.5344339,27.5926285],[94.5338087,27.5931027],[94.5330213,27.5938864],[94.5326043,27.5943608],[94.5321413,27.5945668],[94.5318406,27.5944634],[94.5316327,27.5940299],[94.5315146,27.5936753],[94.5313095,27.5930599],[94.5308474,27.5923372],[94.5301999,27.5917176],[94.5295754,27.5913871],[94.5260134,27.5912604],[94.5239642,27.5913904],[94.5224726,27.591485],[94.5220099,27.5914227],[94.5223475,27.5897113],[94.5227306,27.5878324],[94.5226614,27.5875641],[94.5221988,27.587378],[94.5218284,27.5875015],[94.5215043,27.5876871],[94.5213887,27.5876251],[94.5212963,27.5874393],[94.5213095,27.5873193],[94.5213663,27.5867995],[94.521807,27.5856648],[94.5217844,27.5851283],[94.5215072,27.5845503],[94.5211141,27.5842405],[94.5201423,27.5841984],[94.5192866,27.5838057],[94.5184537,27.5830407],[94.5168123,27.5815743],[94.5156098,27.5808098],[94.513852,27.5801068],[94.5126261,27.5796931],[94.510544,27.5793406],[94.5092946,27.5793189],[94.5079064,27.5792971],[94.5075279,27.5792967],[94.5073279,27.5792965],[94.5067498,27.5790278],[94.5061947,27.5787384],[94.5054552,27.5779536],[94.5049928,27.577623],[94.5043682,27.5774987],[94.5030253,27.5774137],[94.5024699,27.5774132],[94.5022388,27.5772273],[94.5020771,27.5769589],[94.5019108,27.576219],[94.5014094,27.5739866],[94.5010397,27.5735323],[94.5003462,27.5729951],[94.498959,27.5721684],[94.4985194,27.572106],[94.4981261,27.5722089],[94.4966676,27.5730476],[94.495469,27.5733827],[94.4917891,27.5744113],[94.4916528,27.5744227],[94.4915814,27.5744287],[94.4856452,27.5749259],[94.4801535,27.5758446],[94.4784369,27.5761681],[94.4778044,27.5761416],[94.4775331,27.5759806],[94.4772919,27.5756854],[94.4746251,27.5709287],[94.4741221,27.5700315],[94.4709556,27.5653341],[94.4679102,27.5611467],[94.4632984,27.5561009],[94.4622739,27.5554302],[94.4617318,27.5552424],[94.4614006,27.55535],[94.4605589,27.5558489],[94.4604457,27.5559159],[94.4589109,27.5572058],[94.4572257,27.5589789],[94.4564434,27.5598386],[94.4557819,27.5613158],[94.4553007,27.5621754],[94.4549407,27.5666024],[94.4536773,27.5687781],[94.4513302,27.5717599],[94.4484404,27.574178],[94.4451287,27.5764888],[94.4395962,27.5812191],[94.4381512,27.582616],[94.4358934,27.5850336],[94.4342379,27.587263],[94.4333348,27.5884179],[94.4318413,27.5908025],[94.4317067,27.5916221],[94.4318833,27.5932015],[94.4317359,27.5955925],[94.4318273,27.5974591],[94.431932,27.5993243],[94.4322242,27.5999568],[94.4316821,27.6003329],[94.4313808,27.6003061],[94.4290911,27.6000383],[94.4271255,27.5995038],[94.4257165,27.5991263],[94.4237882,27.5987508],[94.4224023,27.5982678],[94.4216489,27.5980263],[94.4199317,27.5978387],[94.419073,27.5976515],[94.4184554,27.5975168],[94.4178527,27.5971142],[94.4171294,27.5963356],[94.4154421,27.5956377],[94.413531,27.5940344],[94.4122051,27.5928263],[94.4107588,27.5917792],[94.4094027,27.5904905],[94.4085892,27.5897924],[94.4071697,27.5881765],[94.407168,27.5881745],[94.40651,27.587537],[94.4058773,27.5870537],[94.4045582,27.5862727],[94.4035847,27.5857894],[94.4016124,27.5849766],[94.4004164,27.5850413],[94.3977358,27.5866795],[94.3949045,27.5879417],[94.3937241,27.5887927],[94.3923861,27.5890238],[94.3914166,27.5886436],[94.3910249,27.5883214],[94.3907173,27.5877539],[94.3902275,27.5867537],[94.3900117,27.586215],[94.3897526,27.5858686],[94.3891051,27.5852146],[94.3885871,27.5847913],[94.3879396,27.5844835],[94.3869928,27.5841985],[94.3856097,27.5840024],[94.3831484,27.5825213],[94.3818966,27.5815978],[94.3802997,27.5811362],[94.3792638,27.5812516],[94.3781683,27.5814411],[94.3772799,27.5819099],[94.3765031,27.5823716],[94.375942,27.5819868],[94.3755706,27.581552],[94.3718654,27.5771884],[94.370924,27.5760796],[94.3706161,27.5757171],[94.3698851,27.5747538],[94.3668019,27.574273],[94.3650755,27.5742344],[94.3640119,27.5743501],[94.3637106,27.5749677],[94.3631985,27.5757195],[94.3627166,27.5761491],[94.3621442,27.5762026],[94.3616624,27.5760951],[94.3611504,27.5759071],[94.3605781,27.5758801],[94.3600961,27.5760411],[94.3599154,27.5762559],[94.3595867,27.5765412],[94.3591405,27.5769286],[94.3560682,27.5768205],[94.3531466,27.5769272],[94.3506766,27.5771145],[94.3492307,27.5777855],[94.3478148,27.5786176],[94.3473027,27.5791276],[94.3466398,27.5800941],[94.3463987,27.5805237],[94.3459467,27.581168],[94.345314,27.5818392],[94.3449223,27.5821345],[94.3444705,27.5820806],[94.3437777,27.5818655],[94.3428742,27.5815967],[94.3412175,27.5816767],[94.3398922,27.5816763],[94.3382356,27.5812192],[94.337663,27.5802987],[94.3374438,27.5794179],[94.3369683,27.5791894],[94.3367122,27.5794177],[94.3365291,27.5799069],[94.3351504,27.5839668],[94.3345153,27.5847993],[94.3341858,27.5857126],[94.3336001,27.5865604],[94.3328317,27.5869516],[94.3310824,27.5865807],[94.3299732,27.5864048],[94.3287664,27.5861496],[94.3262341,27.5853014],[94.3250614,27.5848306],[94.3243188,27.5846211],[94.324272,27.5851548],[94.3235766,27.5857417],[94.3233934,27.586394],[94.3232299,27.5878872],[94.3227776,27.5886388],[94.3217419,27.58899],[94.320417,27.5892557],[94.3192569,27.5893894],[94.3174644,27.5891278],[94.3159277,27.5893555],[94.3126832,27.5902413],[94.3092601,27.5907787],[94.3084839,27.591193],[94.3083331,27.5914347],[94.30779,27.5929381],[94.3069751,27.5952737],[94.3061313,27.5958371],[94.3047111,27.5962169],[94.3039274,27.5969146],[94.3034752,27.597344],[94.3031735,27.5979882],[94.302932,27.5987131],[94.3028411,27.5994112],[94.3023887,27.6003239],[94.3018157,27.6010217],[94.3003392,27.6015041],[94.2982601,27.6019323],[94.2979286,27.6019053],[94.2967839,27.6017434],[94.2960912,27.6014475],[94.2950374,27.6005875],[94.2947666,27.6001845],[94.2944958,27.599701],[94.2939496,27.5990088],[94.293432,27.5983927],[94.2926124,27.5976611],[94.2920499,27.5974427],[94.2918021,27.597298],[94.2898499,27.5961577],[94.2891657,27.5943322],[94.2890831,27.5936898],[94.2890759,27.593634],[94.2889861,27.5928283],[94.2889569,27.5917005],[94.2889277,27.5904921],[94.2882961,27.5892564],[94.2868807,27.5887719],[94.2862783,27.5887178],[94.285766,27.5887712],[94.2854648,27.5889052],[94.2852013,27.5891106],[94.2843276,27.589792],[94.2833935,27.5900598],[94.282761,27.5899519],[94.281354,27.5896339],[94.2798997,27.5893052],[94.2792973,27.5891972],[94.2776404,27.5893301],[94.2773993,27.5894374],[94.2765269,27.5902902],[94.2764932,27.5903231],[94.2755276,27.5920678],[94.2743413,27.5943782],[94.2742953,27.5944294],[94.2738085,27.5949713],[94.2735967,27.5958573],[94.273836,27.5970072],[94.2739861,27.5975981],[94.2743772,27.5982697],[94.2745273,27.59878],[94.2746773,27.5994515],[94.2746468,27.5998274],[94.2744053,27.600418],[94.2738323,27.6010351],[94.2732895,27.6015716],[94.2724747,27.6029404],[94.2711479,27.6041208],[94.270545,27.6044962],[94.2701834,27.6045496],[94.2693097,27.6045488],[94.2684616,27.604344],[94.2672257,27.6048531],[94.2660499,27.6058187],[94.2642108,27.6068911],[94.2622814,27.6080708],[94.261407,27.6087413],[94.2607736,27.6093315],[94.2597488,27.6097064],[94.2587542,27.6099741],[94.2578502,27.6100806],[94.2573379,27.6101606],[94.2567653,27.6103212],[94.2564035,27.6105088],[94.2563128,27.6107431],[94.2559768,27.6115102],[94.2555901,27.6122686],[94.2550686,27.6129717],[94.2546243,27.613431],[94.2544998,27.6135597],[94.254258,27.6142308],[94.254167,27.6147677],[94.2542568,27.6152781],[94.2546782,27.6157887],[94.2554108,27.615935],[94.2564023,27.6165021],[94.2583022,27.6172459],[94.2586812,27.6173785],[94.2591332,27.6174326],[94.2605817,27.617862],[94.2609431,27.618104],[94.261244,27.6184803],[94.2615147,27.6189638],[94.2615141,27.6194741],[94.2611808,27.6200424],[94.2608788,27.6206329],[94.2606864,27.6210129],[94.260607,27.6211697],[94.2605762,27.6218678],[94.2611179,27.6225665],[94.2615393,27.6230234],[94.2620811,27.623534],[94.262623,27.6240179],[94.2631049,27.62426],[94.2636473,27.6242874],[94.2639788,27.6242608],[94.264461,27.6241271],[94.265094,27.6239934],[94.2655759,27.6242086],[94.2659069,27.6247191],[94.2666289,27.625955],[94.2671096,27.6273517],[94.26753,27.6288558],[94.2674081,27.629487],[94.266413,27.6301037],[94.2654782,27.6307742],[94.2639702,27.6319006],[94.2628535,27.6334838],[94.2623099,27.6345843],[94.2620378,27.6354164],[94.2617058,27.6358726],[94.2613742,27.6359528],[94.2605607,27.6358178],[94.2599281,27.6355218],[94.2582708,27.6352785],[94.2563119,27.6353841],[94.2544129,27.6356507],[94.2535989,27.6359453],[94.2530879,27.636202],[94.2529054,27.6362937],[94.2514573,27.6376348],[94.2512766,27.6374467],[94.2507048,27.6368285],[94.249832,27.6357536],[94.2492301,27.6350011],[94.248467,27.6340025],[94.2470822,27.6339303],[94.246305,27.6338898],[94.2453525,27.6336612],[94.244374,27.6332262],[94.2440864,27.6330517],[94.2432408,27.6325389],[94.2423913,27.6323103],[94.2408842,27.632356],[94.2395976,27.6325177],[94.2383109,27.6327481],[94.2375645,27.6326799],[94.2370495,27.6323591],[94.2358706,27.6311279],[94.2349447,27.6299953],[94.2346337,27.6296148],[94.2340925,27.6287436],[94.2334473,27.6270008],[94.2331392,27.6261596],[94.2322625,27.6244169],[94.2308962,27.6218946],[94.2301488,27.6207482],[94.2285539,27.6183913],[94.2271369,27.616672],[94.2265487,27.6160184],[94.2250034,27.6145285],[94.2239728,27.6130611],[94.2227877,27.6114103],[94.2223796,27.6110124],[94.2207319,27.6099813],[94.2193932,27.6091334],[94.2184402,27.6080101],[94.2173588,27.6072538],[94.2164441,27.6070939],[94.2153892,27.6071634],[94.2144631,27.6074163],[94.2127909,27.6077615],[94.2110415,27.6080838],[94.2104417,27.6084243],[94.2095869,27.6089096],[94.2095859,27.6089102],[94.2094843,27.608716],[94.2092006,27.6077759],[94.2091745,27.6072256],[94.2093536,27.6060331],[94.2095073,27.6050833],[94.2099181,27.6039136],[94.2103802,27.602675],[94.2109456,27.601849],[94.2122431,27.600866],[94.2133746,27.6002002],[94.2147638,27.5998553],[94.2164356,27.599258],[94.2186734,27.5985227],[94.2197023,27.5982926],[94.2211173,27.5982229],[94.2225582,27.5983136],[94.2239476,27.5984502],[94.2249769,27.5985412],[94.225723,27.5984948],[94.2263074,27.5981541],[94.2266414,27.5977411],[94.2268982,27.5971447],[94.2270259,27.5961815],[94.2268453,27.5956083],[94.2264331,27.5949895],[94.2258148,27.5942332],[94.2248877,27.593156],[94.2244239,27.5924456],[94.2238085,27.5913776],[94.2235118,27.5907265],[94.223422,27.5905293],[94.2231898,27.5898645],[94.2229575,27.5889245],[94.2228311,27.5881997],[94.223036,27.5871217],[94.2236005,27.5854015],[94.2237539,27.5844611],[94.2237013,27.5831836],[94.223828,27.5809362],[94.2238601,27.5794508],[94.2239249,27.5764573],[94.2243867,27.5751041],[94.2249517,27.5740946],[94.226237,27.5731535],[94.2284996,27.572051],[94.230402,27.5710177],[94.23121,27.5706339],[94.2332155,27.569761],[94.2348096,27.5691634],[94.2357869,27.5689563],[94.2365072,27.5690704],[94.2374591,27.5693219],[94.2381539,27.5695965],[94.2389774,27.5698939],[94.2399736,27.5700301],[94.2412855,27.5700979],[94.2467156,27.5694665],[94.2476134,27.5689075],[94.2485417,27.5677886],[94.2494104,27.5665098],[94.2502497,27.5648043],[94.2510287,27.5634453],[94.2532147,27.5607013],[94.2551904,27.5588104],[94.2575286,27.5568524],[94.2586997,27.5554581],[94.259193,27.5541712],[94.2595123,27.5523892],[94.2594502,27.5510735],[94.2594047,27.5490506],[94.2588364,27.5463061],[94.2582666,27.5450183],[94.2570278,27.5425479],[94.2568678,27.5417122],[94.2567964,27.5400828],[94.2574945,27.5370304],[94.2581544,27.5349248],[94.2600714,27.5315139],[94.2626279,27.528168],[94.2650526,27.5248908],[94.2681792,27.5209369],[94.2681534,27.5208122],[94.2599477,27.5184872],[94.2534634,27.5165879],[94.246716,27.5145595],[94.2446442,27.5140971],[94.2442864,27.5139682],[94.2424843,27.5133192],[94.241353,27.513022],[94.240453,27.5125642],[94.2384084,27.511524],[94.2377426,27.5112472],[94.2359839,27.5105996],[94.2333614,27.5097073],[94.2319472,27.5091811],[94.2293322,27.5080212],[94.2268898,27.5071975],[94.2246016,27.5063507],[94.2224684,27.5056453],[94.2215687,27.5055084],[94.2208232,27.5052795],[94.2187311,27.5042608],[94.2183945,27.5040969],[94.2160289,27.5027455],[94.2148458,27.5016455],[94.2139954,27.5007999],[94.2136867,27.5003388],[94.2134977,27.499683],[94.2130801,27.4981131],[94.2120433,27.4956996],[94.2109444,27.4939951],[94.210092,27.4930334],[94.2090508,27.4925276],[94.2075938,27.4926128],[94.20731,27.4926805],[94.2069293,27.4928461],[94.2049007,27.4937286],[94.2035384,27.4941853],[94.2030532,27.4943122],[94.2024619,27.494467],[94.201987,27.4945913],[94.2011132,27.4947784],[94.2006435,27.494879],[94.200014,27.4947484],[94.1989401,27.4945255],[94.1975011,27.4933276],[94.1963654,27.4929399],[94.1947754,27.4934471],[94.1938295,27.4938866],[94.1922964,27.493499],[94.1916149,27.4930942],[94.1902232,27.4923621],[94.1893873,27.4923923],[94.189277,27.4923963],[94.1875167,27.4916374],[94.1871756,27.4908846],[94.1850164,27.4873234],[94.1842024,27.4866484],[94.181841,27.4858737],[94.1806297,27.4853846],[94.1784996,27.484293],[94.1777053,27.4836523],[94.1772547,27.4831954],[94.1762253,27.4821517],[94.1741434,27.4812407],[94.1716836,27.4811066],[94.1691291,27.4812256],[94.1679708,27.4805303],[94.1671948,27.4797371],[94.1659644,27.4783531],[94.1645447,27.4767835],[94.1624185,27.4761391],[94.1592396,27.4753634],[94.1566661,27.4748575],[94.1570821,27.4738782],[94.1577626,27.4717002],[94.1577054,27.4700795],[94.1577808,27.4694886],[94.1585564,27.4688908],[94.1582153,27.4672195],[94.1586313,27.4666453],[94.159595,27.4627959],[94.1594243,27.4616176],[94.1582134,27.4609763],[94.156179,27.4598558],[94.1550815,27.4590963],[94.1553836,27.456969],[94.1524511,27.4557879],[94.1500671,27.4542858],[94.1487426,27.4527328],[94.1476824,27.4520003],[94.1454688,27.4504137],[94.1445038,27.4495359],[94.1427156,27.447777],[94.1419021,27.4470005],[94.140086,27.445667],[94.1390877,27.4452721],[94.1380808,27.4448737],[94.1361005,27.4437045],[94.1345941,27.4428447],[94.1330263,27.4419669],[94.1314564,27.4409203],[94.130851,27.440093],[94.1302756,27.4390929],[94.1301322,27.4388437],[94.1297917,27.4380334],[94.1290918,27.4366997],[94.1285244,27.4357206],[94.1276921,27.4345894],[94.1266518,27.4340155],[94.1246847,27.4330869],[94.1224884,27.4323268],[94.1223211,27.4322689],[94.1178577,27.4296857],[94.1166063,27.4285168],[94.1159598,27.4279129],[94.1152412,27.42717],[94.1124425,27.4238102],[94.1120454,27.4232361],[94.1106363,27.4211831],[94.1091992,27.4196635],[94.1080459,27.4178906],[94.1072329,27.4168101],[94.1060131,27.4151892],[94.1049354,27.4139734],[94.1036307,27.4129772],[94.1021369,27.4123523],[94.0999806,27.4118042],[94.0999435,27.4117948],[94.0979959,27.4111867],[94.0947968,27.409751],[94.0923577,27.40867],[94.0907507,27.4077917],[94.0895975,27.4070485],[94.0888565,27.4062076],[94.0882139,27.4052789],[94.0859706,27.4023835],[94.0846916,27.4008492],[94.0839046,27.3999866],[94.0806095,27.3958764],[94.0800426,27.3950152],[94.0788332,27.3934953],[94.0782852,27.3925835],[94.0770002,27.3911649],[94.0757524,27.3896771],[94.0752991,27.3887822],[94.0750728,27.3874146],[94.0748086,27.3862631],[94.0745444,27.3851319],[94.0741856,27.3842876],[94.0737323,27.3832407],[94.07309,27.3822443],[94.0723405,27.381096],[94.0718871,27.3802517],[94.0714905,27.3794581],[94.071302,27.3783945],[94.071,27.3774151],[94.0705091,27.3761993],[94.0700181,27.3751187],[94.0694137,27.3741899],[94.069206,27.3734639],[94.0681105,27.3716367],[94.0666556,27.3704711],[94.064974,27.3689678],[94.0642611,27.3683155],[94.062722,27.3669072],[94.0611728,27.3656403],[94.0608516,27.3653025],[94.0611355,27.3646611],[94.0612688,27.3642766],[94.0614574,27.3637327],[94.0611931,27.3631923],[94.0598142,27.3615371],[94.0592284,27.3613343],[94.0579552,27.3612493],[94.0570291,27.3611813],[94.0557818,27.3608768],[94.0540432,27.3603356],[94.0531843,27.3598277],[94.0528718,27.3596429],[94.0517004,27.3588994],[94.0513523,27.3586624],[94.0500203,27.3577568],[94.0476755,27.3563344],[94.0451253,27.3544084],[94.0422749,27.3526861],[94.0422727,27.3526847],[94.0410641,27.3518531],[94.0405537,27.3515019],[94.039571,27.351265],[94.0386639,27.3512306],[94.0375113,27.3508922],[94.0367926,27.350642],[94.0350738,27.3492396],[94.0340538,27.348496],[94.0335625,27.3483944],[94.032901,27.3485122],[94.032504,27.3485964],[94.0320315,27.3486467],[94.0313322,27.3486125],[94.0309166,27.3483927],[94.0303879,27.3479534],[94.0301615,27.3473961],[94.0299921,27.3467207],[94.0300714,27.3464592],[94.0301815,27.3460962],[94.0302575,27.3456572],[94.0298229,27.3455557],[94.0298052,27.3455706],[94.0295015,27.3458255],[94.0291421,27.3461799],[94.0287827,27.346551],[94.0283099,27.3468884],[94.0278374,27.3468373],[94.0276108,27.3466852],[94.0274221,27.3463812],[94.0272715,27.3457565],[94.0273224,27.3455148],[94.0273853,27.3452163],[94.0270832,27.3449459],[94.0264596,27.3448104],[94.0257978,27.3448388],[94.0256876,27.3449666],[94.0252303,27.3454969],[94.0243794,27.3460029],[94.0234724,27.3457996],[94.0227352,27.3460017],[94.0218851,27.3455958],[94.0216023,27.3448357],[94.0202427,27.343771],[94.0166728,27.341742],[94.0141799,27.3400684],[94.0115736,27.338496],[94.0091371,27.3372276],[94.0067573,27.3360605],[94.0027911,27.3339802],[93.9989948,27.3322039],[93.9966719,27.3310873],[93.9951109,27.3300261],[93.9927302,27.3292524],[93.9921254,27.3289442],[93.9912547,27.3283465],[93.9899177,27.3270324],[93.9880915,27.3252103],[93.9864975,27.3234282],[93.9858816,27.3226712],[93.9854385,27.3221265],[93.984274,27.32104],[93.9827102,27.3194051],[93.9809708,27.3176601],[93.9803334,27.316895],[93.9784847,27.3150369],[93.9765984,27.3131671],[93.9750456,27.3115378],[93.9726929,27.309115],[93.9705984,27.3070334],[93.9664554,27.3030152],[93.9630873,27.300062],[93.9614143,27.2985013],[93.9606838,27.2979087],[93.9581799,27.2958761],[93.9569386,27.2948218],[93.9552657,27.293261],[93.9546313,27.2925743],[93.9514701,27.2892193],[93.9497504,27.2873135],[93.9480342,27.2852419],[93.9471594,27.2841661],[93.9447124,27.2811935],[93.9434389,27.2797481],[93.9425036,27.2787501],[93.9396143,27.2757776],[93.9379849,27.2740046],[93.9366925,27.2727672],[93.9353437,27.2712253],[93.9347934,27.2706375],[93.9340198,27.2698816],[93.9317436,27.2678149],[93.9301902,27.2663502],[93.9290492,27.2650433],[93.9282424,27.2642222],[93.9263449,27.2625069],[93.9246316,27.2611639],[93.9213651,27.2585644],[93.9201942,27.257542],[93.9156691,27.2539653],[93.9130327,27.2518883],[93.9111249,27.2502706],[93.9098428,27.2490927],[93.9066167,27.2446929],[93.9057769,27.2435344],[93.9040904,27.2424022],[93.8999903,27.2395241],[93.8994798,27.2391426],[93.8994047,27.2390865],[93.8987987,27.2382428],[93.895158,27.2334693],[93.8914571,27.228664],[93.8880391,27.2244498],[93.8840106,27.2195903],[93.8811687,27.2164407],[93.8794172,27.2146404],[93.8776911,27.2130115],[93.8745063,27.2094331],[93.8720484,27.2067212],[93.869838,27.2041355],[93.8675268,27.2015136],[93.8662602,27.1999162],[93.8656749,27.1988693],[93.8651703,27.1977276],[93.8642267,27.1961527],[93.8635456,27.1956879],[93.8612042,27.1942933],[93.8598721,27.1934765],[93.8569155,27.1905115],[93.8554826,27.1891124],[93.8536461,27.1872485],[93.8496455,27.1831731],[93.8474814,27.1809751],[93.8439403,27.177369],[93.8402027,27.1737041],[93.8387097,27.1723364],[93.8381245,27.1719257],[93.8372771,27.171578],[93.8359352,27.1712482],[93.831516,27.1701143],[93.8253463,27.1684787],[93.8221947,27.1649579],[93.8191947,27.1614641],[93.8165022,27.1585841],[93.8131895,27.155469],[93.8104417,27.1529815],[93.808657,27.1512343],[93.8074412,27.1501044],[93.8073904,27.1500571],[93.805995,27.1487602],[93.8053448,27.148065],[93.805345,27.1477717],[93.8053459,27.146278],[93.8053481,27.1427152],[93.8053485,27.1420274],[93.8052887,27.1409398],[93.8053554,27.1390491],[93.8053918,27.1371268],[93.8046229,27.1371657],[93.8019469,27.1373011],[93.7974629,27.137416],[93.7959698,27.1376453],[93.7947705,27.1360472],[93.7943827,27.1352889],[93.794474,27.1345219],[93.7950245,27.133561],[93.7955798,27.1327762],[93.7959382,27.1323386],[93.7960647,27.1317882],[93.7961309,27.1308541],[93.796197,27.130069],[93.7962932,27.1294869],[93.7965859,27.1291396],[93.796914,27.1289367],[93.7975293,27.1288198],[93.7983765,27.128906],[93.7989917,27.1290823],[93.7995765,27.1295474],[93.800811,27.1311184],[93.8015013,27.1320799],[93.8023131,27.1325181],[93.8031905,27.1327802],[93.8036445,27.1327218],[93.8041692,27.1324017],[93.8058241,27.1312383],[93.8063742,27.1308053],[93.8070249,27.1306612],[93.8076755,27.1306616],[93.8086185,27.1308335],[93.80998,27.1312132],[93.811377,27.1313311],[93.8121235,27.1311284],[93.8124514,27.1309255],[93.8128703,27.1304022],[93.8130018,27.1297885],[93.8129365,27.1292966],[93.8118983,27.1279154],[93.8108298,27.1267778],[93.8094994,27.1249766],[93.8092377,27.1241598],[93.8092732,27.1237222],[93.8094348,27.1233432],[93.8100201,27.12282],[93.8109937,27.1222383],[93.8110354,27.1222165],[93.81171,27.1218641],[93.8128147,27.1215713],[93.8140453,27.121283],[93.8149581,27.1213691],[93.8169497,27.1220829],[93.8188002,27.1227199],[93.8199399,27.1227519],[93.8207521,27.1223733],[93.8214634,27.1217056],[93.8221499,27.1204559],[93.8232553,27.1180693],[93.8237348,27.1174151],[93.8247436,27.1168605],[93.8250664,27.1164228],[93.8251979,27.1158137],[93.825264,27.1145909],[93.8256173,27.1136614],[93.8260766,27.1128764],[93.8265962,27.1120598],[93.8265965,27.1116266],[93.8265314,27.1104624],[93.8262597,27.1092818],[93.8262395,27.1091943],[93.8256206,27.1062248],[93.8256593,27.1055695],[93.825561,27.1040273],[93.8255612,27.103594],[93.8256411,27.1034801],[93.8261111,27.1028091],[93.8265351,27.1018164],[93.8267623,27.1009185],[93.8266316,27.1001604],[93.8264052,27.0991134],[93.826441,27.0978725],[93.8266683,27.0969701],[93.8270568,27.096185],[93.8276722,27.0954],[93.8288423,27.094498],[93.82972,27.0934513],[93.8306583,27.091958],[93.8314049,27.0909113],[93.8314051,27.0905594],[93.8314059,27.0882315],[93.8314063,27.0873812],[93.8314063,27.0872742],[93.8315023,27.0867779],[93.8332267,27.0860203],[93.8339781,27.0856325],[93.8347243,27.0854296],[93.8352738,27.0854297],[93.8372551,27.0854303],[93.8377744,27.0853718],[93.8375174,27.0850784],[93.8350174,27.0835931],[93.8346985,27.0833789],[93.833848,27.0828076],[93.8333593,27.0821982],[93.8331982,27.0815575],[93.8331984,27.0810069],[93.8334608,27.0802488],[93.8345954,27.0792023],[93.8354073,27.0785618],[93.835604,27.0781963],[93.8357309,27.075579],[93.8356709,27.0742975],[93.8353433,27.0738326],[93.8347286,27.0732504],[93.8331413,27.0715532],[93.831131,27.0691384],[93.8298007,27.0679738],[93.8294576,27.0689393],[93.8290153,27.0688944],[93.8289642,27.0688892],[93.8286107,27.0688533],[93.8292266,27.0668138],[93.8274122,27.0659423],[93.8272157,27.066028],[93.8269013,27.0662987],[93.8254609,27.0675391],[93.8249114,27.0677149],[93.8248997,27.0677152],[93.822492,27.0677626],[93.8219878,27.0677725],[93.8217611,27.0675964],[93.8216357,27.0661434],[93.8215696,27.0655831],[93.8215584,27.0654883],[93.8215052,27.0650377],[93.8214398,27.0646316],[93.8212131,27.0643968],[93.8203666,27.0638144],[93.8199483,27.0636699],[93.8196206,27.0638457],[93.8195791,27.063942],[93.8194591,27.0642202],[93.8191466,27.064369],[93.8189197,27.0643689],[93.8186275,27.0640484],[93.8181741,27.0635835],[93.8172975,27.0627979],[93.8163904,27.0623598],[93.8163293,27.0623242],[93.8152869,27.0617186],[93.8149947,27.0614567],[93.814213,27.0623589],[93.8131789,27.0638025],[93.8109693,27.0671768],[93.810874,27.0672999],[93.8107423,27.06747],[93.8103543,27.0672939],[93.8085354,27.0660431],[93.8084094,27.0659256],[93.8085709,27.0656324],[93.8098273,27.0633587],[93.8104517,27.0622667],[93.810504,27.0621752],[93.8107404,27.0617617],[93.8113565,27.0599254],[93.8114223,27.0593162],[93.8113923,27.0589371],[93.8111635,27.0587945],[93.8111605,27.0587927],[93.8109035,27.0587655],[93.8104699,27.0589323],[93.8096883,27.059514],[93.8092648,27.0598071],[93.8090733,27.0597754],[93.8081964,27.0595449],[93.8074808,27.0594272],[93.8066389,27.0595126],[93.8064423,27.0596298],[93.8063113,27.0596297],[93.8060191,27.0594265],[93.8059903,27.0594036],[93.8048856,27.0585235],[93.803782,27.0581439],[93.8033586,27.0580579],[93.8028747,27.0581434],[93.8024814,27.0584366],[93.8022334,27.0587715],[93.8017701,27.0593974],[93.8011544,27.0607237],[93.8006342,27.0623208],[93.8002458,27.062817],[93.7994641,27.0634574],[93.7979985,27.0644038],[93.7971948,27.0649227],[93.7968417,27.06527],[93.7965487,27.0663213],[93.7962551,27.0681556],[93.796088,27.0691999],[93.7954408,27.0720199],[93.7952741,27.0724575],[93.7950825,27.0726018],[93.7949213,27.0726018],[93.7940089,27.0723982],[93.7937822,27.0723394],[93.7937522,27.0720505],[93.7938184,27.0709721],[93.7936881,27.0699522],[93.7933358,27.0691216],[93.7930442,27.0682777],[93.7948302,27.0658916],[93.7957736,27.0646873],[93.7967772,27.0639297],[93.7978512,27.0632309],[93.7984363,27.0627393],[93.7987894,27.062392],[93.7990519,27.0617198],[93.7997034,27.0598611],[93.7996682,27.059685],[93.7995069,27.0596849],[93.799023,27.0597117],[93.7986651,27.0597115],[93.7986955,27.0595401],[93.7993462,27.0587237],[93.79977,27.058232],[93.800128,27.0580247],[93.8002238,27.0578532],[93.7999618,27.05765],[93.7998302,27.0576024],[93.7997854,27.0575861],[93.7991506,27.0573563],[93.7963586,27.0569487],[93.7954867,27.0568895],[93.7952245,27.0570067],[93.7949672,27.0574442],[93.7949666,27.0582565],[93.7953532,27.0604949],[93.7953524,27.0616907],[93.7950244,27.0620696],[93.7947976,27.0620379],[93.7944096,27.0619203],[93.794052,27.0615997],[93.7939868,27.0611124],[93.7938918,27.060097],[93.7938923,27.0593118],[93.7941202,27.0578544],[93.7942516,27.0573626],[93.7939898,27.0568977],[93.793602,27.0564732],[93.7934714,27.0559768],[93.7938653,27.0547],[93.7938302,27.054524],[93.7928579,27.0538826],[93.7909434,27.052979],[93.7907606,27.052861],[93.7901323,27.0524551],[93.7898348,27.0518195],[93.7897097,27.0515523],[93.7897103,27.0507987],[93.789418,27.0505955],[93.7880573,27.0506804],[93.7863334,27.050914],[93.7848616,27.0512199],[93.7837929,27.0514539],[93.7834651,27.0516567],[93.7833692,27.0518598],[93.7832732,27.0522117],[93.7831104,27.0540707],[93.7834198,27.0571463],[93.7834954,27.0578976],[93.7834646,27.058597],[93.7831329,27.0636012],[93.7830365,27.0643547],[93.7826784,27.0647335],[93.7814429,27.0654908],[93.7811858,27.0655177],[93.781085,27.0653732],[93.7811207,27.0648859],[93.7811483,27.0642382],[93.7811875,27.0633156],[93.7811245,27.0602966],[93.7810904,27.0588166],[93.7810302,27.0585548],[93.7798668,27.0582707],[93.7795698,27.0570106],[93.7792432,27.0558461],[93.7790884,27.0541176],[93.7791209,27.0514102],[93.779122,27.0501873],[93.7791226,27.0494608],[93.7789616,27.0491719],[93.7786341,27.0490273],[93.778559,27.049008],[93.7784861,27.0489893],[93.7782813,27.0489367],[93.7777924,27.0490267],[93.7767837,27.0500142],[93.7767427,27.0501018],[93.7765262,27.0505646],[93.7764295,27.0516114],[93.7762672,27.0527304],[93.7760395,27.0537455],[93.7754846,27.0543273],[93.7738957,27.0556934],[93.7733103,27.0565369],[93.7730645,27.0570903],[93.7729215,27.057412],[93.7721729,27.0602318],[93.7718792,27.0617749],[93.7717126,27.0621222],[93.771521,27.0622078],[93.7712287,27.0621805],[93.7708709,27.0620358],[93.7707402,27.0616838],[93.7709377,27.0607814],[93.7711002,27.0593601],[93.7712629,27.057844],[93.7713949,27.056752],[93.7715923,27.0558497],[93.7718502,27.0549204],[93.7718509,27.0540765],[93.77169,27.053756],[93.7683506,27.0514567],[93.7678619,27.0512802],[93.7677963,27.0514562],[93.7679535,27.0528275],[93.7679562,27.0528507],[93.7681215,27.053839],[93.7681213,27.0542182],[93.76799,27.0544527],[93.7678286,27.0545653],[93.7677278,27.0545382],[93.7674709,27.054335],[93.7668871,27.0535178],[93.7667264,27.0529084],[93.7668536,27.0515999],[93.7668897,27.051192],[93.7669606,27.0503907],[93.7671545,27.0479179],[93.7671833,27.0472013],[93.7673197,27.0438026],[93.7673548,27.0433289],[93.7675851,27.0402244],[93.7675856,27.0397009],[93.7674246,27.0394391],[93.7648609,27.0380698],[93.7614205,27.0365825],[93.7585897,27.035434],[93.7562222,27.0345024],[93.7536778,27.0334111],[93.7528173,27.033042],[93.7501885,27.0316138],[93.7479526,27.0303347],[93.7467542,27.0295755],[93.7449581,27.0285483],[93.7435301,27.0276921],[93.7426944,27.0273811],[93.7416846,27.0271253],[93.7414835,27.0270743],[93.7413238,27.0270593],[93.7403348,27.0269662],[93.7359147,27.0264385],[93.7340698,27.0262061],[93.7329818,27.0259436],[93.7313974,27.0252745],[93.7280029,27.0232563],[93.7263663,27.0224624],[93.7233802,27.0208142],[93.7185484,27.017221],[93.7179812,27.0167487],[93.7162847,27.0153363],[93.714996,27.0141835],[93.7137299,27.0128359],[93.7120055,27.0106858],[93.7108227,27.0095402],[93.7096736,27.0088083],[93.7089074,27.0081072],[93.7043129,27.0030699],[93.7037436,27.0024176],[93.7024497,27.0009352],[93.7023016,27.0004304],[93.7022208,27.0001912],[93.7018728,26.9996093],[93.7017085,26.9993385],[93.7012626,26.9986034],[93.7001986,26.996984],[93.6989937,26.9955902],[93.6977834,26.9942031],[93.6977737,26.994192],[93.6977631,26.9941814],[93.6962414,26.9926675],[93.6955156,26.9919909],[93.6948602,26.9911745],[93.6944214,26.990191],[93.6940129,26.989388],[93.6936701,26.9889955],[93.6927127,26.9882154],[93.6906118,26.9865074],[93.6878194,26.9842285],[93.684932,26.9819916],[93.6829215,26.9803679],[93.6806441,26.9786541],[93.6787949,26.9771747],[93.6769004,26.9755553],[93.675671,26.9745856],[93.6740741,26.9735934],[93.6721396,26.972493],[93.6707693,26.9714872],[93.6690263,26.970513],[93.6672884,26.9694621],[93.6660594,26.9688939],[93.665057,26.9685062],[93.6623826,26.9677127],[93.660121,26.9669551],[93.6574365,26.966315],[93.6550343,26.9660538],[93.6513427,26.9655446],[93.647072,26.9649994],[93.6447051,26.9646929],[93.6406207,26.9642918],[93.6375991,26.9640304],[93.6347135,26.9637463],[93.6328501,26.9636156],[93.6310019,26.9634758],[93.6282775,26.9632277],[93.6274566,26.9631555],[93.6269177,26.962966],[93.6265047,26.9627539],[93.6257947,26.9623387],[93.6249688,26.9621493],[93.6225012,26.9617116],[93.6186287,26.9609894],[93.6159344,26.960529],[93.6147259,26.9603032],[93.6121426,26.9594367],[93.6114931,26.9591298],[93.6097708,26.9585024],[93.6081997,26.9580374],[93.6063518,26.9574099],[93.6044988,26.9567237],[93.6017041,26.9557757],[93.6002036,26.9552565],[93.5979982,26.9544754],[93.5958683,26.9535634],[93.5938997,26.9527553],[93.5913217,26.951974],[93.5904828,26.951635],[93.5899472,26.9514186],[93.5880893,26.9508631],[93.5866695,26.9504701],[93.5857581,26.9503977],[93.5834971,26.9505279],[93.5815786,26.9507169],[93.5800829,26.9509646],[93.5786075,26.951095],[93.5772882,26.9512705],[93.5768047,26.9513652],[93.5755609,26.9514595],[93.574282,26.9514726],[93.5731993,26.9515083],[93.5726605,26.9515803],[93.5716231,26.9518146],[93.5704347,26.9518277],[93.5680579,26.9518132],[93.5668646,26.9517676],[93.5655049,26.9518032],[93.5631028,26.9520955],[93.5619193,26.9524875],[93.5610582,26.9526767],[93.5603582,26.952726],[93.5596633,26.9527121],[93.5589988,26.952405],[93.5581682,26.9518856],[93.5572923,26.9513979],[93.5567134,26.951172],[93.5560135,26.9511265],[93.555364,26.9511126],[93.5544526,26.95104],[93.5512403,26.9506277],[93.5498809,26.950257],[93.549151,26.9500083],[93.5484209,26.9500215],[93.5476402,26.9502693],[93.5468342,26.9506615],[93.5457413,26.9511076],[93.5449355,26.951229],[93.5441502,26.9510255],[93.543516,26.9506686],[93.542449,26.9497835],[93.5417495,26.9493183],[93.5410095,26.9489749],[93.53963,26.9488207],[93.5385322,26.9488561],[93.536357,26.9487826],[93.5353853,26.9486646],[93.5345228,26.9486527],[93.5333259,26.9486362],[93.5306269,26.948648],[93.5301401,26.9486507],[93.5300818,26.948651],[93.5284315,26.9486601],[93.5269561,26.9486681],[93.5255967,26.9485859],[93.524771,26.9485267],[93.5239655,26.9483501],[93.5211161,26.9476982],[93.5199331,26.9473409],[93.518866,26.9469475],[93.5173207,26.9463688],[93.5163845,26.9460701],[93.5153878,26.9457851],[93.5110383,26.9448205],[93.5096448,26.9445437],[93.507278,26.943942],[93.5057479,26.9433947],[93.5047362,26.9430057],[93.5038101,26.942635],[93.5024715,26.94202],[93.5007402,26.9412965],[93.4968115,26.939597],[93.4902142,26.9366702],[93.4891022,26.9361768],[93.4886064,26.9362267],[93.4885194,26.9362354],[93.4882607,26.936526],[93.4879429,26.9376069],[93.4876799,26.9385011],[93.486453,26.9419869],[93.486259,26.9422774],[93.4859352,26.9422776],[93.4768003,26.9397466],[93.4767375,26.9397292],[93.476718,26.9397252],[93.4753126,26.9394398],[93.4747297,26.9393241],[93.4741466,26.9390341],[93.4736283,26.9386279],[93.4720428,26.9370377],[93.472008,26.9370028],[93.471425,26.9367709],[93.4706478,26.9365972],[93.4694824,26.9368303],[93.4668281,26.9375871],[93.4654752,26.9380902],[93.4649508,26.9382853],[93.4644974,26.9382274],[93.4630081,26.9378221],[93.4624901,26.9378804],[93.4600307,26.9395662],[93.4579597,26.9410775],[93.4571184,26.9419492],[93.4564069,26.9430531],[93.4545951,26.9449126],[93.45123,26.9482831],[93.4497404,26.9497827],[93.4492239,26.9506073],[93.4487706,26.9507818],[93.4481286,26.9508589],[93.4477993,26.9508985],[93.4463746,26.9509573],[93.4445614,26.9511905],[93.4424243,26.9513077],[93.4401579,26.9517153],[93.4378934,26.9520047],[93.4314175,26.9528786],[93.4277263,26.9533447],[93.4225454,26.9538693],[93.4173646,26.954626],[93.4148388,26.954801],[93.4128313,26.95515],[93.4076504,26.9559063],[93.4071392,26.9559981],[93.4063552,26.9561389],[93.4009374,26.9567884],[93.39997,26.9569867],[93.3965739,26.9574744],[93.3912762,26.9579602],[93.3896278,26.9581957],[93.3895816,26.9582023],[93.3876855,26.9584732],[93.3848515,26.9587535],[93.383038,26.9589279],[93.3804922,26.9592205],[93.3795157,26.9592283],[93.3739059,26.959509],[93.3691779,26.9594508],[93.3611478,26.9596236],[93.3593234,26.9596702],[93.3543473,26.9597971],[93.3508499,26.9597384],[93.3461219,26.9597957],[93.3408932,26.9598722],[93.3371202,26.9597347],[93.3333637,26.9598499],[93.3291538,26.9600228],[93.3241019,26.9600792],[93.3227156,26.9600098],[93.3206694,26.9597875],[93.3158771,26.9589725],[93.3096568,26.957981],[93.3064836,26.957573],[93.3046329,26.95731],[93.2987191,26.9564695],[93.2977735,26.9563408],[93.2936612,26.9559981],[93.2900992,26.9557056],[93.2825245,26.9551196],[93.2759837,26.9546506],[93.271904,26.9542411],[93.2675003,26.9538894],[93.2624168,26.9535476],[93.26166,26.9535276],[93.2566862,26.9525449],[93.2548774,26.9523109],[93.2533881,26.9521354],[93.2468242,26.9512459],[93.2444385,26.950597],[93.2444328,26.9505955],[93.2420707,26.9501778],[93.2396988,26.9498414],[93.237362,26.9494642],[93.2346123,26.948988],[93.2335243,26.9487813],[93.23153,26.9483902],[93.2303768,26.9481654],[93.2255728,26.9474149],[93.2235026,26.9471281],[93.2222739,26.9469259],[93.2201436,26.9465257],[93.2196199,26.9464403],[93.2168551,26.9459999],[93.2141156,26.9455504],[93.2110337,26.9449793],[93.210228,26.944876],[93.2081179,26.9444485],[93.2071108,26.9442054],[93.2043965,26.9438054],[93.2029463,26.9435896],[93.2009521,26.9432162],[93.1968077,26.9422797],[93.19505,26.9417255],[93.1928735,26.9411224],[93.1918926,26.9409104],[93.1912229,26.9407527],[93.1904977,26.9405093],[93.1881561,26.939811],[93.1857188,26.9391622],[93.183201,26.9385045],[93.1803659,26.9375219],[93.1790667,26.9371975],[93.1783317,26.9370714],[93.1755673,26.9365986],[93.1725563,26.935995],[93.1695806,26.9355538],[93.1665847,26.9350357],[93.1636543,26.9345402],[93.1606987,26.9339589],[93.1575468,26.9334001],[93.1542339,26.9328187],[93.1506841,26.9322366],[93.1505233,26.9322103],[93.1468479,26.9316243],[93.1457302,26.9313627],[93.1430366,26.9308035],[93.1417628,26.9305554],[93.1394067,26.9301676],[93.136693,26.9299107],[93.1336018,26.9294687],[93.1327711,26.9293289],[93.1298863,26.9288913],[93.1292318,26.9288462],[93.1264427,26.928404],[93.1247865,26.928219],[93.1229035,26.9279618],[93.1198125,26.9273887],[93.1167214,26.9270004],[93.1148385,26.9267746],[93.1131018,26.9264451],[93.1110025,26.9261742],[93.1096533,26.9260251],[93.1083545,26.9258896],[93.1073728,26.9257586],[93.1069449,26.9256593],[93.1062301,26.9253027],[93.1036528,26.9238719],[93.1020672,26.9229104],[93.0997618,26.9215337],[93.0986343,26.9209063],[93.0974415,26.9201479],[93.095876,26.9192676],[93.0953224,26.9189336],[93.0936917,26.9178457],[93.0920107,26.9167352],[93.0904102,26.9156925],[93.0891117,26.9148483],[93.0882259,26.9143923],[93.0861468,26.9150443],[93.0841581,26.9157179],[93.0824615,26.9161822],[93.0813741,26.9165067],[93.079612,26.9171425],[93.0775579,26.9177601],[93.0764553,26.9181117],[93.0746997,26.9187389],[93.0744616,26.9188239],[93.0741353,26.9189009],[93.0732583,26.9191078],[93.07133,26.9197253],[93.0702978,26.9200092],[93.0681531,26.9206086],[93.0656557,26.9214649],[93.0656356,26.921473],[93.0646335,26.9218752],[93.0635661,26.9221591],[93.0630678,26.9222671],[93.0627154,26.9222714],[93.062509,26.9222578],[93.0599067,26.92167],[93.0574033,26.921118],[93.0551904,26.9205442],[93.0541837,26.920309],[93.051964,26.9198476],[93.0502627,26.9194541],[93.0485061,26.91902],[93.0473536,26.9187486],[93.0454359,26.918355],[93.0444897,26.9181333],[93.0439209,26.9179299],[93.0418422,26.9175136],[93.039391,26.9170021],[93.0372068,26.9164412],[93.0361095,26.9162465],[93.0347043,26.9158912],[93.0322544,26.9152965],[93.0303369,26.9148349],[93.0286256,26.9144547],[93.0276945,26.9143096],[93.027,26.9141783],[93.0260036,26.9138707],[93.0244032,26.9134996],[93.0237237,26.9133818],[93.0218561,26.9134166],[93.0216749,26.913457],[93.0214785,26.9135471],[93.0197913,26.914471],[93.0187623,26.9150335],[93.0178719,26.9155201],[93.0172933,26.9158364],[93.0148607,26.9171071],[93.0126142,26.9184727],[93.0101362,26.9197703],[93.0077536,26.9212079],[93.0043385,26.9231003],[93.001694,26.9244879],[93.0004699,26.9251638],[92.999387,26.925772],[92.9968608,26.9273222],[92.9951969,26.9281745],[92.9888093,26.9318483],[92.9842538,26.934761],[92.983036,26.9354215],[92.9818853,26.9360456],[92.977604,26.9379919],[92.9742031,26.9392795],[92.9681768,26.9416984],[92.962477,26.9439652],[92.9569877,26.9462296],[92.9511221,26.948666],[92.9413784,26.9527875],[92.9338711,26.9559761],[92.9270303,26.9586216],[92.9210529,26.9611769],[92.9171454,26.9629304],[92.9165608,26.9661918],[92.9160491,26.9700266],[92.9155327,26.9739159],[92.9162101,26.9764879],[92.9169881,26.9786251],[92.9184105,26.9823057],[92.9157997,26.9838056],[92.9125646,26.9855309],[92.9092768,26.9872842],[92.9037362,26.9903008],[92.8981658,26.993441],[92.893373,26.9960991],[92.8896517,26.9982525],[92.8890629,26.9985932],[92.8866089,26.9997454],[92.8838398,27.0003633],[92.8837293,27.0003686],[92.8572652,27.0016391],[92.8388649,27.0048465],[92.8237388,27.0093431],[92.8035639,27.0183457],[92.7934752,27.0228459],[92.7884346,27.0228386],[92.7783536,27.0228234],[92.7632228,27.0273136],[92.7531511,27.0227823],[92.74307,27.0227647],[92.732989,27.0227463],[92.7229189,27.0182129],[92.7128271,27.0227073],[92.6977056,27.0226762],[92.6926531,27.0271796],[92.6876124,27.0271687],[92.6775184,27.0316605],[92.6724775,27.0316491],[92.6674498,27.0271232],[92.6624356,27.018083],[92.6574224,27.0090427],[92.6561256,27.0069982],[92.6561099,27.0069733],[92.6515931,26.9998513],[92.6454165,26.9878619],[92.6453139,26.9876626],[92.6447991,26.9866633],[92.6356532,26.9824196],[92.6314997,26.9804863],[92.6237184,26.9768893],[92.6155323,26.9736105],[92.6052902,26.9687881],[92.6007988,26.9667011],[92.5891165,26.9615567],[92.5833424,26.9595406],[92.5793324,26.9588919],[92.5629322,26.9578038],[92.5541903,26.95744],[92.5332308,26.9595894],[92.5199959,26.9608752],[92.5168674,26.9613764],[92.5060886,26.9629499],[92.5026393,26.9633067],[92.4968643,26.9633736],[92.4932308,26.9632416],[92.4874461,26.9627239],[92.472991,26.9612831],[92.4646677,26.9604304],[92.457655,26.9598048],[92.4499563,26.9590628],[92.4474682,26.9588118],[92.444096,26.9560892],[92.4332155,26.94712],[92.4258066,26.9410398],[92.4165904,26.9421625],[92.412014,26.9427609],[92.4074017,26.9365937],[92.4028238,26.9305117],[92.3983296,26.9246907],[92.3917792,26.9255113],[92.3823362,26.9266691],[92.3706781,26.9281994],[92.3671003,26.9286844],[92.3649103,26.9319653],[92.3631894,26.9345433],[92.3588212,26.9337218],[92.3456663,26.9314165],[92.3372217,26.929959],[92.3279658,26.9283564],[92.3230989,26.9275337],[92.3169012,26.9260758],[92.3131456,26.9251456],[92.3104397,26.9244753],[92.3030608,26.9227369],[92.3026619,26.9226429],[92.30292,26.9124016],[92.3029566,26.9081161],[92.3029649,26.9071396],[92.2948841,26.9056471],[92.2918196,26.905081],[92.2831197,26.9034403],[92.2819329,26.9031965],[92.2815481,26.9031175],[92.2760902,26.9019964],[92.2751752,26.9019585],[92.273263,26.9027618],[92.2677095,26.9048756],[92.2668356,26.9052062],[92.2618011,26.9071102],[92.2551853,26.9096052],[92.2504449,26.9084443],[92.2469438,26.9077776],[92.2455332,26.9076347],[92.2426555,26.9069375],[92.2405419,26.9064461],[92.2391195,26.9061154],[92.2390668,26.9061001],[92.2380182,26.905794],[92.234672,26.9045734],[92.2317749,26.9034779],[92.2289082,26.9023939],[92.2241509,26.9006761],[92.2183562,26.8985385],[92.2145348,26.8971328],[92.2112842,26.8959116],[92.2064602,26.894132],[92.2018022,26.8924174],[92.1985995,26.8912528],[92.194801,26.8899635],[92.1893485,26.8903074],[92.1870574,26.890495],[92.1842995,26.8906811],[92.1812506,26.8908819],[92.1790474,26.8910392],[92.1766699,26.891225],[92.1729037,26.8914966],[92.1698605,26.8916541],[92.1665317,26.8914134],[92.1633736,26.8911572],[92.1601242,26.890973],[92.1553454,26.8906313],[92.1504703,26.8902818],[92.1502189,26.8902638],[92.1471792,26.8900006],[92.1443067,26.8897519],[92.1388241,26.8893829],[92.1365163,26.889385],[92.1308437,26.8892147],[92.125406,26.8890975],[92.1209986,26.8889906],[92.1209043,26.8889883],[92.1207157,26.8889837],[92.1200185,26.8889837],[92.1178001,26.8908891],[92.1164011,26.8919882],[92.1143777,26.8935779],[92.1137374,26.8927401],[92.1123017,26.8914821],[92.1108003,26.889974],[92.1088679,26.8880193],[92.1075055,26.8866438],[92.1046847,26.8838574],[92.1019184,26.8810579],[92.1021085,26.8771999],[92.1022352,26.8745068],[92.1022369,26.8744688],[92.1024215,26.8710637],[92.1025634,26.8686638],[92.1026518,26.8671684],[92.0997063,26.8657667],[92.0974346,26.8646489],[92.0956048,26.8638186],[92.0943646,26.8632178],[92.0933473,26.862725],[92.0918608,26.862012],[92.088727,26.8605358],[92.088558,26.8604561],[92.0863833,26.8594103],[92.0845532,26.8585553],[92.0826975,26.8576886],[92.0813747,26.8570708],[92.0781954,26.8555374],[92.0738642,26.8536776],[92.0728339,26.8532884],[92.0698123,26.8521687],[92.0660904,26.8508018],[92.0634538,26.8498478],[92.0617087,26.8491504],[92.0601437,26.8486096],[92.0567247,26.847385],[92.0528271,26.8476481],[92.0498563,26.8478613],[92.0457507,26.848122],[92.0424015,26.8483576],[92.0408473,26.8484284],[92.0403566,26.8484597],[92.0375764,26.8486455],[92.0368813,26.8486936],[92.0342511,26.8488756],[92.0289496,26.849231],[92.0263328,26.8494021],[92.0218079,26.8496975],[92.0207582,26.8497488],[92.0179779,26.8499342],[92.0171332,26.8500071],[92.0168341,26.8500724],[92.0147153,26.8506402],[92.0116582,26.8513923],[92.0088451,26.8520553],[92.0072419,26.8524568],[92.0066361,26.8526045],[92.0046873,26.8530795],[92.0017927,26.853768],[91.9980285,26.8546764],[91.9957864,26.8552211],[91.9929601,26.8559207],[91.987837,26.8571656],[91.9854992,26.8577116],[91.9835014,26.8581916],[91.9825074,26.859123],[91.9803323,26.861221],[91.9799137,26.86163],[91.9794525,26.8620807],[91.9786811,26.8628345],[91.974732,26.8665597],[91.9736039,26.8676397],[91.9723686,26.8688436],[91.9704749,26.8706561],[91.969497,26.8725541],[91.9685129,26.874365],[91.9672995,26.8765981],[91.966168,26.8787861],[91.9648391,26.8813072],[91.9639422,26.8826815],[91.961678,26.8840501],[91.9578282,26.8864064],[91.9561938,26.8874319],[91.9534384,26.88917],[91.9514795,26.8903834],[91.9510178,26.8905242],[91.9492709,26.8913554],[91.9482712,26.8919807],[91.9456573,26.8936206],[91.9448882,26.8941331],[91.9435985,26.8949926],[91.9393583,26.8969338],[91.9382157,26.8974878],[91.9368667,26.8981418],[91.9345093,26.8992134],[91.9324364,26.9001588],[91.9244309,26.9039241],[91.924351,26.9039626],[91.9204627,26.9058367],[91.9181574,26.9068678],[91.9176278,26.9071047],[91.9137816,26.9088251],[91.9133073,26.9090393],[91.9117908,26.9098058],[91.9110329,26.9102074],[91.9100296,26.9106605],[91.9072655,26.9119089],[91.9056908,26.9126646],[91.905501,26.9127556],[91.9032017,26.913859],[91.9015752,26.9145778],[91.9009114,26.9148924],[91.8983242,26.91615],[91.8973333,26.9165892],[91.8960487,26.9171586],[91.8925272,26.9187194],[91.8922651,26.9188355],[91.8917364,26.9190627],[91.8908616,26.9187285],[91.8902802,26.9185064],[91.8879051,26.9176805],[91.8849398,26.9166664],[91.8833257,26.9164669],[91.8810966,26.9162167],[91.8794141,26.9160279],[91.8783335,26.915895],[91.8779223,26.9157901],[91.874119,26.9152883],[91.86903,26.9146316],[91.8660305,26.9142485],[91.8625869,26.9138085],[91.8591119,26.9133388],[91.8572266,26.9106704],[91.8554519,26.9080863],[91.8533724,26.9052122],[91.8511675,26.9021684],[91.8503985,26.9010155],[91.8494488,26.8996569],[91.8479133,26.8974979],[91.8457494,26.8944413],[91.8435581,26.8913727],[91.8427772,26.8903178],[91.8418977,26.8890684],[91.8408925,26.887637],[91.8393303,26.8855027],[91.8374459,26.882834],[91.8362315,26.8811115],[91.8340554,26.8781037],[91.8332448,26.8768901],[91.8322533,26.8754462],[91.8305095,26.8730204],[91.8304738,26.8729702],[91.8302192,26.8726115],[91.8276769,26.8690295],[91.8247888,26.8649652],[91.8245785,26.8646651],[91.8241467,26.8640435],[91.820655,26.8623943],[91.8198788,26.8620177],[91.8193916,26.8617814],[91.8162636,26.8602638],[91.8140526,26.8591952],[91.8136285,26.8589903],[91.8091238,26.8568131],[91.807118,26.8558069],[91.8021215,26.8533449],[91.7990609,26.8517976],[91.7957005,26.8500813],[91.793078,26.8487627],[91.7887903,26.8466147],[91.7872641,26.845868],[91.7838813,26.8442126],[91.7812868,26.8428286],[91.779402,26.8418513],[91.7729705,26.8385748],[91.7685356,26.8362857],[91.7646935,26.8342527],[91.7584786,26.8311306],[91.7566773,26.8302372],[91.7556374,26.8297115],[91.7511509,26.8273864],[91.7486278,26.8260971],[91.7458429,26.8246834],[91.7416597,26.8225589],[91.7385288,26.8209923],[91.7357603,26.8195936],[91.7351554,26.8192563],[91.730174,26.816678],[91.7281671,26.8156469],[91.7257087,26.8143592],[91.7251926,26.8140889],[91.721529,26.8121622],[91.720812,26.8118148],[91.720623,26.8117423],[91.7177346,26.8119486],[91.7147625,26.8121774],[91.7113705,26.8124111],[91.7101482,26.8125116],[91.7079912,26.8126876],[91.7045877,26.8129536],[91.7028481,26.8121342],[91.6999141,26.8108552],[91.6988758,26.8104044],[91.6966665,26.8094505],[91.6953869,26.8089056],[91.6924404,26.8075834],[91.6897967,26.8064515],[91.6882417,26.806771],[91.6842486,26.807743],[91.6820003,26.8082427],[91.6809105,26.8084837],[91.6785779,26.8089995],[91.6779939,26.8091286],[91.6756858,26.8096504],[91.669874,26.8109767],[91.6670042,26.8116555],[91.6663132,26.811805],[91.6645881,26.8121783],[91.6599579,26.8131657],[91.6587636,26.8134721],[91.6570294,26.8138578],[91.65585,26.8141123],[91.6535007,26.8146192],[91.6496368,26.8154274],[91.6483455,26.8157434],[91.6467963,26.8160646],[91.6447206,26.8164949],[91.6408333,26.8173569],[91.6390274,26.8177756],[91.6378252,26.8180519],[91.6340043,26.8189301],[91.6324616,26.819282],[91.6290407,26.8200622],[91.6281194,26.8202448],[91.6257423,26.8208137],[91.6255243,26.8208658],[91.6222389,26.8192877],[91.6220853,26.8192108],[91.6218348,26.8190854],[91.6184935,26.8174132],[91.6158501,26.8162691],[91.613966,26.8153642],[91.6114372,26.8141322],[91.610898,26.8138695],[91.609135,26.8130493],[91.6084477,26.8127985],[91.6061446,26.8117035],[91.6023497,26.8099269],[91.6010335,26.8093062],[91.6002539,26.8089178],[91.5997651,26.8086742],[91.5986664,26.8081588],[91.5968312,26.807307],[91.5949229,26.8063698],[91.5932074,26.805495],[91.5924235,26.8051914],[91.5887816,26.8046822],[91.5858008,26.8042733],[91.5840224,26.8040558],[91.5814505,26.8037178],[91.5774969,26.8032224],[91.5755261,26.8029746],[91.5716205,26.8024678],[91.5696854,26.802198],[91.5676547,26.8019508],[91.5657196,26.8016809],[91.5634846,26.8014035],[91.561651,26.8011789],[91.5611056,26.8011276],[91.5582936,26.8007594],[91.556719,26.8005287],[91.5556851,26.8003675],[91.5520322,26.7999113],[91.5507584,26.7997418],[91.5488955,26.7994818],[91.5445453,26.7989036],[91.5428501,26.7986201],[91.5414916,26.7983977],[91.5378021,26.7978491],[91.532044,26.7969688],[91.5285621,26.7963641],[91.5274398,26.7962205],[91.525156,26.7958677],[91.5214776,26.7952818],[91.5191696,26.7949076],[91.515395,26.7942902],[91.5100522,26.793488],[91.5077268,26.7931319],[91.5044937,26.7926378],[91.5029916,26.7924273],[91.4998074,26.7919098],[91.4969692,26.7914343],[91.495107,26.7912059],[91.490703,26.7928033],[91.486541,26.7943189],[91.4841695,26.7951717],[91.4826542,26.7957041],[91.4814797,26.7961167],[91.4790228,26.7970326],[91.4756071,26.7982407],[91.4747255,26.7985345],[91.4733994,26.7989856],[91.4710788,26.7998126],[91.4681664,26.8008565],[91.4667623,26.8013348],[91.4666031,26.8013891],[91.4657892,26.8016663],[91.4639504,26.8023522],[91.4614671,26.803735],[91.4597567,26.8046873],[91.4594238,26.8048678],[91.4567418,26.8063215],[91.4555984,26.8069896],[91.4543713,26.8076801],[91.4515122,26.8092661],[91.4494623,26.8104095],[91.4485322,26.8108709],[91.4484728,26.8107351],[91.4483587,26.8107727],[91.4478034,26.8110265],[91.4457902,26.8121039],[91.443467,26.813439],[91.4422629,26.8141055],[91.4414747,26.8145754],[91.4410916,26.8148295],[91.4403686,26.8153661],[91.4395287,26.8159905],[91.4378277,26.8172587],[91.4362005,26.81843],[91.4345207,26.8196884],[91.4338404,26.8202149],[91.4326388,26.8210931],[91.4315966,26.8218542],[91.4298533,26.8231902],[91.4283705,26.8242342],[91.4272051,26.8251222],[91.424883,26.8268175],[91.4218517,26.8291018],[91.4173111,26.8324274],[91.4165928,26.8329793],[91.4148818,26.8342486],[91.4126296,26.8359103],[91.4091568,26.8384606],[91.4077882,26.8394775],[91.4076973,26.8395451],[91.4076472,26.8396026],[91.4068068,26.8383939],[91.4054263,26.836481],[91.4038503,26.8341959],[91.4024662,26.8322259],[91.4006478,26.8296376],[91.3984001,26.8263681],[91.3964774,26.8235592],[91.3946929,26.8209604],[91.3931049,26.8186981],[91.3920745,26.8174384],[91.3905592,26.8154966],[91.3897253,26.8143128],[91.3889081,26.8131583],[91.3882585,26.8123111],[91.3868078,26.8102651],[91.3855408,26.8085116],[91.3837462,26.8060454],[91.3819573,26.8035726],[91.3815372,26.8029743],[91.3807566,26.8018625],[91.3788895,26.7992465],[91.3778228,26.7977706],[91.3765385,26.7959142],[91.3760058,26.7952277],[91.3754512,26.7949275],[91.375436,26.794921],[91.3735355,26.7942799],[91.3721191,26.7937342],[91.3700773,26.7929736],[91.3679863,26.7922135],[91.3657633,26.791381],[91.3632608,26.7904775],[91.3620751,26.7900178],[91.35926,26.7890142],[91.3592446,26.7890085],[91.3546992,26.7873205],[91.3507309,26.7858125],[91.3467306,26.7843635],[91.34357,26.7832304],[91.3405565,26.7820517],[91.3372479,26.7808609],[91.3357398,26.7810957],[91.3343351,26.7813143],[91.331036,26.7817975],[91.3263086,26.7824899],[91.3210743,26.7832598],[91.3159148,26.7840498],[91.3138789,26.784308],[91.312012,26.7846269],[91.3112217,26.7847504],[91.3110458,26.7847779],[91.3096607,26.7849944],[91.3088231,26.7850978],[91.3073951,26.7853216],[91.3049606,26.7857045],[91.3020626,26.7861285],[91.3019296,26.7861474],[91.2998007,26.7864544],[91.2976754,26.7867628],[91.2966306,26.7869671],[91.2966285,26.7869675],[91.294691,26.7883107],[91.2916192,26.7904318],[91.2894652,26.7918614],[91.2875418,26.7931593],[91.2831404,26.7961471],[91.2818418,26.7970525],[91.279596,26.798592],[91.2771958,26.800238],[91.2770888,26.8003128],[91.2765858,26.800486],[91.2750761,26.8009167],[91.2739512,26.8012374],[91.2708232,26.8021352],[91.2685438,26.8027946],[91.2665409,26.8033894],[91.2652117,26.8037828],[91.2604525,26.8051477],[91.2586071,26.8056699],[91.2584055,26.8057257],[91.2561299,26.8063688],[91.2542255,26.8069157],[91.2528243,26.8073364],[91.2512263,26.8078564],[91.250275,26.8081425],[91.2497364,26.8083045],[91.2482094,26.8087422],[91.2444013,26.8098539],[91.2416946,26.8106303],[91.2389207,26.8114228],[91.2368872,26.8120026],[91.2351755,26.8120793],[91.2300298,26.8122561],[91.2249037,26.8124148],[91.2218359,26.8125028],[91.2196984,26.8125651],[91.2174224,26.8126463],[91.2151293,26.8127283],[91.2148298,26.812739],[91.2125041,26.812794],[91.2086544,26.812897],[91.206903,26.8129737],[91.2041221,26.81305],[91.2020935,26.8131201],[91.1999759,26.8131997],[91.1975513,26.8132641],[91.1948201,26.8133576],[91.1943648,26.8133702],[91.1921282,26.8134241],[91.1883843,26.8132238],[91.1837292,26.8129775],[91.1820256,26.8128847],[91.1790497,26.8127294],[91.1783407,26.8126481],[91.1763894,26.8125307],[91.1750107,26.812476],[91.1746744,26.8124627],[91.1735968,26.81242],[91.1714275,26.8122775],[91.1677853,26.8120883],[91.1657724,26.8120032],[91.163553,26.8117989],[91.1612851,26.8117015],[91.1588589,26.8116054],[91.1585027,26.8116171],[91.1578591,26.8116045],[91.1562051,26.811511],[91.1520151,26.8112422],[91.1478847,26.8109817],[91.1458544,26.8108734],[91.1438502,26.8114132],[91.1417857,26.8118646],[91.138051,26.8126873],[91.1336659,26.8136423],[91.1316804,26.8140753],[91.1302485,26.8144417],[91.1283023,26.8148476],[91.125991,26.8153895],[91.1244897,26.8157386],[91.1220302,26.8163083],[91.1206143,26.8166319],[91.1192151,26.8169517],[91.1175365,26.8174087],[91.1143651,26.8180726],[91.1121819,26.81856],[91.1097425,26.8191737],[91.1085695,26.8194665],[91.1080537,26.8195952],[91.1076385,26.8196605],[91.1070456,26.8197716],[91.1042897,26.8204232],[91.1023239,26.8208733],[91.0991923,26.821572],[91.0976509,26.8219617],[91.0975627,26.8219929],[91.0957447,26.8202568],[91.0933081,26.8179924],[91.0923391,26.8170493],[91.0895429,26.8144322],[91.0867571,26.8118506],[91.0851747,26.8103436],[91.0833516,26.8086073],[91.0808949,26.8062629],[91.0793075,26.8047913],[91.0770706,26.8026584],[91.0732664,26.7990537],[91.0708904,26.796824],[91.0685943,26.7946736],[91.0663485,26.7926027],[91.0604984,26.7870408],[91.0594497,26.7859914],[91.0584014,26.7849776],[91.0546391,26.7815053],[91.0540604,26.7809854],[91.0525186,26.7812098],[91.0511845,26.7814148],[91.047785,26.7819634],[91.0454329,26.7823267],[91.0414601,26.7829592],[91.0391675,26.7833309],[91.0378475,26.7834989],[91.0361924,26.7837607],[91.032595,26.784328],[91.0312905,26.7845327],[91.0279795,26.7850358],[91.0263799,26.785274],[91.0251627,26.7854553],[91.0222182,26.785892],[91.0199344,26.7862737],[91.019437,26.7863551],[91.0168708,26.7867748],[91.0164158,26.7868135],[91.0143602,26.7871476],[91.0116424,26.7875928],[91.0103814,26.7877953],[91.0085193,26.7880942],[91.008025,26.7881574],[91.0079223,26.7881705],[91.0055737,26.7885231],[91.0034657,26.7888416],[91.0007306,26.789276],[90.9999911,26.7893918],[90.9997897,26.7894234],[90.9982399,26.7896661],[90.9965517,26.7899081],[90.9941775,26.790289],[90.9918745,26.7906423],[90.9910892,26.7904926],[90.9902091,26.790325],[90.9877804,26.7898618],[90.9844346,26.789251],[90.9818328,26.7887385],[90.9799097,26.7883784],[90.9791643,26.7882413],[90.9780462,26.7880356],[90.9776452,26.7879575],[90.9751814,26.7874775],[90.97311,26.7871183],[90.9691945,26.7863628],[90.9673904,26.7860107],[90.9665181,26.7858388],[90.9660977,26.7857519],[90.9647734,26.7854951],[90.9602237,26.7846281],[90.959748,26.7845424],[90.9596128,26.7845252],[90.9592824,26.7844833],[90.9585332,26.7836355],[90.9573636,26.7821954],[90.9571839,26.7819609],[90.9569234,26.781621],[90.9567375,26.7838944],[90.9567345,26.7839316],[90.9566374,26.78538],[90.9565607,26.7868994],[90.9564986,26.7877703],[90.9537222,26.7875134],[90.9493903,26.7871716],[90.946922,26.7869891],[90.9467485,26.7869805],[90.9454506,26.7869161],[90.9450211,26.7868948],[90.9443077,26.7867727],[90.9430359,26.7866431],[90.9400487,26.7863764],[90.9377672,26.7861666],[90.9377015,26.7861606],[90.9368203,26.7861218],[90.936436,26.7860843],[90.9363573,26.7860765],[90.9351389,26.7859574],[90.9344334,26.7858885],[90.9317296,26.7856265],[90.9271043,26.7851892],[90.9254999,26.7850484],[90.9235985,26.7848829],[90.921116,26.7846671],[90.9166266,26.7842874],[90.9142075,26.784086],[90.9110312,26.7837896],[90.9100348,26.7837029],[90.9097933,26.7836819],[90.908107,26.7835378],[90.9066739,26.7834172],[90.9063944,26.7833941],[90.9061911,26.7833774],[90.9051646,26.7832928],[90.9050696,26.783285],[90.9041638,26.7832078],[90.9032493,26.7831298],[90.9023728,26.7830551],[90.9015739,26.782987],[90.8987929,26.7827344],[90.8964048,26.7825053],[90.8951542,26.7823853],[90.8918121,26.7820915],[90.8883432,26.7817893],[90.8844749,26.781464],[90.8825599,26.7812738],[90.8794802,26.7810171],[90.8782624,26.7809445],[90.8764899,26.7807953],[90.8735983,26.7805462],[90.8714989,26.7803545],[90.8685479,26.7800879],[90.8658446,26.7798642],[90.8651417,26.7798329],[90.8643161,26.7797613],[90.8638512,26.779721],[90.8612104,26.779492],[90.8598539,26.7793935],[90.8593061,26.7793507],[90.8581607,26.7792613],[90.8569439,26.77915],[90.8541899,26.7789205],[90.8506581,26.7786539],[90.850368,26.778632],[90.8443476,26.778143],[90.843499,26.7780731],[90.8420306,26.7779522],[90.8413672,26.7778938],[90.8388918,26.7777038],[90.8365255,26.7775309],[90.8332717,26.7772739],[90.827041,26.776789],[90.8238714,26.7765284],[90.8212379,26.7763567],[90.8192711,26.7762052],[90.816426,26.7759841],[90.8114577,26.7758964],[90.8108243,26.7758911],[90.8103208,26.7758874],[90.8073705,26.7758659],[90.8047304,26.7758117],[90.8007592,26.775727],[90.7988367,26.7756976],[90.7958832,26.7756546],[90.7956198,26.7756514],[90.7927651,26.7756175],[90.7904197,26.7756037],[90.7900636,26.7756256],[90.7868635,26.7755607],[90.7862731,26.7755386],[90.7833468,26.775481],[90.7796716,26.7754018],[90.7790551,26.7753857],[90.7762941,26.7753133],[90.7724811,26.7752488],[90.7695334,26.775204],[90.7672831,26.7751679],[90.765791,26.7751225],[90.7650783,26.7750863],[90.7634083,26.7750617],[90.7567132,26.7749635],[90.7519482,26.7749216],[90.7483707,26.7748867],[90.7450827,26.7748703],[90.7448852,26.7748744],[90.7446597,26.7748791],[90.744254,26.7748706],[90.7423587,26.7748309],[90.7396824,26.7741251],[90.7373258,26.7734975],[90.7352702,26.7729481],[90.7318916,26.7720661],[90.7286803,26.7712362],[90.7258407,26.7704909],[90.7251777,26.7703156],[90.724629,26.7701706],[90.72144,26.7693204],[90.7177753,26.7683459],[90.7172776,26.7682684],[90.7144221,26.768549],[90.710807,26.768906],[90.7067787,26.7692997],[90.7046095,26.7695121],[90.7020136,26.7697885],[90.698802,26.7701037],[90.6983663,26.7701417],[90.6963765,26.7703152],[90.6932577,26.7706398],[90.6903663,26.7728685],[90.6885314,26.7743145],[90.6866985,26.7757277],[90.6865753,26.7758226],[90.6844863,26.7774562],[90.682504,26.7790093],[90.6792956,26.7815349],[90.6773381,26.7830729],[90.6766829,26.7835807],[90.6764528,26.783759],[90.6759788,26.7840947],[90.6746533,26.7837524],[90.6737501,26.7835146],[90.670907,26.7827917],[90.6681809,26.7820998],[90.6654257,26.7814042],[90.6629645,26.7807787],[90.660237,26.7800639],[90.6573992,26.7793253],[90.6527657,26.7781378],[90.6493333,26.7772539],[90.6478826,26.7768781],[90.6470382,26.7766833],[90.6465742,26.7765804],[90.6464733,26.7767267],[90.6452398,26.7785154],[90.6450527,26.7787867],[90.6441128,26.7801133],[90.6439301,26.7803712],[90.643469,26.781022],[90.6418648,26.783301],[90.6393438,26.7868797],[90.6379173,26.7889077],[90.6364698,26.7909793],[90.6356355,26.7921448],[90.6344432,26.7938103],[90.6321282,26.7943075],[90.6313581,26.7944543],[90.6307167,26.7945765],[90.628999,26.7948999],[90.6250449,26.795699],[90.6220423,26.7962873],[90.6217617,26.7963423],[90.6216967,26.7963551],[90.6181421,26.7970738],[90.6173934,26.7972316],[90.6132104,26.7980766],[90.6106541,26.7985822],[90.6090748,26.7988864],[90.6061525,26.7994825],[90.6036393,26.8000033],[90.5979239,26.801148],[90.5967705,26.8013692],[90.5941364,26.8018671],[90.5916014,26.8023607],[90.5906115,26.8025658],[90.5886834,26.8029525],[90.5867119,26.8032929],[90.5845514,26.8037423],[90.5825988,26.8044074],[90.5802591,26.8052131],[90.5786591,26.805753],[90.5759494,26.8066838],[90.5729903,26.8077084],[90.5718153,26.8080959],[90.5715192,26.8081936],[90.569162,26.808976],[90.5676738,26.8094921],[90.5670631,26.8097187],[90.5665299,26.809945],[90.5663393,26.8100086],[90.5627534,26.8111823],[90.5617033,26.8115528],[90.5586751,26.8125579],[90.5552079,26.8137232],[90.5516375,26.814943],[90.550631,26.8153102],[90.548501,26.8160055],[90.5483059,26.81607],[90.5472324,26.8164287],[90.5466129,26.8166398],[90.5464951,26.8167229],[90.5455638,26.8173795],[90.5452129,26.817627],[90.5450073,26.8177599],[90.5435289,26.8187158],[90.5418106,26.8198356],[90.5400575,26.8210581],[90.5382985,26.8222319],[90.5357699,26.8239424],[90.5334,26.8255651],[90.5322221,26.8263507],[90.5315967,26.8267678],[90.5305092,26.8274932],[90.5302295,26.8276797],[90.5293444,26.8282706],[90.5278324,26.829342],[90.5276005,26.8295063],[90.5263977,26.8303534],[90.5251999,26.8311571],[90.5250528,26.8312558],[90.5246019,26.8315584],[90.5235167,26.8322308],[90.5230205,26.8325383],[90.5218304,26.8332562],[90.5196144,26.8348737],[90.517983,26.8360536],[90.5142294,26.8386264],[90.5118124,26.8402877],[90.5085634,26.8425264],[90.5076485,26.8431612],[90.5040852,26.8455739],[90.5028781,26.8464184],[90.5015717,26.8473043],[90.5014737,26.8473696],[90.4997753,26.8485012],[90.4991923,26.8488846],[90.4977122,26.8498579],[90.4950392,26.851672],[90.4929083,26.8531262],[90.4927681,26.8532219],[90.4924231,26.8534573],[90.4919535,26.8537777],[90.4901384,26.8549935],[90.4879316,26.8565207],[90.4840973,26.8591655],[90.4818641,26.8607126],[90.4796908,26.8621839],[90.4782875,26.8631258],[90.4749331,26.8654784],[90.4721561,26.8673495],[90.4705293,26.8684622],[90.4697917,26.8689666],[90.4676766,26.8704115],[90.4672852,26.8706768],[90.465614,26.8718093],[90.4617525,26.8744587],[90.4577798,26.8771849],[90.4572727,26.8775338],[90.4570232,26.8777055],[90.4544692,26.8794222],[90.4537371,26.8799083],[90.4533529,26.8801634],[90.4525544,26.8806935],[90.4524568,26.8807583],[90.4508573,26.881838],[90.448759,26.8832748],[90.4467378,26.8846109],[90.4453361,26.8855817],[90.4408468,26.8886726],[90.4400675,26.8891942],[90.4381202,26.8904977],[90.4364862,26.8916624],[90.4338109,26.8934291],[90.4313597,26.8951183],[90.4289856,26.8967335],[90.4262932,26.8985583],[90.4244609,26.899793],[90.4228523,26.9009111],[90.4215972,26.9017578],[90.4203661,26.9025883],[90.4174841,26.9045295],[90.4166476,26.9045319],[90.4152448,26.9044362],[90.4146072,26.9043927],[90.4112151,26.9041611],[90.4069945,26.9038985],[90.4038343,26.903701],[90.399051,26.9034049],[90.3958332,26.9031693],[90.3929063,26.9029654],[90.3901321,26.9028006],[90.388707,26.902716],[90.3861619,26.9025435],[90.384928,26.9024571],[90.3810669,26.9021979],[90.3770359,26.9019156],[90.3743197,26.9017655],[90.3742183,26.9017599],[90.3704008,26.901509],[90.3655289,26.9012117],[90.3644929,26.9011817],[90.3604731,26.9009113],[90.3584898,26.9007796],[90.3572429,26.9007088],[90.3565627,26.9006551],[90.3562978,26.9000368],[90.3556656,26.8988735],[90.3550173,26.8976869],[90.3540359,26.8958464],[90.3528141,26.893695],[90.3520404,26.8923061],[90.3512549,26.8908759],[90.3507072,26.8898673],[90.3502456,26.8889516],[90.3498893,26.8869442],[90.3493914,26.8842842],[90.3491775,26.8828067],[90.3487798,26.8806032],[90.3486874,26.8801653],[90.3484256,26.8789256],[90.348263,26.8780645],[90.3482128,26.8777989],[90.3481263,26.8769098],[90.347803,26.8753739],[90.3477863,26.8752948],[90.3468809,26.8747903],[90.3462194,26.8744218],[90.3442199,26.8732685],[90.3405532,26.8711535],[90.339672,26.8706796],[90.3375093,26.8694271],[90.3358807,26.8684839],[90.3330345,26.866832],[90.3293759,26.8647537],[90.3292649,26.864689],[90.328005,26.8639552],[90.3263683,26.8630069],[90.3239904,26.8616469],[90.3220927,26.8606002],[90.3214213,26.8602299],[90.3200322,26.8594637],[90.318144,26.8583782],[90.3145636,26.8564195],[90.314491,26.8563706],[90.3135423,26.8557328],[90.3135398,26.8557313],[90.3122696,26.8549965],[90.3111063,26.8543569],[90.3098641,26.8536739],[90.3085926,26.8529544],[90.3075706,26.8523762],[90.3048575,26.8508412],[90.3039934,26.850337],[90.3035231,26.8500626],[90.3030394,26.8497804],[90.3002984,26.8482204],[90.2962803,26.8492644],[90.2962655,26.8492682],[90.2934625,26.8500816],[90.2928747,26.8502521],[90.2923624,26.8503866],[90.2909064,26.850769],[90.2894138,26.8511609],[90.2865252,26.8519557],[90.2832876,26.8528263],[90.2818359,26.8530796],[90.2795885,26.8534723],[90.2780973,26.8537369],[90.2763222,26.8540547],[90.2728899,26.8546714],[90.27032,26.8551431],[90.2665929,26.8558013],[90.2643352,26.8561981],[90.2608649,26.8568282],[90.2585223,26.8572572],[90.256291,26.8576862],[90.2528011,26.858306],[90.2519217,26.8584829],[90.2494583,26.8589194],[90.2487807,26.8590394],[90.2474546,26.8590298],[90.2445911,26.859009],[90.2420773,26.8589881],[90.2404154,26.8589658],[90.239368,26.8589425],[90.2378178,26.85892],[90.2343125,26.8589257],[90.2316171,26.8588674],[90.2305,26.8589067],[90.2292398,26.8579022],[90.2271712,26.8562691],[90.2260803,26.8554441],[90.2251992,26.8547566],[90.222549,26.852637],[90.2215489,26.8518438],[90.2187658,26.8496059],[90.2169479,26.8481807],[90.215074,26.8467055],[90.2131722,26.8452052],[90.2110887,26.8435549],[90.2103104,26.8429196],[90.2072712,26.8404666],[90.2055933,26.8391162],[90.204251,26.8380409],[90.2010449,26.8355033],[90.2007695,26.8352902],[90.2000546,26.8336252],[90.1995361,26.8324861],[90.1989484,26.8312409],[90.1989335,26.8312093],[90.1978685,26.8288936],[90.197476,26.8279672],[90.1968595,26.8266278],[90.1952342,26.8231604],[90.1938612,26.8202563],[90.1930485,26.8184662],[90.1913457,26.8147769],[90.1896302,26.8110555],[90.1883695,26.8083892],[90.1879958,26.8075477],[90.1877481,26.8069898],[90.187669,26.8068119],[90.1882087,26.8038802],[90.1889018,26.8008606],[90.1894233,26.7983891],[90.189719,26.7969389],[90.1903702,26.7940321],[90.1905501,26.7930799],[90.1907995,26.7919147],[90.1912013,26.7901104],[90.1916522,26.7877291],[90.191949,26.786477],[90.1923641,26.784322],[90.1928179,26.7821778],[90.1932082,26.7799243],[90.1936096,26.7779447],[90.1940938,26.7753888],[90.1942878,26.7745242],[90.1944743,26.7735303],[90.1945229,26.7732713],[90.1912137,26.7721108],[90.1893009,26.771462],[90.186997,26.7706633],[90.1842326,26.7696949],[90.1829061,26.7692155],[90.1801974,26.7682294],[90.1763439,26.7668437],[90.1738867,26.7659699],[90.1718763,26.7652834],[90.1702149,26.7646841],[90.1675623,26.7637602],[90.1663197,26.7632732],[90.1651051,26.7628111],[90.1641172,26.7625044],[90.1620896,26.7617247],[90.1596046,26.760788],[90.155905,26.7594017],[90.1528059,26.7582777],[90.151033,26.7576031],[90.1501117,26.7573034],[90.1469569,26.7561543],[90.1434253,26.7548927],[90.141792,26.7542805],[90.1398797,26.7536185],[90.138512,26.7532566],[90.1366417,26.7527698],[90.1362083,26.7526539],[90.1332363,26.7518586],[90.1285189,26.7505602],[90.1257696,26.749811],[90.122141,26.7488246],[90.1204802,26.748375],[90.1145909,26.746789],[90.1118696,26.7460271],[90.1108229,26.7457398],[90.1059945,26.7444657],[90.104568,26.7440928],[90.1008361,26.7430666],[90.1004468,26.7429595],[90.0982504,26.7423274],[90.0939086,26.741108],[90.0924844,26.7407205],[90.088987,26.7398164],[90.0867497,26.7392153],[90.0855618,26.7388961],[90.0831462,26.7382502],[90.0815599,26.7378465],[90.0778644,26.7368614],[90.0746377,26.7360054],[90.0723338,26.7354822],[90.0707982,26.7351335],[90.0690233,26.7347286],[90.0667352,26.734168],[90.0634815,26.73347],[90.0633099,26.7334332],[90.0629915,26.7333506],[90.061335,26.7329208],[90.0592622,26.7325333],[90.0566666,26.7319355],[90.0522867,26.7309662],[90.0499272,26.730448],[90.0495456,26.7303696],[90.046696,26.7305147],[90.042915,26.7306942],[90.0424284,26.7306944],[90.0397611,26.7308408],[90.037256,26.7309871],[90.0359437,26.7309166],[90.0313252,26.7311273],[90.026865,26.7313266],[90.0244888,26.7314035],[90.0211849,26.7315996],[90.0181061,26.7317157],[90.0173413,26.7317446],[90.0150482,26.7318411],[90.0088801,26.7321224],[90.0082435,26.7321535],[90.0074483,26.7319835],[90.0050531,26.7314651],[90.002904,26.7309976],[90.0007266,26.7305641],[89.9994581,26.7302921],[89.9990179,26.7301971],[89.9986229,26.7301119],[89.9982368,26.7300286],[89.9965896,26.7296715],[89.9926313,26.7288208],[89.9918811,26.7286644],[89.9891034,26.7280868],[89.9880165,26.7278651],[89.9848092,26.7272128],[89.9829483,26.7268144],[89.9815378,26.7265167],[89.9792558,26.7260415],[89.9773916,26.7256065],[89.9754226,26.7251727],[89.972605,26.7245832],[89.9682923,26.7237292],[89.9669093,26.7235382],[89.965525,26.7235636],[89.9645687,26.7235811],[89.964564,26.7235811],[89.9641183,26.7235848],[89.9611789,26.7236092],[89.9608717,26.7236101],[89.9583238,26.7236172],[89.9540706,26.7236499],[89.9483795,26.7237044],[89.9458715,26.7237428],[89.9442694,26.7237673],[89.9426804,26.7237916],[89.941221,26.7237672],[89.9377572,26.7238331],[89.934319,26.7238461],[89.9280075,26.7238866],[89.9265709,26.7239149],[89.924198,26.7239717],[89.9224699,26.7239708],[89.9212277,26.7239701],[89.920909,26.7239771],[89.9175475,26.7240841],[89.9087648,26.7241856],[89.9052792,26.7242191],[89.9020028,26.7242194],[89.9009408,26.7242593],[89.9004854,26.7242764],[89.8984193,26.724275],[89.8973438,26.7243386],[89.897159,26.7244031],[89.8943424,26.7254534],[89.8914358,26.7265384],[89.8904186,26.7269001],[89.88425,26.7292],[89.8823283,26.7299117],[89.8804228,26.7306175],[89.8772414,26.7317889],[89.8724935,26.7335533],[89.869845,26.7344931],[89.8657267,26.7360258],[89.8629166,26.7370669],[89.8625216,26.736853],[89.8609978,26.7360279],[89.8606437,26.7358361],[89.8589478,26.7349178],[89.8590038,26.734875],[89.8598365,26.7342374],[89.8605474,26.7337308],[89.8615168,26.7330359],[89.8623734,26.7321815],[89.8634073,26.7315302],[89.8641505,26.7309801],[89.8643448,26.730444],[89.8644906,26.7300238],[89.8645237,26.7293425],[89.8644443,26.7281973],[89.8645077,26.7271225],[89.8645101,26.7270813],[89.8643008,26.7265882],[89.8634304,26.7255438],[89.8628018,26.724746],[89.862528,26.7241804],[89.8623684,26.7226148],[89.8622739,26.7205854],[89.8622591,26.7194402],[89.8621797,26.7183385],[89.8620517,26.7173672],[89.8620689,26.7164541],[89.8622641,26.7151932],[89.8625074,26.7141353],[89.8626533,26.7135991],[89.8633167,26.7122082],[89.8634465,26.7116575],[89.8638517,26.7101503],[89.8646117,26.7088755],[89.8651944,26.7074845],[89.8654055,26.706354],[89.8655194,26.7055134],[89.8653347,26.70513],[89.8649398,26.7043098],[89.8648989,26.7039266],[89.864844,26.703411],[89.8646672,26.7027441],[89.8636312,26.70119],[89.863334,26.7008473],[89.8633432,26.7008083],[89.8638463,26.6993281],[89.868037,26.6932723],[89.8687651,26.6923083],[89.872614,26.6872119],[89.8727626,26.6869925],[89.8737294,26.6855648],[89.8745784,26.6836198],[89.8746831,26.6828989],[89.8747744,26.6822705],[89.8747452,26.6820182],[89.8745131,26.6800096],[89.8737949,26.6764807],[89.8736236,26.6760199],[89.8731468,26.6747371],[89.8728757,26.6740076],[89.8727116,26.6735271],[89.8724637,26.6728011],[89.8723533,26.6724778],[89.8724187,26.6720085],[89.8729411,26.6716565],[89.8734634,26.6714219],[89.8735819,26.6706511],[89.8741869,26.6667151],[89.8722884,26.6628883],[89.8722664,26.6628556],[89.8722423,26.66282],[89.8722352,26.6628094],[89.8720833,26.6625842],[89.8715342,26.6617702],[89.871165,26.6612227],[89.8710008,26.6609793],[89.8708264,26.6607207],[89.8707817,26.6606544],[89.8707785,26.6606406],[89.8705073,26.6594672],[89.8702282,26.6582593],[89.8701289,26.6578294],[89.8702254,26.657102],[89.8702935,26.656588],[89.8704605,26.6553293],[89.8705961,26.6552294],[89.8716721,26.6544364],[89.8718277,26.6543217],[89.8723219,26.6539575],[89.873532,26.6530656],[89.8737301,26.6529196],[89.8739918,26.6524681],[89.8741663,26.6521669],[89.8747633,26.6511369],[89.8753673,26.6500946],[89.8759421,26.649512],[89.8769343,26.6485062],[89.8752369,26.6445666],[89.8752265,26.644561],[89.8726,26.6431422],[89.8725055,26.6430911],[89.8716362,26.6426215],[89.8715803,26.6425261],[89.8715739,26.6425153],[89.8713507,26.6421349],[89.8713027,26.6420531],[89.8711914,26.6418635],[89.8709514,26.6414544],[89.8708619,26.6413018],[89.87083,26.6412474],[89.8705181,26.6407158],[89.8704482,26.6405969],[89.8702778,26.6403064],[89.8702076,26.6401867],[89.8701001,26.6400035],[89.8698056,26.6395016],[89.869342,26.6387113],[89.8690526,26.6382182],[89.8690094,26.6381444],[89.8685896,26.6374289],[89.8683464,26.6370145],[89.8678597,26.6361848],[89.867718,26.6359433],[89.8674067,26.6354128],[89.8672239,26.6351011],[89.8666872,26.634671],[89.864165,26.6331181],[89.8637762,26.6328788],[89.8623421,26.6319958],[89.8614654,26.631456],[89.8607254,26.6310003],[89.859164,26.6295561],[89.8591503,26.6295222],[89.858381,26.6276155],[89.8583771,26.627505],[89.8583724,26.6273721],[89.8583161,26.6257923],[89.8582511,26.623378],[89.8594916,26.621203],[89.8631424,26.6163431],[89.8639909,26.6158152],[89.8641533,26.6157334],[89.8683496,26.614945],[89.8703116,26.6149452],[89.8730585,26.6153572],[89.8767211,26.6162986],[89.8771999,26.6161102],[89.8777675,26.6158868],[89.8784216,26.6155338],[89.8786736,26.6145033],[89.8788602,26.6137404],[89.879141,26.6125921],[89.8792122,26.611994],[89.8794706,26.609825],[89.8795334,26.6092974],[89.879141,26.6074736],[89.8788308,26.6065122],[89.878601,26.6058003],[89.8785524,26.6056497],[89.8783974,26.6044299],[89.8782767,26.60348],[89.8782227,26.6030559],[89.8778377,26.6023367],[89.8774836,26.6016841],[89.8771331,26.6010381],[89.8769933,26.6007803],[89.8766672,26.6001791],[89.87643,26.599742],[89.8759286,26.5988176],[89.8757441,26.5984776],[89.8756026,26.5982168],[89.8755611,26.5981401],[89.8755401,26.5981016],[89.8754743,26.5978883],[89.8752138,26.5970445],[89.8750304,26.5964502],[89.8746625,26.5952586],[89.8746064,26.5950768],[89.8742325,26.5938655],[89.874086,26.5930559],[89.8737749,26.5913356],[89.8739711,26.5903943],[89.8744942,26.5897471],[89.8756712,26.5886881],[89.8776329,26.5877468],[89.8788182,26.5871882],[89.879006,26.5870997],[89.8792303,26.5869544],[89.8806407,26.5860407],[89.881883,26.5849816],[89.8821449,26.5844032],[89.8826022,26.5833931],[89.872921,26.5783037],[89.8711557,26.5790684],[89.8701826,26.5786361],[89.8687663,26.5780068],[89.8659908,26.5767735],[89.8656482,26.5759691],[89.8652824,26.57511],[89.864924,26.5742684],[89.8644875,26.5732433],[89.8651866,26.5723284],[89.8652912,26.5721915],[89.8662871,26.5708883],[89.8665364,26.570562],[89.8673645,26.5694782],[89.8671417,26.568065],[89.8673573,26.5670709],[89.8674837,26.5664883],[89.8676264,26.5658305],[89.8677219,26.5639936],[89.8678029,26.5624332],[89.86783,26.5619125],[89.8679208,26.5601636],[89.8679778,26.5590675],[89.8680356,26.5579552],[89.8680849,26.5570054],[89.8685399,26.5554356],[89.8689925,26.5538737],[89.8672371,26.550713],[89.8668358,26.5499905],[89.8666644,26.5496433],[89.866023,26.548344],[89.8656202,26.5475279],[89.8653712,26.5470237],[89.8653705,26.5470221],[89.865351,26.5469827],[89.8650566,26.5463859],[89.8640624,26.5443707],[89.8639835,26.5442108],[89.863201,26.5416789],[89.8634681,26.5412076],[89.863902,26.5405705],[89.8644186,26.5398119],[89.8644964,26.5395574],[89.8647646,26.53868],[89.8651318,26.5374783],[89.8658571,26.5351053],[89.8658574,26.5322813],[89.8642415,26.5310369],[89.8629397,26.5300344],[89.8624619,26.5289517],[89.8623146,26.5286178],[89.861973,26.5278438],[89.861543,26.5268694],[89.8614843,26.5267364],[89.8612914,26.5262992],[89.8611298,26.5259331],[89.8609707,26.5255725],[89.8609336,26.5254884],[89.8602832,26.5244306],[89.8598742,26.5240626],[89.8591047,26.5233701],[89.8584348,26.5227674],[89.8580835,26.5224512],[89.8572788,26.5217271],[89.8566217,26.5207251],[89.85625,26.5190872],[89.8561005,26.5184281],[89.8564398,26.517102],[89.8564919,26.5168983],[89.8563498,26.5162389],[89.8562618,26.5158302],[89.8561737,26.5154214],[89.8560359,26.5147817],[89.8565121,26.5145128],[89.8570379,26.5142159],[89.8578017,26.5137845],[89.858321,26.5131595],[89.8587801,26.5126069],[89.8587789,26.5125929],[89.8585848,26.5104271],[89.8585645,26.5103831],[89.858541,26.5103338],[89.8584778,26.5102017],[89.8583106,26.509852],[89.8580842,26.5093786],[89.858049,26.509305],[89.8574857,26.5081253],[89.8572618,26.5076563],[89.8571251,26.5073702],[89.8568129,26.5067163],[89.8567596,26.5066045],[89.8569429,26.5041071],[89.8569557,26.5039329],[89.8570781,26.5034247],[89.8571636,26.5030697],[89.8571154,26.5022794],[89.8568173,26.501517],[89.8569837,26.5011093],[89.8577062,26.5000515],[89.8588422,26.4999086],[89.8587318,26.4996378],[89.8568515,26.4971014],[89.8564504,26.4958467],[89.8561145,26.4952013],[89.8551919,26.4943528],[89.8543645,26.4933959],[89.854139,26.49257],[89.8539736,26.4918345],[89.8541305,26.4883756],[89.8541398,26.48817],[89.8556798,26.486144],[89.8563269,26.485395],[89.8604995,26.4841499],[89.8620191,26.4837349],[89.8623651,26.4835499],[89.8618135,26.4827601],[89.861593,26.48188],[89.8617836,26.4808241],[89.8622252,26.4788023],[89.8626065,26.4773041],[89.8631533,26.4757607],[89.8635527,26.4751608],[89.8642768,26.4740731],[89.8644523,26.4732156],[89.8644823,26.4729594],[89.8648036,26.4702192],[89.8648238,26.469118],[89.8652974,26.4687589],[89.8659069,26.4682967],[89.866053,26.4683136],[89.8686346,26.4686128],[89.8705501,26.467259],[89.8719241,26.4655036],[89.8724405,26.4644972],[89.8729571,26.4626379],[89.8726312,26.4621009],[89.8719343,26.460747],[89.8710569,26.4587252],[89.8709772,26.4584676],[89.8704303,26.4566989],[89.8709769,26.4547133],[89.8712728,26.4541041],[89.8717391,26.4532691],[89.8721452,26.4520733],[89.8720349,26.4513873],[89.8713831,26.4507285],[89.8703505,26.450092],[89.8683953,26.4490631],[89.8657835,26.4470997],[89.8642043,26.4467567],[89.864069,26.4463776],[89.864019,26.4457638],[89.8634176,26.4441707],[89.8626557,26.4429205],[89.8617634,26.4426813],[89.8611368,26.4423608],[89.8596431,26.4409166],[89.8590717,26.4402575],[89.8585554,26.4395715],[89.8582599,26.4385651],[89.8583151,26.4379333],[89.8590222,26.436363],[89.8586965,26.4355551],[89.8582103,26.4347788],[89.8573934,26.4339167],[89.856628,26.4333303],[89.8556792,26.4326033],[89.8561856,26.431958],[89.8577199,26.4299319],[89.85769,26.4287045],[89.8573944,26.4276529],[89.8571919,26.4272218],[89.8566629,26.4260959],[89.8558711,26.4249178],[89.8548989,26.424146],[89.8538864,26.4237938],[89.8530996,26.4234282],[89.8524732,26.4230129],[89.8518216,26.4226698],[89.8501074,26.4229403],[89.8491551,26.4227911],[89.8494812,26.42132],[89.8496405,26.4208313],[89.8497621,26.4204582],[89.8506043,26.4196595],[89.8516812,26.4187353],[89.8517495,26.4186767],[89.8518976,26.4185495],[89.8535319,26.4171237],[89.8544642,26.416271],[89.8549454,26.4160634],[89.8553014,26.4159912],[89.8558727,26.4157702],[89.8567148,26.4149354],[89.857151,26.4141999],[89.8573197,26.4131253],[89.8573416,26.4129859],[89.8574771,26.4119796],[89.8565061,26.4117724],[89.8563345,26.4117358],[89.8548661,26.4114918],[89.854405,26.4118077],[89.8535478,26.4123221],[89.8519691,26.4126648],[89.8507161,26.4127368],[89.8494381,26.4126868],[89.848516,26.4125152],[89.8475639,26.4122216],[89.8468272,26.4119282],[89.845705,26.4115749],[89.8455793,26.4115353],[89.8435196,26.4113137],[89.8402819,26.4115341],[89.8352544,26.4120203],[89.8344936,26.4107291],[89.8331862,26.4090139],[89.8329659,26.4083821],[89.8329662,26.4075743],[89.8331018,26.4068161],[89.833022,26.4056879],[89.8327768,26.4048845],[89.8326169,26.4037337],[89.8320461,26.4024337],[89.8321015,26.4015266],[89.832207,26.4010619],[89.8322515,26.4009224],[89.8324779,26.4002135],[89.8324279,26.4000149],[89.8309047,26.3991344],[89.8299535,26.3970041],[89.8304196,26.3966837],[89.8299841,26.3955554],[89.8300647,26.3945536],[89.8303107,26.3935834],[89.8308521,26.392875],[89.8321854,26.3918194],[89.8341949,26.3912469],[89.8343573,26.3912053],[89.8351621,26.3909989],[89.8363097,26.3908955],[89.8376024,26.390977],[89.8400575,26.3918487],[89.8413702,26.3923861],[89.8419914,26.3928059],[89.843284,26.3938036],[89.8445213,26.3952706],[89.84654,26.397893],[89.8471963,26.3989041],[89.8472863,26.399784],[89.8478114,26.4041527],[89.8486633,26.4040264],[89.8498812,26.4035889],[89.851009,26.4027497],[89.8513098,26.4020773],[89.852152,26.4005566],[89.8527785,26.4004078],[89.8528416,26.4003774],[89.8531343,26.4002364],[89.8535402,26.3999657],[89.8537007,26.3992887],[89.854573,26.3977003],[89.8555251,26.3976012],[89.8566126,26.3970147],[89.8569634,26.3966943],[89.8573445,26.3961303],[89.8574548,26.3954488],[89.8567683,26.3949975],[89.8563426,26.3942573],[89.8561673,26.3936481],[89.8558818,26.392434],[89.8554211,26.3908725],[89.8558824,26.3892839],[89.8566143,26.3874969],[89.8571354,26.3868156],[89.8581378,26.3852227],[89.8587806,26.3845923],[89.8589798,26.3843969],[89.8588997,26.3840269],[89.8581382,26.3833904],[89.8575119,26.38307],[89.8558484,26.3827402],[89.8544957,26.3821624],[89.8541397,26.3831461],[89.853724,26.3836747],[89.8535434,26.3839042],[89.8524008,26.3848608],[89.8514837,26.3852533],[89.8503128,26.3853086],[89.8499605,26.3853252],[89.8485777,26.3850316],[89.8476807,26.3851758],[89.8470544,26.3852525],[89.8464532,26.3849319],[89.8458119,26.3845256],[89.8450255,26.3835958],[89.8449306,26.3826751],[89.8443347,26.3814249],[89.8441746,26.3803553],[89.8443655,26.378663],[89.844085,26.3784057],[89.843023,26.3778143],[89.8407431,26.3782514],[89.8400016,26.3784183],[89.8396658,26.3786213],[89.8386584,26.3795777],[89.8383325,26.3801869],[89.8373303,26.3809132],[89.8365485,26.3813553],[89.8364733,26.3816089],[89.836408,26.381829],[89.8362774,26.382524],[89.8360217,26.3832957],[89.8352498,26.3839588],[89.834453,26.3841798],[89.8337917,26.3841701],[89.8328747,26.3841567],[89.8320231,26.3839172],[89.8289924,26.3819486],[89.8280157,26.3811315],[89.82752,26.3803235],[89.8271649,26.3791004],[89.8259179,26.3776332],[89.8265999,26.3763067],[89.8274969,26.3757655],[89.8278327,26.3755264],[89.8278328,26.3750841],[89.8275126,26.3743259],[89.8271721,26.3737391],[89.8280995,26.3724892],[89.829478,26.3707793],[89.8290725,26.3698766],[89.8287772,26.3692447],[89.828567,26.3686625],[89.8283137,26.3678066],[89.8282318,26.3675296],[89.8276412,26.3663064],[89.8264489,26.366121],[89.8259033,26.3650602],[89.8243553,26.3651274],[89.8233084,26.3645358],[89.8226325,26.363809],[89.8220717,26.3631454],[89.8218271,26.361453],[89.8219682,26.3596749],[89.8221587,26.3593319],[89.8229706,26.3585109],[89.8236773,26.3576221],[89.8245693,26.3568418],[89.8253112,26.355777],[89.8257724,26.3548475],[89.8249064,26.353597],[89.8244816,26.3531885],[89.8236296,26.3523691],[89.8227633,26.3516331],[89.8218818,26.3514071],[89.8210654,26.3513843],[89.8204542,26.3514834],[89.8200183,26.3516321],[89.8199198,26.3516902],[89.8194071,26.3519928],[89.8186744,26.3523808],[89.8185102,26.3524677],[89.8179207,26.3525466],[89.8170422,26.3524044],[89.8162207,26.352989],[89.8157247,26.3530519],[89.8153793,26.3525824],[89.8152541,26.3526952],[89.8151787,26.3530246],[89.8151422,26.3536857],[89.8151386,26.3537504],[89.8151231,26.3540309],[89.8146669,26.3547979],[89.8137696,26.3560296],[89.8129593,26.3569538],[89.8128322,26.3570988],[89.8127858,26.3593823],[89.8133058,26.3615126],[89.8145275,26.362497],[89.8155836,26.3643477],[89.8175621,26.3650435],[89.8188242,26.3657932],[89.819976,26.3666285],[89.8206219,26.3674772],[89.8218032,26.3694408],[89.821998,26.370876],[89.8219224,26.3718102],[89.8205096,26.3717961],[89.8201941,26.3714033],[89.8201694,26.3707218],[89.8196934,26.370857],[89.8194379,26.3708931],[89.8183106,26.370888],[89.8172485,26.3710095],[89.8157704,26.3713654],[89.8144478,26.3710083],[89.8134861,26.370683],[89.8119937,26.3696217],[89.8113978,26.3691657],[89.8104314,26.3682085],[89.8097957,26.3673643],[89.8081036,26.3652379],[89.8068016,26.3642761],[89.8048187,26.3628399],[89.8036267,26.3621443],[89.8027404,26.3616926],[89.801233,26.3610194],[89.799555,26.3605537],[89.7985541,26.3601828],[89.798355,26.3601091],[89.7982922,26.3600858],[89.7980426,26.3599933],[89.796525,26.3595231],[89.7955055,26.3592763],[89.7930489,26.3586817],[89.7912212,26.3577013],[89.7900245,26.3569379],[89.788858,26.3561068],[89.7877465,26.3552532],[89.7859096,26.3536327],[89.7847127,26.3527086],[89.7843525,26.3524305],[89.7831811,26.3513963],[89.7826865,26.3498796],[89.7823783,26.3478551],[89.7822529,26.3470316],[89.7818335,26.3454518],[89.7817144,26.3440257],[89.7815411,26.3416292],[89.7815555,26.3414357],[89.7815968,26.3408801],[89.7820586,26.3395581],[89.7823045,26.3389851],[89.782927,26.3373202],[89.7831879,26.3365758],[89.7835848,26.3351319],[89.7837211,26.3336879],[89.7837274,26.3320857],[89.7835845,26.3312938],[89.783523,26.3309529],[89.7833231,26.3304112],[89.7829878,26.3299129],[89.7826578,26.3294224],[89.7819773,26.3286999],[89.7810665,26.3278554],[89.7804458,26.3274172],[89.778939,26.3267257],[89.7759098,26.3258661],[89.7733761,26.3254086],[89.7725501,26.325083],[89.7708678,26.3247388],[89.7692851,26.3242946],[89.7692555,26.3242863],[89.7693065,26.3233522],[89.7693623,26.3226211],[89.769093,26.3212941],[89.768278,26.3199712],[89.7671924,26.3187473],[89.7665022,26.3178804],[89.7664118,26.3177772],[89.7656868,26.31695],[89.7642755,26.3160689],[89.7626982,26.3159684],[89.7617766,26.3161121],[89.7603089,26.3166029],[89.7594918,26.3174867],[89.7585793,26.3186007],[89.7578408,26.3209333],[89.7571638,26.3218849],[89.7555059,26.3231001],[89.7553495,26.3232147],[89.7542947,26.3229314],[89.7533268,26.3226714],[89.7512404,26.3209502],[89.7512976,26.3189871],[89.7516249,26.3172905],[89.7519023,26.3153818],[89.75213,26.3126529],[89.7525024,26.3114605],[89.752504,26.3099894],[89.7529976,26.307273],[89.753013,26.3072265],[89.7533191,26.3063029],[89.7535481,26.3058614],[89.7540868,26.3048234],[89.7541378,26.3034973],[89.7541434,26.3033522],[89.7539838,26.3027158],[89.7541445,26.302224],[89.7544156,26.3016375],[89.7549619,26.3010016],[89.7554566,26.3005429],[89.7561046,26.2999421],[89.7570118,26.2989965],[89.757147,26.2988556],[89.7577893,26.2981862],[89.7578439,26.2981293],[89.7580818,26.2973977],[89.7584968,26.2961215],[89.7588777,26.2953869],[89.7588781,26.2953862],[89.7593166,26.2947346],[89.7596508,26.2942379],[89.7601316,26.2935234],[89.7601913,26.2934114],[89.7605543,26.2927304],[89.760889,26.2921024],[89.759805,26.2897006],[89.7579632,26.2890628],[89.7581248,26.2877858],[89.7571483,26.2879836],[89.7568774,26.2885204],[89.75476,26.2882253],[89.7545942,26.2888163],[89.7535074,26.2891088],[89.7528566,26.2891082],[89.7519851,26.2894504],[89.750843,26.2899864],[89.7507391,26.2900232],[89.7506798,26.2900442],[89.750013,26.2902803],[89.7495891,26.2904304],[89.7494874,26.2904663],[89.74905,26.2906212],[89.7478026,26.2912609],[89.7470962,26.2917477],[89.7467865,26.2927372],[89.7461666,26.2940162],[89.7464782,26.2941266],[89.7456838,26.2958107],[89.7451135,26.2965434],[89.7448438,26.2968899],[89.744803,26.2968265],[89.744583,26.296484],[89.7438187,26.2957504],[89.7424083,26.2947392],[89.741667,26.2944195],[89.7407055,26.2941675],[89.7392068,26.2934499],[89.738124,26.2929315],[89.7377602,26.2927572],[89.7369089,26.2926135],[89.734656,26.2926604],[89.7344569,26.2927011],[89.7340479,26.2927848],[89.7321332,26.2931767],[89.731873,26.2932233],[89.7294249,26.2936616],[89.7293013,26.2936934],[89.7273727,26.294191],[89.7263217,26.2947108],[89.7239599,26.2962513],[89.7232842,26.2966489],[89.7217989,26.2987875],[89.721754,26.2988523],[89.721394,26.2995114],[89.721667,26.2998825],[89.7221317,26.3005144],[89.7226881,26.3022229],[89.7237307,26.3037385],[89.7240003,26.3039913],[89.7242083,26.3041863],[89.7243671,26.3043353],[89.7246829,26.3046314],[89.7258467,26.3072165],[89.7247762,26.3083139],[89.7237054,26.3092804],[89.7217072,26.30902],[89.7211709,26.308348],[89.7202792,26.3078792],[89.7198131,26.3073199],[89.7192956,26.3050502],[89.7192866,26.3043317],[89.7192794,26.303764],[89.719063,26.302338],[89.7189171,26.3019796],[89.7188022,26.3016974],[89.7182668,26.2998091],[89.7182621,26.2997698],[89.7181543,26.2985634],[89.7178312,26.2958176],[89.7186514,26.2946753],[89.7191816,26.2939845],[89.7198575,26.2932243],[89.7204021,26.2926117],[89.7210576,26.2915212],[89.721417,26.2909232],[89.7220562,26.2900908],[89.7226374,26.2893338],[89.7241278,26.2876405],[89.7256788,26.2863486],[89.7260556,26.285899],[89.726829,26.2849759],[89.7269801,26.2849033],[89.7273271,26.2847367],[89.7287957,26.2840313],[89.7292818,26.2837829],[89.7294199,26.2837123],[89.7297063,26.2835659],[89.7306267,26.2826716],[89.7320872,26.2811407],[89.7325622,26.280559],[89.7340824,26.2786976],[89.7350025,26.2776724],[89.7354461,26.2769754],[89.7358673,26.2763134],[89.736577,26.2751124],[89.7368918,26.2745345],[89.7369718,26.2743654],[89.7376711,26.2728867],[89.7385257,26.2714238],[89.7385393,26.2699435],[89.7369157,26.2680944],[89.7354333,26.2673374],[89.734793,26.2671647],[89.7342818,26.2670269],[89.7343012,26.2669541],[89.734334,26.2668305],[89.7347557,26.265244],[89.7351898,26.263822],[89.7354292,26.2628921],[89.735573,26.261493],[89.7340044,26.2594092],[89.7328077,26.2588956],[89.7315261,26.2585896],[89.7298142,26.2584284],[89.729574,26.2584467],[89.7271568,26.2581148],[89.7268278,26.2580696],[89.7259188,26.2579448],[89.7255193,26.2578899],[89.7235872,26.257652],[89.7229406,26.2575724],[89.7222069,26.257482],[89.7220204,26.2574591],[89.7199134,26.2575733],[89.7189579,26.2582553],[89.7180322,26.2585763],[89.7170827,26.2591004],[89.7165914,26.2593716],[89.7146798,26.2599369],[89.7137894,26.2605918],[89.7130691,26.2611834],[89.7125791,26.2619103],[89.7125249,26.2630792],[89.7129009,26.2640448],[89.713064,26.2642367],[89.7136675,26.2649469],[89.7139047,26.2651766],[89.714464,26.2657181],[89.714623,26.2672979],[89.7146707,26.2677715],[89.7147465,26.2687056],[89.7147124,26.2699421],[89.7134665,26.2706515],[89.7121953,26.2710132],[89.7116245,26.2707653],[89.7103232,26.2710414],[89.7087915,26.2710424],[89.7072795,26.2707544],[89.7058527,26.2704302],[89.7054416,26.2693699],[89.7053589,26.2691359],[89.7050353,26.2682193],[89.7049599,26.2678267],[89.7049284,26.2672853],[89.7049171,26.2670913],[89.7047561,26.2654886],[89.7045418,26.2638917],[89.7040523,26.2629781],[89.7039382,26.2628041],[89.7036298,26.2624575],[89.7031783,26.2619501],[89.7030556,26.2618122],[89.7027583,26.2614781],[89.7024702,26.2611218],[89.7024228,26.2610631],[89.7026158,26.2578633],[89.7026741,26.2578126],[89.7038714,26.2567705],[89.705828,26.2562053],[89.7076598,26.2561591],[89.7097123,26.2566228],[89.7119099,26.2572669],[89.7129613,26.2576543],[89.7144333,26.2582537],[89.7155395,26.2583477],[89.7163488,26.2578312],[89.7170753,26.2573674],[89.7173754,26.2571552],[89.7183759,26.2564325],[89.7184274,26.2559979],[89.7184455,26.2558457],[89.7184528,26.2556939],[89.71848,26.2551281],[89.7184792,26.2542436],[89.7184489,26.2540686],[89.7181927,26.2525875],[89.7181635,26.2525211],[89.7174504,26.2508972],[89.7173704,26.2507151],[89.7171937,26.2505015],[89.7171801,26.2504851],[89.7169293,26.2498855],[89.7164821,26.2475345],[89.7164968,26.2471464],[89.7165588,26.2470054],[89.7166239,26.2468576],[89.7166616,26.2467717],[89.716753,26.2467262],[89.7173518,26.2461801],[89.7175516,26.2455843],[89.7178815,26.2451508],[89.7179601,26.2451765],[89.7183771,26.2453129],[89.7192032,26.2456554],[89.7209843,26.2450314],[89.72217,26.2446155],[89.7243114,26.2438377],[89.7248066,26.2436118],[89.7262923,26.2428661],[89.7284332,26.2417499],[89.7296238,26.2411533],[89.7303491,26.2407376],[89.7318295,26.239879],[89.7319294,26.2396488],[89.7320288,26.2390731],[89.7320937,26.2386965],[89.732158,26.2378299],[89.7319572,26.2370809],[89.7315665,26.2367291],[89.7307353,26.2362198],[89.7296485,26.2352097],[89.7293529,26.2348262],[89.7281753,26.2339251],[89.7271696,26.2332381],[89.7259884,26.2327481],[89.7249924,26.2326225],[89.7241718,26.2325689],[89.7226507,26.2327143],[89.72183,26.2327194],[89.7209692,26.2325665],[89.7206435,26.2320929],[89.7205381,26.2317003],[89.7197825,26.2316782],[89.7185966,26.2317692],[89.7182964,26.2317649],[89.7171133,26.2315706],[89.7170102,26.2315536],[89.7158189,26.2311708],[89.7141019,26.2302466],[89.7139553,26.230085],[89.7138114,26.2299264],[89.7136408,26.2293534],[89.7136086,26.2262935],[89.7135424,26.2249533],[89.713507,26.2243892],[89.7135614,26.2235046],[89.7136076,26.2229786],[89.7137074,26.2224063],[89.7136404,26.2221235],[89.7129639,26.2206436],[89.7125832,26.2200121],[89.7120071,26.2191866],[89.7114915,26.2188258],[89.7100398,26.2178428],[89.7090687,26.2172837],[89.7080279,26.2170407],[89.7069071,26.2170413],[89.7053261,26.2171595],[89.7044655,26.2171916],[89.7041355,26.2173993],[89.7040407,26.2178462],[89.7039261,26.2186541],[89.7037412,26.2188888],[89.7036062,26.218987],[89.703201,26.2192818],[89.7021756,26.2196388],[89.7018304,26.2197519],[89.7011851,26.2199373],[89.7007393,26.219247],[89.7003936,26.2184484],[89.7004075,26.2183787],[89.7004737,26.2180478],[89.7005083,26.2178751],[89.7008753,26.2165355],[89.7012326,26.2160335],[89.7018786,26.2154201],[89.7024274,26.2149477],[89.7038228,26.2138026],[89.7049932,26.2131431],[89.7058335,26.2127319],[89.7063787,26.2125466],[89.7074992,26.2122797],[89.7088849,26.2120397],[89.7099806,26.2121339],[89.7116868,26.2122773],[89.7128727,26.2124571],[89.7134032,26.2126914],[89.7145244,26.2133768],[89.7153554,26.2139449],[89.717427,26.214237],[89.7188432,26.2145971],[89.7191435,26.2147142],[89.7205251,26.2155211],[89.7214347,26.2160653],[89.7219117,26.2163506],[89.7233582,26.2170672],[89.724885,26.217865],[89.7257008,26.2181849],[89.7269662,26.2177463],[89.7280866,26.2172986],[89.7291319,26.2168105],[89.7298675,26.216819],[89.731238,26.2164344],[89.7317131,26.2161633],[89.7326327,26.2150614],[89.7328748,26.2143521],[89.7328927,26.2142995],[89.732987,26.2140232],[89.7330668,26.2134832],[89.7332157,26.212475],[89.7332192,26.2123587],[89.7332303,26.2119921],[89.7328995,26.2113109],[89.7318923,26.2096779],[89.7309156,26.2083924],[89.7290882,26.2069405],[89.7287379,26.2067287],[89.7281774,26.2065802],[89.7272068,26.2064951],[89.7272063,26.2059626],[89.726826,26.2059267],[89.7261856,26.2059001],[89.7250099,26.205928],[89.7240196,26.2061678],[89.7233595,26.2064661],[89.7227242,26.2065884],[89.7223553,26.2064706],[89.7218784,26.2063182],[89.7213832,26.2063186],[89.7203779,26.2066216],[89.7191621,26.2066224],[89.7175408,26.2061766],[89.7163699,26.2057848],[89.7146181,26.2048336],[89.7135822,26.2044506],[89.7132669,26.2042702],[89.7122758,26.2036164],[89.7118002,26.2031593],[89.7116,26.2029669],[89.7119801,26.202899],[89.7135609,26.2027221],[89.7147015,26.2026356],[89.7154417,26.2024502],[89.7168772,26.2019799],[89.7172872,26.2017675],[89.7178122,26.2013475],[89.7185919,26.2004309],[89.7191865,26.1994466],[89.7198554,26.1977177],[89.719986,26.1972167],[89.7201047,26.1967608],[89.7203689,26.1956008],[89.7202482,26.1947705],[89.7198371,26.1935161],[89.7196866,26.1931055],[89.7191107,26.1922935],[89.7187954,26.1920049],[89.7175991,26.1912194],[89.717429,26.1911077],[89.7160125,26.1900661],[89.7150017,26.1894168],[89.7139305,26.188578],[89.7130745,26.1877166],[89.712214,26.1875998],[89.7108983,26.1873613],[89.7101879,26.1872173],[89.7092124,26.1871547],[89.7079271,26.1873631],[89.7060965,26.1877252],[89.7047812,26.1880824],[89.7028509,26.1889138],[89.7024409,26.1891261],[89.7006109,26.1903141],[89.6991608,26.1913257],[89.6986005,26.191177],[89.6991249,26.1899267],[89.6995698,26.1893353],[89.7010193,26.1876376],[89.7013491,26.1870416],[89.701434,26.1868205],[89.7015987,26.1862066],[89.7019433,26.1854664],[89.7031123,26.1832796],[89.7032905,26.1826226],[89.703351,26.1810886],[89.70352,26.1787326],[89.7035871,26.1780338],[89.7043941,26.1777523],[89.7047784,26.1773046],[89.7050839,26.1769486],[89.7054938,26.176655],[89.7065838,26.176027],[89.7085484,26.1746539],[89.7087932,26.1742387],[89.7089878,26.1736428],[89.7092373,26.1728078],[89.7101423,26.1724236],[89.7108874,26.1722111],[89.7112178,26.172599],[89.7124381,26.1725667],[89.7128782,26.1725709],[89.7136536,26.1726562],[89.7138038,26.1729539],[89.7141992,26.1733418],[89.7152849,26.173788],[89.7169059,26.1744098],[89.717136,26.1745586],[89.7180569,26.1753027],[89.7209642,26.176966],[89.7217198,26.1773853],[89.7223503,26.1777097],[89.7231356,26.1777137],[89.7243909,26.1775911],[89.7247161,26.1776811],[89.7250813,26.1778885],[89.7255766,26.1779784],[89.7259329,26.1778723],[89.7259716,26.1778608],[89.7262366,26.1776485],[89.7265967,26.1776482],[89.7274921,26.1778281],[89.729633,26.1779169],[89.7308885,26.1779746],[89.7324688,26.1778245],[89.7329288,26.1775263],[89.733753,26.1763342],[89.7343822,26.1753229],[89.7346418,26.174727],[89.7350059,26.1737158],[89.7356258,26.1734174],[89.7365505,26.1727894],[89.7361552,26.1726137],[89.7352299,26.1724925],[89.7348048,26.1725831],[89.7340448,26.1728499],[89.7332546,26.1729138],[89.7323294,26.1729731],[89.7313745,26.173389],[89.7306149,26.1740168],[89.7301249,26.1742835],[89.7294647,26.1742568],[89.7289044,26.1741084],[89.7281436,26.1735132],[89.7274821,26.1719612],[89.7282713,26.1707421],[89.7288307,26.1700286],[89.7288514,26.1693601],[89.7288648,26.1689274],[89.728864,26.1679436],[89.7282686,26.1676461],[89.7276082,26.1673488],[89.7266529,26.1673223],[89.7258277,26.1673229],[89.7250076,26.1674724],[89.7239224,26.1675679],[89.722697,26.1675327],[89.7218418,26.1674745],[89.720686,26.1669969],[89.7193303,26.1664059],[89.7183714,26.1659619],[89.7178397,26.1657318],[89.716979,26.1653626],[89.7170659,26.1652622],[89.7179357,26.1656357],[89.7184674,26.1658658],[89.7193492,26.1658796],[89.7192943,26.165568],[89.7192552,26.165164],[89.7192827,26.1648164],[89.719382,26.1642841],[89.7195148,26.1636855],[89.7195754,26.1634545],[89.7197256,26.1630549],[89.7199274,26.1624785],[89.7200104,26.1622255],[89.7201114,26.1618539],[89.7202781,26.1610444],[89.7206324,26.1590617],[89.7206439,26.1589391],[89.7206271,26.158501],[89.720599,26.158177],[89.7204876,26.1562963],[89.7209531,26.1562107],[89.7212962,26.1561571],[89.7217661,26.1561058],[89.7225458,26.1559606],[89.7228482,26.1561521],[89.7232217,26.1564221],[89.723664,26.1567424],[89.7239755,26.1568616],[89.7243448,26.1569989],[89.7249255,26.157195],[89.7251392,26.1572476],[89.7257425,26.1573271],[89.7281265,26.1576793],[89.7286494,26.1578591],[89.7290899,26.1580126],[89.7293058,26.1580432],[89.7303922,26.1581537],[89.7309577,26.158203],[89.7320423,26.1582714],[89.7323991,26.1582253],[89.7326484,26.1581918],[89.7336968,26.1580171],[89.7341025,26.1578662],[89.7346191,26.1576833],[89.7348751,26.1581442],[89.7351626,26.1586944],[89.7362207,26.1586195],[89.7364707,26.1582417],[89.7372575,26.1582175],[89.7375699,26.1582951],[89.73777,26.1585062],[89.7379192,26.1586637],[89.7383257,26.159057],[89.7389209,26.1590652],[89.7398254,26.1587028],[89.741116,26.1590281],[89.7411951,26.1590443],[89.7425314,26.1592501],[89.7425939,26.1592579],[89.7430533,26.1593153],[89.7433203,26.1593175],[89.7436229,26.1592984],[89.7452889,26.1588213],[89.7458185,26.1585329],[89.7460076,26.15843],[89.7466828,26.15801],[89.747659,26.157371],[89.7486129,26.156095],[89.7488807,26.1557028],[89.7506481,26.1530665],[89.751182,26.1521591],[89.7523293,26.1501741],[89.7528183,26.1492986],[89.753279,26.1484193],[89.7535758,26.1470762],[89.7540253,26.1452112],[89.7541452,26.1445439],[89.7544355,26.1428777],[89.7544477,26.1427108],[89.7543777,26.142178],[89.7541909,26.1408126],[89.7540498,26.1395495],[89.7540412,26.1394726],[89.7540327,26.139396],[89.755043,26.1391152],[89.7555168,26.1392637],[89.7570605,26.1389988],[89.7576062,26.1388983],[89.7576168,26.1388958],[89.757938,26.1387928],[89.7590647,26.138433],[89.7596107,26.1383334],[89.7610281,26.1380683],[89.7617755,26.1377122],[89.7627554,26.1372324],[89.7631374,26.1370405],[89.7632618,26.1368671],[89.7636987,26.1362579],[89.7640418,26.1357796],[89.764074,26.1357347],[89.7641635,26.1356053],[89.7643967,26.135118],[89.764587,26.1346482],[89.7651707,26.1332701],[89.7656112,26.1325035],[89.7659416,26.1319272],[89.7664558,26.1308791],[89.7664871,26.1307855],[89.7665143,26.1307044],[89.7665707,26.1304772],[89.7666122,26.1301296],[89.7666367,26.12971],[89.7666359,26.1293714],[89.7666355,26.1292342],[89.7665541,26.1279579],[89.7665224,26.1276762],[89.7664947,26.1275421],[89.7664497,26.1274294],[89.7659744,26.1262554],[89.7657229,26.1256866],[89.7656158,26.1254582],[89.7653961,26.1250208],[89.7652513,26.1247802],[89.7651682,26.1246732],[89.7649641,26.1244738],[89.7644675,26.1239825],[89.7641133,26.1235692],[89.7638612,26.1232385],[89.76285,26.1218335],[89.7625094,26.1213376],[89.762252,26.120956],[89.7620242,26.1205065],[89.761767,26.1200107],[89.7614642,26.1194566],[89.7612659,26.1191285],[89.7609924,26.1187274],[89.7608582,26.1185646],[89.7606811,26.1183652],[89.760425,26.1181301],[89.760273,26.1179906],[89.7598113,26.1175916],[89.7596517,26.1174541],[89.759481,26.117307],[89.7592235,26.1170031],[89.7588774,26.1165654],[89.7584267,26.1159941],[89.7583077,26.1157966],[89.7581138,26.1155496],[89.7579546,26.1153688],[89.757874,26.1152842],[89.757446,26.1150031],[89.7571464,26.1148067],[89.7568947,26.1146613],[89.7565164,26.1144528],[89.7562938,26.1143248],[89.7554794,26.1138],[89.7554288,26.1137132],[89.7553639,26.1135756],[89.7553406,26.1134611],[89.7552513,26.1128262],[89.7552354,26.1126364],[89.7552743,26.1121996],[89.7553439,26.1118382],[89.7554315,26.1115324],[89.7557599,26.1104712],[89.7558912,26.1100526],[89.7560644,26.1095834],[89.7561699,26.1093627],[89.7568532,26.1083921],[89.7569622,26.1082614],[89.7572652,26.1080869],[89.7573787,26.1080276],[89.7574901,26.1079695],[89.7576968,26.1078962],[89.757869,26.1078605],[89.7581661,26.107915],[89.7585047,26.1080578],[89.7586656,26.1081498],[89.7588721,26.1082679],[89.7592086,26.1085171],[89.7594962,26.108781],[89.7596101,26.1088858],[89.7598109,26.1090596],[89.761622,26.1095141],[89.7623049,26.1096706],[89.7627106,26.1097564],[89.7633301,26.109831],[89.7636644,26.1098608],[89.7637631,26.109864],[89.7639499,26.109832],[89.7650395,26.1095393],[89.765903,26.1090254],[89.7661063,26.1089012],[89.7677586,26.1080631],[89.7685551,26.1075507],[89.7690914,26.1066714],[89.769146,26.1065406],[89.7695741,26.1053634],[89.7696125,26.1051835],[89.7696636,26.1049742],[89.7697637,26.1047633],[89.7699544,26.1045329],[89.7706574,26.1045668],[89.7709887,26.1047194],[89.7716295,26.1050509],[89.7724955,26.1054274],[89.772819,26.1055632],[89.7729602,26.105619],[89.773087,26.105652],[89.773308,26.1056719],[89.7743934,26.1056785],[89.7745547,26.1056592],[89.7746911,26.1056249],[89.7748264,26.1055909],[89.7749411,26.1055532],[89.7750521,26.1055274],[89.7753577,26.1055649],[89.7756852,26.1056162],[89.7757605,26.1056324],[89.7761633,26.1057444],[89.7763167,26.1057929],[89.7763742,26.1058338],[89.7766422,26.1061547],[89.7767761,26.1063802],[89.7769453,26.1067838],[89.7769689,26.1068554],[89.7770693,26.1071602],[89.7771799,26.1074042],[89.7772756,26.1075392],[89.7782834,26.1080233],[89.778471,26.1081028],[89.7786478,26.1081266],[89.7788548,26.1081368],[89.7789344,26.10807],[89.7789351,26.1080694],[89.7792803,26.1077798],[89.7794972,26.1076032],[89.7797313,26.1074607],[89.7798156,26.1074094],[89.7805041,26.1071324],[89.7811886,26.1068546],[89.7815932,26.1066832],[89.7831611,26.1059839],[89.7836771,26.1056456],[89.7841725,26.1052987],[89.7843346,26.1051021],[89.7844857,26.1049118],[89.784733,26.1045694],[89.7851343,26.1039908],[89.78528,26.1037597],[89.7853528,26.1036274],[89.7853928,26.1035396],[89.785492,26.1032415],[89.7855501,26.1029545],[89.7857964,26.101632],[89.7853597,26.101343],[89.7851705,26.1013724],[89.7848635,26.1014041],[89.7844674,26.1014258],[89.7837917,26.1014038],[89.7836301,26.1013318],[89.7833837,26.101199],[89.7831511,26.1009759],[89.7829158,26.1007256],[89.7816203,26.099428],[89.7816581,26.0991536],[89.7817078,26.0987933],[89.7817938,26.0982317],[89.7820309,26.0982209],[89.7825901,26.0982514],[89.7830737,26.0983091],[89.7834519,26.098374],[89.7836942,26.0984327],[89.7836985,26.0984337],[89.7841244,26.0985792],[89.7843736,26.0986983],[89.7844855,26.0986316],[89.7847688,26.0984626],[89.7853355,26.0981008],[89.785778,26.0969754],[89.7860225,26.0963285],[89.7858775,26.0961996],[89.7855792,26.0959727],[89.7845814,26.0952511],[89.7837902,26.0947549],[89.7836055,26.094543],[89.7834852,26.0943857],[89.7834627,26.0943542],[89.7833595,26.0942098],[89.7832801,26.0940274],[89.7831046,26.0935653],[89.7829974,26.0932068],[89.7829051,26.0926519],[89.782869,26.092381],[89.782884,26.0922275],[89.7829321,26.091927],[89.7829828,26.091724],[89.782991,26.091691],[89.7825359,26.0905493],[89.7822697,26.090146],[89.7821112,26.0898172],[89.7819929,26.0895396],[89.7818802,26.0891861],[89.7817949,26.0888098],[89.7817405,26.08857],[89.7816934,26.0883189],[89.7816591,26.0881158],[89.7816467,26.0878945],[89.781633,26.0873612],[89.7816832,26.0871024],[89.7817456,26.0867801],[89.7818012,26.0864186],[89.7818087,26.0862948],[89.7817372,26.0854014],[89.7815664,26.0848265],[89.7815428,26.0847257],[89.7813239,26.0834424],[89.7821876,26.0831234],[89.7851438,26.0833424],[89.7852551,26.083478],[89.7866041,26.0851596],[89.7869949,26.0859477],[89.7874851,26.0869405],[89.787682,26.0873156],[89.7877731,26.0874875],[89.78795,26.0877387],[89.7882309,26.0881338],[89.7884609,26.0883669],[89.788742,26.0886365],[89.7889156,26.0887127],[89.7906316,26.0892898],[89.7911965,26.0893336],[89.7918456,26.0893675],[89.7920212,26.0893645],[89.7939368,26.0887331],[89.7941107,26.088631],[89.7942115,26.0885123],[89.7944662,26.0881708],[89.7948514,26.0875125],[89.7949193,26.0873277],[89.7950071,26.086276],[89.7951734,26.0852839],[89.7952307,26.0849174],[89.7952644,26.0844617],[89.7952065,26.0841165],[89.7951466,26.0838523],[89.7950214,26.0833006],[89.7949861,26.0832253],[89.7949485,26.0831453],[89.7948563,26.0829607],[89.7947965,26.0828411],[89.7946916,26.0826314],[89.7945749,26.0824413],[89.7941774,26.0817951],[89.7941063,26.0816993],[89.7936537,26.0812198],[89.7932759,26.0808263],[89.7925056,26.0800326],[89.7922027,26.0797052],[89.791921,26.0793981],[89.7913997,26.0786852],[89.7912097,26.0784111],[89.7910773,26.0781981],[89.7909774,26.0779784],[89.790935,26.0778743],[89.7908677,26.0776659],[89.7907431,26.0772697],[89.7901473,26.0754264],[89.7901448,26.0754162],[89.7901374,26.0753856],[89.7908069,26.0751512],[89.7911706,26.0750295],[89.7913231,26.0749834],[89.7914088,26.0749574],[89.7929261,26.0757993],[89.7936897,26.0762667],[89.7937573,26.0763279],[89.793824,26.0766534],[89.7946634,26.0769697],[89.7954181,26.0767942],[89.7960854,26.076467],[89.7964419,26.0760917],[89.7960258,26.0746833],[89.795193,26.0736591],[89.7951454,26.073607],[89.7950479,26.0734846],[89.7949904,26.0733781],[89.7949382,26.0731517],[89.7949309,26.073034],[89.7949512,26.0728756],[89.7949866,26.0727082],[89.7950572,26.0724593],[89.7951528,26.0722195],[89.7952609,26.0720544],[89.7954126,26.0718879],[89.7954668,26.0718284],[89.7960341,26.0713086],[89.7962926,26.0711007],[89.7964168,26.0710265],[89.7968202,26.0703319],[89.7971053,26.0692436],[89.7972447,26.0683294],[89.7972324,26.0681732],[89.7973311,26.0676075],[89.7973639,26.0674763],[89.7975731,26.0667658],[89.7976864,26.0664989],[89.7977271,26.0664163],[89.7978046,26.0662592],[89.7978749,26.0661325],[89.7979654,26.0660127],[89.7981161,26.0657888],[89.7981488,26.065721],[89.7981162,26.0657051],[89.7978607,26.0656662],[89.7973294,26.0656542],[89.7972718,26.0656564],[89.7971715,26.0656675],[89.7971565,26.0656766],[89.7971713,26.065792],[89.7971337,26.0658259],[89.7969232,26.0658279],[89.7962816,26.0658315],[89.7961287,26.0658313],[89.7958438,26.0653805],[89.7956765,26.0650317],[89.795567,26.0645766],[89.7958754,26.0644797],[89.7965323,26.0643131],[89.7966476,26.0642929],[89.796813,26.0642864],[89.7970586,26.0642844],[89.7976999,26.0644302],[89.7977498,26.0645681],[89.7977548,26.0645819],[89.7978547,26.0647699],[89.7978913,26.0648249],[89.7979947,26.0649806],[89.7980772,26.0650939],[89.7985007,26.0650741],[89.7985283,26.0650651],[89.7986979,26.0640921],[89.7986955,26.0639947],[89.7986456,26.0639019],[89.7985281,26.0637252],[89.798373,26.0635597],[89.7982429,26.0634283],[89.7980002,26.0632423],[89.7978899,26.0632376],[89.7976443,26.0632531],[89.797673,26.0625742],[89.7979714,26.0624976],[89.7982413,26.0619334],[89.7987416,26.0608015],[89.7987421,26.0607991],[89.7987591,26.0606868],[89.7988088,26.0601574],[89.7988238,26.059961],[89.798824,26.0598366],[89.7988241,26.0597735],[89.798817,26.0596389],[89.7988098,26.0595794],[89.7984086,26.0591063],[89.7982991,26.0589814],[89.7982289,26.0589056],[89.7981019,26.058931],[89.7979328,26.0589798],[89.7979377,26.0590199],[89.7979878,26.0593163],[89.7976829,26.0594562],[89.7976249,26.0594806],[89.7972079,26.059597],[89.7971315,26.0596136],[89.7969452,26.0596389],[89.796796,26.0596543],[89.7963915,26.0596649],[89.7960955,26.0596711],[89.7960203,26.0596655],[89.7959934,26.0595552],[89.7959813,26.0586708],[89.7959279,26.0581673],[89.7957615,26.0581314],[89.7945584,26.0578724],[89.7920437,26.0573843],[89.7910603,26.0573618],[89.7910573,26.0573628],[89.7909487,26.057385],[89.7907244,26.0573821],[89.7903507,26.0573462],[89.7897172,26.0571738],[89.7890997,26.0569936],[89.7880812,26.0569609],[89.7865669,26.0570872],[89.786214,26.0571041],[89.7859322,26.0571158],[89.7858655,26.0571183],[89.7858136,26.0571169],[89.7854161,26.0568654],[89.784735,26.0558899],[89.7847674,26.0551949],[89.7848036,26.0548254],[89.784846,26.0543353],[89.7848506,26.0542804],[89.7847049,26.0536748],[89.7846343,26.0525752],[89.7846524,26.052357],[89.7846827,26.0520396],[89.784752,26.0513969],[89.7847536,26.0513835],[89.7849344,26.0513731],[89.7853599,26.0513764],[89.785827,26.051361],[89.7862348,26.0513214],[89.7864439,26.0513003],[89.7866396,26.0512684],[89.78688,26.0511804],[89.7870521,26.0511003],[89.7873104,26.0509346],[89.7882159,26.050269],[89.7883273,26.0501647],[89.7884774,26.0499841],[89.7886319,26.0497821],[89.7887598,26.0496029],[89.7888252,26.0494691],[89.7888878,26.0493111],[89.7888939,26.0492],[89.78877,26.048869],[89.7886798,26.0487108],[89.7885541,26.0485366],[89.7884831,26.0484454],[89.7882981,26.0482817],[89.78811,26.048169],[89.7877882,26.0480197],[89.7873906,26.0478568],[89.7870219,26.0477288],[89.7865313,26.0475686],[89.7862683,26.0474987],[89.7860181,26.0474983],[89.7856555,26.0475065],[89.7853186,26.0475292],[89.7845937,26.0474209],[89.7842601,26.0468336],[89.7835507,26.0458846],[89.7832803,26.0455627],[89.7830809,26.0453861],[89.7830598,26.0453696],[89.782902,26.0452468],[89.7827965,26.0451927],[89.782691,26.045147],[89.7823284,26.0450427],[89.7820621,26.0450008],[89.781867,26.0449881],[89.7814192,26.0449999],[89.7812722,26.04501],[89.7807946,26.0450342],[89.7805856,26.0450442],[89.7805852,26.0450442],[89.7804662,26.045044],[89.7802849,26.0449961],[89.7800073,26.0448567],[89.7792023,26.0443929],[89.7785673,26.0438112],[89.7784527,26.0437052],[89.7782029,26.0434642],[89.7780173,26.0432814],[89.7777629,26.0430176],[89.7775453,26.0427559],[89.7774857,26.0426791],[89.7771488,26.0423322],[89.7765049,26.0416882],[89.7760923,26.041281],[89.7758196,26.0410172],[89.7747396,26.0399821],[89.7747352,26.0399768],[89.7746463,26.0398497],[89.7743532,26.039395],[89.7741038,26.0389839],[89.7740123,26.0387618],[89.7737615,26.0378799],[89.7738563,26.0375316],[89.7744267,26.037014],[89.7754111,26.0360614],[89.7755169,26.0359578],[89.7756389,26.0358149],[89.7756735,26.0357403],[89.7758621,26.0355601],[89.7765704,26.0349265],[89.7766851,26.0349723],[89.7768777,26.0351448],[89.7777323,26.0360795],[89.7778514,26.0362207],[89.7780438,26.0364948],[89.7782247,26.0367543],[89.7787307,26.0374914],[89.7788337,26.0376492],[89.7790486,26.0381619],[89.779364,26.0389402],[89.7794942,26.0392681],[89.779581,26.039515],[89.7797089,26.0398803],[89.7797426,26.0399813],[89.7798853,26.0404099],[89.7815285,26.0405011],[89.7832087,26.0407961],[89.7839801,26.0408035],[89.7843659,26.0407999],[89.7847792,26.0407819],[89.7866348,26.0405357],[89.78683,26.0405049],[89.7876477,26.0403692],[89.7879509,26.0403095],[89.7881254,26.0402683],[89.7884999,26.0401589],[89.7888009,26.0400307],[89.7890697,26.0399066],[89.7891433,26.0398715],[89.7893524,26.0397556],[89.7893984,26.039708],[89.7894812,26.0396189],[89.7894469,26.0395525],[89.7893324,26.0394134],[89.7885763,26.0385162],[89.7879004,26.0377188],[89.7878065,26.0375817],[89.7877013,26.0373804],[89.7876578,26.0372621],[89.7875848,26.0370442],[89.7875599,26.0368388],[89.7875601,26.036704],[89.7875697,26.0364593],[89.7875953,26.0362643],[89.787683,26.0360197],[89.787766,26.0358663],[89.7880078,26.035427],[89.7883116,26.0350084],[89.7895361,26.0346016],[89.7896924,26.0345064],[89.7898325,26.0344444],[89.7901335,26.0343307],[89.7906433,26.0342921],[89.7908269,26.034311],[89.7911138,26.034384],[89.7915016,26.0345028],[89.7917654,26.0346339],[89.7919855,26.0347711],[89.7921575,26.0349186],[89.7929253,26.0356767],[89.7929894,26.0357868],[89.7930488,26.0359445],[89.793108,26.0362038],[89.7930961,26.0364382],[89.7930682,26.0366726],[89.7930172,26.0369546],[89.7929061,26.0374439],[89.7928414,26.0376927],[89.7927767,26.0379229],[89.7926657,26.0383417],[89.7924345,26.0393079],[89.7923881,26.0395588],[89.7923531,26.0398886],[89.7923294,26.0402785],[89.792345,26.0405813],[89.7923721,26.0408199],[89.792443,26.0409984],[89.7925757,26.041235],[89.7927177,26.0414468],[89.7929285,26.0417043],[89.7932288,26.0420013],[89.7935245,26.0422527],[89.7936392,26.0423276],[89.7940133,26.0423986],[89.7943806,26.0424551],[89.7945237,26.0424727],[89.7947723,26.0424801],[89.7949509,26.0424644],[89.7953919,26.0424053],[89.7957845,26.0423461],[89.7960602,26.0422987],[89.7979901,26.0418413],[89.7992761,26.0415025],[89.7996665,26.0413756],[89.8000504,26.0412068],[89.800622,26.0409128],[89.8013833,26.0405076],[89.8018289,26.0402558],[89.8018154,26.0402159],[89.8016775,26.0399304],[89.8016094,26.039749],[89.801614,26.0396315],[89.8016297,26.039516],[89.801975,26.0386979],[89.8020699,26.0385713],[89.8023082,26.0385151],[89.8023042,26.0382443],[89.80219,26.0380011],[89.8020919,26.0378665],[89.8020316,26.0377838],[89.8014814,26.0372154],[89.8013361,26.0370778],[89.8010872,26.0369221],[89.8009324,26.0368559],[89.8005871,26.0367083],[89.8001774,26.0364926],[89.8001312,26.0364388],[89.7992956,26.0351769],[89.7991395,26.0349098],[89.798843,26.034276],[89.7987596,26.0340529],[89.7985842,26.0333474],[89.7986384,26.0330594],[89.7979996,26.0317477],[89.7977062,26.0309459],[89.7978784,26.030869],[89.7978017,26.0307427],[89.7975143,26.0303842],[89.7972155,26.0300386],[89.7970703,26.029889],[89.7964069,26.0292775],[89.7951878,26.0285467],[89.7937114,26.0281298],[89.7935271,26.0275551],[89.7934138,26.0270989],[89.7933743,26.026867],[89.7932981,26.0264058],[89.7932789,26.0259678],[89.7932821,26.0257668],[89.793317,26.0253676],[89.7934297,26.0245408],[89.7934958,26.0242291],[89.7935503,26.0240283],[89.7938371,26.0231219],[89.793993,26.0226587],[89.7937361,26.0224157],[89.7929554,26.0216807],[89.7922814,26.0211898],[89.7921023,26.0210823],[89.7915597,26.0208696],[89.7910983,26.0208529],[89.7900885,26.0209204],[89.7885781,26.0210561],[89.7879495,26.0212876],[89.7878356,26.0213733],[89.7878197,26.0213853],[89.7876886,26.0212857],[89.787505,26.0207643],[89.7874575,26.0205205],[89.787456,26.0203794],[89.7875062,26.0200861],[89.7875509,26.0199098],[89.7877341,26.0196375],[89.787921,26.0193604],[89.7880384,26.0192066],[89.788458,26.0187326],[89.7887726,26.0184461],[89.7891723,26.0182222],[89.7894174,26.0180927],[89.7897797,26.0179104],[89.7899609,26.0178289],[89.7902058,26.0177795],[89.7903389,26.0177845],[89.7906281,26.0178218],[89.7913021,26.0180312],[89.7914493,26.018078],[89.7915911,26.0181535],[89.7917843,26.0182821],[89.7924117,26.0187303],[89.7928174,26.0191061],[89.7938643,26.0201498],[89.7941618,26.0205141],[89.7951039,26.0216699],[89.7945851,26.0220267],[89.7941943,26.0222603],[89.7950282,26.0231918],[89.7951458,26.0230701],[89.7951783,26.0230365],[89.7952883,26.0229466],[89.7953717,26.0229353],[89.7955077,26.0229306],[89.7956294,26.0229265],[89.7957478,26.0229279],[89.7958542,26.0229291],[89.7960008,26.0229316],[89.7961144,26.0229797],[89.7962355,26.0230392],[89.7963693,26.023117],[89.7965484,26.0232862],[89.7966821,26.0234142],[89.7976227,26.0244062],[89.7977211,26.0245159],[89.7980387,26.0249592],[89.7988149,26.0261061],[89.79916,26.0266864],[89.8000416,26.0283175],[89.8006232,26.0295327],[89.8013033,26.0307206],[89.8015504,26.0310222],[89.8018681,26.0314198],[89.8020446,26.0316849],[89.8022007,26.0320161],[89.8023017,26.032256],[89.8024725,26.0327251],[89.8026337,26.0332218],[89.8028395,26.0344376],[89.8033458,26.0371304],[89.8035762,26.038378],[89.8040004,26.0395401],[89.8041765,26.0395817],[89.8043384,26.0396424],[89.8044158,26.0397093],[89.8045141,26.0399163],[89.8045562,26.040015],[89.8046017,26.0401773],[89.8046191,26.0403205],[89.8046224,26.0404892],[89.8046179,26.0410365],[89.8045575,26.0413896],[89.8045219,26.0416187],[89.8045218,26.0416855],[89.8045672,26.0419083],[89.8046687,26.0422712],[89.8049525,26.0431912],[89.8050367,26.0434077],[89.8052193,26.0437676],[89.8056268,26.0444809],[89.8057958,26.0444748],[89.8060918,26.0444306],[89.806483,26.0443293],[89.80692,26.0441994],[89.807417,26.0440028],[89.8081679,26.0436187],[89.8086369,26.0433552],[89.8088766,26.0432124],[89.8093597,26.0429043],[89.8096313,26.0426947],[89.8097477,26.0426026],[89.8099,26.0424809],[89.8099029,26.0424787],[89.8104603,26.0419448],[89.810799,26.0416175],[89.8110389,26.0413314],[89.8114096,26.0408323],[89.8115827,26.0405366],[89.8117382,26.0402249],[89.8121978,26.0391054],[89.812357,26.0386792],[89.8124668,26.0383294],[89.8127644,26.037216],[89.8127768,26.0371685],[89.8132362,26.0351482],[89.8133945,26.034069],[89.813603,26.0325648],[89.8136836,26.0322799],[89.813877,26.0317818],[89.8139914,26.0315736],[89.8140811,26.0314104],[89.8148776,26.0301262],[89.8149215,26.030057],[89.8149982,26.0299543],[89.815281,26.029664],[89.8155352,26.029433],[89.816574,26.028503],[89.8179351,26.0272077],[89.8193247,26.0258154],[89.8187173,26.0251622],[89.8170768,26.0232165],[89.8167601,26.0228167],[89.8165483,26.022502],[89.8157732,26.0213404],[89.8156991,26.0211821],[89.8156031,26.0209763],[89.8154963,26.0207251],[89.8154506,26.020557],[89.8154064,26.0203848],[89.8153614,26.0202089],[89.8154039,26.0196118],[89.8154506,26.0191413],[89.8155588,26.0185146],[89.8156622,26.0181213],[89.81567,26.0180995],[89.8157436,26.017892],[89.815838,26.0176509],[89.8161252,26.0171455],[89.8161277,26.0171411],[89.8162242,26.0169791],[89.8163603,26.0170367],[89.8164211,26.0170624],[89.8167359,26.0172151],[89.8175393,26.017044],[89.8178023,26.0167873],[89.8189644,26.0156397],[89.8190024,26.015575],[89.8190407,26.0154602],[89.8191441,26.01514],[89.8192825,26.0147467],[89.8197044,26.0135865],[89.8198032,26.0134206],[89.8199018,26.013308],[89.8200969,26.0131085],[89.8204059,26.0128024],[89.8206031,26.0126247],[89.821109,26.0121307],[89.821268,26.0119616],[89.8213154,26.0118513],[89.8213487,26.0116133],[89.8213821,26.0113125],[89.8213963,26.0111293],[89.8219602,26.0096684],[89.8220511,26.007961],[89.8219962,26.007596],[89.8214102,26.0076328],[89.8210828,26.0076482],[89.8208572,26.0076588],[89.8205085,26.0076668],[89.8204671,26.0076677],[89.8203972,26.007407],[89.8203514,26.007236],[89.8203499,26.0072305],[89.8202637,26.0069202],[89.8200825,26.0063796],[89.8200221,26.0062056],[89.8197689,26.0055225],[89.8196886,26.0053648],[89.8195952,26.0051836],[89.8195315,26.0050599],[89.8194365,26.0048452],[89.8192517,26.0043515],[89.8192138,26.0042261],[89.8191879,26.0041086],[89.8190804,26.0030432],[89.8190978,26.0029806],[89.8193048,26.0025172],[89.8198648,26.0013414],[89.8204092,26.0001171],[89.8206215,25.9996019],[89.8206354,25.9995471],[89.8206364,25.9995305],[89.8206247,25.9992789],[89.8206227,25.9992353],[89.8205523,25.9983612],[89.8204339,25.9975621],[89.8203665,25.997396],[89.8201886,25.9969994],[89.8200175,25.9966828],[89.8198255,25.9964006],[89.8195468,25.9961167],[89.8192836,25.9959362],[89.8186025,25.995857],[89.8183095,25.9958755],[89.8177113,25.9960298],[89.8176419,25.9960495],[89.8175136,25.9960859],[89.8172985,25.9961891],[89.8171041,25.9963251],[89.8169253,25.9964862],[89.8167569,25.9966599],[89.8165122,25.996857],[89.8149852,25.997903],[89.8149331,25.9979265],[89.8148656,25.9978653],[89.8149075,25.997704],[89.8149719,25.9974957],[89.8151496,25.996943],[89.8155362,25.9957827],[89.8155516,25.9957373],[89.8155954,25.9956073],[89.8163352,25.9936313],[89.8174758,25.9913848],[89.8176009,25.991175],[89.8179396,25.9906867],[89.8190135,25.9893002],[89.81913,25.9891229],[89.8197119,25.9883617],[89.8202721,25.9876413],[89.8212033,25.9867595],[89.8214117,25.986575],[89.8217467,25.9863285],[89.8219459,25.9862012],[89.8233693,25.9853674],[89.8235426,25.9852772],[89.8239648,25.985064],[89.8242418,25.9849531],[89.8263903,25.9842575],[89.826964,25.9840865],[89.8275106,25.9839253],[89.8277296,25.9838748],[89.828287,25.9837545],[89.8286272,25.9836879],[89.8291285,25.983592],[89.8309488,25.9833587],[89.8320685,25.9832291],[89.8340467,25.9828374],[89.8359415,25.9824242],[89.8363319,25.9839486],[89.8366833,25.9849742],[89.8367228,25.9852244],[89.8367168,25.9856103],[89.8366304,25.9865716],[89.8364058,25.9867823],[89.8360093,25.987014],[89.8350812,25.9882233],[89.8346861,25.9887621],[89.8345189,25.9893587],[89.8338755,25.9901674],[89.8337877,25.9902515],[89.8336744,25.9903601],[89.833442,25.9904967],[89.8334042,25.9907964],[89.8334771,25.9914685],[89.8336224,25.9918285],[89.8336291,25.991927],[89.8336769,25.9926279],[89.8336474,25.993854],[89.8333371,25.9955443],[89.8332183,25.9960589],[89.8328392,25.9972574],[89.8326395,25.9976693],[89.8324305,25.9980771],[89.8321335,25.998558],[89.8319223,25.998857],[89.8318087,25.9989908],[89.8315743,25.9993755],[89.8314744,25.9996432],[89.8313068,26.0001651],[89.8312022,26.000528],[89.8310555,26.0011116],[89.830974,26.0014588],[89.8309294,26.0018333],[89.8309927,26.0029298],[89.8310289,26.0035094],[89.8312822,26.0045141],[89.8315074,26.005647],[89.8315876,26.0062365],[89.8316754,26.0070488],[89.8316933,26.0072326],[89.8316835,26.0077647],[89.8316557,26.0080636],[89.8316342,26.008283],[89.8314612,26.0087684],[89.8313203,26.0091219],[89.8312044,26.0095305],[89.8311647,26.0096813],[89.8311372,26.0098458],[89.8319896,26.0101924],[89.8329207,26.0107694],[89.8330571,26.0109095],[89.8330855,26.0109451],[89.8331414,26.0110151],[89.8333419,26.0112664],[89.8334328,26.0113926],[89.8334752,26.0114832],[89.8334718,26.0117026],[89.8335536,26.011796],[89.8338993,26.0120981],[89.8340963,26.0122684],[89.8342388,26.0123837],[89.8344178,26.0124388],[89.8349398,26.0125271],[89.8353343,26.0125797],[89.8355954,26.0125937],[89.8358412,26.0125967],[89.8362391,26.0124655],[89.8364031,26.0124054],[89.8366217,26.0123014],[89.8368618,26.0121206],[89.8370867,26.0119157],[89.8371475,26.0118604],[89.8375184,26.0114384],[89.8375338,26.0114207],[89.8376734,26.0112603],[89.8377008,26.0112137],[89.8377343,26.0111205],[89.8377344,26.0110958],[89.8377741,26.0109066],[89.8378624,26.0106928],[89.8380191,26.0104575],[89.8380267,26.0104461],[89.8381118,26.0103502],[89.8386863,26.00972],[89.8390662,26.0093858],[89.8393609,26.0091502],[89.8396951,26.0089394],[89.8400868,26.0088685],[89.8403236,26.0088277],[89.8404208,26.0087894],[89.8406242,26.0087018],[89.841426,26.008353],[89.8416538,26.0082435],[89.8432672,26.0070138],[89.8437687,26.0065124],[89.8440909,26.0061891],[89.8442845,26.0059544],[89.8451289,26.0045259],[89.8456759,26.0035945],[89.8461021,26.0028436],[89.8462388,26.0026488],[89.8467761,26.0019123],[89.8470081,26.0016143],[89.8473801,26.00111],[89.847593,26.0008177],[89.8477011,26.0006659],[89.8475239,26.0002871],[89.8474449,26.0000548],[89.8474196,25.9999572],[89.8473755,25.9997278],[89.8473377,25.9994783],[89.8473223,25.9991513],[89.8472734,25.9976744],[89.8474808,25.9968143],[89.8478602,25.995378],[89.8480228,25.9948305],[89.8483125,25.9940622],[89.8484208,25.9937813],[89.8486754,25.9931966],[89.8491939,25.9921877],[89.8493656,25.9919154],[89.8498964,25.991156],[89.8503673,25.9901471],[89.8504001,25.9900327],[89.8504215,25.9899579],[89.8506801,25.9897464],[89.8508701,25.9896093],[89.8509361,25.9895697],[89.8512282,25.9894193],[89.8514643,25.9892992],[89.8515404,25.9893182],[89.8516583,25.9893475],[89.8518181,25.989346],[89.8521073,25.9893102],[89.8523623,25.9892674],[89.8527544,25.9891922],[89.8531826,25.9890671],[89.8540962,25.9887946],[89.8550344,25.9885428],[89.8554303,25.9884469],[89.8558071,25.9883819],[89.856563,25.9878771],[89.8569021,25.9875164],[89.8580139,25.9869002],[89.858511,25.9864777],[89.8586386,25.9863763],[89.8587833,25.9863077],[89.8590345,25.9862082],[89.8593333,25.9861328],[89.8596759,25.986061],[89.8600679,25.9859633],[89.8611756,25.9855981],[89.8614345,25.9854918],[89.8618628,25.985248],[89.8622322,25.9850248],[89.8623027,25.9849813],[89.8625577,25.984824],[89.8637019,25.984108],[89.8648688,25.9835812],[89.86559,25.9834323],[89.8657613,25.983374],[89.8666924,25.982644],[89.8667878,25.9823793],[89.8666966,25.9822658],[89.8666113,25.9819957],[89.8665147,25.9816363],[89.8664409,25.9812871],[89.8664277,25.981165],[89.8663958,25.9808331],[89.8663996,25.9806802],[89.8663997,25.980675],[89.8664227,25.9805374],[89.8664361,25.9804824],[89.8664667,25.9803724],[89.8665155,25.9802804],[89.8666628,25.9800725],[89.8672769,25.9797841],[89.8674848,25.9797005],[89.8677502,25.9796343],[89.868169,25.9795682],[89.8682777,25.979577],[89.8684854,25.9796205],[89.8685908,25.9796929],[89.868677,25.9798345],[89.8687535,25.9800137],[89.8688172,25.980164],[89.8688522,25.980294],[89.8689124,25.9806453],[89.8688919,25.9808648],[89.8689161,25.9809344],[89.8691646,25.9814397],[89.8692618,25.9814892],[89.8694844,25.9815297],[89.8697658,25.9815409],[89.8699096,25.9815319],[89.8699987,25.9815246],[89.8701952,25.9814406],[89.8703472,25.9813438],[89.8705255,25.9812195],[89.8707382,25.9810641],[89.8708294,25.9809855],[89.8709592,25.9808337],[89.8710322,25.980702],[89.8712891,25.9801231],[89.8713135,25.9800633],[89.8713069,25.9800134],[89.8710803,25.9792248],[89.8710341,25.9790631],[89.87101,25.9789533],[89.8712641,25.9787699],[89.8714221,25.9786519],[89.871547,25.9785586],[89.8722676,25.9778666],[89.8724798,25.9776592],[89.8725572,25.9775535],[89.8726679,25.9773241],[89.8733297,25.9758796],[89.8723528,25.9746553],[89.8719536,25.974158],[89.8718058,25.9740401],[89.8717396,25.9740161],[89.8715034,25.973952],[89.871276,25.9738979],[89.870477,25.9736337],[89.8691284,25.9731375],[89.868581,25.9729335],[89.8679586,25.9726714],[89.8675106,25.9724435],[89.8670693,25.9721637],[89.8668398,25.9720317],[89.8667184,25.9719897],[89.8665992,25.9719577],[89.8665462,25.9719476],[89.8662702,25.9719294],[89.8655968,25.9719128],[89.8654245,25.9719167],[89.8652391,25.9719165],[89.8650205,25.9718923],[89.8642809,25.9717719],[89.8639321,25.9717057],[89.863835,25.9716836],[89.863601,25.9716076],[89.863334,25.9715015],[89.8632901,25.9714757],[89.8629466,25.9712505],[89.8626764,25.9710658],[89.8615137,25.9703163],[89.8612312,25.9701503],[89.8607987,25.9699224],[89.8602559,25.9696444],[89.8600308,25.9695504],[89.8592517,25.9692622],[89.8586346,25.9690699],[89.8580924,25.9689394],[89.8576698,25.9688847],[89.8570044,25.9688205],[89.8562315,25.9687728],[89.8551897,25.9687331],[89.8549056,25.9687245],[89.8547865,25.9687327],[89.8545939,25.9688154],[89.8542729,25.9689614],[89.8535149,25.9692479],[89.8519805,25.9698042],[89.8516076,25.9699253],[89.8509046,25.9701924],[89.8504644,25.9703715],[89.8498072,25.9706497],[89.849309,25.9708634],[89.8488649,25.9709762],[89.8477505,25.971095],[89.8473686,25.971125],[89.8469469,25.9711356],[89.8463481,25.9711128],[89.8459174,25.9710931],[89.8444601,25.9710197],[89.843,25.9708524],[89.8425876,25.9707912],[89.8424196,25.9707524],[89.8420379,25.9706222],[89.8416623,25.9704754],[89.8415432,25.97042],[89.8415188,25.9703758],[89.8414735,25.9700499],[89.8414403,25.9696991],[89.8413036,25.9690997],[89.8410756,25.9682765],[89.8409473,25.9682377],[89.8405625,25.9681876],[89.8401226,25.9681456],[89.8398171,25.9681536],[89.8397009,25.9681645],[89.8392518,25.9681723],[89.8390166,25.968172],[89.8389128,25.968125],[89.8386747,25.9679507],[89.8385588,25.9678512],[89.8385467,25.9676965],[89.8385369,25.9659373],[89.8385401,25.9658545],[89.8387419,25.9657525],[89.8389833,25.9656506],[89.8396925,25.9653614],[89.8410834,25.9647582],[89.8414867,25.9646896],[89.8418961,25.9646873],[89.8421864,25.9646489],[89.8424126,25.9645663],[89.8426174,25.9644754],[89.8426594,25.9644366],[89.8428651,25.9642464],[89.8429845,25.9640919],[89.8430794,25.963907],[89.8439402,25.962157],[89.8458356,25.9587843],[89.8459428,25.9585939],[89.8460411,25.9584402],[89.8463913,25.9578927],[89.8465104,25.9577097],[89.8469468,25.9566078],[89.846685,25.9564906],[89.8464735,25.9563901],[89.8461126,25.956165],[89.8458693,25.9559826],[89.8445004,25.9547603],[89.844694,25.9543946],[89.8458624,25.9522291],[89.8460223,25.9519848],[89.8462712,25.9517102],[89.8470936,25.9508942],[89.8474837,25.9505438],[89.8482101,25.9499144],[89.8484303,25.9497431],[89.848572,25.9496425],[89.8487228,25.9495354],[89.8492601,25.9491623],[89.8493363,25.9491093],[89.8491465,25.9491592],[89.8474123,25.9498635],[89.8462394,25.9503618],[89.8460972,25.950379],[89.8455927,25.9504401],[89.8443295,25.9505465],[89.8440603,25.9505677],[89.8438889,25.9505811],[89.8435468,25.950608],[89.8429874,25.9506833],[89.840432,25.9513],[89.8401397,25.951412],[89.8368676,25.9528782],[89.8354645,25.9535059],[89.8338749,25.9542182],[89.832926,25.9546602],[89.832644,25.9547795],[89.8322739,25.9548677],[89.8308007,25.9551761],[89.830737,25.9551871],[89.8306047,25.9551737],[89.8301515,25.9550712],[89.829211,25.9547777],[89.8290689,25.954731],[89.8289857,25.9546888],[89.8283737,25.9542761],[89.8281877,25.9541252],[89.8280531,25.9540143],[89.8275221,25.9534909],[89.8256774,25.9515304],[89.825614,25.9513398],[89.8256018,25.9513015],[89.8255042,25.9509941],[89.8254189,25.9506882],[89.8253303,25.9503177],[89.8253286,25.9503097],[89.8250834,25.9488846],[89.8250374,25.948539],[89.8250578,25.9479453],[89.8250829,25.9475377],[89.8250979,25.9473428],[89.8251404,25.9468001],[89.8251802,25.9463948],[89.8252568,25.9459385],[89.8253873,25.9455045],[89.8256329,25.9455211],[89.8260856,25.9455518],[89.826333,25.9455787],[89.8268352,25.9456281],[89.8275408,25.9456954],[89.8279328,25.9457224],[89.8285037,25.9457275],[89.8289864,25.9457214],[89.8293907,25.9457108],[89.8297656,25.9456891],[89.8300033,25.945654],[89.8301479,25.9456187],[89.8307632,25.9454488],[89.8324541,25.9452514],[89.832704,25.9452583],[89.8331297,25.9452558],[89.8333264,25.9452546],[89.8337699,25.9452441],[89.8357179,25.9451776],[89.8366441,25.9451432],[89.8369949,25.9450771],[89.8373197,25.9449837],[89.8377827,25.9448733],[89.8392688,25.9445336],[89.8402457,25.9443195],[89.8403591,25.9443008],[89.8407503,25.9442803],[89.8409998,25.9442949],[89.8412246,25.944308],[89.8417476,25.9443295],[89.8421132,25.9443236],[89.8423493,25.9443071],[89.8421333,25.9441386],[89.841917,25.9439698],[89.8415541,25.9436702],[89.8410409,25.9432324],[89.839814,25.9418669],[89.8392941,25.9412574],[89.8391509,25.9410753],[89.8415608,25.9403728],[89.8427368,25.940031],[89.8450347,25.9400251],[89.8468123,25.9414654],[89.8482803,25.9426407],[89.8485785,25.9428795],[89.8494624,25.9429934],[89.8517946,25.9432762],[89.8526047,25.9433479],[89.8530786,25.9433333],[89.8535223,25.943316],[89.8551137,25.9433088],[89.8585333,25.9433161],[89.8596115,25.9433431],[89.859773,25.9433644],[89.8610112,25.9435499],[89.862039,25.9437324],[89.8632626,25.9438303],[89.8635375,25.9438472],[89.8651883,25.9440977],[89.8669543,25.9445566],[89.8670382,25.9445771],[89.867106,25.9445937],[89.8672072,25.9445903],[89.8673547,25.9445683],[89.8678863,25.9444889],[89.868793,25.9443895],[89.8688377,25.9443913],[89.869141,25.9445991],[89.8704827,25.9451755],[89.8723887,25.9459981],[89.8724332,25.9460197],[89.8726821,25.9461184],[89.8729505,25.9462066],[89.8739482,25.9464573],[89.8754168,25.9467269],[89.8759363,25.9467992],[89.8761861,25.9468338],[89.8764906,25.946858],[89.8769787,25.9468928],[89.877682,25.9467842],[89.8785393,25.9466458],[89.8791946,25.9465042],[89.8794743,25.9464476],[89.8811491,25.9462066],[89.8823637,25.946064],[89.8838034,25.9458946],[89.8847335,25.9457697],[89.8851588,25.9457042],[89.8864828,25.9453656],[89.8868257,25.9452712],[89.8869214,25.9452448],[89.887077,25.9452016],[89.8866028,25.9444562],[89.8860659,25.9436001],[89.8855124,25.942717],[89.8842966,25.9407683],[89.8836887,25.9397625],[89.8826663,25.937971],[89.882479,25.9375317],[89.882209,25.936898],[89.8817931,25.9359073],[89.8807351,25.9333857],[89.8797876,25.9311761],[89.8786881,25.9288729],[89.8782638,25.9280707],[89.8781102,25.9277669],[89.8772659,25.9256827],[89.8783809,25.925653],[89.8783856,25.9251926],[89.8783872,25.9250353],[89.8783212,25.9247809],[89.8781792,25.9242336],[89.8769049,25.9226551],[89.8761889,25.9217892],[89.8748019,25.9201366],[89.8742832,25.9195542],[89.8734796,25.9187622],[89.8717146,25.9169943],[89.8700811,25.9153756],[89.8687937,25.91411],[89.8667969,25.9121611],[89.8652895,25.9105411],[89.8635811,25.9086508],[89.8628945,25.9079266],[89.8623203,25.9073644],[89.8617762,25.9068385],[89.8614825,25.9069873],[89.8607766,25.907332],[89.8604059,25.9064027],[89.8601696,25.9056608],[89.8600454,25.9052898],[89.8592312,25.9036857],[89.8584893,25.9022543],[89.8578977,25.9011321],[89.8568342,25.8997023],[89.8559127,25.8988688],[89.8555532,25.8985812],[89.8553002,25.8983937],[89.8544642,25.897808],[89.8539951,25.8975046],[89.8536973,25.8973347],[89.8533995,25.8971518],[89.8527671,25.8967396],[89.8523284,25.8964043],[89.8516241,25.8958007],[89.851549,25.8956992],[89.8514643,25.8954861],[89.8514451,25.8954339],[89.8513495,25.89507],[89.8512522,25.8947177],[89.8511692,25.8944524],[89.85111,25.8943567],[89.8510011,25.8942798],[89.8507162,25.8940954],[89.8498852,25.8935858],[89.8494817,25.8933419],[89.8492929,25.8931736],[89.8488751,25.8927964],[89.8488592,25.8927775],[89.8483422,25.8921467],[89.848288,25.8920769],[89.8482496,25.8920131],[89.8482113,25.8919072],[89.8481827,25.8917753],[89.8481738,25.8916859],[89.8481431,25.8913753],[89.8481842,25.8905376],[89.8482203,25.8899188],[89.8482994,25.8894406],[89.8484009,25.8890074],[89.8485216,25.8886162],[89.8485308,25.8876712],[89.8479033,25.8872416],[89.8477048,25.8871008],[89.8477004,25.8870972],[89.8472454,25.8867249],[89.8461635,25.885831],[89.8455106,25.8851796],[89.8448674,25.8844992],[89.8441251,25.883652],[89.8429349,25.8823275],[89.8427045,25.8820765],[89.8420464,25.8813771],[89.8412938,25.8806076],[89.8409969,25.8802611],[89.8407558,25.8799652],[89.8403444,25.8794274],[89.8399445,25.8787868],[89.8397689,25.878383],[89.8394771,25.8777065],[89.8393893,25.8774776],[89.8393621,25.8773511],[89.8393356,25.8772282],[89.8391744,25.8766907],[89.8391319,25.8765826],[89.8387688,25.8760706],[89.8384794,25.8757592],[89.8382693,25.8755584],[89.8376421,25.8749716],[89.8374519,25.8748068],[89.8361631,25.8737693],[89.83511,25.87293],[89.8345764,25.8724332],[89.834023,25.8719106],[89.8325726,25.8706055],[89.8330402,25.8695571],[89.8332169,25.8691614],[89.8334021,25.8688094],[89.8335783,25.8684925],[89.8336015,25.8684574],[89.8338693,25.8679821],[89.8339406,25.8678408],[89.8340176,25.8676249],[89.8340889,25.8674142],[89.8341432,25.8672111],[89.8343247,25.8663779],[89.8343866,25.8660352],[89.8344085,25.8657289],[89.8344142,25.8656499],[89.8344142,25.8656482],[89.8344165,25.8652402],[89.8344511,25.8650002],[89.8346565,25.8639801],[89.8347091,25.8637451],[89.8348559,25.8632898],[89.8349519,25.8630107],[89.8350045,25.8628312],[89.8350606,25.8626356],[89.8354301,25.8613218],[89.8355504,25.8608173],[89.8356012,25.8606035],[89.8356558,25.8602575],[89.8356833,25.8599588],[89.8356885,25.8596889],[89.8356892,25.8596568],[89.8355716,25.8585645],[89.8355054,25.8581383],[89.8354481,25.8578264],[89.8354067,25.8577135],[89.8353978,25.8576892],[89.8353078,25.8575373],[89.8349152,25.8569916],[89.8345784,25.8565733],[89.8344001,25.8563348],[89.8343028,25.8561991],[89.8342075,25.8560195],[89.8341283,25.8558692],[89.8340745,25.8556601],[89.833872,25.85462],[89.8338522,25.8542315],[89.833856,25.8539005],[89.8338884,25.8533115],[89.8339274,25.853032],[89.8340608,25.852157],[89.8341222,25.8517557],[89.8341947,25.8513286],[89.834587,25.8493681],[89.8346612,25.849011],[89.8348115,25.8481934],[89.8348682,25.8478283],[89.8348894,25.847687],[89.8349251,25.8472694],[89.8349685,25.8463533],[89.8349822,25.8452847],[89.8349673,25.8446702],[89.8349782,25.8444162],[89.8349956,25.8440972],[89.834998,25.8440526],[89.835023,25.8437351],[89.8350567,25.8435144],[89.8351149,25.8432382],[89.835243,25.8420078],[89.8352573,25.8418284],[89.83527,25.8415267],[89.8352816,25.8407344],[89.8351152,25.8405056],[89.8347982,25.8400797],[89.8344917,25.8396871],[89.8340748,25.8391897],[89.8335335,25.8385492],[89.8325401,25.837554],[89.8312751,25.8362617],[89.8309405,25.8359104],[89.8306409,25.8356163],[89.8292759,25.8343524],[89.828999,25.8341123],[89.8287046,25.8338706],[89.8282366,25.8335541],[89.8278003,25.8332838],[89.8272298,25.8329445],[89.8271201,25.8327452],[89.8270343,25.8325822],[89.8268468,25.8321368],[89.8267667,25.8317792],[89.826732,25.8316187],[89.8266413,25.8311637],[89.8266167,25.8310785],[89.826553,25.8308626],[89.826459,25.8305625],[89.8260205,25.8291711],[89.8259538,25.8290079],[89.8258596,25.8288183],[89.8257871,25.8287011],[89.825214,25.8278569],[89.8249369,25.8274631],[89.824133,25.8263516],[89.8227169,25.8244313],[89.8218377,25.8231855],[89.8211921,25.8222623],[89.8208888,25.8218632],[89.8207989,25.8217499],[89.8203039,25.8211808],[89.8202285,25.8211005],[89.8200615,25.8209239],[89.819552,25.8204022],[89.818954,25.8197844],[89.8187406,25.8195393],[89.8185708,25.8193431],[89.8184054,25.8191336],[89.8177526,25.8182249],[89.817712,25.8181669],[89.8176438,25.8180589],[89.8173901,25.817602],[89.8172887,25.8173387],[89.8169832,25.8165436],[89.8169296,25.8163948],[89.8169036,25.8163184],[89.8168212,25.8159788],[89.8167722,25.8157406],[89.8167563,25.8156538],[89.8165906,25.8147193],[89.8165447,25.8143021],[89.8165535,25.8142455],[89.8165841,25.8142337],[89.8168821,25.814213],[89.8171017,25.8141975],[89.8177705,25.8141234],[89.8186793,25.8140206],[89.8189105,25.8139893],[89.8191417,25.813954],[89.8195125,25.8138729],[89.8199896,25.8137327],[89.8206965,25.8135033],[89.8207999,25.8134621],[89.8209699,25.8133944],[89.8213103,25.8132409],[89.8218006,25.8130152],[89.8219956,25.8129154],[89.8223128,25.8126684],[89.8225472,25.8124687],[89.8226491,25.8123596],[89.8228355,25.8121677],[89.823163,25.8118747],[89.8234584,25.8116803],[89.8236694,25.8115476],[89.8238047,25.8114728],[89.8239633,25.8114072],[89.8243094,25.811305],[89.8245276,25.811246],[89.8250743,25.8111493],[89.8253521,25.8111023],[89.8254902,25.8110985],[89.8257155,25.811108],[89.8258812,25.81112],[89.8259773,25.8110136],[89.8261302,25.8108098],[89.8262351,25.8106612],[89.8263599,25.810473],[89.826502,25.8102062],[89.8266211,25.8099655],[89.8268181,25.8094658],[89.8270119,25.8088749],[89.8271144,25.8085227],[89.8274985,25.8074702],[89.8278346,25.8066295],[89.827966,25.8062924],[89.8282013,25.8056484],[89.8284229,25.8050024],[89.8292677,25.8024955],[89.8299181,25.8007596],[89.829535,25.799301],[89.8294043,25.7988447],[89.8293274,25.7985383],[89.8292773,25.7983314],[89.8292578,25.7980984],[89.8292618,25.7978312],[89.8293219,25.7973506],[89.8293656,25.7970086],[89.8294146,25.7967056],[89.8294436,25.7965883],[89.8294942,25.7964157],[89.8296604,25.7959662],[89.8297741,25.7957529],[89.8299184,25.7955087],[89.8300519,25.7953069],[89.8302881,25.7949976],[89.8303313,25.7949455],[89.8303486,25.7949253],[89.8305314,25.7947112],[89.8305693,25.7946525],[89.8307611,25.7939539],[89.8308045,25.7937763],[89.8308538,25.7933072],[89.8308594,25.7931678],[89.8308631,25.7930742],[89.8308995,25.7927712],[89.8309268,25.7925464],[89.8309796,25.792175],[89.831148,25.7914274],[89.8311878,25.7912564],[89.8312655,25.7910675],[89.8313665,25.7908917],[89.8314496,25.790773],[89.8317114,25.7904084],[89.8318887,25.7902021],[89.8322943,25.789795],[89.8332554,25.7889326],[89.8335857,25.7886697],[89.8339046,25.7884119],[89.833946,25.7883639],[89.8340041,25.7875292],[89.8340165,25.787118],[89.8340248,25.7868385],[89.8340252,25.7865395],[89.83401,25.7862895],[89.834004,25.7861923],[89.8339855,25.7860315],[89.8339652,25.7858559],[89.8339425,25.7851776],[89.8339293,25.78477],[89.8339361,25.7841915],[89.8339771,25.7829508],[89.8343888,25.7824262],[89.8351663,25.7813202],[89.8363588,25.7795857],[89.836879,25.7787372],[89.8371825,25.7781662],[89.8375393,25.7774937],[89.8381405,25.7763587],[89.8382825,25.7760295],[89.8383564,25.7758106],[89.8383792,25.7757431],[89.8384187,25.7756167],[89.8386044,25.7749637],[89.8387526,25.7743604],[89.8390433,25.7731503],[89.8394916,25.7711981],[89.8397891,25.7696587],[89.8401074,25.7680073],[89.8402631,25.7671988],[89.8403048,25.7669013],[89.840329,25.7667292],[89.8403811,25.7662969],[89.8404089,25.7660263],[89.8404787,25.7652425],[89.8407185,25.7631587],[89.8410238,25.7609195],[89.8413109,25.7591421],[89.8406745,25.7579577],[89.8406191,25.7578738],[89.8401769,25.7571859],[89.8398618,25.7565448],[89.8396666,25.7560842],[89.839581,25.7558571],[89.8394715,25.7555646],[89.8394065,25.7553685],[89.8391496,25.7548519],[89.8390172,25.7546523],[89.8385258,25.7539118],[89.836869,25.751448],[89.8364896,25.750954],[89.8362838,25.7507091],[89.8360701,25.7504851],[89.83548,25.749823],[89.834982,25.7492472],[89.8345272,25.7486804],[89.8341156,25.7480836],[89.8337405,25.7475817],[89.8326301,25.7461784],[89.8308107,25.744053],[89.8303076,25.7435329],[89.8296517,25.7429237],[89.8290888,25.7424065],[89.8286852,25.7420672],[89.8281821,25.7415847],[89.8269568,25.7403575],[89.8269823,25.7399885],[89.8270813,25.7393652],[89.8271533,25.7389918],[89.8271885,25.7388051],[89.8272724,25.7382993],[89.8272976,25.7381035],[89.8273263,25.7377948],[89.8273319,25.7362332],[89.8273241,25.7358718],[89.8271842,25.7349154],[89.8271594,25.7347903],[89.8271247,25.7346623],[89.8270059,25.7340703],[89.8269252,25.7335176],[89.8269072,25.7333444],[89.8268845,25.7329106],[89.8269174,25.7327441],[89.8269431,25.732614],[89.8269933,25.7324605],[89.8272316,25.7319192],[89.8277647,25.7301498],[89.8283664,25.7282504],[89.8284981,25.7278908],[89.8286946,25.727498],[89.8288034,25.7272969],[89.8289279,25.7271243],[89.8297621,25.7261364],[89.8301738,25.7256963],[89.8302345,25.7256308],[89.830307,25.7255523],[89.8304525,25.7253702],[89.8307998,25.7247098],[89.8308911,25.7245086],[89.8310282,25.7240445],[89.8310787,25.7238681],[89.8310985,25.7237989],[89.8312217,25.7233173],[89.8313361,25.7228468],[89.8314381,25.7224158],[89.83157,25.7219643],[89.8317879,25.7213022],[89.8318722,25.7210534],[89.8320267,25.7206448],[89.8321286,25.7203882],[89.8327709,25.7189436],[89.8334094,25.7177114],[89.833697,25.7172284],[89.8341491,25.7166647],[89.834252,25.7165379],[89.8343559,25.7164098],[89.8343871,25.7163784],[89.8344908,25.7162737],[89.8347097,25.7160743],[89.835004,25.7158512],[89.8351318,25.7157626],[89.8352455,25.7156844],[89.835454,25.7155411],[89.8356798,25.7154066],[89.83645,25.7150684],[89.8365515,25.7150384],[89.8368228,25.7149658],[89.837444,25.7148365],[89.8376085,25.7148082],[89.8378657,25.7147831],[89.8381246,25.7147755],[89.8385252,25.7147696],[89.8391252,25.7147623],[89.8400862,25.7147956],[89.8407267,25.7148252],[89.8426032,25.7150658],[89.843176,25.715125],[89.8432305,25.7151306],[89.8438281,25.7151701],[89.8440215,25.7151774],[89.844515,25.7151961],[89.8452393,25.715207],[89.8458834,25.7152144],[89.8467008,25.715195],[89.8483243,25.7151411],[89.8492903,25.715061],[89.850274,25.7134076],[89.8505333,25.7129576],[89.8508749,25.7122293],[89.8509459,25.7120439],[89.8509579,25.7120126],[89.8510804,25.7116915],[89.8511402,25.711501],[89.8517758,25.7094036],[89.8518244,25.7092181],[89.8518975,25.7088775],[89.8519725,25.7084357],[89.852001,25.7079466],[89.8520012,25.7077611],[89.8519868,25.7074001],[89.85193,25.7066411],[89.8515684,25.7062875],[89.8514069,25.705126],[89.8513625,25.7049354],[89.8512773,25.70463],[89.8511863,25.7043887],[89.8508949,25.7037054],[89.8508077,25.7035113],[89.8504825,25.7030151],[89.8503487,25.7028413],[89.8500252,25.7025306],[89.8496086,25.702176],[89.8494245,25.7020122],[89.8492907,25.7018603],[89.8492445,25.701614],[89.849254,25.7014369],[89.8492541,25.701436],[89.8492634,25.7013678],[89.8492527,25.7009832],[89.8492105,25.7005042],[89.8491995,25.7003929],[89.8491643,25.7002107],[89.8490587,25.6997957],[89.8487288,25.6986923],[89.8486601,25.6985421],[89.8485431,25.6983076],[89.8481363,25.6976764],[89.8480675,25.6975818],[89.8478742,25.6973354],[89.8477441,25.6971852],[89.8475713,25.6969708],[89.84701,25.69625],[89.8469325,25.6961491],[89.8468772,25.6960726],[89.8466587,25.6957701],[89.8466879,25.6956162],[89.8469704,25.6949721],[89.847563,25.6937491],[89.8478903,25.6931746],[89.8486938,25.6918096],[89.8490328,25.6912807],[89.8498193,25.6900534],[89.8507886,25.6884948],[89.8512577,25.6877145],[89.8515105,25.6872854],[89.8517545,25.6869193],[89.8530464,25.6852452],[89.8532551,25.6849764],[89.8536202,25.6845151],[89.8543213,25.6836687],[89.8549325,25.6829549],[89.8555491,25.6823424],[89.8560026,25.6819037],[89.8563333,25.6816247],[89.8566584,25.6813967],[89.8570491,25.6810987],[89.858091,25.6802624],[89.8583808,25.679986],[89.8585271,25.6797383],[89.8585983,25.6795639],[89.8586017,25.6795555],[89.8590013,25.6784154],[89.859044,25.6782831],[89.8591319,25.6779944],[89.8591351,25.6779824],[89.859188,25.6777803],[89.859228,25.6776119],[89.8593188,25.6771837],[89.859423,25.6766328],[89.8595165,25.676118],[89.8596847,25.6753241],[89.8599539,25.6741588],[89.8603973,25.672245],[89.8604793,25.6718956],[89.860504,25.6717903],[89.8606319,25.671403],[89.8609408,25.6706478],[89.86183,25.668601],[89.8624315,25.6673143],[89.8625459,25.667081],[89.862921,25.666439],[89.8630461,25.6662394],[89.863546,25.6655493],[89.863881,25.6651213],[89.8642745,25.6646717],[89.865125,25.6638231],[89.8652632,25.663703],[89.8654891,25.6635227],[89.8657123,25.6633665],[89.8661161,25.6630998],[89.866326,25.6629893],[89.8668094,25.6627708],[89.8671866,25.6626244],[89.8675584,25.6625501],[89.8678786,25.6634888],[89.8678872,25.6634863],[89.869193,25.6631019],[89.8693772,25.6630476],[89.870144,25.6633673],[89.8710935,25.6625521],[89.8711786,25.6620901],[89.87136,25.6612702],[89.8717772,25.6594164],[89.8719024,25.6590347],[89.8720894,25.6585898],[89.8725749,25.6574981],[89.8726328,25.657379],[89.8726644,25.6573212],[89.8727013,25.6572538],[89.8727766,25.6571201],[89.8728492,25.6569803],[89.8730523,25.656522],[89.8734424,25.6556322],[89.8737195,25.6549843],[89.8737532,25.6548359],[89.8741008,25.6534462],[89.8743446,25.6525186],[89.8746962,25.6512432],[89.874843,25.6506742],[89.875282,25.6489594],[89.8755625,25.6477611],[89.8757053,25.6472188],[89.8760278,25.6461549],[89.8762785,25.6453833],[89.877061,25.6429579],[89.8772402,25.6423233],[89.8774463,25.6416329],[89.8778646,25.6402836],[89.8781386,25.6394163],[89.8782353,25.6392582],[89.878482,25.6390406],[89.8794563,25.6381218],[89.879518,25.6380362],[89.8798744,25.6368712],[89.8802042,25.6357024],[89.8803423,25.6351962],[89.8803856,25.6349933],[89.8807611,25.6332195],[89.8810461,25.6316877],[89.8813586,25.6292363],[89.8817269,25.6264238],[89.8817911,25.6258579],[89.8818598,25.6249253],[89.881862,25.6247205],[89.8818073,25.6224139],[89.8817793,25.6194367],[89.8820065,25.6187457],[89.8823574,25.6176789],[89.8825055,25.6172042],[89.881553,25.6151885],[89.8811998,25.614464],[89.8811193,25.6140954],[89.8808336,25.6126248],[89.8807754,25.6122525],[89.8806729,25.6115906],[89.8806777,25.6113453],[89.8806229,25.6090054],[89.8806071,25.6086974],[89.8804642,25.6080582],[89.8797431,25.6052022],[89.879483,25.6041541],[89.8788872,25.6018298],[89.8788023,25.6015442],[89.8775966,25.5989278],[89.8760207,25.5955872],[89.875161,25.5939631],[89.8748733,25.5935729],[89.8747466,25.5931463],[89.8745581,25.5924173],[89.8744269,25.5918994],[89.8743225,25.5915051],[89.8736768,25.589078],[89.8733623,25.5879192],[89.8732907,25.5876079],[89.8733416,25.5875023],[89.8736471,25.5871183],[89.8739186,25.5868361],[89.8740755,25.5866538],[89.8742347,25.5863849],[89.8746825,25.5855976],[89.8751129,25.5847477],[89.8754379,25.5835849],[89.8756366,25.5828703],[89.8756413,25.58282],[89.8756537,25.5826878],[89.8756531,25.5812276],[89.8756448,25.5811354],[89.8756047,25.5809701],[89.8755414,25.5807261],[89.8751965,25.5795853],[89.875094,25.5792851],[89.8747806,25.5786014],[89.8745828,25.5781807],[89.8739879,25.5767083],[89.8734777,25.5753973],[89.8734067,25.5751829],[89.8733298,25.5749509],[89.873231,25.5746812],[89.8731415,25.5744877],[89.8731321,25.5744675],[89.8728596,25.5740196],[89.8727058,25.5738458],[89.8721538,25.5731745],[89.8724402,25.572861],[89.8726891,25.5726052],[89.8728389,25.5724272],[89.8732587,25.571478],[89.8732869,25.5713661],[89.8732298,25.5705487],[89.8731993,25.5702976],[89.8731834,25.5701671],[89.8729187,25.5694937],[89.8728123,25.5692935],[89.8726532,25.5692034],[89.8726292,25.5691899],[89.8723022,25.56902],[89.8717024,25.568721],[89.8710783,25.5684169],[89.8703869,25.5680806],[89.8698083,25.5672288],[89.8695843,25.5668928],[89.8694088,25.5666247],[89.8688545,25.5657679],[89.8675958,25.5628772],[89.8672022,25.5617166],[89.8670043,25.5601974],[89.8668009,25.5586436],[89.8667094,25.5580757],[89.8666038,25.5573458],[89.8662611,25.5546091],[89.8662117,25.5535913],[89.8663653,25.5513789],[89.8664078,25.5506803],[89.8664055,25.5504779],[89.866379,25.5481669],[89.8663645,25.5476969],[89.8660376,25.5461905],[89.8646979,25.5446253],[89.8639069,25.5437213],[89.8633212,25.5433759],[89.8630124,25.5431977],[89.8624927,25.5429579],[89.8623195,25.5429208],[89.8615146,25.5427891],[89.8604726,25.5426123],[89.8601416,25.5425386],[89.8600043,25.5425029],[89.8592,25.5421718],[89.8586122,25.5419266],[89.8585575,25.5418934],[89.8582434,25.5416778],[89.8575089,25.5411777],[89.8567805,25.5406958],[89.8544392,25.5399282],[89.8521223,25.5391918],[89.8518852,25.5391179],[89.8515041,25.5389979],[89.8512734,25.5386279],[89.8514482,25.5382859],[89.8515579,25.5381039],[89.8517714,25.5376626],[89.8519544,25.5372819],[89.8527107,25.5357061],[89.8531234,25.5348253],[89.8536052,25.5337881],[89.8540547,25.5326737],[89.8544208,25.5317745],[89.8545257,25.531524],[89.8549801,25.5304431],[89.8559848,25.5278832],[89.856823,25.525588],[89.8574915,25.5238286],[89.8579135,25.5227699],[89.8586994,25.520966],[89.859238,25.5198012],[89.859381,25.5195158],[89.8594483,25.5193819],[89.8595853,25.5191091],[89.8597045,25.5188719],[89.8601415,25.5178416],[89.8602366,25.5176124],[89.8602103,25.5174417],[89.8606865,25.5165681],[89.8624591,25.5157635],[89.8636084,25.5148731],[89.8640502,25.5145308],[89.8648634,25.5140567],[89.8657041,25.5137517],[89.8657211,25.5132339],[89.8671595,25.5131991],[89.8687141,25.5125603],[89.8689173,25.5123467],[89.869603,25.5116258],[89.8696304,25.5110862],[89.8696395,25.5109065],[89.8692916,25.5100536],[89.8688684,25.5092367],[89.8681953,25.5085275],[89.8667928,25.5079327],[89.8650847,25.5076649],[89.8640027,25.5075776],[89.8629089,25.5074075],[89.8612884,25.5069887],[89.8599908,25.5067933],[89.8585934,25.5065978],[89.8581886,25.5065399],[89.8580345,25.5065179],[89.8579446,25.5064028],[89.857601,25.5059417],[89.8572211,25.5054377],[89.8556397,25.5035297],[89.8548381,25.5038502],[89.8541904,25.5041159],[89.8539061,25.5042382],[89.8538643,25.5041536],[89.8537722,25.50395],[89.8536598,25.5036015],[89.8536379,25.5035268],[89.853625,25.5034199],[89.8536079,25.5031409],[89.8535929,25.5028678],[89.8536197,25.5023672],[89.853644,25.5021219],[89.8536946,25.5017815],[89.8537209,25.5016628],[89.8538392,25.5012257],[89.853999,25.5007014],[89.8546138,25.4990003],[89.8550183,25.4980311],[89.8551866,25.4977067],[89.8551954,25.4976375],[89.8551999,25.4974831],[89.8551978,25.4974554],[89.8551326,25.4973168],[89.8550782,25.4972198],[89.8542642,25.4960396],[89.8540529,25.4958059],[89.8529705,25.4948411],[89.8528006,25.4947361],[89.8522515,25.4944169],[89.8516414,25.4941393],[89.8514076,25.4940482],[89.8507021,25.4938514],[89.8504536,25.4938056],[89.8501571,25.4937598],[89.8498585,25.49371],[89.8498084,25.4936506],[89.8494145,25.4930249],[89.8493102,25.4927972],[89.8492646,25.492627],[89.8492342,25.4925023],[89.8492213,25.4924251],[89.849191,25.4922153],[89.8491804,25.4919996],[89.8493985,25.4919247],[89.8493553,25.4916238],[89.8491582,25.4905511],[89.8489955,25.4899395],[89.8489782,25.4898484],[89.8489962,25.4893419],[89.8490226,25.4891638],[89.8491061,25.4886573],[89.8491324,25.4885327],[89.84964,25.4871362],[89.8499853,25.4865112],[89.8502998,25.4860505],[89.8504986,25.4857262],[89.8504422,25.4854649],[89.8498979,25.4831967],[89.8496962,25.4823673],[89.8496463,25.4821377],[89.8496251,25.4819391],[89.8496195,25.4818716],[89.8495761,25.4812385],[89.8495745,25.481189],[89.8495862,25.48106],[89.8496063,25.4808875],[89.8496379,25.4807511],[89.8496629,25.4805801],[89.8496813,25.4803612],[89.8496766,25.4802121],[89.849675,25.4801617],[89.8496559,25.4795842],[89.8495532,25.4771409],[89.8495353,25.4769309],[89.849475,25.4762679],[89.8494081,25.4755764],[89.8493205,25.4743375],[89.8495424,25.4739058],[89.8500514,25.4738313],[89.8502002,25.473791],[89.850463,25.4737178],[89.8505754,25.4736729],[89.8506779,25.4736205],[89.8518139,25.4729122],[89.8520421,25.4727565],[89.8521364,25.4726381],[89.8522059,25.4725272],[89.8522523,25.4724342],[89.8522805,25.4723413],[89.8521523,25.4718342],[89.8520839,25.4709867],[89.8520483,25.4704003],[89.8520651,25.4701603],[89.8520668,25.4701003],[89.852067,25.4699593],[89.8519889,25.4690144],[89.8519576,25.4689019],[89.8519066,25.4687548],[89.851811,25.4685567],[89.8517088,25.4683767],[89.8518704,25.4672955],[89.8520791,25.4668772],[89.8522254,25.4661724],[89.8522489,25.4658815],[89.852549,25.4660795],[89.8544819,25.4673547],[89.8546687,25.4672792],[89.8565442,25.4677577],[89.858249,25.4684561],[89.8599537,25.4691545],[89.8635478,25.470627],[89.8654347,25.4716927],[89.8708855,25.4758467],[89.8716897,25.4773485],[89.8713804,25.4784399],[89.8711491,25.4792568],[89.8719695,25.4819021],[89.872091,25.4834741],[89.8722818,25.4859408],[89.872724,25.4868119],[89.8739041,25.4879448],[89.8744851,25.4891293],[89.8749506,25.4900781],[89.876231,25.4926885],[89.8766898,25.4955027],[89.8762828,25.4966277],[89.8763941,25.4999798],[89.876481,25.5000796],[89.8768298,25.5004273],[89.8768636,25.5004964],[89.8768685,25.5006273],[89.8768139,25.5007988],[89.876605,25.500862],[89.8762519,25.5008891],[89.8760479,25.5010109],[89.8759186,25.5012276],[89.8757645,25.501697],[89.8757297,25.5019723],[89.8757349,25.5020644],[89.8757844,25.5029382],[89.8757545,25.5033128],[89.875675,25.5038454],[89.8753915,25.5041388],[89.8747052,25.5046172],[89.8743968,25.5048971],[89.8742078,25.5052717],[89.8741879,25.5056282],[89.8741829,25.506066],[89.8741779,25.5063053],[89.873979,25.506549],[89.8733971,25.5067386],[89.8730241,25.5069191],[89.8728301,25.5071177],[89.8728003,25.5072351],[89.8728699,25.5074156],[89.8729992,25.5074833],[89.873395,25.5074278],[89.8734816,25.5074156],[89.8752472,25.5073073],[89.8774058,25.507402],[89.8784055,25.5072712],[89.8793604,25.5070545],[89.8801512,25.506919],[89.8808774,25.5068242],[89.8814643,25.5069099],[89.8821407,25.5070678],[89.882648,25.5071536],[89.8837024,25.507149],[89.8847668,25.5073521],[89.8855278,25.5075144],[89.8858212,25.507704],[89.8859357,25.5079206],[89.8859258,25.5083585],[89.8858462,25.5091122],[89.8856672,25.50969],[89.8852943,25.5106243],[89.8849065,25.5116489],[89.8847374,25.5122492],[89.8844888,25.5132287],[89.8843396,25.5137793],[89.8841059,25.5142397],[89.8837328,25.514709],[89.8831509,25.5152823],[89.8823999,25.5157428],[89.8816687,25.5159955],[89.8812112,25.5162213],[89.8808779,25.5164334],[89.8806989,25.5167403],[89.8806641,25.516984],[89.8807486,25.5172052],[89.8810918,25.5174083],[89.881823,25.5176114],[89.8828477,25.5180807],[89.8833552,25.5183831],[89.8837282,25.5187261],[89.8837232,25.5188615],[89.8834895,25.5191143],[89.8831811,25.519191],[89.8828478,25.5191098],[89.8815744,25.5185817],[89.8808034,25.5181982],[89.8803109,25.5179906],[89.8799479,25.5179996],[89.8795699,25.5180628],[89.8791272,25.5182885],[89.8789381,25.5184916],[89.8784606,25.5189295],[89.8777842,25.5195117],[89.8773366,25.5196246],[89.8765008,25.5193854],[89.8743471,25.5180403],[89.8739342,25.517756],[89.8736357,25.5173813],[89.8733473,25.5168939],[89.8733075,25.5169526],[89.8733323,25.5175258],[89.8734617,25.5188618],[89.8734915,25.5193177],[89.8734666,25.5194486],[89.8733223,25.519602],[89.8730736,25.519611],[89.872805,25.5194665],[89.8725016,25.519101],[89.8723077,25.518758],[89.8721684,25.5185503],[89.8719048,25.5185188],[89.8717357,25.5185323],[89.8714124,25.5189701],[89.8712681,25.5196967],[89.8712382,25.5204054],[89.8713675,25.5211862],[89.871472,25.521773],[89.8714869,25.5219174],[89.8713476,25.5220754],[89.8710989,25.522134],[89.8707557,25.5219987],[89.8703428,25.5218271],[89.8698653,25.5215202],[89.8695718,25.5213486],[89.8694126,25.5213171],[89.8689849,25.5214298],[89.8688307,25.5214885],[89.8686267,25.521818],[89.8683283,25.5227658],[89.8681093,25.5235466],[89.8679351,25.5242417],[89.8677212,25.5256589],[89.8676117,25.5272612],[89.8676713,25.5280872],[89.8677558,25.5288003],[89.8678302,25.5292836],[89.8678454,25.5293825],[89.8680792,25.5298746],[89.8684124,25.5302717],[89.8689497,25.5306825],[89.869229,25.5308546],[89.8696162,25.5310932],[89.8703325,25.5316529],[89.8711882,25.5323706],[89.872591,25.5333591],[89.8732377,25.5339729],[89.8739242,25.5346409],[89.8746704,25.5354533],[89.8754416,25.5360491],[89.8760733,25.5365185],[89.8765609,25.536848],[89.8769787,25.5369924],[89.877511,25.5371278],[89.8781329,25.5373128],[89.8785955,25.537534],[89.8788344,25.5376964],[89.8788642,25.5379086],[89.8787747,25.5381478],[89.878526,25.5386894],[89.8782176,25.5391363],[89.8774713,25.540066],[89.8770385,25.5405761],[89.8765311,25.5407431],[89.8761033,25.5409281],[89.8758644,25.5410861],[89.875546,25.5415736],[89.8753968,25.5420566],[89.875158,25.5428329],[89.874949,25.543731],[89.8750088,25.5443313],[89.8750784,25.5447555],[89.8753322,25.5450173],[89.8758446,25.5453333],[89.8761879,25.5454416],[89.8764018,25.5455725],[89.8765014,25.5458117],[89.8765908,25.5463488],[89.8767352,25.5473824],[89.8769193,25.5484702],[89.877168,25.5489892],[89.877653,25.5496615],[89.8776955,25.5497204],[89.8783622,25.5503341],[89.8798548,25.5514219],[89.8811734,25.5524238],[89.8823278,25.5532181],[89.8824951,25.5533252],[89.883512,25.5539763],[89.8852983,25.5549917],[89.8859302,25.5551722],[89.886592,25.5552759],[89.8875374,25.5552533],[89.8887066,25.5550907],[89.8895873,25.5550048],[89.8901147,25.5549822],[89.8905078,25.5550409],[89.891906,25.5555688],[89.8924683,25.555835],[89.8928017,25.5560426],[89.8932147,25.5563675],[89.8939263,25.5567691],[89.8944537,25.5569947],[89.8949364,25.5571165],[89.8953295,25.5572834],[89.8967378,25.5580821],[89.8970015,25.5583168],[89.8971558,25.5586146],[89.8973201,25.5592104],[89.8973984,25.5593723],[89.8974794,25.5595399],[89.8978179,25.5599731],[89.8981461,25.5602793],[89.8981613,25.5602935],[89.8982056,25.560313],[89.8986539,25.56051],[89.8992062,25.5605371],[89.899878,25.5604557],[89.9000123,25.5603699],[89.9002212,25.560072],[89.9003382,25.5596378],[89.9003902,25.5594445],[89.9004797,25.5591602],[89.9005792,25.5590158],[89.9008379,25.558948],[89.9015694,25.5589434],[89.9022312,25.5591238],[89.9030522,25.5595434],[89.9032563,25.5596381],[89.9038882,25.5595883],[89.904341,25.5595793],[89.9050128,25.5596468],[89.905626,25.5601207],[89.9071031,25.5612621],[89.9074713,25.5613478],[89.9077832,25.5613424],[89.9085312,25.5613296],[89.908735,25.5611309],[89.9087429,25.5608318],[89.9096356,25.5606297],[89.9097667,25.5610654],[89.909785,25.5611261],[89.9100189,25.5615052],[89.9103475,25.56197],[89.9107656,25.5623806],[89.9113678,25.5628273],[89.9122537,25.5631655],[89.9126617,25.5632241],[89.9134429,25.5633233],[89.9140102,25.5633546],[89.9147666,25.5634312],[89.9166525,25.5636609],[89.9183593,25.5638589],[89.9197911,25.564017],[89.9227782,25.5643766],[89.9244751,25.564525],[89.9253807,25.5645562],[89.9260873,25.5645019],[89.9272316,25.5642306],[89.9279531,25.5641491],[89.9285652,25.5641354],[89.9311626,25.5642291],[89.9316752,25.5642245],[89.9330038,25.5642374],[89.9342528,25.5643092],[89.9357754,25.5643131],[89.9365467,25.5643443],[89.9368652,25.5644029],[89.9371339,25.564484],[89.9373031,25.5645606],[89.937552,25.5647411],[89.9378658,25.565075],[89.9382093,25.565508],[89.9387571,25.5663383],[89.9391505,25.5668797],[89.9393496,25.5671144],[89.9395489,25.5673084],[89.9399521,25.5676061],[89.9405793,25.5680301],[89.941062,25.56826],[89.941739,25.5685395],[89.9434363,25.5692338],[89.9440136,25.5694502],[89.9453176,25.5699325],[89.9458901,25.5701218],[89.9466565,25.570329],[89.9471691,25.5704462],[89.947836,25.570536],[89.9482789,25.5705538],[89.9496921,25.5705397],[89.9511553,25.5707059],[89.9527527,25.5708043],[89.9534095,25.5707633],[89.9536135,25.5707542],[89.9538026,25.5707947],[89.9544746,25.5710561],[89.9566199,25.5719125],[89.9572273,25.5722191],[89.9576007,25.5724987],[89.9579643,25.5728551],[89.9587012,25.5735181],[89.9591294,25.5738925],[89.9595196,25.574115],[89.9595326,25.5741224],[89.9599757,25.5743253],[89.9604984,25.5744468],[89.9616777,25.574392],[89.96223,25.5742923],[89.9631206,25.5741294],[89.9641207,25.5738805],[89.9645386,25.5737629],[89.9651606,25.5736406],[89.9655189,25.573663],[89.9659121,25.5737349],[89.966385,25.5739016],[89.9668628,25.5740503],[89.9674054,25.5741583],[89.9680224,25.574194],[89.9685946,25.5741124],[89.9690971,25.5738684],[89.9696889,25.5734211],[89.969875,25.5733366],[89.9699973,25.573281],[89.970694,25.5732669],[89.971535,25.5733116],[89.9721573,25.5734917],[89.9728144,25.5738297],[89.9732527,25.5742537],[89.9735068,25.5745921],[89.9738206,25.5749394],[89.974189,25.5751828],[89.9745175,25.5752955],[89.9749159,25.5755389],[89.9751798,25.5758005],[89.975424,25.5761073],[89.9755785,25.5765089],[89.9756436,25.576897],[89.9755891,25.5772626],[89.9755893,25.5775018],[89.9756543,25.5778222],[89.9759732,25.578341],[89.976307,25.5787199],[89.9765711,25.5791666],[89.9767356,25.5795546],[89.97734,25.5820772],[89.9775349,25.5830294],[89.9777749,25.5843021],[89.9779249,25.5850557],[89.9781498,25.5858778],[89.9781595,25.585913],[89.978349,25.5864726],[89.9785386,25.5869644],[89.9788326,25.5872711],[89.9794102,25.5877401],[89.979719,25.5879745],[89.980516,25.5886465],[89.9811336,25.5891967],[89.9813179,25.5894448],[89.9818163,25.5901124],[89.9822895,25.5906176],[89.982666,25.5908548],[89.9827975,25.5909376],[89.9835045,25.5912486],[89.9846993,25.5915591],[89.9853564,25.591703],[89.9860781,25.5917521],[89.9869043,25.5917018],[89.9869561,25.5916918],[89.9870193,25.5916797],[89.9877054,25.5915477],[89.9886009,25.5912086],[89.9892624,25.590689],[89.990103,25.5901467],[89.9911527,25.5896449],[89.9918292,25.5893329],[89.9928686,25.5884429],[89.9929035,25.5884096],[89.9936194,25.5877247],[89.9939574,25.5872911],[89.9947084,25.5867579],[89.9955639,25.5862427],[89.9974683,25.5857808],[90.0029994,25.5854242],[90.0030475,25.5860376],[90.0031098,25.5868316],[90.0040874,25.5875664],[90.0049793,25.5892498],[90.0060307,25.5899074],[90.0061043,25.5908456],[90.00742,25.5923204],[90.0078717,25.5929804],[90.0094858,25.5941819],[90.0095494,25.5943063],[90.0103836,25.5959374],[90.0108362,25.596397],[90.0111224,25.5966877],[90.0111847,25.5974816],[90.0107608,25.5987059],[90.0108936,25.6003983],[90.0109846,25.6015567],[90.0117548,25.6021961],[90.0124597,25.6025133],[90.0132954,25.6024594],[90.0143699,25.60239],[90.0149669,25.6023515],[90.0155355,25.6019521],[90.0168489,25.6018673],[90.0176645,25.6025763],[90.0173373,25.6040119],[90.0174167,25.6050223],[90.0183859,25.6056488],[90.0192726,25.6064457],[90.0192897,25.606461],[90.0202503,25.607487],[90.0194997,25.6081158],[90.0193897,25.6081229],[90.0189027,25.6081544],[90.0181978,25.6078371],[90.0176008,25.6078757],[90.0176291,25.6082366],[90.0176688,25.6087418],[90.0185812,25.6096621],[90.0190615,25.6101752],[90.0185921,25.6113299],[90.0175705,25.6111248],[90.0170883,25.611028],[90.0170203,25.610162],[90.0163921,25.6098035],[90.0159171,25.610886],[90.0152859,25.611507],[90.0139069,25.6122852],[90.0125307,25.6130995],[90.0110094,25.6146121],[90.0098379,25.6154857],[90.0098804,25.616027],[90.009883,25.6160301],[90.0099492,25.6161091],[90.0105426,25.6168184],[90.0101216,25.617571],[90.0101754,25.6182566],[90.0092484,25.6191869],[90.0085716,25.6192306],[90.0066382,25.6200806],[90.0052848,25.6201679],[90.0042101,25.6202372],[90.0042611,25.6208868],[90.0042922,25.6212837],[90.0059069,25.6219775],[90.0069132,25.6225655],[90.0069433,25.6229488],[90.0069726,25.6233233],[90.0057751,25.6248876],[90.0041198,25.6267352],[90.0032043,25.6267942],[90.0024511,25.6263713],[90.0023605,25.6252165],[90.0016444,25.6242472],[90.0016123,25.6238388],[90.0015007,25.6236973],[89.99999,25.6230482],[89.9993792,25.6227092],[89.998819,25.6223982],[89.9970278,25.6225137],[89.9967705,25.6226921],[89.9965618,25.6229224],[89.9964176,25.6231302],[89.9961517,25.6236625],[89.9960996,25.6237668],[89.9959149,25.6240703],[89.9957615,25.6243222],[89.9954283,25.6245798],[89.9951944,25.6246477],[89.9939052,25.6249015],[89.9933924,25.6249109],[89.9930389,25.6248481],[89.99276,25.6247354],[89.9927338,25.624712],[89.9924062,25.6244198],[89.9919828,25.6241358],[89.9917487,25.6240818],[89.99147,25.6241633],[89.9898377,25.6247693],[89.9888076,25.625235],[89.9871054,25.625796],[89.9864335,25.6259771],[89.9858064,25.6261762],[89.9853038,25.6264068],[89.9851047,25.6265649],[89.9843335,25.6269897],[89.9840297,25.6268591],[89.9836563,25.6267691],[89.9834123,25.6267331],[89.9831783,25.6267875],[89.9829047,25.6270268],[89.9827806,25.6274467],[89.9827759,25.6278574],[89.9830558,25.6289675],[89.9833956,25.6303619],[89.983346,25.6305515],[89.9832217,25.6307953],[89.9829581,25.6310483],[89.9824455,25.631324],[89.9821868,25.6315633],[89.9819532,25.6319156],[89.9814662,25.6330127],[89.9810984,25.6337758],[89.9808052,25.6343356],[89.9807159,25.6346065],[89.980766,25.6349991],[89.9808908,25.6354684],[89.9809509,25.6357482],[89.9808614,25.6359739],[89.9800412,25.6374549],[89.9797828,25.6379335],[89.9794496,25.6384663],[89.9791611,25.6387825],[89.978788,25.6390716],[89.9776184,25.6396907],[89.9770758,25.6398807],[89.9764188,25.6400843],[89.9758114,25.6402246],[89.974995,25.6404644],[89.9746865,25.6406316],[89.9742785,25.6409749],[89.9738754,25.6412686],[89.973537,25.6414177],[89.9731437,25.6415399],[89.9727704,25.6417477],[89.9723325,25.6420685],[89.9719892,25.6424208],[89.9715714,25.6429085],[89.9711982,25.6432472],[89.9697352,25.644381],[89.9694168,25.6447062],[89.9691929,25.644914],[89.9686604,25.6452077],[89.9681924,25.6453388],[89.9676497,25.6454701],[89.966918,25.6456827],[89.9664501,25.6459132],[89.9656338,25.6463199],[89.9648524,25.6468033],[89.963653,25.6476797],[89.9634689,25.6478648],[89.9632948,25.648217],[89.9631709,25.6488895],[89.9630715,25.6493049],[89.9629323,25.6494764],[89.9624395,25.6497295],[89.9612199,25.6502177],[89.9592865,25.6509378],[89.9591687,25.6509817],[89.9583922,25.6512709],[89.9563512,25.6521657],[89.9541409,25.6531735],[89.9531403,25.6536389],[89.9522343,25.6541133],[89.9515873,25.6545785],[89.9508258,25.6552153],[89.9504525,25.6556036],[89.9496913,25.6565699],[89.9492185,25.6571705],[89.9487559,25.657789],[89.9485817,25.6581546],[89.9481939,25.6590124],[89.9476719,25.6604253],[89.9472939,25.6613779],[89.9469305,25.6615857],[89.9467414,25.6618656],[89.946339,25.6635403],[89.9463095,25.6639284],[89.9463246,25.6643572],[89.9464244,25.6646776],[89.9465988,25.6649077],[89.9468082,25.665061],[89.9470025,25.6652956],[89.947177,25.6655979],[89.9471871,25.6658597],[89.9471474,25.6661531],[89.947053,25.6665278],[89.9469088,25.6668438],[89.9464011,25.6673179],[89.9460376,25.6674942],[89.945714,25.6675891],[89.9454751,25.6677246],[89.9454403,25.6678825],[89.9454603,25.6681489],[89.9455251,25.6683113],[89.9456149,25.6684692],[89.9457594,25.6685956],[89.9459239,25.6687173],[89.9462128,25.6689518],[89.9465268,25.6694211],[89.9473744,25.6707566],[89.9474491,25.670883],[89.9474443,25.6710274],[89.9473795,25.6711087],[89.9473098,25.6711358],[89.9471405,25.6711224],[89.9469761,25.6710548],[89.9467519,25.6709465],[89.9465776,25.6708473],[89.9464082,25.6708294],[89.9461891,25.670852],[89.9457112,25.6712991],[89.9452185,25.6719267],[89.9448204,25.6723782],[89.9447656,25.6724369],[89.9446759,25.6724369],[89.9445414,25.6724009],[89.9444119,25.6723423],[89.9438616,25.6719733],[89.9437842,25.6719183],[89.9435699,25.6718011],[89.9434205,25.6717786],[89.9431815,25.671887],[89.9429178,25.6722302],[89.942873,25.6724198],[89.9428631,25.6725867],[89.9428831,25.6727402],[89.9429878,25.672862],[89.9431074,25.6729432],[89.9433116,25.6730153],[89.9434312,25.6730423],[89.9435458,25.6730694],[89.9437052,25.673128],[89.9438397,25.6732723],[89.9439644,25.673543],[89.9440493,25.6738499],[89.9441291,25.6742155],[89.9441744,25.675064],[89.9443099,25.6767565],[89.9444198,25.6772258],[89.9446394,25.6779072],[89.9446944,25.6784262],[89.9446597,25.6787918],[89.9444159,25.6792568],[89.9438934,25.6799702],[89.9429578,25.6812253],[89.9422659,25.6821058],[89.9414844,25.6829456],[89.9407427,25.6837718],[89.9401205,25.684562],[89.9396874,25.6849593],[89.9393983,25.6851807],[89.9390799,25.6854245],[89.9385123,25.6856685],[89.9379394,25.685741],[89.9375211,25.6858675],[89.9373021,25.686152],[89.9371827,25.6864228],[89.937153,25.686671],[89.9372243,25.6869934],[89.9372428,25.6870772],[89.9373527,25.6874427],[89.9374467,25.6877793],[89.9374624,25.6878354],[89.9374577,25.6883003],[89.9372835,25.6887562],[89.9367061,25.6894289],[89.9362729,25.6897495],[89.9357549,25.6899168],[89.9354063,25.6899395],[89.935207,25.6898989],[89.9349927,25.6897907],[89.9347636,25.689687],[89.9344896,25.6896284],[89.9342206,25.6895879],[89.933872,25.6896648],[89.9337126,25.6897777],[89.9335831,25.6899628],[89.9334489,25.690351],[89.9333641,25.6906132],[89.9333146,25.6907663],[89.9331404,25.6909739],[89.9329312,25.6910644],[89.9319949,25.6914303],[89.9314719,25.6915839],[89.930192,25.6920132],[89.9287974,25.6925508],[89.9277715,25.6929845],[89.9270344,25.6933142],[89.9264018,25.6935176],[89.9259244,25.6935688],[89.925854,25.6935764],[89.9244792,25.6938252],[89.9239015,25.6941864],[89.9235829,25.6944934],[89.9235808,25.6944998],[89.9234932,25.6947688],[89.9234885,25.6952111],[89.9234157,25.6958068],[89.9234091,25.695861],[89.9233245,25.6962401],[89.9229015,25.6970933],[89.922548,25.6976757],[89.9217115,25.6988179],[89.9211539,25.6995808],[89.9207307,25.7002534],[89.9202828,25.7013548],[89.9197503,25.7026683],[89.9195393,25.7033037],[89.919392,25.7037472],[89.9189738,25.7046816],[89.91871,25.7051465],[89.9180527,25.7057922],[89.9173752,25.7061624],[89.9168272,25.7062619],[89.9161248,25.7062937],[89.9157064,25.7063841],[89.9153179,25.7066008],[89.9150739,25.7068311],[89.9145959,25.7075308],[89.9139235,25.7081899],[89.9134752,25.7085646],[89.9131168,25.7092778],[89.9129973,25.7097428],[89.9129029,25.7105372],[89.912664,25.7110427],[89.9120614,25.7118597],[89.9110602,25.7127762],[89.9106976,25.7130862],[89.9106094,25.7131615],[89.90984,25.7138192],[89.9085847,25.7149658],[89.9081465,25.7154082],[89.9075339,25.7161169],[89.907245,25.7165188],[89.9070458,25.7170107],[89.9069663,25.7174395],[89.9069315,25.717936],[89.906802,25.7181166],[89.9061643,25.7184507],[89.905731,25.7188886],[89.9056413,25.7190691],[89.905512,25.7197055],[89.9054983,25.7200188],[89.9054773,25.7204998],[89.9053679,25.7212536],[89.9052285,25.7218133],[89.905114,25.7220074],[89.9047802,25.7222151],[89.9041226,25.7225357],[89.9037042,25.7228156],[89.9032209,25.7233483],[89.9030467,25.7237229],[89.902997,25.724242],[89.9027779,25.7250634],[89.9026036,25.7252576],[89.9022997,25.7254336],[89.9019409,25.7254563],[89.9013829,25.7254158],[89.9008796,25.7254068],[89.9002718,25.7255739],[89.8996241,25.7259577],[89.8991259,25.7264226],[89.8990064,25.726901],[89.8989966,25.7271357],[89.8989718,25.7283363],[89.8989172,25.7290269],[89.8986681,25.7295685],[89.8984988,25.7298168],[89.898165,25.7301147],[89.897617,25.7304578],[89.8969393,25.7307513],[89.8963464,25.7310086],[89.8956937,25.7315503],[89.8952156,25.7323537],[89.8948469,25.7331166],[89.8943988,25.7349355],[89.894334,25.7353643],[89.894399,25.7359149],[89.8945235,25.736294],[89.8946333,25.7367995],[89.8946882,25.737129],[89.8946582,25.7373637],[89.8946041,25.7374645],[89.894479,25.7376977],[89.894205,25.7380633],[89.8938712,25.7384244],[89.8937167,25.7387358],[89.8936271,25.7390834],[89.8936321,25.7396972],[89.8936668,25.7398086],[89.8937866,25.7401936],[89.8940061,25.7407939],[89.8942105,25.7411865],[89.8944348,25.7419583],[89.8945246,25.7428203],[89.8945148,25.743574],[89.8945348,25.7442917],[89.8947393,25.7449686],[89.8952427,25.745456],[89.8959405,25.7459704],[89.8966931,25.7464081],[89.897326,25.7466743],[89.898243,25.746963],[89.898881,25.7470938],[89.8993444,25.7471433],[89.8997033,25.7471388],[89.9000571,25.747062],[89.900685,25.7468723],[89.9023993,25.7464884],[89.9031766,25.7463393],[89.9046267,25.7459372],[89.9067495,25.7451154],[89.9087974,25.7441174],[89.9095748,25.7437246],[89.9100381,25.7434673],[89.9113137,25.7427493],[89.9129829,25.7419726],[89.9133996,25.7418221],[89.9136455,25.7417332],[89.9142784,25.7416066],[89.9150707,25.7414981],[89.9158829,25.7413084],[89.9181949,25.7404366],[89.9194604,25.7399532],[89.9200269,25.7397021],[89.9206014,25.7394474],[89.9216377,25.7390274],[89.9231624,25.7384943],[89.9242836,25.738345],[89.9260825,25.7383624],[89.9267004,25.7384479],[89.927767,25.7388537],[89.9281558,25.7390387],[89.928759,25.7394085],[89.9299056,25.7404371],[89.9309126,25.7412897],[89.9315507,25.7417724],[89.9317402,25.7419032],[89.9322984,25.7422144],[89.9335546,25.7429812],[89.9352046,25.7439554],[89.9358824,25.7441944],[89.9363261,25.7444018],[89.9368943,25.7447626],[89.9372833,25.745119],[89.9375775,25.7454258],[89.937772,25.7457009],[89.9378569,25.7461658],[89.937872,25.7465043],[89.9378031,25.7479034],[89.9377384,25.748224],[89.9370118,25.7500341],[89.9366935,25.7504322],[89.9362912,25.7509722],[89.9351998,25.7525834],[89.9350278,25.7534319],[89.9351899,25.7542945],[89.935197,25.7543322],[89.9352272,25.7544925],[89.9359573,25.7551629],[89.9367173,25.7554223],[89.9378163,25.7556322],[89.9382126,25.755592],[89.9390872,25.7555035],[89.9413773,25.7555915],[89.9420476,25.755842],[89.942895,25.7565618],[89.9434058,25.7573223],[89.9434143,25.7573331],[89.9440039,25.7580827],[89.9447043,25.7588816],[89.9455142,25.759642],[89.9463641,25.7601926],[89.9476725,25.7610433],[89.9483429,25.761542],[89.9492327,25.7624829],[89.9508403,25.7640421],[89.9522011,25.7652312],[89.9524902,25.7653621],[89.9528691,25.765572],[89.9531706,25.7657412],[89.9547783,25.7671807],[89.95504,25.7674718],[89.9550775,25.7678509],[89.9551174,25.7681916],[89.9553293,25.7685707],[89.9556284,25.7689114],[89.9557881,25.7698502],[89.9557061,25.7715811],[89.9558358,25.7725604],[89.9560452,25.7730615],[89.9564641,25.7738309],[89.9567258,25.7740813],[89.9571047,25.7743317],[89.957339,25.7745374],[89.957354,25.7745506],[89.9575236,25.7749298],[89.9575734,25.7750515],[89.9576133,25.7753901],[89.9576134,25.7758617],[89.9576134,25.7759407],[89.9572222,25.7764507],[89.9566839,25.7767916],[89.9564621,25.7768819],[89.9563425,25.7769203],[89.9562128,25.7769609],[89.9558315,25.7770015],[89.9556621,25.7770016],[89.9554029,25.7771709],[89.9553631,25.7777599],[89.955742,25.777981],[89.9567215,25.7782313],[89.9577734,25.7783598],[89.9585412,25.7787411],[89.9588328,25.7789509],[89.9590521,25.7791201],[89.9593514,25.7799302],[89.9592196,25.7815799],[89.9591798,25.7817897],[89.95913,25.7819996],[89.9589206,25.7822998],[89.95833,25.7828911],[89.9577694,25.7835705],[89.9570092,25.7845003],[89.9559975,25.7858499],[89.9559975,25.7862312],[89.9555265,25.7869603],[89.9548062,25.7877208],[89.9545146,25.7879308],[89.9543851,25.7879713],[89.9543851,25.7883505],[89.9546444,25.7889508],[89.9555246,25.7904716],[89.9556544,25.791451],[89.955525,25.7931006],[89.9553955,25.7940304],[89.9552236,25.7945404],[89.955104,25.7948812],[89.9550641,25.7949602],[89.9550641,25.7950911],[89.9550642,25.7952106],[89.9551041,25.7954701],[89.9552762,25.7965308],[89.9554483,25.7969211],[89.9560084,25.7979487],[89.9566826,25.7987894],[89.9570615,25.7989091],[89.957615,25.7993806],[89.9579043,25.7997597],[89.9580365,25.8000598],[89.9582958,25.8006894],[89.9584281,25.8012806],[89.9582461,25.8015807],[89.9579968,25.8016688],[89.9570645,25.801881],[89.9560026,25.8023393],[89.9548111,25.803321],[89.9546815,25.803531],[89.954522,25.8039101],[89.9549435,25.8047202],[89.9553251,25.806029],[89.9553676,25.8064893],[89.9554075,25.806961],[89.9554076,25.8075094],[89.9556696,25.8085699],[89.9558391,25.8087392],[89.955879,25.8088204],[89.9559189,25.8089106],[89.9559688,25.8090799],[89.9560112,25.8093688],[89.9560513,25.810479],[89.9560512,25.8105603],[89.9560114,25.8108604],[89.9558419,25.8111899],[89.9546903,25.8121694],[89.9525763,25.8133995],[89.9515105,25.8139068],[89.9498215,25.8147109],[89.9492206,25.8149208],[89.94854,25.8150901],[89.9485898,25.8153],[89.948762,25.8156001],[89.9490113,25.8159408],[89.9491434,25.8161101],[89.9495225,25.8164915],[89.9495648,25.8165298],[89.9505075,25.8176309],[89.950667,25.8180101],[89.9507992,25.8184794],[89.9508392,25.8187299],[89.9510089,25.8199192],[89.9510614,25.8208511],[89.9510613,25.821061],[89.9508419,25.8213612],[89.9505104,25.821781],[89.9500791,25.8221692],[89.9493586,25.8227108],[89.9488973,25.823011],[89.9482965,25.823521],[89.9481669,25.8238211],[89.9481669,25.8239407],[89.9481669,25.8242002],[89.9481669,25.8244507],[89.9481695,25.8248795],[89.9482193,25.8253398],[89.9482592,25.8254707],[89.9482992,25.8255091],[89.9492816,25.8261499],[89.9498626,25.8263597],[89.9508451,25.8266507],[89.9511468,25.8267388],[89.9512665,25.8267387],[89.9519073,25.8266506],[89.9524583,25.8265287],[89.9531814,25.8265286],[89.9533278,25.8265424],[89.9536128,25.8265692],[89.9537724,25.8266098],[89.9543235,25.826779],[89.9544531,25.8268196],[89.9559892,25.8280493],[89.9565405,25.8287285],[89.95671,25.8288999],[89.9570916,25.8291481],[89.9571315,25.8291481],[89.957513,25.829148],[89.9576826,25.8291097],[89.958064,25.8288591],[89.9581538,25.8287282],[89.9585326,25.8280896],[89.9587046,25.8277984],[89.9587844,25.8276291],[89.9589539,25.8271981],[89.9589139,25.8269092],[89.9587816,25.8262683],[89.9587417,25.8260991],[89.9587018,25.8259299],[89.9584824,25.8257201],[89.9584,25.8256795],[89.9581507,25.8255892],[89.9577991,25.8256389],[89.956747,25.825849],[89.9561859,25.8259799],[89.9560263,25.8259799],[89.9557645,25.8258897],[89.9550937,25.8256393],[89.9549641,25.8255897],[89.9546225,25.8254295],[89.954201,25.8252106],[89.9540315,25.8250391],[89.9539018,25.8248789],[89.9537696,25.8246194],[89.9536898,25.8244096],[89.9536399,25.8241094],[89.9536099,25.8238996],[89.9536074,25.8231797],[89.953687,25.8227104],[89.9539886,25.8216587],[89.954158,25.8212706],[89.9557213,25.8204399],[89.9576734,25.8202297],[89.9584464,25.8202702],[89.9602192,25.8202294],[89.9614533,25.8201479],[89.9620044,25.8201885],[89.9624756,25.8203982],[89.9628971,25.8207773],[89.9631066,25.8211993],[89.9634484,25.821628],[89.9637501,25.8219281],[89.9643012,25.8219685],[89.9649818,25.822009],[89.9654031,25.8218781],[89.9659542,25.8216681],[89.9668443,25.8215867],[89.9673454,25.8216678],[89.9675674,25.8220469],[89.9676473,25.8225185],[89.9675676,25.8229382],[89.9674381,25.8231978],[89.9670566,25.823577],[89.9667176,25.8237869],[89.9662964,25.8241683],[89.9660371,25.824807],[89.9657854,25.8251366],[89.9655362,25.8254368],[89.9651548,25.825737],[89.9646362,25.8263689],[89.9642549,25.8270076],[89.9640455,25.827389],[89.9637041,25.8282286],[89.9635446,25.828698],[89.963455,25.829287],[89.9633753,25.8297587],[89.9630364,25.8304786],[89.9630366,25.8317084],[89.9631191,25.8325479],[89.9634583,25.8328074],[89.963972,25.8330578],[89.9644553,25.8329854],[89.9658745,25.8324278],[89.9660936,25.831577],[89.9661732,25.8306066],[89.9661334,25.8306066],[89.9662229,25.8300063],[89.9663425,25.8294173],[89.9669732,25.8286973],[89.967913,25.8277674],[89.9685437,25.8272166],[89.9696058,25.8266658],[89.9702889,25.8264964],[89.9710892,25.8263676],[89.9715108,25.826706],[89.9719422,25.8270466],[89.9726629,25.8272563],[89.9735556,25.8274253],[89.9753809,25.8277656],[89.9757199,25.827515],[89.9765229,25.8275554],[89.9770839,25.8275959],[89.9778046,25.8279342],[89.9780566,25.8283945],[89.9779671,25.829164],[89.9778078,25.8297147],[89.9776784,25.8305542],[89.9775889,25.8313644],[89.9779308,25.832215],[89.9784422,25.8329347],[89.979036,25.8336048],[89.9797569,25.8344147],[89.9801681,25.8347786],[89.98057,25.8351343],[89.9814529,25.8355132],[89.983156,25.8352622],[89.9835437,25.835109],[89.9839164,25.8349618],[89.9859112,25.834661],[89.9873151,25.8345409],[89.9890581,25.8346216],[89.9902003,25.8347904],[89.9902871,25.8348042],[89.9912626,25.8349592],[89.9930481,25.8352993],[89.9940708,25.8357592],[89.9952954,25.8362281],[89.9976993,25.8369521],[89.9983925,25.8369179],[89.9994446,25.8373607],[90.0013843,25.8382732],[90.002566,25.838874],[90.0035857,25.8392355],[90.0039962,25.841296],[90.0035646,25.8414537],[90.0018826,25.8419461],[90.0017939,25.841972],[89.9991003,25.8425486],[89.9989406,25.84279],[89.9991597,25.8432595],[89.9996988,25.8442348],[90.0006994,25.8462006],[90.0016521,25.846043],[90.0027521,25.8457726],[90.0047248,25.8453853],[90.0066553,25.8450588],[90.0078173,25.8451698],[90.0091562,25.8458112],[90.0102282,25.8466014],[90.0110284,25.847484],[90.0118784,25.8483937],[90.0125889,25.8488656],[90.0137185,25.8493873],[90.0151497,25.8502385],[90.0157505,25.8507284],[90.0163488,25.8516403],[90.016753,25.8521022],[90.017119,25.8525205],[90.0174505,25.8530713],[90.0174701,25.8541297],[90.0171585,25.8556017],[90.0176918,25.856289],[90.0191205,25.8559219],[90.0195293,25.856563],[90.02017,25.8574635],[90.0208206,25.8583438],[90.0214015,25.8589736],[90.0219226,25.8594747],[90.0223314,25.860136],[90.0225607,25.8610365],[90.0227224,25.8620068],[90.0231907,25.8638957],[90.0234097,25.8655973],[90.0235714,25.8668069],[90.0238206,25.8672177],[90.0234909,25.8685964],[90.0228794,25.869966],[90.0222781,25.8705954],[90.0218989,25.8708436],[90.0209858,25.8712834],[90.0197755,25.8725422],[90.0194935,25.8731514],[90.018845,25.8730113],[90.0158603,25.8722129],[90.0142133,25.8719472],[90.0141316,25.8720322],[90.0136194,25.8725651],[90.0123467,25.8736343],[90.0115557,25.8743832],[90.0103633,25.8754215],[90.0094153,25.8761951],[90.0081551,25.8771966],[90.0072842,25.8779568],[90.0062837,25.8783603],[90.0060442,25.8783919],[90.0056251,25.8784729],[90.0056249,25.8787325],[90.0057246,25.8789897],[90.0060138,25.8793374],[90.0065125,25.8798521],[90.0076021,25.8809537],[90.0086518,25.8819741],[90.0090908,25.8823624],[90.0103923,25.8836695],[90.0110705,25.8846129],[90.0112601,25.8846626],[90.0115894,25.8846922],[90.0117914,25.8846899],[90.0125199,25.884627],[90.0129116,25.8845752],[90.0132309,25.8845731],[90.0133906,25.8846521],[90.0135203,25.8847312],[90.0138594,25.8849388],[90.0144204,25.8856453],[90.0145201,25.885853],[90.0146299,25.8860313],[90.0151584,25.8868258],[90.0154701,25.8872434],[90.0156296,25.8874217],[90.016288,25.888126],[90.0172581,25.8889883],[90.0173877,25.8893562],[90.0175473,25.8895954],[90.0178366,25.8899815],[90.0186072,25.8905052],[90.0188367,25.8905843],[90.019076,25.8913696],[90.019188,25.8917375],[90.0192379,25.8918683],[90.0193177,25.891997],[90.0193676,25.892076],[90.0201558,25.8925998],[90.0205972,25.8928572],[90.0208167,25.8929655],[90.0208667,25.8929858],[90.0213357,25.8930943],[90.0220266,25.8931396],[90.0220549,25.8931396],[90.0221863,25.8931397],[90.0224458,25.8931872],[90.0227851,25.8933949],[90.0229172,25.8935054],[90.0232064,25.894002],[90.0234458,25.8944692],[90.0235256,25.8946272],[90.0235855,25.8947355],[90.0236553,25.8948167],[90.0237151,25.8948845],[90.0239147,25.8951034],[90.0241367,25.8952818],[90.0245557,25.8955391],[90.0252343,25.895695],[90.0255061,25.8957244],[90.025606,25.8957221],[90.0261349,25.8956704],[90.0264244,25.8956095],[90.0265541,25.8955599],[90.0271055,25.8952983],[90.0274848,25.8950863],[90.0280861,25.8948652],[90.0285252,25.8947142],[90.0292876,25.894719],[90.0303665,25.8947258],[90.0319457,25.8946382],[90.0334452,25.8944827],[90.0336648,25.8944512],[90.0338944,25.8944017],[90.034376,25.8939007],[90.0346055,25.8936593],[90.0346954,25.8934517],[90.0346955,25.8933411],[90.0343462,25.8929846],[90.0340544,25.892716],[90.0338649,25.8922488],[90.0338649,25.8921405],[90.0340047,25.8919103],[90.0341869,25.8917208],[90.034606,25.8915878],[90.0352647,25.8915066],[90.0358959,25.8913443],[90.0372158,25.8908391],[90.0377248,25.89039],[90.0387952,25.8893093],[90.0397759,25.8883887],[90.0400852,25.8883369],[90.040195,25.8882873],[90.0413552,25.8875946],[90.041405,25.8875427],[90.0415847,25.8874931],[90.0416969,25.8874931],[90.042166,25.8875406],[90.0423854,25.8876196],[90.0424852,25.887667],[90.0427746,25.8878769],[90.0429067,25.8880642],[90.0429367,25.8881635],[90.0429667,25.8882741],[90.0430165,25.8884817],[90.0430364,25.8886126],[90.0430663,25.8888496],[90.0429067,25.8891407],[90.0428242,25.8893686],[90.0427245,25.8897093],[90.0427244,25.8898988],[90.0427443,25.8900568],[90.042854,25.8906052],[90.0430161,25.8909233],[90.0431658,25.8910114],[90.0432605,25.8912431],[90.0432755,25.89128],[90.0433553,25.8916681],[90.0434351,25.8920856],[90.0431156,25.8925843],[90.042674,25.8929363],[90.0420353,25.8931483],[90.041696,25.8932295],[90.0413242,25.8933806],[90.0412942,25.8938093],[90.0413839,25.8940666],[90.0416459,25.8943262],[90.0420351,25.8946129],[90.0425439,25.8948995],[90.0436741,25.8951614],[90.0447045,25.8953669],[90.0455751,25.8955227],[90.0460442,25.8956694],[90.0464433,25.8959065],[90.0470245,25.8970596],[90.0470942,25.8980548],[90.0469844,25.8989213],[90.0473535,25.8995961],[90.0476729,25.899815],[90.0481244,25.8999121],[90.0492047,25.9000363],[90.0507242,25.89998],[90.0521039,25.8998334],[90.0528649,25.899671],[90.0536034,25.8997162],[90.0547835,25.9000299],[90.055023,25.9001879],[90.0554447,25.9005738],[90.0555844,25.9007634],[90.0556343,25.9009236],[90.0556542,25.9010522],[90.0558937,25.9018872],[90.056213,25.9024626],[90.0563627,25.9027018],[90.0564126,25.9028507],[90.0565224,25.9031983],[90.0564725,25.9034081],[90.0563427,25.9037467],[90.0562828,25.9037489],[90.0560034,25.903988],[90.0555842,25.904647],[90.0554943,25.9047982],[90.0553645,25.9050667],[90.0553645,25.9052269],[90.0555841,25.9057437],[90.0556333,25.9058037],[90.0557139,25.9059017],[90.0557637,25.9059513],[90.0560033,25.9061093],[90.0562328,25.9061589],[90.0565721,25.9062176],[90.057393,25.9063914],[90.0578946,25.9065787],[90.0581041,25.9067277],[90.0583736,25.9071745],[90.0584434,25.9076416],[90.0585732,25.9080704],[90.0591346,25.9088241],[90.0596336,25.9090611],[90.0606641,25.9093138],[90.0608737,25.9093928],[90.0618244,25.9097561],[90.0623234,25.9101443],[90.0624232,25.9102232],[90.0624532,25.9104309],[90.0624532,25.910512],[90.0624531,25.9108799],[90.0622734,25.9112996],[90.0620539,25.9114395],[90.0617445,25.9115704],[90.0614026,25.9116517],[90.0608438,25.9118638],[90.0606041,25.9119947],[90.0603746,25.9121549],[90.0602125,25.9123647],[90.0600527,25.9127844],[90.0600527,25.9130733],[90.0605542,25.9134592],[90.0609235,25.9135157],[90.0613285,25.9135331],[90.0613427,25.9135337],[90.0626061,25.9134306],[90.0641149,25.9131816],[90.0651131,25.9128386],[90.0660838,25.9127551],[90.0670544,25.9129898],[90.0675235,25.9135833],[90.0678753,25.9140301],[90.0681649,25.9144475],[90.0693253,25.9157856],[90.0701937,25.9169274],[90.0701339,25.9172967],[90.0699742,25.917636],[90.0699243,25.9178752],[90.070064,25.9180332],[90.0705357,25.9184303],[90.0709848,25.9185273],[90.0713142,25.9185566],[90.0721352,25.9186017],[90.0725146,25.9185204],[90.0729662,25.9181796],[90.0732157,25.9179698],[90.0734852,25.9177283],[90.0736348,25.9172295],[90.0737246,25.9169114],[90.0738743,25.9164917],[90.0740339,25.9161825],[90.0743059,25.9157334],[90.0747949,25.9151218],[90.0753539,25.9148599],[90.0759053,25.9148892],[90.0766664,25.9150132],[90.0774848,25.9153178],[90.0781462,25.915663],[90.0797259,25.9166016],[90.0805668,25.9170867],[90.081438,25.9175692],[90.0832271,25.9182778],[90.0844175,25.9187267],[90.084657,25.9188079],[90.0848068,25.9188575],[90.0849665,25.9189072],[90.0853358,25.9190176],[90.0858175,25.9191981],[90.0862368,25.9194666],[90.0862867,25.9195365],[90.0862568,25.9198073],[90.0861571,25.9204075],[90.0860274,25.9208882],[90.085838,25.9215991],[90.0856285,25.9226304],[90.0855488,25.923181],[90.085317,25.9248104],[90.0853171,25.9253429],[90.0854195,25.9254715],[90.0856291,25.9255325],[90.0858986,25.9256023],[90.0863977,25.9256023],[90.0869692,25.9255819],[90.0871589,25.9255525],[90.0873684,25.9255321],[90.0875482,25.9255321],[90.0876579,25.9255321],[90.0879499,25.9255523],[90.0883493,25.9258727],[90.0889284,25.9263916],[90.0890881,25.9266014],[90.0891406,25.9266827],[90.0891905,25.9268113],[90.0894002,25.9270821],[90.0899793,25.9277431],[90.0903188,25.928032],[90.0911339,25.9284757],[90.0912828,25.9284927],[90.0915281,25.9285168],[90.0917015,25.9285326],[90.0923003,25.9284219],[90.0924001,25.9283722],[90.0924301,25.9283429],[90.0928817,25.9280833],[90.0933808,25.9278214],[90.0936204,25.927713],[90.0936903,25.927713],[90.09382,25.927713],[90.0940596,25.9277626],[90.0940895,25.9278212],[90.0941096,25.9279025],[90.0941096,25.9280017],[90.0941096,25.9281123],[90.0940597,25.9284531],[90.0940099,25.928663],[90.0937506,25.9294845],[90.0934014,25.9305339],[90.0931423,25.9318743],[90.0929829,25.932935],[90.092933,25.933357],[90.092801,25.9342168],[90.0927511,25.9344763],[90.0925318,25.9354287],[90.0922425,25.9365389],[90.0921727,25.93683],[90.0921129,25.9370896],[90.092063,25.9373288],[90.0920631,25.9375906],[90.0920632,25.9379291],[90.0921132,25.9380712],[90.0922829,25.9382495],[90.0926124,25.9383306],[90.092852,25.9383305],[90.093144,25.9382809],[90.0942046,25.9380707],[90.0945341,25.9379895],[90.0948535,25.9379104],[90.0950731,25.9377794],[90.0952028,25.9376982],[90.0953326,25.9376192],[90.0954649,25.9375898],[90.0969149,25.9373593],[90.0976236,25.9373276],[90.0979955,25.9374087],[90.0984149,25.9377178],[90.0986846,25.9379591],[90.099074,25.9382997],[90.0997355,25.9388592],[90.1000451,25.9391187],[90.1003346,25.9392788],[90.1003646,25.9392788],[90.1006566,25.939378],[90.1009163,25.9395901],[90.1010961,25.9397796],[90.101136,25.9398292],[90.1012359,25.9399894],[90.1013658,25.9402285],[90.1015755,25.9407001],[90.1015757,25.9411492],[90.1015259,25.9414606],[90.1013164,25.9421016],[90.1012366,25.9422821],[90.1010272,25.9427809],[90.1009973,25.9429118],[90.1009773,25.9430224],[90.1009973,25.9431216],[90.1010772,25.9432322],[90.1013169,25.9432321],[90.1014267,25.9432028],[90.1015465,25.9431508],[90.1016587,25.9431012],[90.102577,25.9426],[90.1028989,25.9423606],[90.1030786,25.9422613],[90.1035278,25.9420694],[90.1037673,25.94197],[90.1043687,25.9417803],[90.1048679,25.9416786],[90.1049478,25.9416786],[90.1053996,25.9417507],[90.1055793,25.9418093],[90.1058488,25.9419085],[90.1066902,25.9423098],[90.1067201,25.9423595],[90.1066902,25.9424588],[90.106558,25.9425987],[90.1062486,25.9428606],[90.1061089,25.9429712],[90.1058493,25.9430412],[90.1057196,25.9431],[90.1056097,25.9432015],[90.1054301,25.9433912],[90.1050883,25.9438607],[90.1048989,25.9445219],[90.1049489,25.9447814],[90.1049789,25.9449213],[90.1050888,25.9451515],[90.1061601,25.9463922],[90.1071214,25.9474525],[90.1072214,25.9477729],[90.1072514,25.9479534],[90.1073514,25.9483844],[90.1075114,25.9490636],[90.1075613,25.9491449],[90.107831,25.9494336],[90.1084627,25.949905],[90.1094139,25.9503854],[90.1110242,25.9512356],[90.1121352,25.9518355],[90.112315,25.9519753],[90.1124449,25.9521242],[90.1127647,25.9530245],[90.1129743,25.9539091],[90.1130573,25.9541865],[90.1136366,25.9547866],[90.1140262,25.9550573],[90.1143182,25.9551565],[90.1145879,25.9552669],[90.1151372,25.9555059],[90.1154292,25.9557157],[90.1155292,25.9558172],[90.1155891,25.9558961],[90.115719,25.9561669],[90.115819,25.956318],[90.1159289,25.9564759],[90.1161686,25.9567669],[90.1162686,25.9568775],[90.1164783,25.9570061],[90.1168004,25.9571661],[90.1170599,25.9572676],[90.11885,25.9577679],[90.119202,25.9578964],[90.1194117,25.9579572],[90.119911,25.9580563],[90.1200708,25.9580359],[90.1202505,25.9580065],[90.1203004,25.9579771],[90.1205425,25.9578259],[90.1206522,25.9576859],[90.1207021,25.9575866],[90.120752,25.957476],[90.1210711,25.9567357],[90.1211009,25.9565258],[90.1209909,25.9559752],[90.1200393,25.9549737],[90.1197196,25.9546331],[90.1195398,25.954394],[90.1195398,25.9542834],[90.1195596,25.9541841],[90.1196695,25.9541028],[90.1197793,25.9541028],[90.1200389,25.9541342],[90.1204308,25.9542627],[90.1205906,25.9543439],[90.1215894,25.9548625],[90.1219914,25.9551038],[90.1242728,25.9561698],[90.125271,25.9567005],[90.1261721,25.9568407],[90.1267911,25.9570215],[90.1276895,25.9573423],[90.1282111,25.9575727],[90.1290796,25.9579928],[90.130627,25.9584627],[90.1317177,25.9587431],[90.1319174,25.9587634],[90.1322669,25.9587636],[90.1324966,25.9584432],[90.1326192,25.9580641],[90.1337075,25.9581435],[90.1337874,25.9581436],[90.1347584,25.9580446],[90.1373972,25.9574949],[90.1379963,25.9573755],[90.1397861,25.9572475],[90.1400857,25.9572272],[90.1403378,25.9572477],[90.1405374,25.9572974],[90.1406372,25.9573267],[90.1407371,25.9574464],[90.140757,25.957496],[90.140777,25.9576473],[90.1407541,25.9584664],[90.1400649,25.9589468],[90.140005,25.9589468],[90.1397354,25.9589964],[90.1394558,25.9590956],[90.1393135,25.9591858],[90.1392935,25.9592354],[90.1392635,25.9594655],[90.1392635,25.9595152],[90.1393833,25.9596371],[90.1397852,25.9595853],[90.1403042,25.9600662],[90.1403042,25.9601654],[90.1405038,25.960337],[90.1411528,25.9604071],[90.1413026,25.9604073],[90.1421913,25.9603871],[90.1424234,25.9603376],[90.1426231,25.9602677],[90.1428429,25.9602181],[90.1431724,25.9601664],[90.1433721,25.960137],[90.1438214,25.9601372],[90.14461,25.960758],[90.1453113,25.9611373],[90.1454311,25.961187],[90.1462995,25.961977],[90.147667,25.9632795],[90.1483358,25.9640491],[90.1486551,25.9646495],[90.1495836,25.9653177],[90.149873,25.9658188],[90.1497344,25.9662767],[90.1510935,25.9666901],[90.1512732,25.9666901],[90.151413,25.9666699],[90.1516428,25.9665683],[90.1518425,25.9661893],[90.1519924,25.9658892],[90.152864,25.9648197],[90.1531836,25.9644498],[90.1534858,25.9638789],[90.1537656,25.963281],[90.154827,25.9612909],[90.155379,25.9603906],[90.1555588,25.9600906],[90.1563504,25.9584998],[90.1564304,25.9582696],[90.1569797,25.9577801],[90.1584701,25.9571509],[90.1593712,25.9570314],[90.1604596,25.9569323],[90.1615904,25.9568512],[90.1616903,25.9568513],[90.1618599,25.9568829],[90.1620596,25.956883],[90.1622593,25.9568514],[90.1629886,25.9565627],[90.163078,25.9565273],[90.1633702,25.9564115],[90.1648905,25.9559627],[90.1657592,25.955762],[90.1682827,25.9565837],[90.1701547,25.9572542],[90.1724186,25.9581029],[90.1735094,25.9584528],[90.1752118,25.9583739],[90.1759533,25.9583537],[90.1769242,25.958954],[90.1770741,25.9588142],[90.177094,25.9586832],[90.177094,25.958584],[90.177094,25.9584644],[90.1770741,25.9575845],[90.1770518,25.956914],[90.1771117,25.9560227],[90.1772117,25.9552735],[90.1774713,25.9550231],[90.1776235,25.9549938],[90.1777433,25.9550231],[90.1779929,25.9551946],[90.1782126,25.9553729],[90.1783723,25.9554248],[90.1784347,25.9554429],[90.1788142,25.9548539],[90.1788841,25.9546238],[90.1788841,25.9544229],[90.1788641,25.954274],[90.1790439,25.9532336],[90.1794634,25.9521347],[90.179753,25.9514352],[90.1804818,25.9505439],[90.1808837,25.9505642],[90.1809037,25.949894],[90.1808014,25.9497743],[90.1813331,25.9491741],[90.182903,25.9482738],[90.1836943,25.9479038],[90.1837142,25.9477548],[90.1837143,25.9475742],[90.1837143,25.9466039],[90.1837143,25.9464053],[90.1838442,25.9461143],[90.183914,25.9460556],[90.1843433,25.9459157],[90.1846429,25.9458638],[90.1849349,25.9458344],[90.1854141,25.9458345],[90.185786,25.9458142],[90.1860355,25.9457646],[90.1861355,25.9456337],[90.1861441,25.9456194],[90.1862552,25.9454351],[90.1862552,25.9451642],[90.1862153,25.9448957],[90.1861354,25.9446136],[90.1861155,25.9443654],[90.1862552,25.9442142],[90.186385,25.9440947],[90.1868842,25.9440946],[90.1869341,25.944115],[90.1879774,25.9446836],[90.1880573,25.9447355],[90.1884266,25.9449838],[90.1887587,25.9458345],[90.1887287,25.9461345],[90.1886288,25.9463038],[90.1885789,25.9463038],[90.1879575,25.9462836],[90.1879375,25.9462339],[90.1875082,25.9462339],[90.1873584,25.9462339],[90.187208,25.9464082],[90.1869066,25.9468545],[90.1867569,25.9474051],[90.1871887,25.9491742],[90.1873273,25.9496541],[90.1873909,25.9498738],[90.1875806,25.9501446],[90.1878103,25.9502936],[90.1883518,25.9503138],[90.1888136,25.9503455],[90.1890333,25.9503634],[90.1896548,25.9504943],[90.1898345,25.950544],[90.1903038,25.9507448],[90.1906058,25.9510133],[90.1908255,25.9512142],[90.1911575,25.9517152],[90.1912573,25.9527351],[90.1912973,25.9532338],[90.1914171,25.953534],[90.1922201,25.9548018],[90.1924206,25.9552534],[90.1926727,25.9555039],[90.1932919,25.9559529],[90.1937967,25.9561107],[90.1940931,25.9562034],[90.195456,25.9563229],[90.1969063,25.9560746],[90.1985088,25.9563746],[90.1991803,25.9566228],[90.1998247,25.9569508],[90.1998319,25.9569544],[90.1999515,25.9570734],[90.2004235,25.9575434],[90.2009254,25.9581435],[90.2012249,25.9588634],[90.2019466,25.9600142],[90.2023485,25.9604835],[90.2028702,25.9608626],[90.2033495,25.9608038],[90.2039411,25.9606323],[90.2045402,25.960463],[90.2051218,25.9604132],[90.205993,25.9603635],[90.2062826,25.9604334],[90.2069242,25.9606116],[90.207396,25.9607515],[90.208367,25.960133],[90.2094432,25.959809],[90.2094677,25.9598124],[90.2096374,25.9598327],[90.2097572,25.9598327],[90.2099369,25.9596611],[90.2100565,25.9583432],[90.2101761,25.9571923],[90.2104057,25.9568719],[90.2106053,25.9567026],[90.2115761,25.9556328],[90.2116959,25.955283],[90.2116759,25.9551319],[90.2115761,25.9549829],[90.2115535,25.954931],[90.2111413,25.9530626],[90.2111412,25.9529927],[90.2113733,25.9526632],[90.2114931,25.9525932],[90.211573,25.9526112],[90.2122046,25.9527126],[90.2160586,25.9532422],[90.2196033,25.9535799],[90.2219471,25.9537802],[90.2237095,25.9541092],[90.2244209,25.9540594],[90.2264651,25.954286],[90.230345,25.9547158],[90.2327108,25.9549778],[90.2380679,25.9555446],[90.2431452,25.9560437],[90.2472415,25.9564965],[90.249522,25.9574362],[90.252392,25.9578603],[90.2542841,25.9581398],[90.2593908,25.9587036],[90.267158,25.9597476],[90.2705824,25.9603097],[90.2771514,25.9617179],[90.2835858,25.9630399],[90.2845876,25.9633001],[90.284599,25.963303],[90.290085,25.9647273],[90.2938639,25.9656366],[90.2986911,25.9668893],[90.3028791,25.9682229],[90.3084966,25.9696657],[90.3089028,25.96977],[90.3113399,25.9699775],[90.3137865,25.9706703],[90.315539,25.97095],[90.319109,25.9716518],[90.3205085,25.9720294],[90.3205771,25.9720479],[90.3209315,25.9721436],[90.3232333,25.9731228],[90.3247762,25.9733957],[90.3274227,25.9743748],[90.3279195,25.9750066],[90.3284093,25.9773759],[90.3291734,25.9780777],[90.3300799,25.9803206],[90.3303597,25.9814986],[90.331049,25.9826899],[90.3314064,25.9849916],[90.3312746,25.986973],[90.3312686,25.9870632],[90.331262,25.9871625],[90.3315318,25.9876498],[90.3327252,25.9874421],[90.3339186,25.9871643],[90.3355316,25.9873716],[90.3373444,25.9877235],[90.3380485,25.9882017],[90.3391722,25.9884158],[90.3403557,25.9883434],[90.3408428,25.989115],[90.3411228,25.9905863],[90.3415425,25.9916243],[90.3423018,25.9925358],[90.3424656,25.9931681],[90.3424805,25.9932254],[90.3427192,25.9941469],[90.3428694,25.9958889],[90.3430694,25.9963086],[90.3434887,25.9958166],[90.3443327,25.9960286],[90.3446827,25.99715],[90.3452421,25.9974297],[90.3467055,25.9978491],[90.3470528,25.9984809],[90.3469534,26.0004215],[90.3475898,26.0006774],[90.3487316,26.0011364],[90.349334,26.002849],[90.3496555,26.0039318],[90.3496578,26.0039396],[90.3497139,26.0041284],[90.3514123,26.004999],[90.352741,26.0056102],[90.3542895,26.0060182],[90.3560278,26.0066292],[90.3585153,26.0076484],[90.3600638,26.0081102],[90.3623017,26.0087776],[90.3687959,26.0103855],[90.368843,26.0103971],[90.3711586,26.0109755],[90.3721768,26.0112655],[90.3775066,26.0115077],[90.3835728,26.0117831],[90.3859617,26.0118915],[90.3898268,26.0120667],[90.3933773,26.0122276],[90.398422,26.0124562],[90.3984556,26.0124577],[90.3997468,26.0125162],[90.4053898,26.0089782],[90.405767,26.0084645],[90.410483,26.0020409],[90.4111472,26.0004224],[90.411295,26.0004023],[90.4114589,26.0004058],[90.4154933,25.9988161],[90.4161723,25.9979765],[90.4164318,25.997507],[90.4163365,25.9965231],[90.4160365,25.995246],[90.4159262,25.9941538],[90.4159659,25.9933234],[90.416335,25.9921228],[90.4168391,25.9915043],[90.4177229,25.9911747],[90.4188415,25.9911427],[90.4199351,25.9908129],[90.4208788,25.9904831],[90.4215828,25.9901218],[90.4222531,25.9894148],[90.4228958,25.9893226],[90.4235149,25.9891328],[90.423815,25.9890029],[90.424099,25.9888799],[90.4251877,25.9888389],[90.4261416,25.9890281],[90.4281391,25.9889506],[90.4291278,25.9888374],[90.4302214,25.9889498],[90.4309457,25.9893468],[90.4318149,25.9899692],[90.4328091,25.9908082],[90.4332787,25.9913181],[90.4342277,25.9914576],[90.4350553,25.9914349],[90.4354012,25.9914255],[90.4365247,25.9913844],[90.4374688,25.991718],[90.4383082,25.9925164],[90.4385788,25.9928598],[90.438678,25.9929856],[90.4398019,25.9936351],[90.4411957,25.9943339],[90.4422898,25.9952045],[90.4437385,25.9959665],[90.4453019,25.9965434],[90.4465158,25.9968723],[90.4478594,25.997341],[90.4493932,25.9981435],[90.4502373,25.9984726],[90.4517209,25.9989818],[90.4562191,26.0001788],[90.4589264,26.001458],[90.4589446,26.0014666],[90.4639664,26.0038391],[90.4700503,26.006713],[90.4761344,26.0095867],[90.488661,26.0033884],[90.4971163,25.9967276],[90.5025351,25.991461],[90.5062551,25.9867304],[90.5096436,25.9804899],[90.5142045,25.9755969],[90.5173157,25.973075],[90.5174031,25.9730041],[90.5204628,25.9705237],[90.5236696,25.9661333],[90.5272184,25.9614111],[90.5317954,25.9560098],[90.5324789,25.9546422],[90.5350044,25.9495882],[90.5353475,25.9445267],[90.5341632,25.9389594],[90.5312586,25.9352357],[90.5311369,25.9350797],[90.5307773,25.9349005],[90.5264082,25.9327227],[90.5233821,25.9290052],[90.5215335,25.9269225],[90.5206854,25.9259671],[90.5196717,25.9205668],[90.5179966,25.9156784],[90.5139447,25.9082506],[90.5114186,25.9048829],[90.5092213,25.9026842],[90.5085532,25.9015037],[90.5114266,25.8977926],[90.5136277,25.8962724],[90.51498,25.8961013],[90.5200665,25.8978179],[90.5213861,25.8984772],[90.5231642,25.9008855],[90.5263278,25.9047335],[90.526419,25.9048444],[90.5302784,25.9065423],[90.5304255,25.9066374],[90.5349131,25.9095414],[90.5363133,25.9104474],[90.5374933,25.9111968],[90.5377478,25.9121977],[90.5380143,25.9132463],[90.5381416,25.913747],[90.5384935,25.9138187],[90.5411209,25.9143545],[90.54408,25.9147517],[90.5491235,25.9154286],[90.5500588,25.91684],[90.5483766,25.9192003],[90.5470088,25.9196758],[90.5444836,25.9205538],[90.5434727,25.9222439],[90.5438019,25.9235934],[90.5461726,25.923262],[90.5486983,25.9215225],[90.5488754,25.9214005],[90.5524238,25.922748],[90.5573123,25.9257833],[90.5600729,25.9271614],[90.560112,25.9271809],[90.5627101,25.9284778],[90.5686124,25.9313458],[90.5731871,25.9340467],[90.5767314,25.9367498],[90.5775729,25.9397803],[90.5770618,25.9445148],[90.5782454,25.9482267],[90.5797659,25.9512707],[90.5819703,25.9536308],[90.5838229,25.9560023],[90.5854471,25.957299],[90.5855156,25.9573537],[90.5878705,25.9580707],[90.5878714,25.9580709],[90.5893138,25.9582263],[90.5906923,25.956062],[90.5964882,25.9553205],[90.5996733,25.955128],[90.6011631,25.9540083],[90.6020697,25.9519402],[90.602475,25.9510157],[90.6048973,25.9470908],[90.6084507,25.9448488],[90.6118743,25.9437058],[90.6119629,25.9436762],[90.6151762,25.9426034],[90.6211626,25.9401708],[90.6221981,25.9396502],[90.6241242,25.9391755],[90.6247261,25.9380826],[90.6245364,25.9371348],[90.6231189,25.9350587],[90.6216519,25.9337801],[90.6204476,25.9327942],[90.6179333,25.9301843],[90.6148201,25.9277731],[90.6123062,25.9256619],[90.6095924,25.9226524],[90.60758,25.9199294],[90.6062662,25.916617],[90.6065675,25.9150057],[90.6074206,25.913539],[90.6083778,25.9118932],[90.6103095,25.9078419],[90.610487,25.9074696],[90.6113864,25.9041476],[90.6122959,25.901534],[90.6136048,25.8993222],[90.6159174,25.898721],[90.618819,25.8986206],[90.6218662,25.8978364],[90.6224564,25.8980557],[90.6249355,25.8982623],[90.6264326,25.9002075],[90.6276896,25.9020641],[90.6286083,25.9034209],[90.6300505,25.9053074],[90.6307991,25.9062822],[90.6306745,25.9095002],[90.6283344,25.9097028],[90.6272861,25.9097936],[90.6261333,25.909735],[90.6261932,25.9133501],[90.6275108,25.9158143],[90.6280368,25.9167241],[90.6283712,25.9173025],[90.6285389,25.9175924],[90.6316433,25.9198264],[90.6350921,25.9214916],[90.6356475,25.9216981],[90.6393994,25.9230934],[90.6458281,25.9253221],[90.6488156,25.9263138],[90.6488476,25.9263244],[90.6525416,25.9275505],[90.658811,25.9297787],[90.6642073,25.9316684],[90.6708167,25.9340629],[90.6726537,25.93464],[90.6779415,25.9388761],[90.6826407,25.9431122],[90.6851782,25.9461576],[90.6876454,25.9484492],[90.6883345,25.9489092],[90.6892109,25.9490635],[90.6892893,25.9490773],[90.6905908,25.9493065],[90.6931673,25.94976],[90.6970664,25.9503222],[90.6984442,25.9502674],[90.7006257,25.9501444],[90.7029272,25.9504907],[90.7041917,25.9509908],[90.7055139,25.9515138],[90.7070308,25.9519175],[90.7076459,25.9520812],[90.710167,25.9522558],[90.7115558,25.9521459],[90.7131572,25.9520193],[90.7138459,25.9516713],[90.7145952,25.9522982],[90.7156238,25.9526451],[90.7168877,25.953732],[90.717069,25.9540453],[90.7175875,25.954941],[90.718676,25.9551073],[90.719015,25.9545384],[90.7192222,25.9532471],[90.719477,25.9516587],[90.7198618,25.9492714],[90.7198856,25.9491238],[90.719939,25.9487925],[90.7222994,25.9478116],[90.724475,25.9467766],[90.7250593,25.947056],[90.727187,25.9483814],[90.7292452,25.9499821],[90.7309186,25.95124],[90.7324669,25.9520964],[90.7340748,25.9524428],[90.7358571,25.9526084],[90.7368952,25.9522059],[90.7376491,25.9523723],[90.7383284,25.9527102],[90.7385586,25.9533509],[90.7380948,25.9538117],[90.7375265,25.9546696],[90.7377571,25.9556985],[90.7404569,25.956822],[90.7428166,25.9579871],[90.7436451,25.9564163],[90.7437882,25.9561449],[90.7444162,25.9550567],[90.7451054,25.955345],[90.7471467,25.956449],[90.7473462,25.9566884],[90.7477904,25.956779],[90.7479002,25.9567563],[90.748095,25.9567161],[90.7477567,25.9555469],[90.747191,25.9543969],[90.7467765,25.9540257],[90.7459172,25.9534442],[90.745686,25.9518964],[90.7457994,25.9505784],[90.7471453,25.9503574],[90.7471533,25.9503562],[90.7478277,25.9499325],[90.7477646,25.9482987],[90.7471257,25.9480623],[90.7463154,25.9474729],[90.7463792,25.946322],[90.7460288,25.9453564],[90.7445251,25.9443197],[90.7431568,25.9436935],[90.7429855,25.942254],[90.7416662,25.9406619],[90.7412505,25.9402469],[90.740397,25.9393946],[90.7422955,25.9360037],[90.7441389,25.9326759],[90.7455687,25.9303138],[90.7458478,25.929578],[90.7463963,25.9284856],[90.7467155,25.9280883],[90.7471499,25.9283679],[90.7471501,25.9285787],[90.7500915,25.9330055],[90.751017,25.932359],[90.7513914,25.9322983],[90.7526338,25.9340522],[90.7527883,25.9342702],[90.7544581,25.9335973],[90.7546271,25.9334428],[90.7539101,25.9322987],[90.7535706,25.9315594],[90.753743,25.9303882],[90.7540531,25.929663],[90.7541517,25.9294326],[90.75344,25.9283247],[90.751977,25.9269315],[90.7498664,25.9258851],[90.7471666,25.9248823],[90.7469612,25.9248066],[90.7469905,25.9215393],[90.7473098,25.9198748],[90.7477931,25.91886],[90.74715,25.9186058],[90.7417267,25.9168727],[90.7389766,25.9161584],[90.7411164,25.9138174],[90.7424458,25.9123862],[90.745305,25.9117691],[90.7456309,25.9124379],[90.7471409,25.9155369],[90.7490216,25.9168447],[90.7510656,25.9182661],[90.7525571,25.9189398],[90.7547068,25.9202594],[90.7554503,25.9203052],[90.7576715,25.9201084],[90.7587194,25.9202627],[90.7598565,25.9210895],[90.7605245,25.9218844],[90.7604269,25.9196774],[90.7606342,25.9161882],[90.7606653,25.9156652],[90.7594784,25.9147617],[90.7582523,25.9141536],[90.7567897,25.9134282],[90.7566903,25.913085],[90.7566774,25.9109864],[90.757032,25.9107384],[90.7602325,25.9089808],[90.7618949,25.9082916],[90.7627872,25.9080335],[90.7628966,25.9080019],[90.7638866,25.9077155],[90.7663768,25.9076406],[90.7736271,25.9083364],[90.7749709,25.9084199],[90.7781032,25.9086147],[90.7780528,25.9111224],[90.7780513,25.9112008],[90.7788173,25.9112168],[90.7811652,25.911266],[90.7815221,25.9143442],[90.7820095,25.9165108],[90.7828622,25.9182227],[90.7829333,25.9183654],[90.783026,25.9185515],[90.7833779,25.9217697],[90.7836918,25.922325],[90.7850285,25.9235986],[90.7853174,25.9242892],[90.784732,25.9248817],[90.7844883,25.9251282],[90.7864886,25.9276741],[90.7865179,25.9277114],[90.78755,25.9290249],[90.7908458,25.9336214],[90.7920305,25.9350979],[90.7963818,25.9405207],[90.7971226,25.9409205],[90.803679,25.944459],[90.8059221,25.9456695],[90.8059678,25.9456942],[90.8091467,25.9474096],[90.8092414,25.9477798],[90.8091062,25.9483483],[90.8084668,25.9492642],[90.8080719,25.9501261],[90.8078817,25.95097],[90.8080013,25.9513808],[90.8084751,25.9521933],[90.8090541,25.9524373],[90.8096781,25.9523474],[90.8104281,25.9520369],[90.8117803,25.9514772],[90.8127954,25.9513422],[90.8128337,25.9513286],[90.8135083,25.9500968],[90.8138977,25.9499436],[90.8152204,25.9503278],[90.8156099,25.950188],[90.8162046,25.9489335],[90.8163743,25.9489969],[90.8173224,25.9497013],[90.8173652,25.9497212],[90.8185801,25.9502839],[90.819274,25.9503159],[90.8197983,25.9500408],[90.8210866,25.9491972],[90.8218505,25.9489042],[90.8220204,25.948647],[90.8219358,25.9479384],[90.8220413,25.9474137],[90.822071,25.9472659],[90.8225035,25.9469639],[90.8225104,25.9469592],[90.8231545,25.9465939],[90.8238835,25.9461021],[90.8240734,25.9456284],[90.824413,25.9453983],[90.8247474,25.9456285],[90.8251363,25.9467164],[90.8252755,25.9478493],[90.8258992,25.9486935],[90.827592,25.9482043],[90.8279473,25.9481209],[90.8290694,25.9478686],[90.8301179,25.9474356],[90.8325096,25.9459515],[90.832914,25.9458613],[90.8332384,25.9459517],[90.8335227,25.9466874],[90.8339468,25.9471479],[90.8345058,25.9476084],[90.8353442,25.9482224],[90.8361879,25.9484212],[90.8365125,25.9477489],[90.8365977,25.9467831],[90.8364289,25.9437952],[90.8359753,25.9419808],[90.8354665,25.9407396],[90.8348728,25.939927],[90.834823,25.9396517],[90.8349229,25.9393494],[90.8352625,25.9387176],[90.8353825,25.9382437],[90.8353479,25.9372463],[90.8352482,25.9367272],[90.8354679,25.9366054],[90.8359571,25.9366372],[90.836501,25.9371428],[90.8372402,25.9386407],[90.8381272,25.9404379],[90.8390404,25.9413091],[90.840887,25.9421986],[90.8413148,25.9421762],[90.8423447,25.9421222],[90.8426138,25.9435621],[90.8436968,25.9444965],[90.8439472,25.9447932],[90.8440512,25.9449163],[90.8443554,25.9459724],[90.8477607,25.9446559],[90.8483269,25.944437],[90.848474,25.9443801],[90.8511497,25.9442451],[90.8632119,25.9434026],[90.8632703,25.9433985],[90.8633864,25.9433904],[90.864438,25.9433169],[90.8723257,25.9427347],[90.8748259,25.94255],[90.8742819,25.9433038],[90.8730988,25.944942],[90.8719456,25.9459394],[90.871706,25.9467699],[90.871691,25.9476273],[90.8722651,25.9481058],[90.8756047,25.9492387],[90.876688,25.9494237],[90.8770118,25.9483526],[90.8773319,25.9472934],[90.8782804,25.9466661],[90.8798878,25.945655],[90.8801922,25.9442424],[90.8804966,25.9435293],[90.8807362,25.9430825],[90.8810757,25.9428252],[90.8813302,25.9429154],[90.88148,25.9433126],[90.8810408,25.9452758],[90.8804673,25.9463594],[90.8800925,25.9470677],[90.8801075,25.9481238],[90.880492,25.9504932],[90.8811952,25.9505143],[90.8818919,25.9505352],[90.8825937,25.9505562],[90.8843819,25.9503264],[90.8845256,25.9503079],[90.8850847,25.9499423],[90.8851684,25.9495031],[90.8853591,25.9485026],[90.8857632,25.9456953],[90.8863173,25.94491],[90.8871507,25.9437455],[90.888723,25.9432264],[90.8890456,25.9432092],[90.889575,25.9427365],[90.8891121,25.9402385],[90.889127,25.9394938],[90.8894514,25.9388214],[90.8894873,25.9387745],[90.8900253,25.9380721],[90.8911783,25.9379952],[90.8940584,25.9379452],[90.8959053,25.9377916],[90.8960891,25.937754],[90.8974526,25.9374753],[90.8965738,25.935941],[90.8947764,25.9329715],[90.8943518,25.9313784],[90.8944217,25.9311798],[90.8966378,25.9307778],[90.8998046,25.9301546],[90.902582,25.9296079],[90.9052921,25.9289033],[90.9058359,25.9278922],[90.9060702,25.9268316],[90.9060172,25.9259367],[90.9059849,25.9253919],[90.9061745,25.9250217],[90.9072374,25.9242091],[90.9078809,25.9233018],[90.9094229,25.9224303],[90.9098471,25.9221369],[90.9102209,25.920652],[90.9103855,25.9202592],[90.9119974,25.9200287],[90.9134691,25.9182185],[90.9155992,25.915528],[90.9163974,25.9144401],[90.9168364,25.9140564],[90.9193619,25.9149447],[90.9195117,25.91522],[90.9190506,25.9157013],[90.9173965,25.9174276],[90.9174116,25.9177932],[90.9169079,25.9188223],[90.9154312,25.9203978],[90.9151272,25.9215172],[90.9144196,25.9251235],[90.9142352,25.9257057],[90.9143357,25.9276509],[90.9148602,25.9291491],[90.915364,25.9302868],[90.9155696,25.9307512],[90.9155551,25.932087],[90.9154208,25.9334817],[90.9150468,25.9344747],[90.9148127,25.9358874],[90.9149976,25.9365463],[90.9159473,25.9402379],[90.9163233,25.9423765],[90.9164509,25.9431023],[90.9165075,25.943424],[90.9173364,25.9444077],[90.91832,25.9446375],[90.9194879,25.9444521],[90.920421,25.9433777],[90.9211645,25.9428133],[90.9218233,25.942461],[90.9219429,25.9418923],[90.9219427,25.9413418],[90.9225018,25.941522],[90.9230825,25.9419977],[90.9231959,25.9420906],[90.9237753,25.9427493],[90.923925,25.9428711],[90.9243493,25.9427039],[90.9270594,25.9417371],[90.930658,25.9408466],[90.9307334,25.9408213],[90.9331783,25.9399995],[90.9338571,25.9397713],[90.9345361,25.9398612],[90.93528,25.9403393],[90.9368153,25.9426097],[90.9368509,25.9426622],[90.9378278,25.9441068],[90.9384094,25.9449657],[90.939991,25.9473012],[90.9452278,25.9477274],[90.9472718,25.9480651],[90.9474345,25.9480919],[90.9475691,25.9477083],[90.94623,25.9457953],[90.9454657,25.944875],[90.9454003,25.9440943],[90.945634,25.9425326],[90.9461423,25.9410113],[90.9469553,25.9399368],[90.9475341,25.9394896],[90.9489216,25.9393536],[90.9504291,25.9393844],[90.9512425,25.9391222],[90.9539868,25.9373741],[90.9556732,25.9363351],[90.9563667,25.9357706],[90.9570449,25.9349578],[90.9573009,25.9345295],[90.9580677,25.9332463],[90.9581268,25.9331474],[90.959396,25.9313007],[90.959458,25.9312105],[90.9597073,25.9305847],[90.9602203,25.9292964],[90.9609575,25.927698],[90.9611323,25.9273191],[90.9613916,25.9261973],[90.9618387,25.9242631],[90.9626844,25.9203858],[90.9635316,25.9187921],[90.9649823,25.9166249],[90.9659645,25.9154283],[90.9666222,25.9140648],[90.967453,25.9106478],[90.968109,25.9071992],[90.9690044,25.9037505],[90.9687838,25.902347],[90.9679122,25.8981187],[90.9671794,25.8926762],[90.9668594,25.8918325],[90.9663646,25.8908218],[90.9661438,25.8891339],[90.9659786,25.8884391],[90.9676587,25.8875175],[90.9678239,25.8874269],[90.9682622,25.8863389],[90.9683814,25.8856934],[90.968855,25.8852193],[90.9695284,25.8849751],[90.9712254,25.8857683],[90.9750943,25.8891073],[90.9757141,25.8896421],[90.9760534,25.8896735],[90.9780493,25.8894853],[90.9886907,25.8884816],[90.9968545,25.8878775],[90.9971141,25.8878821],[90.9985172,25.8879071],[90.9993522,25.887922],[91.0006598,25.8879382],[91.000869,25.8867453],[91.0010308,25.8858221],[91.0022295,25.8858308],[91.0046642,25.8857268],[91.0059451,25.8856377],[91.0060817,25.8855978],[91.0068003,25.885388],[91.0077646,25.885093],[91.0093158,25.8845405],[91.0106028,25.8841729],[91.0137293,25.8842587],[91.0160124,25.8843444],[91.0179067,25.8845582],[91.0189897,25.8851856],[91.0202213,25.8859147],[91.0224247,25.8871528],[91.0232822,25.8876911],[91.0237527,25.8879866],[91.025219,25.8887765],[91.0260371,25.8882702],[91.0268964,25.8877384],[91.0290578,25.8865809],[91.0303758,25.8859299],[91.0304057,25.8859153],[91.0304767,25.8858599],[91.0305484,25.8858016],[91.0305156,25.8848306],[91.0304156,25.8841023],[91.0299976,25.8815883],[91.0296587,25.8791567],[91.0292574,25.8768795],[91.0291244,25.8758457],[91.0288416,25.8736479],[91.0285077,25.8718574],[91.0281161,25.8698663],[91.027908,25.8693306],[91.0277322,25.8690953],[91.0273719,25.8688826],[91.0271676,25.868817],[91.0265676,25.8686241],[91.0261195,25.8684491],[91.0257803,25.8681706],[91.0254379,25.8677049],[91.0250015,25.8668492],[91.0248305,25.8663991],[91.0244863,25.8656995],[91.0239844,25.8649285],[91.0235564,25.8644472],[91.0228799,25.8637233],[91.0222808,25.8632594],[91.0217927,25.86291],[91.0208435,25.8623115],[91.0191963,25.8614285],[91.018501,25.8611094],[91.0180069,25.8608132],[91.0164793,25.8593686],[91.0160034,25.858918],[91.0149408,25.8578971],[91.0140249,25.8568723],[91.0139138,25.8566318],[91.0139141,25.8562904],[91.0140337,25.8533127],[91.0141776,25.852172],[91.0144306,25.8504275],[91.0147595,25.8493848],[91.0153133,25.8485053],[91.0153134,25.848399],[91.0146941,25.8475869],[91.0137658,25.8466106],[91.0132299,25.8461778],[91.0125932,25.846109],[91.0118223,25.8459794],[91.0114752,25.8459081],[91.0113665,25.8455818],[91.0113847,25.844133],[91.0116202,25.8430863],[91.012208,25.8417797],[91.0113961,25.8408764],[91.0108198,25.8401226],[91.010611,25.8395991],[91.0104775,25.8389314],[91.0102376,25.8373261],[91.0092906,25.8375756],[91.008652,25.8377641],[91.0079831,25.8379615],[91.0079247,25.8374435],[91.0070841,25.8342546],[91.0069673,25.8327475],[91.0069338,25.8324874],[91.0065962,25.8320894],[91.0059295,25.8315075],[91.0049371,25.8307378],[91.0045911,25.8303703],[91.0044225,25.8301407],[91.0041191,25.8293526],[91.0038196,25.8284179],[91.0037847,25.8280609],[91.0035572,25.8274641],[91.0029585,25.8264768],[91.0020891,25.82554],[91.0017515,25.825249],[91.0016467,25.8251689],[91.0015912,25.8251264],[91.0013969,25.8250995],[91.0015898,25.8245574],[91.0022608,25.8238449],[91.004037,25.8222045],[91.0056042,25.8208618],[91.0065225,25.8206863],[91.0072371,25.8211126],[91.0076894,25.8211888],[91.0080162,25.8211891],[91.0087118,25.8209317],[91.0090385,25.8208038],[91.0100276,25.8204169],[91.0105663,25.8203642],[91.0112028,25.8205012],[91.0120164,25.8209429],[91.0122663,25.8210786],[91.0133962,25.8215629],[91.0153059,25.8220195],[91.0166168,25.8224116],[91.0171446,25.8224045],[91.0178068,25.8220711],[91.018929,25.8225044],[91.0202775,25.8229453],[91.021499,25.8233405],[91.0224537,25.823766],[91.0232069,25.8247679],[91.0237118,25.8254032],[91.0252016,25.8271717],[91.0259216,25.8280249],[91.0280374,25.8305652],[91.0286292,25.8311649],[91.0299106,25.8316816],[91.0311168,25.8320541],[91.031678,25.832411],[91.0320761,25.8328464],[91.0322685,25.8332714],[91.0322509,25.8343561],[91.0323595,25.8348416],[91.0324991,25.8349976],[91.0340808,25.8352881],[91.0362003,25.8357901],[91.0373823,25.8359808],[91.0378463,25.8360557],[91.0388693,25.8366654],[91.0392294,25.8368931],[91.0395978,25.8372954],[91.0399567,25.8377858],[91.0401225,25.8380407],[91.040584,25.8390688],[91.0414543,25.8401015],[91.0420583,25.8409087],[91.042505,25.8416485],[91.0429078,25.8422011],[91.043942,25.8431827],[91.0443229,25.8435218],[91.0448356,25.8439316],[91.0455417,25.8444373],[91.0459102,25.844832],[91.0460834,25.8450777],[91.0464793,25.8458564],[91.0468054,25.8468199],[91.0470892,25.8478296],[91.0471726,25.8485124],[91.0472876,25.848858],[91.0477169,25.8490816],[91.0482196,25.8492032],[91.0489486,25.8492264],[91.0496039,25.8490044],[91.0506264,25.8488001],[91.0512213,25.8487928],[91.0530062,25.8488164],[91.0553441,25.8488252],[91.0562684,25.8487555],[91.0565297,25.8486763],[91.0569474,25.8483386],[91.0575761,25.8478231],[91.0579528,25.8476154],[91.058056,25.8475655],[91.0589338,25.8474747],[91.0595037,25.847475],[91.0598987,25.8475686],[91.0609606,25.8479885],[91.0616119,25.8480249],[91.0617046,25.8480122],[91.0617717,25.8479212],[91.0617885,25.847777],[91.0616881,25.8473067],[91.0616883,25.8471095],[91.0617638,25.8469805],[91.0618811,25.8469047],[91.0621241,25.8468896],[91.0625347,25.8469581],[91.0635986,25.8476337],[91.0641263,25.847854],[91.0644615,25.8479527],[91.0647548,25.8478997],[91.0652303,25.8476484],[91.0659596,25.8470797],[91.0662698,25.8467308],[91.0665213,25.8466248],[91.0672084,25.8466251],[91.0681804,25.8467619],[91.068509,25.8469281],[91.0687435,25.8473302],[91.0688659,25.8476721],[91.0689527,25.8479144],[91.0690699,25.8480965],[91.0692877,25.8482408],[91.0695726,25.8482409],[91.0698542,25.8481567],[91.0705616,25.8479454],[91.0707542,25.8479454],[91.0709889,25.8480214],[91.0721534,25.8485756],[91.0724935,25.8486578],[91.0727951,25.848893],[91.0735655,25.8498643],[91.0741519,25.8503803],[91.0748203,25.8507505],[91.0751972,25.8511299],[91.0758672,25.8521163],[91.0760096,25.852268],[91.076194,25.852306],[91.0771158,25.8522836],[91.0775233,25.8522741],[91.0781265,25.8526156],[91.0783359,25.8528357],[91.0784365,25.8528357],[91.0784555,25.8528078],[91.0785036,25.8527371],[91.0786043,25.8522972],[91.0786044,25.8520241],[91.0784454,25.8517055],[91.0779515,25.8511835],[91.07739,25.85059],[91.0766108,25.8500056],[91.074835,25.8489021],[91.0745753,25.8486441],[91.0744415,25.8480827],[91.0742489,25.8477185],[91.0735329,25.846621],[91.0729803,25.8458926],[91.0728464,25.8453918],[91.0728968,25.8449898],[91.0731256,25.8445473],[91.0736287,25.8439558],[91.0736959,25.8436592],[91.0736709,25.8433869],[91.0734447,25.8431365],[91.0733943,25.8431038],[91.0727661,25.8426962],[91.0726407,25.8425569],[91.0725822,25.8423672],[91.07309,25.8410923],[91.0731442,25.8409564],[91.0732365,25.8404558],[91.0731864,25.8401419],[91.0728598,25.8397322],[91.0718631,25.8387609],[91.0706151,25.8378121],[91.0700321,25.8376122],[91.0691356,25.8375057],[91.0686833,25.8372475],[91.0680214,25.8368604],[91.0677314,25.8368062],[91.0675972,25.836882],[91.0673539,25.8375722],[91.0667921,25.8385278],[91.0666076,25.838778],[91.0664149,25.8388615],[91.0661737,25.8388231],[91.0658554,25.8385423],[91.0656403,25.8380946],[91.0654869,25.8379391],[91.0652367,25.8377657],[91.06481,25.8375522],[91.0642212,25.8374186],[91.062917,25.837319],[91.0598524,25.8367895],[91.0593661,25.8366598],[91.059199,25.8364252],[91.0591429,25.8353114],[91.0591156,25.8342615],[91.0590476,25.8334103],[91.0590387,25.8332985],[91.058719,25.8328481],[91.0582483,25.8322079],[91.0577334,25.8317676],[91.0572038,25.8314341],[91.0563943,25.8312204],[91.05529,25.8312086],[91.0548543,25.8312218],[91.0545157,25.8313283],[91.053809,25.8316747],[91.0533701,25.8318084],[91.0529699,25.8318076],[91.052588,25.8316726],[91.0522637,25.8314339],[91.0517929,25.8310203],[91.0512926,25.8306734],[91.0500421,25.8298462],[91.0491592,25.8294324],[91.0488843,25.8292728],[91.0496859,25.8286844],[91.0517729,25.8274262],[91.0527476,25.8267829],[91.054223,25.8258091],[91.0561339,25.824619],[91.0589473,25.8227986],[91.0606988,25.8216767],[91.0621344,25.8207781],[91.062136,25.8207798],[91.0631894,25.8219467],[91.0649384,25.8237325],[91.0660521,25.8248404],[91.0663056,25.825086],[91.0669718,25.8257313],[91.0700629,25.826749],[91.0722358,25.8273952],[91.0736432,25.8278963],[91.0750626,25.8284409],[91.0771402,25.8289423],[91.0794935,25.8294282],[91.0812947,25.8297777],[91.0831835,25.8301325],[91.0852614,25.8303379],[91.0860322,25.8303229],[91.0889827,25.8306587],[91.0896195,25.830712],[91.0909935,25.8307578],[91.0913484,25.8307838],[91.0949299,25.8310458],[91.0979545,25.831365],[91.1003792,25.8314536],[91.1022475,25.83156],[91.1040273,25.8316914],[91.1049925,25.8317628],[91.1064,25.8318541],[91.1091667,25.8320293],[91.1129873,25.8321814],[91.1160772,25.8323839],[91.1180545,25.832528],[91.1196347,25.8327016],[91.1203637,25.8329292],[91.120925,25.8332024],[91.1218589,25.8339783],[91.1232917,25.8354955],[91.1243474,25.8367699],[91.1255763,25.8381465],[91.1263555,25.8389582],[91.1277943,25.8406088],[91.1291518,25.8423004],[91.1294608,25.8426109],[91.1308459,25.8426108],[91.1337259,25.8426107],[91.136109,25.8426264],[91.1386733,25.8445833],[91.1399743,25.8454424],[91.1415129,25.8464585],[91.1444445,25.8485191],[91.1459949,25.8495202],[91.14755,25.8504916],[91.1499098,25.8507408],[91.1520099,25.85103],[91.1540293,25.8506732],[91.1563505,25.850445],[91.1587657,25.8501433],[91.1598954,25.8499499],[91.1604736,25.8497829],[91.1629034,25.8487127],[91.1660347,25.8474867],[91.1675428,25.8468566],[91.169707,25.8459964],[91.171458,25.8453055],[91.1736234,25.844405],[91.1754082,25.8442603],[91.1801373,25.8439707],[91.180228,25.8439721],[91.1811168,25.8452917],[91.1819053,25.8467479],[91.1827593,25.848138],[91.1836354,25.8497463],[91.1839925,25.8504019],[91.1858781,25.8506363],[91.188363,25.8513133],[91.1892012,25.8517149],[91.1896373,25.8522685],[91.1901517,25.8529978],[91.1912291,25.8545249],[91.1923194,25.8560264],[91.1933672,25.8577574],[91.1944659,25.8592817],[91.1956267,25.8610475],[91.1958678,25.8611704],[91.1961528,25.8602815],[91.1964232,25.8590541],[91.1964391,25.8587479],[91.1964468,25.8585992],[91.1964065,25.8579336],[91.1962308,25.8573922],[91.1961348,25.8570457],[91.1961347,25.8567713],[91.1962142,25.8563959],[91.1963337,25.8561937],[91.1972771,25.855218],[91.1977211,25.8545743],[91.1977631,25.8544886],[91.197763,25.8543587],[91.1974836,25.8538967],[91.1971643,25.8534059],[91.1969456,25.8529829],[91.1968928,25.8526913],[91.1969059,25.8520119],[91.1969774,25.8516293],[91.1975285,25.8498433],[91.1975558,25.8495383],[91.1976832,25.849264],[91.1980003,25.8487954],[91.1981134,25.8486501],[91.1983285,25.8483829],[91.1990348,25.8477883],[91.1998398,25.8471309],[91.2008656,25.8463299],[91.2018701,25.84543],[91.2030575,25.8444547],[91.203432,25.844144],[91.2035834,25.8439418],[91.2036551,25.8437324],[91.2036549,25.843458],[91.2036433,25.843214],[91.2034938,25.8425869],[91.2033342,25.8423342],[91.203007,25.8420385],[91.2027916,25.8418219],[91.202608,25.8414106],[91.2024641,25.8409919],[91.2022983,25.8408093],[91.2022807,25.8407898],[91.2019512,25.8405331],[91.2011696,25.840223],[91.2003959,25.8399058],[91.1998614,25.8395812],[91.1994785,25.839242],[91.1992071,25.8387152],[91.1990082,25.8380414],[91.1987528,25.8375651],[91.198282,25.83693],[91.1976274,25.8355947],[91.197289,25.835244],[91.1970098,25.8350421],[91.1966828,25.83497],[91.1951999,25.8349996],[91.194833,25.8349637],[91.1946815,25.8348627],[91.1945618,25.8346822],[91.1945537,25.8346101],[91.1945536,25.8343213],[91.1946331,25.8339892],[91.1948799,25.8334259],[91.1950152,25.8328483],[91.195015,25.8324728],[91.1948864,25.8320878],[91.1944555,25.8314454],[91.1942639,25.8311423],[91.194216,25.8308535],[91.1942157,25.8304853],[91.1942793,25.8300233],[91.1944142,25.8295715],[91.1945338,25.8291711],[91.1946314,25.828405],[91.1945752,25.8276469],[91.1944554,25.8272788],[91.1942399,25.8269829],[91.1937534,25.8265933],[91.1929,25.8261605],[91.1918758,25.8257037],[91.1910942,25.8252492],[91.190863,25.825105],[91.1893729,25.8237362],[91.188982,25.8232815],[91.1884554,25.8225237],[91.1883197,25.8222132],[91.187564,25.820974],[91.1872369,25.8204398],[91.1870293,25.8200068],[91.1868695,25.8192487],[91.1867843,25.8190284],[91.1864413,25.8185159],[91.1863057,25.8183571],[91.1862578,25.8182055],[91.1862497,25.8180827],[91.1864263,25.8173494],[91.1868005,25.8163963],[91.1871734,25.8156394],[91.1878187,25.8148016],[91.1882889,25.8143972],[91.1887351,25.8141515],[91.1887915,25.8141332],[91.189046,25.8140503],[91.1896837,25.8139923],[91.1900025,25.8139488],[91.1901699,25.813826],[91.1902735,25.8136527],[91.190321,25.8132469],[91.1904398,25.8116369],[91.1904396,25.8114348],[91.1903865,25.8113455],[91.1902106,25.8110499],[91.1899633,25.8106457],[91.1896919,25.8102271],[91.189333,25.8097725],[91.1890937,25.8094765],[91.1889978,25.8092167],[91.1889578,25.8089496],[91.1889734,25.8080698],[91.1888775,25.8076727],[91.1887737,25.807449],[91.1886382,25.8073263],[91.188072,25.8069872],[91.187777,25.8068213],[91.1876573,25.8066698],[91.1875056,25.8061861],[91.1874257,25.8056807],[91.1873615,25.8049949],[91.1870363,25.8041549],[91.1866373,25.8034115],[91.1855044,25.801441],[91.1850574,25.8006446],[91.1841876,25.7988905],[91.1841077,25.7986523],[91.1841076,25.7984501],[91.184217,25.7980018],[91.184225,25.7978791],[91.184169,25.7976264],[91.1838498,25.7970273],[91.183435,25.7961611],[91.1835464,25.7959661],[91.1836977,25.7957061],[91.1839446,25.7952606],[91.1838964,25.7944159],[91.1838084,25.79373],[91.1836306,25.7929688],[91.1835347,25.792643],[91.1834146,25.7914105],[91.1829948,25.790328],[91.182762,25.7895678],[91.1827019,25.7892055],[91.1826799,25.7890634],[91.182495,25.7876517],[91.182479,25.7875006],[91.18233,25.7860236],[91.1821224,25.7840305],[91.1820664,25.7835973],[91.1817422,25.7831223],[91.181532,25.7828179],[91.1803088,25.7820142],[91.1792744,25.7809571],[91.1788465,25.7805576],[91.1784,25.7801607],[91.1782144,25.7797362],[91.1781752,25.7787378],[91.1782225,25.777756],[91.1782621,25.7773516],[91.1785214,25.7768492],[91.1787444,25.7765965],[91.1788604,25.7765089],[91.1790118,25.7764093],[91.1792392,25.7762749],[91.1793701,25.7761975],[91.1794693,25.7761453],[91.1796526,25.776069],[91.1800829,25.7757728],[91.1801307,25.7756934],[91.180473,25.774892],[91.1806159,25.7746974],[91.1809985,25.7741791],[91.1815243,25.773753],[91.1820899,25.7734134],[91.1823528,25.773305],[91.1829665,25.7732615],[91.1832613,25.7731964],[91.1844624,25.7726071],[91.1849579,25.7722574],[91.1850518,25.7721303],[91.1851315,25.7719859],[91.1851712,25.771791],[91.1851711,25.7715961],[91.1850594,25.7713217],[91.1845016,25.7702582],[91.184063,25.7694426],[91.1837438,25.7687063],[91.1836559,25.7681576],[91.1836158,25.7676234],[91.1836157,25.7674573],[91.1836814,25.7670635],[91.184156,25.7664349],[91.184379,25.7662327],[91.1848968,25.7659509],[91.1866176,25.7654554],[91.1869026,25.7653684],[91.1875419,25.7651734],[91.1884819,25.7646893],[91.1889258,25.7644296],[91.1892891,25.7639516],[91.1893075,25.763824],[91.1893074,25.7636001],[91.1892673,25.7632247],[91.1892034,25.7628421],[91.1890582,25.7624229],[91.1887803,25.7616149],[91.1885552,25.7605476],[91.1885549,25.7599917],[91.1888331,25.7587209],[91.188954,25.7582013],[91.1891581,25.7573247],[91.1893171,25.7565087],[91.1893486,25.7559456],[91.1893176,25.7549309],[91.1893682,25.7536653],[91.1893759,25.7532753],[91.1893517,25.7528566],[91.1892637,25.7521997],[91.189112,25.7516799],[91.188944,25.7504454],[91.1904799,25.747828],[91.2003984,25.7358257],[91.2101162,25.7254883],[91.2224541,25.7225633],[91.2455198,25.733299],[91.2645297,25.745854],[91.2691768,25.7477405],[91.2708733,25.7484291],[91.2745382,25.7504475],[91.2754495,25.7514049],[91.2756187,25.7516759],[91.2758576,25.7521319],[91.2760267,25.7525201],[91.2763052,25.7532289],[91.2765442,25.7535134],[91.2768429,25.7537844],[91.2771419,25.753902],[91.2773661,25.7540375],[91.2775703,25.7541911],[91.2777545,25.7543943],[91.2779785,25.7547826],[91.2780929,25.7551528],[91.2781623,25.7554868],[91.2782517,25.7559923],[91.2784207,25.7564618],[91.2786248,25.7568501],[91.2789783,25.7573604],[91.2793118,25.7577126],[91.2795907,25.757952],[91.2800042,25.7581689],[91.2802982,25.7583722],[91.2808411,25.7587607],[91.2824351,25.7599893],[91.2828434,25.7603777],[91.2831621,25.7608339],[91.2833661,25.7613214],[91.2835352,25.7617096],[91.2837743,25.761949],[91.2840533,25.7620665],[91.284462,25.7621345],[91.2848755,25.7622837],[91.285339,25.7624555],[91.2856728,25.7627084],[91.2859517,25.7629613],[91.2861957,25.7632322],[91.2864546,25.7635709],[91.2867484,25.7639457],[91.2872515,25.7644379],[91.2877515,25.7648283],[91.2877895,25.764858],[91.2882926,25.7652148],[91.2886264,25.7654994],[91.2888304,25.7659238],[91.2889597,25.7663617],[91.2890324,25.7667129],[91.289054,25.7668176],[91.2892578,25.7677113],[91.2894269,25.7681853],[91.2896508,25.7687315],[91.2897799,25.7693726],[91.2899088,25.7704693],[91.2899483,25.7709252],[91.2898732,25.7714126],[91.2898529,25.7719723],[91.2898875,25.7722927],[91.2900368,25.7726449],[91.2903008,25.7729834],[91.2906445,25.7733493],[91.291038,25.773688],[91.2918003,25.7741939],[91.2926175,25.774718],[91.2937187,25.7752059],[91.294202,25.7755763],[91.2945558,25.775915],[91.2947599,25.7763033],[91.2949839,25.7768089],[91.2952228,25.7773687],[91.2953172,25.7777569],[91.295317,25.7779736],[91.2952469,25.7786099],[91.2952264,25.7793365],[91.2953358,25.7797924],[91.2955599,25.7801807],[91.2963022,25.7807362],[91.2968454,25.7810254],[91.2972192,25.7812106],[91.2974384,25.7814274],[91.2976824,25.7818021],[91.297777,25.7820684],[91.2978665,25.7824069],[91.2979957,25.7828629],[91.2982198,25.7831834],[91.298479,25.7834273],[91.2989623,25.7838157],[91.2997991,25.7848632],[91.3006923,25.7856698],[91.3008405,25.7857258],[91.3011395,25.7858433],[91.3013986,25.7860284],[91.3016428,25.7862136],[91.301847,25.7864846],[91.3019765,25.7867057],[91.3020311,25.7869766],[91.3020908,25.787446],[91.3020903,25.7880372],[91.3021491,25.7884645],[91.3021797,25.7886872],[91.3023687,25.7893598],[91.3025928,25.7899015],[91.3028517,25.7903574],[91.3031854,25.7908315],[91.3038729,25.7916398],[91.3046353,25.7925112],[91.3051384,25.7931523],[91.3056763,25.7938611],[91.3070912,25.7957529],[91.308521,25.7975769],[91.309114,25.7981684],[91.309712,25.7988773],[91.3100457,25.7994867],[91.3105685,25.8006334],[91.3108275,25.8012427],[91.3109767,25.8018837],[91.3111259,25.8026781],[91.3112354,25.8030528],[91.3114195,25.8036125],[91.3122762,25.8053821],[91.3125751,25.805838],[91.3127944,25.8060593],[91.3129612,25.8061147],[91.3131484,25.8061768],[91.3133727,25.8062807],[91.3135222,25.8064297],[91.3136916,25.8066148],[91.3139157,25.8071249],[91.314055,25.8076846],[91.3140703,25.8077425],[91.3142242,25.8083256],[91.3144283,25.8090387],[91.3147223,25.809594],[91.3151507,25.8102171],[91.3155444,25.8105918],[91.3159532,25.8107905],[91.3162145,25.8108894],[91.3165864,25.81103],[91.3171845,25.81145],[91.3175882,25.8118022],[91.3187444,25.8131837],[91.3196913,25.8143485],[91.3207527,25.8157164],[91.3211464,25.8164342],[91.3212758,25.8170435],[91.3212754,25.8178694],[91.3213299,25.8184111],[91.3217183,25.8199413],[91.3220419,25.8208621],[91.322321,25.8215301],[91.3228741,25.8221396],[91.3237067,25.8227447],[91.3270767,25.8254358],[91.3288064,25.8272191],[91.330212,25.8290564],[91.331877,25.8311285],[91.3324054,25.8316296],[91.3333079,25.832176],[91.333981,25.8326772],[91.3343199,25.8330654],[91.3344346,25.8333362],[91.3343647,25.8336521],[91.3341351,25.8341937],[91.3337906,25.8350104],[91.3334662,25.8358047],[91.3332566,25.8363508],[91.3332565,25.8367479],[91.3336004,25.8373122],[91.3342036,25.8381699],[91.3342674,25.8383489],[91.3344577,25.8388831],[91.3346171,25.8394066],[91.3348513,25.8399799],[91.3350557,25.8402733],[91.3353549,25.8405442],[91.335599,25.8406484],[91.3357039,25.8406932],[91.3361429,25.8405444],[91.3367665,25.8401068],[91.3378791,25.8389336],[91.3385724,25.8383922],[91.3390313,25.8381395],[91.3397196,25.8379321],[91.3405277,25.8379143],[91.3413855,25.8377655],[91.3422633,25.8375355],[91.343625,25.8372019],[91.3440389,25.8371162],[91.3442484,25.8371388],[91.3444329,25.837202],[91.3446174,25.8373465],[91.345789,25.8391701],[91.3459944,25.8394668],[91.3462078,25.839775],[91.3464122,25.8399645],[91.3467164,25.8400278],[91.3472003,25.839924],[91.3473914,25.8398569],[91.3475467,25.8398023],[91.3499984,25.8389407],[91.3508962,25.8386881],[91.3514448,25.8386069],[91.352163,25.8385619],[91.3530857,25.8386478],[91.3541978,25.8389187],[91.3550955,25.8392528],[91.356023,25.8399435],[91.3570853,25.8410133],[91.3575141,25.8413654],[91.3577435,25.8414918],[91.357953,25.8414918],[91.3581824,25.8414286],[91.3586463,25.8411353],[91.3588035,25.8410827],[91.3591999,25.8409503],[91.3597985,25.8410542],[91.3602373,25.8412438],[91.3606562,25.8413025],[91.3610951,25.8412438],[91.3627361,25.8408243],[91.363975,25.8404005],[91.3645167,25.8402151],[91.3653246,25.8400076],[91.3658333,25.8400302],[91.3663621,25.8402152],[91.3670104,25.8408426],[91.3677036,25.8415558],[91.3680078,25.8418266],[91.3685365,25.8419349],[91.3695539,25.841786],[91.369903,25.8418718],[91.3704068,25.84212],[91.3710502,25.8426165],[91.3715339,25.8432033],[91.3718582,25.8440788],[91.3720676,25.845189],[91.3723668,25.8459653],[91.3725713,25.8464664],[91.3728955,25.8467191],[91.3734042,25.8467372],[91.3739829,25.8465927],[91.3753694,25.845839],[91.3759181,25.8455682],[91.3762672,25.845505],[91.3769355,25.8456945],[91.3780678,25.8457351],[91.3789905,25.8457126],[91.3795022,25.8456157],[91.3797536,25.8455681],[91.3805865,25.8455455],[91.3811402,25.8456312],[91.3821577,25.8459832],[91.3843177,25.8466739],[91.385305,25.8469895],[91.3859585,25.8471113],[91.3888514,25.8473412],[91.3899051,25.8473845],[91.3919239,25.8474673],[91.392677,25.8475303],[91.3931409,25.8475935],[91.394363,25.8480311],[91.3962585,25.8489921],[91.3992863,25.8499123],[91.4011369,25.8507109],[91.4024489,25.8513109],[91.4027283,25.8513966],[91.4029827,25.8513966],[91.4031872,25.8513333],[91.40402,25.8506832],[91.4047381,25.8502634],[91.4057057,25.8499924],[91.4061696,25.8500554],[91.4067732,25.8504119],[91.4099161,25.8520856],[91.413463,25.853565],[91.4141564,25.8536686],[91.4169797,25.8538348],[91.4189042,25.8542202],[91.4191397,25.8542674],[91.4206661,25.8544159],[91.4224667,25.854474],[91.4235291,25.8543518],[91.4242224,25.8540356],[91.4251498,25.8533222],[91.4257183,25.8530738],[91.426277,25.8529291],[91.4273146,25.85301],[91.4278482,25.8528653],[91.4281723,25.8526351],[91.4285609,25.8517774],[91.4303654,25.8492628],[91.4322496,25.8468023],[91.4340293,25.8449376],[91.4358292,25.8435559],[91.4366618,25.8430545],[91.4372801,25.8428286],[91.4390354,25.842223],[91.4391812,25.842184],[91.4406063,25.8418026],[91.4416934,25.8414681],[91.4423965,25.8411608],[91.4431142,25.8407502],[91.4433438,25.8406189],[91.4447547,25.8398193],[91.4451487,25.8397379],[91.4456077,25.8399047],[91.4469497,25.840572],[91.4483819,25.8418891],[91.4486367,25.8425615],[91.4484776,25.8433152],[91.4482685,25.8440872],[91.4482688,25.8444798],[91.4486133,25.8450032],[91.4508338,25.8466539],[91.4519916,25.8476145],[91.4530347,25.848643],[91.454467,25.8498112],[91.4582996,25.8524629],[91.4594722,25.8531481],[91.461044,25.8538558],[91.4617826,25.8543383],[91.4620372,25.8546721],[91.462064,25.8550209],[91.4621078,25.8555928],[91.4622928,25.8563284],[91.4625475,25.8567254],[91.4630814,25.8569959],[91.4653712,25.8571614],[91.4658707,25.8571545],[91.4660545,25.8571519],[91.4663738,25.8572556],[91.4666534,25.8575262],[91.4667812,25.8576648],[91.4672525,25.8581757],[91.4683903,25.8588429],[91.469473,25.8591582],[91.4706751,25.8591167],[91.4719283,25.8587401],[91.4732635,25.8583388],[91.4754376,25.8575204],[91.4764008,25.8573264],[91.4765847,25.8572893],[91.477253,25.8572031],[91.4776471,25.8572028],[91.4779015,25.8572659],[91.4780164,25.8573921],[91.4785511,25.8584795],[91.47957,25.8599861],[91.4815821,25.8620562],[91.4830402,25.8636484],[91.4833798,25.8640227],[91.4836593,25.8641669],[91.4839136,25.8641893],[91.4865719,25.8634742],[91.4882775,25.8630532],[91.491121,25.8630915],[91.4918344,25.8631541],[91.4924582,25.863447],[91.4928774,25.8636542],[91.4933812,25.8636538],[91.4939149,25.863509],[91.494748,25.8635263],[91.4953018,25.8636522],[91.4955564,25.8638009],[91.4957659,25.8638189],[91.4960201,25.8636291],[91.4967573,25.8625227],[91.4968716,25.8621029],[91.4968726,25.8620849],[91.49693,25.8611187],[91.497369,25.861092],[91.4989996,25.8616621],[91.4996876,25.8620012],[91.5004052,25.8626833],[91.5006866,25.8628758],[91.5014421,25.8633928],[91.5023495,25.8638765],[91.5034166,25.8642474],[91.5045788,25.8643928],[91.5056914,25.8642448],[91.5064707,25.8640751],[91.5067243,25.8640199],[91.5078216,25.8640208],[91.5096424,25.8641081],[91.5115829,25.8641367],[91.5127153,25.8640247],[91.5137181,25.8639667],[91.514127,25.8641386],[91.5150342,25.8648794],[91.5161299,25.8668119],[91.5180628,25.8698644],[91.5189702,25.8704337],[91.5204109,25.8715721],[91.5209147,25.8717124],[91.5215731,25.8718572],[91.521887,25.8722546],[91.5223555,25.8728507],[91.5226912,25.8729738],[91.5227171,25.8729833],[91.5228242,25.8730225],[91.5237374,25.8727659],[91.5242567,25.8722698],[91.524631,25.8721572],[91.525005,25.8723019],[91.5256032,25.8729252],[91.5261965,25.8732957],[91.5268251,25.8733232],[91.5279527,25.8731569],[91.5287713,25.8726746],[91.5292108,25.8720204],[91.5294008,25.8714518],[91.5297752,25.8711948],[91.5304336,25.871254],[91.5307475,25.8718228],[91.5309361,25.8730145],[91.5309952,25.8739803],[91.5313089,25.8747749],[91.531338,25.8759122],[91.5311173,25.877248],[91.5302378,25.8790934],[91.5300827,25.8796439],[91.5300824,25.8801021],[91.530082,25.8806684],[91.5304254,25.8816344],[91.5313627,25.8825152],[91.5325933,25.883522],[91.5326491,25.8835676],[91.5329933,25.8835948],[91.5336521,25.8834237],[91.5344055,25.8832843],[91.53469,25.8832529],[91.535064,25.8835104],[91.5351884,25.8838806],[91.5346235,25.8854417],[91.5342435,25.8864479],[91.5329899,25.8881532],[91.5314823,25.8890323],[91.5304492,25.8894288],[91.5297556,25.8895142],[91.5292215,25.8896582],[91.5284727,25.8902534],[91.5277188,25.8908488],[91.5265859,25.8910737],[91.5259273,25.8910732],[91.5255533,25.890906],[91.52502,25.8900255],[91.5240487,25.888206],[91.5235803,25.8874926],[91.5234701,25.8873098],[91.5230173,25.8865579],[91.5217019,25.884368],[91.5212936,25.8834606],[91.5213886,25.8831447],[91.5219537,25.8816694],[91.5221741,25.8807172],[91.5222106,25.8788126],[91.5221607,25.8786605],[91.5216135,25.8769934],[91.5215947,25.8757658],[91.5213108,25.8751111],[91.5203242,25.8742171],[91.5192196,25.8728295],[91.5187741,25.8721576],[91.5177075,25.8710466],[91.5158818,25.8696703],[91.5154542,25.8693479],[91.515072,25.8688349],[91.514926,25.8686389],[91.514269,25.8669641],[91.5138307,25.8662235],[91.5131377,25.865713],[91.5114171,25.8653416],[91.509721,25.8653402],[91.5076357,25.8654334],[91.5051264,25.8655441],[91.50356,25.8654887],[91.501994,25.8651173],[91.5010216,25.8648321],[91.5005477,25.8648588],[91.4995145,25.8653679],[91.4984816,25.8656243],[91.4975681,25.8661064],[91.4970812,25.8663787],[91.4970144,25.866416],[91.4956996,25.8666075],[91.493359,25.8664191],[91.4923856,25.8661342],[91.4916754,25.8659205],[91.491202,25.8659447],[91.4905712,25.8662309],[91.4895984,25.8665411],[91.4881554,25.8666675],[91.488059,25.866676],[91.4876789,25.8667092],[91.4852072,25.8670206],[91.4816417,25.8677616],[91.4806426,25.8681194],[91.4795912,25.8686439],[91.4781976,25.8689543],[91.4770671,25.869217],[91.4760417,25.8695986],[91.4753839,25.8698786],[91.4749897,25.870236],[91.4748587,25.8707359],[91.4751485,25.8713785],[91.4757274,25.8718304],[91.4759118,25.8721635],[91.4760436,25.8725206],[91.4755967,25.8727827],[91.474861,25.8734498],[91.4748089,25.8740211],[91.4750202,25.8751399],[91.4752541,25.8755078],[91.4757312,25.8762582],[91.4768376,25.8783047],[91.4778358,25.880484],[91.4779423,25.8818647],[91.4780054,25.8833738],[91.4780497,25.8844356],[91.4783123,25.8868281],[91.4786829,25.8877575],[91.480182,25.8892311],[91.480343,25.8893765],[91.48048,25.8895004],[91.482209,25.8910626],[91.4827543,25.8916834],[91.4835255,25.8925614],[91.4839994,25.8930371],[91.4844731,25.893251],[91.4855255,25.893512],[91.4874722,25.89382],[91.4895704,25.894832],[91.4909917,25.8956403],[91.4919125,25.8958538],[91.4926226,25.8957342],[91.4946099,25.8944324],[91.4957565,25.8936334],[91.497058,25.892856],[91.4977993,25.8926355],[91.4981138,25.8924958],[91.4985482,25.8921848],[91.4987381,25.8919006],[91.499083,25.8913323],[91.4994274,25.8911926],[91.5003055,25.8913063],[91.5010238,25.8915054],[91.5015227,25.891533],[91.5020567,25.8913936],[91.5029354,25.89097],[91.5035291,25.8909976],[91.5039032,25.8911694],[91.5040625,25.891481],[91.5040623,25.8916795],[91.5036528,25.8920177],[91.5029937,25.8925272],[91.5014905,25.8936587],[91.5007117,25.8941545],[91.4998329,25.8947766],[91.4989586,25.8957145],[91.4987388,25.8959942],[91.4990177,25.8964774],[91.499207,25.8967618],[91.5008966,25.8986363],[91.5013005,25.8989164],[91.5023624,25.8999283],[91.5030795,25.9012874],[91.5040511,25.9026783],[91.5035894,25.9036477],[91.5035161,25.9037249],[91.5033909,25.9042348],[91.5035401,25.9046817],[91.5040386,25.9052192],[91.5043525,25.9057295],[91.5045358,25.9070069],[91.5048794,25.9077699],[91.5052235,25.9079688],[91.5056026,25.9080819],[91.5062263,25.9082269],[91.5068849,25.9083132],[91.5080122,25.9087924],[91.5086902,25.9095512],[91.5104752,25.9111097],[91.5127295,25.9126414],[91.5136972,25.9130709],[91.5138872,25.9130982],[91.5140765,25.9131254],[91.5145456,25.9130399],[91.5151995,25.9130134],[91.5155786,25.9131852],[91.5155433,25.9134966],[91.5153582,25.9140605],[91.5155045,25.9141945],[91.5158169,25.9144807],[91.516595,25.9150229],[91.5171283,25.9157002],[91.5174724,25.9160435],[91.5183804,25.9163285],[91.5187419,25.9163889],[91.5193834,25.9164962],[91.5202916,25.9166683],[91.5205709,25.9168084],[91.5206553,25.9173591],[91.5206812,25.9177033],[91.5207194,25.9182121],[91.5209682,25.9190608],[91.5215618,25.9193185],[91.5225001,25.9192876],[91.5230042,25.9194052],[91.5237873,25.9198843],[91.5241913,25.9202275],[91.5246001,25.9207107],[91.5250386,25.9214737],[91.5258216,25.9222099],[91.526415,25.9227248],[91.5270739,25.9228065],[91.527543,25.9228655],[91.5279171,25.9230644],[91.5281364,25.9235158],[91.5283856,25.9238274],[91.5291937,25.9243469],[91.5297424,25.924731],[91.5299517,25.9251644],[91.5299516,25.92539],[91.530076,25.9258053],[91.5315181,25.9262305],[91.5324307,25.9264394],[91.5330201,25.9265744],[91.533858,25.9273513],[91.5346108,25.9284303],[91.5348298,25.9292519],[91.5349243,25.929762],[91.5352336,25.9299607],[91.5366105,25.9308146],[91.5369547,25.9312119],[91.5370193,25.9315234],[91.536954,25.9321191],[91.5367686,25.9331074],[91.5367028,25.9343304],[91.536642,25.9355761],[91.536577,25.9357746],[91.5363873,25.93563],[91.5345173,25.9332324],[91.5341178,25.9325323],[91.5336102,25.9316431],[91.5328277,25.9302256],[91.5325534,25.9298913],[91.5314254,25.9298049],[91.5305472,25.9294929],[91.5293249,25.9288693],[91.5276391,25.9273923],[91.5269261,25.9264983],[91.5266767,25.9262724],[91.5261479,25.9259065],[91.5258036,25.9258205],[91.5252996,25.9257886],[91.5245808,25.9258468],[91.5237324,25.9257063],[91.5231394,25.9254625],[91.5227645,25.9253084],[91.5223166,25.9249326],[91.5219516,25.9246263],[91.5197922,25.9226119],[91.5186658,25.920851],[91.5179133,25.9196634],[91.5175742,25.9193833],[91.51723,25.9192432],[91.5165364,25.9190125],[91.5159925,25.9189083],[91.515364,25.9185648],[91.5143018,25.9177155],[91.5129851,25.9167803],[91.5129519,25.9168041],[91.512236,25.9173167],[91.511482,25.9177404],[91.5110428,25.9177717],[91.5105438,25.9176269],[91.5095511,25.9172108],[91.5086435,25.9164429],[91.507138,25.9148259],[91.5065447,25.9141756],[91.5062308,25.9136924],[91.5058347,25.9128244],[91.505454,25.9119902],[91.5050451,25.9115656],[91.5046711,25.9113938],[91.5045309,25.9118586],[91.5044105,25.9123911],[91.5040008,25.9129504],[91.5033952,25.9136004],[91.5032614,25.9137441],[91.5031762,25.9141456],[91.5032356,25.9145159],[91.5037341,25.9151571],[91.5043173,25.9157669],[91.5045565,25.9161417],[91.5045263,25.9164079],[91.5044661,25.9167238],[91.5038767,25.9171792],[91.5025382,25.9181168],[91.5018641,25.9184909],[91.50178,25.9184972],[91.5013893,25.9191268],[91.5014782,25.9200295],[91.5015378,25.9202958],[91.5018021,25.9206165],[91.5022405,25.9213074],[91.502278,25.9213903],[91.5024446,25.9217589],[91.5024095,25.9220071],[91.5021543,25.9226387],[91.5017394,25.9232251],[91.5015743,25.9236492],[91.5016488,25.9239923],[91.5017683,25.9242857],[91.5020924,25.9245793],[91.5024915,25.9247512],[91.5029903,25.9250179],[91.5033993,25.9252845],[91.503459,25.9254425],[91.5033091,25.9257086],[91.5030443,25.9260019],[91.5029292,25.926268],[91.5029139,25.9265433],[91.503253,25.9268279],[91.504101,25.927307],[91.504989,25.9277681],[91.505453,25.9278632],[91.5064211,25.9281574],[91.5067452,25.9284239],[91.5068648,25.9285865],[91.5068644,25.9289566],[91.5069491,25.9292501],[91.5074974,25.9298778],[91.5077918,25.9299864],[91.5080859,25.9302754],[91.5081407,25.9304877],[91.5081404,25.9308351],[91.507965,25.9314488],[91.5078449,25.9318188],[91.5078198,25.9320309],[91.5079592,25.9322792],[91.5085232,25.9322707],[91.5089026,25.9322169],[91.509347,25.9321405],[91.509961,25.9320326],[91.5104351,25.9320601],[91.5121819,25.9323007],[91.5124614,25.932355],[91.5133645,25.9326942],[91.5138135,25.9328886],[91.5138983,25.9330195],[91.5139727,25.9334033],[91.5136624,25.9342695],[91.5134305,25.9347416],[91.5134274,25.9347477],[91.5133972,25.9351223],[91.5134864,25.9357587],[91.5140148,25.9365039],[91.514543,25.9374339],[91.514747,25.9380615],[91.515066,25.9387251],[91.5153601,25.9390954],[91.5155657,25.9395126],[91.5155629,25.9395573],[91.5153055,25.9403274],[91.5150543,25.9409226],[91.515148,25.9412345],[91.5153985,25.9412913],[91.516965,25.9407822],[91.5184064,25.9400179],[91.5190329,25.9398483],[91.5194715,25.9398485],[91.519816,25.9398771],[91.5196902,25.9403023],[91.5194388,25.9413794],[91.5194689,25.9427118],[91.5192795,25.9444126],[91.5189016,25.9467154],[91.518493,25.9482743],[91.518405,25.9484542],[91.5178967,25.9494929],[91.5177706,25.9504566],[91.5178944,25.9521577],[91.5177368,25.9531781],[91.5171718,25.9544871],[91.5165756,25.9557057],[91.516575,25.956216],[91.5170126,25.9572935],[91.5175132,25.958031],[91.5178257,25.9587683],[91.5180755,25.9597324],[91.5183259,25.9598743],[91.5189838,25.9598748],[91.5200176,25.9598472],[91.5211768,25.9596495],[91.522165,25.9594723],[91.5226973,25.9596711],[91.5243564,25.9610896],[91.5252956,25.9616289],[91.5257656,25.9616292],[91.5261102,25.9615444],[91.5265804,25.9612046],[91.5269249,25.9609782],[91.5272699,25.9607515],[91.5279905,25.9606385],[91.5286484,25.9606389],[91.5288673,25.9609793],[91.5289779,25.9612624],[91.5293989,25.9623404],[91.5298248,25.9629523],[91.5303572,25.963066],[91.5313598,25.9628683],[91.5326441,25.9630108],[91.5329572,25.9630677],[91.5333646,25.962983],[91.534242,25.9626149],[91.5350881,25.9623037],[91.5356206,25.9623039],[91.5360276,25.9626727],[91.53609,25.9630696],[91.5355252,25.9642033],[91.535305,25.9653938],[91.535398,25.9667263],[91.5363282,25.9690603],[91.5383628,25.9714145],[91.5390518,25.9716134],[91.5408685,25.972068],[91.5416827,25.9726922],[91.5427162,25.9731747],[91.5433109,25.9738554],[91.5436864,25.974621],[91.543739,25.9753905],[91.5443417,25.975721],[91.544696,25.9759107],[91.5452552,25.9759877],[91.5456546,25.9760151],[91.5459045,25.9756722],[91.5460795,25.9753518],[91.5464641,25.9751399],[91.5467317,25.975115],[91.5471681,25.97519],[91.5477871,25.9753798],[91.5486855,25.9759805],[91.5494245,25.9758501],[91.5508374,25.976275],[91.551042,25.9764105],[91.5512466,25.9765957],[91.5513889,25.9785812],[91.5514819,25.9810571],[91.5514488,25.9840337],[91.5516989,25.9850261],[91.551918,25.9853947],[91.5524504,25.9856784],[91.5529829,25.9859906],[91.5530759,25.9866584],[91.5533258,25.9878775],[91.5539832,25.98887],[91.5547975,25.9896358],[91.5558622,25.9906002],[91.5567077,25.9914227],[91.5574533,25.9927368],[91.5578598,25.9942678],[91.5582664,25.9957137],[91.5597064,25.9980957],[91.5601759,25.9992016],[91.5604886,26.0004206],[91.5606,26.0009244],[91.5611199,26.00145],[91.5618337,26.0019152],[91.562358,26.0021681],[91.5627776,26.0021999],[91.5633919,26.0020061],[91.5641361,26.001853],[91.5646006,26.0018261],[91.5647904,26.0018442],[91.5649951,26.0019256],[91.56507,26.0020113],[91.5650399,26.0022414],[91.5649299,26.0025438],[91.5643601,26.0033875],[91.564212,26.0035834],[91.5641392,26.0036797],[91.5637904,26.004141],[91.5634804,26.0047773],[91.5633354,26.0052194],[91.5632152,26.0057519],[91.5632349,26.0062935],[91.5633545,26.0068668],[91.5636338,26.0074943],[91.5641827,26.0083926],[91.5647119,26.0088712],[91.5652963,26.0090385],[91.5658454,26.0093771],[91.5662399,26.0097158],[91.5665743,26.0102168],[91.5666939,26.0106096],[91.5668287,26.0108353],[91.5670134,26.0110069],[91.5674678,26.0112734],[91.5683723,26.0116288],[91.5686912,26.0117161],[91.5688711,26.0117703],[91.5691507,26.0119374],[91.5696199,26.0124927],[91.5702789,26.0133098],[91.5714172,26.0143799],[91.5719165,26.0148269],[91.5720462,26.0150797],[91.572166,26.0153595],[91.5721109,26.0155987],[91.571936,26.0158423],[91.5714663,26.0161987],[91.5710216,26.0164919],[91.5700724,26.0170196],[91.5695777,26.017376],[91.5693228,26.017746],[91.5692227,26.0182107],[91.5691876,26.0184364],[91.5692822,26.0190547],[91.5695066,26.0197137],[91.5698211,26.0203142],[91.5700007,26.0207655],[91.5701902,26.0214606],[91.5702499,26.0219164],[91.5701847,26.0224987],[91.5699045,26.0234147],[91.5699643,26.0239563],[91.5707278,26.0256761],[91.5708226,26.0258251],[91.5710822,26.025947],[91.571372,26.0260735],[91.5719513,26.0263084],[91.5722109,26.0265793],[91.5726503,26.0270578],[91.5737089,26.0280962],[91.574398,26.0285478],[91.5749874,26.0288955],[91.5757115,26.0293154],[91.5761709,26.0296677],[91.5775792,26.0308776],[91.5778438,26.0311215],[91.5782682,26.0317489],[91.5784773,26.0321362],[91.5785728,26.0323131],[91.5786676,26.0324938],[91.579187,26.032873],[91.5798413,26.0332478],[91.580096,26.0333381],[91.5802359,26.0332975],[91.5806756,26.0329908],[91.5808955,26.0328104],[91.5814052,26.0324043],[91.5819248,26.0320976],[91.5823495,26.0319262],[91.5832439,26.0315744],[91.5836835,26.0314978],[91.5845578,26.0313897],[91.5848475,26.0313717],[91.5860365,26.0312232],[91.586621,26.0310248],[91.5875003,26.0305781],[91.5887195,26.029563],[91.5890594,26.0291614],[91.589674,26.0282499],[91.589954,26.0275685],[91.5902888,26.0269638],[91.5908737,26.0259439],[91.5917281,26.0247437],[91.591998,26.0244187],[91.5928524,26.0235253],[91.5932172,26.0230786],[91.5940717,26.0216797],[91.5943216,26.0210344],[91.5943317,26.0207501],[91.594117,26.0203551],[91.594052,26.0202355],[91.5938824,26.0198744],[91.5938923,26.0197796],[91.5941122,26.0195901],[91.5947916,26.0191344],[91.5953162,26.0188502],[91.5958231,26.0187659],[91.5961204,26.0187962],[91.5966069,26.0188141],[91.5966149,26.0188144],[91.5967947,26.0187557],[91.5971344,26.0185121],[91.5973892,26.0182503],[91.5975341,26.0180744],[91.5977939,26.018097],[91.5987228,26.0185079],[91.5991224,26.0188328],[91.599307,26.0192616],[91.5994518,26.0197627],[91.5994468,26.0200514],[91.5993418,26.0203538],[91.5992568,26.0206472],[91.5992967,26.0209315],[91.5994016,26.021085],[91.5997262,26.0213288],[91.6002306,26.0216086],[91.6005953,26.0217306],[91.6016093,26.0219519],[91.6033058,26.022278],[91.603827,26.0224306],[91.6054204,26.0227287],[91.6060897,26.0228506],[91.6066492,26.0228778],[91.6074583,26.0230132],[91.6083125,26.0231759],[91.608867,26.0232842],[91.6093365,26.0234964],[91.6095463,26.0236002],[91.6101956,26.0240877],[91.610745,26.0244624],[91.6115293,26.024819],[91.612803,26.0251215],[91.6145763,26.0253653],[91.6154254,26.0254376],[91.6157901,26.0253744],[91.6167442,26.0249277],[91.6173987,26.0249412],[91.6177483,26.0249548],[91.6179795,26.025184],[91.6185725,26.0257717],[91.6189321,26.0258711],[91.6191338,26.0258999],[91.6195315,26.0259568],[91.620146,26.0257853],[91.6205457,26.0250632],[91.6210402,26.0245081],[91.6212,26.0243772],[91.6217195,26.0243185],[91.622104,26.0243271],[91.6221291,26.0243276],[91.6228135,26.0242102],[91.6234629,26.02398],[91.6247966,26.0230549],[91.6258705,26.0223418],[91.62635,26.0221342],[91.6268346,26.0222425],[91.6281384,26.0227118],[91.6286578,26.0227118],[91.630471,26.0225222],[91.6308956,26.0221837],[91.6310915,26.0219713],[91.6310954,26.0219671],[91.6311354,26.021764],[91.6311353,26.0212089],[91.6311103,26.0208117],[91.6311652,26.0206041],[91.6315099,26.020243],[91.6321092,26.0196743],[91.632364,26.0192546],[91.6324039,26.0190245],[91.6321491,26.0186498],[91.6314149,26.0180361],[91.6318444,26.0172733],[91.6323339,26.0169574],[91.6324937,26.0167814],[91.6326685,26.0165512],[91.6325586,26.0163255],[91.6318393,26.0156621],[91.6317194,26.0152604],[91.6315994,26.0147189],[91.6316694,26.0145609],[91.6321888,26.0141547],[91.6327183,26.0138884],[91.6337322,26.0133468],[91.634771,26.0127826],[91.6348759,26.0125388],[91.6349008,26.0121371],[91.6348359,26.0118212],[91.6343264,26.0115324],[91.6336471,26.0113881],[91.6331676,26.0112572],[91.632753,26.0111353],[91.6326632,26.0109774],[91.6326481,26.0107021],[91.6328329,26.010147],[91.6331026,26.0098265],[91.6333273,26.0095242],[91.6334471,26.0092127],[91.6333972,26.0088878],[91.6332373,26.0084861],[91.6330775,26.0083552],[91.6323682,26.0082108],[91.6320336,26.008089],[91.6313543,26.0074978],[91.6310497,26.0069111],[91.6309447,26.0065997],[91.6307949,26.0062026],[91.6304102,26.005661],[91.6300906,26.0053451],[91.6301006,26.004975],[91.6302753,26.0037203],[91.6303652,26.003287],[91.6302853,26.0029847],[91.6300355,26.0028402],[91.6295661,26.0027184],[91.6292614,26.002601],[91.6281587,26.0007443],[91.6280482,26.0000566],[91.6282895,25.9991642],[91.6287476,25.9984216],[91.6291452,25.9977771],[91.6295076,25.9969027],[91.6295076,25.99652],[91.6287221,25.9958096],[91.6287221,25.9952084],[91.6299305,25.9938966],[91.6301721,25.9931861],[91.62987,25.9917104],[91.6301116,25.9904534],[91.6302325,25.9901254],[91.6298699,25.9899615],[91.6287219,25.9895243],[91.6277551,25.9891964],[91.627151,25.9890871],[91.6262447,25.9888685],[91.6259425,25.98783],[91.6260633,25.9866823],[91.6262004,25.9861531],[91.6264132,25.9858656],[91.626655,25.9856331],[91.6269572,25.9854144],[91.6274256,25.9851956],[91.6275851,25.9850737],[91.627622,25.9842521],[91.6276565,25.9835591],[91.6276673,25.9833908],[91.6281689,25.9829348],[91.6283607,25.9828219],[91.6284664,25.9826578],[91.6285269,25.9824391],[91.6285269,25.9821793],[91.6284966,25.9812632],[91.6284512,25.9809487],[91.6283606,25.9807436],[91.6281319,25.9804611],[91.6279808,25.980174],[91.6279355,25.9799689],[91.6279506,25.9797912],[91.6280563,25.979504],[91.6282225,25.9791759],[91.628434,25.9788478],[91.6285549,25.9785469],[91.6285549,25.9783691],[91.6284642,25.9779452],[91.6283122,25.9774886],[91.6281889,25.9769655],[91.6282214,25.9764904],[91.6282522,25.976149],[91.6285237,25.9758477],[91.6287804,25.975629],[91.6291733,25.9754102],[91.6295056,25.9750684],[91.6302434,25.974175],[91.630621,25.9737237],[91.6309382,25.9734093],[91.6320584,25.9723127],[91.6322072,25.9721377],[91.6327521,25.9715901],[91.6347638,25.9709158],[91.6352598,25.9705792],[91.6355077,25.9703268],[91.6356627,25.9697659],[91.6356316,25.9692331],[91.6357866,25.9687564],[91.6361276,25.9683638],[91.6366085,25.9682253],[91.638502,25.9667837],[91.6391561,25.9661428],[91.6394006,25.9655154],[91.6394855,25.9653665],[91.6398049,25.9648565],[91.640554,25.9645908],[91.6407445,25.9641328],[91.6407149,25.9637584],[91.6405967,25.9633037],[91.640301,25.9628223],[91.6398871,25.962555],[91.6394857,25.962387],[91.6386453,25.9619666],[91.6384974,25.9617527],[91.6382018,25.9615922],[91.6376401,25.961512],[91.6370183,25.9614922],[91.636964,25.9615458],[91.636468,25.9617421],[91.635631,25.9616301],[91.634887,25.9611533],[91.6343599,25.9605084],[91.6341429,25.9594708],[91.6338948,25.9584613],[91.6334298,25.95762],[91.6328808,25.9567156],[91.6325616,25.9561899],[91.6317247,25.9544793],[91.6314456,25.9532734],[91.63123,25.9516357],[91.63123,25.9509907],[91.63123,25.9502616],[91.630486,25.9490277],[91.62968,25.9476256],[91.6294011,25.9471489],[91.629339,25.9467002],[91.6296799,25.9450456],[91.6297868,25.9444337],[91.6299661,25.9434067],[91.6298693,25.9433031],[91.6298151,25.9432505],[91.6297148,25.943184],[91.6287454,25.9429428],[91.6280529,25.9428883],[91.62703,25.9426751],[91.6267046,25.9424342],[91.6264679,25.9423004],[91.6261601,25.942187],[91.6259355,25.9423004],[91.6255215,25.9425146],[91.6251961,25.9427822],[91.6251961,25.9431569],[91.6250281,25.9434884],[91.6241017,25.9440937],[91.6228891,25.9447896],[91.6225045,25.9448431],[91.6214165,25.9448814],[91.6211736,25.9446825],[91.6207003,25.9444684],[91.6203749,25.9444683],[91.6200792,25.9444684],[91.619813,25.9445219],[91.6195001,25.9446441],[91.6184959,25.9447741],[91.6181512,25.9443581],[91.6177963,25.9443314],[91.617323,25.9443045],[91.616761,25.944358],[91.6163394,25.94456],[91.6162582,25.9445989],[91.6156962,25.9447595],[91.6151046,25.9447059],[91.6147202,25.9445988],[91.6143652,25.9444382],[91.6140695,25.9443579],[91.6137441,25.9443579],[91.6133079,25.9443963],[91.6129454,25.9446254],[91.6123605,25.9450143],[91.6118806,25.9450268],[91.6117328,25.9449465],[91.6112951,25.9446685],[91.611023,25.9441435],[91.6110157,25.9440314],[91.6109934,25.9436884],[91.6106,25.9421309],[91.6102543,25.9410387],[91.6096628,25.9399413],[91.6092784,25.9396468],[91.6091602,25.9394862],[91.6091601,25.9392989],[91.6093376,25.9390847],[91.6098109,25.938951],[91.6101333,25.9387942],[91.6094721,25.937392],[91.6102159,25.9368593],[91.6109289,25.9365509],[91.6115797,25.9364107],[91.6120755,25.9364668],[91.6126955,25.9363547],[91.6133773,25.9361585],[91.6136562,25.9360183],[91.6137183,25.935794],[91.6144041,25.9348756],[91.6152228,25.9339731],[91.615672,25.933612],[91.616251,25.9334],[91.6179132,25.9328494],[91.6189365,25.9324703],[91.6201793,25.9322763],[91.6205686,25.9322763],[91.6211076,25.932308],[91.6213872,25.9322222],[91.6215968,25.9320327],[91.6224453,25.9309359],[91.6227088,25.9301545],[91.6227149,25.9301145],[91.6229296,25.9298438],[91.6233189,25.9297625],[91.6235323,25.929726],[91.6241374,25.9296226],[91.6243171,25.9295684],[91.6242572,25.9292435],[91.6240476,25.9289952],[91.6240475,25.9286117],[91.6242272,25.927876],[91.6245916,25.9271358],[91.624921,25.9265355],[91.6252504,25.9260842],[91.6256796,25.9256735],[91.6273416,25.9247979],[91.6274615,25.9247979],[91.6277359,25.9249333],[91.6281003,25.9251273],[91.6285495,25.9252086],[91.6291584,25.9251815],[91.6303961,25.9249061],[91.6305559,25.924834],[91.6306656,25.9241705],[91.6309701,25.9231866],[91.6312694,25.9225276],[91.6318534,25.9220176],[91.6322077,25.9217919],[91.6326569,25.9217739],[91.6332059,25.9218731],[91.6337998,25.9220265],[91.6352571,25.9220084],[91.6359459,25.9216788],[91.6364999,25.9213268],[91.6371037,25.9208348],[91.6374779,25.9202254],[91.6377573,25.9196071],[91.6380218,25.9193227],[91.6387654,25.9187225],[91.6394441,25.9185012],[91.6401677,25.9182258],[91.6407716,25.917788],[91.6412506,25.9172509],[91.6422535,25.9159013],[91.6429171,25.9150527],[91.643431,25.9142357],[91.6437752,25.9133376],[91.6442442,25.9129493],[91.6448231,25.9127868],[91.6457862,25.9124843],[91.6463601,25.9121005],[91.6467542,25.9115003],[91.6469936,25.9109135],[91.6479915,25.9099294],[91.6488647,25.9090853],[91.6499224,25.9080967],[91.6504726,25.9078746],[91.6510399,25.906896],[91.6511896,25.9065665],[91.651494,25.9062821],[91.6522973,25.9059886],[91.6534251,25.9058575],[91.6542535,25.9058077],[91.6547875,25.9061009],[91.6551468,25.9065658],[91.6556623,25.9071976],[91.6566592,25.9077704],[91.6568688,25.9077704],[91.6570745,25.907503],[91.6571432,25.9074138],[91.6574425,25.9067548],[91.6577468,25.9065923],[91.6582309,25.9066462],[91.6585353,25.9068403],[91.6593489,25.9070838],[91.6595934,25.9070296],[91.6598926,25.9065917],[91.6603167,25.9064021],[91.6609805,25.9065102],[91.6613448,25.9067042],[91.6616793,25.9071961],[91.6617293,25.9075255],[91.6622235,25.9078368],[91.6634211,25.9077597],[91.6650327,25.907168],[91.6655466,25.9067482],[91.6658158,25.9061253],[91.6662397,25.9053083],[91.6665091,25.9051683],[91.6670231,25.9050327],[91.6676069,25.9049785],[91.6682307,25.9048699],[91.6687146,25.9045674],[91.6691685,25.9040482],[91.6697423,25.9038811],[91.6702264,25.9039937],[91.6706007,25.9041515],[91.6707706,25.9047247],[91.6707708,25.9052437],[91.6708909,25.9058755],[91.6710406,25.9061192],[91.6724032,25.9068589],[91.6729374,25.9071566],[91.6732169,25.9074589],[91.6734617,25.9080049],[91.6739761,25.9090428],[91.6744505,25.909837],[91.6747602,25.9102927],[91.6751795,25.9106491],[91.6755689,25.9110597],[91.6762679,25.9118221],[91.6764178,25.9121787],[91.6769623,25.9132752],[91.6778363,25.9148319],[91.6781309,25.9152831],[91.678835,25.9162532],[91.6802579,25.9174306],[91.6809818,25.9178591],[91.6816456,25.9180077],[91.6825889,25.9181519],[91.683617,25.9181514],[91.6850994,25.9184487],[91.6865819,25.9189986],[91.6874257,25.9196527],[91.6880848,25.9202121],[91.6884845,25.9208573],[91.6885146,25.921295],[91.6883354,25.922252],[91.6884557,25.922974],[91.6889352,25.9239306],[91.6894298,25.9246164],[91.6900141,25.9251803],[91.690758,25.925726],[91.6920512,25.92661],[91.6924458,25.9270747],[91.6926256,25.9274582],[91.6929303,25.9277289],[91.6941181,25.9287811],[91.6957319,25.9303633],[91.6962163,25.9308549],[91.6966659,25.9315678],[91.6978451,25.9333589],[91.6986644,25.9346854],[91.6986964,25.934724],[91.6989342,25.9350102],[91.6990316,25.9350296],[91.6994783,25.9351183],[91.7005666,25.935393],[91.7011309,25.935632],[91.7012059,25.9358846],[91.7011412,25.936133],[91.7010517,25.9368415],[91.7016863,25.9377438],[91.7025454,25.9387092],[91.7028353,25.9392191],[91.7029304,25.9395756],[91.7029306,25.9398509],[91.7028061,25.9403699],[91.7024074,25.9412141],[91.7023994,25.9412701],[91.7032183,25.9414518],[91.7038519,25.9416153],[91.7044857,25.9418879],[91.7073519,25.9420501],[91.7086356,25.9421059],[91.7093029,25.9423551],[91.7106576,25.9429237],[91.7117742,25.9433598],[91.713102,25.9438503],[91.7134809,25.9440487],[91.7136153,25.9443687],[91.713452,25.944949],[91.7132239,25.9455155],[91.7133337,25.9457296],[91.7138278,25.946143],[91.7143106,25.94617],[91.7151188,25.9462882],[91.7151858,25.9465516],[91.7149748,25.9468247],[91.7148242,25.9470978],[91.7150357,25.9476437],[91.7155191,25.9483803],[91.7162439,25.9493899],[91.7164812,25.9498937],[91.7164819,25.9498951],[91.7167839,25.9502497],[91.7168275,25.9502727],[91.7171461,25.9504406],[91.7179487,25.9505296],[91.7179912,25.9507677],[91.7180521,25.9515593],[91.7183544,25.9523235],[91.7188375,25.9527599],[91.7193333,25.9530158],[91.7194714,25.9530871],[91.720108,25.953596],[91.720287,25.9542603],[91.7203769,25.9552105],[91.7203448,25.9557449],[91.7204355,25.9560179],[91.720735,25.9567712],[91.7207081,25.9572734],[91.7206188,25.9588022],[91.7205287,25.9592663],[91.7204462,25.9594344],[91.7202877,25.9597578],[91.7202277,25.96014],[91.7202393,25.9608493],[91.7206968,25.9613303],[91.7208625,25.9615045],[91.722099,25.9635665],[91.7224623,25.9651768],[91.7225232,25.9657227],[91.7224411,25.9660025],[91.7215947,25.9656765],[91.7202303,25.9653371],[91.7198986,25.9654738],[91.7197781,25.9658287],[91.7198086,25.9661836],[91.7200806,25.9666475],[91.7206847,25.967466],[91.7209258,25.9677558],[91.7211075,25.9685473],[91.7211382,25.9691752],[91.7210179,25.9699146],[91.720868,25.9708951],[91.7209004,25.9716909],[91.7209586,25.9723579],[91.72111,25.9729311],[91.7211709,25.9735316],[91.721141,25.9739138],[91.7209621,25.9744089],[91.720991,25.9749785],[91.7210823,25.9760158],[91.7210832,25.976944],[91.7208723,25.9782122],[91.7206015,25.9791405],[91.7204812,25.9797411],[91.7204817,25.9802598],[91.7203012,25.9811062],[91.7200689,25.9817695],[91.7201216,25.9828807],[91.7204243,25.9840269],[91.7205048,25.9856643],[91.7208488,25.9863874],[91.7212117,25.9873425],[91.7215349,25.9883271],[91.7214246,25.9893625],[91.7209766,25.9898708],[91.720253,25.9907175],[91.7200818,25.9909791],[91.7197706,25.9914548],[91.7195901,25.992192],[91.7196209,25.9929018],[91.719685,25.993481],[91.719984,25.9940481],[91.7203286,25.9950672],[91.7207102,25.9963679],[91.7207715,25.9974325],[91.7207819,25.9981677],[91.7209841,25.9990702],[91.7213445,26.0004385],[91.721715,26.0014988],[91.7218265,26.0035477],[91.7220689,26.006779],[91.7218813,26.0094419],[91.7217775,26.0107192],[91.7216456,26.0116283],[91.721564,26.0121906],[91.7217491,26.0126734],[91.7224739,26.0133003],[91.7225796,26.0142885],[91.7231152,26.0156467],[91.7239404,26.0169278],[91.7244753,26.0175277],[91.7249007,26.0183488],[91.7250371,26.0202037],[91.7248784,26.0215712],[91.7247745,26.0227763],[91.7248253,26.0237646],[91.7249859,26.0246085],[91.7248567,26.0254662],[91.7244036,26.0270822],[91.724219,26.0274929],[91.7243243,26.0278539],[91.7247796,26.0287202],[91.7245658,26.0299885],[91.7237123,26.030833],[91.723368,26.0312665],[91.7232889,26.032255],[91.7232694,26.0323082],[91.7229699,26.0331217],[91.7229153,26.0334377],[91.7231309,26.0344259],[91.7230652,26.0348663],[91.7230265,26.0351255],[91.7231068,26.0354865],[91.7235322,26.0363799],[91.7237173,26.0367904],[91.7238529,26.0375124],[91.7239084,26.038212],[91.7244092,26.0396964],[91.7241457,26.0410957],[91.7242009,26.0414567],[91.7244663,26.0421786],[91.7250022,26.0437218],[91.725238,26.0449717],[91.7250787,26.0455766],[91.725349,26.0461766],[91.7261239,26.0467312],[91.7268951,26.0467606],[91.7274029,26.0467799],[91.7280675,26.0468021],[91.7292667,26.0469456],[91.7298814,26.0471392],[91.7315058,26.0478827],[91.7320707,26.0482433],[91.7326808,26.048771],[91.7332156,26.0490142],[91.7336954,26.0492034],[91.7338308,26.0497042],[91.7336162,26.0499933],[91.7331617,26.0502599],[91.7328723,26.0505941],[91.7329775,26.0508828],[91.7335922,26.0511261],[91.7338321,26.0511485],[91.7348161,26.0509311],[91.7351913,26.0513189],[91.7353268,26.0519688],[91.7349279,26.0527904],[91.7347138,26.0536346],[91.7349791,26.0541805],[91.7359943,26.055168],[91.7368997,26.056246],[91.7368501,26.056562],[91.7365005,26.0567066],[91.7358058,26.0566079],[91.7345261,26.0560582],[91.7338617,26.0560588],[91.733487,26.056226],[91.7331376,26.0565377],[91.7327963,26.0569803],[91.7314045,26.0573604],[91.7308999,26.057433],[91.7307151,26.0575775],[91.7306354,26.0578213],[91.7306357,26.0581327],[91.730876,26.0586155],[91.7310612,26.0589267],[91.732051,26.0595037],[91.7334961,26.0605632],[91.7340008,26.0606576],[91.7347204,26.0607066],[91.7356547,26.0606563],[91.7363247,26.0609942],[91.7372847,26.0617427],[91.7381644,26.0619812],[91.7391854,26.0620582],[91.7405432,26.0626391],[91.7408036,26.0628185],[91.7410685,26.0629402],[91.7412706,26.0629503],[91.7424827,26.0630113],[91.7429124,26.0630335],[91.7431774,26.0631821],[91.7435228,26.0638047],[91.7429886,26.0642655],[91.7425892,26.0645772],[91.7425895,26.0648209],[91.7428046,26.0650599],[91.7431495,26.0652988],[91.7436842,26.0653255],[91.7443787,26.0652256],[91.7454734,26.0656128],[91.7459787,26.0661901],[91.7470289,26.0660698],[91.7476196,26.0659976],[91.7482531,26.0659374],[91.7483191,26.0659312],[91.7491541,26.0659185],[91.7499744,26.0659526],[91.7504975,26.0660298],[91.7509571,26.066107],[91.7526635,26.0667692],[91.7532173,26.0670768],[91.7535423,26.0672639],[91.7549607,26.0677404],[91.7560095,26.0683488],[91.756962,26.0691171],[91.7571258,26.0697325],[91.7569686,26.0699248],[91.7569389,26.0700516],[91.7569716,26.0701855],[91.7570749,26.0703591],[91.7573039,26.070466],[91.7584341,26.0709542],[91.7592025,26.0711685],[91.7603477,26.0714697],[91.7608711,26.07158],[91.7612713,26.0716974],[91.7617588,26.0718646],[91.7623351,26.072132],[91.7627339,26.0723526],[91.762911,26.0726198],[91.7628846,26.0729994],[91.7628031,26.0732129],[91.7626623,26.0735932],[91.7626177,26.0738335],[91.7626397,26.0740605],[91.7627578,26.0742541],[91.7630014,26.0746147],[91.7633706,26.0749087],[91.7637841,26.0752361],[91.7643823,26.0757038],[91.7651925,26.0763214],[91.7658056,26.0768024],[91.7662929,26.0772768],[91.7670462,26.0778179],[91.7676962,26.078279],[91.7686751,26.0793108],[91.768808,26.0795379],[91.7689039,26.0797382],[91.7689333,26.0799451],[91.7688637,26.0803098],[91.7689919,26.0805593],[91.7691321,26.0807797],[91.7693684,26.0809868],[91.7698559,26.0813809],[91.7706978,26.0820824],[91.7713107,26.0826335],[91.7717021,26.0830476],[91.772123,26.0835152],[91.7725364,26.0840828],[91.7729497,26.0847906],[91.7734666,26.0853383],[91.7738137,26.0855989],[91.7744034,26.0860266],[91.7749351,26.0864741],[91.7752157,26.0868282],[91.7754297,26.0871887],[91.7757323,26.0877496],[91.776094,26.0883706],[91.7763265,26.0887415],[91.7765574,26.0888878],[91.7772799,26.0893457],[91.7785522,26.0897859],[91.7796963,26.0896187],[91.7806117,26.0892833],[91.7818991,26.0888061],[91.783323,26.0880899],[91.7841816,26.0873281],[91.7850552,26.0855974],[91.7856281,26.0842799],[91.785858,26.084014],[91.7869875,26.0841439],[91.7888727,26.0845056],[91.7889462,26.0845197],[91.7904187,26.0848824],[91.7913622,26.0852317],[91.7919475,26.0864724],[91.7924042,26.087713],[91.7929433,26.0891279],[91.7937861,26.0903817],[91.7945863,26.0912219],[91.7959954,26.0930108],[91.796534,26.0938309],[91.7976241,26.0953373],[91.7981385,26.0961128],[91.799693,26.0989324],[91.8003501,26.1000439],[91.8006361,26.1001345],[91.8012801,26.0994371],[91.8021389,26.0982489],[91.8024397,26.0973835],[91.8025935,26.0969015],[91.802723,26.0956355],[91.8029234,26.0952609],[91.8031808,26.0952869],[91.8037811,26.0958039],[91.8046386,26.0967217],[91.8051672,26.0973679],[91.8053527,26.0981045],[91.8054524,26.098841],[91.8056228,26.0991198],[91.8059373,26.0992233],[91.8065095,26.0989394],[91.8074681,26.0981904],[91.8081548,26.0976997],[91.8085267,26.0975449],[91.8087125,26.0976225],[91.8090413,26.0977906],[91.8096122,26.0998968],[91.809826,26.1014299],[91.8099967,26.1028899],[91.8101395,26.1032904],[91.8119623,26.105559],[91.8131771,26.1071099],[91.8149023,26.1090296],[91.8161316,26.1102962],[91.8170179,26.1111493],[91.8184049,26.1118088],[91.8194059,26.1121451],[91.8202298,26.1125526],[91.8203583,26.1130178],[91.8200433,26.1139092],[91.8197281,26.1149556],[91.820228,26.1164075],[91.8213003,26.1175061],[91.824103,26.1189154],[91.8254041,26.1194018],[91.8272794,26.1191395],[91.8301942,26.1185854],[91.8308491,26.1184411],[91.8309992,26.118369],[91.8323893,26.1172186],[91.8328644,26.1168035],[91.8333195,26.1162169],[91.8343845,26.1157253],[91.8349847,26.1147145],[91.8351449,26.1142226],[91.83538,26.1138255],[91.835735,26.1134284],[91.83643,26.1128555],[91.8373601,26.1122374],[91.83774,26.1121021],[91.8382849,26.1120617],[91.8389298,26.1120619],[91.8394997,26.111895],[91.8399497,26.1115069],[91.8403197,26.1110693],[91.8406748,26.1107038],[91.8408948,26.1106226],[91.8413796,26.1105685],[91.8425745,26.1102168],[91.8438893,26.1097342],[91.8449792,26.1093734],[91.846134,26.109008],[91.8465989,26.1089359],[91.8471188,26.108769],[91.8475788,26.1084758],[91.8479137,26.1082366],[91.8482836,26.1080697],[91.8487935,26.1080833],[91.8493733,26.1083226],[91.8497515,26.1084123],[91.8499832,26.1084672],[91.850503,26.1085078],[91.8510129,26.1084041],[91.8515628,26.1081064],[91.8521378,26.1075874],[91.8529928,26.1069286],[91.8551874,26.1056382],[91.8562422,26.1050517],[91.8586666,26.1038695],[91.8607162,26.1028903],[91.8608762,26.1028272],[91.8610162,26.1027956],[91.8615204,26.1027938],[91.8618217,26.102836],[91.8624358,26.1029221],[91.8630956,26.1029221],[91.8634504,26.102868],[91.8639253,26.1026288],[91.8646902,26.1018978],[91.865275,26.1010945],[91.865415,26.1007831],[91.8655549,26.1005935],[91.8656549,26.1004898],[91.86576,26.1004175],[91.8658749,26.1003995],[91.8660248,26.1004402],[91.8661398,26.1005349],[91.8661998,26.1007335],[91.8661648,26.1010223],[91.8661548,26.1011803],[91.8661548,26.1012841],[91.8662598,26.1013473],[91.8663846,26.1013564],[91.8665946,26.1012841],[91.8671944,26.1009908],[91.8679093,26.1004492],[91.8683092,26.1001695],[91.8685841,26.1001153],[91.8697887,26.1001379],[91.8712332,26.1002192],[91.8714731,26.100305],[91.871973,26.1004494],[91.872213,26.1005036],[91.8725828,26.1005758],[91.8730126,26.1006074],[91.8736374,26.10063],[91.8740274,26.10049],[91.8752869,26.0999485],[91.8761867,26.0995017],[91.8769494,26.099018],[91.8780261,26.0984049],[91.8785359,26.0981431],[91.8788008,26.0980935],[91.8789607,26.09808],[91.8790757,26.0980619],[91.8791707,26.0979762],[91.8792757,26.0977053],[91.8796754,26.0966718],[91.8796754,26.0963559],[91.8796404,26.0960355],[91.8795005,26.0957421],[91.8790056,26.095169],[91.8783209,26.0941897],[91.8781359,26.0939279],[91.8778859,26.0936752],[91.8773961,26.0932599],[91.8771912,26.0929576],[91.8769749,26.0924682],[91.8769263,26.0921362],[91.8768663,26.0916488],[91.8769163,26.0912923],[91.8770062,26.0910124],[91.8771811,26.090832],[91.8775959,26.0905611],[91.8780108,26.0903761],[91.8783607,26.0901008],[91.8784506,26.0897803],[91.8783357,26.0894058],[91.8778858,26.0887153],[91.8777509,26.088264],[91.8777708,26.0877178],[91.8778558,26.0872394],[91.8778308,26.0869461],[91.8776708,26.0866437],[91.877346,26.0861879],[91.877216,26.0855832],[91.877196,26.0853304],[91.8771989,26.0851629],[91.8772004,26.0850747],[91.877206,26.0847482],[91.8773109,26.0842292],[91.8775658,26.0833852],[91.8776108,26.0831235],[91.8776908,26.0826225],[91.8776107,26.0821442],[91.8773459,26.0813724],[91.8770359,26.0803705],[91.876873,26.0797566],[91.8767361,26.0789353],[91.8766561,26.0781771],[91.8765961,26.076945],[91.8766061,26.0766652],[91.8765411,26.0763583],[91.8764362,26.0760153],[91.8761014,26.0752616],[91.8753074,26.0732228],[91.874992,26.0720618],[91.8747371,26.0711185],[91.8743772,26.0703378],[91.8739875,26.0696472],[91.873258,26.0687943],[91.8727482,26.0682076],[91.8726483,26.0679052],[91.8726033,26.0676299],[91.8726383,26.0673365],[91.8727632,26.0666596],[91.8727283,26.0659194],[91.8725883,26.0641232],[91.8725684,26.0634417],[91.8723935,26.0628053],[91.8720487,26.0617222],[91.8718988,26.0611671],[91.871784,26.0600614],[91.8715391,26.0589015],[91.8712293,26.0578183],[91.8709296,26.0568119],[91.8704999,26.0555572],[91.8702802,26.0545056],[91.8702701,26.0536616],[91.8702952,26.0533864],[91.8704451,26.0528673],[91.8706749,26.0523664],[91.8708724,26.0521449],[91.8714244,26.0516759],[91.8718291,26.0513645],[91.871909,26.0511975],[91.8719241,26.0509583],[91.8717942,26.0505295],[91.8712096,26.0486972],[91.8711619,26.0486144],[91.8710847,26.0484806],[91.8709548,26.0483136],[91.8704352,26.0478713],[91.8700805,26.0474651],[91.8697308,26.0470273],[91.8693512,26.0462556],[91.8687616,26.0452852],[91.8680723,26.0441975],[91.8675727,26.0432182],[91.867283,26.0425095],[91.867238,26.0422478],[91.867298,26.0420176],[91.8674385,26.0417019],[91.8680295,26.0419872],[91.8696027,26.042375],[91.8704037,26.0424267],[91.8709471,26.0427112],[91.8714049,26.0434092],[91.8715764,26.0440814],[91.8717294,26.0443846],[91.8720209,26.0446188],[91.8723927,26.0446059],[91.8727075,26.0444249],[91.8729792,26.0435847],[91.873208,26.0433004],[91.8735513,26.0430806],[91.874009,26.0430676],[91.8744061,26.0430887],[91.8744952,26.0430935],[91.8747527,26.0430159],[91.8747993,26.0429233],[91.8748242,26.0428737],[91.8748413,26.0427657],[91.8748671,26.0426023],[91.8746812,26.0422403],[91.8741663,26.0420335],[91.873537,26.041943],[91.8734512,26.0417491],[91.8735084,26.0414389],[91.8736958,26.0411324],[91.8742536,26.040667],[91.8744395,26.0403438],[91.8743251,26.0400206],[91.8738817,26.0397621],[91.8734384,26.0395682],[91.8731238,26.0393356],[91.8730523,26.0389994],[91.8730952,26.0388055],[91.8735242,26.0383272],[91.8738389,26.0382496],[91.8742822,26.0382626],[91.8747542,26.0380946],[91.874968,26.0378411],[91.8749537,26.0374275],[91.8746534,26.0369621],[91.8745246,26.0367295],[91.8746534,26.036471],[91.8751825,26.0363546],[91.875726,26.0364063],[91.8760264,26.036471],[91.8761979,26.0364063],[91.8762409,26.0362512],[91.8760407,26.0360185],[91.8757974,26.0357858],[91.8754542,26.0356049],[91.8751825,26.0353592],[91.8751682,26.0351136],[91.8754829,26.0349715],[91.8756831,26.0349326],[91.8758118,26.0349327],[91.8762695,26.0352558],[91.8765555,26.035747],[91.8770846,26.035747],[91.8775107,26.0354008],[91.8775678,26.0348838],[91.8777824,26.0345864],[91.8780112,26.0344959],[91.8781828,26.034483],[91.8784259,26.0344959],[91.8788406,26.0345089],[91.8791553,26.0343667],[91.8792268,26.0340693],[91.8792124,26.0333325],[91.8791696,26.0326862],[91.8788957,26.0320337],[91.8788631,26.0315934],[91.8789314,26.0311614],[91.8789331,26.0311511],[91.8792128,26.030799],[91.8796124,26.030492],[91.8801969,26.0300768],[91.8805565,26.0296571],[91.8807063,26.0293863],[91.8807813,26.0291471],[91.8809761,26.0284205],[91.8811759,26.0278699],[91.8814156,26.0274997],[91.8816654,26.0273282],[91.8820351,26.0272245],[91.8824945,26.0270259],[91.8826694,26.0267505],[91.8828892,26.0262676],[91.883044,26.0261006],[91.8832288,26.026051],[91.8833437,26.026078],[91.8835984,26.0262676],[91.8839832,26.0266151],[91.8843778,26.0270392],[91.8847375,26.0273687],[91.8854819,26.0279011],[91.8857966,26.0280411],[91.8861263,26.0281178],[91.886396,26.0281178],[91.8864909,26.0281042],[91.8869905,26.0279507],[91.8880994,26.0278468],[91.888484,26.0279054],[91.8887438,26.0278693],[91.8889687,26.0277114],[91.8894131,26.02726],[91.8898377,26.0268673],[91.8901374,26.0266867],[91.890507,26.0265739],[91.8908967,26.0265513],[91.8911564,26.0265512],[91.891616,26.0266369],[91.8921955,26.0267812],[91.8925702,26.0267948],[91.892785,26.0267316],[91.8928898,26.0266774],[91.8934742,26.0262531],[91.8938738,26.0260048],[91.8940536,26.025928],[91.894668,26.0258241],[91.8952474,26.025657],[91.8955771,26.0254314],[91.8958967,26.0250206],[91.8965609,26.0242578],[91.8968356,26.023978],[91.89737,26.0236032],[91.8978295,26.0233955],[91.8981992,26.0233233],[91.8986037,26.0232916],[91.899413,26.0234134],[91.9001923,26.0234719],[91.900532,26.0234087],[91.9008615,26.0232235],[91.901351,26.0228127],[91.9016057,26.0225871],[91.9018604,26.0224516],[91.9021302,26.0223794],[91.902305,26.0223748],[91.9024748,26.0224018],[91.9025347,26.0224244],[91.9026846,26.0225191],[91.9028694,26.0226636],[91.9030544,26.0230155],[91.9032942,26.0234758],[91.9035891,26.0238007],[91.9037739,26.0238955],[91.9041036,26.0239315],[91.9042434,26.0239269],[91.9051826,26.0238726],[91.9053924,26.0237778],[91.9057969,26.0235114],[91.9061015,26.023227],[91.9074647,26.021805],[91.9076995,26.0215523],[91.9079342,26.0212679],[91.9080391,26.0211866],[91.9085135,26.0209699],[91.9087582,26.0209292],[91.9090929,26.0210735],[91.9094478,26.0215112],[91.9095077,26.0215474],[91.9096376,26.0215924],[91.9098124,26.0215744],[91.9101421,26.0214569],[91.9105766,26.0212086],[91.9109761,26.0210595],[91.9114956,26.0209692],[91.9122148,26.0209689],[91.9126594,26.0209237],[91.9146923,26.0204989],[91.914917,26.0202777],[91.9150617,26.0198129],[91.9150913,26.0189327],[91.9150412,26.0185446],[91.9149713,26.0183054],[91.9143815,26.0171728],[91.9140266,26.0166358],[91.9135868,26.0160177],[91.913232,26.015431],[91.9130371,26.0150836],[91.9129871,26.014903],[91.912987,26.0147135],[91.9131119,26.0145871],[91.9132817,26.0145464],[91.9136713,26.0145554],[91.9142058,26.0146771],[91.9145355,26.0146318],[91.9146652,26.014537],[91.9147901,26.0144422],[91.9148849,26.0142301],[91.9147899,26.0139909],[91.9143752,26.0135262],[91.9142403,26.0133772],[91.9141104,26.0132554],[91.9138756,26.0131201],[91.9137007,26.0130795],[91.9131513,26.0131068],[91.9121975,26.0133552],[91.9115931,26.0134592],[91.910769,26.0135407],[91.9104093,26.0135001],[91.9101046,26.0133512],[91.9099298,26.0132114],[91.9097998,26.0129677],[91.9097548,26.0126744],[91.9098296,26.012363],[91.9098795,26.0122276],[91.9099844,26.0120244],[91.910244,26.0117085],[91.9103688,26.0116407],[91.9107933,26.0113743],[91.9113775,26.0109635],[91.9116123,26.0107197],[91.9117969,26.0104173],[91.9119967,26.0101509],[91.9122313,26.0100065],[91.9127157,26.0098619],[91.9130803,26.009767],[91.91328,26.0096316],[91.913325,26.0095052],[91.91332,26.0094014],[91.913285,26.0093247],[91.9130252,26.0091443],[91.9126755,26.0090541],[91.9123909,26.0090542],[91.9121711,26.0090948],[91.9119164,26.0091987],[91.9117466,26.0093567],[91.911492,26.0096365],[91.9111275,26.0099074],[91.9109827,26.0099617],[91.9107579,26.0099526],[91.910653,26.0098985],[91.9104832,26.0097858],[91.9097986,26.0089375],[91.9097638,26.0088707],[91.9097586,26.008775],[91.9097886,26.0086261],[91.910078,26.0079896],[91.9102427,26.0076511],[91.9104675,26.0074479],[91.9105923,26.0073712],[91.9108819,26.0073305],[91.9112565,26.0073033],[91.9118409,26.007425],[91.9129748,26.0075646],[91.9134692,26.00756],[91.9138886,26.0074155],[91.9141733,26.0072033],[91.9142482,26.0070317],[91.9143031,26.0068827],[91.914303,26.0067564],[91.914198,26.0064676],[91.9140631,26.0062555],[91.9137983,26.0059216],[91.9132737,26.0055201],[91.912969,26.0053983],[91.9124995,26.0052585],[91.9123246,26.00506],[91.9122896,26.0049833],[91.9122796,26.0049201],[91.9122896,26.0048389],[91.9123495,26.004726],[91.9125392,26.0044867],[91.9129586,26.0039812],[91.9130434,26.0038367],[91.9131232,26.003593],[91.9131282,26.0035118],[91.9130382,26.003065],[91.9130281,26.0026317],[91.913392,26.0006142],[91.9135466,26.0001267],[91.913906,25.999382],[91.9143952,25.9987997],[91.9148146,25.9985919],[91.915304,25.9983932],[91.9163128,25.998429],[91.9170919,25.9983927],[91.9179658,25.9982074],[91.9184351,25.9980041],[91.9189844,25.9978325],[91.9195838,25.9977872],[91.9202729,25.9977553],[91.9210071,25.9979582],[91.9214067,25.9981431],[91.9220561,25.9986348],[91.9220755,25.998645],[91.9226306,25.998937],[91.923165,25.9990497],[91.9238293,25.9991668],[91.9245784,25.9992703],[91.924963,25.9993921],[91.9252828,25.9996131],[91.9255326,25.9998341],[91.9268416,26.0011064],[91.9273012,26.0014809],[91.9277009,26.0018146],[91.9281156,26.0021711],[91.9282706,26.002356],[91.9283356,26.0025139],[91.9283962,26.0041161],[91.9283168,26.0051858],[91.928232,26.0054792],[91.9282321,26.0055198],[91.9282771,26.0056551],[91.928357,26.0057229],[91.9285618,26.0058672],[91.9288416,26.0060611],[91.9290064,26.0061198],[91.9291057,26.0061948],[91.9294061,26.006422],[91.9296259,26.0065934],[91.9298758,26.0068686],[91.9299109,26.007013],[91.9299259,26.0072612],[91.9298462,26.0076358],[91.9297913,26.0078661],[91.9296667,26.0082632],[91.9296069,26.0086921],[91.9296521,26.0090802],[91.9296922,26.009351],[91.9297773,26.0096307],[91.9299322,26.0100098],[91.9301122,26.0103482],[91.930352,26.0106053],[91.9308467,26.0109121],[91.9310915,26.0111376],[91.9311965,26.0113316],[91.9312365,26.0115437],[91.9312167,26.0118145],[91.931122,26.0121079],[91.9310821,26.0122705],[91.9311021,26.0123246],[91.931147,26.0123561],[91.9312219,26.0123877],[91.931277,26.0124103],[91.9314118,26.0124237],[91.9317514,26.0123785],[91.9325455,26.0121976],[91.9333795,26.0118724],[91.933669,26.0116466],[91.9337688,26.0113667],[91.9338436,26.0110959],[91.9338484,26.0108612],[91.9337234,26.0105544],[91.9337234,26.0104144],[91.9337333,26.0103332],[91.9337782,26.0102926],[91.933973,26.0102745],[91.9341878,26.0103059],[91.9345225,26.0104412],[91.9347273,26.0105856],[91.9349872,26.010784],[91.935252,26.0109238],[91.9358514,26.0111176],[91.9366956,26.0112617],[91.9374998,26.0113561],[91.9378794,26.011383],[91.9384238,26.0114505],[91.9390182,26.0115269],[91.9394679,26.0115989],[91.9398425,26.011829],[91.9410065,26.0121488],[91.9424652,26.0125905],[91.9430946,26.0127842],[91.9439539,26.0129688],[91.9443784,26.0130228],[91.9449928,26.013036],[91.9462764,26.0131076],[91.9469358,26.0131479],[91.9471755,26.0131749],[91.9474654,26.0132515],[91.9478201,26.013504],[91.9478053,26.0137433],[91.9477654,26.0138605],[91.9475808,26.014294],[91.9475161,26.0146054],[91.9475161,26.0146054],[91.9475163,26.0149078],[91.9475864,26.0150612],[91.9476763,26.015192],[91.9477962,26.0152912],[91.9479161,26.0153363],[91.9482009,26.0153768],[91.9486304,26.0153179],[91.9493896,26.0153084],[91.9497294,26.0154798],[91.9499541,26.0155429],[91.9502039,26.0155833],[91.9503738,26.0155382],[91.9504886,26.0154614],[91.9506433,26.015213],[91.9507879,26.0149241],[91.9509476,26.014739],[91.9511074,26.0146577],[91.9513721,26.0146575],[91.951557,26.0147431],[91.9517669,26.0149236],[91.9519869,26.0152259],[91.9521818,26.0155056],[91.9523418,26.015659],[91.9526166,26.0158348],[91.9529314,26.0160061],[91.9559843,26.0173764],[91.9566188,26.0176198],[91.9571283,26.0177639],[91.9575579,26.017854],[91.9581624,26.017962],[91.9592216,26.0182005],[91.9596113,26.0184169],[91.9599112,26.0187191],[91.9602011,26.0189672],[91.9604559,26.0190979],[91.9606357,26.0191249],[91.9608206,26.0190932],[91.9611451,26.0189305],[91.9614098,26.018822],[91.9617645,26.0188488],[91.9619143,26.0189165],[91.9620243,26.0189842],[91.9620893,26.0190698],[91.9620944,26.0192414],[91.9620595,26.0193],[91.9619746,26.0193858],[91.9618028,26.0195531],[91.9617101,26.0196433],[91.9615754,26.0198194],[91.9615805,26.0199953],[91.9616355,26.0201082],[91.9617304,26.0201803],[91.9619503,26.0202569],[91.9622251,26.0202838],[91.9625048,26.0202295],[91.9627495,26.0201661],[91.9630041,26.0201163],[91.9634586,26.0200619],[91.9637683,26.0201114],[91.9640932,26.0201924],[91.9642781,26.0203186],[91.964513,26.0205081],[91.9646879,26.020711],[91.9649879,26.02109],[91.9651978,26.0212658],[91.9653678,26.0213605],[91.9656275,26.021419],[91.9658024,26.0214414],[91.9659573,26.0214504],[91.9672203,26.0214023],[91.9676904,26.0212823],[91.9680349,26.021088],[91.9682497,26.0210653],[91.9685245,26.0211554],[91.9695938,26.0215428],[91.9706282,26.0221694],[91.9709281,26.0223137],[91.9711134,26.0223405],[91.9712078,26.0223541],[91.9715325,26.0223088],[91.9718221,26.0221912],[91.9724114,26.0220148],[91.972856,26.0220145],[91.9731657,26.0221136],[91.9734406,26.0222895],[91.9735606,26.0224338],[91.9736007,26.0226052],[91.9735959,26.0227813],[91.9734762,26.0230115],[91.9734264,26.0232643],[91.9734665,26.0234313],[91.9736004,26.0235761],[91.9736165,26.0235936],[91.9739263,26.0236882],[91.9741062,26.0237061],[91.9746257,26.0237057],[91.9748855,26.023868],[91.9749206,26.0239492],[91.9748808,26.0242155],[91.9748211,26.0244277],[91.9747514,26.0246624],[91.9747865,26.0248836],[91.9750115,26.0251091],[91.9752763,26.0251676],[91.9757209,26.0251943],[91.9766755,26.0257984],[91.9772407,26.0266149],[91.978535,26.0272638],[91.978725,26.0273856],[91.9789748,26.0274757],[91.9791547,26.0275117],[91.9793945,26.0275204],[91.9797241,26.027439],[91.9798938,26.0273441],[91.9801534,26.0271409],[91.9802336,26.0270548],[91.9805027,26.026766],[91.9809122,26.0265445],[91.9811219,26.0265082],[91.9814066,26.0264809],[91.9817864,26.0265529],[91.9820162,26.0265663],[91.982131,26.02653],[91.9823157,26.0263585],[91.9827349,26.0259384],[91.9828896,26.0258209],[91.9830394,26.0257667],[91.9831594,26.0257576],[91.9833491,26.0257574],[91.983484,26.0257844],[91.983569,26.0258024],[91.9838189,26.0259783],[91.9841039,26.0262488],[91.984249,26.0264247],[91.984324,26.0265555],[91.9843791,26.0267586],[91.9844295,26.027282],[91.98447,26.0277379],[91.9844602,26.027977],[91.9845152,26.0281124],[91.9846103,26.0282523],[91.9847503,26.0284146],[91.9850002,26.0285589],[91.9851651,26.0286084],[91.98545,26.0286758],[91.9858047,26.0287884],[91.9860696,26.028901],[91.9861745,26.0289777],[91.9862045,26.0290499],[91.9862146,26.0291266],[91.9861998,26.0292168],[91.98613,26.0294426],[91.9859905,26.0297766],[91.9857761,26.030174],[91.9855617,26.0306028],[91.9854919,26.0308421],[91.985472,26.0309279],[91.9854621,26.0310272],[91.9855221,26.031149],[91.9855922,26.0312166],[91.9857121,26.0312843],[91.9858271,26.0313158],[91.9861018,26.031329],[91.9863317,26.031392],[91.9864267,26.0314281],[91.9865217,26.0315454],[91.9865568,26.0316356],[91.9865719,26.0317349],[91.9865719,26.0318523],[91.9865324,26.0323803],[91.9865178,26.0327188],[91.9865681,26.0330211],[91.986588,26.0330572],[91.9867081,26.0332737],[91.9870932,26.0336797],[91.9872739,26.0345054],[91.987959,26.0352766],[91.9883693,26.0359939],[91.9879751,26.036432],[91.9884056,26.0374245],[91.988571,26.0379028],[91.9884962,26.0380789],[91.9884963,26.0381601],[91.9885164,26.0382819],[91.9886114,26.0383766],[91.9890562,26.0385297],[91.9891162,26.0385388],[91.990575,26.0385376],[91.9908047,26.0385193],[91.9916288,26.0382885],[91.9921932,26.0381255],[91.9924428,26.0379223],[91.9925975,26.0378454],[91.9928123,26.0378318],[91.9929522,26.0378586],[91.9933571,26.0379847],[91.993587,26.0381245],[91.993867,26.0382731],[91.9941318,26.0383767],[91.9944616,26.0385028],[91.9945616,26.0385117],[91.9947564,26.038489],[91.9949012,26.0384438],[91.995036,26.0383444],[91.9969953,26.0373407],[91.9980496,26.0371115],[91.9989991,26.0368732],[91.999454,26.036517],[91.9993493,26.0363544],[91.9997297,26.0357771],[92.0022726,26.0356529],[92.0037414,26.0355729],[92.004111,26.0355687],[92.0044256,26.0357315],[92.00466,26.0360611],[92.0047147,26.0363635],[92.0047142,26.0368374],[92.0047789,26.0371263],[92.0058667,26.038418],[92.0062162,26.0385536],[92.006561,26.0385088],[92.0068859,26.0383285],[92.0069194,26.038301],[92.0072359,26.03804],[92.0074658,26.037986],[92.0076406,26.0380178],[92.0081102,26.0384506],[92.0085107,26.0384561],[92.0088108,26.0368182],[92.0089407,26.0367777],[92.0101247,26.0367335],[92.0106242,26.0368783],[92.011723,26.037186],[92.0127812,26.0380895],[92.0132704,26.0384419],[92.0142595,26.038533],[92.0146593,26.0384746],[92.0148542,26.0383483],[92.0151094,26.0378521],[92.0154246,26.0374281],[92.0163391,26.0370767],[92.016499,26.0370453],[92.0165939,26.037095],[92.0168633,26.0375104],[92.0177054,26.0385072],[92.0177217,26.0385265],[92.018096,26.0389239],[92.0184454,26.0391904],[92.0187701,26.0392132],[92.01906,26.0391052],[92.019345,26.0388707],[92.01947,26.0386767],[92.01969,26.0385054],[92.0207394,26.0381721],[92.0210142,26.0381949],[92.0219081,26.0386017],[92.0226421,26.0389497],[92.0228719,26.03895],[92.0230169,26.0389139],[92.0232669,26.0386343],[92.0232972,26.0382011],[92.0234073,26.0379619],[92.0235823,26.0378763],[92.024042,26.0378089],[92.0243867,26.0378452],[92.0258397,26.0386316],[92.0260794,26.0388032],[92.0267336,26.0390925],[92.0270433,26.039219],[92.0284269,26.0394998],[92.0287566,26.0395226],[92.0301254,26.0395732],[92.03062,26.0395825],[92.0310798,26.0393933],[92.0315946,26.0390325],[92.0320542,26.0387168],[92.0321395,26.0386582],[92.0324093,26.0385546],[92.032814,26.0385504],[92.0331592,26.0386812],[92.0331836,26.0386905],[92.033718,26.03893],[92.0341676,26.038971],[92.0343974,26.0389169],[92.0345424,26.0388177],[92.0346723,26.0387005],[92.0354175,26.0377577],[92.0356928,26.0369275],[92.0358979,26.0365936],[92.0360429,26.0364357],[92.0363328,26.0362102],[92.0365577,26.0361652],[92.0378466,26.0361254],[92.0394352,26.0362121],[92.0396799,26.0362664],[92.0402392,26.036524],[92.0404791,26.0365512],[92.0406889,26.0365062],[92.0412787,26.0360011],[92.0419536,26.0354282],[92.0420835,26.0353696],[92.0422533,26.0353698],[92.0427628,26.0355641],[92.0430874,26.0355733],[92.0433074,26.0354516],[92.0435673,26.0352171],[92.0441171,26.0347209],[92.0449466,26.0344415],[92.045821,26.0342389],[92.0466456,26.0337384],[92.0472853,26.0332785],[92.0481399,26.0327734],[92.0484397,26.0328097],[92.0503078,26.0330318],[92.0506025,26.0330275],[92.0517467,26.0328249],[92.0529103,26.0329484],[92.0539395,26.0332547],[92.0551182,26.033666],[92.0556377,26.0337475],[92.0568415,26.0340324],[92.0569864,26.0340866],[92.0572659,26.0343215],[92.0575456,26.0345878],[92.0577802,26.034782],[92.0579551,26.0348227],[92.0581948,26.0348409],[92.0588593,26.0348548],[92.0600182,26.034959],[92.0605976,26.0350541],[92.060791,26.0350729],[92.0608774,26.0350813],[92.0610523,26.0350318],[92.0622915,26.0344681],[92.0640201,26.0341665],[92.0646695,26.0344239],[92.0671318,26.0353457],[92.0683055,26.0360592],[92.0685102,26.0362534],[92.0691244,26.0368809],[92.0697335,26.0375491],[92.0699234,26.0376936],[92.0701082,26.0377072],[92.0702532,26.037608],[92.0704385,26.0374191],[92.070448,26.0374095],[92.0706629,26.0373373],[92.0708977,26.0373374],[92.0711274,26.0374368],[92.0724911,26.0380737],[92.0726608,26.0381595],[92.0729455,26.0383491],[92.0740193,26.0391528],[92.0751528,26.0403041],[92.0761217,26.0412161],[92.0764913,26.0414689],[92.0779148,26.0422863],[92.0781795,26.0423992],[92.0786441,26.0425482],[92.0791287,26.0426883],[92.0795483,26.0427019],[92.0801479,26.042657],[92.0807074,26.0426347],[92.0810171,26.0426573],[92.081267,26.0427928],[92.0816166,26.0430456],[92.0816725,26.0430969],[92.0819812,26.0433797],[92.0822559,26.0435874],[92.0826105,26.0437951],[92.0845986,26.044748],[92.0849982,26.0449106],[92.0853979,26.0450008],[92.0858325,26.0450461],[92.0871863,26.0454436],[92.0891595,26.0463378],[92.0906182,26.0471775],[92.092282,26.0480225],[92.095454,26.0489477],[92.0972876,26.0492234],[92.0984916,26.0492732],[92.0999306,26.0490975],[92.1003803,26.0492375],[92.100765,26.0493097],[92.1014345,26.0492782],[92.1018642,26.0492558],[92.1023887,26.0492694],[92.1027785,26.0493552],[92.103348,26.0495494],[92.1041424,26.0497435],[92.104692,26.0497888],[92.1051916,26.0497933],[92.1055613,26.0498701],[92.105926,26.0499469],[92.1066505,26.0501861],[92.1068953,26.0503171],[92.1071701,26.0504479],[92.1074898,26.0505608],[92.1079195,26.0506602],[92.108529,26.0507009],[92.1088038,26.0506783],[92.1092535,26.0505746],[92.110028,26.0503896],[92.1103778,26.0502362],[92.1109523,26.04997],[92.111397,26.0496993],[92.1125662,26.0489547],[92.1128261,26.0487245],[92.1131059,26.0484131],[92.1138054,26.0478807],[92.11436,26.0475196],[92.1156441,26.0468427],[92.1165784,26.046414],[92.1173229,26.0461433],[92.1176177,26.0460982],[92.1182472,26.0460666],[92.1187917,26.0460712],[92.118848,26.0460759],[92.1189351,26.0460832],[92.1192214,26.0461072],[92.119676,26.0460531],[92.1199009,26.0459629],[92.1200957,26.0457553],[92.1202606,26.0453672],[92.1205654,26.0447398],[92.1207352,26.0443923],[92.1208702,26.0442073],[92.1211749,26.0439771],[92.1214047,26.0438824],[92.1218994,26.0437876],[92.122294,26.0438237],[92.1227987,26.0439455],[92.1246172,26.0446271],[92.1252167,26.0448572],[92.1257963,26.0450874],[92.1263059,26.045304],[92.1268154,26.045489],[92.1273051,26.0455974],[92.1277798,26.045656],[92.1282144,26.0456786],[92.1288639,26.0456785],[92.1294335,26.0455747],[92.129993,26.0454574],[92.1305476,26.0452046],[92.1309523,26.0449563],[92.1312687,26.0447489],[92.1317166,26.0444554],[92.1320114,26.0442974],[92.1322462,26.0442477],[92.132471,26.0442206],[92.1326159,26.0442387],[92.1327258,26.0442928],[92.1326409,26.0444959],[92.1326559,26.0446584],[92.1328058,26.0449698],[92.1332405,26.04571],[92.1335253,26.0462651],[92.1336102,26.0465133],[92.1336303,26.0466667],[92.1336303,26.0467228],[92.1336304,26.0472895],[92.1336004,26.0475919],[92.1335754,26.047795],[92.1335255,26.048305],[92.1335305,26.0485713],[92.1336355,26.0488059],[92.1338703,26.0491896],[92.1341552,26.0497131],[92.1342351,26.0499071],[92.1342551,26.0501418],[92.1342451,26.0506157],[92.1341403,26.0510083],[92.1339954,26.0513874],[92.1339705,26.0516447],[92.1340004,26.0519967],[92.1341104,26.0522494],[92.1342103,26.052448],[92.1344002,26.052615],[92.1359442,26.0539553],[92.1364489,26.0543478],[92.1369836,26.0546999],[92.1375432,26.0550383],[92.1377131,26.0550879],[92.137908,26.0551015],[92.1383826,26.0550202],[92.1388673,26.054975],[92.139352,26.0549659],[92.1397317,26.0550019],[92.1399615,26.0550425],[92.1402613,26.0551553],[92.1405112,26.0552907],[92.1407961,26.0555028],[92.1412308,26.0558638],[92.1416505,26.0561751],[92.1419203,26.0563105],[92.1420553,26.0563241],[92.1422301,26.0562789],[92.1424403,26.0561295],[92.1425349,26.0560623],[92.1427997,26.0559584],[92.1430545,26.0559223],[92.1432044,26.0559178],[92.1433943,26.056044],[92.1436093,26.0564547],[92.1440341,26.0574566],[92.1446089,26.0587473],[92.1451437,26.0597221],[92.1455236,26.0601507],[92.1459384,26.0604169],[92.1464131,26.0605026],[92.1469527,26.0605928],[92.1472425,26.0607327],[92.1475674,26.0609493],[92.1480422,26.0614997],[92.1483322,26.0621271],[92.148562,26.0625422],[92.148887,26.0629528],[92.1490919,26.0631921],[92.1495117,26.0635348],[92.1495616,26.0635756],[92.1502564,26.0641486],[92.1508062,26.0646856],[92.151191,26.0652046],[92.151611,26.0659852],[92.1518609,26.0663823],[92.1522357,26.0667794],[92.1526806,26.0671404],[92.1530754,26.0672802],[92.1533602,26.0673163],[92.1539449,26.0671491],[92.154088,26.0671126],[92.1541747,26.0670904],[92.1544245,26.0670813],[92.1547094,26.0671535],[92.1549443,26.067334],[92.1552142,26.0676092],[92.1559339,26.0683718],[92.1563099,26.0687927],[92.1565788,26.0690937],[92.1567288,26.069369],[92.1568638,26.0696894],[92.1570038,26.0699602],[92.1571338,26.070091],[92.1573237,26.0702083],[92.1575786,26.0702218],[92.1580482,26.0701179],[92.1582631,26.0700908],[92.158513,26.0701178],[92.1587179,26.0701764],[92.1589978,26.0703659],[92.1595176,26.0707584],[92.1600324,26.0712096],[92.1605273,26.0716699],[92.1609672,26.0720263],[92.1613121,26.0722518],[92.161612,26.0724142],[92.1619418,26.0725496],[92.1621767,26.0726126],[92.1625465,26.0727615],[92.1629514,26.0730683],[92.1635313,26.073551],[92.1641361,26.073948],[92.1647458,26.0742096],[92.1649449,26.0742868],[92.1653156,26.0744306],[92.1657004,26.0746606],[92.1659954,26.0749539],[92.1663554,26.0753826],[92.1667404,26.0758609],[92.1671653,26.0762172],[92.1687048,26.0771871],[92.1691498,26.0775525],[92.1693997,26.0776382],[92.1697245,26.0776787],[92.1699744,26.077647],[92.170389,26.0773896],[92.1706689,26.0772181],[92.1708538,26.0771774],[92.1712235,26.0772089],[92.1715635,26.0773667],[92.1719883,26.0775742],[92.1722732,26.0776779],[92.172698,26.0777184],[92.1732877,26.0776279],[92.1738824,26.0776277],[92.1744471,26.0776907],[92.1761903,26.077956],[92.1777207,26.0781995],[92.1783154,26.0782444],[92.1786452,26.0782217],[92.1788002,26.0781901],[92.179005,26.0779869],[92.1791648,26.0777521],[92.1792196,26.0775671],[92.1792444,26.0771383],[92.1791342,26.0765472],[92.1790321,26.076238],[92.1789942,26.076123],[92.178779,26.0756943],[92.1785841,26.0754507],[92.1779692,26.0752524],[92.1772146,26.0750224],[92.1767097,26.0748105],[92.1763098,26.0744993],[92.1761748,26.0742917],[92.1761146,26.0740029],[92.1761546,26.0737456],[92.1763344,26.0734431],[92.176624,26.0730188],[92.1767587,26.0725991],[92.1767835,26.0721703],[92.1766583,26.0715566],[92.1764933,26.0713038],[92.1762683,26.0710738],[92.1760383,26.0707986],[92.1759632,26.0706362],[92.1759482,26.0704781],[92.176083,26.0702254],[92.1772268,26.069047],[92.1775416,26.0687716],[92.1780412,26.0685548],[92.1780982,26.0685506],[92.178346,26.0685322],[92.1785409,26.0685591],[92.1787259,26.0687802],[92.179056,26.0694571],[92.1793511,26.07017],[92.1796363,26.0707476],[92.1798063,26.0709416],[92.1801212,26.071131],[92.1802911,26.0711715],[92.180491,26.071176],[92.1805809,26.0710993],[92.1807007,26.0707427],[92.1808404,26.0702958],[92.1809351,26.0697452],[92.1811298,26.0694698],[92.1813995,26.0692215],[92.1818092,26.0690588],[92.1822289,26.0689819],[92.1838729,26.0688233],[92.1844226,26.0688367],[92.1849473,26.0688545],[92.1853921,26.0689626],[92.1857569,26.0690752],[92.1864016,26.0692059],[92.1869464,26.0692959],[92.1873361,26.0692957],[92.187516,26.069228],[92.1876159,26.0691061],[92.1876407,26.0689029],[92.1875507,26.0687812],[92.1873608,26.0687135],[92.186921,26.068619],[92.1866412,26.0685062],[92.1864212,26.0683754],[92.1862862,26.0682085],[92.1861561,26.0679919],[92.1861371,26.0677785],[92.186126,26.0676535],[92.1862108,26.0673195],[92.1863706,26.0670305],[92.1867152,26.0667867],[92.1871598,26.0665744],[92.1873597,26.0665698],[92.1878245,26.066732],[92.187854,26.06675],[92.1884393,26.0671063],[92.1888393,26.0674853],[92.1898692,26.0682701],[92.190379,26.0685723],[92.1907889,26.0687797],[92.1910137,26.0688383],[92.1912736,26.0688427],[92.1914685,26.0687658],[92.1916682,26.0685898],[92.1919379,26.0682511],[92.1920726,26.0679397],[92.1923772,26.0674882],[92.192512,26.0673753],[92.192647,26.0673346],[92.1928468,26.0673662],[92.1930568,26.0674924],[92.1935018,26.0679254],[92.1938368,26.0682412],[92.1941668,26.0684487],[92.1944166,26.0685569],[92.1947166,26.0686289],[92.1951812,26.0686422],[92.1956659,26.0686014],[92.1986744,26.0689924],[92.1990593,26.0690554],[92.1994641,26.0692268],[92.1996741,26.0693981],[92.1998691,26.069547],[92.200084,26.069592],[92.2004238,26.0696189],[92.2007136,26.0696187],[92.2013981,26.0694333],[92.2020327,26.0692208],[92.2032417,26.0688231],[92.2037413,26.0686829],[92.2044458,26.0685561],[92.2050454,26.0684339],[92.2063294,26.0681353],[92.2065093,26.0681443],[92.2066293,26.0681938],[92.2066393,26.0682841],[92.2065695,26.068433],[92.2063249,26.0687943],[92.2061951,26.0691193],[92.2061904,26.0694171],[92.2062655,26.0696293],[92.2065055,26.0699134],[92.2068755,26.070157],[92.2071554,26.070247],[92.2075752,26.070346],[92.208175,26.0704676],[92.2086697,26.0704357],[92.2092493,26.070309],[92.2097938,26.0700831],[92.2103133,26.0698255],[92.2103561,26.0697979],[92.2111874,26.0692608],[92.2122663,26.0686508],[92.2125511,26.0685514],[92.2129708,26.0684744],[92.2132906,26.0684607],[92.2139253,26.0684829],[92.2152094,26.0684369],[92.2154793,26.0684142],[92.215964,26.06845],[92.2164138,26.068522],[92.2167388,26.0686662],[92.2173487,26.0690042],[92.2178487,26.0694146],[92.2182687,26.0697032],[92.2184786,26.0698023],[92.2186436,26.0698292],[92.2188284,26.0698337],[92.2189433,26.0697162],[92.2194579,26.0695444],[92.2196628,26.0695217],[92.2198426,26.0695442],[92.2199777,26.0696478],[92.2202379,26.070081],[92.2203779,26.0702524],[92.2205429,26.0703019],[92.2207677,26.0702567],[92.2209974,26.0701031],[92.2211221,26.0698457],[92.2212867,26.0694303],[92.2214013,26.0690512],[92.221606,26.0687171],[92.2218306,26.068392],[92.222235,26.0680893],[92.2224898,26.0679808],[92.2229646,26.0679354],[92.2232743,26.0679488],[92.2236841,26.0679981],[92.223999,26.068043],[92.2244637,26.0680517],[92.2249184,26.0679837],[92.2252281,26.0678842],[92.2255628,26.0676628],[92.2256425,26.0675048],[92.2257973,26.0672609],[92.225927,26.0671029],[92.2261019,26.0669855],[92.2263016,26.0669041],[92.2265265,26.0669039],[92.2266965,26.0669761],[92.2269265,26.067197],[92.2271866,26.0674451],[92.2273465,26.0674314],[92.2285852,26.0667986],[92.2286551,26.0666678],[92.2286746,26.0662435],[92.2287292,26.0657425],[92.2287888,26.0653137],[92.2288935,26.0650203],[92.229168,26.0647628],[92.2294378,26.0646182],[92.2297326,26.0645502],[92.2303071,26.064455],[92.2309965,26.0643643],[92.2317062,26.0643683],[92.2323557,26.0643857],[92.2323608,26.0643859],[92.2330003,26.0643583],[92.2337697,26.0642585],[92.2344742,26.0641315],[92.2367823,26.0636333],[92.2373318,26.063484],[92.2375465,26.0633529],[92.2377112,26.0631001],[92.2377859,26.0628112],[92.2378956,26.0625628],[92.2380252,26.062301],[92.238185,26.0621429],[92.2383698,26.0620209],[92.2385596,26.0619801],[92.2389944,26.062061],[92.2394842,26.0622185],[92.2397741,26.0623176],[92.2402391,26.0625925],[92.2406641,26.0627998],[92.240879,26.0628899],[92.2410389,26.0628897],[92.2411687,26.0628039],[92.2412185,26.0625692],[92.2418975,26.0619774],[92.2424379,26.0627397],[92.2427276,26.0626086],[92.2429574,26.0625362],[92.2432671,26.0625359],[92.2435121,26.062635],[92.2438821,26.0628964],[92.2441723,26.0632437],[92.2451721,26.0636671],[92.2470261,26.0634585],[92.2472673,26.0632371],[92.2476923,26.0629396],[92.2478673,26.0629217],[92.2484467,26.0630667],[92.2486714,26.0631617],[92.2492408,26.0635277],[92.2495403,26.0637672],[92.2499796,26.0641782],[92.2502741,26.0644628],[92.250434,26.0645126],[92.2505188,26.0645262],[92.2506639,26.0645128],[92.2508538,26.0643685],[92.250889,26.0642286],[92.2508542,26.064021],[92.2508544,26.0638495],[92.2509097,26.0635607],[92.2509597,26.0634976],[92.2510646,26.0634841],[92.2512396,26.0634663],[92.2514694,26.0634664],[92.2518392,26.0635164],[92.2522039,26.0635799],[92.2526086,26.0635622],[92.2527835,26.0635488],[92.2531334,26.0634858],[92.2535532,26.0633734],[92.2537746,26.0633258],[92.253993,26.063279],[92.2543067,26.0633643],[92.2544926,26.0634148],[92.2550169,26.0638259],[92.2551965,26.0640472],[92.2554561,26.064237],[92.2557908,26.064332],[92.2559307,26.0643638],[92.2563006,26.0643189],[92.2564905,26.0642695],[92.2569104,26.0640171],[92.2570855,26.0638592],[92.2573706,26.0636067],[92.2576155,26.0634806],[92.2578055,26.0634311],[92.2583151,26.0634631],[92.2585599,26.0635445],[92.2587347,26.0636079],[92.2589295,26.0637028],[92.2591393,26.0638157],[92.259334,26.064019],[92.2594035,26.0644298],[92.2602125,26.0649765],[92.2606522,26.0650264],[92.2611267,26.0651667],[92.2612665,26.0653429],[92.2613164,26.0654377],[92.2612662,26.0655821],[92.2611061,26.0658166],[92.2615805,26.0661058],[92.2618455,26.0660428],[92.2622303,26.0659935],[92.262775,26.0660256],[92.2650082,26.0664289],[92.2659924,26.0667004],[92.2663921,26.0667639],[92.2666569,26.0667641],[92.2670067,26.0667328],[92.2680055,26.067415],[92.268285,26.0677943],[92.2685995,26.068124],[92.2688843,26.0681739],[92.2691093,26.0680612],[92.2693743,26.0678583],[92.2695494,26.0676372],[92.2696345,26.0674929],[92.2702845,26.0670195],[92.2705642,26.0671461],[92.2707392,26.0671778],[92.270899,26.0671779],[92.2710239,26.0671284],[92.271129,26.0670337],[92.2713543,26.066578],[92.2713743,26.0664336],[92.2714096,26.0660861],[92.2714251,26.0656574],[92.2716553,26.0652288],[92.2718651,26.0652154],[92.2721379,26.065252],[92.2722848,26.0652924],[92.2728293,26.0654688],[92.2734788,26.0656769],[92.2741584,26.0656954],[92.2748679,26.0656523],[92.274893,26.0656507],[92.2745735,26.0652218],[92.2739593,26.0646482],[92.2734449,26.0644222],[92.2731001,26.0644219],[92.2728102,26.0644398],[92.2725054,26.0644577],[92.2721006,26.0644754],[92.2717209,26.0644751],[92.2713911,26.0644568],[92.2710314,26.0643348],[92.270607,26.0640411],[92.2702628,26.0633639],[92.2700435,26.0626777],[92.2698745,26.0617434],[92.2697802,26.0609625],[92.2694907,26.0605651],[92.2685917,26.0600816],[92.2679574,26.0599051],[92.2664835,26.0596784],[92.2656495,26.0592354],[92.264561,26.0583681],[92.2639473,26.0573612],[92.2635843,26.0555602],[92.2635102,26.0545717],[92.2635654,26.0543145],[92.2643256,26.0535614],[92.2648607,26.0531601],[92.2660303,26.052642],[92.2675048,26.0520384],[92.2681399,26.051434],[92.26861,26.0509199],[92.2694956,26.049517],[92.2698766,26.048064],[92.270032,26.0474549],[92.2699279,26.0464934],[92.2696446,26.0448821],[92.2693212,26.0433429],[92.269012,26.0428191],[92.2687822,26.0427331],[92.2685175,26.0426833],[92.2681677,26.0426651],[92.2662842,26.0427042],[92.2645755,26.0427572],[92.2628919,26.0426701],[92.2619328,26.0425294],[92.2613488,26.0420505],[92.2610794,26.0416352],[92.2609851,26.0410484],[92.2610403,26.0407505],[92.2611004,26.0405249],[92.2613505,26.040286],[92.2623854,26.0394518],[92.2634305,26.0384913],[92.2641982,26.037555],[92.2645658,26.0371066],[92.2650813,26.0361006],[92.2649123,26.0352384],[92.2647678,26.0348096],[92.264194,26.0340329],[92.2638747,26.033637],[92.2638029,26.033548],[92.2634655,26.0331297],[92.2627966,26.0326282],[92.261723,26.032158],[92.26019,26.0314483],[92.2592414,26.0308472],[92.2581333,26.0300159],[92.25733,26.029063],[92.2570204,26.0288371],[92.2568108,26.028697],[92.256601,26.0286653],[92.2564261,26.0286651],[92.2562363,26.028683],[92.2559114,26.0288543],[92.254992,26.029201],[92.2542825,26.0292681],[92.2536482,26.0291277],[92.2532937,26.0289965],[92.2528345,26.0286667],[92.2523355,26.0281292],[92.2516272,26.0271086],[92.2508639,26.0261737],[92.2501902,26.0254962],[92.2493517,26.0248005],[92.2490076,26.0243534],[92.2489082,26.0238297],[92.248584,26.0233826],[92.2482197,26.0231025],[92.247915,26.0230525],[92.2473955,26.0230522],[92.2469364,26.0231577],[92.2460445,26.0229532],[92.2450899,26.0224982],[92.2437303,26.0215245],[92.2432404,26.0211142],[92.2429504,26.0208166],[92.2428752,26.0206723],[92.2428402,26.0205098],[92.242855,26.0203879],[92.2429348,26.0202525],[92.2430495,26.020135],[92.2432443,26.019986],[92.2434789,26.0198729],[92.2441579,26.019597],[92.2442317,26.0195644],[92.2443826,26.0194976],[92.2445074,26.0193937],[92.2446071,26.0192221],[92.2446519,26.0190731],[92.2446867,26.0189016],[92.2446916,26.0187978],[92.2446865,26.0186353],[92.2446312,26.0183736],[92.2445212,26.0181931],[92.2444486,26.018131],[92.2443212,26.0180219],[92.2437163,26.0175891],[92.2434664,26.0174178],[92.2431414,26.0171472],[92.2429864,26.0169533],[92.2427412,26.0164796],[92.242611,26.0161412],[92.242481,26.0159427],[92.242341,26.0158256],[92.2421961,26.0157534],[92.2420362,26.0157039],[92.2418313,26.0156634],[92.2415616,26.0156412],[92.2413718,26.0156548],[92.241137,26.0157002],[92.2406128,26.015845],[92.2404779,26.0158586],[92.240373,26.0158452],[92.2402931,26.0158046],[92.240203,26.01571],[92.239983,26.0153851],[92.2398579,26.0151641],[92.2394427,26.0144739],[92.2391076,26.0140906],[92.2389626,26.0139689],[92.2386877,26.0137976],[92.2384129,26.0136398],[92.2380331,26.0134686],[92.2374385,26.0132524],[92.2366491,26.0129913],[92.2362744,26.0128742],[92.2359296,26.0127527],[92.2355449,26.0125814],[92.2352051,26.012365],[92.2350401,26.0122343],[92.2349452,26.0121261],[92.23481,26.011905],[92.234735,26.0117652],[92.2346248,26.0114403],[92.2345747,26.0112598],[92.2345496,26.0110793],[92.234554,26.0104836],[92.2345438,26.0102308],[92.2344735,26.0098428],[92.2343884,26.0096262],[92.2343083,26.0095044],[92.2341734,26.0093511],[92.2340284,26.0092203],[92.2338734,26.0091166],[92.2336936,26.0090446],[92.2335787,26.0090265],[92.2333989,26.0090132],[92.2331392,26.0090134],[92.2327795,26.0090001],[92.2325048,26.0089867],[92.2321901,26.0089284],[92.2319103,26.0088428],[92.2316555,26.0087482],[92.2314107,26.008613],[92.230836,26.0081982],[92.2304611,26.0079367],[92.2303063,26.0078872],[92.2302113,26.0078782],[92.2301314,26.0078963],[92.2300715,26.0079325],[92.2296439,26.0082348],[92.2294126,26.0084023],[92.2290632,26.0085605],[92.2286886,26.0086014],[92.2282241,26.0086063],[92.2277497,26.008557],[92.2274448,26.0084353],[92.2268802,26.0081965],[92.2264755,26.0079801],[92.2260158,26.0076556],[92.2257559,26.0074526],[92.2254459,26.0071234],[92.2253308,26.0069249],[92.2250906,26.0063473],[92.2249706,26.0061534],[92.2248707,26.0060406],[92.2247957,26.0059866],[92.2246658,26.005937],[92.2245808,26.0059189],[92.224491,26.0059235],[92.2243911,26.0059552],[92.2242762,26.0060049],[92.2240666,26.0061134],[92.2237571,26.0062806],[92.2233077,26.0064975],[92.2230281,26.0065158],[92.2226484,26.006498],[92.2222639,26.0064351],[92.2217992,26.0062955],[92.2212596,26.0060883],[92.2204753,26.0057683],[92.2203154,26.0056872],[92.2201205,26.0055565],[92.2199706,26.0054257],[92.2198956,26.00534],[92.2198255,26.0052362],[92.2197805,26.0051143],[92.2196752,26.0046045],[92.2196001,26.0042931],[92.21949,26.0040766],[92.2194001,26.0039999],[92.2192702,26.0039368],[92.2191103,26.0038917],[92.2188056,26.0038513],[92.2186408,26.0038379],[92.218496,26.0038424],[92.2184261,26.0038561],[92.2183262,26.0038923],[92.2181914,26.0039691],[92.2176323,26.0043666],[92.217223,26.0047099],[92.2170833,26.0048002],[92.2169036,26.0048544],[92.2167587,26.0048546],[92.2165889,26.0048276],[92.216369,26.0047781],[92.2150155,26.004621],[92.2140065,26.0045268],[92.2125482,26.0045954],[92.2123135,26.0046407],[92.2121637,26.0046408],[92.2120438,26.0046138],[92.211904,26.0045507],[92.211729,26.0044289],[92.2112143,26.0040186],[92.2106595,26.0034637],[92.2105246,26.0032698],[92.2104595,26.0031254],[92.2104094,26.0029043],[92.2103843,26.0027689],[92.2103793,26.0026109],[92.2104139,26.0021867],[92.2101282,26.0007742],[92.210063,26.0003726],[92.2100477,25.9999844],[92.2100423,25.9994249],[92.210017,25.9989193],[92.2099368,25.9985358],[92.2097817,25.9982741],[92.2095369,25.9980531],[92.2091523,25.9979179],[92.2086479,25.9978731],[92.208508,25.9978867],[92.2083831,25.9979139],[92.2082134,25.9979862],[92.2079488,25.9981443],[92.2075146,25.9984695],[92.2063466,25.9994135],[92.2057377,26.0000275],[92.205174,26.0008448],[92.2046698,26.0012197],[92.204545,26.0012919],[92.2044151,26.0013146],[92.2041904,26.0013102],[92.2040606,26.0012967],[92.2038508,26.0012246],[92.2036908,26.0011029],[92.2035659,26.000963],[92.2033658,26.0004711],[92.2031404,25.9996002],[92.2029999,25.9985622],[92.2027547,25.9978222],[92.2019449,25.9965409],[92.2010051,25.9951559],[92.2004653,25.9946056],[92.2001157,25.9944162],[92.1997861,25.9944343],[92.199162,25.9946378],[92.1981184,25.9948415],[92.1977537,25.9947513],[92.1975439,25.9945619],[92.1974988,25.9942866],[92.1974282,25.9931855],[92.1971529,25.9922875],[92.196628,25.9914077],[92.1963732,25.9911324],[92.1963081,25.9908482],[92.1963579,25.990627],[92.1964777,25.9904103],[92.1967921,25.990189],[92.197521,25.9898095],[92.198185,25.9896196],[92.1987241,25.9893531],[92.1989337,25.9890551],[92.1988636,25.9886625],[92.1985487,25.9882204],[92.1979842,25.9879769],[92.197305,25.9878193],[92.1956868,25.9875042],[92.194658,25.9873513],[92.19301,25.9870362],[92.1925055,25.9869101],[92.192101,25.9867523],[92.1905625,25.9859451],[92.1901429,25.9856926],[92.1896733,25.9853136],[92.1892236,25.9848445],[92.1888391,25.9846551],[92.1884594,25.9845469],[92.1881099,25.9845606],[92.1876905,25.9847007],[92.1862476,25.9851933],[92.1857434,25.9854102],[92.1851693,25.9857444],[92.184685,25.9858032],[92.1842505,25.9856816],[92.1834314,25.9853163],[92.1827872,25.9852398],[92.1819982,25.9853575],[92.181389,25.9853262],[92.1808845,25.9850105],[92.1805695,25.9843517],[92.1804292,25.9832505],[92.180009,25.9815672],[92.1798938,25.9808497],[92.1796683,25.9791032],[92.1794932,25.9784442],[92.1791534,25.977966],[92.1787188,25.9774156],[92.1778997,25.9770052],[92.1772404,25.9765947],[92.176666,25.9761075],[92.1760764,25.9753405],[92.1755368,25.9746141],[92.1750923,25.9742441],[92.1744131,25.9738968],[92.1736141,25.9735992],[92.17285,25.97341],[92.1720163,25.9733651],[92.1706232,25.9735234],[92.1697694,25.9735373],[92.16932,25.9733794],[92.1688655,25.9730502],[92.1680463,25.9722019],[92.1678265,25.9718816],[92.1675168,25.9715341],[92.1671872,25.9713447],[92.1667179,25.9712501],[92.1658291,25.9712999],[92.1653947,25.971282],[92.1650801,25.9711738],[92.1647305,25.9709211],[92.164211,25.9702759],[92.163112,25.9683265],[92.1623226,25.9669186],[92.1621278,25.9665575],[92.1620615,25.965769],[92.1621124,25.9651269],[92.1621221,25.9643009],[92.161947,25.9631997],[92.1615919,25.9610832],[92.1615216,25.9602482],[92.1616064,25.9598104],[92.1619059,25.9594313],[92.1625797,25.95907],[92.1633485,25.9588306],[92.1638776,25.9586319],[92.1641072,25.9583836],[92.164172,25.9581625],[92.164052,25.9578149],[92.1634628,25.9573593],[92.1624541,25.9565742],[92.1618798,25.9558794],[92.1613304,25.9551168],[92.160811,25.9545347],[92.1604813,25.9541737],[92.1600619,25.9540159],[92.1592282,25.9538762],[92.1584444,25.953592],[92.1578002,25.9531679],[92.1572958,25.952631],[92.1570362,25.9520488],[92.1570958,25.9512996],[92.1572203,25.9499817],[92.1572351,25.949571],[92.1570953,25.949192],[92.1555372,25.9473419],[92.1546335,25.9463853],[92.1541141,25.9458979],[92.1533753,25.9454649],[92.1527312,25.9450723],[92.1524365,25.9443186],[92.1524014,25.94375],[92.1523814,25.9432716],[92.1523862,25.9425134],[92.152441,25.9421613],[92.1523958,25.9410601],[92.1523408,25.9405547],[92.1522957,25.9399634],[92.1523855,25.9397649],[92.1525153,25.9395933],[92.1530244,25.9394262],[92.154397,25.9390288],[92.1547363,25.9388075],[92.1549659,25.9386495],[92.1551705,25.9383245],[92.1553002,25.9378416],[92.1554747,25.9375257],[92.1563879,25.936537],[92.1566674,25.9363745],[92.1576208,25.9363653],[92.1581,25.9363741],[92.1583845,25.9363109],[92.1599765,25.9355297],[92.1601512,25.9353221],[92.1601261,25.935119],[92.1598914,25.9347219],[92.1595518,25.9340856],[92.1592921,25.9335667],[92.159222,25.9332417],[92.1592172,25.9332191],[92.159277,25.9328761],[92.1596212,25.93233],[92.1598956,25.9319733],[92.1600606,25.9317872],[92.1601897,25.9305968],[92.1599797,25.9294279],[92.1599696,25.929148],[92.1600943,25.9289133],[92.1605335,25.9285928],[92.1608478,25.9283625],[92.1609276,25.9281504],[92.1607978,25.9278797],[92.1605831,25.9276675],[92.1602736,25.927275],[92.1602036,25.9270087],[92.1603081,25.9259977],[92.1604425,25.9250318],[92.1603575,25.9245535],[92.159878,25.9230101],[92.1597731,25.9226987],[92.1595583,25.9224415],[92.1589939,25.9221288],[92.1589394,25.9220986],[92.1584552,25.9218686],[92.1581657,25.9213992],[92.157751,25.9200318],[92.1572764,25.9182177],[92.1570216,25.9172248],[92.1569416,25.9166426],[92.1568913,25.9152886],[92.1568213,25.9146342],[92.1565865,25.9142371],[92.1562122,25.9139122],[92.1556781,25.9139259],[92.1549396,25.9139892],[92.154715,25.9139442],[92.1546102,25.9137727],[92.1544753,25.9131635],[92.1544051,25.9121976],[92.15443,25.9115522],[92.1544848,25.9112092],[92.1547392,25.9109925],[92.1552731,25.9108525],[92.1588213,25.9105628],[92.1598744,25.9109371],[92.1605082,25.9111401],[92.1615412,25.9112301],[92.1618867,25.9112018],[92.1624245,25.9111577],[92.1641261,25.9106291],[92.1647449,25.9104123],[92.1660771,25.9098614],[92.1680032,25.9093914],[92.1692508,25.9092737],[92.1698345,25.9091968],[92.1717756,25.9086817],[92.1722646,25.9085506],[92.1728683,25.9081307],[92.1729466,25.9080244],[92.1731576,25.9077379],[92.1733471,25.9075845],[92.1736915,25.9075211],[92.1755478,25.907367],[92.1761916,25.9075157],[92.1764648,25.9076697],[92.1766558,25.9077774],[92.1770852,25.9081383],[92.1774296,25.9085263],[92.1775695,25.9088512],[92.1774648,25.9090994],[92.1767117,25.9100339],[92.1765372,25.9103003],[92.1765571,25.9104222],[92.1767768,25.9105484],[92.1772409,25.9106115],[92.1785684,25.9105929],[92.1795914,25.9106918],[92.1810887,25.9110026],[92.1817326,25.9112597],[92.1822319,25.9116791],[92.1830258,25.9127078],[92.18383,25.914075],[92.184699,25.9153294],[92.1855229,25.9162904],[92.1860771,25.9166331],[92.1865212,25.9166194],[92.1871599,25.9163528],[92.1879931,25.9158154],[92.1884769,25.9154406],[92.1889058,25.9148988],[92.1892151,25.9146008],[92.1894697,25.9145691],[92.189849,25.9146772],[92.1904329,25.9148981],[92.191052,25.9152363],[92.1922302,25.9160076],[92.1931938,25.9167202],[92.1934335,25.9170179],[92.1938481,25.9176721],[92.1942878,25.9183173],[92.1945274,25.9184571],[92.1948368,25.9184434],[92.1951961,25.9183936],[92.1955254,25.91824],[92.1959693,25.91782],[92.1962635,25.9172919],[92.1963329,25.9165878],[92.1963323,25.9157483],[92.1961173,25.915085],[92.1958076,25.9145571],[92.1952384,25.9140293],[92.1947391,25.9135466],[92.1941548,25.9128925],[92.1939299,25.912351],[92.1939845,25.9119132],[92.1940442,25.911674],[92.1942687,25.9113308],[92.1946128,25.9109561],[92.1950916,25.9105497],[92.1963288,25.909818],[92.1987935,25.9089366],[92.1994321,25.9087197],[92.199966,25.9086245],[92.2007196,25.9085609],[92.2010488,25.9084525],[92.2013031,25.9082492],[92.2014926,25.9078475],[92.2015535,25.9072168],[92.201562,25.9071298],[92.2017413,25.9066558],[92.2020156,25.9064075],[92.202275,25.9063261],[92.2024997,25.9063757],[92.2027243,25.906529],[92.2029641,25.9069666],[92.2031311,25.9073768],[92.203394,25.9080224],[92.2039434,25.9087217],[92.2044277,25.9091412],[92.2047821,25.9092403],[92.2051413,25.9091318],[92.2055553,25.9088382],[92.20569,25.9087808],[92.2058097,25.9087297],[92.2060543,25.9087431],[92.2063637,25.9088378],[92.20693,25.9092399],[92.2073923,25.9095683],[92.2080014,25.9099019],[92.2092392,25.9102578],[92.2097234,25.9103703],[92.2102573,25.9103835],[92.2107213,25.9102434],[92.2114748,25.9099766],[92.211784,25.9098681],[92.2123179,25.9098046],[92.213451,25.910007],[92.2154024,25.9103082],[92.2157468,25.9104028],[92.2160364,25.910556],[92.2162961,25.9108673],[92.2165809,25.9112326],[92.2169054,25.9114175],[92.2172698,25.9114985],[92.2195901,25.9112171],[92.2210821,25.9110447],[92.2223046,25.9108092],[92.223043,25.9105921],[92.2241504,25.9100993],[92.2249785,25.9096971],[92.2253376,25.9095072],[92.2255619,25.9091687],[92.2254217,25.9086858],[92.225132,25.9083114],[92.2244429,25.9077342],[92.2235956,25.9070875],[92.2232494,25.9068233],[92.2228149,25.9063904],[92.2227147,25.9059843],[92.2227839,25.9051898],[92.2227032,25.9040751],[92.2225329,25.9032674],[92.2222728,25.9026131],[92.2216979,25.9012234],[92.2213532,25.9007588],[92.2208537,25.9002582],[92.2203695,25.8999967],[92.2200252,25.8999654],[92.2194963,25.900074],[92.2186683,25.9005259],[92.217965,25.9008513],[92.2175209,25.9009012],[92.2172415,25.900915],[92.2167972,25.9007933],[92.2162232,25.9004913],[92.2157039,25.8999456],[92.2153941,25.8994809],[92.2152041,25.8989665],[92.2151886,25.8983572],[92.215258,25.8976757],[92.2154919,25.8968587],[92.2155063,25.8962539],[92.2153164,25.8957395],[92.2149817,25.8952974],[92.214103,25.8946571],[92.2124012,25.894288],[92.2114927,25.8937289],[92.2109586,25.893463],[92.2102002,25.8934183],[92.2099257,25.8933372],[92.209686,25.8931071],[92.209601,25.8927958],[92.209476,25.8925296],[92.2089817,25.8921237],[92.2084626,25.8918442],[92.2080834,25.8918309],[92.2077942,25.8920793],[92.2074354,25.8928557],[92.2072011,25.893095],[92.2069267,25.8930953],[92.2065673,25.8928969],[92.2058783,25.892306],[92.2052092,25.891494],[92.2047948,25.8910744],[92.2043655,25.8908129],[92.2038863,25.8907049],[92.2030431,25.8905609],[92.2019601,25.8903132],[92.2011316,25.8900023],[92.2001884,25.8896012],[92.1994298,25.8892269],[92.1990105,25.8889879],[92.1984414,25.888397],[92.1976174,25.8873368],[92.1969432,25.8863261],[92.1962042,25.8853471],[92.1955601,25.8845937],[92.1948563,25.8839532],[92.1939428,25.8833173],[92.1928747,25.8826498],[92.1923106,25.8820589],[92.1919911,25.8816618],[92.1914917,25.8810392],[92.1906182,25.880137],[92.1894652,25.8792349],[92.1887414,25.8784589],[92.1879776,25.8775656],[92.1875483,25.8772047],[92.1857649,25.8768691],[92.1841956,25.8768812],[92.1836268,25.8768815],[92.1832326,25.876665],[92.1826985,25.8761958],[92.1820647,25.8756364],[92.1815207,25.8752395],[92.1809368,25.8750231],[92.1802681,25.8746803],[92.1797816,25.8742533],[92.1797541,25.8742292],[92.1794795,25.8740127],[92.1791004,25.8738864],[92.1784268,25.87367],[92.1777781,25.8732641],[92.177244,25.8727498],[92.1767947,25.8720684],[92.1763903,25.8713284],[92.1760956,25.8705071],[92.1760306,25.8701325],[92.1760104,25.869618],[92.1760949,25.8688733],[92.1762044,25.8681963],[92.1763788,25.8679164],[92.1768227,25.8676184],[92.1771668,25.8673113],[92.1773213,25.8670766],[92.177341,25.866562],[92.177221,25.8658309],[92.1771258,25.8650141],[92.1772104,25.8645492],[92.1774846,25.8640662],[92.1776939,25.8635967],[92.1776738,25.8633485],[92.1775089,25.8625633],[92.1774938,25.8622337],[92.1775935,25.8620803],[92.1780273,25.8619537],[92.1786259,25.8618452],[92.1790199,25.8616917],[92.1792793,25.86152],[92.179349,25.8612718],[92.1792289,25.8603691],[92.1792884,25.8596605],[92.1794428,25.8592724],[92.1795991,25.859062],[92.1799763,25.8585545],[92.1800958,25.8582295],[92.1800957,25.8579046],[92.1798561,25.8576835],[92.1796186,25.8576172],[92.1795817,25.8576069],[92.1791678,25.8576702],[92.1783101,25.8582437],[92.1780507,25.8582754],[92.1777763,25.8582756],[92.1775867,25.8581041],[92.1775865,25.8576212],[92.177671,25.8571247],[92.1778701,25.8560595],[92.178194,25.8555133],[92.1783983,25.8549716],[92.1783832,25.854597],[92.1781833,25.8537937],[92.1775039,25.8515012],[92.1772794,25.8511899],[92.1768503,25.8510005],[92.1760272,25.8509105],[92.1750995,25.8508025],[92.1739122,25.8505683],[92.1731739,25.8502887],[92.1726051,25.8499006],[92.1724005,25.8495126],[92.1723804,25.8491696],[92.1725895,25.8484519],[92.1728438,25.8480457],[92.173058,25.8475536],[92.173008,25.8471836],[92.1726986,25.8467775],[92.1719602,25.8460917],[92.1717005,25.8453923],[92.1715458,25.844941],[92.1714655,25.8438577],[92.1713652,25.8424903],[92.1713101,25.8417456],[92.1711451,25.8409423],[92.1707508,25.840121],[92.1702517,25.8393268],[92.1698077,25.8388576],[92.1691193,25.8385013],[92.1684159,25.8380998],[92.1680268,25.8377795],[92.1676325,25.8370033],[92.1670836,25.8362272],[92.1665348,25.8355729],[92.1662255,25.8352931],[92.1659662,25.8352301],[92.1654675,25.8354333],[92.164161,25.8359166],[92.1628244,25.8361155],[92.1625152,25.836102],[92.1622558,25.8359171],[92.1620163,25.8355426],[92.1620162,25.8351364],[92.1622206,25.8348114],[92.1629236,25.8343734],[92.1641152,25.8335561],[92.164185,25.8333214],[92.16417,25.83301],[92.1640652,25.8328566],[92.1635664,25.8324054],[92.1632072,25.8322791],[92.1627783,25.8322973],[92.1624342,25.8322026],[92.1618157,25.831783],[92.1615313,25.8315258],[92.1611372,25.8311198],[92.1608079,25.8306098],[92.1607578,25.8301405],[92.1609621,25.8293641],[92.1611714,25.828836],[92.1613707,25.8284253],[92.1618493,25.8278925],[92.1623478,25.8272426],[92.1623625,25.8266828],[92.1622278,25.8260601],[92.1619882,25.825654],[92.1614994,25.8252118],[92.1612599,25.824914],[92.1609506,25.8240926],[92.1607957,25.8233434],[92.16098,25.8226258],[92.1612789,25.8216689],[92.1614183,25.8209828],[92.1612786,25.8205947],[92.1608346,25.8200216],[92.1605752,25.8198322],[92.1602311,25.8197871],[92.1598721,25.8199722],[92.1592889,25.820672],[92.1588254,25.8213265],[92.1583068,25.821638],[92.157469,25.8216383],[92.1569504,25.8215751],[92.1565913,25.8213721],[92.1564516,25.8210788],[92.1562619,25.8203026],[92.1559874,25.8194315],[92.1557479,25.8188855],[92.155329,25.8185336],[92.1543665,25.818272],[92.1524914,25.817821],[92.1518232,25.817415],[92.151479,25.817072],[92.1511,25.8166388],[92.1510499,25.8162326],[92.1510998,25.8157361],[92.1513389,25.814865],[92.1519668,25.8132537],[92.1524126,25.8123856],[92.1525648,25.8120891],[92.1525848,25.8117777],[92.152475,25.8113805],[92.1521109,25.8110873],[92.151859,25.8109641],[92.1513729,25.8107263],[92.1508742,25.8103247],[92.1505999,25.8099321],[92.1504651,25.8092506],[92.1504449,25.8083796],[92.1503002,25.8079688],[92.1499711,25.807486],[92.1493028,25.8069716],[92.1489586,25.8064752],[92.1486993,25.8059427],[92.1486991,25.8054462],[92.1488436,25.804724],[92.1491176,25.8036498],[92.1491374,25.8026975],[92.1491472,25.8016956],[92.1490933,25.8014792],[92.148723,25.8003191],[92.1484437,25.7995925],[92.1485483,25.7990599],[92.1493159,25.7982745],[92.1498343,25.7977057],[92.1498692,25.7974575],[92.1495201,25.7971732],[92.1489666,25.7966678],[92.1489316,25.7963248],[92.1493454,25.7960719],[92.1498538,25.7955212],[92.1499584,25.7948939],[92.1498185,25.7940138],[92.1495393,25.7935716],[92.148951,25.7933505],[92.1487415,25.7928811],[92.148881,25.7924072],[92.1489856,25.7920597],[92.1489158,25.7918431],[92.1487412,25.7916219],[92.1482875,25.7913377],[92.1482524,25.7905208],[92.1481526,25.7898935],[92.1479083,25.7894828],[92.1471252,25.7877363],[92.1469855,25.7871991],[92.1472297,25.7868561],[92.1476783,25.7867613],[92.1479575,25.78654],[92.1476782,25.7859715],[92.1474338,25.7855337],[92.1469502,25.7851546],[92.1465314,25.7847169],[92.1463618,25.7841167],[92.1465162,25.7830966],[92.146865,25.7828122],[92.147867,25.7827489],[92.1493275,25.782338],[92.1495718,25.7823063],[92.1505786,25.7813629],[92.1505785,25.7811462],[92.1504389,25.7807671],[92.1501248,25.7804828],[92.1498455,25.7802301],[92.1497757,25.7799503],[92.1498803,25.7794764],[92.1501594,25.7791604],[92.1504385,25.7791288],[92.1509919,25.7792235],[92.151306,25.7792866],[92.1516199,25.7792233],[92.1521732,25.7788171],[92.1524872,25.778501],[92.1526565,25.778],[92.1525917,25.7776526],[92.1525218,25.7773366],[92.1522224,25.7763166],[92.1521177,25.7760323],[92.1518783,25.7757841],[92.1513201,25.7755631],[92.1508713,25.775342],[92.1504875,25.7750893],[92.1501085,25.7747735],[92.1497596,25.7745885],[92.149271,25.774399],[92.1484736,25.774494],[92.1481993,25.7744624],[92.1479899,25.7743044],[92.1477804,25.7735823],[92.1478153,25.7729505],[92.1480245,25.7724495],[92.1481989,25.7721651],[92.1484382,25.7719755],[92.1487173,25.7718807],[92.1493402,25.7710321],[92.1494297,25.7703911],[92.1496389,25.769854],[92.1498781,25.7692583],[92.1500175,25.7687211],[92.1500174,25.767999],[92.1500871,25.7676198],[92.1502266,25.76734],[92.1505405,25.7669292],[92.1509193,25.76655],[92.1509541,25.766365],[92.1509541,25.7661123],[92.1507496,25.7657648],[92.1506797,25.7654804],[92.1507794,25.7651058],[92.1509887,25.7649162],[92.15052,25.7642077],[92.150176,25.7638919],[92.1502457,25.7636075],[92.150455,25.7633276],[92.1509734,25.7631695],[92.1513571,25.7631379],[92.1517359,25.7631062],[92.1520149,25.7626955],[92.1523986,25.7618784],[92.1523984,25.761373],[92.1525328,25.7607456],[92.1529861,25.7594547],[92.1530209,25.7591117],[92.1537683,25.7583714],[92.1543563,25.7580914],[92.1551188,25.7577437],[92.1554327,25.7573961],[92.1555024,25.7569583],[92.1553975,25.756173],[92.1548788,25.7546612],[92.1546407,25.7540816],[92.1548785,25.7534967],[92.1551176,25.7531175],[92.1554514,25.7522554],[92.1554861,25.7515649],[92.1555557,25.7511225],[92.1560336,25.7505718],[92.156617,25.7502237],[92.1573693,25.749551],[92.1578725,25.7490769],[92.158321,25.7485894],[92.1590083,25.7474067],[92.1598402,25.7460842],[92.1604729,25.7454115],[92.1608117,25.7451677],[92.1615143,25.7446756],[92.1623264,25.7441518],[92.1627696,25.7433799],[92.1626743,25.7412857],[92.1624894,25.7396249],[92.1623297,25.7389975],[92.1620601,25.7373909],[92.1619104,25.7366327],[92.1615564,25.7362311],[92.1609782,25.7355678],[92.1603301,25.7345569],[92.1599211,25.7330812],[92.1588641,25.7313889],[92.1583956,25.7308023],[92.1577875,25.7301976],[92.1574735,25.7297961],[92.1564268,25.7283791],[92.1562373,25.7279548],[92.1558684,25.7273592],[92.1553999,25.7267861],[92.155036,25.7261092],[92.1548215,25.7255225],[92.1544478,25.7250126],[92.1540441,25.7248592],[92.1536952,25.7247644],[92.153212,25.7247104],[92.1526838,25.7247105],[92.1523001,25.7247647],[92.151777,25.7248957],[92.1514083,25.7251079],[92.1509848,25.7254419],[92.1505913,25.7256541],[92.1502375,25.7256678],[92.1488175,25.7255507],[92.1484786,25.7255101],[92.1481746,25.7252709],[92.1477658,25.7244857],[92.1473571,25.7236463],[92.1471229,25.7230596],[92.1468885,25.7222788],[92.1467739,25.7218907],[92.1465795,25.721349],[92.1462605,25.7209114],[92.1458917,25.7204736],[92.1454482,25.7198598],[92.1453485,25.7195575],[92.1452637,25.718894],[92.1451589,25.7185466],[92.1447154,25.7179418],[92.1443616,25.7175988],[92.144247,25.7171972],[92.1442469,25.7168135],[92.1444661,25.7164433],[92.1446104,25.7160958],[92.1447,25.7151165],[92.1447496,25.7141957],[92.1447495,25.7137173],[92.144894,25.7133291],[92.1453623,25.7129047],[92.1458156,25.7125211],[92.1461991,25.7121374],[92.1465777,25.7116183],[92.1472151,25.7104312],[92.1474342,25.7099121],[92.1477281,25.7094607],[92.1482411,25.7090363],[92.1487392,25.7086526],[92.1495463,25.7082147],[92.1501091,25.7079303],[92.1508265,25.7077812],[92.1512201,25.7078218],[92.151544,25.7080339],[92.1517482,25.7082459],[92.1519825,25.7085393],[92.1521269,25.7086611],[92.152406,25.7086069],[92.1527297,25.7082863],[92.1531082,25.7078891],[92.1542638,25.7068283],[92.1546025,25.7065348],[92.1547768,25.7062143],[92.1547916,25.7058713],[92.1547467,25.7053793],[92.1548708,25.7039396],[92.1550201,25.7034069],[92.155035,25.7030097],[92.15499,25.7026262],[92.1547457,25.7014121],[92.1545261,25.6999498],[92.1544961,25.699512],[92.154511,25.6990065],[92.1545507,25.6984559],[92.1546452,25.6978827],[92.1555865,25.6970972],[92.1559351,25.6969301],[92.1563932,25.6964651],[92.1566921,25.6961581],[92.1568364,25.6958241],[92.1568164,25.6953592],[92.1565173,25.6946552],[92.1562281,25.6935946],[92.1560137,25.6926333],[92.1559786,25.691672],[92.1561477,25.6910401],[92.1564464,25.6902095],[92.1567998,25.6894557],[92.157263,25.6888463],[92.1577559,25.6880654],[92.1583284,25.6870949],[92.159125,25.6858309],[92.1596876,25.6850771],[92.1601656,25.6844676],[92.1605341,25.6841155],[92.1603095,25.68273],[92.1600151,25.6807351],[92.1599498,25.6790472],[92.159775,25.677445],[92.1596004,25.6762399],[92.1592665,25.6756081],[92.1587384,25.6751749],[92.1580859,25.6747689],[92.1573336,25.674101],[92.1561582,25.6721999],[92.156337,25.6720567],[92.1571337,25.6714472],[92.158981,25.6701425],[92.1598922,25.6694517],[92.1607039,25.6688422],[92.1615453,25.6683139],[92.162596,25.6676863],[92.1638408,25.6670089],[92.1648567,25.666634],[92.1659621,25.6663359],[92.1670428,25.6663355],[92.1681136,25.6663668],[92.16904,25.6665832],[92.1696427,25.6668674],[92.1701957,25.667129],[92.1706241,25.6674582],[92.1710027,25.6678644],[92.1712818,25.6682569],[92.171521,25.668785],[92.1717005,25.66934],[92.1721145,25.6708067],[92.172708,25.6728601],[92.1729821,25.6735326],[92.1734306,25.6741417],[92.1739487,25.6743446],[92.1746908,25.6742993],[92.1756022,25.6740642],[92.176155,25.674046],[92.1768423,25.6740322],[92.1771661,25.6741268],[92.17748,25.6743117],[92.1778237,25.6745915],[92.1781328,25.6750788],[92.1783421,25.6754353],[92.1785247,25.675842],[92.1790699,25.6769741],[92.1794837,25.6776013],[92.1799669,25.678066],[92.18195,25.6796449],[92.1826724,25.6800824],[92.1837336,25.680619],[92.1843017,25.6810251],[92.1848896,25.6814626],[92.1854726,25.6819317],[92.1859908,25.6823964],[92.1865739,25.6830551],[92.1871072,25.683601],[92.187745,25.6840836],[92.1882981,25.6844129],[92.1891998,25.6847465],[92.1902708,25.6850755],[92.1910281,25.6852918],[92.1919199,25.6855442],[92.1929212,25.6858054],[92.1938677,25.6859765],[92.1947992,25.6860889],[92.1956261,25.6861336],[92.1962288,25.6862101],[92.1966174,25.686422],[92.197066,25.6867467],[92.1973401,25.6870761],[92.1975447,25.6876401],[92.1977195,25.688326],[92.1981333,25.6889803],[92.1995342,25.6908616],[92.2008103,25.6922692],[92.2013983,25.6927203],[92.2018768,25.6930494],[92.2023153,25.6932432],[92.2032968,25.6935722],[92.2044378,25.6940094],[92.2064857,25.6948162],[92.2075868,25.6952714],[92.2080852,25.695569],[92.2083444,25.6958622],[92.2084145,25.6962684],[92.2085593,25.6968235],[92.2088739,25.6978072],[92.2093876,25.6986193],[92.2098562,25.6991651],[92.2105789,25.6996792],[92.2112666,25.700085],[92.2120541,25.7006713],[92.2126375,25.7012621],[92.2132059,25.7019163],[92.2142078,25.7027281],[92.2150501,25.7033369],[92.215743,25.7038058],[92.2163112,25.7042117],[92.2168547,25.7048116],[92.2171091,25.7053259],[92.2174036,25.7059802],[92.2177328,25.7065757],[92.2181119,25.70709],[92.2185058,25.7075411],[92.2189846,25.7081275],[92.2192939,25.7087547],[92.2195338,25.7096572],[92.2203176,25.7118051],[92.220612,25.7123961],[92.2211309,25.7132713],[92.2216795,25.7138623],[92.2225919,25.7146605],[92.2234393,25.7152693],[92.2244662,25.7158688],[92.2250343,25.7160896],[92.2256373,25.716211],[92.2266189,25.7163999],[92.2273066,25.7165212],[92.2280141,25.716602],[92.2287017,25.7166782],[92.2295987,25.7167543],[92.230082,25.7167405],[92.2306847,25.7165685],[92.2312324,25.7162883],[92.2316806,25.7159404],[92.2320289,25.7154888],[92.2323025,25.714956],[92.2324563,25.7142879],[92.2325998,25.7132046],[92.2327036,25.7122523],[92.232648,25.7114083],[92.2326473,25.7105327],[92.2326664,25.7097067],[92.2328549,25.7088626],[92.233248,25.7082214],[92.2338703,25.7078012],[92.234453,25.7075796],[92.2351106,25.7076423],[92.2355593,25.7078901],[92.2361276,25.7082644],[92.2366263,25.7088101],[92.2371151,25.7094597],[92.2376187,25.7099106],[92.238202,25.7103163],[92.2387553,25.7105957],[92.2395278,25.7108614],[92.2405791,25.7110186],[92.2414062,25.7110494],[92.2423727,25.7110938],[92.2432696,25.7112511],[92.2441119,25.7114671],[92.2449889,25.711701],[92.2454923,25.7119037],[92.2459211,25.7121832],[92.2462652,25.712589],[92.2466093,25.7128866],[92.2469491,25.713059],[92.2473428,25.7131394],[92.2476218,25.7131306],[92.247871,25.7130587],[92.2483745,25.7128289],[92.249212,25.712288],[92.2498551,25.7118192],[92.2504785,25.7112961],[92.2508375,25.7110302],[92.2511366,25.7108183],[92.2513061,25.7107823],[92.2514655,25.710805],[92.2515998,25.7108864],[92.2518388,25.7110897],[92.2522417,25.7116857],[92.2526795,25.7122819],[92.2529931,25.7125213],[92.253287,25.7126254],[92.25383,25.7126755],[92.2543333,25.7126533],[92.2548514,25.7125951],[92.2556139,25.7123611],[92.2568152,25.7118204],[92.2581557,25.7114108],[92.2599598,25.7109157],[92.2609265,25.7106412],[92.2620329,25.7102178],[92.2631396,25.7095326],[92.2635585,25.7092518],[92.2635633,25.7092486],[92.2639071,25.7091405],[92.2643706,25.7090912],[92.2650581,25.7091459],[92.26585,25.7093767],[92.2658806,25.7093915],[92.2667961,25.7098333],[92.2683152,25.7102496],[92.269162,25.7104803],[92.270442,25.7108875],[92.2712787,25.7112627],[92.2732904,25.7125008],[92.274545,25.7134946],[92.2759291,25.7146826],[92.276676,25.715202],[92.2771542,25.7154686],[92.2775277,25.7155592],[92.2780956,25.7156318],[92.2786337,25.7156186],[92.2791121,25.7155016],[92.2795257,25.7154161],[92.2799691,25.715457],[92.2802481,25.7155384],[92.2805119,25.7157282],[92.2810098,25.7162385],[92.2814281,25.7165231],[92.281712,25.7166316],[92.2826187,25.7166276],[92.2837898,25.7164118],[92.2847216,25.7162498],[92.285444,25.71616],[92.2860867,25.7161784],[92.2866298,25.7162645],[92.2877156,25.7166082],[92.2885476,25.7167802],[92.2894942,25.7167221],[92.2906403,25.7165467],[92.291333,25.7163531],[92.2920853,25.7162813],[92.2926533,25.7163312],[92.293012,25.7164533],[92.293739,25.7169682],[92.295233,25.7181019],[92.2960048,25.7187883],[92.2963881,25.7192534],[92.2968212,25.7197907],[92.2971499,25.7199759],[92.2979918,25.7202969],[92.2987141,25.7204507],[92.2998601,25.720519],[92.3008017,25.72056],[92.3013547,25.720619],[92.3018429,25.7207186],[92.3021269,25.7208631],[92.304129,25.7222948],[92.3044874,25.7228051],[92.3045004,25.7228296],[92.3048508,25.7234912],[92.3054034,25.724331],[92.3059461,25.7248367],[92.306494,25.7252613],[92.3072262,25.7256678],[92.3088052,25.7266208],[92.3108575,25.7277501],[92.3113408,25.7278947],[92.3116048,25.7279039],[92.3118989,25.7278137],[92.3122379,25.727525],[92.3126168,25.7269158],[92.3129661,25.7260133],[92.3131955,25.7254357],[92.31341,25.7250476],[92.3138786,25.7246506],[92.3147362,25.7234595],[92.3150104,25.7231346],[92.3153444,25.7229271],[92.3160022,25.7226296],[92.316949,25.7224223],[92.3178907,25.7223054],[92.3179804,25.722328],[92.3187875,25.72259],[92.3188746,25.7226342],[92.319714,25.7230597],[92.3207601,25.7235701],[92.3235349,25.7246363],[92.3241577,25.7247223],[92.3247108,25.7246954],[92.3259117,25.7246326],[92.3267387,25.7246825],[92.3279047,25.7248138],[92.3286222,25.7248276],[92.3290308,25.72476],[92.329245,25.7246969],[92.3298929,25.7243857],[92.3307251,25.7239526],[92.3312433,25.723867],[92.3319459,25.7238672],[92.3329175,25.7239984],[92.3335104,25.7241159],[92.3341082,25.724414],[92.3341496,25.724446],[92.3347806,25.7249331],[92.3353635,25.7253756],[92.3359513,25.7257369],[92.3364495,25.7259491],[92.337192,25.7260486],[92.3376951,25.7261435],[92.3390154,25.7267441],[92.3399072,25.7271099],[92.3413413,25.7276131],[92.3414517,25.7276519],[92.3423734,25.7279635],[92.3438532,25.728361],[92.3444261,25.728492],[92.3450041,25.7287359],[92.3458311,25.7291828],[92.3463592,25.72972],[92.3465683,25.7300766],[92.3469291,25.7308455],[92.3470913,25.7311914],[92.3474251,25.7318279],[92.3482121,25.7329519],[92.3487451,25.7335432],[92.3499707,25.7347441],[92.3522076,25.7370732],[92.3528753,25.7379806],[92.3530397,25.7383417],[92.3531292,25.7388516],[92.3531192,25.7393346],[92.3531192,25.7395287],[92.353174,25.7396686],[92.3532437,25.7397543],[92.3533632,25.7397905],[92.3536523,25.7398041],[92.3541307,25.7397274],[92.3548085,25.739565],[92.3553019,25.7393078],[92.3566923,25.7385723],[92.3576741,25.7380173],[92.3584266,25.7376653],[92.3596177,25.7371149],[92.3602605,25.7368261],[92.3609333,25.7366546],[92.3613618,25.7365779],[92.3617903,25.7365554],[92.3620943,25.736596],[92.3638383,25.7371332],[92.3642669,25.7373545],[92.3646405,25.7377607],[92.3648648,25.7381669],[92.3649644,25.7390741],[92.3650441,25.7398188],[92.3651338,25.7403107],[92.3655323,25.740911],[92.3658113,25.7414346],[92.366205,25.7421884],[92.3665737,25.7430278],[92.3671368,25.7441066],[92.3674458,25.7445625],[92.367959,25.7453297],[92.368233,25.74593],[92.368507,25.7466882],[92.3686018,25.7468823],[92.3688111,25.7471667],[92.3689406,25.7472885],[92.3690802,25.7473382],[92.3692646,25.7473518],[92.3697579,25.7472886],[92.3700221,25.7472525],[92.3702263,25.747266],[92.3704357,25.7473022],[92.370635,25.7474015],[92.3709391,25.7476542],[92.3715021,25.7481823],[92.3719208,25.7487555],[92.3724091,25.7495182],[92.3726982,25.7498793],[92.3730571,25.7501682],[92.3733261,25.7502901],[92.3735205,25.7503622],[92.3737597,25.7504073],[92.3741036,25.7504344],[92.3745521,25.7503984],[92.3751651,25.7503261],[92.375828,25.7501546],[92.3761868,25.7500238],[92.3771985,25.7493512],[92.3774725,25.7490308],[92.3778463,25.748629],[92.3781105,25.748444],[92.3782849,25.7483673],[92.3784643,25.7483357],[92.3786935,25.7483944],[92.3801089,25.7494549],[92.3806671,25.7498701],[92.3810559,25.7502312],[92.3812951,25.7505155],[92.3815967,25.7514259],[92.382725,25.7520272],[92.3830901,25.7524783],[92.3834884,25.7530195],[92.3835547,25.7535307],[92.3836543,25.7539818],[92.3837871,25.7544027],[92.3840194,25.754523],[92.384318,25.7544628],[92.3851475,25.7535606],[92.3853798,25.7528691],[92.3854793,25.7523278],[92.3855124,25.751576],[92.3854342,25.750508],[92.384654,25.7497345],[92.3835625,25.7487101],[92.3829644,25.748006],[92.3825258,25.7473065],[92.3820474,25.7463226],[92.3815439,25.7434611],[92.3814741,25.7428473],[92.3815339,25.742387],[92.381778,25.742044],[92.3820869,25.7419221],[92.3825554,25.7418634],[92.3832929,25.7418859],[92.3836916,25.7419446],[92.3840504,25.7420348],[92.3844328,25.7423415],[92.3847032,25.7425583],[92.3865971,25.7439302],[92.3873496,25.7441106],[92.387838,25.7441513],[92.3883213,25.744079],[92.3888347,25.7439797],[92.3898213,25.7435238],[92.391934,25.7422055],[92.3930303,25.7415555],[92.393992,25.741104],[92.3951731,25.7407428],[92.39607,25.7405396],[92.3968424,25.7404401],[92.3976646,25.7404536],[92.3982328,25.7405798],[92.3989255,25.7408867],[92.4004955,25.7417845],[92.4014225,25.7422809],[92.4017464,25.742529],[92.4023744,25.7432014],[92.4028629,25.7436707],[92.403172,25.7439008],[92.4036056,25.7441264],[92.4039595,25.7442166],[92.4054944,25.7445593],[92.4058283,25.7446585],[92.406217,25.7446719],[92.4066207,25.7445997],[92.4075275,25.7440037],[92.4078713,25.7436832],[92.4080258,25.743489],[92.4080555,25.7433311],[92.4079609,25.7431415],[92.4073577,25.7427129],[92.4070886,25.7424602],[92.4069689,25.7422616],[92.406934,25.7420992],[92.4070087,25.7419774],[92.4071781,25.7418689],[92.4075767,25.7418147],[92.4080801,25.7418056],[92.4087877,25.7418189],[92.4100186,25.7417464],[92.4106216,25.7416966],[92.411384,25.7417777],[92.4122313,25.7420257],[92.4129389,25.7420616],[92.4135369,25.7420253],[92.4138359,25.7419441],[92.4141548,25.7417092],[92.4143241,25.7414609],[92.4146477,25.7404228],[92.4145777,25.7399579],[92.4141291,25.7395158],[92.412888,25.7387037],[92.4119361,25.7381849],[92.4115722,25.7378239],[92.4113827,25.7373997],[92.4112529,25.7369033],[92.4110336,25.7365829],[92.4101563,25.7357211],[92.4097376,25.7352789],[92.4094933,25.7348095],[92.4093038,25.7343673],[92.4091193,25.7337535],[92.409144,25.7331893],[92.4092385,25.7327064],[92.4095325,25.7323362],[92.4110616,25.7305801],[92.4116494,25.7300338],[92.4122872,25.7297674],[92.4128552,25.729659],[92.4138418,25.7296181],[92.4150077,25.7296087],[92.4180174,25.7297206],[92.4185357,25.7297972],[92.4192383,25.7299866],[92.4198563,25.7302663],[92.4202202,25.7305459],[92.4203121,25.7306291],[92.4203747,25.7306858],[92.420589,25.730776],[92.4207085,25.7307579],[92.4208331,25.7307082],[92.4209975,25.7305186],[92.4212315,25.7301665],[92.4214308,25.7299949],[92.4216401,25.7298956],[92.4220536,25.7298954],[92.4223576,25.7300984],[92.4226567,25.7304188],[92.4228661,25.7306128],[92.4232648,25.7309106],[92.4238031,25.7311135],[92.4249743,25.7314876],[92.4260407,25.7318258],[92.4271819,25.7320421],[92.4280789,25.7321229],[92.4297283,25.7322532],[92.430416,25.732289],[92.4307398,25.7322619],[92.4311783,25.7321759],[92.431532,25.7319907],[92.4317661,25.7317695],[92.4319105,25.7315393],[92.43198,25.7311376],[92.4318651,25.7303658],[92.4315609,25.7298243],[92.4315502,25.7297755],[92.431471,25.7294136],[92.4314608,25.7289894],[92.4315056,25.7287411],[92.4316599,25.7284973],[92.4323221,25.7276215],[92.4329397,25.7269578],[92.4335473,25.7264476],[92.4352372,25.725345],[92.4374375,25.7239997],[92.4379904,25.7235255],[92.4387275,25.7229926],[92.439106,25.7227532],[92.4394248,25.7226448],[92.4397139,25.7226221],[92.4400726,25.7226309],[92.4404163,25.7225902],[92.4407351,25.7224411],[92.4410688,25.7221476],[92.4412829,25.7219083],[92.4417409,25.7211227],[92.441955,25.7207209],[92.4421093,25.7205268],[92.4422537,25.7204094],[92.4425327,25.720319],[92.4435988,25.7200567],[92.4441367,25.7198398],[92.4442911,25.7196953],[92.4444155,25.7194244],[92.4447736,25.7182824],[92.4447983,25.7180206],[92.4447332,25.7173707],[92.444753,25.7171676],[92.4448425,25.716996],[92.444977,25.7167974],[92.4450102,25.7167776],[92.4451662,25.7166845],[92.4454801,25.7165715],[92.4456245,25.7164631],[92.4460227,25.7157453],[92.4460523,25.715497],[92.4460024,25.7151225],[92.4458077,25.7147119],[92.4457828,25.714599],[92.4458325,25.7143372],[92.4461558,25.7135652],[92.44632,25.7131094],[92.4463495,25.712482],[92.446439,25.712175],[92.4466032,25.7119132],[92.4469368,25.7115474],[92.4475094,25.7109062],[92.4476635,25.7103961],[92.4477477,25.7094889],[92.4476975,25.709006],[92.447533,25.708794],[92.4467304,25.7081083],[92.4462321,25.7077972],[92.4443985,25.7074189],[92.4439899,25.7073605],[92.4433224,25.7074195],[92.4429439,25.7075776],[92.4422118,25.7080428],[92.4410811,25.7083051],[92.4403636,25.7082422],[92.4402688,25.7079083],[92.4399447,25.7075022],[92.4389879,25.7069159],[92.4381307,25.7062799],[92.4378912,25.7058016],[92.4378909,25.7050569],[92.437915,25.7035765],[92.4379493,25.7024572],[92.4380537,25.7020239],[92.4383075,25.7015589],[92.4385912,25.7011029],[92.4386207,25.7004078],[92.4385357,25.6997714],[92.440186,25.6931541],[92.4402902,25.6924726],[92.4403747,25.6921295],[92.4406483,25.6916013],[92.4410415,25.6909963],[92.4414447,25.6904546],[92.442077,25.6899577],[92.442321,25.6897681],[92.4469623,25.6877935],[92.4473905,25.687667],[92.4479383,25.6874501],[92.4482968,25.6872332],[92.4491182,25.6863481],[92.4498018,25.6857107],[92.449835,25.6856798],[92.450313,25.6852914],[92.4508608,25.6851647],[92.4513439,25.6851194],[92.4518371,25.6851958],[92.4526093,25.6855068],[92.4530079,25.6855563],[92.4543625,25.6852306],[92.4553186,25.6849186],[92.4558314,25.6846204],[92.4570066,25.6841007],[92.4632654,25.6810054],[92.4633635,25.6808701],[92.4633996,25.6808202],[92.4634344,25.6805856],[92.4634193,25.6803554],[92.4631948,25.6799177],[92.4631598,25.6797192],[92.4631796,25.6796108],[92.4633339,25.6794211],[92.4646033,25.6785222],[92.4674504,25.6761313],[92.4679679,25.6755233],[92.468172,25.6753561],[92.4683761,25.6752296],[92.46865,25.6751842],[92.4689588,25.6752157],[92.4693723,25.6752741],[92.4697308,25.6752919],[92.4701493,25.67526],[92.4703335,25.6751516],[92.4717906,25.6725284],[92.4720135,25.6721113],[92.4730039,25.6702573],[92.4741726,25.6681081],[92.4752665,25.6660132],[92.476241,25.664162],[92.4773199,25.6621889],[92.4783988,25.6600668],[92.4796569,25.6578905],[92.4811384,25.6552401],[92.482575,25.6523729],[92.4839223,25.6498715],[92.4852992,25.6473295],[92.48667,25.6446429],[92.4867207,25.6445437],[92.4881273,25.641839],[92.4895786,25.639175],[92.4900308,25.6381646],[92.4905525,25.6369987],[92.493172,25.6325103],[92.4943247,25.6302391],[92.4955521,25.6278731],[92.4966304,25.6259269],[92.4971993,25.6243872],[92.4975321,25.624036],[92.500147,25.6228648],[92.5008691,25.6226623],[92.5015212,25.6226628],[92.5021783,25.6227446],[92.502915,25.6228626],[92.5037864,25.6227188],[92.5048473,25.6221827],[92.5055945,25.6217319],[92.5060876,25.6214028],[92.5062472,25.6212043],[92.5064666,25.6207983],[92.5065617,25.6202613],[92.5065025,25.61967],[92.5061893,25.6192139],[92.506187,25.6192058],[92.5060356,25.6186767],[92.5060409,25.6182615],[92.5060266,25.6176341],[92.506012,25.6173226],[92.5059727,25.6172136],[92.5059177,25.6170608],[92.5057834,25.6168756],[92.5056691,25.6167221],[92.5056045,25.6165731],[92.5055499,25.616406],[92.5056297,25.6163114],[92.5058937,25.6162123],[92.5072432,25.6157529],[92.5079204,25.6156226],[92.508643,25.6155325],[92.5087119,25.6155239],[92.5094835,25.6155923],[92.5101354,25.6157553],[92.5107077,25.6159363],[92.5111904,25.6161759],[92.5116032,25.6166411],[92.5117562,25.616859],[92.512155,25.6174268],[92.5123091,25.6176029],[92.5126077,25.6177521],[92.5128665,25.6178155],[92.5135684,25.6178251],[92.5146682,25.6182366],[92.5148623,25.6183225],[92.5150714,25.6183407],[92.5152805,25.6182912],[92.5154001,25.6181378],[92.5158193,25.6170278],[92.5161232,25.6167708],[92.5162927,25.6165543],[92.5163078,25.6163648],[92.5162731,25.6160578],[92.5162237,25.6157599],[92.516184,25.6155477],[92.5161643,25.6153988],[92.5161992,25.6152905],[92.5162591,25.6151957],[92.5164284,25.615056],[92.5166226,25.6150065],[92.5170905,25.6149887],[92.5177974,25.6149757],[92.5187232,25.6150892],[92.5194549,25.6152748],[92.5200223,25.6154287],[92.5213116,25.615425],[92.5229544,25.6153991],[92.5238902,25.6153907],[92.525533,25.6153918],[92.5261801,25.6154691],[92.5265224,25.6154641],[92.5273599,25.6154518],[92.5282113,25.6153079],[92.5292022,25.614961],[92.5300637,25.6146186],[92.5303227,25.6145149],[92.5307259,25.6144475],[92.5312735,25.6144659],[92.5318907,25.6145926],[92.532453,25.6148052],[92.5326919,25.6149091],[92.5329856,25.614968],[92.5333838,25.6149456],[92.5337733,25.6148609],[92.5339216,25.6148286],[92.5344894,25.6143325],[92.5352019,25.6135837],[92.5355655,25.6132499],[92.5358493,25.6131463],[92.5361181,25.6131103],[92.5364566,25.6131647],[92.536805,25.6132642],[92.5378154,25.6135131],[92.5384625,25.6136263],[92.5388607,25.6135769],[92.5390798,25.6134235],[92.539055,25.6132881],[92.5389805,25.613094],[92.5385874,25.6127869],[92.5383338,25.6124888],[92.5381448,25.612254],[92.5381449,25.6121322],[92.5381599,25.6119967],[92.5382048,25.6118659],[92.5383443,25.6117441],[92.5387127,25.6116179],[92.5392205,25.6115821],[92.5396536,25.6116275],[92.5402855,25.6119167],[92.5407883,25.6119802],[92.5413508,25.6119941],[92.541774,25.611904],[92.5421374,25.6119359],[92.5423961,25.6120037],[92.5425753,25.6121076],[92.54262,25.6122746],[92.5425563,25.6125133],[92.5432916,25.6128798],[92.5439686,25.6128892],[92.5444614,25.6129752],[92.5455713,25.6132015],[92.5474181,25.613374],[92.5482792,25.613415],[92.5488964,25.6134154],[92.5494092,25.6134969],[92.5496779,25.6135647],[92.5502254,25.6137681],[92.5514695,25.6143058],[92.552221,25.6147124],[92.552664,25.6148932],[92.5531119,25.614952],[92.5534404,25.6149702],[92.5537541,25.6149434],[92.5540279,25.6148938],[92.5541674,25.6148036],[92.5543468,25.6145238],[92.5543221,25.6141357],[92.5542078,25.6137746],[92.5544872,25.6127502],[92.5554882,25.6119924],[92.5562002,25.6116723],[92.5564491,25.6116589],[92.5566085,25.6116183],[92.5566931,25.6115552],[92.556733,25.6114107],[92.5567181,25.6112844],[92.5565937,25.6110947],[92.5562803,25.610896],[92.555927,25.6107198],[92.5557628,25.6105573],[92.5556385,25.6102818],[92.5556307,25.6082331],[92.5554819,25.605642],[92.555662,25.6039405],[92.5555237,25.6021667],[92.555484,25.601783],[92.5553946,25.6015979],[92.5552602,25.6015166],[92.5551208,25.601494],[92.5548321,25.6016292],[92.5538262,25.6023916],[92.5534278,25.6026937],[92.5530743,25.6028651],[92.5527508,25.6029236],[92.5525466,25.602919],[92.5523128,25.6028692],[92.5521883,25.6027563],[92.5521736,25.6025442],[92.5522584,25.6021741],[92.5524779,25.6013393],[92.5526126,25.600888],[92.5527421,25.6006398],[92.5530111,25.6004278],[92.5536184,25.6002295],[92.5540864,25.6000446],[92.5543255,25.5998056],[92.5543853,25.5995709],[92.5543108,25.5993226],[92.5539131,25.5985507],[92.5534456,25.5978328],[92.5532815,25.5976973],[92.5532766,25.5975619],[92.5533164,25.5973904],[92.5534261,25.5972641],[92.5535655,25.5971649],[92.5537895,25.5971469],[92.5540382,25.5971922],[92.5544065,25.5973593],[92.5561688,25.5969991],[92.5564226,25.5968593],[92.5565422,25.5966473],[92.5565871,25.5964757],[92.5565872,25.5962907],[92.5565325,25.5961372],[92.5563933,25.5960018],[92.556244,25.5958934],[92.5558061,25.5957713],[92.5553432,25.5957485],[92.554965,25.5956987],[92.5549274,25.5956733],[92.554751,25.5955542],[92.5546714,25.5953284],[92.5546718,25.5948184],[92.5546869,25.5944799],[92.5550255,25.5943086],[92.5552795,25.5940199],[92.5554042,25.5936137],[92.5554442,25.5930224],[92.5553701,25.5923047],[92.5551962,25.5917631],[92.5550222,25.591253],[92.5547239,25.590797],[92.5544605,25.5901153],[92.5543763,25.5894292],[92.5543172,25.5882964],[92.5544776,25.5863872],[92.5546075,25.5854936],[92.5549415,25.584573],[92.555345,25.5839639],[92.5558978,25.5832149],[92.5568788,25.5823533],[92.5576754,25.5815819],[92.5583278,25.5807833],[92.5587711,25.5801246],[92.5587862,25.5798131],[92.5586719,25.5795242],[92.5580203,25.5789056],[92.5573886,25.5783592],[92.5566375,25.5776005],[92.5563044,25.5770226],[92.5562201,25.5766525],[92.5564343,25.5760614],[92.5569574,25.5753078],[92.5571417,25.5749153],[92.5571869,25.5741435],[92.5571277,25.5732814],[92.556954,25.5723922],[92.5567652,25.5717873],[92.556651,25.5713269],[92.5567259,25.5709613],[92.5570844,25.5705056],[92.5578811,25.5697567],[92.5588069,25.5692336],[92.5602254,25.5686565],[92.5614201,25.5679304],[92.5636055,25.5661846],[92.5642726,25.5655169],[92.5647905,25.564822],[92.5648381,25.564737],[92.5654279,25.5636849],[92.5661797,25.5627283],[92.5666578,25.5619928],[92.5673201,25.5609369],[92.5676685,25.5605805],[92.5683504,25.560319],[92.5691466,25.5601388],[92.5697886,25.559981],[92.5701818,25.5597465],[92.5704854,25.5594035],[92.5709883,25.5587222],[92.571208,25.5584519],[92.5714762,25.5581221],[92.5719988,25.5576619],[92.5724915,25.5573506],[92.5728797,25.5572289],[92.573228,25.5572065],[92.5736758,25.5573105],[92.5743423,25.5577801],[92.5744408,25.5578654],[92.5750039,25.5583535],[92.5754218,25.5585116],[92.575984,25.5585118],[92.5767802,25.5582909],[92.5776155,25.5579371],[92.5776212,25.5579346],[92.5784573,25.5575467],[92.5791788,25.5574431],[92.5800048,25.5574434],[92.5807412,25.5575339],[92.5815074,25.557692],[92.5820697,25.5576787],[92.5823582,25.5576291],[92.5824628,25.5574712],[92.5825774,25.5570786],[92.5827069,25.5564376],[92.5833596,25.5542353],[92.583708,25.5536171],[92.583937,25.553098],[92.5840417,25.5526241],[92.5840717,25.5520871],[92.5839376,25.5513017],[92.5838731,25.5507555],[92.5840722,25.5504532],[92.5844803,25.5503585],[92.5850375,25.5504896],[92.5857339,25.5509366],[92.5863747,25.5513405],[92.5866293,25.551501],[92.5883008,25.5523274],[92.5891267,25.5525082],[92.5899626,25.5526032],[92.5907736,25.5525491],[92.591699,25.5523778],[92.5918755,25.5523149],[92.5925847,25.5520621],[92.5934605,25.5518006],[92.5943114,25.5515931],[92.5948189,25.5515932],[92.5952965,25.5518415],[92.595585,25.5522613],[92.5959032,25.5527082],[92.5962366,25.5529295],[92.5968585,25.5529837],[92.5972913,25.5531012],[92.5975401,25.5533495],[92.5977538,25.5539408],[92.5979976,25.5541981],[92.5985448,25.5544734],[92.5991519,25.5545368],[92.5996594,25.5546723],[92.5999777,25.5550379],[92.6001418,25.5554304],[92.6002512,25.5556924],[92.6005099,25.5563243],[92.6006906,25.5565182],[92.6009476,25.5567938],[92.6014103,25.5572272],[92.6015495,25.5576695],[92.6014897,25.5584187],[92.6013452,25.559168],[92.6013437,25.5591849],[92.6013264,25.5593821],[92.6013003,25.559678],[92.6013301,25.5602466],[92.6014643,25.5609553],[92.6016185,25.561533],[92.6019269,25.5619302],[92.6024593,25.5622192],[92.6032852,25.5622826],[92.6041759,25.5622465],[92.6046755,25.5622117],[92.6051462,25.562179],[92.6065195,25.5621791],[92.608067,25.5622335],[92.6098583,25.5624142],[92.6120826,25.562771],[92.6142968,25.5632677],[92.6160135,25.5636649],[92.6183372,25.5643285],[92.6192776,25.5646987],[92.620233,25.5648025],[92.6216164,25.5650101],[92.6220492,25.5651546],[92.6227757,25.5657188],[92.6232406,25.566201],[92.6235719,25.5665447],[92.6248409,25.5676686],[92.6254479,25.5683501],[92.626055,25.5690722],[92.6267367,25.56965],[92.6283889,25.5706836],[92.6292896,25.5711303],[92.6297076,25.571338],[92.6301705,25.5716674],[92.6313997,25.5749531],[92.6321812,25.5771917],[92.6322137,25.5772978],[92.6325695,25.57846],[92.6329776,25.5792995],[92.6336844,25.5803872],[92.6343066,25.5812988],[92.6354463,25.5827024],[92.6365761,25.5838217],[92.6379797,25.5849996],[92.6382388,25.5851763],[92.6396272,25.5861233],[92.6402517,25.5866312],[92.6404485,25.5867912],[92.6409114,25.5874049],[92.6413047,25.5881135],[92.6417079,25.5885107],[92.6426635,25.5889935],[92.6448835,25.5899681],[92.6462871,25.5907171],[92.6478799,25.5916512],[92.64898,25.5920933],[92.6494677,25.5922015],[92.6500501,25.5921879],[92.6509459,25.5919892],[92.6522548,25.5913977],[92.6529913,25.5909281],[92.6533794,25.5906121],[92.6540013,25.5893663],[92.6543792,25.5883551],[92.6545482,25.5875608],[92.654563,25.5868115],[92.6547968,25.5863918],[92.6552745,25.5859583],[92.6554337,25.5855792],[92.6556324,25.5844553],[92.6559805,25.5833404],[92.6569358,25.5821441],[92.6574232,25.581327],[92.6577414,25.5803521],[92.6581044,25.5792237],[92.6585183,25.5783939],[92.6586516,25.5781268],[92.6587261,25.5776799],[92.6585366,25.5762492],[92.6585,25.5760203],[92.6583072,25.574814],[92.658307,25.5740647],[92.6586701,25.5734508],[92.6591328,25.573031],[92.6598393,25.5727419],[92.6608793,25.5725837],[92.6612575,25.5725024],[92.6613131,25.5724563],[92.6614317,25.5723579],[92.6614615,25.5721864],[92.6612723,25.5719562],[92.6591771,25.5711805],[92.6584595,25.5707744],[92.6584355,25.5707609],[92.6579028,25.5702645],[92.6574847,25.5697546],[92.6571809,25.5688746],[92.6571061,25.5681388],[92.6571356,25.5668932],[92.657105,25.5640406],[92.6571043,25.561504],[92.6570345,25.5611205],[92.6567856,25.5608452],[92.6562531,25.5606377],[92.6550639,25.560349],[92.6544668,25.5601958],[92.6538895,25.5598935],[92.6528743,25.5592527],[92.6518889,25.5586346],[92.6509534,25.5581112],[92.6500528,25.5578722],[92.6482963,25.5576919],[92.6474554,25.5574573],[92.6466741,25.5570377],[92.6459973,25.5565639],[92.645634,25.5561622],[92.6454199,25.5557425],[92.6455044,25.5550475],[92.6458078,25.5546412],[92.6458525,25.5542846],[92.645534,25.5534587],[92.6436726,25.5499385],[92.6430504,25.5484175],[92.6428114,25.5470499],[92.6427216,25.5454115],[92.6428167,25.5448604],[92.6428508,25.5446623],[92.642995,25.5437551],[92.6429701,25.5434391],[92.6426516,25.5429111],[92.642144,25.5420717],[92.6420593,25.5415752],[92.6421737,25.5410606],[92.6426152,25.5401216],[92.6426661,25.5400134],[92.6428649,25.5392733],[92.6429942,25.5384111],[92.6430386,25.5360461],[92.6429936,25.5352291],[92.6428394,25.5348094],[92.6424464,25.53448],[92.6412025,25.5337445],[92.6399737,25.5331036],[92.6395707,25.5328465],[92.6392971,25.5325666],[92.6388344,25.5318354],[92.6383418,25.530838],[92.6377646,25.5302378],[92.637098,25.5299084],[92.63571,25.5293172],[92.6338197,25.5286764],[92.6326108,25.528171],[92.6319144,25.5277377],[92.631193,25.526948],[92.6304866,25.5263973],[92.6295664,25.525788],[92.628855,25.5248538],[92.6286261,25.5238969],[92.6280739,25.5224255],[92.6276859,25.5219742],[92.6268204,25.5215816],[92.6252585,25.5208594],[92.6241194,25.5202049],[92.6229903,25.5194331],[92.622284,25.5184989],[92.6213439,25.5172937],[92.6202049,25.516057],[92.6184541,25.5150595],[92.6156787,25.5141024],[92.6122469,25.5129377],[92.6090836,25.5118136],[92.6082481,25.5112764],[92.6078044,25.5108678],[92.6075668,25.5106489],[92.6064975,25.5094708],[92.6055178,25.5088388],[92.6017878,25.507227],[92.6004799,25.5067573],[92.599898,25.506351],[92.5995549,25.5058093],[92.5989099,25.5044044],[92.5988441,25.5042611],[92.5980536,25.5031552],[92.5973028,25.5024599],[92.5964374,25.5021574],[92.5938762,25.5019086],[92.5924997,25.5017228],[92.592235,25.5016871],[92.5910912,25.5011452],[92.5901266,25.500494],[92.5873074,25.4982681],[92.5849109,25.4965253],[92.582733,25.4956536],[92.5811865,25.4951251],[92.5797743,25.4943618],[92.5786557,25.4937341],[92.5778056,25.4930117],[92.5773233,25.4926324],[92.5756776,25.4917382],[92.5736541,25.4904782],[92.5733061,25.4900674],[92.5731726,25.4885463],[92.5732112,25.4883863],[92.5732871,25.4880724],[92.5719305,25.4859687],[92.571215,25.4845917],[92.570554,25.4839055],[92.5690627,25.4828126],[92.5682375,25.4820631],[92.5677356,25.4813633],[92.5675471,25.4805914],[92.567473,25.4793863],[92.5673391,25.4785874],[92.5665144,25.4770164],[92.5660874,25.4758787],[92.5654812,25.4750886],[92.5646563,25.4741225],[92.5643631,25.4736123],[92.5643142,25.4721137],[92.5643452,25.4696313],[92.5643963,25.4668646],[92.5646655,25.4654836],[92.5650636,25.4646623],[92.56578,25.4639133],[92.5665509,25.4633584],[92.5666916,25.463336],[92.5674558,25.4632144],[92.5688128,25.4636978],[92.5727099,25.4657303],[92.573724,25.4661188],[92.5740658,25.4661856],[92.5747417,25.4667355],[92.5753442,25.4677623],[92.576194,25.4688007],[92.5791614,25.4713563],[92.5803594,25.4720834],[92.5813936,25.4721062],[92.5822191,25.4716958],[92.5825923,25.4710684],[92.5826476,25.46906],[92.5829119,25.46688],[92.5833944,25.4660316],[92.5841106,25.4655985],[92.5852043,25.4657929],[92.5866674,25.4671912],[92.5873018,25.4677975],[92.5890168,25.4693325],[92.5903441,25.4701316],[92.5918903,25.4704209],[92.5940979,25.4704213],[92.5956393,25.470205],[92.5970515,25.4697223],[92.5986131,25.4681384],[92.5994884,25.4668792],[92.6002344,25.4656246],[92.6004485,25.4647536],[92.6001802,25.4638869],[92.5993304,25.4616661],[92.5986151,25.4587367],[92.5981136,25.4558073],[92.5977753,25.4531284],[92.5976371,25.452034],[92.5976077,25.4506708],[92.5979011,25.4500661],[92.5991241,25.4495383],[92.6004915,25.4494816],[92.6020522,25.4494168],[92.6033398,25.4490785],[92.6040557,25.4486182],[92.6044833,25.4479909],[92.6046127,25.4476027],[92.6043742,25.4469753],[92.6037132,25.4456934],[92.6034449,25.4448629],[92.603336,25.4421277],[92.6033364,25.440074],[92.6032027,25.4373524],[92.6030739,25.4351271],[92.603233,25.4340169],[92.6037104,25.432857],[92.604897,25.4311304],[92.6061267,25.4293412],[92.6069768,25.4276262],[92.6071112,25.4264075],[92.606525,25.4244982],[92.605089,25.4220562],[92.6046752,25.4212406],[92.6045027,25.4209007],[92.6044782,25.41868],[92.6047469,25.4169107],[92.6053287,25.4146586],[92.6059104,25.4137875],[92.606631,25.4132325],[92.6075903,25.4131603],[92.6089171,25.413499],[92.6112577,25.4151692],[92.6130267,25.4169974],[92.6141697,25.4186675],[92.614756,25.4204819],[92.6150989,25.4211138],[92.6160532,25.4217187],[92.6177281,25.4225177],[92.6185828,25.4230007],[92.6191644,25.4230504],[92.6196962,25.4228338],[92.6206684,25.422223],[92.6210829,25.4219627],[92.6228374,25.4211412],[92.6246067,25.4209246],[92.6264953,25.4212405],[92.6276385,25.4219671],[92.6283542,25.4230053],[92.628384,25.4238764],[92.6278224,25.4250363],[92.6263893,25.427797],[92.6260978,25.4283584],[92.6252479,25.4311387],[92.624905,25.4336573],[92.6252479,25.434551],[92.6253274,25.4347451],[92.6256456,25.4349165],[92.6263912,25.4348669],[92.6274052,25.4342847],[92.6287075,25.4330524],[92.6301836,25.4315358],[92.6316449,25.4306421],[92.6331062,25.4296264],[92.6346767,25.4283671],[92.6358396,25.4273154],[92.6362919,25.4265886],[92.6364011,25.4249682],[92.6362916,25.4233704],[92.6367189,25.4214115],[92.6378617,25.418753],[92.6386319,25.4178547],[92.6392973,25.4176478],[92.6395613,25.4175657],[92.6406796,25.4179538],[92.6415047,25.4188699],[92.641823,25.4201788],[92.6419019,25.4211959],[92.6419823,25.4222325],[92.642375,25.4228507],[92.6437072,25.4238661],[92.64399,25.4240404],[92.6451934,25.4247822],[92.645621,25.4256804],[92.646066,25.4268682],[92.6461282,25.4270343],[92.6469851,25.4281201],[92.6470827,25.4282438],[92.6498667,25.4308386],[92.6518833,25.4327417],[92.6519946,25.4328467],[92.6530336,25.4334243],[92.6536201,25.4335235],[92.654286,25.4331849],[92.6544151,25.4326026],[92.653883,25.4313704],[92.6529234,25.4302197],[92.6523118,25.4292268],[92.6518045,25.4278007],[92.6515059,25.4260975],[92.6514611,25.4258419],[92.651172,25.4223033],[92.6512531,25.4219635],[92.651902,25.419243],[92.652647,25.4172117],[92.6535263,25.4158079],[92.6538358,25.415441],[92.6547486,25.4143588],[92.6555633,25.4131399],[92.6564127,25.411542],[92.6584347,25.4092441],[92.6594184,25.4083276],[92.6607151,25.4071764],[92.6616442,25.4063546],[92.6627871,25.4060881],[92.6635327,25.4064986],[92.6643034,25.407708],[92.6649949,25.4100278],[92.6660295,25.4128665],[92.666185,25.4131641],[92.6668004,25.4143422],[92.6675212,25.414825],[92.6687686,25.4148742],[92.6689678,25.4148243],[92.6699413,25.4145805],[92.6718534,25.4145366],[92.6719342,25.4145348],[92.6735293,25.4140242],[92.6742944,25.4134552],[92.6754664,25.4111574],[92.6770304,25.4079658],[92.6777754,25.4070222],[92.6788386,25.406417],[92.6802497,25.4058838],[92.6818743,25.4050798],[92.6831511,25.4042579],[92.6842937,25.4036255],[92.6852229,25.4033859],[92.6866835,25.4027082],[92.6881491,25.4020802],[92.6889735,25.4009876],[92.6896088,25.3996829],[92.6905378,25.3990551],[92.6919239,25.3985715],[92.6928278,25.3976729],[92.6937961,25.3964357],[92.6948831,25.3943815],[92.6957315,25.3921334],[92.6960782,25.3902917],[92.6965543,25.3888335],[92.6971647,25.3874567],[92.698282,25.3863187],[92.7005666,25.3848416],[92.7017638,25.3844798],[92.7040244,25.3843342],[92.7040562,25.3843405],[92.7063649,25.3847933],[92.7078358,25.3851265],[92.7093014,25.3848819],[92.7098775,25.3845115],[92.7113418,25.3825247],[92.7134662,25.3796708],[92.7147862,25.3774402],[92.7152374,25.3762801],[92.7162194,25.3741038],[92.7172271,25.3729162],[92.7179423,25.3726268],[92.7189013,25.3727977],[92.7197814,25.3737631],[92.7201549,25.3750144],[92.7204738,25.3760826],[92.7214041,25.3775805],[92.7221746,25.3781848],[92.7237452,25.3788157],[92.7258797,25.3790292],[92.7258966,25.3790309],[92.7274419,25.3792735],[92.7287111,25.3796479],[92.7295789,25.3799039],[92.7300105,25.3799319],[92.7310943,25.3800021],[92.7362017,25.3798267],[92.7373543,25.3796951],[92.7380197,25.3793334],[92.7380738,25.3787286],[92.7374866,25.3777586],[92.7363677,25.3766265],[92.7351745,25.3756841],[92.7346422,25.3749443],[92.7338096,25.3736054],[92.7337949,25.3735819],[92.7332591,25.3727202],[92.7324067,25.3695748],[92.7323565,25.3689159],[92.7328873,25.3681887],[92.7341089,25.367583],[92.7367416,25.3672426],[92.7380432,25.3672912],[92.738788,25.3669521],[92.7391303,25.3662748],[92.7390792,25.3648937],[92.7390728,25.3633591],[92.7395478,25.3613051],[92.7403135,25.3604947],[92.7403716,25.3604333],[92.7419158,25.3597053],[92.7444241,25.3593423],[92.7456457,25.3589576],[92.746415,25.3583251],[92.7469155,25.3571015],[92.7470136,25.3561041],[92.747551,25.355283],[92.7482132,25.3538528],[92.7487258,25.3529009],[92.7491935,25.3521159],[92.7496269,25.3509156],[92.7499508,25.3499365],[92.7499966,25.3488442],[92.7498878,25.3483882],[92.7496796,25.3479683],[92.7495175,25.346095],[92.749478,25.3453574],[92.7494737,25.3452781],[92.7495189,25.3448403],[92.7496633,25.3444748],[92.7499021,25.3440959],[92.7503545,25.3436584],[92.7508216,25.3434692],[92.7520884,25.3432221],[92.7532608,25.3430335],[92.753872,25.3427993],[92.7542745,25.3425785],[92.7545976,25.3423756],[92.7549157,25.3420237],[92.7550949,25.3416583],[92.7552245,25.3412522],[92.7554194,25.339966],[92.7555492,25.3393251],[92.7556936,25.3390003],[92.7559323,25.3386394],[92.7564942,25.3379221],[92.7570163,25.3373358],[92.7573195,25.3370291],[92.7576874,25.3367406],[92.7582541,25.3361678],[92.7585723,25.3357753],[92.7587514,25.335455],[92.7590547,25.3350761],[92.7596514,25.3344312],[92.7605509,25.3337458],[92.7610677,25.3335159],[92.7616439,25.3333404],[92.7624635,25.3332507],[92.7629303,25.3333549],[92.7637346,25.3335767],[92.7640722,25.3337665],[92.7649409,25.3343088],[92.7660475,25.3352439],[92.7673975,25.336265],[92.76839,25.3371865],[92.7686293,25.3374127],[92.7686685,25.3374497],[92.7692883,25.3380356],[92.7695614,25.3381397],[92.7699139,25.3382121],[92.7704156,25.3381538],[92.7708528,25.3380413],[92.7721843,25.3375322],[92.773168,25.3371086],[92.7742761,25.3364503],[92.7746788,25.3360128],[92.7759315,25.3347273],[92.7772183,25.334173],[92.7775361,25.3340558],[92.7794984,25.3334613],[92.7798859,25.33343],[92.7805413,25.3335342],[92.781038,25.3335616],[92.7813311,25.3334489],[92.7817981,25.3331829],[92.7821312,25.3327453],[92.7823898,25.3322038],[92.7831162,25.330629],[92.7834346,25.3297852],[92.783564,25.3293746],[92.7836937,25.3287156],[92.7838388,25.3271992],[92.7839749,25.3245227],[92.7842937,25.3231642],[92.7846023,25.3222752],[92.7848118,25.3209755],[92.785036,25.3200548],[92.7853901,25.3179066],[92.7855196,25.3173244],[92.7857633,25.3169274],[92.7867578,25.3150323],[92.7869321,25.3143734],[92.7868381,25.3138903],[92.7866298,25.313484],[92.7860198,25.3123869],[92.7842686,25.3102102],[92.783688,25.3096411],[92.7833357,25.3093656],[92.7824375,25.3085752],[92.7815394,25.3076854],[92.7814254,25.3074641],[92.7813165,25.3070127],[92.7812522,25.3067193],[92.781253,25.3056293],[92.7812531,25.3054645],[92.781318,25.3049816],[92.7814277,25.3044536],[92.7818008,25.3035917],[92.7820244,25.3032895],[92.7826112,25.3022021],[92.7827604,25.3018817],[92.7829494,25.3013447],[92.7831287,25.3007129],[92.7833032,25.2996929],[92.7834325,25.2994447],[92.7839987,25.2991382],[92.7850418,25.2985972],[92.7855882,25.2981326],[92.7864132,25.2971988],[92.7872331,25.2962063],[92.7874419,25.2957821],[92.7874872,25.2948162],[92.7873144,25.2935298],[92.7871362,25.29283],[92.7870574,25.2920716],[92.7870429,25.2914578],[92.7871077,25.2910065],[92.7871726,25.2905823],[92.787302,25.2900272],[92.7876202,25.2894135],[92.7879979,25.2888134],[92.7895085,25.2869456],[92.7906015,25.2858359],[92.7918884,25.2842704],[92.792465,25.2833093],[92.7925447,25.2828128],[92.7924952,25.2825646],[92.7923019,25.282068],[92.7917066,25.2814086],[92.7911609,25.2808983],[92.7907789,25.280546],[92.7905211,25.2800359],[92.789738,25.278239],[92.7886822,25.2759319],[92.7877997,25.2743381],[92.7874922,25.2740896],[92.7869015,25.2739719],[92.7865292,25.2739311],[92.7811333,25.2738691],[92.7805129,25.2737514],[92.7797436,25.2735297],[92.7791333,25.2732088],[92.778682,25.272685],[92.778444,25.2723598],[92.7781714,25.2717639],[92.7778343,25.2711769],[92.7772739,25.270504],[92.7766489,25.2700251],[92.7755572,25.2695279],[92.7750113,25.269365],[92.7738401,25.2690844],[92.7731005,25.2690117],[92.7718746,25.2688799],[92.771072,25.2687886],[92.7700778,25.2686756],[92.7693085,25.2685396],[92.7688719,25.2683813],[92.7686189,25.2681193],[92.7683611,25.2677536],[92.7682429,25.2673886],[92.7682324,25.2673562],[92.7682675,25.266932],[92.7683472,25.2666115],[92.7686503,25.2662055],[92.7691969,25.2655921],[92.7699022,25.2650239],[92.771253,25.2643071],[92.7727129,25.2635635],[92.7731151,25.2633154],[92.7735026,25.2630539],[92.7741135,25.2625578],[92.7754,25.2613445],[92.7766665,25.2603253],[92.7772279,25.2597118],[92.7774863,25.2593464],[92.7776953,25.2588049],[92.7777453,25.2581775],[92.7776315,25.2578254],[92.777458,25.2574326],[92.777121,25.2568772],[92.7764468,25.2558386],[92.7757231,25.2546691],[92.7754856,25.2537933],[92.7756745,25.2533014],[92.7753229,25.2524074],[92.7749709,25.252001],[92.7740083,25.2516619],[92.7735568,25.2514855],[92.7727085,25.2509749],[92.7711848,25.2509873],[92.7707973,25.2514429],[92.769864,25.2517177],[92.7695115,25.2517761],[92.7690303,25.251541],[92.7680028,25.2516892],[92.7677943,25.2517884],[92.7675011,25.2521537],[92.7672321,25.2521783],[92.7667168,25.2522255],[92.7664589,25.2521395],[92.7661365,25.2519632],[92.7644802,25.250639],[92.7631083,25.2496932],[92.7626349,25.2492688],[92.7624664,25.2490068],[92.7619021,25.2473725],[92.7618879,25.2465284],[92.7629069,25.2448231],[92.7636174,25.243993],[92.7644504,25.2432324],[92.7644765,25.2432148],[92.7650649,25.2428421],[92.7653725,25.2426473],[92.7659565,25.2421532],[92.7663339,25.2414353],[92.7668165,25.2405334],[92.7673728,25.2399336],[92.7681816,25.2391651],[92.7686503,25.2388662],[92.7689607,25.2385665],[92.7695135,25.2380123],[92.7701647,25.237334],[92.7703201,25.2369064],[92.7708859,25.2347815],[92.7711822,25.2333579],[92.7712113,25.2331116],[92.7712173,25.2327942],[92.7712461,25.2313468],[92.7712615,25.2307149],[92.7715746,25.2301103],[92.7716682,25.22998],[92.7738429,25.2294709],[92.7766018,25.2295901],[92.7778194,25.2298803],[92.7781551,25.2299565],[92.7787352,25.230088],[92.7804122,25.2304321],[92.7810326,25.2303603],[92.7820301,25.2301624],[92.7833501,25.2292599],[92.7843188,25.2285975],[92.7846118,25.2283449],[92.7856695,25.2274157],[92.7881123,25.2254357],[92.7884003,25.2250973],[92.7887676,25.2248719],[92.7891053,25.224678],[92.7895172,25.2245158],[92.7902169,25.2243853],[92.7921274,25.224287],[92.7938843,25.2238186],[92.7944104,25.2235525],[92.7955574,25.2222983],[92.7964262,25.2216398],[92.7976819,25.2210717],[92.7987142,25.2207608],[92.801518,25.2202386],[92.8017116,25.2200537],[92.8019652,25.2191963],[92.8019902,25.2189254],[92.802194,25.2182981],[92.8025814,25.2174813],[92.8028349,25.2169624],[92.8029147,25.2161726],[92.8020867,25.215125],[92.8008519,25.2139553],[92.7999544,25.2131965],[92.7972069,25.2111369],[92.7953818,25.2099353],[92.7952742,25.2098658],[92.7950297,25.2097501],[92.7926827,25.210155],[92.7917845,25.2103216],[92.7912983,25.2103529],[92.7911841,25.2103528],[92.7910073,25.2103527],[92.7909757,25.2103527],[92.7906533,25.2103164],[92.790301,25.2102665],[92.7888923,25.2097557],[92.7877762,25.209579],[92.7864367,25.2094834],[92.7860497,25.2093478],[92.7856682,25.2085667],[92.7850141,25.2075327],[92.7847513,25.2073294],[92.7844485,25.2069568],[92.7838888,25.2062681],[92.783294,25.2054373],[92.7829175,25.2047149],[92.7826352,25.2041956],[92.7825807,25.2040962],[92.7819215,25.2032473],[92.7813612,25.2028362],[92.7803247,25.2022533],[92.7801016,25.2020951],[92.7788473,25.2009975],[92.7775729,25.2002158],[92.776214,25.1996146],[92.7757427,25.1995646],[92.7749341,25.1996363],[92.7742988,25.1999248],[92.7731672,25.2004927],[92.7718071,25.2014306],[92.7714749,25.2016974],[92.7714645,25.2017057],[92.7704421,25.2022331],[92.76869,25.2031301],[92.7681044,25.203414],[92.7674742,25.2034903],[92.7659217,25.203092],[92.764965,25.202616],[92.7628124,25.2015866],[92.7616911,25.201667],[92.7610164,25.2017116],[92.7606804,25.2016917],[92.759166,25.2016019],[92.7584169,25.20152],[92.7572658,25.2015688],[92.7548445,25.2018286],[92.7535888,25.2023783],[92.7529833,25.2026711],[92.7524468,25.2030471],[92.751767,25.2035233],[92.7512557,25.203771],[92.7500696,25.2041041],[92.7497471,25.204176],[92.7495386,25.2043023],[92.7492854,25.2044645],[92.7490818,25.2046223],[92.748259,25.2053037],[92.7471652,25.2062095],[92.7467963,25.2065068],[92.7459927,25.2064834],[92.7446058,25.2065675],[92.7428748,25.2066519],[92.7419405,25.2063622],[92.7414846,25.2060722],[92.7408517,25.2055293],[92.7403691,25.2041054],[92.740072,25.2031099],[92.7395474,25.2023219],[92.7389101,25.2015746],[92.7382483,25.2010932],[92.7379983,25.2009114],[92.7372235,25.2005385],[92.7365917,25.2004706],[92.7359955,25.2003225],[92.7354487,25.200157],[92.7344234,25.1997843],[92.7334893,25.1995153],[92.7327148,25.1995158],[92.7319405,25.1996202],[92.7313256,25.1996206],[92.730756,25.1995588],[92.730141,25.1994347],[92.7293992,25.1991902],[92.7276907,25.1987765],[92.7267331,25.1988531],[92.7258504,25.1987363],[92.7247341,25.1985088],[92.7241723,25.198326],[92.7241217,25.1983088],[92.7233695,25.1980531],[92.7225037,25.197701],[92.721472,25.1975308],[92.7203622,25.1971008],[92.718968,25.1966938],[92.7181751,25.1962931],[92.717446,25.1960447],[92.7161361,25.1957819],[92.7156121,25.1955748],[92.7153385,25.1952845],[92.7151105,25.194932],[92.7147,25.1941854],[92.7142669,25.1937707],[92.7138568,25.1935636],[92.7130138,25.1931699],[92.7122164,25.1929214],[92.71151,25.1923617],[92.7110542,25.1919678],[92.7105527,25.1913665],[92.7103817,25.1911331],[92.7100968,25.1907444],[92.7097376,25.190378],[92.7092405,25.1900707],[92.7085798,25.1897806],[92.7075319,25.1894493],[92.7063019,25.1891595],[92.7044796,25.1888286],[92.7026158,25.1883777],[92.70114,25.1873422],[92.6995772,25.1853512],[92.6979626,25.1835025],[92.6964522,25.1819857],[92.6953065,25.1807533],[92.6939003,25.1792364],[92.6922866,25.1787629],[92.6909854,25.1787635],[92.6896325,25.1794754],[92.6891011,25.1796667],[92.6886078,25.1798441],[92.6871091,25.180362],[92.686405,25.1802589],[92.6860663,25.1801388],[92.6852105,25.1798354],[92.6845877,25.1796389],[92.683384,25.179536],[92.6822939,25.1798054],[92.6811926,25.180555],[92.6801739,25.1813967],[92.6787583,25.1819228],[92.6772379,25.1825444],[92.6764513,25.1824013],[92.6755596,25.1818284],[92.6744356,25.1812324],[92.6739664,25.1810202],[92.6732194,25.1804781],[92.6724089,25.1798267],[92.6718995,25.1789615],[92.6717579,25.1785959],[92.669925,25.1773756],[92.6691527,25.1769207],[92.6686277,25.1765563],[92.6685694,25.1759782],[92.6685163,25.1754519],[92.6684736,25.1748024],[92.6682279,25.1742916],[92.6679552,25.1740848],[92.667409,25.1740438],[92.6667291,25.1746438],[92.6661843,25.1753681],[92.6661246,25.1754786],[92.6658211,25.1760403],[92.6652762,25.1763922],[92.6645268,25.1766821],[92.6634752,25.1766679],[92.6622343,25.1758213],[92.6615399,25.1747674],[92.660743,25.1736643],[92.6598344,25.1729817],[92.6586533,25.1722992],[92.658427,25.1719491],[92.6584262,25.1719455],[92.6584983,25.1704308],[92.6587706,25.1695617],[92.6588002,25.1686663],[92.6584521,25.1677824],[92.6580783,25.166766],[92.657929,25.1650733],[92.6580759,25.1643047],[92.6583143,25.1620719],[92.6582484,25.1608586],[92.6582103,25.1601569],[92.6580198,25.1588374],[92.6575407,25.157428],[92.6562276,25.1554752],[92.6557598,25.1549522],[92.6542236,25.1536217],[92.6540223,25.1534592],[92.6533982,25.1529554],[92.6520883,25.152298],[92.65068,25.1520086],[92.6495577,25.1517754],[92.6486358,25.1515123],[92.6473061,25.1508903],[92.6468769,25.1506002],[92.6468187,25.1505608],[92.6462881,25.1504267],[92.6452702,25.1503003],[92.6448341,25.1504498],[92.6442094,25.1506641],[92.6435449,25.1502378],[92.6428399,25.149745],[92.6425646,25.1495526],[92.6416228,25.1489209],[92.6407246,25.1485844],[92.6393732,25.1480784],[92.638684,25.1477272],[92.638114,25.1472948],[92.6374584,25.1465834],[92.6370708,25.1458565],[92.6368106,25.1450079],[92.6362273,25.144226],[92.6355844,25.1435617],[92.6355151,25.14349],[92.6349051,25.1430216],[92.6342669,25.1427101],[92.6336181,25.1425624],[92.6328906,25.1424262],[92.6324576,25.1422186],[92.6320472,25.1418448],[92.6308422,25.1399482],[92.6305201,25.1395189],[92.6300641,25.1391243],[92.6295171,25.1387921],[92.6287877,25.1385013],[92.6283104,25.1381027],[92.6279058,25.1373762],[92.6278558,25.1368301],[92.6278374,25.1361302],[92.6278374,25.1342403],[92.6278935,25.1334557],[92.6276139,25.1326682],[92.6273529,25.1320014],[92.6273073,25.131503],[92.6272888,25.1309478],[92.6277009,25.1295862],[92.6281111,25.1286309],[92.6282479,25.1283337],[92.6287036,25.1273433],[92.6288955,25.1266891],[92.6288764,25.1261845],[92.6275105,25.1249936],[92.6269207,25.1244794],[92.6255678,25.1229614],[92.6251516,25.121396],[92.6240669,25.1192599],[92.6238509,25.1188346],[92.6230185,25.1169371],[92.6227776,25.1163874],[92.6225272,25.1158783],[92.6221785,25.1155159],[92.6214328,25.1150264],[92.6202016,25.1147147],[92.6192297,25.1146731],[92.6182771,25.11485],[92.6174283,25.1151509],[92.6163245,25.1158014],[92.6153989,25.1166053],[92.6141711,25.1177847],[92.6133854,25.118765],[92.6130864,25.1190451],[92.6123301,25.1197535],[92.6112364,25.1211034],[92.6103918,25.1217272],[92.6088977,25.1226184],[92.6066519,25.1231398],[92.6055193,25.1234016],[92.6042879,25.1234384],[92.6041615,25.1234299],[92.6018477,25.1231581],[92.601047,25.123049],[92.6002749,25.1229437],[92.5978642,25.1224999],[92.5970734,25.1223443],[92.5961362,25.1221956],[92.5954749,25.1221331],[92.5950123,25.1221997],[92.5939105,25.1238991],[92.5932246,25.1251491],[92.5928174,25.1258912],[92.5911,25.1274087],[92.589903,25.1282148],[92.5880817,25.1287836],[92.5849897,25.1283591],[92.5849212,25.1283497],[92.5832042,25.128112],[92.581695,25.128586],[92.5801649,25.1297243],[92.5797336,25.1300451],[92.5784845,25.1308986],[92.5766113,25.1309929],[92.5749985,25.1304231],[92.572657,25.1305172],[92.5712002,25.1298526],[92.5702754,25.1291143],[92.5695358,25.1285238],[92.5681831,25.1282387],[92.5673317,25.1286029],[92.5647483,25.1297078],[92.5628749,25.130134],[92.5606096,25.1303228],[92.559413,25.130085],[92.5581649,25.1287089],[92.5581136,25.1286508],[92.556865,25.1272378],[92.5553562,25.1269525],[92.5534828,25.1273311],[92.5520774,25.1281842],[92.5513575,25.1287962],[92.5505157,25.1295117],[92.5489021,25.1304121],[92.5464044,25.1307429],[92.5463522,25.1307451],[92.5441669,25.1308365],[92.543092,25.1310731],[92.5403851,25.1327318],[92.5383553,25.1334897],[92.5364818,25.133868],[92.53475,25.1337593],[92.5341924,25.1337243],[92.5324749,25.1340079],[92.5307574,25.1344812],[92.5284532,25.134702],[92.5270184,25.1348395],[92.5268246,25.1348581],[92.524899,25.1351889],[92.524222,25.135805],[92.5238049,25.1368009],[92.5239079,25.1381291],[92.5238508,25.1382273],[92.5234389,25.1389352],[92.52245,25.1392191],[92.5216175,25.1390288],[92.5212152,25.1386467],[92.5208215,25.1376367],[92.5206394,25.13695],[92.5206713,25.136476],[92.5213025,25.1355358],[92.5222958,25.1340061],[92.5224906,25.1337059],[92.522651,25.1330339],[92.5227886,25.1321186],[92.5226296,25.1312864],[92.5226303,25.1303919],[92.5228138,25.1293726],[92.522861,25.1281033],[92.5230979,25.1259708],[92.5239615,25.124592],[92.5249954,25.122893],[92.5260097,25.1216662],[92.5268289,25.1207184],[92.5271059,25.1203979],[92.5283158,25.1188362],[92.5285324,25.1185427],[92.5286364,25.1184019],[92.5287225,25.1182025],[92.5287646,25.1181049],[92.5288878,25.1178195],[92.5290261,25.1160248],[92.5289414,25.1153781],[92.5290699,25.1150615],[92.5293945,25.1147238],[92.5295347,25.1146292],[92.5304005,25.1140445],[92.5306926,25.1137112],[92.5325704,25.1111313],[92.5336138,25.1097385],[92.5342126,25.1089999],[92.5348427,25.1081134],[92.5352835,25.1071001],[92.5355833,25.1062399],[92.5363279,25.1049138],[92.5370471,25.1036497],[92.5371816,25.1034371],[92.5375183,25.1029049],[92.537717,25.1020695],[92.5383864,25.1013473],[92.5389072,25.1004896],[92.5393786,25.0992931],[92.5394233,25.0990541],[92.5388535,25.098714],[92.5380668,25.0986072],[92.5339569,25.0989843],[92.5305226,25.1003103],[92.5297934,25.1014482],[92.5296805,25.1020027],[92.5295348,25.1027176],[92.5292223,25.1032865],[92.5278172,25.1039972],[92.5256318,25.1045175],[92.5230304,25.1048478],[92.5211052,25.1052734],[92.5199494,25.1059366],[92.5183885,25.1061726],[92.5165684,25.1054598],[92.5149042,25.1048419],[92.5120434,25.1044129],[92.5089222,25.1042207],[92.5059045,25.1047401],[92.5036142,25.1059716],[92.5004389,25.1079613],[92.4969598,25.1095058],[92.4969589,25.1095061],[92.4969579,25.1095064],[92.4969566,25.1095065],[92.4964857,25.1094921],[92.4960197,25.1094688],[92.4956629,25.1094185],[92.4953655,25.1093412],[92.4949197,25.1091825],[92.4945879,25.1090285],[92.4930331,25.1081682],[92.4925774,25.1079598],[92.4922802,25.1078599],[92.491968,25.1077827],[92.4915814,25.1077369],[92.4910165,25.1076907],[92.4902877,25.1076895],[92.4895043,25.1077738],[92.4885521,25.1079527],[92.486216,25.1084767],[92.4855168,25.1085928],[92.4849813,25.1086551],[92.4843813,25.1086901],[92.4837121,25.1087025],[92.481858,25.1086946],[92.4813029,25.108662],[92.481169,25.1086437],[92.4809659,25.1085757],[92.4807976,25.108467],[92.4806294,25.1083087],[92.4803823,25.1079607],[92.4800664,25.1073553],[92.4795287,25.1061266],[92.479307,25.1055349],[92.4788146,25.1040174],[92.4786125,25.1034483],[92.4784005,25.1029379],[92.4778235,25.1016098],[92.4775671,25.1009458],[92.477459,25.1005259],[92.4774301,25.1001917],[92.4774454,25.0999751],[92.477464,25.0983006],[92.4775682,25.0969116],[92.4777315,25.096139],[92.4777772,25.095629],[92.4777201,25.0945456],[92.4775741,25.0933538],[92.4773688,25.0920354],[92.4773301,25.0915704],[92.4773281,25.0914806],[92.4773121,25.0907805],[92.4773572,25.0905503],[92.477427,25.0903429],[92.4775565,25.0900948],[92.4778646,25.0896846],[92.4782273,25.0893016],[92.4783567,25.0891078],[92.4784215,25.0889138],[92.4784177,25.0884083],[92.4784578,25.0881871],[92.4785276,25.0879842],[92.478672,25.0877361],[92.4790644,25.0873036],[92.4792732,25.0870331],[92.4793329,25.0869114],[92.4794129,25.0866137],[92.4793783,25.0865413],[92.479225,25.0863876],[92.4790766,25.086288],[92.4786706,25.0860751],[92.4783982,25.0859663],[92.4778586,25.08569],[92.4777349,25.0856085],[92.4775799,25.085478],[92.4775468,25.0854502],[92.4773837,25.0852874],[92.4771563,25.0850071],[92.4769246,25.0844695],[92.4768852,25.084325],[92.4768708,25.0840768],[92.4769063,25.0837699],[92.4769312,25.0836842],[92.476981,25.0835985],[92.4772356,25.0833358],[92.4773784,25.0831885],[92.4775921,25.0829226],[92.4776121,25.0828549],[92.4776222,25.0827512],[92.4775781,25.0825524],[92.4774444,25.0824619],[92.4772613,25.0823713],[92.4771474,25.082344],[92.4766618,25.0822935],[92.4762156,25.0823062],[92.4751154,25.082259],[92.4746644,25.0822266],[92.4741691,25.0820902],[92.4741099,25.0819728],[92.4740854,25.0818509],[92.4741255,25.0816568],[92.4742051,25.0815261],[92.4745477,25.0812198],[92.4751833,25.0807199],[92.4752827,25.0806118],[92.4753821,25.0804676],[92.4756261,25.0799761],[92.4757659,25.0794527],[92.4758466,25.078848],[92.4757633,25.0784371],[92.4756597,25.0781841],[92.4755313,25.0779943],[92.4753485,25.0777683],[92.4752198,25.0776914],[92.4751059,25.077646],[92.4747789,25.0775641],[92.4744659,25.0775466],[92.4733675,25.0770831],[92.4729171,25.0768339],[92.4727289,25.0767659],[92.4726149,25.0767567],[92.4724464,25.0767789],[92.47199,25.0769406],[92.471757,25.0769988],[92.4715339,25.0770255],[92.4712712,25.077025],[92.471083,25.0769795],[92.4708504,25.0768527],[92.4707564,25.0767622],[92.4706725,25.0765996],[92.4706184,25.0763963],[92.4706139,25.0762248],[92.4706439,25.0760985],[92.4707334,25.0759452],[92.4708626,25.0758326],[92.4712594,25.0756483],[92.4714432,25.0755313],[92.4716218,25.0753916],[92.4717759,25.0752385],[92.4718553,25.0751213],[92.471945,25.0749499],[92.4719849,25.0748281],[92.47202,25.0746296],[92.4720016,25.0740293],[92.4719629,25.0736004],[92.4719185,25.0734874],[92.4718444,25.0733745],[92.4717406,25.0732749],[92.4714141,25.0730306],[92.471335,25.0729447],[92.4712807,25.0728363],[92.4712314,25.0727098],[92.4711972,25.0725021],[92.4711786,25.0719379],[92.4712836,25.0715047],[92.4714082,25.0712251],[92.4715126,25.0710538],[92.4717562,25.0707563],[92.4723433,25.070152],[92.472382,25.0701121],[92.4723803,25.0686947],[92.4723269,25.0682297],[92.4721253,25.0674845],[92.4720267,25.0672542],[92.4718836,25.0670282],[92.4717352,25.0668745],[92.4714383,25.0666754],[92.4712056,25.0665801],[92.470755,25.0664303],[92.4704231,25.066362],[92.4694075,25.0662382],[92.4693008,25.0662188],[92.4686793,25.0661059],[92.4685704,25.0660651],[92.4685258,25.0660334],[92.4684271,25.0658888],[92.4683926,25.0657804],[92.4683241,25.0654146],[92.4682057,25.0651481],[92.467712,25.0643257],[92.467559,25.0640772],[92.4674157,25.0639009],[92.4672526,25.0637335],[92.4668866,25.0633943],[92.4666692,25.0631366],[92.4665358,25.0629287],[92.466151,25.0621922],[92.4660721,25.0620025],[92.4660132,25.0617722],[92.4659038,25.0612579],[92.4657779,25.0606659],[92.4657486,25.0604536],[92.4657102,25.05993],[92.4656371,25.0594108],[92.4655583,25.0591488],[92.4653513,25.0586745],[92.4652179,25.0585027],[92.4650894,25.0583942],[92.464926,25.05829],[92.4646488,25.0581721],[92.4644705,25.0581312],[92.464307,25.0581218],[92.4637271,25.0581749],[92.4636528,25.0581522],[92.4635738,25.0580798],[92.4635393,25.0579759],[92.4635544,25.0578812],[92.4636539,25.0577053],[92.463982,25.0572456],[92.4640338,25.0571537],[92.4641114,25.0570156],[92.4642509,25.0566593],[92.464331,25.0563119],[92.4643218,25.0560229],[92.4642482,25.0557249],[92.4641003,25.0553861],[92.4639174,25.0551781],[92.4636554,25.0549429],[92.4633486,25.0547392],[92.4632546,25.0546893],[92.4631307,25.0546621],[92.4629771,25.0546527],[92.4627988,25.0546704],[92.4623225,25.0549043],[92.4620793,25.0550753],[92.4619452,25.0552104],[92.4617961,25.0553771],[92.4614978,25.0558054],[92.4609855,25.0566168],[92.4607569,25.0569098],[92.4605482,25.0571486],[92.4604539,25.0572297],[92.4603597,25.0572746],[92.4602258,25.0572879],[92.460097,25.057247],[92.4599634,25.0571655],[92.4598546,25.0570705],[92.459736,25.0569349],[92.4594595,25.0565281],[92.4590844,25.0558999],[92.458951,25.0557056],[92.4587534,25.055466],[92.4584469,25.0551585],[92.4576753,25.0545341],[92.4574427,25.0544253],[92.4572052,25.0542759],[92.4569778,25.0540678],[92.4569533,25.0539234],[92.4569787,25.0537067],[92.4570831,25.0535083],[92.457193,25.0531519],[92.4572982,25.0526692],[92.4573735,25.0522946],[92.4573644,25.0519561],[92.4571868,25.0495003],[92.4570609,25.0482678],[92.4569629,25.0477666],[92.4569197,25.0472159],[92.4569601,25.0469],[92.4570498,25.0466699],[92.4571741,25.0465167],[92.4572882,25.0464221],[92.4574122,25.0463727],[92.4575807,25.0463685],[92.457744,25.0464456],[92.4579715,25.0466582],[92.4581592,25.0469023],[92.4584554,25.0473814],[92.4587024,25.0476933],[92.4588804,25.0478426],[92.4591822,25.0480417],[92.4601471,25.0485853],[92.4605135,25.0487259],[92.460776,25.048758],[92.4611873,25.0487317],[92.4615741,25.0486287],[92.4619906,25.0484896],[92.4621891,25.04835],[92.4623829,25.0481293],[92.4624976,25.0477909],[92.4624589,25.0473936],[92.4623608,25.0469691],[92.4622281,25.046495],[92.462204,25.0462105],[92.4622888,25.0459715],[92.4624281,25.0457055],[92.4626567,25.045417],[92.4629098,25.0452415],[92.4633365,25.0450256],[92.4637035,25.0448864],[92.4638822,25.0447062],[92.4640513,25.0444221],[92.464291,25.0436237],[92.4643265,25.0432942],[92.4643619,25.0429648],[92.4643381,25.0425856],[92.4642747,25.0421296],[92.4640431,25.0415423],[92.4638852,25.0412532],[92.4634116,25.0403901],[92.4632289,25.040128],[92.4630561,25.0398884],[92.4629971,25.0396582],[92.4629825,25.0395813],[92.4630377,25.039261],[92.463162,25.0390491],[92.4633758,25.0387019],[92.4639071,25.0382561],[92.464046,25.0381525],[92.4641702,25.0380083],[92.4642447,25.0379047],[92.4643049,25.0376159],[92.4642855,25.0374354],[92.4635773,25.0373256],[92.4627649,25.0372248],[92.4616852,25.0371098],[92.4602585,25.0370213],[92.4598076,25.037043],[92.4595195,25.0373133],[92.4586301,25.0384084],[92.4580645,25.0387322],[92.4574298,25.0389567],[92.4554168,25.0395847],[92.4545344,25.0397499],[92.4540631,25.0400108],[92.453264,25.0405734],[92.4527681,25.040753],[92.4519604,25.040819],[92.4513163,25.0408223],[92.4504002,25.0406038],[92.449578,25.0405028],[92.4490725,25.040565],[92.448745,25.0407359],[92.4481384,25.0416193],[92.4478639,25.0424403],[92.4475207,25.0429947],[92.4473067,25.0433329],[92.447004,25.0435443],[92.4466371,25.0436384],[92.4459434,25.0436505],[92.4454479,25.0436766],[92.4453484,25.0438298],[92.4453523,25.0442632],[92.4451633,25.0445516],[92.4447609,25.0449796],[92.4442996,25.0451909],[92.4435413,25.045266],[92.4425305,25.0452413],[92.4416888,25.045032],[92.4401441,25.0445323],[92.4389409,25.0442093],[92.4385053,25.044073],[92.4382779,25.0438694],[92.4382491,25.0434811],[92.4387784,25.0418573],[92.4389692,25.0408331],[92.4390157,25.0400794],[92.4390635,25.0388021],[92.4388318,25.0375943],[92.4387125,25.0365174],[92.4385224,25.0353119],[92.4383205,25.0348149],[92.4381921,25.0346477],[92.4362104,25.0346299],[92.4334993,25.0350259],[92.432627,25.0351685],[92.4322307,25.0351316],[92.4318795,25.0348915],[92.4313723,25.0336989],[92.4306836,25.0318332],[92.4296286,25.0297998],[92.4292538,25.029149],[92.4290063,25.0290536],[92.4262258,25.0295081],[92.4254541,25.0295503],[92.4252767,25.02956],[92.4252812,25.029506],[92.4253496,25.0294335],[92.4255392,25.0291349],[92.4257393,25.0288055],[92.4258474,25.0286228],[92.4258435,25.0280218],[92.4258428,25.0271636],[92.4258442,25.0257221],[92.425852,25.0250063],[92.4258567,25.0247468],[92.4258802,25.0231861],[92.4259053,25.02145],[92.4259217,25.0200617],[92.4257964,25.0196742],[92.4247876,25.0192736],[92.4246673,25.019268],[92.4245925,25.0192998],[92.4245488,25.0193515],[92.4242535,25.0191264],[92.4243303,25.0163589],[92.4243917,25.0142427],[92.424558,25.0138986],[92.4248702,25.0133127],[92.4244249,25.0113077],[92.4242605,25.0106819],[92.4241587,25.0096246],[92.4241987,25.0094924],[92.4240459,25.0088507],[92.423882,25.0083636],[92.4232844,25.0066125],[92.4229135,25.0055523],[92.4226982,25.0049414],[92.4223314,25.0042017],[92.4220144,25.0035926],[92.4219271,25.0034248],[92.4213979,25.0023939],[92.4213484,25.0022938],[92.4207966,25.0011773],[92.4204609,25.0004451],[92.4202699,25.0000283],[92.4189795,24.9972076],[92.4184902,24.9961285],[92.417459,24.9938326],[92.4167746,24.9923701],[92.4165263,24.9918132],[92.4163751,24.9903774],[92.4163468,24.989923],[92.4165303,24.9899435],[92.4168704,24.989985],[92.4172323,24.990036],[92.4181217,24.9902256],[92.4183434,24.9902927],[92.4184293,24.9903078],[92.4186449,24.9903325],[92.4188762,24.990357],[92.4194007,24.9904001],[92.4197973,24.9904005],[92.4198809,24.9903971],[92.4201962,24.9903843],[92.4204107,24.99035],[92.4205062,24.9903294],[92.4206761,24.9902746],[92.4210231,24.9901246],[92.4211745,24.9900488],[92.421253,24.9899601],[92.4213992,24.9897568],[92.4220439,24.9885669],[92.4220812,24.9884907],[92.4221242,24.9881852],[92.4221595,24.9877546],[92.4221715,24.9875772],[92.4221385,24.9869729],[92.4220801,24.986377],[92.4220599,24.9861709],[92.4220159,24.9856614],[92.4219823,24.9847736],[92.4219869,24.9842372],[92.4219725,24.9835286],[92.4219441,24.9828983],[92.42192,24.9824758],[92.4219046,24.9822303],[92.4218737,24.9818552],[92.4217947,24.980902],[92.4217552,24.9804916],[92.4216859,24.9798903],[92.4216129,24.9793552],[92.4212981,24.9772625],[92.4212518,24.9770246],[92.4210956,24.9762263],[92.4207584,24.9741472],[92.4206391,24.973406],[92.4205075,24.9727045],[92.4202061,24.9714383],[92.4199049,24.9701707],[92.4196357,24.968784],[92.419598,24.9685301],[92.4195678,24.9678873],[92.4195707,24.9676571],[92.4195986,24.9675224],[92.4199337,24.9665997],[92.4200626,24.9662628],[92.4201325,24.9661256],[92.4202168,24.966037],[92.4203335,24.9659462],[92.4204586,24.9658917],[92.4210199,24.9656477],[92.421241,24.965574],[92.4230093,24.9649446],[92.4236956,24.9648397],[92.4241976,24.9648592],[92.4245613,24.964874],[92.4247663,24.9648869],[92.4256947,24.964995],[92.4270064,24.9651825],[92.4285166,24.9653273],[92.4287057,24.9653101],[92.4288618,24.9653098],[92.4294898,24.9653598],[92.432672,24.9656744],[92.4377336,24.9661668],[92.438342,24.9662236],[92.4387032,24.9662515],[92.4406954,24.9662484],[92.4420776,24.9661933],[92.4435367,24.9658109],[92.4441605,24.9656288],[92.4442656,24.9656001],[92.4445283,24.965534],[92.4449277,24.9654347],[92.4456741,24.9652505],[92.446293,24.9651398],[92.4470589,24.9650901],[92.4478973,24.9650681],[92.4492358,24.9654266],[92.4495082,24.9655221],[92.4496424,24.9655738],[92.4513059,24.9664275],[92.4516693,24.9666312],[92.4517849,24.9667024],[92.4522496,24.9670046],[92.4528505,24.9674527],[92.4539982,24.9684127],[92.4543646,24.9687442],[92.4545354,24.968932],[92.4547318,24.9691289],[92.4553157,24.9695754],[92.4557737,24.9698584],[92.456152,24.9700657],[92.456709,24.9703335],[92.45715,24.970509],[92.4574643,24.9705845],[92.4576252,24.970601],[92.4578107,24.9705766],[92.4589922,24.9703907],[92.4592738,24.9703127],[92.4603414,24.9699322],[92.460486,24.9698739],[92.4605883,24.9698144],[92.4606587,24.9697438],[92.4613872,24.9690032],[92.462248,24.9680679],[92.4624151,24.967878],[92.4625978,24.9676754],[92.463289,24.9669301],[92.4634968,24.9667291],[92.4641663,24.9661483],[92.4643591,24.9659933],[92.4653972,24.9651631],[92.4656889,24.9649378],[92.4659121,24.9648218],[92.4660907,24.9647059],[92.4662247,24.964619],[92.4665396,24.964412],[92.4675208,24.963697],[92.4679945,24.963238],[92.4681641,24.9630375],[92.4681821,24.9630115],[92.468357,24.9626915],[92.4684495,24.962426],[92.4685058,24.9621757],[92.4685215,24.9619407],[92.4685159,24.9616707],[92.4684974,24.9612201],[92.4684563,24.9603336],[92.468427,24.9601305],[92.4683654,24.9599113],[92.4682415,24.9596516],[92.4679378,24.9590709],[92.4677569,24.9588101],[92.4673657,24.9582995],[92.4672651,24.9581766],[92.467116,24.9580192],[92.466783,24.9576758],[92.4666247,24.9575165],[92.466155,24.9570675],[92.4658021,24.9568637],[92.4642652,24.956059],[92.4637035,24.9558962],[92.4630519,24.9557218],[92.4617871,24.9553938],[92.4614295,24.9553122],[92.4595769,24.9551511],[92.4576136,24.9549897],[92.4567856,24.954835],[92.4565873,24.9547814],[92.4561707,24.9546351],[92.4547473,24.9540676],[92.4537311,24.9536487],[92.4536046,24.9535785],[92.4533848,24.9534156],[92.4530154,24.9531085],[92.4526114,24.952758],[92.4516432,24.9518691],[92.4503899,24.9506782],[92.4503089,24.9505985],[92.4499056,24.9501669],[92.4497408,24.9499877],[92.4497267,24.9499664],[92.4496257,24.9497734],[92.448566,24.9477014],[92.4482523,24.9469074],[92.4479885,24.9454575],[92.4479499,24.9449519],[92.4479281,24.9438356],[92.4479554,24.9433646],[92.4480068,24.9427095],[92.4480409,24.9423459],[92.4480647,24.9421492],[92.4480883,24.9420623],[92.4484788,24.9407873],[92.4489085,24.9392837],[92.449022,24.9389526],[92.4490899,24.9388797],[92.4492658,24.9387648],[92.4493157,24.938741],[92.4493483,24.9387254],[92.4496998,24.9385949],[92.4499578,24.9385377],[92.4504425,24.9384704],[92.4517438,24.9384966],[92.45298,24.9385113],[92.453117,24.9385301],[92.4534123,24.9385947],[92.4537776,24.9386897],[92.4540852,24.93879],[92.4553808,24.9392131],[92.4563176,24.939522],[92.4581232,24.9400946],[92.4603839,24.9406235],[92.4612001,24.9408057],[92.4629322,24.9411812],[92.4633877,24.9412683],[92.4643137,24.9413917],[92.4646059,24.9414162],[92.4649861,24.9414455],[92.4657231,24.9414919],[92.4679754,24.9415806],[92.4707278,24.9416085],[92.4723691,24.9415893],[92.4736253,24.9416289],[92.4755531,24.9417835],[92.4773782,24.9423433],[92.4785524,24.9427833],[92.4788061,24.9429584],[92.4790506,24.9431295],[92.479399,24.9434022],[92.4797833,24.943725],[92.4802084,24.9441209],[92.4805947,24.9445429],[92.4808031,24.944761],[92.4816453,24.945608],[92.4819382,24.9458817],[92.4829155,24.9467665],[92.4832075,24.9469979],[92.4834426,24.9471649],[92.4836117,24.9472781],[92.4840624,24.9474519],[92.4846261,24.9476026],[92.4849587,24.9476729],[92.4853397,24.9477254],[92.4855502,24.9477112],[92.4859132,24.9476816],[92.4868096,24.9474613],[92.4870026,24.9473903],[92.4871786,24.9472754],[92.4872583,24.9472106],[92.4873288,24.9471503],[92.487496,24.9469489],[92.4876174,24.9467715],[92.4876797,24.94665],[92.4877127,24.9465671],[92.4877899,24.946268],[92.4878189,24.9461324],[92.4878271,24.9460799],[92.4879663,24.9449578],[92.4879745,24.9447951],[92.4879744,24.9446789],[92.4879388,24.9443058],[92.4879087,24.9440825],[92.487904,24.9440558],[92.4878613,24.943813],[92.4877624,24.9435106],[92.48763,24.9431582],[92.4874771,24.9428272],[92.4873851,24.9426345],[92.4871559,24.9421971],[92.487094,24.9420844],[92.4869791,24.9418756],[92.4867948,24.9415403],[92.4865072,24.9409667],[92.4863529,24.9405618],[92.4862524,24.9402975],[92.4860411,24.9397183],[92.4858531,24.9391451],[92.4857944,24.9389637],[92.4857374,24.9387878],[92.4856551,24.938534],[92.4849052,24.9362242],[92.4845683,24.9349159],[92.4842535,24.9340168],[92.4841217,24.9334939],[92.4839261,24.9318929],[92.4838205,24.9306375],[92.4838173,24.9305636],[92.4839211,24.9291899],[92.4839523,24.9288634],[92.4839883,24.9285262],[92.4840018,24.928455],[92.4843053,24.9278746],[92.4846097,24.9268899],[92.48471,24.9264656],[92.4848319,24.9260364],[92.4848845,24.9258619],[92.4855636,24.9244571],[92.4862063,24.9231224],[92.4871929,24.9212428],[92.4873604,24.9209395],[92.4875623,24.9206221],[92.4877095,24.920458],[92.4881535,24.9200866],[92.4883408,24.91994],[92.4884877,24.9198408],[92.4886758,24.9197334],[92.4894983,24.9193388],[92.4905883,24.9188293],[92.4919502,24.9181884],[92.4923611,24.9179729],[92.4932295,24.9174749],[92.4934337,24.9173475],[92.4935297,24.9172689],[92.4942121,24.9165031],[92.4945695,24.9159159],[92.4946035,24.91586],[92.4947318,24.9155102],[92.494824,24.9151825],[92.4949072,24.9147294],[92.4949815,24.9141684],[92.4950136,24.9137436],[92.4950062,24.9134963],[92.4949791,24.9133338],[92.494938,24.9131184],[92.4949036,24.913015],[92.4943255,24.9117347],[92.4936883,24.9103063],[92.4936587,24.9102282],[92.4933382,24.9093621],[92.4930977,24.9086315],[92.493073,24.9084827],[92.4929107,24.9074132],[92.4928791,24.9069326],[92.4928756,24.9063533],[92.4928812,24.9062118],[92.4928942,24.9061095],[92.4931468,24.9049071],[92.4931706,24.9048124],[92.4932193,24.9046662],[92.4934142,24.9044095],[92.4935694,24.9042143],[92.4937067,24.9040667],[92.4937105,24.9040626],[92.4937666,24.9040028],[92.4937779,24.9039907],[92.4938666,24.9039211],[92.4942228,24.9036413],[92.4944624,24.9034623],[92.4946181,24.9033908],[92.4947937,24.9033446],[92.4949081,24.9033603],[92.4949726,24.9033928],[92.4949908,24.903402],[92.4952877,24.9032849],[92.4954626,24.9032072],[92.4958116,24.9030067],[92.4959807,24.9028585],[92.4966983,24.9021645],[92.4967516,24.9017295],[92.4967388,24.901117],[92.4967007,24.9008388],[92.4966626,24.9007668],[92.4961439,24.9002652],[92.4958149,24.8999803],[92.4955111,24.8996615],[92.494703,24.8988076],[92.4940834,24.8980092],[92.4942844,24.8976345],[92.4941682,24.8970219],[92.4936296,24.896391],[92.4925136,24.8943913],[92.4919192,24.8932793],[92.4918363,24.8931138],[92.4916975,24.8928005],[92.491277,24.891778],[92.491158,24.8914643],[92.4911008,24.8908417],[92.4910822,24.8905826],[92.4910911,24.8904034],[92.4911101,24.8900189],[92.4911821,24.8894407],[92.4911856,24.8894122],[92.4912463,24.8890451],[92.4915403,24.8874286],[92.4918028,24.8864489],[92.4918481,24.8861886],[92.4919294,24.8856482],[92.4919353,24.8855093],[92.491924,24.8848638],[92.4919125,24.8844175],[92.4919068,24.8827723],[92.4919758,24.8824876],[92.4919578,24.8823652],[92.4917321,24.8813815],[92.4916093,24.8809874],[92.4913857,24.8802069],[92.4912591,24.8797425],[92.4912547,24.879638],[92.4913099,24.8791121],[92.4913684,24.8789562],[92.4914337,24.8788122],[92.4918455,24.8780508],[92.491985,24.8778549],[92.491989,24.8778492],[92.4921971,24.8770471],[92.4922931,24.8760458],[92.4923138,24.8757719],[92.492303,24.8755729],[92.4922745,24.8754749],[92.4922342,24.8754474],[92.4912581,24.8745231],[92.4905709,24.8737124],[92.4904221,24.8735378],[92.4899265,24.8729558],[92.4896282,24.8726157],[92.489573,24.8725598],[92.4894334,24.8729473],[92.4893587,24.873169],[92.4893472,24.8732031],[92.4889062,24.873095],[92.4878692,24.8728341],[92.487893,24.8720843],[92.4879226,24.8713097],[92.4872038,24.8714455],[92.4866219,24.8715637],[92.4862512,24.8716423],[92.4855739,24.8717736],[92.4850311,24.8718722],[92.4829002,24.8721102],[92.4823749,24.8721497],[92.4819135,24.8721653],[92.4808554,24.8721855],[92.4806122,24.8721935],[92.4805421,24.8725211],[92.4804949,24.8727552],[92.4799923,24.8726862],[92.4792993,24.8724629],[92.479205,24.8724285],[92.4787484,24.8721765],[92.4784874,24.8720235],[92.4779419,24.8715947],[92.477891,24.87155],[92.477531,24.871135],[92.4770371,24.8704794],[92.4769845,24.8701598],[92.4769442,24.8698209],[92.4764786,24.8687304],[92.4764742,24.8687175],[92.4762881,24.8681702],[92.4758961,24.8674823],[92.4756293,24.8676368],[92.4751575,24.8679087],[92.4741846,24.8683973],[92.473495,24.8686866],[92.4708739,24.8697658],[92.4698708,24.8701509],[92.4685986,24.8705512],[92.4675795,24.8708008],[92.4665094,24.8712247],[92.4653537,24.8717451],[92.4650752,24.8718614],[92.4644068,24.8721352],[92.4640493,24.8722649],[92.4617227,24.8729711],[92.461478,24.8730447],[92.4613037,24.8730838],[92.4609959,24.8731419],[92.4606451,24.8731931],[92.4601852,24.8732447],[92.4600976,24.8732462],[92.4595815,24.8732174],[92.4588733,24.8731648],[92.4579481,24.8730857],[92.4575191,24.8730328],[92.4572371,24.8729803],[92.4545989,24.8724362],[92.4527532,24.8720262],[92.4525723,24.8719856],[92.4522059,24.8719241],[92.4519941,24.8719126],[92.450729,24.8718514],[92.4505356,24.8718486],[92.450354,24.8718511],[92.4500962,24.8718547],[92.448121,24.8719743],[92.4472453,24.8720526],[92.4468852,24.8720543],[92.4463268,24.8720563],[92.4451236,24.8720376],[92.4450277,24.8720347],[92.4448002,24.8719798],[92.4443756,24.8718183],[92.4430622,24.8710961],[92.4429578,24.8710014],[92.4424541,24.8705277],[92.4419462,24.8699304],[92.4418526,24.8697963],[92.4417633,24.8696336],[92.4411416,24.8684791],[92.4410911,24.8683518],[92.4410577,24.8672867],[92.4411313,24.866767],[92.4412467,24.866028],[92.4413509,24.8654685],[92.4413685,24.8651984],[92.4414035,24.8646522],[92.4414207,24.8643595],[92.4414448,24.8628774],[92.4414496,24.8625427],[92.4414375,24.8623575],[92.4411998,24.8610789],[92.4411542,24.8608656],[92.4411407,24.8608122],[92.4410643,24.8605099],[92.4406397,24.8590566],[92.4405318,24.8587887],[92.4401625,24.8580172],[92.4400573,24.8578005],[92.4397908,24.8574538],[92.439315,24.8568876],[92.4390891,24.8566654],[92.4389059,24.8565133],[92.4386528,24.8563337],[92.4375912,24.8557187],[92.4368413,24.8555627],[92.4342507,24.8551395],[92.433071,24.8550495],[92.4315758,24.854879],[92.4302351,24.8546711],[92.4301174,24.854649],[92.4300142,24.8546116],[92.4297543,24.8545044],[92.4290004,24.8541494],[92.4288317,24.8540574],[92.4285941,24.8539122],[92.4283265,24.8537479],[92.4271368,24.8530838],[92.4269331,24.8529772],[92.4266888,24.852906],[92.4262016,24.8528343],[92.4259239,24.8528225],[92.4257289,24.8528212],[92.4254024,24.8528494],[92.4251784,24.8528833],[92.4250469,24.8529157],[92.4243093,24.8531136],[92.4231794,24.8535246],[92.422626,24.8537676],[92.4224034,24.8538678],[92.4223649,24.8538897],[92.4222123,24.8539765],[92.4218764,24.8541902],[92.4202336,24.8552128],[92.4199609,24.8553696],[92.4196509,24.8555573],[92.4190558,24.8559486],[92.4186518,24.8562283],[92.4181669,24.8565892],[92.4179763,24.856722],[92.4175803,24.8569895],[92.4173229,24.8571557],[92.4172639,24.8571938],[92.4169958,24.8573324],[92.4165146,24.8575546],[92.4161362,24.8577132],[92.4161128,24.8577228],[92.4158064,24.857848],[92.414935,24.8581917],[92.4146596,24.8582988],[92.4143968,24.8583711],[92.4138853,24.8584837],[92.41352,24.8585532],[92.4131936,24.8585911],[92.4120516,24.8587112],[92.4111086,24.8588083],[92.4102853,24.858901],[92.4091937,24.8590361],[92.4090193,24.8590586],[92.4087609,24.859081],[92.4079816,24.8591182],[92.4075098,24.8591111],[92.4063734,24.8589406],[92.4058609,24.8587958],[92.405575,24.8586802],[92.404781,24.8583144],[92.4046651,24.858211],[92.4044652,24.8580293],[92.404299,24.8578004],[92.4032962,24.8563246],[92.4031062,24.8559773],[92.4029894,24.8557475],[92.4028718,24.8553944],[92.4027561,24.8542333],[92.4027507,24.8538873],[92.4027625,24.8535726],[92.4027773,24.8533241],[92.4028004,24.8531582],[92.4029247,24.8523708],[92.4030052,24.8519466],[92.4030991,24.8512078],[92.4030623,24.8504441],[92.4030451,24.8502457],[92.4029491,24.8500227],[92.4029274,24.8499724],[92.4027784,24.849698],[92.4024581,24.8492671],[92.402307,24.8491342],[92.4021045,24.8489856],[92.4018923,24.8488462],[92.4017455,24.8487644],[92.4015875,24.8486964],[92.4014314,24.8486448],[92.4012514,24.8486283],[92.4012405,24.8486277],[92.401045,24.8486167],[92.400951,24.8486168],[92.4000959,24.8486507],[92.3999253,24.8486942],[92.3997141,24.8487699],[92.3995082,24.8488621],[92.3992336,24.8489856],[92.3987902,24.849154],[92.3982173,24.8493667],[92.3967638,24.8499026],[92.3963936,24.8500262],[92.3950098,24.8505037],[92.3948019,24.8505794],[92.3943132,24.8506297],[92.3936612,24.8506798],[92.391509,24.8508316],[92.3910545,24.8508632],[92.3900153,24.8509272],[92.3887614,24.851068],[92.3876382,24.8512106],[92.3873622,24.8512604],[92.3869816,24.85136],[92.3861083,24.8516409],[92.3857711,24.8517692],[92.3853482,24.8519755],[92.3853234,24.851993],[92.3851791,24.8520942],[92.3849385,24.8522682],[92.3845465,24.8526193],[92.384272,24.853161],[92.3841665,24.8534908],[92.3841258,24.8536795],[92.3841135,24.8539716],[92.3840994,24.854339],[92.3841201,24.8545508],[92.3841288,24.8546059],[92.3841541,24.8547669],[92.3843409,24.8552844],[92.3844148,24.8555164],[92.3845104,24.8558428],[92.3845491,24.8560498],[92.3845294,24.8563796],[92.3843398,24.857457],[92.384274,24.8577109],[92.3841584,24.8581131],[92.384054,24.8583375],[92.3838709,24.8585798],[92.3836453,24.8588453],[92.383396,24.8590797],[92.3831246,24.8592783],[92.3822342,24.8598603],[92.3819647,24.8599942],[92.3811228,24.8603633],[92.3796395,24.8611523],[92.3792035,24.8614499],[92.3783111,24.8621012],[92.3780808,24.8622961],[92.3778289,24.8625636],[92.3776387,24.8627849],[92.377564,24.8629276],[92.3774768,24.8631006],[92.3774452,24.8632531],[92.377423,24.8636266],[92.3774175,24.8637681],[92.3773642,24.8654767],[92.3773693,24.8658167],[92.3773862,24.8660842],[92.377426,24.8668373],[92.3774196,24.8680035],[92.3774134,24.8683572],[92.3773712,24.8686378],[92.3772998,24.8690286],[92.3770055,24.8705637],[92.3769533,24.8707572],[92.3768567,24.8709574],[92.3765664,24.8714497],[92.3762584,24.8719709],[92.3760004,24.8723607],[92.3758918,24.8725246],[92.3748634,24.873804],[92.3747377,24.8739521],[92.3743954,24.8742391],[92.3737952,24.8745771],[92.3732563,24.8748478],[92.3726974,24.8749398],[92.3723119,24.8749628],[92.3716826,24.8749145],[92.3712422,24.8748345],[92.3709076,24.8747588],[92.3707018,24.8746975],[92.3702022,24.8745388],[92.3699177,24.8744111],[92.3696946,24.8743049],[92.3692605,24.8740413],[92.3690145,24.8738618],[92.3687895,24.8736624],[92.3685811,24.8734642],[92.368086,24.8730361],[92.3679256,24.8729289],[92.3674308,24.8726813],[92.3670788,24.8725102],[92.3661803,24.8720836],[92.3656472,24.8719795],[92.3646414,24.8718291],[92.3643785,24.8717928],[92.3642595,24.8717783],[92.3641245,24.8717925],[92.3635655,24.87188],[92.3634012,24.8719113],[92.3631652,24.8720702],[92.3629951,24.8722264],[92.3627326,24.8727122],[92.3623184,24.8735316],[92.3622825,24.873633],[92.3622101,24.8738944],[92.362143,24.8743364],[92.3620581,24.8752962],[92.3619085,24.8763158],[92.3616814,24.877591],[92.3616442,24.8777104],[92.3614963,24.8779897],[92.3613221,24.8781867],[92.3608779,24.8784949],[92.3606691,24.8786127],[92.3600119,24.8788237],[92.3597348,24.8789065],[92.3595042,24.8789208],[92.3593193,24.8789133],[92.3590775,24.8788631],[92.358775,24.8787447],[92.3585654,24.8786564],[92.3581838,24.8785408],[92.357919,24.8784955],[92.35731,24.8783957],[92.3569635,24.8783864],[92.3566767,24.8783986],[92.3562754,24.8784534],[92.355929,24.8785373],[92.3556596,24.8786167],[92.3556207,24.8786281],[92.3552621,24.8787604],[92.3550004,24.8788685],[92.3544735,24.8793331],[92.3543574,24.8794674],[92.3539547,24.880288],[92.3538234,24.8806588],[92.3536874,24.8811215],[92.353518,24.8816478],[92.3533686,24.8821002],[92.3530137,24.8830012],[92.3528577,24.8833739],[92.3528041,24.8834982],[92.352522,24.8839151],[92.35218,24.8844684],[92.3520242,24.8847643],[92.3514551,24.8858525],[92.3512209,24.8863544],[92.3507796,24.887478],[92.3504059,24.8883523],[92.3500577,24.8890998],[92.3497078,24.889757],[92.3493694,24.8903313],[92.3487652,24.8910589],[92.3485313,24.8913276],[92.3481855,24.8915273],[92.3479961,24.8916222],[92.3472451,24.8916857],[92.34697,24.8917037],[92.3468243,24.8916775],[92.3465214,24.8916223],[92.3463603,24.8915693],[92.3460867,24.8914098],[92.3458408,24.8912392],[92.345705,24.8911256],[92.3455358,24.8909117],[92.3453103,24.8905995],[92.3450032,24.8900824],[92.3447794,24.8896903],[92.3443944,24.888821],[92.3442847,24.8885248],[92.3442806,24.8882345],[92.3443239,24.8879193],[92.3443794,24.8877198],[92.3446502,24.8872324],[92.3447514,24.8870111],[92.3450091,24.8861914],[92.3450281,24.8858977],[92.3450301,24.8856644],[92.3449849,24.8837062],[92.344941,24.8832344],[92.3449114,24.8829852],[92.3448248,24.8822749],[92.34478,24.8820063],[92.3447289,24.8817589],[92.3446398,24.8814203],[92.3444351,24.8809106],[92.3442483,24.8805541],[92.3440416,24.8801888],[92.3438244,24.8798839],[92.3436364,24.8796297],[92.3432307,24.8791323],[92.3431751,24.8790715],[92.3429241,24.8788861],[92.342041,24.8784341],[92.3416836,24.8782925],[92.3413949,24.8782039],[92.3412065,24.8781462],[92.3411477,24.8781282],[92.3407495,24.8780098],[92.3405798,24.8779928],[92.3405297,24.8779878],[92.3401744,24.8779545],[92.3399795,24.8779397],[92.3395893,24.8780574],[92.3394632,24.8781046],[92.3393458,24.8781757],[92.3392172,24.8782575],[92.3387365,24.8788086],[92.3383603,24.8793011],[92.3381201,24.879592],[92.3377971,24.8799433],[92.3371981,24.8804331],[92.3364146,24.8811003],[92.3361619,24.8813362],[92.3358484,24.8816693],[92.3354583,24.8821285],[92.3349851,24.8826433],[92.3346829,24.8829612],[92.3329871,24.8847206],[92.3323301,24.885285],[92.3304079,24.8869428],[92.330155,24.8871665],[92.3299685,24.8873336],[92.3297984,24.8874898],[92.3294333,24.8878839],[92.3288659,24.8885597],[92.3286795,24.888811],[92.3285618,24.8890341],[92.3284127,24.8893404],[92.3282114,24.8898432],[92.3281404,24.8900927],[92.3278553,24.891626],[92.3277532,24.8924792],[92.3277695,24.89264],[92.3278387,24.8933099],[92.3279128,24.894064],[92.3278987,24.8942719],[92.3278789,24.8944422],[92.327795,24.8947911],[92.32766,24.8951394],[92.3274927,24.8955273],[92.3272969,24.8958058],[92.3267495,24.8964105],[92.3264565,24.8966139],[92.3261147,24.8968481],[92.3258994,24.8969765],[92.3254647,24.8971852],[92.3252495,24.8972323],[92.3248886,24.8972517],[92.3243182,24.89727],[92.3240099,24.8972795],[92.3238539,24.8972673],[92.3235804,24.8972459],[92.3231672,24.8972074],[92.3228912,24.8971803],[92.3225352,24.8971093],[92.3223079,24.8969596],[92.3219873,24.8967616],[92.3215278,24.8965464],[92.3194416,24.8956398],[92.3188311,24.8953759],[92.317859,24.8951855],[92.31756,24.8951632],[92.3173552,24.8951485],[92.3164529,24.895148],[92.3163028,24.8951505],[92.3161023,24.8951913],[92.31572,24.8953795],[92.3155231,24.8955181],[92.315308,24.8957413],[92.3149657,24.8962042],[92.314649,24.8967164],[92.3144844,24.8970726],[92.3139816,24.8977714],[92.3138413,24.8979346],[92.3136806,24.8980696],[92.3130127,24.8985905],[92.3124903,24.89896],[92.3121169,24.8991857],[92.3111985,24.8996308],[92.3090858,24.9005948],[92.3085486,24.900796],[92.3079151,24.901217],[92.3075266,24.9015181],[92.3071568,24.9018416],[92.3069459,24.9020285],[92.3067648,24.9022165],[92.3067078,24.9023408],[92.3066667,24.9026018],[92.3066036,24.9030075],[92.3065999,24.903158],[92.3066425,24.9033153],[92.3067361,24.9034628],[92.3070878,24.9041568],[92.3071696,24.9043796],[92.3072422,24.9046357],[92.307264,24.9048265],[92.3073362,24.9054873],[92.3072707,24.9067026],[92.3071342,24.9072359],[92.3069556,24.9078963],[92.306564,24.9092312],[92.30626,24.9098048],[92.3061401,24.9099993],[92.3059836,24.9101839],[92.3057884,24.910327],[92.3054755,24.9105276],[92.3051758,24.910725],[92.305022,24.9108795],[92.3049936,24.9109446],[92.3049824,24.9110471],[92.3049381,24.9115729],[92.3049531,24.9116675],[92.3049405,24.911779],[92.3047495,24.9120574],[92.3044459,24.9124836],[92.3036897,24.913391],[92.3034892,24.9136004],[92.3032393,24.913815],[92.302839,24.9141058],[92.3026223,24.9142462],[92.3021493,24.9145262],[92.3011521,24.9150914],[92.300984,24.9151843],[92.3007269,24.9152848],[92.2994253,24.9157209],[92.2989719,24.91582],[92.2979467,24.9159598],[92.2974803,24.9159869],[92.2969017,24.9160127],[92.2966868,24.9159891],[92.2965526,24.9159596],[92.2962591,24.9158846],[92.2948326,24.9154891],[92.2945933,24.9153982],[92.2940127,24.9151487],[92.2935865,24.9149539],[92.291782,24.9142892],[92.2902346,24.9136955],[92.287866,24.9126064],[92.2870086,24.9122063],[92.2868654,24.9121379],[92.2866454,24.912018],[92.2862932,24.9118085],[92.2859226,24.9115812],[92.2852795,24.9111642],[92.28498,24.9109478],[92.284655,24.9106927],[92.2842599,24.9103063],[92.284111,24.91011],[92.2840263,24.9099955],[92.2839809,24.9098653],[92.2840481,24.9091556],[92.2840535,24.9082302],[92.2839689,24.9078599],[92.2835428,24.9066344],[92.2835093,24.9065485],[92.28347,24.9064475],[92.2833707,24.9063468],[92.2831576,24.9062449],[92.2823237,24.9059452],[92.2822705,24.9059265],[92.2820629,24.9058546],[92.2818014,24.9058076],[92.2816775,24.905799],[92.2815751,24.9057931],[92.2813428,24.9058089],[92.2806723,24.9058587],[92.2800534,24.9059302],[92.2797946,24.9059403],[92.2788046,24.9058478],[92.2784012,24.9058015],[92.2780602,24.9057422],[92.277705,24.9056305],[92.2773261,24.9054816],[92.2768961,24.905341],[92.2767336,24.9052954],[92.276402,24.9052134],[92.2761108,24.9051684],[92.2746693,24.9050137],[92.2735018,24.904954],[92.2724222,24.904917],[92.2720971,24.9049116],[92.2719898,24.9049133],[92.2717937,24.9049164],[92.2715599,24.9049397],[92.2713999,24.9049718],[92.2712345,24.905005],[92.2710077,24.9050538],[92.2706979,24.905158],[92.2704196,24.9052692],[92.2700045,24.9054744],[92.2688491,24.9061352],[92.2678811,24.9066771],[92.2677711,24.9067146],[92.2675156,24.9068018],[92.2672299,24.9068725],[92.2670015,24.9069212],[92.2669417,24.9069305],[92.2666215,24.9069799],[92.2650295,24.9071525],[92.2648055,24.9071711],[92.2646352,24.9071528],[92.2644698,24.9071313],[92.2642747,24.9071058],[92.2626125,24.9067853],[92.2614947,24.9065293],[92.259464,24.9066187],[92.2591207,24.906633],[92.2581846,24.9067713],[92.2575337,24.9068963],[92.2566088,24.9071183],[92.2555061,24.9074049],[92.2550975,24.9075481],[92.2547949,24.9076676],[92.25458,24.9078166],[92.2543738,24.9079125],[92.253984,24.908029],[92.2522552,24.908471],[92.2504091,24.9088575],[92.2497044,24.908948],[92.2490218,24.9089367],[92.2483673,24.9088675],[92.2478765,24.9087605],[92.2478456,24.9087509],[92.2469858,24.9084373],[92.2460122,24.9077993],[92.2446945,24.9065726],[92.2429906,24.9052559],[92.2420102,24.9046925],[92.2403221,24.9041747],[92.2391582,24.9038941],[92.2379221,24.903608],[92.237024,24.9033963],[92.23571,24.9029083],[92.2356086,24.9028692],[92.2352712,24.9026458],[92.2349779,24.9024021],[92.2346813,24.9021555],[92.2341144,24.90157],[92.2338551,24.9012897],[92.2328732,24.9001461],[92.2334163,24.8996598],[92.2334891,24.8995946],[92.234923,24.8992948],[92.2361102,24.8990944],[92.2360185,24.8969966],[92.2359876,24.8962093],[92.2361454,24.8961447],[92.23628,24.8952146],[92.2361474,24.8946143],[92.2358617,24.8942206],[92.2358256,24.8941708],[92.2357062,24.8937046],[92.2356634,24.8932203],[92.2357442,24.8931097],[92.2362197,24.8927379],[92.2366568,24.8919547],[92.2370728,24.8918956],[92.2374782,24.8918381],[92.2377874,24.8918227],[92.2381352,24.8918054],[92.2387034,24.8917909],[92.2389896,24.8918117],[92.2392822,24.8918492],[92.2394666,24.8907612],[92.2399385,24.8898838],[92.2408389,24.8896525],[92.2415896,24.8892165],[92.2422129,24.8888546],[92.2422472,24.8888541],[92.2433987,24.8888388],[92.2435277,24.888834],[92.2449306,24.8885934],[92.2452901,24.888428],[92.2472268,24.8875175],[92.2473638,24.8867907],[92.2473142,24.8861987],[92.2481043,24.8854939],[92.2480894,24.8848637],[92.2471487,24.8848864],[92.247127,24.8848869],[92.2470677,24.8842493],[92.246962,24.8830278],[92.2469531,24.8828663],[92.2471925,24.882876],[92.2472167,24.8819677],[92.2470645,24.8810999],[92.2471934,24.8804162],[92.2472642,24.8797873],[92.2470861,24.8786037],[92.2468109,24.8763415],[92.2466564,24.8750036],[92.2469495,24.8742985],[92.2469102,24.8733008],[92.2468285,24.8719902],[92.2464568,24.8720499],[92.2462948,24.8720726],[92.2460363,24.8720666],[92.2455544,24.8719596],[92.245192,24.8717329],[92.2450533,24.8716206],[92.2449738,24.8715174],[92.2448741,24.8713203],[92.244861,24.8712525],[92.2448916,24.870959],[92.2449983,24.8706874],[92.2453155,24.8700898],[92.2456778,24.8695287],[92.2458322,24.8692786],[92.2463422,24.8683571],[92.2463887,24.8681154],[92.2463843,24.86788],[92.2463595,24.8677271],[92.246271,24.8674876],[92.246103,24.8672292],[92.2460334,24.8671601],[92.246005,24.8671319],[92.2457644,24.8669614],[92.2454888,24.866929],[92.245242,24.8669473],[92.2450439,24.8669829],[92.2447944,24.8670277],[92.2445862,24.8670931],[92.2441509,24.8672443],[92.2433701,24.8676696],[92.2430088,24.8678718],[92.2416587,24.8679296],[92.2400322,24.8681826],[92.2399381,24.8682153],[92.2394793,24.8683513],[92.2390297,24.8683894],[92.2388409,24.8683868],[92.238815,24.8683807],[92.2386111,24.8683327],[92.2383548,24.8682345],[92.2382162,24.8681613],[92.2382098,24.8681579],[92.237983,24.8680104],[92.2379197,24.8679415],[92.2377915,24.8677258],[92.237704,24.8675417],[92.2376461,24.8673083],[92.2375052,24.8666775],[92.237471,24.8665426],[92.2373679,24.8662344],[92.2372863,24.8660413],[92.2367852,24.8652185],[92.2365527,24.8649556],[92.236508,24.8649059],[92.2357905,24.8640991],[92.235407,24.8635765],[92.2358475,24.8627901],[92.2356891,24.8625227],[92.2352991,24.8619321],[92.2349325,24.8613875],[92.2355141,24.8605806],[92.2359176,24.8595897],[92.2361557,24.8589715],[92.2368108,24.8588683],[92.2375377,24.8587431],[92.2377061,24.8587015],[92.2382858,24.8585171],[92.2386731,24.8583252],[92.2390717,24.8581196],[92.2398062,24.857696],[92.2397647,24.8570613],[92.2397231,24.8564205],[92.2396893,24.8550587],[92.2396686,24.8542228],[92.2396704,24.8537942],[92.239763,24.8526323],[92.2404645,24.8517391],[92.2408215,24.8509812],[92.240943,24.8500792],[92.2414126,24.8494013],[92.2412501,24.848181],[92.2411145,24.8465601],[92.2410993,24.8462862],[92.2410773,24.8458908],[92.2410511,24.8452842],[92.2416929,24.8450913],[92.2417263,24.8440717],[92.2415376,24.8425101],[92.2419418,24.8419927],[92.2426832,24.8419452],[92.2425886,24.8411059],[92.2425123,24.8404522],[92.2438671,24.840362],[92.2444875,24.8403262],[92.2449728,24.8402982],[92.2452812,24.8402754],[92.2453754,24.8397839],[92.2482192,24.839486],[92.248693,24.8394441],[92.2501207,24.8393857],[92.2511023,24.8393568],[92.2516697,24.8387933],[92.2517645,24.838681],[92.252035,24.8384834],[92.2524049,24.8383307],[92.2527027,24.8382691],[92.253136,24.8382547],[92.2533758,24.8382585],[92.2535936,24.8383105],[92.2539689,24.8384469],[92.2542787,24.8384975],[92.2545465,24.8385068],[92.2547563,24.8384855],[92.254974,24.8384461],[92.2546549,24.8380735],[92.2544815,24.8379323],[92.2543021,24.8378273],[92.2533491,24.8373687],[92.2527891,24.8371917],[92.2519012,24.8368774],[92.2516925,24.8367818],[92.2512576,24.8365399],[92.2508056,24.8362592],[92.2502398,24.835862],[92.2506331,24.8352968],[92.250807,24.8351142],[92.251307,24.8346298],[92.2517163,24.8342142],[92.2515895,24.8341098],[92.2508476,24.833525],[92.2505348,24.8333082],[92.2490814,24.8325217],[92.2490806,24.832523],[92.2489874,24.8326776],[92.2487517,24.8325419],[92.2483678,24.8323007],[92.2485992,24.8317725],[92.2488723,24.830839],[92.2489418,24.8302565],[92.24908,24.8297493],[92.2500867,24.8301123],[92.250298,24.8302062],[92.2517845,24.8306104],[92.2522505,24.8305027],[92.2525051,24.8308569],[92.25279,24.8315028],[92.2529054,24.8318741],[92.2529823,24.8321107],[92.2530046,24.8321508],[92.2531905,24.8321034],[92.2555688,24.8314291],[92.2568405,24.8311168],[92.2597648,24.8303993],[92.2610836,24.8303185],[92.263427,24.8303189],[92.2669667,24.8300862],[92.2678413,24.8300027],[92.268448,24.8299375],[92.2692916,24.8298251],[92.2693522,24.8298078],[92.2695117,24.8297538],[92.2695897,24.8297132],[92.2698817,24.8295159],[92.2705954,24.8290095],[92.2712522,24.8285081],[92.2718006,24.8281128],[92.2721118,24.8279098],[92.2727111,24.8276141],[92.2728672,24.8271491],[92.2728197,24.8258273],[92.2729949,24.824544],[92.2727751,24.8241854],[92.2726428,24.8239541],[92.2727779,24.8230852],[92.2728823,24.8228733],[92.2728103,24.8218992],[92.2727518,24.8214077],[92.2727754,24.8213165],[92.272939,24.8210101],[92.2735172,24.8204705],[92.2737431,24.8197697],[92.2740392,24.8190903],[92.2744875,24.8189006],[92.2748559,24.8187347],[92.2751949,24.8180402],[92.2755068,24.8173806],[92.2760431,24.8161495],[92.2762813,24.8154478],[92.27568,24.8149949],[92.2749286,24.8146765],[92.274485,24.8144938],[92.2741178,24.814475],[92.2740691,24.8144111],[92.2738495,24.8141225],[92.2738407,24.8138188],[92.2743392,24.8133823],[92.2746827,24.8130825],[92.2748364,24.812958],[92.2749207,24.8129363],[92.2752095,24.8128842],[92.2762559,24.8120374],[92.2762009,24.811979],[92.2754628,24.811108],[92.2758172,24.8109348],[92.276069,24.8107314],[92.2761574,24.8106161],[92.2762067,24.8104715],[92.2762037,24.8103156],[92.27617,24.8101059],[92.2761351,24.8099152],[92.275635,24.8088597],[92.2755498,24.8086806],[92.2754992,24.8086001],[92.2753602,24.8084015],[92.2752934,24.8083419],[92.2750341,24.808054],[92.2748241,24.8077183],[92.2746386,24.8074201],[92.2743845,24.8069548],[92.274285,24.8067244],[92.2742416,24.8065528],[92.2742374,24.8065325],[92.2742312,24.8063257],[92.2742308,24.8061434],[92.2742351,24.8058218],[92.2742707,24.8057385],[92.2747888,24.8045421],[92.2749635,24.8041788],[92.2750572,24.8040454],[92.275287,24.8037406],[92.2753108,24.803709],[92.2752054,24.8035561],[92.2749086,24.8031919],[92.2746378,24.8029371],[92.274423,24.8027384],[92.2741818,24.8024791],[92.2739645,24.8022275],[92.2738654,24.8020962],[92.2736214,24.8017718],[92.2735029,24.8015566],[92.2731227,24.8007084],[92.2732032,24.8003352],[92.2733894,24.7997354],[92.2735707,24.7991913],[92.2736975,24.7991184],[92.2738838,24.7990113],[92.2744452,24.7987596],[92.2750388,24.7985657],[92.2765664,24.7980233],[92.2773559,24.7978047],[92.278085,24.7976288],[92.2788923,24.7974193],[92.2793305,24.796787],[92.2793497,24.7967553],[92.2795883,24.7963624],[92.2798775,24.7955561],[92.2797761,24.7951495],[92.279704,24.7949512],[92.2796323,24.7947733],[92.2794815,24.7945031],[92.2793784,24.7943216],[92.2794937,24.7939766],[92.2799105,24.7929268],[92.2805529,24.7918008],[92.2807238,24.7913919],[92.2810172,24.7907315],[92.2810761,24.790607],[92.2815327,24.7902885],[92.2818009,24.7901014],[92.282122,24.7898816],[92.2822792,24.7899024],[92.2827991,24.7897414],[92.283668,24.78936],[92.2837799,24.7892844],[92.2842436,24.7889714],[92.2846999,24.7889112],[92.2857738,24.7888088],[92.2868238,24.788878],[92.2875541,24.7884857],[92.2885386,24.7881823],[92.288247,24.7874621],[92.2881802,24.787297],[92.2874221,24.787412],[92.2881915,24.7862087],[92.2889187,24.7844856],[92.2885135,24.7832056],[92.288244,24.7823549],[92.2885878,24.7815109],[92.2877084,24.7810054],[92.2878132,24.7800891],[92.2879184,24.7791935],[92.2875105,24.7789177],[92.2871864,24.7786947],[92.2868381,24.778455],[92.2867443,24.7780977],[92.2864565,24.7770059],[92.2864177,24.776859],[92.2861491,24.7767927],[92.2849442,24.7765223],[92.2849134,24.7765154],[92.2849106,24.77649],[92.2848626,24.7760516],[92.284786,24.7753414],[92.2847686,24.7751797],[92.2847061,24.7746072],[92.2846042,24.7746594],[92.2840427,24.7749472],[92.2829487,24.7755116],[92.2818016,24.7753211],[92.2818353,24.7752268],[92.282144,24.7743628],[92.2821455,24.7743592],[92.282189,24.7742735],[92.2828105,24.7735082],[92.2830024,24.7732699],[92.2830727,24.7707979],[92.2839544,24.7695916],[92.2846646,24.7689087],[92.2850662,24.7684796],[92.2851866,24.7680773],[92.2851335,24.767738],[92.2848404,24.7676328],[92.2847594,24.7672515],[92.2847707,24.7671047],[92.2848557,24.7659992],[92.2854445,24.7657418],[92.2857547,24.7649184],[92.2858796,24.7643495],[92.2858277,24.7636665],[92.2857759,24.7631925],[92.2867388,24.7624118],[92.288499,24.7613243],[92.2893008,24.7610493],[92.2901354,24.7606604],[92.2901974,24.7604539],[92.2901327,24.7597144],[92.2900507,24.7594819],[92.2896886,24.7594168],[92.2888819,24.7588309],[92.2888331,24.7585128],[92.2882197,24.7582923],[92.2875093,24.7582789],[92.2874844,24.7575848],[92.287346,24.7570449],[92.2870601,24.7567023],[92.2868175,24.7563979],[92.2867838,24.7560548],[92.2869411,24.7557582],[92.2864673,24.75533],[92.2860104,24.7551778],[92.2854064,24.7546383],[92.284639,24.7536691],[92.2840845,24.7530792],[92.2837573,24.7528116],[92.2836105,24.7526438],[92.2834064,24.7524092],[92.2831424,24.7521057],[92.2813006,24.7499348],[92.2805742,24.7490783],[92.2798041,24.7481658],[92.2803804,24.7476677],[92.2803617,24.7463304],[92.2802633,24.7457222],[92.2801818,24.7453887],[92.2799535,24.7454833],[92.2796886,24.7456181],[92.2793717,24.7456345],[92.2791789,24.7456376],[92.279097,24.7455821],[92.2791314,24.7454267],[92.27916,24.7452971],[92.2792556,24.7450911],[92.2796098,24.7447503],[92.2799587,24.7444551],[92.2801511,24.744435],[92.2804423,24.7443735],[92.2810824,24.7440225],[92.2816961,24.7435924],[92.2819161,24.7433844],[92.2818646,24.7429706],[92.2818189,24.7428578],[92.2815649,24.7428038],[92.2812565,24.7422553],[92.2812724,24.7422474],[92.2828586,24.7416086],[92.2852397,24.7406664],[92.2855816,24.7405311],[92.2863055,24.7402531],[92.2874021,24.739832],[92.2875707,24.7397636],[92.2881385,24.7395334],[92.2888573,24.7392418],[92.2895013,24.7389806],[92.2915852,24.7381661],[92.2935263,24.7374125],[92.2955251,24.7366234],[92.2958388,24.7364423],[92.2954653,24.7354543],[92.2949327,24.7349232],[92.2947378,24.7348184],[92.2944821,24.7347771],[92.2942085,24.7347815],[92.2940332,24.7347218],[92.2938818,24.7346106],[92.2938679,24.7345313],[92.2944099,24.7336138],[92.2946804,24.7334505],[92.2947689,24.7331991],[92.294753,24.7330176],[92.2946192,24.732855],[92.2942123,24.7323901],[92.294081,24.7323525],[92.2938025,24.7321013],[92.293607,24.7316387],[92.2930655,24.7308769],[92.2924866,24.7306172],[92.2910403,24.7284877],[92.2908666,24.7281894],[92.2901424,24.7269397],[92.2896441,24.7260563],[92.2888139,24.725246],[92.2881969,24.7245232],[92.2880362,24.7239293],[92.2879027,24.7235918],[92.2876202,24.7233112],[92.2867411,24.7225414],[92.2864002,24.7222799],[92.2858282,24.7216359],[92.2854684,24.7210282],[92.285343,24.7203259],[92.2851388,24.719727],[92.2847438,24.7192335],[92.2845547,24.7191002],[92.2836764,24.7186703],[92.2827699,24.7177939],[92.2820425,24.7168286],[92.2813559,24.7160387],[92.2810187,24.7156408],[92.2809405,24.7154546],[92.2809,24.7149611],[92.2808376,24.7145967],[92.2806363,24.7144684],[92.2801125,24.7142851],[92.279642,24.7142086],[92.2794602,24.714132],[92.2793398,24.7140147],[92.2787245,24.713377],[92.2782291,24.7128339],[92.2780117,24.71253],[92.2777733,24.7122539],[92.2772432,24.7116738],[92.2764892,24.7109361],[92.2761781,24.710453],[92.2756983,24.7095685],[92.2752903,24.709041],[92.2751681,24.7088271],[92.2749922,24.7080802],[92.2750064,24.7080308],[92.2750405,24.7080056],[92.2751221,24.7079736],[92.2751763,24.7079523],[92.2754244,24.70792],[92.2758244,24.7077034],[92.2761179,24.7074432],[92.2758183,24.707056],[92.2752682,24.7065763],[92.2747451,24.7058803],[92.2740115,24.7049037],[92.2718673,24.7020126],[92.2713256,24.7011414],[92.2706808,24.7004297],[92.2705607,24.7003294],[92.2702353,24.6998915],[92.2699181,24.699232],[92.2698272,24.699029],[92.2696017,24.6982885],[92.2693125,24.6974638],[92.2689258,24.6969396],[92.2686564,24.6966336],[92.2683705,24.6963143],[92.2682803,24.6961977],[92.2681612,24.6960281],[92.268126,24.6958809],[92.2679472,24.6950109],[92.2678414,24.6944069],[92.2670179,24.6941661],[92.2667575,24.6942043],[92.2666752,24.6940421],[92.2662602,24.6932239],[92.2651862,24.6910144],[92.2649992,24.6905255],[92.2637041,24.690555],[92.2618445,24.6901869],[92.261607,24.6901168],[92.26139,24.6898192],[92.2607893,24.6889597],[92.2607059,24.6888247],[92.2606195,24.6885307],[92.2606343,24.688326],[92.2602167,24.6876112],[92.259858,24.6870546],[92.2591154,24.6862484],[92.2589294,24.6859517],[92.2585312,24.685187],[92.2584481,24.6846137],[92.2586578,24.6840746],[92.2586669,24.6838983],[92.2585992,24.6836097],[92.2584642,24.6833733],[92.2582606,24.6832068],[92.2582053,24.6831616],[92.2580993,24.6831514],[92.2579002,24.6831323],[92.2577808,24.683066],[92.2578018,24.6828612],[92.2578802,24.682735],[92.2580273,24.6826248],[92.2587618,24.682391],[92.259226,24.6822727],[92.2595393,24.6820386],[92.2598788,24.6815845],[92.2594738,24.6808809],[92.2593464,24.6807182],[92.2590483,24.6804049],[92.2588535,24.6802943],[92.2583719,24.6795063],[92.2579477,24.6793999],[92.2575984,24.6793372],[92.2574555,24.6793395],[92.2573004,24.679359],[92.2572433,24.6793918],[92.2570668,24.6794933],[92.256622,24.6796423],[92.25625,24.6796936],[92.2560076,24.6796975],[92.2553921,24.6787018],[92.254796,24.6780808],[92.2546784,24.6774465],[92.2546857,24.6761911],[92.2544859,24.6751738],[92.255125,24.6741053],[92.2554261,24.6739245],[92.2557704,24.6737203],[92.2565604,24.6734238],[92.2568885,24.6733505],[92.2567774,24.6727388],[92.2562779,24.671304],[92.2556147,24.6697582],[92.2553558,24.669217],[92.2551675,24.6687883],[92.2548594,24.6679412],[92.2548434,24.667754],[92.2548654,24.6673354],[92.2546203,24.6664745],[92.2543167,24.6661947],[92.2541953,24.6660645],[92.2539931,24.6658476],[92.2535344,24.6652528],[92.2533563,24.6647103],[92.2529577,24.6633478],[92.2525281,24.6619914],[92.2524357,24.6617032],[92.2517694,24.6603221],[92.2506225,24.6599015],[92.2496951,24.6593004],[92.2485177,24.6580922],[92.2482396,24.6575423],[92.2480452,24.657081],[92.2478063,24.6560801],[92.2476257,24.6556946],[92.247434,24.6553979],[92.2471036,24.6547663],[92.2474689,24.653944],[92.2488633,24.6509167],[92.2494781,24.649751],[92.2496691,24.6496058],[92.2498392,24.6493584],[92.2499263,24.6490525],[92.249822,24.6481554],[92.2492737,24.6463066],[92.2490617,24.6456542],[92.2488855,24.6451293],[92.2485473,24.6445804],[92.2485117,24.6444312],[92.248591,24.6442586],[92.2486272,24.6441797],[92.2491361,24.6436424],[92.2493383,24.643065],[92.2493577,24.6429349],[92.2493194,24.6426459],[92.2492425,24.6423326],[92.2491552,24.6420493],[92.2489897,24.6413829],[92.2487148,24.6400221],[92.2485131,24.639404],[92.2483512,24.6379377],[92.2482925,24.6377189],[92.2480464,24.6374132],[92.2476021,24.6370257],[92.2474947,24.6368377],[92.2474679,24.6362839],[92.2474714,24.636246],[92.2475313,24.6355889],[92.2473635,24.6347621],[92.2471346,24.6340192],[92.2468928,24.6332971],[92.2463696,24.6318603],[92.2459865,24.6314391],[92.2454197,24.6304892],[92.2445952,24.6293437],[92.2443002,24.6284696],[92.2441376,24.6276632],[92.244126,24.6273389],[92.2438555,24.626025],[92.2436932,24.6255282],[92.2435666,24.6251857],[92.2433754,24.6231465],[92.2434862,24.6220663],[92.2438222,24.621342],[92.2439783,24.6212197],[92.2441475,24.6209275],[92.2444022,24.6202344],[92.2443731,24.62014],[92.2439442,24.6188236],[92.243925,24.6184736],[92.2439961,24.6180988],[92.2440447,24.6174889],[92.2439958,24.6166308],[92.2438987,24.6164027],[92.2436722,24.6159768],[92.2433979,24.6156216],[92.2432764,24.6155486],[92.2431068,24.6155363],[92.2427848,24.6155538],[92.2422796,24.6151099],[92.2420285,24.6142451],[92.2419171,24.6138424],[92.2417199,24.6130921],[92.2417252,24.6129906],[92.2417468,24.6126217],[92.2418776,24.6123151],[92.2420442,24.6121727],[92.2423324,24.6121083],[92.2424166,24.6119372],[92.2423872,24.6115332],[92.2423078,24.6113747],[92.2418967,24.610717],[92.2417524,24.6105945],[92.2415543,24.6105127],[92.241253,24.6104675],[92.2409539,24.6099529],[92.240749,24.6095118],[92.2406662,24.6091735],[92.2406959,24.6087187],[92.2406497,24.608295],[92.2405914,24.6080962],[92.2404865,24.6080379],[92.2402248,24.608062],[92.2400158,24.6080866],[92.2398325,24.6081081],[92.2395703,24.6081072],[92.2394212,24.6080197],[92.2392472,24.6077678],[92.2391427,24.6074349],[92.2389939,24.6067831],[92.2389221,24.6064497],[92.2389766,24.6058597],[92.2389582,24.6056562],[92.2389491,24.6055555],[92.2387647,24.6050441],[92.2386508,24.6047963],[92.2383855,24.6041772],[92.2375299,24.6015134],[92.2372668,24.6005888],[92.2372731,24.6003441],[92.2373396,24.6001034],[92.2372898,24.5997746],[92.2370081,24.5990201],[92.2369314,24.5990113],[92.2360584,24.5990499],[92.2355542,24.5977896],[92.2355713,24.5960767],[92.2361711,24.5957378],[92.2362783,24.5956263],[92.2363245,24.5954708],[92.2363507,24.5951209],[92.2362966,24.5945625],[92.2361639,24.5941851],[92.2360624,24.5940119],[92.2354863,24.591824],[92.2354709,24.591295],[92.2352144,24.589841],[92.2351427,24.5889284],[92.2347248,24.5876068],[92.234323,24.58627],[92.2341245,24.5852895],[92.2339598,24.5843634],[92.2338619,24.5838007],[92.2337074,24.5822553],[92.233422,24.5815907],[92.2331424,24.5801314],[92.23312,24.5798939],[92.2330172,24.5784723],[92.2330145,24.5783329],[92.2331438,24.578052],[92.2333365,24.5778029],[92.2337574,24.5777635],[92.2341621,24.5778228],[92.2344677,24.5778508],[92.2345915,24.5777586],[92.2346508,24.5775691],[92.2345453,24.5767258],[92.2343177,24.5765489],[92.2344163,24.5758094],[92.2342379,24.5746799],[92.23396,24.5742085],[92.2334893,24.5730183],[92.2330987,24.572224],[92.2327263,24.5720295],[92.2322496,24.5714791],[92.2322121,24.5713895],[92.2322099,24.5712747],[92.2322699,24.5711261],[92.2323148,24.5702588],[92.2322213,24.5680426],[92.2321095,24.5654453],[92.2320164,24.5633532],[92.2319587,24.562149],[92.2318739,24.5594542],[92.2317406,24.5559386],[92.2315618,24.5525151],[92.2315457,24.5520595],[92.2315023,24.5508253],[92.2314891,24.550451],[92.2313258,24.547309],[92.2312686,24.5437854],[92.2311568,24.5346662],[92.2311568,24.5328657],[92.2311513,24.5319707],[92.2311454,24.5312533],[92.2311408,24.5312056],[92.2310156,24.5309],[92.230849,24.5305781],[92.230474,24.5300533],[92.2303574,24.5299253],[92.2300466,24.5297781],[92.2297918,24.5296649],[92.2294428,24.5295152],[92.2293727,24.5294688],[92.2292374,24.5292651],[92.2287168,24.5284499],[92.2285937,24.5281573],[92.2284846,24.5278771],[92.2281977,24.5271596],[92.2279878,24.5266689],[92.2272529,24.5251223],[92.2269292,24.5244687],[92.2265764,24.5237427],[92.2260736,24.5225788],[92.2257081,24.5217263],[92.223801,24.5174525],[92.2236909,24.517299],[92.2236034,24.5172466],[92.2217234,24.5167156],[92.220588,24.5164253],[92.2201674,24.5160517],[92.2202295,24.5159509],[92.2202668,24.5158351],[92.2202979,24.5155869],[92.2203138,24.5151273],[92.2202793,24.5149902],[92.2202307,24.514905],[92.2201595,24.5148183],[92.2201251,24.5147879],[92.2199413,24.5147116],[92.2198885,24.5147038],[92.2197257,24.5146427],[92.2196571,24.5145939],[92.2196247,24.5145686],[92.2191808,24.5139545],[92.2183776,24.5124136],[92.2178624,24.5114031],[92.2171004,24.5099545],[92.215499,24.5069344],[92.2154075,24.5067673],[92.2150603,24.5061929],[92.2149769,24.5060566],[92.2148725,24.5058982],[92.2146424,24.5055543],[92.2145332,24.5054459],[92.2144004,24.5053791],[92.2143381,24.5053646],[92.2142358,24.5053249],[92.2141462,24.5052575],[92.2140143,24.5051426],[92.2137693,24.5049055],[92.2134016,24.5045431],[92.2131042,24.5042174],[92.2129365,24.5040118],[92.2134607,24.503843],[92.2138659,24.5037128],[92.2163372,24.5033312],[92.2191784,24.5030786],[92.2221536,24.502836],[92.2228562,24.5028078],[92.2233879,24.5027876],[92.2247597,24.5027353],[92.2257143,24.5026983],[92.2265118,24.5026671],[92.2266674,24.5026568],[92.227271,24.5026063],[92.2275521,24.5025827],[92.2280983,24.5025367],[92.228381,24.5025128],[92.2289012,24.5024668],[92.2290679,24.5024451],[92.2295833,24.5023777],[92.2297216,24.5023595],[92.2298606,24.5023412],[92.2304391,24.5017103],[92.2304545,24.5015492],[92.2305172,24.5008378],[92.2305308,24.5006691],[92.2305843,24.4999394],[92.2306068,24.4995925],[92.2307337,24.4981509],[92.2308258,24.4972113],[92.2308864,24.4966317],[92.2312048,24.495213],[92.2314158,24.4947897],[92.2316881,24.4942458],[92.2320191,24.4938998],[92.2321785,24.4937341],[92.2327162,24.4931792],[92.2331081,24.4929108],[92.2337006,24.4925081],[92.234149,24.4921983],[92.2346032,24.4917955],[92.2347753,24.4916427],[92.2352263,24.4909246],[92.236167,24.4894426],[92.2365775,24.4887141],[92.2357661,24.4877336],[92.2355511,24.4875324],[92.2351209,24.4871274],[92.2348994,24.4869164],[92.2351279,24.4861934],[92.2359971,24.4852913],[92.2364959,24.4847817],[92.236649,24.4845878],[92.2366096,24.4845245],[92.2357126,24.4838331],[92.2355104,24.4837832],[92.2353082,24.4837604],[92.234963,24.4837375],[92.234815,24.4837465],[92.2346719,24.4837554],[92.2344795,24.4838184],[92.2342771,24.4839581],[92.234134,24.4840393],[92.2338626,24.4841564],[92.2336554,24.4842148],[92.2334778,24.4841921],[92.2333841,24.4840837],[92.2333794,24.483858],[92.2333846,24.4837316],[92.2333552,24.4835193],[92.2332815,24.4832665],[92.2328683,24.482246],[92.2328093,24.4821059],[92.2327011,24.4818666],[92.2321005,24.4807285],[92.231938,24.4804755],[92.2318445,24.4803536],[92.2317606,24.4802903],[92.2315093,24.4801366],[92.2313254,24.480036],[92.2313997,24.4799295],[92.232818,24.4781404],[92.2331535,24.4762286],[92.2347473,24.4745668],[92.2342957,24.4738963],[92.2332746,24.4731544],[92.2314733,24.4735225],[92.2309888,24.4719778],[92.2305975,24.4714339],[92.2304309,24.4707784],[92.2306423,24.4705183],[92.2307196,24.4703342],[92.2309125,24.4698745],[92.2310883,24.469429],[92.2312565,24.4689957],[92.2312821,24.4689029],[92.2312922,24.4680621],[92.2307592,24.4672176],[92.2304149,24.466677],[92.2306622,24.4660292],[92.2306579,24.4653656],[92.2303488,24.4639794],[92.2300091,24.4634736],[92.2298224,24.4628098],[92.2299217,24.4622411],[92.230184,24.4615146],[92.230263,24.4613522],[92.2303814,24.4613116],[92.2313979,24.4608522],[92.2324441,24.4602618],[92.2329917,24.4601179],[92.2338699,24.4596989],[92.2342105,24.459469],[92.2346695,24.4591579],[92.2347781,24.4590226],[92.235553,24.458459],[92.2357601,24.4584322],[92.2359673,24.4584053],[92.2362091,24.4583017],[92.236367,24.458189],[92.2364264,24.4580085],[92.2364412,24.4579498],[92.2365364,24.4565775],[92.2365913,24.456063],[92.23642,24.4548441],[92.2363462,24.4546544],[92.2361591,24.4544195],[92.2360901,24.4543427],[92.2359275,24.4542297],[92.235617,24.4540668],[92.2354889,24.4539945],[92.2352523,24.4538363],[92.2350947,24.4536963],[92.2350405,24.453642],[92.2349274,24.4534162],[92.2348684,24.4531679],[92.2348539,24.4529377],[92.2348739,24.4526081],[92.2349235,24.452405],[92.2349729,24.4523419],[92.2350518,24.4523059],[92.2352589,24.4523467],[92.2356834,24.4520627],[92.235748,24.451494],[92.2357536,24.4509613],[92.2357389,24.4507853],[92.2358625,24.4506093],[92.2367413,24.4495629],[92.2369634,24.4494367],[92.2372051,24.4493737],[92.2374221,24.4493738],[92.2376636,24.4495411],[92.238014,24.4492344],[92.2383645,24.4488601],[92.2384287,24.4487473],[92.2385277,24.4483952],[92.2385674,24.4482463],[92.2390267,24.4474613],[92.2400853,24.4471373],[92.2413409,24.4467028],[92.2418908,24.4461429],[92.2425419,24.4454681],[92.2426063,24.4454092],[92.2427843,24.4453202],[92.2440739,24.4447223],[92.2446208,24.4444867],[92.2453718,24.444838],[92.2459003,24.445084],[92.2467099,24.4450926],[92.2476343,24.4448328],[92.2479007,24.4447201],[92.2479354,24.4445396],[92.2479554,24.4442823],[92.2480791,24.4438581],[92.2481482,24.4437633],[92.2490362,24.4434029],[92.2498005,24.4433719],[92.2500125,24.4434217],[92.2502788,24.4433723],[92.2506835,24.4430341],[92.2508957,24.4428086],[92.2510193,24.4425152],[92.251197,24.4423033],[92.2521048,24.441848],[92.2522626,24.4418346],[92.2524252,24.4419161],[92.2524596,24.4420289],[92.2524594,24.442223],[92.2524939,24.4423539],[92.2525825,24.4424172],[92.2528291,24.4424039],[92.25313,24.4423229],[92.2533273,24.4422237],[92.2534704,24.4420433],[92.2534164,24.4418672],[92.2533082,24.4415917],[92.2532198,24.4412802],[92.2532202,24.4407204],[92.2534672,24.4403143],[92.253842,24.4402018],[92.2542464,24.4401841],[92.2550846,24.4402028],[92.2556516,24.4403793],[92.2563073,24.4404611],[92.2566279,24.44038],[92.2572643,24.4399743],[92.2577971,24.4397671],[92.2587735,24.4395375],[92.2592323,24.439425],[92.2593951,24.439213],[92.2593412,24.438906],[92.2592331,24.4384816],[92.2590559,24.4380616],[92.2590761,24.4376238],[92.2592197,24.4368746],[92.259398,24.4361253],[92.2591867,24.4353307],[92.2593602,24.4342384],[92.2593604,24.4340263],[92.258952,24.4330508],[92.2587058,24.4327933],[92.2583312,24.4326938],[92.2577198,24.4326301],[92.2571529,24.4325168],[92.2569756,24.4322594],[92.2568871,24.4320155],[92.2568874,24.4316092],[92.2566915,24.4302413],[92.2564602,24.4298033],[92.256515,24.429221],[92.2566535,24.4286252],[92.2564625,24.427325],[92.256182,24.4267064],[92.2559161,24.4262999],[92.2560596,24.4257944],[92.2565187,24.4251447],[92.2565388,24.4248377],[92.2564255,24.4246752],[92.2560412,24.4243589],[92.255864,24.4240067],[92.2555837,24.4233428],[92.255441,24.4230177],[92.2551553,24.4227061],[92.254697,24.422498],[92.2543718,24.4222991],[92.2543031,24.4218928],[92.254338,24.4215001],[92.2544819,24.4205342],[92.25464,24.4201371],[92.2549064,24.4200244],[92.255528,24.4196683],[92.2560459,24.4193437],[92.2563222,24.4191633],[92.2563965,24.4187797],[92.2564857,24.4182426],[92.2566437,24.4179176],[92.2570583,24.4174801],[92.2585187,24.4162624],[92.2588101,24.4156352],[92.2592691,24.4150984],[92.2602016,24.414282],[92.2606553,24.4140431],[92.2614346,24.413669],[92.2618984,24.4132631],[92.2623032,24.4126134],[92.2628365,24.4115845],[92.2632806,24.4111921],[92.2634239,24.4107724],[92.2635476,24.4102172],[92.2634941,24.4094723],[92.2632821,24.4093097],[92.2629816,24.4092463],[92.2624491,24.409291],[92.2620054,24.4092455],[92.2618823,24.4090965],[92.2617741,24.4089024],[92.261725,24.4086901],[92.2617745,24.4084148],[92.2619916,24.4081892],[92.2622186,24.4079457],[92.2625199,24.4073455],[92.2625941,24.4069393],[92.2625946,24.4063073],[92.2623993,24.4042803],[92.2623803,24.4034046],[92.2623663,24.4025424],[92.2624701,24.4022038],[92.2627217,24.4020415],[92.2632691,24.4017801],[92.2633927,24.4014055],[92.2632697,24.4010488],[92.2632847,24.4007419],[92.263675,24.3997986],[92.2641391,24.3989549],[92.2644595,24.3989551],[92.2653271,24.3990054],[92.265894,24.3989381],[92.2663574,24.3987939],[92.2667616,24.3987446],[92.2672595,24.3987449],[92.2677228,24.398795],[92.2681121,24.398908],[92.2686051,24.3988903],[92.2689601,24.3987145],[92.2693349,24.398471],[92.2700948,24.3976003],[92.270608,24.3969281],[92.2707859,24.3964407],[92.2708057,24.3962782],[92.270737,24.3959531],[92.2702938,24.3953975],[92.2694073,24.3944219],[92.2691415,24.3939838],[92.2690678,24.3936587],[92.2690193,24.3927649],[92.2691082,24.3925393],[92.2693547,24.3925395],[92.2697292,24.3926526],[92.2704734,24.3928472],[92.2709858,24.3929152],[92.2713753,24.3928162],[92.2716762,24.3926358],[92.2720165,24.3923607],[92.2724754,24.3917516],[92.2732208,24.3904069],[92.2738626,24.3890756],[92.2740899,24.3883174],[92.2740359,24.388042],[92.2738784,24.3876988],[92.2734549,24.387211],[92.2727802,24.3865605],[92.2720169,24.3857023],[92.2715737,24.3851829],[92.2711501,24.3849523],[92.2707115,24.3849069],[92.2700215,24.3848252],[92.2694548,24.3846939],[92.2690262,24.3844994],[92.2687997,24.3843053],[92.2686372,24.3840613],[92.2687468,24.3825717],[92.2688702,24.3823912],[92.2690476,24.3823734],[92.2692792,24.3824412],[92.2698112,24.3827982],[92.2701464,24.3828797],[92.2706244,24.3827988],[92.2709597,24.3826048],[92.2711227,24.3821806],[92.271069,24.3816434],[92.2708378,24.3811106],[92.2707692,24.3806727],[92.2708237,24.3803477],[92.2711244,24.3801177],[92.2720069,24.3798474],[92.2727317,24.3794236],[92.2729093,24.3791483],[92.2728947,24.3789677],[92.2727323,24.3787239],[92.272417,24.3785612],[92.2719192,24.3785112],[92.269938,24.3784962],[92.2688586,24.378464],[92.2683068,24.3783507],[92.2680605,24.3781068],[92.2678644,24.3768697],[92.2678107,24.3762377],[92.2678999,24.3758135],[92.2684525,24.3749516],[92.2686303,24.3746493],[92.2686453,24.3743242],[92.2685027,24.3738863],[92.2683997,24.373349],[92.2683804,24.372866],[92.2686126,24.3722162],[92.2687558,24.3717919],[92.2687364,24.371354],[92.268579,24.3709793],[92.2682246,24.3704463],[92.2680284,24.3694711],[92.2680831,24.3688708],[92.2682069,24.3681892],[92.2681382,24.3678777],[92.2677835,24.3676879],[92.2669656,24.3674932],[92.2664877,24.3672987],[92.2661726,24.3669599],[92.2657299,24.3660161],[92.264422,24.3624986],[92.2636747,24.3605525],[92.2630056,24.3592338],[92.2624891,24.3582178],[92.2618696,24.3566734],[92.2609498,24.3548355],[92.2595305,24.3519206],[92.2589775,24.3507848],[92.2584267,24.3496152],[92.2576695,24.3478089],[92.2563069,24.3453477],[92.2556333,24.3437897],[92.2543303,24.3409809],[92.2535338,24.3392107],[92.2526886,24.3368761],[92.2514694,24.3340087],[92.2508501,24.3325591],[92.2498423,24.3304005],[92.2491886,24.3288336],[92.2484611,24.3271763],[92.2476303,24.3253383],[92.2472225,24.32425],[92.2470036,24.3237832],[92.2470024,24.3237808],[92.2465185,24.3229634],[92.2464653,24.3228595],[92.2463488,24.3226102],[92.2459808,24.3217072],[92.2450961,24.3197834],[92.2444621,24.3184857],[92.2438565,24.3170197],[92.2432248,24.3156134],[92.2425899,24.3142989],[92.2415804,24.3121614],[92.2405162,24.3098758],[92.2399234,24.3084874],[92.2392468,24.3071026],[92.2385846,24.3057556],[92.2375572,24.3035335],[92.236992,24.3022126],[92.2363319,24.3008612],[92.2357459,24.2995275],[92.2352785,24.2985001],[92.234291,24.2964142],[92.2333354,24.2943721],[92.2333354,24.2943657],[92.2322694,24.2920616],[92.230883,24.289106],[92.230148,24.287589],[92.2295202,24.2861468],[92.228282,24.28345],[92.2276004,24.2819862],[92.2270633,24.2807674],[92.2264804,24.2794442],[92.2257623,24.2779891],[92.2245039,24.275124],[92.2232672,24.272311],[92.2226744,24.2710283],[92.2219692,24.2695408],[92.2214114,24.2682581],[92.2201597,24.2655518],[92.2188649,24.2628067],[92.2182862,24.2614665],[92.2169348,24.2585152],[92.2156765,24.2557842],[92.2150351,24.2543482],[92.2143826,24.2528923],[92.2138041,24.2516862],[92.2128724,24.2499268],[92.2166385,24.2500945],[92.2173887,24.2501279],[92.2227688,24.2503057],[92.227285,24.2504611],[92.2313906,24.2505849],[92.2346443,24.2505825],[92.2470048,24.2508707],[92.2487147,24.2509919],[92.2505749,24.2510747],[92.2592268,24.25139],[92.2671901,24.2517371],[92.2763748,24.2519553],[92.2823379,24.2521703],[92.2895925,24.2523534],[92.296885,24.2525045],[92.2990613,24.2525307],[92.3053455,24.2526061],[92.3132734,24.2527537],[92.3271705,24.2530513],[92.3424466,24.253367],[92.3576519,24.2536945],[92.36852,24.2538564],[92.3686276,24.253858],[92.3870509,24.2540038],[92.4086789,24.2543581],[92.4225306,24.2548561],[92.4225321,24.2548561],[92.4223693,24.2506195],[92.4214759,24.2478277],[92.4214215,24.2472906],[92.4212335,24.2446904],[92.4213366,24.2439366],[92.4213167,24.2435528],[92.4212427,24.2430111],[92.421149,24.2425237],[92.4210553,24.2420406],[92.420932,24.2415531],[92.4207545,24.2406639],[92.4207544,24.2404697],[92.420833,24.2399686],[92.4208772,24.239454],[92.4208523,24.2389168],[92.4207783,24.2384654],[92.4206994,24.238181],[92.4204626,24.2367501],[92.4204427,24.2362445],[92.420403,24.2353371],[92.4201807,24.2332517],[92.4201116,24.2326467],[92.4200524,24.2322766],[92.4198798,24.2314957],[92.4197613,24.2305568],[92.4196033,24.2290761],[92.419603,24.2282004],[92.4194055,24.2266565],[92.4193611,24.2261329],[92.4193559,24.2257221],[92.4193953,24.2254557],[92.4196802,24.2236048],[92.4196652,24.2232527],[92.4196455,24.2229006],[92.4196355,24.2226162],[92.4196551,24.2223499],[92.419714,24.2220203],[92.4197681,24.221805],[92.4198566,24.2216561],[92.4202404,24.2212271],[92.420639,24.22078],[92.420821,24.2204053],[92.4209488,24.2200351],[92.4210275,24.2196378],[92.4211551,24.2188342],[92.4211894,24.2185001],[92.4211746,24.2181075],[92.4210858,24.217647],[92.4209527,24.2172091],[92.4207999,24.2167216],[92.4207113,24.2164734],[92.420529,24.2160987],[92.4201104,24.215652],[92.4194506,24.2147674],[92.4191206,24.2143206],[92.4188891,24.2139144],[92.4187758,24.2135668],[92.4186772,24.2131741],[92.4185885,24.2127588],[92.4185786,24.212637],[92.4185735,24.2123525],[92.4185785,24.2122351],[92.4186522,24.2119688],[92.4186817,24.2118785],[92.4188489,24.2115398],[92.4190556,24.2112103],[92.4191293,24.21112],[92.4192572,24.2109032],[92.4192966,24.2108129],[92.4193752,24.2104744],[92.4194194,24.2100771],[92.419434,24.2097656],[92.4194192,24.2095037],[92.4193206,24.209102],[92.4191777,24.2086913],[92.4191477,24.2071519],[92.4191721,24.2067456],[92.419172,24.2063257],[92.4191276,24.2061226],[92.4190783,24.2059737],[92.4188862,24.2054817],[92.4187729,24.2050619],[92.4187433,24.204922],[92.4187384,24.2048272],[92.4187579,24.2046872],[92.4189006,24.2042628],[92.4190628,24.203852],[92.4192301,24.2034411],[92.4193136,24.2032741],[92.4195006,24.2030032],[92.419663,24.2028225],[92.419904,24.2026329],[92.4203272,24.2024071],[92.4207257,24.2021496],[92.4211637,24.2018605],[92.4212473,24.2017612],[92.4212818,24.2016845],[92.421321,24.2012646],[92.421321,24.2011924],[92.4212371,24.2007726],[92.4208922,24.1998292],[92.4207543,24.1993417],[92.4205571,24.1984164],[92.4204092,24.1976264],[92.4203254,24.1973375],[92.4191479,24.1938393],[92.4188966,24.1926972],[92.4191669,24.1919388],[92.4200278,24.1908145],[92.421548,24.1895049],[92.4229306,24.1888589],[92.4278166,24.187074],[92.4294944,24.1864912],[92.4303308,24.1858047],[92.4312605,24.1851678],[92.4323675,24.1844767],[92.4331841,24.1837722],[92.4337917,24.1831322],[92.4338038,24.1831039],[92.4339168,24.1827471],[92.4339561,24.1824718],[92.4340391,24.1812122],[92.434098,24.1810271],[92.4341816,24.1808195],[92.4343045,24.1805982],[92.4344226,24.1804627],[92.4346587,24.1802415],[92.434821,24.1801015],[92.4350079,24.1799478],[92.4351801,24.1798078],[92.4354015,24.1796633],[92.4355933,24.1795097],[92.4356818,24.1793878],[92.4357261,24.179293],[92.4357408,24.1791531],[92.4357013,24.1789816],[92.435593,24.1787875],[92.435263,24.1783181],[92.4346328,24.1775373],[92.4343374,24.1770229],[92.434017,24.175935],[92.4340116,24.1751315],[92.4342476,24.174364],[92.4345672,24.1739034],[92.4350541,24.1736052],[92.4355855,24.1734515],[92.4359889,24.1732753],[92.4366234,24.1728327],[92.4366431,24.1727965],[92.4366824,24.1726114],[92.4369966,24.1710449],[92.4373357,24.1703134],[92.4377979,24.1698257],[92.4379208,24.1695096],[92.4379207,24.1693291],[92.4377284,24.1684985],[92.4376743,24.168336],[92.4375413,24.1681735],[92.4369111,24.1672845],[92.4362857,24.1662961],[92.4359606,24.1656733],[92.4358966,24.1655423],[92.4358423,24.1651316],[92.4361564,24.1635108],[92.4362983,24.1618179],[92.436293,24.1610776],[92.4362777,24.1599851],[92.4361593,24.1591816],[92.436041,24.1588296],[92.4359669,24.1580893],[92.4359813,24.1574888],[92.4360892,24.1567124],[92.4359165,24.1555568],[92.4359065,24.1552723],[92.4359751,24.1547622],[92.4361959,24.1535116],[92.436422,24.153033],[92.436599,24.1528388],[92.4366384,24.1528117],[92.4368991,24.1527529],[92.4379715,24.1526035],[92.4388671,24.1529327],[92.4393148,24.1529506],[92.4398755,24.1528329],[92.4401265,24.1527471],[92.440461,24.1527469],[92.4407612,24.1528507],[92.4410467,24.1531078],[92.4419279,24.1543263],[92.4421052,24.1545068],[92.4423364,24.1545835],[92.4425282,24.1545562],[92.4428038,24.1544613],[92.4439643,24.1534315],[92.4441364,24.1532645],[92.4442298,24.1531289],[92.4443428,24.1528264],[92.4443524,24.1522802],[92.4443669,24.1520229],[92.4444011,24.1516572],[92.4445928,24.1511696],[92.4447993,24.1509483],[92.4453403,24.1506771],[92.4455075,24.1505056],[92.4455565,24.1502302],[92.4455021,24.1497201],[92.4455414,24.1495034],[92.4456839,24.149255],[92.4457872,24.1491285],[92.4461019,24.1489162],[92.4464954,24.1487897],[92.4468791,24.1487398],[92.4472824,24.1484507],[92.4473217,24.1484101],[92.4474346,24.1481391],[92.4474788,24.1479405],[92.447518,24.1476381],[92.4475424,24.1472453],[92.4475717,24.1468616],[92.447606,24.1465004],[92.4476895,24.1462521],[92.4477828,24.1460308],[92.4478958,24.1459405],[92.4481517,24.1459132],[92.4484222,24.1457777],[92.4485451,24.1456558],[92.4487122,24.14529],[92.4488544,24.1444683],[92.4489771,24.1441432],[92.4491197,24.1439671],[92.4494098,24.1438812],[92.4497445,24.1439398],[92.4500348,24.1441473],[92.4501826,24.1443684],[92.450168,24.1447386],[92.4497259,24.1458673],[92.4495392,24.146206],[92.4494901,24.1464633],[92.4495345,24.1467974],[92.4496577,24.1469101],[92.4505777,24.1471354],[92.450804,24.1471082],[92.4508482,24.1470495],[92.4510398,24.1465619],[92.4511918,24.1457493],[92.451344,24.1452977],[92.4518111,24.1446384],[92.4521306,24.1443403],[92.4523716,24.1441957],[92.4526913,24.1440692],[92.4531685,24.1441051],[92.4535179,24.1443306],[92.4539463,24.1448585],[92.4542907,24.1449803],[92.4545515,24.1449801],[92.4554219,24.1446591],[92.4561696,24.1443879],[92.4567255,24.1443649],[92.4568975,24.1441663],[92.4569515,24.1440128],[92.456917,24.1438322],[92.4566953,24.1433447],[92.4566852,24.1430378],[92.4568277,24.1427307],[92.4572701,24.1421346],[92.457934,24.1417776],[92.4584947,24.1416058],[92.4588488,24.1415063],[92.4593357,24.1413163],[92.4596061,24.1411131],[92.4597732,24.1407789],[92.4597681,24.1406028],[92.4596203,24.1402238],[92.4596101,24.1397724],[92.4596494,24.1395918],[92.4597624,24.1393795],[92.4599787,24.1391898],[92.4604555,24.1386524],[92.46076,24.1378937],[92.4610107,24.1376363],[92.4612468,24.1374917],[92.4615615,24.1373832],[92.461832,24.1373153],[92.4621222,24.1373512],[92.4623339,24.1375452],[92.462595,24.137983],[92.4630775,24.1386869],[92.4632989,24.1388403],[92.4635401,24.138935],[92.463786,24.1388852],[92.4641204,24.1386231],[92.4641301,24.1384335],[92.464002,24.138235],[92.4634802,24.137689],[92.4632783,24.137337],[92.4632683,24.1372061],[92.4633074,24.1368675],[92.4634008,24.1367365],[92.4636811,24.1365062],[92.4640942,24.1362938],[92.4643204,24.1362259],[92.4649795,24.1361352],[92.4654764,24.1362659],[92.4658455,24.1364778],[92.4659588,24.1366267],[92.4659711,24.1368568],[92.4659737,24.1369066],[92.4658706,24.1372407],[92.4656741,24.1375569],[92.4654383,24.1380851],[92.465473,24.1383875],[92.4656798,24.1386493],[92.4660783,24.1387483],[92.4668456,24.1386621],[92.4674016,24.138707],[92.4679626,24.1391129],[92.4681992,24.1397086],[92.4683372,24.140011],[92.4685981,24.1402321],[92.4688146,24.1403086],[92.4690359,24.1402949],[92.469272,24.1402091],[92.4698471,24.1398381],[92.4700636,24.1396984],[92.470403,24.1395448],[92.4714753,24.1394808],[92.4717361,24.1395304],[92.472238,24.1397061],[92.4725726,24.1398954],[92.4727942,24.1401165],[92.4729076,24.1404234],[92.4728856,24.1407398],[92.4728784,24.1408433],[92.4727068,24.141683],[92.4727317,24.1420487],[92.4728499,24.1422382],[92.4730911,24.1424096],[92.4735388,24.1423868],[92.4737945,24.1423324],[92.4740798,24.1423368],[92.474257,24.1423953],[92.4743801,24.1425081],[92.4744343,24.1426435],[92.4744639,24.1428241],[92.4744053,24.1433613],[92.4744792,24.1435012],[92.4746171,24.1436365],[92.4747647,24.1436951],[92.4750942,24.1436046],[92.4755121,24.1432793],[92.4761316,24.1427778],[92.4768888,24.1422898],[92.477469,24.1420185],[92.4779265,24.1418917],[92.4784086,24.1419185],[92.4786792,24.1420222],[92.4789599,24.1423245],[92.4790241,24.1425636],[92.4790145,24.1428526],[92.4789163,24.1431596],[92.4785676,24.1439227],[92.4785777,24.1441259],[92.4786515,24.1442613],[92.4788927,24.1443243],[92.4797437,24.1443012],[92.4803588,24.1444723],[92.4805508,24.1446618],[92.4806642,24.1450047],[92.4806055,24.1454066],[92.4803697,24.1457724],[92.4802025,24.1458854],[92.4797255,24.1460888],[92.4781172,24.1466136],[92.477296,24.1470295],[92.4771288,24.1472101],[92.4770454,24.1473954],[92.4771095,24.14763],[92.4773606,24.1478601],[92.4776559,24.1480224],[92.4793488,24.1486758],[92.4798361,24.148987],[92.4801856,24.1492892],[92.4805106,24.1496817],[92.4806979,24.1500337],[92.4808064,24.1503677],[92.4808565,24.1514376],[92.4807494,24.152846],[92.480652,24.1539927],[92.4806424,24.1543358],[92.4807952,24.1546608],[92.4812138,24.1550893],[92.4815584,24.1554051],[92.4817062,24.1556037],[92.4818442,24.1559692],[92.4817903,24.1561407],[92.4815543,24.1563125],[92.4811263,24.1563715],[92.4807719,24.1562589],[92.4805209,24.1560875],[92.4802207,24.1559929],[92.4799697,24.155984],[92.4797927,24.1559977],[92.4797459,24.1560204],[92.4796156,24.1560836],[92.4794828,24.1562056],[92.4794288,24.156323],[92.4794291,24.1566119],[92.4795769,24.1568556],[92.479892,24.1571623],[92.4805614,24.157496],[92.481211,24.1577122],[92.481407,24.1577654],[92.4822396,24.1579913],[92.4830662,24.1580855],[92.4834206,24.1582568],[92.4835487,24.1585818],[92.4835096,24.1588843],[92.4832591,24.1592997],[92.4824972,24.1602302],[92.482414,24.160614],[92.4824282,24.1606549],[92.4825125,24.1608983],[92.4826997,24.1610969],[92.4832118,24.1616201],[92.48334,24.1619089],[92.4834289,24.1623106],[92.4834291,24.1624642],[92.4835672,24.1628749],[92.4837149,24.1630328],[92.4839217,24.1631681],[92.4841825,24.1632446],[92.4844432,24.1632624],[92.4845564,24.1632398],[92.4847237,24.1631359],[92.4852202,24.1626435],[92.4856037,24.1623452],[92.4859971,24.1621824],[92.4863218,24.1621235],[92.4866662,24.1620646],[92.4866711,24.1620645],[92.4871631,24.1620642],[92.4877586,24.162154],[92.48829,24.1623162],[92.4891071,24.1626857],[92.4893729,24.1627441],[92.4901258,24.1628429],[92.4903865,24.1627931],[92.490657,24.1626665],[92.4911437,24.1622373],[92.4914434,24.1617359],[92.4916693,24.1612392],[92.4919346,24.1608462],[92.4922689,24.1606338],[92.4942119,24.1601763],[92.4942169,24.1601763],[92.4949303,24.1602119],[92.4973559,24.1605311],[92.4974493,24.160617],[92.4976879,24.160795],[92.4978862,24.1608234],[92.4980803,24.1608508],[92.498267,24.1608045],[92.4984129,24.1607681],[92.4986104,24.1606359],[92.4988073,24.1605045],[92.4991243,24.16045],[92.4996703,24.1605906],[92.4998462,24.1606624],[92.500042,24.1607409],[92.5002266,24.1607621],[92.5004228,24.1607833],[92.5006964,24.1607505],[92.5009789,24.1607149],[92.5012091,24.1605718],[92.5012455,24.1605487],[92.5015073,24.1603877],[92.502074,24.1608374],[92.502767,24.1615467],[92.5032485,24.1622829],[92.5033366,24.1628202],[92.5032772,24.1631812],[92.5033507,24.1634296],[92.5035327,24.1635697],[92.5039854,24.1635294],[92.5046647,24.1632501],[92.5052403,24.1632099],[92.5056831,24.1633141],[92.5060616,24.163662],[92.5061841,24.1641316],[92.5058934,24.1647001],[92.5053959,24.1652279],[92.504746,24.1657511],[92.5038696,24.1662379],[92.5034659,24.1665537],[92.5031704,24.1669462],[92.502988,24.1672259],[92.5029731,24.167429],[92.5030664,24.1676141],[92.5032729,24.1677724],[92.5037598,24.1678765],[92.5047537,24.1679315],[92.5054967,24.1678779],[92.5075345,24.1670624],[92.5080712,24.1667242],[92.5087065,24.1660882],[92.5090957,24.1655061],[92.5094455,24.1649917],[92.5097951,24.1646896],[92.5100363,24.1646039],[92.5103413,24.1646223],[92.5108331,24.1649387],[92.5114084,24.1654085],[92.5115508,24.1657111],[92.511602,24.1659097],[92.5116195,24.1659776],[92.5115109,24.166325],[92.5110875,24.166573],[92.5100785,24.1668792],[92.5093699,24.1670141],[92.5087644,24.1673748],[92.5074053,24.1685791],[92.5070406,24.1691611],[92.5068779,24.1695086],[92.5069071,24.1698834],[92.5071628,24.1701183],[92.5078268,24.1703942],[92.5085795,24.1705347],[92.5091748,24.1705848],[92.5096128,24.1705129],[92.5099771,24.1702785],[92.5104009,24.1696693],[92.5107898,24.1692949],[92.5115183,24.1691284],[92.5124827,24.1690614],[92.5132404,24.1690214],[92.5138554,24.1691753],[92.5144112,24.1694645],[92.5146618,24.1698304],[92.5147796,24.1702052],[92.5146758,24.1707197],[92.514282,24.1709407],[92.513603,24.1708996],[92.5126389,24.1705107],[92.5121075,24.1704832],[92.511822,24.1706183],[92.511625,24.1709388],[92.511472,24.1713674],[92.511142,24.1716606],[92.5106893,24.1718499],[92.5102217,24.171976],[92.5101268,24.1720558],[92.5099804,24.1721789],[92.5099655,24.1722963],[92.5099654,24.1724634],[92.5102653,24.1726712],[92.5106637,24.1729424],[92.5113127,24.1734981],[92.5121877,24.1744513],[92.513456,24.1758516],[92.5139179,24.1766781],[92.5148024,24.1781053],[92.5151956,24.1785885],[92.5155153,24.1788551],[92.515771,24.1790043],[92.5160417,24.1790045],[92.5161451,24.1788691],[92.5161699,24.1786615],[92.5161949,24.1781469],[92.5162544,24.1776458],[92.5164663,24.1772758],[92.5168898,24.1769014],[92.5174759,24.1762653],[92.5181409,24.1754035],[92.5186089,24.1747267],[92.5193379,24.1738966],[92.5200321,24.1733148],[92.5204603,24.1732248],[92.5212033,24.1732659],[92.5217379,24.1731779],[92.5219415,24.1731444],[92.5227437,24.1728516],[92.5233148,24.1725359],[92.5235562,24.1722021],[92.5235771,24.1720506],[92.5236156,24.1717733],[92.5237535,24.1715883],[92.524039,24.1714395],[92.5244326,24.1714939],[92.5249588,24.1718148],[92.5256079,24.172384],[92.5259913,24.1728627],[92.5263649,24.1733912],[92.5266845,24.1737932],[92.5272156,24.174123],[92.527855,24.1744575],[92.5290254,24.1753882],[92.5301663,24.1763234],[92.5303826,24.176662],[92.5304662,24.1768381],[92.5304217,24.1770187],[92.5301658,24.1770998],[92.5295014,24.1771535],[92.5289847,24.1772526],[92.5287139,24.1773607],[92.5285958,24.1775683],[92.5286399,24.1778076],[92.5289349,24.1780832],[92.529289,24.1783316],[92.529853,24.178582],[92.5300121,24.1786526],[92.531867,24.178902],[92.5325215,24.178952],[92.5329741,24.1791465],[92.5333675,24.1794085],[92.5337462,24.1796977],[92.5340167,24.1799371],[92.5342123,24.1801465],[92.5342371,24.1802098],[92.5341782,24.1804135],[92.5337852,24.1809872],[92.5326456,24.1825504],[92.5318791,24.1835443],[92.5311964,24.1846511],[92.5311084,24.1851071],[92.5312616,24.185626],[92.5315874,24.1864744],[92.5318786,24.1871287],[92.532347,24.1878865],[92.5323514,24.1878932],[92.5327759,24.1885316],[92.5334216,24.1892984],[92.533609,24.1896233],[92.533841,24.1901738],[92.5340683,24.1909771],[92.5341376,24.1912478],[92.5342865,24.1922408],[92.5343906,24.1928411],[92.5345784,24.1934865],[92.5346377,24.193667],[92.5347609,24.1938429],[92.5353423,24.1943344],[92.5363817,24.1951458],[92.5372291,24.1958717],[92.5375395,24.1961738],[92.537722,24.1964671],[92.5378405,24.1967694],[92.5380587,24.1980512],[92.538066,24.198168],[92.5380788,24.1983769],[92.538083,24.1984854],[92.5380848,24.1985633],[92.5380305,24.1987412],[92.5379784,24.1989025],[92.5379746,24.1989135],[92.537888,24.199069],[92.5378366,24.1991611],[92.5376882,24.1993076],[92.5376422,24.199353],[92.5374481,24.1995442],[92.537089,24.199787],[92.5370528,24.1998116],[92.5369502,24.1999334],[92.5366693,24.2009585],[92.5366707,24.2009809],[92.5366886,24.2012551],[92.536841,24.2015849],[92.5368615,24.2016057],[92.5370279,24.2017745],[92.5370471,24.2017745],[92.5372945,24.2017748],[92.5374177,24.2017747],[92.5378103,24.201775],[92.5379195,24.2017753],[92.5382112,24.2018521],[92.5392997,24.2024468],[92.5396248,24.2027037],[92.5399107,24.2029878],[92.5401916,24.2032674],[92.5404818,24.2035822],[92.5405016,24.2037861],[92.5405009,24.203792],[92.5404668,24.2040187],[92.5404324,24.2042543],[92.5404467,24.2043815],[92.5405132,24.20454],[92.540592,24.2046122],[92.5406757,24.2046889],[92.5408629,24.204806],[92.5410501,24.2049232],[92.5411043,24.2049773],[92.5411536,24.2050314],[92.5415332,24.205505],[92.5417208,24.2059608],[92.5417555,24.2061323],[92.5417902,24.2063038],[92.5420105,24.2075159],[92.5419905,24.20792],[92.5419062,24.2081102],[92.5418029,24.2081467],[92.5416824,24.2081885],[92.5415542,24.2082686],[92.5414187,24.2083536],[92.5410797,24.2087648],[92.5410519,24.208857],[92.5410261,24.2089437],[92.540942,24.2092296],[92.5408964,24.2094962],[92.5408528,24.2097511],[92.5408775,24.2098699],[92.5409041,24.2099974],[92.5409556,24.2102403],[92.5410818,24.2104215],[92.5412101,24.210602],[92.5413825,24.2107282],[92.5415549,24.2108499],[92.5417225,24.2109535],[92.5418948,24.2110526],[92.5421951,24.2111426],[92.542495,24.2112301],[92.542708,24.2112839],[92.54292,24.2113376],[92.5430679,24.2113929],[92.5432629,24.2114661],[92.5433511,24.2116684],[92.5433047,24.2117918],[92.5432622,24.2119034],[92.5429889,24.2121258],[92.5426197,24.212243],[92.5422826,24.2124129],[92.5421443,24.2127748],[92.5421584,24.2131018],[92.5422966,24.2134447],[92.542568,24.213941],[92.5428786,24.2143063],[92.5430413,24.2145003],[92.543303,24.2151455],[92.5433821,24.2153892],[92.543457,24.2156322],[92.5436042,24.2158133],[92.5439392,24.2160882],[92.5443474,24.2163908],[92.5446627,24.2164908],[92.5449145,24.2165657],[92.5451691,24.2166395],[92.5456112,24.2167214],[92.5459219,24.2169057],[92.5461607,24.2173181],[92.5461956,24.2176477],[92.5460927,24.2179142],[92.5459011,24.2181988],[92.5458031,24.2185735],[92.5458182,24.2188173],[92.5459908,24.2190744],[92.5464099,24.2195389],[92.5468464,24.2197965],[92.5471164,24.2201571],[92.5471704,24.2205501],[92.5471161,24.2207533],[92.5469281,24.2209758],[92.5467913,24.2213035],[92.5468115,24.2216466],[92.5470483,24.2220706],[92.5473343,24.2224495],[92.5475266,24.2226841],[92.5477139,24.2229186],[92.5477388,24.2231307],[92.5476556,24.2234469],[92.5474641,24.2237902],[92.5471743,24.2242464],[92.5470565,24.2245445],[92.5469646,24.2257725],[92.546897,24.2266935],[92.5467862,24.2285038],[92.5467487,24.2299078],[92.5467835,24.2301154],[92.5468525,24.2302056],[92.5469708,24.2303003],[92.5471333,24.2303723],[92.547562,24.2306381],[92.5477936,24.2308185],[92.5480252,24.2310032],[92.5482964,24.2313506],[92.5484692,24.2316619],[92.5484842,24.2318649],[92.5483516,24.2320548],[92.5481252,24.2321498],[92.5478545,24.2321817],[92.5476921,24.232227],[92.5475297,24.2322724],[92.5472493,24.2323991],[92.5469788,24.2326341],[92.54692,24.2328012],[92.5468661,24.2329683],[92.5468327,24.2337402],[92.5468731,24.2345573],[92.5469063,24.2347615],[92.5470278,24.2360649],[92.5470515,24.2364476],[92.5470522,24.2364539],[92.5471267,24.236645],[92.5471461,24.2366943],[92.5471527,24.2367086],[92.5471788,24.2367645],[92.547353,24.2371347],[92.5475072,24.2374277],[92.5476651,24.2377209],[92.5481094,24.2386955],[92.5485589,24.2397016],[92.5488112,24.2406133],[92.5489402,24.241358],[92.5491951,24.2424079],[92.5499003,24.2448498],[92.5503296,24.2456494],[92.5506548,24.2470012],[92.5508961,24.2472223],[92.5513391,24.2473941],[92.5519052,24.247426],[92.5528013,24.2474354],[92.5538107,24.2472643],[92.5544115,24.2471067],[92.5546872,24.24703],[92.5549235,24.2469624],[92.5553519,24.2468363],[92.5564546,24.2473017],[92.5568778,24.2477127],[92.5578178,24.2483496],[92.5581082,24.248449],[92.5583297,24.2485214],[92.5587629,24.2486028],[92.5592012,24.2486798],[92.5593833,24.2487249],[92.5595408,24.2487656],[92.5597476,24.2488199],[92.5600478,24.2489871],[92.5604563,24.2493303],[92.5607022,24.249678],[92.5609532,24.2500212],[92.561342,24.2503961],[92.5613863,24.2504367],[92.5617732,24.2507745],[92.5626116,24.2512007],[92.5635716,24.2514219],[92.5663116,24.2516286],[92.5670571,24.2516495],[92.5680194,24.2516455],[92.5689231,24.2515444],[92.5702628,24.2515129],[92.5708553,24.2516818],[92.5721293,24.2518817],[92.5731185,24.2518633],[92.5751077,24.2512319],[92.5763696,24.2507185],[92.5770531,24.250483],[92.5801305,24.2498204],[92.5804161,24.2497618],[92.5807559,24.2497212],[92.5815879,24.2498163],[92.5825085,24.2501099],[92.5828728,24.2504668],[92.5833155,24.2503971],[92.5842911,24.250195],[92.5851327,24.2499975],[92.5870077,24.2497052],[92.5883292,24.2491714],[92.5887861,24.2488748],[92.5890323,24.2487665],[92.5905777,24.248708],[92.5909131,24.2487218],[92.5913707,24.2491007],[92.5925575,24.2495888],[92.5945266,24.2502483],[92.5954029,24.2504878],[92.5957081,24.2504878],[92.598616,24.2500731],[92.6003093,24.2500958],[92.6009674,24.2500979],[92.6019322,24.2492925],[92.6024148,24.2486696],[92.6025969,24.2485703],[92.6029873,24.2484978],[92.6031764,24.2484637],[92.6033174,24.2484438],[92.6035566,24.2484125],[92.6060479,24.2484534],[92.606521,24.2485259],[92.6068259,24.2486658],[92.6070129,24.2489186],[92.6070572,24.2492255],[92.6070724,24.2496453],[92.6071753,24.2498936],[92.6075082,24.2502402],[92.6084014,24.2510715],[92.609366,24.2514876],[92.6099366,24.251899],[92.6105369,24.2523465],[92.6114913,24.253056],[92.6123032,24.2534676],[92.612544,24.2538831],[92.6126911,24.2544566],[92.6126021,24.254926],[92.6126902,24.2554181],[92.6129016,24.2556937],[92.6133052,24.2558113],[92.6136941,24.2558659],[92.6139797,24.2558932],[92.6141569,24.2559521],[92.6141616,24.2561101],[92.6140234,24.2564169],[92.6136929,24.2569674],[92.613091,24.2581541],[92.613076,24.2583436],[92.6131101,24.2586462],[92.6141422,24.2604934],[92.6143438,24.2607735],[92.6144174,24.2609857],[92.6144615,24.261207],[92.6144457,24.2622091],[92.6144693,24.2631526],[92.6149362,24.2640874],[92.6151133,24.2641824],[92.6152608,24.264336],[92.6153345,24.2645663],[92.6153391,24.2648282],[92.6153093,24.2650899],[92.615112,24.2654464],[92.614969,24.2655772],[92.6148948,24.2659066],[92.6149241,24.2661685],[92.6152823,24.2673786],[92.6153953,24.267618],[92.6155279,24.2678935],[92.6157491,24.2682413],[92.615867,24.2684896],[92.6159898,24.2688915],[92.6160091,24.2692165],[92.6159646,24.2694196],[92.6158509,24.2699161],[92.6158209,24.2702863],[92.6158648,24.2707377],[92.6159826,24.2711125],[92.6163412,24.2718802],[92.6165181,24.2722596],[92.616606,24.2729413],[92.6165711,24.2734063],[92.6165303,24.2746837],[92.6166038,24.2750721],[92.6172228,24.2765126],[92.6173606,24.2766662],[92.6175525,24.2767702],[92.6175605,24.2785488],[92.6176336,24.2792802],[92.6172046,24.279835],[92.6171453,24.2800382],[92.6171008,24.2802458],[92.6171744,24.2804942],[92.6173465,24.2806432],[92.6177601,24.280779],[92.6179964,24.2808469],[92.6182622,24.2810458],[92.6183507,24.2811903],[92.6184095,24.2815064],[92.618423,24.2826439],[92.6184077,24.2831541],[92.6182892,24.2835603],[92.618702,24.2843822],[92.6189531,24.2844231],[92.6190908,24.284545],[92.619199,24.2847799],[92.6191838,24.28515],[92.6191636,24.2856195],[92.6192566,24.2862199],[92.619345,24.2865224],[92.619581,24.2868296],[92.6196547,24.2869652],[92.6197137,24.2871322],[92.6196988,24.2872993],[92.6196542,24.2875158],[92.6193879,24.2878497],[92.6189788,24.2881653],[92.6179293,24.2886294],[92.6166434,24.2890842],[92.6162098,24.2892373],[92.6160274,24.2893906],[92.6159139,24.2895756],[92.6159186,24.2899594],[92.6161101,24.290429],[92.6162181,24.2908128],[92.616262,24.2911018],[92.6162912,24.2915126],[92.6162169,24.2919278],[92.6162165,24.2922845],[92.6163197,24.2925418],[92.6166834,24.2932103],[92.6170914,24.2940367],[92.6172387,24.294407],[92.6173462,24.2952738],[92.6173557,24.2956575],[92.6176209,24.2964161],[92.6178861,24.2971703],[92.6180678,24.2976129],[92.6181855,24.2981772],[92.618327,24.2994504],[92.6183757,24.2999875],[92.6183457,24.3003983],[92.6182559,24.3015403],[92.6184125,24.3025652],[92.6185056,24.3030122],[92.6187564,24.3034232],[92.6188142,24.3046602],[92.6191429,24.3058928],[92.618467,24.3069937],[92.6182845,24.3072599],[92.618304,24.3074495],[92.6184368,24.3076122],[92.6186781,24.3076936],[92.6190671,24.3077616],[92.6192888,24.3078025],[92.6194463,24.3079019],[92.6194955,24.3080058],[92.6194362,24.3081547],[92.6191452,24.308511],[92.6188345,24.3089397],[92.6187602,24.3092149],[92.6187453,24.3094045],[92.6187993,24.3096258],[92.6190304,24.3099826],[92.6192615,24.3104297],[92.6194576,24.311283],[92.6194867,24.311748],[92.6193825,24.3125064],[92.6193329,24.3127952],[92.6193721,24.3130571],[92.6195539,24.3135447],[92.619898,24.3142312],[92.6206504,24.3154372],[92.6210243,24.3159521],[92.621477,24.316413],[92.6216,24.31658],[92.6216738,24.3167246],[92.6217175,24.3173565],[92.6217218,24.3179344],[92.6217017,24.3183858],[92.62178,24.3188598],[92.621908,24.3189683],[92.6221148,24.3189955],[92.6225336,24.3190321],[92.6227306,24.3190683],[92.6230604,24.3192311],[92.623149,24.3193441],[92.6234294,24.3197821],[92.6235375,24.3200215],[92.6236112,24.3202834],[92.6236552,24.3206536],[92.6237081,24.3218409],[92.6238261,24.3221931],[92.6238604,24.3223195],[92.6238454,24.3225813],[92.6237367,24.3228024],[92.6235494,24.3229964],[92.6233817,24.3231271],[92.6231845,24.3232669],[92.6229874,24.3233345],[92.6227806,24.3233072],[92.622288,24.3232165],[92.6219579,24.3232117],[92.6217658,24.3232386],[92.6215933,24.3232972],[92.6215488,24.3234326],[92.6215486,24.3237079],[92.6216364,24.3244529],[92.6217198,24.3248637],[92.6219066,24.3252792],[92.6221034,24.3255366],[92.6223545,24.325722],[92.6227534,24.3258261],[92.6229652,24.3258985],[92.6230883,24.3259798],[92.6231325,24.3260882],[92.6231325,24.3261424],[92.6230732,24.3262959],[92.6228514,24.3263634],[92.6225065,24.3263947],[92.6223833,24.3264623],[92.6223684,24.3265887],[92.6224274,24.3267242],[92.6225208,24.3268642],[92.6226735,24.3269591],[92.6231118,24.3270317],[92.6233385,24.327059],[92.6235601,24.3270907],[92.6236536,24.3271585],[92.6236831,24.3272849],[92.6236829,24.3274204],[92.6236384,24.3276416],[92.6235151,24.3277769],[92.6232785,24.3278399],[92.6229189,24.3278396],[92.6227218,24.3278665],[92.6225001,24.3279295],[92.6224113,24.3280107],[92.6223373,24.3281054],[92.6223322,24.328286],[92.622406,24.3284486],[92.6224098,24.3295094],[92.6223307,24.3297396],[92.6223353,24.3301142],[92.6223542,24.3309042],[92.6223884,24.3311932],[92.6224326,24.3313421],[92.6226295,24.3315364],[92.6230628,24.3317806],[92.6239437,24.3327428],[92.6246721,24.3336146],[92.6254869,24.333909],[92.628438,24.3336517],[92.6297879,24.3335659],[92.6302363,24.3336245],[92.6311675,24.3340353],[92.6327835,24.3349967],[92.6340399,24.3358453],[92.6348824,24.336563],[92.63539,24.3367526],[92.6356905,24.3366983],[92.6358973,24.3365043],[92.6365279,24.3353802],[92.6370353,24.3349693],[92.6384444,24.3346939],[92.6386857,24.3344455],[92.6386857,24.334283],[92.6384443,24.3342244],[92.6373949,24.3342832],[92.6367396,24.3343373],[92.6361238,24.3341027],[92.6358577,24.3339944],[92.6357248,24.3338905],[92.6354242,24.3335565],[92.6353551,24.3334121],[92.6353552,24.333245],[92.6354586,24.3328388],[92.6355866,24.3323873],[92.6360152,24.3315747],[92.636296,24.3313445],[92.6365768,24.3312136],[92.6367788,24.3311909],[92.6370448,24.3311909],[92.6372173,24.3312586],[92.63737,24.3314122],[92.6376952,24.3319222],[92.6383259,24.3325858],[92.6389369,24.3331003],[92.6394937,24.3335562],[92.6397499,24.3337412],[92.6399223,24.3337818],[92.6400406,24.3337819],[92.640144,24.3337683],[92.6402278,24.3337276],[92.6402869,24.333687],[92.6403558,24.3336103],[92.6403706,24.333529],[92.6403508,24.3330234],[92.6401438,24.3317233],[92.6400895,24.331457],[92.6399614,24.3311139],[92.6394341,24.3301705],[92.6391138,24.3294257],[92.6387245,24.3285184],[92.6387245,24.3284236],[92.6388034,24.3283875],[92.6389462,24.3283964],[92.6391777,24.3284642],[92.6396556,24.3286447],[92.6399316,24.3287033],[92.6402665,24.3286808],[92.6404094,24.3286175],[92.6405621,24.3285317],[92.6406804,24.3284144],[92.6410054,24.3279764],[92.6419907,24.3280034],[92.6422076,24.3281795],[92.64238,24.3283059],[92.6425623,24.3283465],[92.6427839,24.3283599],[92.6430107,24.3283599],[92.6436658,24.3282108],[92.6439681,24.3281022],[92.6442816,24.3279896],[92.6450156,24.3277909],[92.6454442,24.3277367],[92.6457645,24.3277817],[92.6459025,24.3278539],[92.646006,24.3280345],[92.6460848,24.3284001],[92.6461193,24.3286619],[92.6461117,24.3288914],[92.6461095,24.3289553],[92.6460603,24.3291676],[92.6458977,24.3294565],[92.6456416,24.3297816],[92.6455185,24.3301382],[92.6455285,24.3303594],[92.6456072,24.3305173],[92.64576,24.3306844],[92.6459325,24.3308017],[92.646169,24.3309461],[92.6464252,24.3310229],[92.6466173,24.3310093],[92.6467109,24.3309686],[92.6467996,24.3308828],[92.6468833,24.330779],[92.6471,24.3302869],[92.6472625,24.3299393],[92.6476269,24.3292983],[92.6479127,24.3290048],[92.6481984,24.3287835],[92.648489,24.3286797],[92.6488536,24.3286028],[92.6492329,24.3286028],[92.6495285,24.3286795],[92.6498389,24.3288013],[92.6500262,24.3289502],[92.6501247,24.3290857],[92.6501937,24.3292346],[92.6501937,24.3293926],[92.6501741,24.3295055],[92.650115,24.3296229],[92.6499672,24.3298666],[92.6498195,24.3300969],[92.6497505,24.3303046],[92.6497112,24.3306793],[92.6497901,24.3310178],[92.6499725,24.331424],[92.6501104,24.3315956],[92.65048,24.3317626],[92.6506721,24.3318257],[92.6509283,24.3318483],[92.651086,24.3317082],[92.6512583,24.3314238],[92.6514307,24.3311304],[92.6516031,24.3310039],[92.6517165,24.3310491],[92.6517509,24.3311935],[92.6517067,24.3314869],[92.6516131,24.3318571],[92.6514654,24.3322996],[92.6513867,24.332891],[92.6514167,24.3345882],[92.6515005,24.3350397],[92.6516139,24.3354685],[92.6520181,24.3361275],[92.6524221,24.3365473],[92.6526981,24.3367142],[92.6530085,24.3367368],[92.6534519,24.3366554],[92.6537081,24.3366012],[92.6538313,24.3366238],[92.6539249,24.336705],[92.6541664,24.3369577],[92.6550043,24.3381674],[92.6560145,24.3392957],[92.6565665,24.3398327],[92.6570249,24.340442],[92.6575917,24.3412771],[92.6577444,24.3414215],[92.6580056,24.3415884],[92.6582718,24.3416832],[92.6585219,24.3417171],[92.6586708,24.3417373],[92.6589566,24.3418004],[92.6591094,24.3418952],[92.6591636,24.3420126],[92.6591981,24.342157],[92.6592229,24.3423872],[92.6592131,24.3425768],[92.659154,24.3428296],[92.6589915,24.3430825],[92.6588684,24.3432405],[92.6586959,24.3433579],[92.6584053,24.3435295],[92.6578978,24.3436876],[92.657681,24.3438863],[92.657622,24.3440443],[92.6576368,24.3442204],[92.6576812,24.3443783],[92.6578094,24.3444822],[92.6579917,24.3445363],[92.6581838,24.3445678],[92.6588194,24.3445993],[92.6591052,24.3445992],[92.6593909,24.3445043],[92.6598048,24.3442649],[92.6602975,24.3440121],[92.6603145,24.3440121],[92.6605142,24.3440121],[92.6606177,24.3440526],[92.6606522,24.344179],[92.6606522,24.344328],[92.6605735,24.3444725],[92.660478,24.3445653],[92.660411,24.3446305],[92.6602831,24.3454927],[92.6609093,24.3471131],[92.6610968,24.3479121],[92.6611954,24.3480611],[92.6613678,24.3481558],[92.6615896,24.3481784],[92.6618064,24.3481647],[92.6626441,24.3485663],[92.6628166,24.3487559],[92.662999,24.3488371],[92.6631566,24.348819],[92.6633192,24.3486926],[92.6633881,24.3485842],[92.6634718,24.3482546],[92.6636883,24.347108],[92.6639738,24.3462592],[92.6641363,24.346047],[92.6642743,24.346056],[92.6643532,24.3461644],[92.664368,24.3463223],[92.6644172,24.3465821],[92.664511,24.3470687],[92.6646361,24.3476412],[92.6649488,24.3490438],[92.6651051,24.3496019],[92.6656204,24.3496447],[92.6658423,24.3494999],[92.6659309,24.3492697],[92.6659996,24.3484887],[92.6661863,24.3467868],[92.6662995,24.3463037],[92.666526,24.3461366],[92.6667576,24.3461366],[92.66694,24.3463262],[92.6672603,24.3465788],[92.6676497,24.3468089],[92.6679256,24.3468495],[92.6681326,24.3467637],[92.668433,24.3464702],[92.6684916,24.3464018],[92.6686842,24.3461767],[92.6689355,24.3460908],[92.6691868,24.3462171],[92.6693249,24.3465331],[92.6694407,24.3469089],[92.6695321,24.3472056],[92.6698081,24.347481],[92.6700841,24.3475621],[92.6704044,24.3475214],[92.6705347,24.3474935],[92.6707,24.3474581],[92.6711828,24.3474354],[92.6715968,24.3474984],[92.6718728,24.3478369],[92.6721242,24.3482566],[92.6724003,24.348699],[92.6731397,24.3494526],[92.6733911,24.3496421],[92.6737311,24.3497188],[92.6757711,24.349858],[92.6767469,24.3500654],[92.677008,24.350151],[92.6771558,24.350151],[92.6773184,24.3501194],[92.6774613,24.350029],[92.6780423,24.3491666],[92.6788352,24.3480919],[92.6790962,24.3477984],[92.6793277,24.3476945],[92.679579,24.3476312],[92.6799239,24.3476537],[92.6804404,24.3477572],[92.6804857,24.3477662],[92.6809785,24.3478203],[92.6814071,24.3477614],[92.6820033,24.3476212],[92.6826929,24.3473366],[92.6838259,24.3466139],[92.6842397,24.3464242],[92.6845156,24.3463924],[92.684698,24.346433],[92.6848359,24.3465367],[92.6849395,24.3467263],[92.6850184,24.3468753],[92.6850628,24.3470422],[92.6851222,24.3474621],[92.6851223,24.3477374],[92.6850781,24.3479586],[92.6849943,24.3480941],[92.6848811,24.3482295],[92.6846004,24.3484463],[92.6838221,24.3491464],[92.683709,24.3494759],[92.6836795,24.3497739],[92.6836995,24.3501937],[92.6837587,24.35046],[92.6839066,24.3506992],[92.6841482,24.3508571],[92.6847544,24.3511007],[92.6855744,24.3512526],[92.686213,24.3513709],[92.6876965,24.3520383],[92.6888055,24.3526609],[92.6892886,24.3530805],[92.6897619,24.3536039],[92.6900135,24.3540236],[92.6900135,24.3541816],[92.6899643,24.3542765],[92.6898461,24.3544616],[92.6894914,24.3547145],[92.68926,24.3548817],[92.6892058,24.3550623],[92.6892503,24.3552382],[92.6893785,24.3554188],[92.6905767,24.3569305],[92.6911288,24.3573049],[92.6914146,24.3574222],[92.6915083,24.3575395],[92.6915183,24.3576659],[92.6914937,24.3577878],[92.6914149,24.3579594],[92.6912033,24.3583522],[92.6911098,24.3586954],[92.691056,24.3594537],[92.691096,24.3605417],[92.6910031,24.3618644],[92.691166,24.3625189],[92.691309,24.3627851],[92.691733,24.3631415],[92.6927189,24.3637279],[92.6938526,24.3641157],[92.6939807,24.3641788],[92.6940153,24.3642645],[92.693966,24.3643684],[92.6938774,24.3644858],[92.69371,24.3646484],[92.6933997,24.3650864],[92.6934097,24.3652579],[92.6934788,24.3653527],[92.6936414,24.3653932],[92.6938336,24.3653616],[92.6940897,24.3652982],[92.6944101,24.3652124],[92.6946171,24.3652348],[92.6947551,24.3653611],[92.6947404,24.365474],[92.6946025,24.3656862],[92.693785,24.3666797],[92.6932579,24.3671856],[92.6927408,24.3677004],[92.6926522,24.3679758],[92.6926967,24.3682377],[92.692825,24.3684678],[92.6929828,24.3686663],[92.6931554,24.3687746],[92.6934363,24.3688196],[92.6950083,24.3687873],[92.695615,24.3698478],[92.6958125,24.3703533],[92.6961332,24.3709084],[92.6965476,24.3713278],[92.6969172,24.3717612],[92.6970158,24.3719282],[92.6970157,24.3720456],[92.6969516,24.3722126],[92.6967987,24.3724157],[92.6967198,24.3725556],[92.6965915,24.3728354],[92.6965965,24.3730069],[92.69669,24.3731514],[92.6976358,24.3743028],[92.6977835,24.3743752],[92.698035,24.3743526],[92.6981729,24.3742759],[92.6984933,24.3741768],[92.6994742,24.3738882],[92.6997404,24.3738431],[92.7000705,24.3738613],[92.7002085,24.37392],[92.700307,24.3740149],[92.7003661,24.3741412],[92.7003858,24.3743083],[92.700361,24.3746695],[92.7003609,24.3749177],[92.7004545,24.3750035],[92.7005679,24.3750352],[92.7007059,24.3750261],[92.7008045,24.374972],[92.700972,24.3748096],[92.7011298,24.3745704],[92.701401,24.3743899],[92.7016376,24.3743358],[92.7019036,24.3743494],[92.702362,24.3744398],[92.7028055,24.3746431],[92.7032391,24.3749683],[92.7034607,24.375185],[92.7036135,24.3754469],[92.7037217,24.3759615],[92.7038348,24.3765394],[92.7044061,24.3777584],[92.704608,24.3781196],[92.7046277,24.3783091],[92.7045586,24.3784671],[92.7044058,24.3786296],[92.7042875,24.3787515],[92.7036514,24.3792929],[92.7033951,24.3795773],[92.7032668,24.3799204],[92.7032174,24.3803266],[92.7032321,24.3807013],[92.703439,24.381076],[92.7038281,24.3815637],[92.7043355,24.3822274],[92.7044488,24.3825886],[92.7044339,24.3828459],[92.7043549,24.3831889],[92.7041772,24.3838479],[92.7040439,24.384376],[92.7040932,24.3846379],[92.7043,24.3848817],[92.7045071,24.3849585],[92.7047239,24.3849405],[92.7049803,24.3848323],[92.7052859,24.384575],[92.7054881,24.3844081],[92.7056605,24.384381],[92.7057985,24.384485],[92.7059513,24.3846565],[92.70704,24.3861735],[92.7072568,24.3865663],[92.7073355,24.3869862],[92.7073206,24.3874106],[92.7072217,24.3882411],[92.7069995,24.3894012],[92.7066739,24.3904033],[92.7064468,24.3911932],[92.7064023,24.3918477],[92.7064712,24.3921502],[92.706624,24.3923624],[92.7067964,24.3925114],[92.7070526,24.3926062],[92.7074617,24.3926786],[92.7081419,24.3928458],[92.7087974,24.3930446],[92.709098,24.3931801],[92.7092754,24.3933653],[92.7093641,24.3936045],[92.7093788,24.3938348],[92.7093196,24.3941462],[92.7092159,24.3945479],[92.7092355,24.3948323],[92.7093193,24.39504],[92.7095114,24.3953019],[92.7098908,24.3957173],[92.710014,24.3959295],[92.7100534,24.3960965],[92.7100287,24.3962365],[92.7099202,24.3963764],[92.7094172,24.3969901],[92.7092003,24.3972068],[92.70922,24.3973468],[92.7094269,24.3975996],[92.7102942,24.398471],[92.7109988,24.3993514],[92.711122,24.3995817],[92.7111761,24.399803],[92.711176,24.4001776],[92.7112202,24.4005387],[92.7114123,24.400927],[92.7117031,24.4012205],[92.7123043,24.4021912],[92.7130139,24.403031],[92.713275,24.4033155],[92.7133144,24.4035367],[92.7132847,24.4037308],[92.7131663,24.403961],[92.7130136,24.4041731],[92.7127473,24.4043942],[92.7124465,24.4045792],[92.7121803,24.4047507],[92.7120077,24.4049492],[92.7118597,24.4052111],[92.7117462,24.405509],[92.7115488,24.4062402],[92.711425,24.4069451],[92.711376,24.4072242],[92.7114795,24.4074048],[92.7116864,24.4075313],[92.7120019,24.4076307],[92.7128991,24.407825],[92.7136878,24.4080013],[92.7139441,24.4081142],[92.7139785,24.4082406],[92.7139046,24.4083805],[92.7137715,24.4085024],[92.7136333,24.4087777],[92.7136678,24.4089582],[92.713791,24.4090983],[92.7142642,24.4092698],[92.7149493,24.4094461],[92.7150874,24.4095364],[92.715107,24.4096628],[92.7150626,24.4098028],[92.7149591,24.4099697],[92.7148604,24.4100871],[92.7146731,24.4102089],[92.7143082,24.4103307],[92.7135491,24.4105246],[92.7131151,24.4107593],[92.7129031,24.4109984],[92.7128981,24.4112061],[92.7143026,24.4128496],[92.7145737,24.4131567],[92.7146771,24.4135403],[92.7147361,24.4142536],[92.7148198,24.4146148],[92.7150859,24.414976],[92.7153718,24.4151747],[92.7156183,24.4151747],[92.7159437,24.4150574],[92.716491,24.4149537],[92.7167966,24.4149944],[92.717043,24.4151569],[92.7172402,24.415342],[92.717393,24.4155994],[92.7174767,24.4158612],[92.7174816,24.4161411],[92.717373,24.4163443],[92.71723,24.4167595],[92.7171411,24.4171838],[92.7172298,24.4176262],[92.7176536,24.4181454],[92.7179789,24.4185699],[92.7181119,24.418913],[92.7181168,24.4191342],[92.7179934,24.419545],[92.7179686,24.4201498],[92.7182101,24.420511],[92.7188509,24.4212559],[92.7195753,24.4223169],[92.7197922,24.4227232],[92.7200681,24.4234998],[92.7207533,24.4241003],[92.7215814,24.4248091],[92.7217884,24.425229],[92.721808,24.4254683],[92.7217192,24.4257119],[92.7214233,24.4262085],[92.7212458,24.4265696],[92.7213591,24.4268494],[92.7216647,24.4271881],[92.7223006,24.4276532],[92.7226752,24.4278744],[92.7228577,24.4281137],[92.7229365,24.4284568],[92.7229167,24.4287773],[92.7228575,24.429143],[92.7226355,24.4294273],[92.7223248,24.4297432],[92.7218218,24.4303706],[92.7215998,24.4309529],[92.721708,24.4319505],[92.7225409,24.4337067],[92.7232014,24.4347451],[92.7236992,24.4355577],[92.7238963,24.4362258],[92.7241428,24.4365689],[92.7244928,24.4368488],[92.7251732,24.4371514],[92.7255923,24.4374314],[92.7258979,24.4379731],[92.7261197,24.4385149],[92.7264893,24.4400316],[92.7265137,24.4409751],[92.7266468,24.4414581],[92.7268242,24.4420224],[92.7269769,24.4427041],[92.7269916,24.4431419],[92.7270112,24.4439861],[92.7270308,24.4448709],[92.7272574,24.4457783],[92.7274989,24.4464238],[92.7278391,24.4468797],[92.7284999,24.4472365],[92.7291802,24.4476609],[92.7299938,24.4484058],[92.7306101,24.4490063],[92.7313053,24.4502207],[92.7322765,24.4524147],[92.7336471,24.4547396],[92.7342682,24.4564506],[92.7355797,24.4594345],[92.7363242,24.461168],[92.7369158,24.4626352],[92.7373794,24.4633619],[92.7379662,24.4640526],[92.7385382,24.4652264],[92.7390214,24.4662872],[92.7394406,24.4669915],[92.7402198,24.4679079],[92.7405057,24.4685489],[92.7405945,24.4692757],[92.7404859,24.4700611],[92.7405106,24.4707021],[92.7406732,24.4719209],[92.7421231,24.474634],[92.7428531,24.4756858],[92.7433166,24.4760831],[92.743657,24.4765751],[92.744234,24.4780242],[92.7448455,24.4796357],[92.7450724,24.4811073],[92.7459503,24.4836623],[92.7464583,24.4853326],[92.7469811,24.4870254],[92.7474009,24.4874029],[92.7478648,24.4875875],[92.7481512,24.4878266],[92.7483685,24.4882146],[92.7485762,24.4887155],[92.7488482,24.4893879],[92.7490212,24.4897941],[92.7493622,24.4903219],[92.7497473,24.4907594],[92.7501424,24.4911654],[92.7504492,24.4915302],[92.7506314,24.4918012],[92.7508187,24.4920857],[92.7508876,24.4923025],[92.7508872,24.4925507],[92.7505951,24.4936835],[92.750205,24.4940759],[92.7496572,24.4943102],[92.7493166,24.4945717],[92.7493015,24.4949193],[92.7493703,24.4951676],[92.7496216,24.4954477],[92.7507055,24.496848],[92.7509961,24.4972816],[92.7511684,24.497688],[92.7514541,24.4980945],[92.7520159,24.4986908],[92.7524251,24.4990026],[92.7525975,24.4992059],[92.7527846,24.4995942],[92.7528533,24.5000141],[92.752922,24.5003753],[92.7530095,24.5005683],[92.7536463,24.5013302],[92.7540554,24.5017007],[92.7542228,24.5019988],[92.7541684,24.5021883],[92.7538375,24.5025357],[92.752781,24.5033473],[92.7523072,24.5035998],[92.7520357,24.5037756],[92.7518924,24.5040147],[92.7518427,24.5044119],[92.7518523,24.5045789],[92.7520642,24.5049176],[92.7522069,24.5051751],[92.7522067,24.5054775],[92.7521516,24.5062314],[92.7522748,24.5064436],[92.7524129,24.5065566],[92.7526545,24.50662],[92.7529505,24.5066698],[92.7530886,24.50667],[92.7531921,24.5067152],[92.7533154,24.5068417],[92.7536307,24.5073114],[92.7537734,24.5076952],[92.7538088,24.5080571],[92.7538762,24.5085213],[92.7539945,24.5086659],[92.7541177,24.5087428],[92.7544582,24.5087836],[92.7545322,24.508716],[92.7545865,24.5087199],[92.754917,24.5087434],[92.7552278,24.5087753],[92.7555236,24.5089876],[92.7561298,24.5095705],[92.756253,24.5097781],[92.7563021,24.510031],[92.7563315,24.5102523],[92.7562771,24.5104463],[92.7561042,24.5106493],[92.7559462,24.5107755],[92.7559461,24.5109516],[92.7559803,24.5111412],[92.7560394,24.5112631],[92.7562269,24.5113355],[92.7563996,24.5113176],[92.7566414,24.5112411],[92.7568205,24.5111663],[92.7569869,24.5110969],[92.7572337,24.5109842],[92.757441,24.5109393],[92.7577517,24.510971],[92.7580526,24.5110209],[92.7581708,24.5112558],[92.7581707,24.5114137],[92.758136,24.5116078],[92.7579926,24.5118289],[92.7578049,24.5121132],[92.7576839,24.5123102],[92.7576469,24.5123704],[92.7576467,24.5125419],[92.7577699,24.5127677],[92.7579078,24.5129077],[92.7582185,24.513084],[92.7582978,24.5131235],[92.7587262,24.5135403],[92.7590858,24.5141816],[92.7595389,24.5151209],[92.7598393,24.5156447],[92.7601154,24.515961],[92.7604112,24.5162139],[92.7607218,24.5163902],[92.7610028,24.5165981],[92.7611903,24.5167607],[92.7613134,24.517],[92.7612982,24.5173476],[92.7611943,24.5176365],[92.7609571,24.5181283],[92.7609864,24.5184308],[92.7611589,24.5186837],[92.7614695,24.5189367],[92.7623568,24.5198312],[92.7625786,24.5201338],[92.7626672,24.5204002],[92.7626669,24.5207523],[92.7628048,24.5210233],[92.7629972,24.5211317],[92.7632192,24.5211499],[92.763456,24.5211332],[92.7635968,24.5211218],[92.7638413,24.5209778],[92.7642171,24.51967],[92.765226,24.5169037],[92.7666849,24.5130496],[92.7680251,24.5092181],[92.7693357,24.5054318],[92.7707499,24.5014378],[92.7719101,24.5005823],[92.7726961,24.4983225],[92.7749555,24.4920494],[92.7760578,24.4891339],[92.7764681,24.4880328],[92.7776447,24.4846435],[92.7789596,24.4808615],[92.7797106,24.4791917],[92.7804175,24.4771698],[92.7815196,24.4741596],[92.7826809,24.471023],[92.7836792,24.4682474],[92.7849887,24.4646415],[92.7863327,24.4610173],[92.7877558,24.456987],[92.789159,24.4530696],[92.790562,24.4492921],[92.7918564,24.4456679],[92.7933678,24.4417415],[92.7945978,24.4383339],[92.7960202,24.4345066],[92.7966964,24.4328318],[92.7974464,24.4324625],[92.7994341,24.431335],[92.7996068,24.4310191],[92.7997006,24.4307889],[92.7997353,24.4305225],[92.79977,24.4302698],[92.7999082,24.4300938],[92.8001153,24.4299991],[92.8004752,24.4300173],[92.8006527,24.4300174],[92.8009091,24.4299859],[92.8011705,24.4298552],[92.8012742,24.4296521],[92.8013434,24.4292865],[92.8012401,24.4287989],[92.801428,24.4279909],[92.8015513,24.4277699],[92.8017933,24.4272463],[92.801818,24.4269981],[92.801626,24.4265555],[92.8013354,24.4260814],[92.8011433,24.4257021],[92.8011632,24.4253546],[92.8013361,24.4250071],[92.8016468,24.4246867],[92.8018687,24.4245605],[92.801992,24.4245921],[92.8021447,24.4247366],[92.8023024,24.424845],[92.802475,24.4249128],[92.8026476,24.4248316],[92.802697,24.4246556],[92.8026971,24.4243577],[92.8026135,24.4240868],[92.8024411,24.4237391],[92.8020865,24.4231431],[92.8018109,24.4223394],[92.801742,24.4220053],[92.8017224,24.4216894],[92.8018114,24.4212605],[92.8018954,24.421071],[92.8019152,24.4207867],[92.8017922,24.4205789],[92.8016196,24.4204524],[92.8007079,24.4199148],[92.7999781,24.4200273],[92.7997711,24.4201039],[92.7994802,24.4200271],[92.799288,24.4199141],[92.7992191,24.4197245],[92.7992193,24.419422],[92.7993674,24.4191287],[92.7997126,24.418858],[92.8000923,24.4187815],[92.8015766,24.4181953],[92.8020254,24.4179292],[92.8024198,24.4178301],[92.8027156,24.4178799],[92.8031839,24.417993],[92.80346,24.417993],[92.8038051,24.4178804],[92.8041504,24.4176594],[92.8049092,24.4181969],[92.8052196,24.4185762],[92.8055154,24.418766],[92.8058062,24.418879],[92.8060182,24.4188971],[92.8067083,24.4188974],[92.8068465,24.4188478],[92.8075619,24.4177647],[92.8077199,24.4174172],[92.8077693,24.4171329],[92.8077892,24.4167852],[92.8077696,24.4164377],[92.8083912,24.4157247],[92.8087018,24.415788],[92.8089088,24.4157881],[92.8089976,24.4156934],[92.8089534,24.4154766],[92.8088056,24.4153276],[92.808633,24.4152011],[92.8083915,24.4150927],[92.8082191,24.4149347],[92.8082192,24.4146773],[92.8086096,24.4130253],[92.808797,24.4126824],[92.8089696,24.4125244],[92.8091422,24.4124929],[92.8093837,24.4125878],[92.8096252,24.4128407],[92.8098321,24.4131116],[92.8100883,24.4133645],[92.8105023,24.4134279],[92.8109707,24.4133965],[92.8113355,24.413365],[92.8116117,24.4132839],[92.811661,24.4131124],[92.8113361,24.412381],[92.8107446,24.412146],[92.8103847,24.4121774],[92.810158,24.4120645],[92.8100742,24.4118614],[92.810178,24.4116041],[92.8103999,24.4114145],[92.8108683,24.4111935],[92.8111986,24.4111486],[92.8114895,24.4112435],[92.8116126,24.4114647],[92.8117308,24.4116363],[92.8118688,24.4116544],[92.8120612,24.4115732],[92.8121647,24.4114785],[92.8121993,24.4112573],[92.812234,24.4108465],[92.8122145,24.4104357],[92.812177,24.4101976],[92.8121555,24.410061],[92.8122247,24.409745],[92.8122938,24.4094923],[92.8124467,24.4092848],[92.8127574,24.4091269],[92.8129843,24.4090321],[92.8130327,24.409035],[92.8132948,24.4090503],[92.8145026,24.408956],[92.815178,24.4089698],[92.8164398,24.4092863],[92.8168687,24.4093497],[92.8172334,24.4094175],[92.8177312,24.4096525],[92.8181649,24.4099054],[92.8185444,24.4100635],[92.8187712,24.4100952],[92.8189438,24.4100501],[92.8190967,24.4099057],[92.8191856,24.4094002],[92.8191512,24.4092241],[92.8189935,24.4090977],[92.8187371,24.4091292],[92.8182343,24.4090838],[92.8177664,24.4082756],[92.8176826,24.4080228],[92.8178356,24.4078152],[92.8180279,24.4077205],[92.8183582,24.4076258],[92.8187181,24.4075312],[92.8189943,24.4073417],[92.8191324,24.4071206],[92.8191523,24.4068362],[92.819108,24.406466],[92.8189356,24.4061634],[92.818783,24.4058474],[92.8187486,24.4054818],[92.8188867,24.4052922],[92.8196955,24.4044212],[92.8199225,24.4040602],[92.8201641,24.4037127],[92.8204206,24.4034871],[92.8207854,24.4033156],[92.821096,24.4032345],[92.8215102,24.4031579],[92.8222792,24.4029776],[92.8226934,24.4026934],[92.8229843,24.4024543],[92.8231767,24.4021699],[92.8234873,24.402012],[92.8237436,24.4018857],[92.8241627,24.4018542],[92.8246457,24.4020124],[92.825109,24.4021705],[92.8255575,24.4023423],[92.8260257,24.4024101],[92.8265286,24.4023922],[92.8271497,24.4022479],[92.8276822,24.4021217],[92.8280618,24.4019187],[92.8284414,24.4017112],[92.8286929,24.4015712],[92.8296545,24.4005874],[92.8299455,24.4002896],[92.8300342,24.4000188],[92.8300146,24.3997976],[92.8294878,24.398064],[92.8294385,24.3978292],[92.8292663,24.3971476],[92.8291579,24.3969083],[92.8286603,24.3964341],[92.8275665,24.3948899],[92.8272907,24.3944159],[92.8270149,24.3939418],[92.8268573,24.3935942],[92.8265468,24.3931336],[92.8262709,24.3928672],[92.8258718,24.3926459],[92.8253889,24.3923252],[92.8251228,24.3920001],[92.8248125,24.3915893],[92.8244283,24.3907179],[92.823739,24.3888985],[92.8236357,24.3885644],[92.823621,24.3881852],[92.8236901,24.3877293],[92.8236952,24.3873861],[92.8235919,24.3871333],[92.8233701,24.3868308],[92.8232322,24.3866412],[92.8231435,24.3864696],[92.8231436,24.3862619],[92.8231832,24.3860724],[92.823765,24.3855354],[92.8240953,24.385233],[92.8243911,24.3849984],[92.8248398,24.3848045],[92.8252539,24.384615],[92.8253919,24.384457],[92.8254511,24.3842585],[92.825466,24.3839289],[92.8254317,24.3834052],[92.8253975,24.38285],[92.8254517,24.3826289],[92.8257623,24.3822633],[92.826142,24.381821],[92.8264527,24.3814915],[92.8266105,24.3812343],[92.8266698,24.3807829],[92.82667,24.3803721],[92.826616,24.3799433],[92.8265126,24.3794241],[92.8261679,24.3788371],[92.8258772,24.3783631],[92.8255817,24.3778709],[92.8255473,24.3777129],[92.8255572,24.3773743],[92.8257299,24.3770268],[92.825868,24.3767695],[92.8261786,24.3763769],[92.826642,24.3760927],[92.8270216,24.3758716],[92.8275934,24.3756461],[92.8279581,24.3754882],[92.828318,24.3752355],[92.8287321,24.374888],[92.8288899,24.3744773],[92.8290282,24.3741737],[92.8290626,24.3740981],[92.8293732,24.3736875],[92.829595,24.3735927],[92.8298759,24.3736064],[92.8301173,24.3736561],[92.8309009,24.3739768],[92.8321622,24.3748935],[92.832645,24.3754038],[92.8329751,24.3757515],[92.833182,24.3759547],[92.833389,24.3760359],[92.8336108,24.3761173],[92.8339557,24.3763386],[92.8344237,24.3768127],[92.8350987,24.3775577],[92.835478,24.3780634],[92.836168,24.3783479],[92.8379917,24.377739],[92.838179,24.3776623],[92.8386965,24.3774232],[92.8391993,24.3771208],[92.8395296,24.3768681],[92.8405301,24.3769315],[92.8416684,24.3773606],[92.8426196,24.3776001],[92.842999,24.3776317],[92.8433587,24.3778666],[92.8436544,24.3782955],[92.843876,24.378756],[92.8440683,24.3789276],[92.8443441,24.3790721],[92.8447927,24.3792121],[92.8451228,24.3795282],[92.8452262,24.3797043],[92.8453198,24.3801737],[92.8455757,24.3815957],[92.8455952,24.3824354],[92.8456198,24.3830583],[92.8456542,24.3834059],[92.8457576,24.3836271],[92.8459496,24.3845616],[92.8459495,24.3851168],[92.846048,24.3855851],[92.846053,24.3856089],[92.8462402,24.3860017],[92.8464323,24.3862094],[92.8467773,24.3863223],[92.8471026,24.3863358],[92.8475364,24.3862728],[92.8478666,24.3861284],[92.8484726,24.3874872],[92.8496206,24.3896272],[92.8507885,24.3907108],[92.8524494,24.3921059],[92.8552094,24.393307],[92.8564564,24.3936232],[92.8576294,24.3948918],[92.8589403,24.3969819],[92.8591553,24.3971912],[92.8600443,24.3980564],[92.8609414,24.3984989],[92.8617744,24.3985667],[92.8628787,24.3979935],[92.86488,24.3967296],[92.8657083,24.3958404],[92.8688038,24.3946488],[92.8691015,24.3948361],[92.8695431,24.3951138],[92.8705092,24.3955563],[92.8711787,24.3953373],[92.8714754,24.3952403],[92.8720274,24.3949243],[92.8733436,24.3948611],[92.8738266,24.3951771],[92.8748617,24.3963779],[92.877484,24.3980887],[92.8790763,24.398847],[92.8813882,24.4007519],[92.8823347,24.4014967],[92.8833749,24.4023499],[92.8836854,24.402413],[92.8840995,24.4022866],[92.8844445,24.4017178],[92.8849965,24.4013069],[92.8860662,24.4007697],[92.8871358,24.4001648],[92.8874838,24.3996728],[92.8877617,24.3992798],[92.8880377,24.398711],[92.8882447,24.3984266],[92.8883526,24.3983937],[92.8885553,24.3983318],[92.8891074,24.3984898],[92.8893835,24.3989005],[92.889349,24.399343],[92.8893835,24.3998485],[92.8895561,24.3999749],[92.8899701,24.3999433],[92.8904532,24.39988],[92.8907638,24.4000379],[92.891035,24.4005074],[92.8912815,24.400548],[92.891454,24.4004487],[92.8915919,24.4001327],[92.8914538,24.3994375],[92.8911431,24.3989003],[92.8908326,24.3985844],[92.8907981,24.3983316],[92.891005,24.3982052],[92.8915916,24.3980742],[92.8921831,24.3978214],[92.8924246,24.3976633],[92.8925626,24.3974738],[92.8924591,24.3971894],[92.892183,24.3968734],[92.891833,24.3964626],[92.8918329,24.395957],[92.8920792,24.3949729],[92.8924586,24.3939933],[92.8927345,24.3929144],[92.8929709,24.3926759],[92.8937107,24.3926443],[92.8946913,24.3924707],[92.8961234,24.3919905],[92.896291,24.3919343],[92.8975811,24.3913822],[92.8987853,24.3909089],[92.8999722,24.3906248],[92.9010216,24.3905774],[92.9021571,24.3908295],[92.9028797,24.3910659],[92.9034071,24.3913989],[92.9038545,24.3918719],[92.9039233,24.3922031],[92.903803,24.3925658],[92.9032182,24.393102],[92.9027194,24.3936541],[92.9025131,24.3941587],[92.9026337,24.3949787],[92.9028748,24.3957671],[92.9034255,24.3969813],[92.9039925,24.3983435],[92.9044572,24.3994789],[92.9046648,24.3998339],[92.9049735,24.4003618],[92.9055218,24.4009285],[92.9056447,24.4010555],[92.9064536,24.4020173],[92.9067118,24.4027583],[92.9067637,24.403314],[92.9064886,24.4043706],[92.9064036,24.4047532],[92.9063168,24.4051433],[92.9062998,24.4059002],[92.9064032,24.4065783],[92.9066959,24.4072248],[92.9070746,24.4081866],[92.9071928,24.4089987],[92.9071415,24.4099606],[92.9070901,24.4108121],[92.907073,24.4112852],[92.9072108,24.411711],[92.9079994,24.4122745],[92.9080712,24.4123259],[92.9093446,24.412909],[92.9104058,24.4125117],[92.9108544,24.412322],[92.9109578,24.4119744],[92.9108542,24.411532],[92.9103364,24.4112117],[92.9097498,24.4110853],[92.909301,24.4108011],[92.9091926,24.4104536],[92.9092664,24.4101375],[92.9097149,24.4098215],[92.9103705,24.4095324],[92.9113021,24.4092162],[92.9123077,24.4089316],[92.9128844,24.4087463],[92.9134413,24.4083805],[92.9137369,24.4078568],[92.9143234,24.4073465],[92.9146684,24.4070936],[92.915186,24.4069671],[92.915743,24.4068721],[92.916364,24.4066824],[92.9169161,24.4063663],[92.9179856,24.4057024],[92.9187495,24.4051921],[92.9192669,24.4046547],[92.9199223,24.4040225],[92.9207157,24.403291],[92.9209571,24.4031013],[92.9211987,24.4030696],[92.9214402,24.4031644],[92.9217213,24.4033855],[92.9219876,24.4035163],[92.9222044,24.403259],[92.9221695,24.402469],[92.9220314,24.4020898],[92.9218932,24.401801],[92.9215136,24.4015799],[92.9211636,24.4016116],[92.9206807,24.4018013],[92.9204046,24.401675],[92.9203354,24.4013275],[92.9203697,24.400885],[92.9207147,24.4006006],[92.9214588,24.4001399],[92.9219073,24.3999186],[92.9225677,24.3995391],[92.9231196,24.399065],[92.9243614,24.3978909],[92.9244648,24.3976381],[92.9243611,24.3972589],[92.9240504,24.3966541],[92.9240502,24.396275],[92.9241881,24.3960536],[92.9242265,24.3960458],[92.9244986,24.3959904],[92.9267809,24.3958948],[92.926988,24.3963056],[92.9271606,24.3964635],[92.9275254,24.3964769],[92.9287179,24.3958625],[92.9288904,24.3957361],[92.9294078,24.3953252],[92.9300285,24.3945304],[92.9302009,24.3941195],[92.9304422,24.3935506],[92.930787,24.39323],[92.931201,24.3930087],[92.93162,24.3929769],[92.932379,24.392945],[92.932931,24.3927868],[92.9333448,24.3924391],[92.9337243,24.3923125],[92.9340004,24.3922808],[92.9346956,24.3928178],[92.934888,24.3931382],[92.934627,24.3936439],[92.9347654,24.3944338],[92.9350418,24.395192],[92.9352835,24.3956389],[92.9357669,24.3960811],[92.9364226,24.3965231],[92.9366644,24.3969339],[92.9366993,24.39776],[92.9366649,24.3980127],[92.9366996,24.3983919],[92.9371828,24.3987077],[92.9376511,24.3988519],[92.9383117,24.3990096],[92.938933,24.3992307],[92.9391746,24.3994833],[92.9391057,24.3998039],[92.9390715,24.4004043],[92.9391407,24.4006254],[92.9393133,24.4007202],[92.9396583,24.4006884],[92.9401758,24.4004985],[92.9405208,24.4004669],[92.9407969,24.4004667],[92.9410385,24.4006878],[92.9417338,24.4011299],[92.9421134,24.4011929],[92.9425964,24.4010031],[92.9429413,24.4007185],[92.9430919,24.4005633],[92.9440107,24.4002756],[92.9452232,24.4000223],[92.9454648,24.4000538],[92.9459135,24.400338],[92.9468108,24.4006851],[92.9471905,24.4007798],[92.9474026,24.4011904],[92.947472,24.4017953],[92.9476054,24.402344],[92.9476103,24.402364],[92.9480246,24.4025535],[92.9484042,24.4027112],[92.9494393,24.4027107],[92.949888,24.4027737],[92.9506177,24.4029629],[92.9511698,24.4029942],[92.9518943,24.4028675],[92.9522048,24.4027409],[92.9526877,24.4023299],[92.9532935,24.4015847],[92.9536726,24.4008577],[92.9540171,24.3999682],[92.9548786,24.3981622],[92.9550853,24.3976249],[92.9549814,24.396993],[92.9549464,24.3963564],[92.9551877,24.3958823],[92.9556012,24.3949658],[92.9558816,24.3941395],[92.9563986,24.393286],[92.9573245,24.3920757],[92.9579208,24.3918994],[92.9592812,24.3918986],[92.9601684,24.3919342],[92.9608381,24.3929443],[92.9612858,24.3934487],[92.962284,24.3941262],[92.9635124,24.3949252],[92.9649179,24.3959355],[92.9653963,24.3962242],[92.9662248,24.3968466],[92.9667083,24.3974061],[92.9674091,24.3985386],[92.9677597,24.3994188],[92.968047,24.4002226],[92.9681549,24.4005244],[92.9683228,24.4008991],[92.9684955,24.4011968],[92.9688408,24.4015126],[92.9691799,24.4017538],[92.9693735,24.4018915],[92.9699454,24.4021123],[92.9708972,24.4025721],[92.9711882,24.4027796],[92.9715729,24.403127],[92.9716569,24.4034609],[92.9716226,24.403619],[92.9717609,24.4040748],[92.9719683,24.4044584],[92.9722446,24.4048193],[92.9727824,24.4054691],[92.9730044,24.4055637],[92.9733691,24.4055951],[92.9736649,24.4056265],[92.9738376,24.4057076],[92.973887,24.4058656],[92.9738181,24.4060101],[92.973493,24.4063895],[92.9731038,24.4066967],[92.972966,24.4069676],[92.9730206,24.4074281],[92.9731046,24.4076943],[92.9732083,24.4079199],[92.9733811,24.4081726],[92.9736572,24.4082989],[92.9745052,24.4084382],[92.9748355,24.408456],[92.9750227,24.4083747],[92.9751606,24.4080767],[92.9753672,24.4076477],[92.9756433,24.407503],[92.9759389,24.4074893],[92.9760772,24.4076291],[92.9761118,24.4079],[92.9767528,24.4079944],[92.9781181,24.4077225],[92.9785124,24.4076139],[92.9788426,24.4075009],[92.9791628,24.40732],[92.9792317,24.4071304],[92.979197,24.406986],[92.9790934,24.4067965],[92.9790932,24.4066384],[92.979108,24.4066069],[92.9793001,24.4064804],[92.9804389,24.4064615],[92.982031,24.4062392],[92.9845249,24.4056912],[92.9845935,24.4052804],[92.9844554,24.4052172],[92.9844011,24.4051044],[92.9844355,24.4050096],[92.9845932,24.4049327],[92.986185,24.4043583],[92.988033,24.4037249],[92.9888359,24.4030969],[92.9890771,24.4026543],[92.9894563,24.402338],[92.9902495,24.4018634],[92.9907124,24.4013394],[92.9910423,24.4009103],[92.9912489,24.4004362],[92.9914555,24.3999304],[92.9916326,24.3996098],[92.9918584,24.3993274],[92.9920117,24.3991355],[92.9923911,24.3989456],[92.9931502,24.3988818],[92.9942889,24.3989441],[92.9955213,24.399074],[92.9969112,24.3992515],[92.997345,24.3993621],[92.9979499,24.3996089],[92.998308,24.3997562],[92.9983829,24.3997871],[92.9986121,24.3999155],[92.9989578,24.4001364],[92.9992714,24.4003829],[92.9995326,24.4006891],[93.0000987,24.4015706],[93.0004714,24.4021666],[93.0011438,24.403148],[93.0017073,24.4038505],[93.0018491,24.4040148],[93.0022783,24.4043154],[93.0028271,24.4046517],[93.0036466,24.4053123],[93.003706,24.4056954],[93.0036751,24.4062092],[93.0036754,24.4062132],[93.0037023,24.406654],[93.0037768,24.406825],[93.0040008,24.4070578],[93.0041352,24.407092],[93.004815,24.4071131],[93.0053155,24.4071409],[93.005846,24.4072097],[93.0062119,24.4072715],[93.0064733,24.4074359],[93.0067494,24.4077508],[93.0069657,24.4081203],[93.007457,24.4090822],[93.0075314,24.4094516],[93.0074714,24.4097251],[93.0074188,24.4099097],[93.0072469,24.4100327],[93.0071125,24.4100395],[93.0069257,24.4099641],[93.0066271,24.4097518],[93.0061941,24.4094095],[93.0059626,24.4092793],[93.0057758,24.4093134],[93.0057085,24.4094364],[93.0056859,24.4095596],[93.0058344,24.4102359],[93.0059835,24.4106533],[93.0061849,24.4109681],[93.0064014,24.4112282],[93.0067745,24.4116389],[93.0069463,24.4117006],[93.0074768,24.411701],[93.0078583,24.4116923],[93.0088474,24.4116752],[93.0088633,24.4124018],[93.0094141,24.4138829],[93.0100737,24.415048],[93.0106497,24.4158926],[93.0119505,24.4167152],[93.0130447,24.4170319],[93.0139962,24.4169559],[93.0144303,24.4166899],[93.0150673,24.4155257],[93.0152997,24.4146817],[93.0151828,24.413043],[93.0150112,24.4119053],[93.0148691,24.4109527],[93.0149536,24.4101853],[93.015536,24.4093416],[93.0161676,24.4087056],[93.017228,24.4080654],[93.0182685,24.4076959],[93.0197674,24.4072997],[93.0217887,24.4069851],[93.0234354,24.4067469],[93.0246481,24.4067748],[93.0261465,24.4070647],[93.0279061,24.4075173],[93.0295227,24.4078885],[93.0308534,24.4081918],[93.0324701,24.4085629],[93.0352035,24.4095913],[93.0352103,24.4095938],[93.0372309,24.4104933],[93.0399118,24.4118174],[93.0416413,24.4130101],[93.0419319,24.4135385],[93.0421879,24.4140938],[93.042562,24.4149111],[93.0430885,24.4165048],[93.0432013,24.4174032],[93.0432895,24.418252],[93.0431703,24.4195971],[93.042652,24.4205493],[93.0421883,24.4209463],[93.0412956,24.4215281],[93.0403144,24.4216856],[93.0386968,24.4225062],[93.037281,24.4236159],[93.036097,24.4246716],[93.0343111,24.426264],[93.0335612,24.4270039],[93.0332107,24.4275859],[93.0330081,24.428114],[93.0329239,24.4287504],[93.0331789,24.4306781],[93.0334388,24.4325832],[93.033729,24.4336126],[93.0341813,24.4353689],[93.0350175,24.4383578],[93.0355044,24.4400464],[93.0357061,24.4407101],[93.0359671,24.4412113],[93.0363119,24.4417668],[93.036425,24.4422182],[93.0363702,24.4430984],[93.0365708,24.4452924],[93.0366533,24.4472742],[93.0365393,24.4480957],[93.0364796,24.448863],[93.0364239,24.4509757],[93.0364231,24.4521945],[93.0363581,24.4534944],[93.0361546,24.4552097],[93.0359815,24.4560583],[93.035808,24.4571687],[93.0356643,24.4583016],[93.0356819,24.4589643],[93.0356931,24.459385],[93.0357224,24.4597552],[93.0360672,24.4604732],[93.0366142,24.4609746],[93.0374521,24.461607],[93.0381128,24.4619279],[93.0391532,24.4622174],[93.0399324,24.4622178],[93.0410866,24.4619792],[93.0427931,24.4618221],[93.0436562,24.4617729],[93.0442922,24.462008],[93.0443326,24.46204],[93.044726,24.4623513],[93.0451597,24.4627759],[93.0455639,24.4632771],[93.0458791,24.4638867],[93.0461106,24.4644421],[93.0464256,24.4653135],[93.0465142,24.465792],[93.0467157,24.4669297],[93.0467744,24.467512],[93.046774,24.4682253],[93.046655,24.4692048],[93.0465411,24.4700759],[93.046452,24.4705814],[93.0463677,24.4713443],[93.0462784,24.4721929],[93.0464259,24.4728792],[93.0463663,24.4735653],[93.0461636,24.4744409],[93.0459608,24.475312],[93.0456446,24.4761063],[93.045215,24.4769593],[93.0445484,24.4781235],[93.0440841,24.4791796],[93.0435655,24.4802627],[93.0425235,24.4821671],[93.0421483,24.4827718],[93.0413383,24.4842023],[93.040874,24.4852584],[93.0402419,24.4863144],[93.0393433,24.4875552],[93.0386226,24.4884034],[93.0379611,24.4890621],[93.0369788,24.489987],[93.0358782,24.4909388],[93.0351871,24.4914936],[93.0342642,24.4922334],[93.0337706,24.4926303],[93.0333362,24.4930002],[93.0328475,24.4935281],[93.0326745,24.4939794],[93.0325261,24.4946113],[93.0325427,24.4950039],[93.0325552,24.4952974],[93.0327867,24.4958303],[93.0330181,24.4962773],[93.0344034,24.4976278],[93.0368566,24.4994492],[93.0383997,24.5005948],[93.0394636,24.5013485],[93.0405793,24.5021739],[93.0408729,24.5024073],[93.0419101,24.5035017],[93.0422428,24.5039142],[93.0425754,24.5043627],[93.042771,24.5047932],[93.0428882,24.5052057],[93.0429076,24.5055824],[93.0428484,24.5060844],[93.0427308,24.5063533],[93.0423781,24.50664],[93.0421821,24.5067654],[93.041712,24.5070163],[93.0410067,24.5073386],[93.0403799,24.5075714],[93.03942,24.5079474],[93.0387229,24.5082632],[93.0379392,24.5086932],[93.0375278,24.5089977],[93.0372141,24.5093921],[93.0371355,24.509661],[93.0372137,24.5100377],[93.0373114,24.5103784],[93.0374678,24.5107192],[93.0381133,24.5118493],[93.038309,24.5121722],[93.0387393,24.5128718],[93.039608,24.5140418],[93.0400777,24.5146339],[93.0405475,24.5150644],[93.0408803,24.5152978],[93.0413109,24.515567],[93.0427208,24.5161236],[93.0438173,24.5165546],[93.045051,24.5169139],[93.0458734,24.5171654],[93.0464218,24.517345],[93.0468329,24.5175783],[93.0479177,24.5179165],[93.0488551,24.5182058],[93.0489421,24.518241],[93.0493582,24.5184092],[93.0495654,24.5185538],[93.0497922,24.5187299],[93.0499647,24.5190009],[93.0501322,24.5194344],[93.0503932,24.5203869],[93.0505652,24.5215336],[93.0506336,24.5226486],[93.0506186,24.5229646],[93.0505494,24.5232038],[93.0501642,24.523795],[93.0494877,24.5246839],[93.0490877,24.5251667],[93.0482188,24.5260059],[93.0478041,24.5263894],[93.047577,24.5266601],[93.047404,24.5270256],[93.0472113,24.5275492],[93.0471909,24.5285693],[93.047205,24.5297521],[93.0474313,24.5307724],[93.0477759,24.5322486],[93.0482634,24.5339055],[93.0488547,24.5354497],[93.049234,24.5364565],[93.0493226,24.5367274],[93.0493916,24.537075],[93.0494452,24.5380455],[93.0494101,24.5391605],[93.0492314,24.5407359],[93.0491616,24.5419004],[93.0492157,24.5423609],[93.0492837,24.5425972],[93.0493535,24.5428395],[93.0495802,24.5434896],[93.0499943,24.5442075],[93.0506402,24.5451468],[93.0513848,24.5461628],[93.0523416,24.5472287],[93.0526524,24.5475087],[93.0527904,24.5476487],[93.0534166,24.5487323],[93.0540574,24.5502448],[93.0546144,24.5514684],[93.0551518,24.5524076],[93.0557583,24.5533603],[93.0560887,24.5537442],[93.0564882,24.554137],[93.056661,24.55425],[93.0570063,24.5544081],[93.0576182,24.5544897],[93.0582402,24.5544087],[93.0588325,24.5542194],[93.0601011,24.553791],[93.0603282,24.5537099],[93.0605207,24.5535836],[93.0607627,24.5532812],[93.0609011,24.5528524],[93.0610249,24.5520716],[93.0610257,24.5505143],[93.0610755,24.5496069],[93.0611648,24.5488441],[93.0612983,24.5482167],[93.061491,24.5476751],[93.0616984,24.5473095],[93.061975,24.5470569],[93.0623403,24.5468494],[93.0627647,24.546685],[93.0627944,24.5466735],[93.0633867,24.5465609],[93.0639394,24.5465476],[93.06427,24.5466109],[93.0646203,24.5467871],[93.0649655,24.5471213],[93.0652615,24.5475818],[93.0657102,24.5484397],[93.0662278,24.549609],[93.0665778,24.5505662],[93.0668539,24.5511215],[93.0675296,24.5522503],[93.0681558,24.5532391],[93.0691422,24.5549457],[93.0696256,24.5556772],[93.0700941,24.556535],[93.0705638,24.5574838],[93.070809,24.5580475],[93.0709125,24.5584583],[93.0709617,24.5587608],[93.0709615,24.5592077],[93.0708923,24.5594785],[93.0707046,24.5598125],[93.0703737,24.5603405],[93.0691737,24.5618839],[93.067485,24.5633955],[93.0663741,24.5643159],[93.0652778,24.5652409],[93.0629965,24.5672804],[93.0612039,24.5692206],[93.059589,24.5709353],[93.0587691,24.5718783],[93.0582651,24.5726907],[93.0581613,24.5731375],[93.0581463,24.5734851],[93.0581806,24.5738372],[93.0582842,24.5740585],[93.058511,24.5744558],[93.0588563,24.5748396],[93.0592708,24.575219],[93.0596013,24.5754764],[93.0599172,24.5756481],[93.0605045,24.5759191],[93.0611313,24.5761271],[93.062158,24.5762403],[93.0633032,24.576128],[93.0648187,24.5759074],[93.0662751,24.575574],[93.0673266,24.5753937],[93.0687187,24.5751866],[93.0700712,24.5750788],[93.0734624,24.5749671],[93.0751653,24.5750625],[93.0757429,24.5750491],[93.0761575,24.5749996],[93.0770461,24.5747155],[93.0779299,24.5743185],[93.0787297,24.5737907],[93.0795839,24.5732041],[93.0805566,24.5722294],[93.080765,24.5720431],[93.0812331,24.5716246],[93.0816676,24.5713223],[93.0819637,24.571178],[93.0823785,24.5711014],[93.0830744,24.5710203],[93.0837161,24.5710205],[93.0843973,24.5711335],[93.0854189,24.5714046],[93.0863073,24.5716757],[93.0870526,24.5719467],[93.088168,24.5724209],[93.0884542,24.5726512],[93.0891648,24.5733691],[93.0892881,24.5735769],[93.0896878,24.5743533],[93.0902057,24.5754188],[93.0908668,24.5769808],[93.0915969,24.5787143],[93.0920458,24.5799152],[93.0921839,24.5804072],[93.0923418,24.5807413],[93.0925688,24.5810574],[93.0928797,24.5813148],[93.0932104,24.5815043],[93.0936447,24.5816173],[93.0963203,24.5816178],[93.0977124,24.5813924],[93.0986355,24.5811713],[93.1008225,24.580788],[93.1018394,24.5807927],[93.1024317,24.5808741],[93.1029127,24.5810274],[93.1029698,24.5810456],[93.1036312,24.5813346],[93.1040459,24.5816371],[93.1042186,24.581908],[93.1043616,24.582382],[93.1043961,24.5830049],[93.1044107,24.5837362],[93.1042724,24.5845036],[93.1039564,24.5850633],[93.1036453,24.5855372],[93.1031072,24.5861421],[93.1022184,24.5870176],[93.1015766,24.5875908],[93.1006384,24.5882587],[93.0995226,24.5889582],[93.0974637,24.5901767],[93.0955678,24.5909843],[93.093588,24.5917017],[93.091781,24.5922114],[93.090443,24.5924142],[93.0892088,24.5923823],[93.0876933,24.5921112],[93.0861581,24.591682],[93.0844748,24.5911579],[93.0828754,24.5906338],[93.0813946,24.5901549],[93.0811034,24.5900916],[93.0807529,24.5900599],[93.0804566,24.5900779],[93.080269,24.5901094],[93.0800764,24.5902177],[93.0796764,24.59052],[93.0784221,24.591585],[93.0776566,24.5924288],[93.0766737,24.5936248],[93.0756513,24.594753],[93.0738733,24.5966483],[93.0720343,24.5985912],[93.071947,24.5986835],[93.0713937,24.5993874],[93.0712555,24.5996267],[93.0711862,24.5999426],[93.0711663,24.6002631],[93.0711513,24.6006423],[93.0712892,24.6014368],[93.0714962,24.602123],[93.0716541,24.6025519],[93.0718416,24.6029492],[93.072557,24.6039696],[93.0729024,24.6044166],[93.0739437,24.6056087],[93.0751776,24.6067872],[93.0766386,24.6079343],[93.0780997,24.6092213],[93.0792597,24.6099845],[93.0808048,24.6110864],[93.0819883,24.6118041],[93.0820286,24.6118286],[93.0821229,24.6118857],[93.0834458,24.6127437],[93.0837914,24.6129966],[93.0839493,24.6131547],[93.0841419,24.6133939],[93.0842109,24.6136017],[93.0842947,24.6140169],[93.0842452,24.6144277],[93.0840871,24.6148249],[93.0837907,24.6152401],[93.083272,24.6157636],[93.0799382,24.6183627],[93.0780761,24.6194907],[93.0771377,24.6200772],[93.0769994,24.6202667],[93.0767177,24.6207],[93.0765645,24.6211423],[93.0763865,24.6219232],[93.0759712,24.6231464],[93.0757833,24.6235841],[93.0757289,24.6239634],[93.0756793,24.6245366],[93.075763,24.6251235],[93.0759405,24.625936],[93.0762859,24.6265862],[93.0768782,24.6273673],[93.0776778,24.6282252],[93.0787196,24.6288485],[93.0796133,24.629097],[93.0808134,24.6290161],[93.0825518,24.6286194],[93.0839939,24.6282361],[93.0852137,24.6281732],[93.0855444,24.6282861],[93.0865518,24.6287332],[93.0869664,24.6291758],[93.0872823,24.6296679],[93.0874697,24.6305301],[93.0876965,24.6319927],[93.0878147,24.632882],[93.0879574,24.6346831],[93.0878336,24.6358883],[93.0876259,24.6369897],[93.0872255,24.6383393],[93.0867214,24.6393232],[93.0858863,24.64093],[93.0852388,24.6426948],[93.0842651,24.6448613],[93.0832717,24.6468968],[93.0829256,24.6481426],[93.082876,24.6485895],[93.0829117,24.648893],[93.082945,24.6491763],[93.0831868,24.6498129],[93.0838976,24.6510544],[93.0845592,24.6519619],[93.0849098,24.65226],[93.085532,24.6525129],[93.0862481,24.6527342],[93.0870977,24.6528789],[93.090491,24.6525953],[93.0918988,24.6524196],[93.0924495,24.6523448],[93.0924691,24.6523421],[93.0929607,24.6522754],[93.0940424,24.6522214],[93.0944078,24.6522711],[93.0948227,24.6524609],[93.095366,24.6528265],[93.095677,24.6533187],[93.0960078,24.654086],[93.0962001,24.6553546],[93.0962492,24.6566907],[93.0962141,24.6593359],[93.0963517,24.6621843],[93.0964007,24.6639809],[93.0964698,24.6642563],[93.0978624,24.6661975],[93.0988846,24.6675654],[93.1005045,24.6694706],[93.1011614,24.6703419],[93.102327,24.6715157],[93.1035123,24.6729152],[93.1040161,24.6736962],[93.1041543,24.6741567],[93.1042579,24.6753529],[93.1039117,24.6778536],[93.1035113,24.6788737],[93.1031457,24.6796682],[93.1028837,24.6801466],[93.1027799,24.6802865],[93.1025872,24.680431],[93.1022068,24.6806069],[93.1019104,24.6807017],[93.1014756,24.6807332],[93.1008136,24.6807331],[93.0999441,24.6805569],[93.0985511,24.6801143],[93.096916,24.6793511],[93.0959231,24.6787777],[93.0946043,24.6781409],[93.0933446,24.677432],[93.0922827,24.6768585],[93.0918973,24.6767771],[93.0911316,24.6766822],[93.0909439,24.6766822],[93.0906969,24.6767453],[93.0904202,24.6768761],[93.0901089,24.677174],[93.089758,24.6778736],[93.089659,24.6785777],[93.0897132,24.679151],[93.0898513,24.6797244],[93.0901129,24.6802977],[93.0906168,24.6809343],[93.0912587,24.6818237],[93.0917278,24.6828756],[93.0920586,24.6838596],[93.0921819,24.6846451],[93.0922853,24.6854847],[93.0921667,24.6861528],[93.0918848,24.6868524],[93.0912571,24.6880304],[93.0905997,24.6892219],[93.0899176,24.6901923],[93.0889785,24.6914966],[93.087649,24.693198],[93.0861662,24.6948047],[93.0847575,24.6965242],[93.0834179,24.6981308],[93.0829829,24.6990876],[93.0827405,24.6999316],[93.0827204,24.7006314],[93.0826165,24.7011233],[93.0824089,24.7014889],[93.0818355,24.7021568],[93.0808419,24.7031586],[93.0797743,24.7040792],[93.0790082,24.7045529],[93.0777036,24.7050626],[93.0765175,24.7054143],[93.074343,24.7064608],[93.0739623,24.7067812],[93.0736509,24.7070745],[93.0735816,24.7072957],[93.0735468,24.7078057],[93.0736998,24.7083159],[93.0739961,24.7089524],[93.0746035,24.7098419],[93.0753887,24.7109255],[93.0760247,24.7117583],[93.0764609,24.7122403],[93.0767136,24.7125015],[93.076996,24.7127628],[93.0771594,24.7128842],[93.0773769,24.712956],[93.0775994,24.7129826],[93.0778612,24.7129595],[93.0780292,24.7129139],[93.0781277,24.7128189],[93.0781769,24.7127015],[93.0782158,24.7124892],[93.0783435,24.7122001],[93.0788458,24.7115399],[93.0792548,24.7111102],[93.0797182,24.7107029],[93.0809413,24.7097703],[93.0812422,24.7095531],[93.0817207,24.7092631],[93.0824691,24.7088418],[93.0829248,24.7086691],[93.0833448,24.708623],[93.0841008,24.7086394],[93.084689,24.7086967],[93.0852822,24.7088082],[93.0856483,24.7089474],[93.086153,24.709208],[93.0866233,24.709532],[93.0869554,24.7098924],[93.0872188,24.710447],[93.08781,24.7116057],[93.0881025,24.7119933],[93.0883456,24.7123132],[93.0888657,24.712786],[93.0894356,24.7133761],[93.0898472,24.7139077],[93.0901004,24.7143224],[93.0902247,24.7146111],[93.0903745,24.7151569],[93.0904797,24.7157164],[93.0905059,24.716258],[93.0905427,24.717075],[93.0906282,24.7175983],[93.0907032,24.7179277],[93.0907928,24.7181803],[93.0909217,24.7183335],[93.0909693,24.7183572],[93.0911296,24.7184368],[93.0913867,24.7184949],[93.0922564,24.7184884],[93.0925974,24.7184696],[93.0927803,24.7184962],[93.0929979,24.7185409],[93.0931117,24.7186128],[93.0931862,24.71873],[93.093246,24.718906],[93.0932816,24.7192805],[93.0932184,24.7196508],[93.0930807,24.7199084],[93.0929527,24.7200757],[93.0927258,24.7202523],[93.09241,24.720411],[93.0915803,24.7206295],[93.0910074,24.7207618],[93.0907656,24.7208842],[93.0905635,24.7210652],[93.0904404,24.721228],[93.0903717,24.7213906],[93.0903526,24.7216796],[93.0903297,24.7223251],[93.0903314,24.7229751],[93.0903784,24.7238507],[93.0904289,24.7242659],[93.0904942,24.7246494],[93.0905739,24.7249065],[93.0906535,24.7250779],[93.0907377,24.7251409],[93.0908762,24.7251993],[93.0912617,24.7251849],[93.0918249,24.7251113],[93.0923485,24.7250199],[93.0928325,24.7249149],[93.0934499,24.7247781],[93.0939092,24.7246371],[93.094319,24.7244872],[93.0946299,24.7243601],[93.0950495,24.7241785],[93.0953259,24.7240786],[93.0955236,24.7240465],[93.0956818,24.7240823],[93.0958897,24.7242083],[93.0960633,24.7244155],[93.0961775,24.7246364],[93.096238,24.7250605],[93.0962495,24.7256293],[93.0962013,24.7260763],[93.0961495,24.7270063],[93.0961277,24.728031],[93.0961446,24.7288164],[93.0962159,24.729552],[93.0963013,24.7300437],[93.0964015,24.7305536],[93.0967743,24.7313425],[93.0970974,24.7319513],[93.0974644,24.7324334],[93.0979751,24.7330145],[93.0984608,24.7335099],[93.0990209,24.7340503],[93.0996501,24.7346311],[93.1000416,24.7349914],[93.1016963,24.7363823],[93.1021895,24.7367794],[93.1025681,24.7370843],[93.1032417,24.7375703],[93.1040042,24.7380154],[93.105222,24.7387167],[93.105856,24.7391846],[93.1063464,24.7395671],[93.1066637,24.7398598],[93.107209,24.7404679],[93.1075961,24.7410131],[93.1077605,24.7414415],[93.1077764,24.7418251],[93.1077229,24.7420961],[93.10759,24.7422996],[93.1073191,24.7426523],[93.1070431,24.7429374],[93.1065451,24.7433764],[93.1060372,24.7437568],[93.1052627,24.7443093],[93.104863,24.7445495],[93.1044881,24.7448076],[93.1041528,24.7451199],[93.1038919,24.7454771],[93.1036162,24.745884],[93.1033802,24.7463224],[93.1032228,24.7465711],[93.102991,24.7467522],[93.1027193,24.7468476],[93.102487,24.7468436],[93.1022001,24.7467811],[93.1019673,24.7466101],[93.1018233,24.7463802],[93.1017679,24.7460057],[93.1017813,24.7454911],[93.101829,24.7448771],[93.1018719,24.7443308],[93.1018553,24.7436944],[93.1018246,24.7433198],[93.1017348,24.7430131],[93.1015957,24.7427741],[93.1013778,24.7426212],[93.1010959,24.7425677],[93.1008093,24.7425954],[93.1004094,24.7427454],[93.1000837,24.7429357],[93.0998768,24.7431709],[93.0995373,24.743754],[93.0990456,24.7446669],[93.0987949,24.7451596],[93.0985493,24.7457334],[93.0984269,24.7461219],[93.0983487,24.7464651],[93.0983298,24.7467495],[93.0984346,24.7471375],[93.0986877,24.7474844],[93.0991735,24.7479934],[93.0998963,24.7484025],[93.1004557,24.74869],[93.100743,24.7489061],[93.1009611,24.7490906],[93.1010803,24.7493386],[93.1011206,24.7495823],[93.1010721,24.7499029],[93.1010183,24.7501151],[93.100728,24.7505988],[93.1001004,24.7512433],[93.0991902,24.7526921],[93.0984327,24.7538],[93.0982507,24.7541088],[93.0982506,24.75437],[93.0983545,24.7546551],[93.0986664,24.7550826],[93.0990043,24.7554627],[93.0994462,24.7559379],[93.09981,24.7562467],[93.1004858,24.7567931],[93.1013436,24.7576483],[93.1017335,24.7581471],[93.1020453,24.7585984],[93.1023832,24.7592161],[93.102539,24.7597624],[93.102617,24.7600949],[93.1026429,24.76076],[93.1026741,24.7614109],[93.1030021,24.7637882],[93.1033197,24.7652278],[93.1036108,24.7671999],[93.1036348,24.768592],[93.103526,24.7689621],[93.1032886,24.769418],[93.1025666,24.7701988],[93.1015233,24.7713949],[93.1006282,24.772618],[93.100277,24.773602],[93.1002916,24.774744],[93.1003506,24.7761117],[93.1004911,24.7780397],[93.1004737,24.7789736],[93.1005181,24.7794204],[93.1007258,24.779741],[93.101314,24.7802511],[93.1019765,24.7804544],[93.1027231,24.780468],[93.103235,24.7804581],[93.1034152,24.7804546],[93.1038998,24.7804411],[93.1043892,24.7805224],[93.1047552,24.7806038],[93.1050369,24.7808294],[93.1052248,24.7811138],[93.1053286,24.7814073],[93.1054175,24.7818542],[93.1054322,24.7826171],[93.105269,24.7831541],[93.105076,24.7837861],[93.1044875,24.7849867],[93.104339,24.7854832],[93.1042697,24.7859798],[93.1042994,24.7863138],[93.1043982,24.7865982],[93.104591,24.786851],[93.1049272,24.7871489],[93.1056194,24.7875643],[93.1059901,24.78793],[93.1061087,24.7884401],[93.106079,24.7887335],[93.1058861,24.7891172],[93.1053817,24.7896997],[93.1053272,24.7897626],[93.1050355,24.7899476],[93.1047387,24.7904441],[93.1047238,24.790891],[93.1048127,24.7912792],[93.1051094,24.7916268],[93.1053715,24.7917081],[93.1058561,24.7916946],[93.1061973,24.7915863],[93.1065483,24.7914554],[93.1071071,24.7913201],[93.1075225,24.7912524],[93.1079032,24.7913608],[93.1082295,24.7916542],[93.1083877,24.7918438],[93.1084766,24.7923404],[93.1084469,24.7927692],[93.1082739,24.7932025],[93.1079918,24.7938751],[93.1079027,24.79448],[93.1079769,24.7948681],[93.1081647,24.7951841],[93.1088273,24.7957214],[93.1094899,24.7963263],[93.1097519,24.7966333],[93.1099596,24.7969944],[93.1101078,24.797509],[93.1103995,24.798448],[93.1105775,24.798782],[93.1109581,24.7994139],[93.1112844,24.8000594],[93.1113982,24.8005831],[93.1113981,24.8008133],[93.1112992,24.8012422],[93.1110172,24.8019959],[93.1106314,24.8026956],[93.1104137,24.803797],[93.1101614,24.8051556],[93.110176,24.8064736],[93.1102353,24.8070244],[93.1101758,24.8079633],[93.1100176,24.8085455],[93.1095624,24.8097552],[93.1093607,24.8105529],[93.1093249,24.8106941],[93.1092953,24.8110191],[93.1094287,24.811475],[93.1100023,24.8122154],[93.1102842,24.812563],[93.1112287,24.8132582],[93.1120694,24.8136058],[93.1129496,24.813809],[93.1138646,24.8139129],[93.1146757,24.8140755],[93.115279,24.8142786],[93.1156895,24.8146533],[93.1160158,24.8150957],[93.1165302,24.8155561],[93.1170593,24.815985],[93.1174995,24.8162153],[93.1179841,24.8164951],[93.1184441,24.8168698],[93.1188601,24.8173211],[93.1189437,24.8174117],[93.1193095,24.8178132],[93.1198832,24.8183639],[93.1201948,24.8186574],[93.1206053,24.8189418],[93.1210306,24.819181],[93.1213718,24.8192216],[93.1216489,24.819172],[93.1218566,24.8190501],[93.1219901,24.8186168],[93.1220791,24.8182015],[93.1221236,24.817732],[93.122094,24.8173574],[93.1219407,24.8166216],[93.1215747,24.8156015],[93.1209862,24.8146896],[93.120012,24.813358],[93.1192504,24.8122566],[93.1185581,24.8110288],[93.1183059,24.8104646],[93.1179994,24.8096881],[93.1178955,24.8092548],[93.1179104,24.808853],[93.1180142,24.8084107],[93.1182912,24.8080089],[93.1188648,24.8076569],[93.1193841,24.8074673],[93.1201606,24.8074177],[93.1209865,24.8074809],[93.121298,24.8075621],[93.1216788,24.8078465],[93.1220299,24.8079684],[93.1223414,24.8079685],[93.1228558,24.8079008],[93.1243245,24.8079549],[93.1246509,24.8080723],[93.1256499,24.8084785],[93.1265351,24.8087854],[93.1266983,24.8087855],[93.1270346,24.8087584],[93.1273313,24.8086771],[93.1276231,24.8084785],[93.1279643,24.808167],[93.1290078,24.8068625],[93.1297149,24.8060589],[93.1303923,24.8053458],[93.1307731,24.8051697],[93.1312726,24.8051561],[93.1317572,24.8052103],[93.1322616,24.8053457],[93.1327711,24.8056887],[93.1331519,24.8066682],[93.1333893,24.8076387],[93.1334863,24.8079834],[93.1336267,24.8084828],[93.133978,24.8096248],[93.1343885,24.8102296],[93.1348336,24.8105772],[93.1356842,24.8106854],[93.1363617,24.8106718],[93.1373063,24.8105002],[93.13788,24.8103512],[93.1385674,24.8099945],[93.1386861,24.8097823],[93.138686,24.8094844],[93.1386118,24.8091775],[93.1383596,24.8089609],[93.1380677,24.8088255],[93.1376375,24.8087308],[93.1371677,24.8087037],[93.136594,24.8086766],[93.1362281,24.8086631],[93.1358274,24.8086632],[93.1354467,24.8086632],[93.1351648,24.8086361],[93.1348285,24.8084105],[93.1347098,24.8081261],[93.1347543,24.8079952],[93.1349916,24.8075889],[93.1354911,24.8072684],[93.1361241,24.8071058],[93.1367422,24.806853],[93.1371229,24.8065686],[93.1380328,24.8052414],[93.1383393,24.8044875],[93.1386062,24.8036434],[93.1390611,24.8027406],[93.1394615,24.8023118],[93.1402973,24.8017881],[93.1411032,24.8012598],[93.1413108,24.8008265],[93.1413255,24.799215],[93.1413254,24.7984747],[93.1413699,24.7980188],[93.1415131,24.7976577],[93.1417505,24.7972784],[93.142146,24.7968497],[93.1425613,24.7965697],[93.1428975,24.7964342],[93.143397,24.7964477],[93.1440448,24.7966463],[93.1450042,24.7972104],[93.1457212,24.7974541],[93.1462553,24.7974404],[93.1469031,24.7971243],[93.1473629,24.7966819],[93.1479216,24.7961582],[93.1484209,24.7958873],[93.1488313,24.7957518],[93.1499043,24.7955395],[93.1505075,24.7953227],[93.150908,24.7950292],[93.15117,24.7946771],[93.1513034,24.7943024],[93.1513329,24.7934493],[93.1511547,24.7922801],[93.1507292,24.7914993],[93.1502445,24.7909894],[93.1493445,24.7903846],[93.1491772,24.7901987],[93.1488004,24.7897799],[93.1485036,24.7890802],[93.1484046,24.7884348],[93.148449,24.7879788],[93.1487407,24.7875997],[93.1489928,24.7874552],[93.1494626,24.7873739],[93.1503378,24.7874233],[93.1513712,24.7877165],[93.153725,24.7885106],[93.1542393,24.7887136],[93.1546795,24.7892236],[93.1549021,24.7897743],[93.1554314,24.7906046],[93.1561832,24.7913312],[93.1566827,24.7916427],[93.157924,24.792157],[93.1589229,24.7927209],[93.1598676,24.7933798],[93.1602485,24.7938627],[93.1603377,24.7947339],[93.1605261,24.7952695],[93.1606742,24.7956907],[93.1610898,24.7962278],[93.1619109,24.7968595],[93.1642304,24.7982492],[93.1658082,24.7992148],[93.1677618,24.8004104],[93.1695226,24.8013804],[93.170685,24.8018494],[93.1712141,24.8019305],[93.1718619,24.8019574],[93.1724651,24.8018489],[93.1731722,24.8015688],[93.1734045,24.8013791],[93.1735677,24.8012301],[93.1736862,24.8009096],[93.1737158,24.800571],[93.1736711,24.8001558],[93.1735618,24.7988739],[93.1735164,24.7966034],[93.1735903,24.7959985],[93.1738127,24.7955696],[93.1741637,24.7951812],[93.1743712,24.7948697],[93.1744452,24.794468],[93.1744451,24.794143],[93.1746921,24.7937953],[93.1751322,24.7936733],[93.1752496,24.7936841],[93.1757207,24.7937272],[93.1761509,24.793849],[93.1767099,24.7941963],[93.1772985,24.794625],[93.1778871,24.7951529],[93.1784016,24.7957305],[93.1790052,24.7964525],[93.1793467,24.7972062],[93.1795944,24.7982849],[93.179669,24.7991968],[93.1796399,24.8005283],[93.1797228,24.8019786],[93.1797297,24.8020992],[93.1798339,24.8028123],[93.1799477,24.8030651],[93.1801208,24.8031733],[93.1805808,24.8032138],[93.1811097,24.8029698],[93.1815349,24.8027169],[93.1819898,24.8025542],[93.1822271,24.8024864],[93.1827266,24.8025404],[93.1836713,24.8027973],[93.1846554,24.8030903],[93.1860699,24.8032522],[93.1875387,24.8034141],[93.1889629,24.8035128],[93.1894572,24.8035595],[93.1899619,24.8036072],[93.1906394,24.8037243],[93.1911242,24.8039542],[93.1915349,24.8043964],[93.1918616,24.8049741],[93.1922873,24.8058496],[93.1926142,24.8066168],[93.1931141,24.8074065],[93.193614,24.8081466],[93.1942178,24.8090174],[93.1946731,24.8095589],[93.1953064,24.8100822],[93.1959792,24.8104701],[93.1966124,24.8109167],[93.1968055,24.8111423],[93.196954,24.8113589],[93.1969689,24.811571],[93.1969691,24.8118689],[93.1969248,24.8121894],[93.1967765,24.8124333],[93.1964108,24.812754],[93.1952936,24.8136844],[93.1935191,24.8153734],[93.1924168,24.8164888],[93.1915765,24.8172836],[93.1905185,24.818065],[93.1901626,24.8184399],[93.1900589,24.818643],[93.1901184,24.8190628],[93.1902226,24.8197217],[93.1904309,24.82062],[93.1909757,24.8221273],[93.191887,24.824578],[93.1923129,24.8253858],[93.1939662,24.8278316],[93.1956739,24.8301825],[93.1958621,24.8305976],[93.1959069,24.8309091],[93.195907,24.8311483],[93.1958032,24.8312703],[93.1954521,24.8315142],[93.1950713,24.8316453],[93.1948785,24.831686],[93.1933009,24.8322646],[93.1924355,24.83259],[93.1916542,24.832992],[93.1914762,24.8331952],[93.1914469,24.833773],[93.1916104,24.8344048],[93.1917951,24.8346959],[93.1920114,24.8350367],[93.1925854,24.8354381],[93.192907,24.8355463],[93.193273,24.8355732],[93.1938914,24.8354782],[93.194381,24.8353019],[93.1952018,24.8348862],[93.1958023,24.8345564],[93.1960572,24.8344163],[93.196705,24.834064],[93.197071,24.8339826],[93.1973975,24.8340094],[93.1977933,24.8341582],[93.1982189,24.8344289],[93.1993274,24.8354755],[93.2000057,24.8364547],[93.2004367,24.8373618],[93.2005952,24.837953],[93.2006106,24.838761],[93.2005218,24.8390139],[93.2004081,24.8392576],[93.2002301,24.8394157],[93.2000521,24.839497],[93.1999482,24.8395107],[93.1996861,24.8394837],[93.1991715,24.8393124],[93.1986271,24.8388387],[93.1974787,24.8375043],[93.1970778,24.8370384],[93.1967858,24.8367452],[93.1965779,24.8366505],[93.1963257,24.8366371],[93.196108,24.8366913],[93.1952229,24.8373373],[93.1951262,24.8374276],[93.1943281,24.8381727],[93.1928843,24.8391529],[93.1919695,24.8397176],[93.191752,24.8400246],[93.191762,24.8404354],[93.19203,24.8417894],[93.1923075,24.8427598],[93.1926186,24.8432325],[93.1927382,24.8434141],[93.1931638,24.843766],[93.1935448,24.8439825],[93.1940496,24.8441538],[93.1944898,24.8442755],[93.1948856,24.8443295],[93.1954297,24.8443292],[93.1959096,24.8442477],[93.196498,24.8439405],[93.1977193,24.8429333],[93.1978263,24.8428476],[93.1984412,24.8423551],[93.1990593,24.8419756],[93.1999692,24.8415193],[93.2006023,24.8413023],[93.2008545,24.8412886],[93.2011019,24.8413427],[93.2012949,24.8414509],[93.2014732,24.8417081],[93.2015476,24.8420557],[93.2013995,24.8426064],[93.2011032,24.8434417],[93.2008265,24.8440466],[93.2007824,24.8446426],[93.2008717,24.8450216],[93.2010501,24.8456264],[93.201214,24.8466465],[93.2013583,24.8479238],[93.2013289,24.848312],[93.2012597,24.8485422],[93.201067,24.8488493],[93.2000339,24.8503801],[93.1985364,24.8526377],[93.1981211,24.8530126],[93.1975918,24.8532295],[93.1971367,24.8532974],[93.1965183,24.8532707],[93.1960482,24.8531896],[93.1952221,24.8532172],[93.194955,24.8532308],[93.1948115,24.8532715],[93.1947226,24.8533754],[93.1947078,24.8534701],[93.1947227,24.8536056],[93.1948267,24.8538493],[93.1950743,24.854129],[93.1955104,24.8544333],[93.1955593,24.8544673],[93.1962372,24.8548281],[93.1968706,24.8550941],[93.1974149,24.855297],[93.1979196,24.8553644],[93.1985529,24.8553371],[93.1995521,24.855147],[93.2000367,24.8549752],[93.200744,24.8546634],[93.2011247,24.8543562],[93.2013472,24.8540176],[93.2014805,24.8536474],[93.2016484,24.8530604],[93.2017674,24.8524592],[93.2017721,24.8524355],[93.2017816,24.8523878],[93.2020137,24.8518145],[93.2023942,24.851241],[93.2028146,24.8509293],[93.203185,24.8508365],[93.2035616,24.8508792],[93.2040712,24.8510505],[93.2045414,24.8513482],[93.2051305,24.8518851],[93.2054076,24.8521828],[93.2058928,24.8527693],[93.2061803,24.8535456],[93.2063093,24.8542181],[93.2064533,24.8548409],[93.2066911,24.8554501],[93.2068744,24.8557615],[93.2070426,24.8559284],[93.2071862,24.8560502],[93.2073743,24.8561088],[93.2075672,24.8561448],[93.2075928,24.8561415],[93.2078443,24.8561086],[93.2086406,24.8559501],[93.2091254,24.855846],[93.2095311,24.8558683],[93.2097934,24.8559133],[93.2100309,24.8560802],[93.2102141,24.8562878],[93.2103875,24.8565269],[93.2106104,24.856906],[93.2108185,24.8574565],[93.2111059,24.8581379],[93.2116308,24.8588463],[93.2122843,24.8594959],[93.2128239,24.859938],[93.213611,24.8606281],[93.2137943,24.8609305],[93.2138736,24.8611561],[93.2138838,24.8614495],[93.2138841,24.8619596],[93.2138746,24.8625599],[93.2138058,24.8631196],[93.2138605,24.8636117],[93.2139153,24.8639953],[93.214069,24.8644602],[93.2143612,24.8648798],[93.2147128,24.8652948],[93.2150296,24.86557],[93.215381,24.8656781],[93.2157075,24.8656418],[93.2159845,24.8655332],[93.2163753,24.8653525],[93.2167017,24.8653072],[93.2168997,24.8653521],[93.2171125,24.8654964],[93.2173207,24.8659523],[93.2175537,24.866575],[93.2178261,24.8670894],[93.2183363,24.8676398],[93.2189402,24.8680818],[93.2195441,24.8684515],[93.2210735,24.8691998],[93.2214548,24.8695111],[93.2216677,24.8698088],[93.2217719,24.8702421],[93.2216536,24.8707206],[93.2214808,24.8711541],[93.2213375,24.8714159],[93.2210755,24.8716779],[93.2210173,24.8717292],[93.2207887,24.8719309],[93.2204624,24.8722878],[93.2202004,24.8726355],[93.2200968,24.8730057],[93.2201613,24.873281],[93.2203595,24.8735201],[93.220696,24.8737005],[93.2209979,24.873795],[93.2214185,24.8738174],[93.2219182,24.8737583],[93.2223486,24.8736271],[93.2234071,24.8731705],[93.2234265,24.8731617],[93.2248366,24.8725241],[93.2253065,24.8723928],[93.2257518,24.8724152],[93.2261972,24.8725954],[93.2264449,24.8728344],[93.2264846,24.8730601],[93.2263958,24.8733626],[93.2261586,24.8736968],[93.2256641,24.8741486],[93.2250634,24.8746771],[93.2250461,24.8746923],[93.2243291,24.8753231],[93.2232958,24.8762762],[93.2224305,24.8771479],[93.2219609,24.8776628],[93.2215311,24.8785839],[93.2212695,24.8793469],[93.2211909,24.8800647],[93.2212705,24.8807011],[93.2213202,24.8809854],[93.2215136,24.8815224],[93.2217662,24.8818337],[93.2221027,24.8819058],[93.2224986,24.8818107],[93.2228101,24.8815803],[93.2231266,24.8813408],[93.2234529,24.8809705],[93.2240956,24.8803742],[93.2242256,24.8803219],[93.2245112,24.8802069],[93.2249219,24.8801841],[93.2252981,24.8803373],[93.2256793,24.8806124],[93.2260062,24.8809462],[93.2265708,24.8815687],[93.226701,24.8818058],[93.2269325,24.8822275],[93.2270764,24.8826697],[93.2271411,24.8830173],[93.2271711,24.8834326],[93.2271814,24.8839471],[93.227251,24.8843172],[93.2273304,24.8845925],[93.227474,24.8848181],[93.2277365,24.8850346],[93.2280088,24.8851653],[93.228286,24.8852508],[93.228479,24.8852598],[93.2287016,24.8851783],[93.2290973,24.8849885],[93.2300518,24.8843739],[93.2303316,24.8842402],[93.2306948,24.8840665],[93.231244,24.8839217],[93.2315706,24.8839079],[93.2320307,24.8839212],[93.2323822,24.8841014],[93.2325654,24.8842412],[93.2326992,24.8843991],[93.2327885,24.8846609],[93.2327789,24.8849588],[93.2326605,24.8854147],[93.2320875,24.8865933],[93.2317714,24.8871668],[93.231549,24.8875371],[93.2313117,24.8877765],[93.2310791,24.8879211],[93.2307873,24.8880161],[93.2304508,24.8880254],[93.2300945,24.8880256],[93.2300852,24.8880243],[93.2295106,24.8879448],[93.2290008,24.8879451],[93.2286198,24.8880176],[93.2282785,24.8881487],[93.2279916,24.8883385],[93.2275713,24.8887361],[93.2267855,24.8898109],[93.2264839,24.8902534],[93.2263011,24.890565],[93.2261875,24.8907773],[93.2260788,24.8911024],[93.2260147,24.8913868],[93.2259853,24.8916892],[93.2260151,24.8919284],[93.2262233,24.8922171],[93.2270601,24.8928621],[93.2275847,24.892934],[93.2282132,24.8928342],[93.2288959,24.8926442],[93.2296281,24.8923818],[93.2296383,24.8923773],[93.2303355,24.8920698],[93.2311468,24.8917352],[93.2315674,24.8916853],[93.2318791,24.8917347],[93.2321169,24.891879],[93.2323546,24.8921407],[93.2324344,24.8928583],[93.232326,24.893382],[93.2320641,24.8938832],[93.231728,24.8942671],[93.2309909,24.8946739],[93.2302341,24.8950581],[93.2296554,24.8954873],[93.2294231,24.8957764],[93.2292651,24.8962053],[93.2292901,24.8965167],[93.2293997,24.8973382],[93.229608,24.897821],[93.2301579,24.8984751],[93.2312223,24.8989573],[93.2320093,24.8990426],[93.232168,24.8990221],[93.2326773,24.8989563],[93.2335234,24.8987661],[93.234147,24.8988063],[93.2347189,24.8989478],[93.2347203,24.8989481],[93.2348202,24.8989729],[93.2355577,24.8991438],[93.2361368,24.8991208],[93.2370818,24.8988447],[93.2379575,24.8986545],[93.2384872,24.8986992],[93.2388586,24.8989923],[93.2392056,24.8996014],[93.2394001,24.9002802],[93.2394836,24.9005717],[93.2396476,24.9013299],[93.2408027,24.9033558],[93.2408925,24.904114],[93.2406852,24.9047461],[93.2403193,24.9051256],[93.2399729,24.9052522],[93.2395573,24.9052977],[93.239293,24.9053094],[93.2391416,24.9053161],[93.2387705,24.9053615],[93.238424,24.9054249],[93.2381272,24.905529],[93.2379392,24.9056555],[93.237781,24.9058227],[93.2376873,24.9061613],[93.2375937,24.9066669],[93.2372976,24.907615],[93.2367884,24.9083105],[93.2361209,24.908943],[93.2352456,24.9098915],[93.2349195,24.9104199],[93.2349694,24.9109254],[93.2351975,24.9114082],[93.2354705,24.9117064],[93.2355444,24.9117871],[93.2360297,24.9121253],[93.2365148,24.9122693],[93.2369998,24.9121652],[93.237623,24.9116817],[93.2383599,24.9110041],[93.2390327,24.9106245],[93.2394929,24.9105203],[93.2400223,24.9104341],[93.2425318,24.910554],[93.2440563,24.9105527],[93.2446801,24.9107418],[93.245116,24.9110575],[93.2459866,24.9120048],[93.2467362,24.9128662],[93.2472415,24.9133081],[93.2476823,24.9136057],[93.2482939,24.9141047],[93.248351,24.9141513],[93.248678,24.9144895],[93.2488368,24.914846],[93.2489314,24.9155005],[93.2488629,24.9162363],[93.248725,24.9168729],[93.2480589,24.9189588],[93.2474366,24.9204534],[93.2468144,24.9219299],[93.2467211,24.9226477],[93.2465835,24.9237221],[93.2463864,24.9245348],[93.2459712,24.9252483],[93.2456003,24.9255466],[93.2451846,24.9256281],[93.244838,24.9255652],[93.2441943,24.9253581],[93.2432436,24.9250428],[93.2420455,24.924791],[93.2411197,24.9246653],[93.2393423,24.9243688],[93.2390899,24.9244322],[93.238813,24.9247078],[93.2386303,24.9251277],[93.2384922,24.9256785],[93.2385617,24.9259718],[93.2387699,24.9262651],[93.2393891,24.9266889],[93.2401765,24.9271081],[93.2405926,24.927338],[93.240964,24.9276356],[93.2411921,24.927992],[93.2412616,24.9282673],[93.2411516,24.9287843],[93.2411483,24.9288001],[93.2411046,24.9296396],[93.2412634,24.9300819],[93.2417045,24.9305871],[93.2422145,24.9308214],[93.2429077,24.9310285],[93.2436655,24.9314297],[93.2442006,24.9318941],[93.2447061,24.932503],[93.245242,24.9338297],[93.2453569,24.9347549],[93.2451049,24.935387],[93.2449171,24.93564],[93.2441799,24.9360829],[93.2436008,24.936255],[93.2431653,24.9362959],[93.2426354,24.9361068],[93.2420311,24.9357507],[93.240322,24.9345287],[93.2394205,24.9338749],[93.2387963,24.9333518],[93.238058,24.9326753],[93.2377559,24.9325311],[93.2374341,24.9324862],[93.2371322,24.9325315],[93.2368554,24.9329515],[93.2367422,24.9337506],[93.2368114,24.9345648],[93.2368146,24.937163],[93.2370229,24.9375014],[93.2372946,24.9376864],[93.2375925,24.9378891],[93.2387463,24.9382268],[93.2399743,24.9385418],[93.2407567,24.9386902],[93.241658,24.9390867],[93.2422575,24.9395105],[93.2429511,24.9401825],[93.2435101,24.9406912],[93.2435755,24.9407508],[93.2438777,24.9409401],[93.2449176,24.941192],[93.245264,24.9411286],[93.2456303,24.9409613],[93.246115,24.9406223],[93.2465999,24.9402653],[93.2471787,24.9399038],[93.2476192,24.9397996],[93.248055,24.9398398],[93.2488868,24.9400738],[93.249882,24.9402299],[93.25009,24.9402625],[93.2506644,24.9402619],[93.2509664,24.9403881],[93.2512687,24.9406406],[93.2514771,24.941164],[93.2515913,24.9415025],[93.2516366,24.9422472],[93.2514293,24.9427755],[93.2509695,24.9434079],[93.250366,24.9438281],[93.24949,24.9442306],[93.2486388,24.944484],[93.247946,24.94476],[93.2474808,24.944968],[93.2473225,24.9451171],[93.2472732,24.9453067],[93.2473071,24.9453505],[93.2474367,24.9455187],[93.2477837,24.945875],[93.248502,24.9463168],[93.2491709,24.9468444],[93.2493547,24.9473904],[93.2492858,24.9478328],[93.2491277,24.9481715],[93.2487121,24.948551],[93.2480641,24.9490571],[93.2475791,24.9492651],[93.246817,24.9495817],[93.2460994,24.9499208],[93.2454116,24.9502779],[93.2452485,24.9505535],[93.2453626,24.9508062],[93.2468717,24.9522721],[93.2500003,24.9551387],[93.2549605,24.9561981],[93.2580327,24.9572637],[93.26087,24.9585454],[93.2630056,24.9613358],[93.2627821,24.9643496],[93.2623279,24.9686556],[93.2609234,24.9714582],[93.2571558,24.9736233],[93.252438,24.974285],[93.2496114,24.973123],[93.249612,24.9731245],[93.2498723,24.9735525],[93.2505153,24.9742528],[93.2512377,24.9749078],[93.2518116,24.975459],[93.2519498,24.9758519],[93.2520285,24.9764522],[93.2519933,24.9770751],[93.2518247,24.9772917],[93.2515969,24.9773185],[93.2511313,24.9773046],[93.2502255,24.9769383],[93.2496314,24.9768248],[93.2495233,24.9769048],[93.2493389,24.9770413],[93.2491999,24.9775016],[93.2492238,24.9783141],[93.2494356,24.9793389],[93.2496728,24.9798853],[93.2503902,24.9804998],[93.2514941,24.9810288],[93.253004,24.9816123],[93.2534344,24.9820685],[93.2534982,24.9825561],[93.2532402,24.9830975],[93.2527593,24.9836433],[93.2520704,24.9841754],[93.2515249,24.9849333],[93.2513856,24.9855741],[93.2514099,24.986012],[93.2516965,24.9866622],[93.2525025,24.9879403],[93.2533185,24.9891551],[93.253709,24.9899544],[93.2538915,24.9906587],[93.2539552,24.9913584],[93.2540683,24.9921935],[93.2543352,24.9927851],[93.2548101,24.9933857],[93.2557601,24.9942577],[93.2565025,24.9947729],[93.2568586,24.9954051],[93.2570412,24.9960733],[93.2569963,24.9963983],[93.2567782,24.9965876],[93.2562481,24.9967452],[93.2553662,24.9970243],[93.2544297,24.9974569],[93.2539196,24.9974475],[93.2534096,24.9972891],[93.2529786,24.9973384],[93.252701,24.9976406],[93.2526558,24.9982138],[93.2527739,24.998909],[93.2530509,24.9993381],[93.2535457,24.9998982],[93.2541595,25.0002326],[93.2545855,25.0002692],[93.2550857,25.0002605],[93.255705,25.0001121],[93.2568495,24.9997338],[93.2578552,24.9994773],[93.2586328,24.9994779],[93.2587253,24.999524],[93.2590586,24.9996904],[93.2594148,25.000124],[93.259756,25.0006524],[93.2598696,25.0011264],[93.2597799,25.0015912],[93.2595516,25.0021102],[93.2591451,25.0025883],[93.2588671,25.0028659],[93.2587424,25.0029904],[93.2579845,25.0041176],[93.2576869,25.0046139],[93.2573846,25.0047445],[93.2570132,25.0047352],[93.2565378,25.0045634],[93.255617,25.0040616],[93.2549242,25.0034607],[93.2544988,25.0028104],[93.2539199,25.002214],[93.2530193,25.0012925],[93.2525887,25.0009311],[93.2523411,25.0009308],[93.2520833,25.0011203],[93.2519097,25.001445],[93.2518251,25.001788],[93.251641,25.0026185],[93.251338,25.0035119],[93.2508866,25.0042292],[93.2505001,25.0043192],[93.2499753,25.004075],[93.2490695,25.00351],[93.2487827,25.0029862],[93.2487089,25.0025483],[93.2493346,25.0009374],[93.2495729,25.0003688],[93.2494051,24.9997593],[93.2488809,24.9989058],[93.2476388,24.997862],[93.2468624,24.9973802],[93.2456972,24.9973978],[93.2452915,24.997499],[93.2450148,24.9976001],[93.2447014,24.9978358],[93.2443881,24.9980883],[93.2441116,24.9983912],[93.2438906,24.9988623],[93.2437253,24.9995351],[93.2437258,25.0000563],[93.2437908,25.0002905],[93.2438503,25.000505],[93.2440509,25.0008742],[93.2441456,25.0013045],[93.2442481,25.0018477],[93.244343,25.0024736],[93.2443604,25.0027396],[93.2441976,25.0032596],[93.2439749,25.0034164],[93.2437007,25.003487],[93.2432376,25.0034717],[93.2426497,25.0033455],[93.242161,25.0032989],[93.2418525,25.0034634],[93.2417844,25.0039252],[93.2419143,25.004281],[93.2421718,25.0047111],[93.2424552,25.0050944],[93.2428811,25.0056527],[93.2432588,25.0061923],[93.2433876,25.0064034],[93.2436368,25.0069432],[93.2437744,25.0074516],[93.2438199,25.0079543],[93.2439579,25.0087993],[93.2440358,25.0092713],[93.2441221,25.009772],[93.2441738,25.0100145],[93.2442081,25.0101709],[93.2444819,25.0110721],[93.2446023,25.0114634],[93.2447226,25.0117136],[93.2449115,25.0120656],[93.245372,25.0124924],[93.2455608,25.0126565],[93.2459726,25.0129849],[93.2465132,25.0133913],[93.2468919,25.0136853],[93.247424,25.0141364],[93.2476712,25.0145338],[93.2476709,25.0148995],[93.2473831,25.0154003],[93.2471798,25.0156258],[93.2466841,25.0158691],[93.245941,25.0159362],[93.2453974,25.0158613],[93.2453929,25.0158607],[93.2451832,25.0158317],[93.2444401,25.015831],[93.2439843,25.0159164],[93.2437364,25.0161239],[93.2436221,25.0164894],[93.2436357,25.0176991],[93.2438828,25.0182861],[93.2441251,25.0186158],[93.2445857,25.018738],[93.2452694,25.0186664],[93.2459929,25.0184775],[93.2467065,25.0181486],[93.2472813,25.0179911],[93.2478112,25.0181134],[93.2481328,25.0185154],[93.2486467,25.0197617],[93.2490823,25.0200871],[93.2498797,25.0203314],[93.2510587,25.0203821],[93.2523863,25.0203154],[93.2535306,25.0203164],[93.2539465,25.0205785],[93.2540799,25.0209262],[93.2539655,25.0214272],[93.25343,25.0219638],[93.2527111,25.0225455],[93.2525027,25.022929],[93.2526162,25.0233083],[93.2529774,25.023778],[93.2532846,25.0240217],[93.2536951,25.0243473],[93.2541159,25.0246907],[93.2541701,25.0250248],[93.2540358,25.0254715],[93.2535452,25.0257646],[93.253124,25.0258184],[93.2521927,25.0257635],[93.2514545,25.0257132],[93.2511671,25.0258484],[93.2511073,25.0262681],[93.251354,25.027144],[93.2516953,25.0277536],[93.2519032,25.0278892],[93.2522253,25.0278398],[93.2524931,25.0275782],[93.2531375,25.0271093],[93.2535935,25.0270239],[93.2537865,25.027164],[93.2541824,25.0276834],[93.2544094,25.0286044],[93.2546165,25.0294848],[93.2548439,25.0299859],[93.2550716,25.0302299],[93.2559085,25.030542],[93.2566861,25.0308225],[93.2570869,25.0313058],[93.2576708,25.0321368],[93.2584326,25.0333335],[93.2589423,25.0339659],[93.2598926,25.0349732],[93.26014,25.0354067],[93.2600405,25.0357723],[93.2594163,25.0365154],[93.2587658,25.0372427],[93.2583489,25.0380233],[93.2583481,25.0388358],[93.2587831,25.0400278],[93.2591788,25.040651],[93.2596193,25.0412065],[93.2599016,25.0413466],[93.2602633,25.041365],[93.2607391,25.0411396],[93.2613092,25.0407925],[93.2618048,25.040671],[93.2621862,25.0407209],[93.2625278,25.041123],[93.2629233,25.0419538],[93.2633391,25.0425589],[93.2639827,25.0431146],[93.2648543,25.0435757],[93.2657089,25.0437183],[93.2657109,25.0437186],[93.2658054,25.0437344],[93.2660531,25.0438383],[93.2661074,25.0440821],[93.2658592,25.0445333],[93.265517,25.0449799],[93.2650658,25.0453768],[93.2646246,25.0456518],[93.2642233,25.0457219],[93.2638266,25.0457912],[93.2632966,25.045705],[93.2627071,25.0455285],[93.2623651,25.0456321],[93.2622707,25.0459119],[93.2623843,25.0463453],[93.2627257,25.0468601],[93.263369,25.0477814],[93.2637495,25.0489102],[93.2642049,25.0493619],[93.2647004,25.049448],[93.2650918,25.0495115],[93.265949,25.0495301],[93.2668806,25.049427],[93.2673711,25.0495131],[93.2680597,25.0496851],[93.2689512,25.0502094],[93.2698427,25.0506433],[93.2704521,25.0507656],[93.2707397,25.050486],[93.2710626,25.0495157],[93.2715389,25.0487713],[93.2721486,25.0484422],[93.2728521,25.0485962],[93.2732877,25.04912],[93.2734952,25.0498288],[93.2737821,25.0504384],[93.2745101,25.0509444],[93.2755159,25.0510128],[93.2763931,25.0508735],[93.2768295,25.0503908],[93.2770034,25.0497996],[93.2773058,25.0495741],[93.2777963,25.0496421],[93.278366,25.0499224],[93.2789353,25.0504779],[93.2796038,25.0510155],[93.2800746,25.0509977],[93.2802284,25.0507451],[93.2801496,25.0501537],[93.2798875,25.0493907],[93.2794671,25.048438],[93.2794524,25.0483067],[93.2793932,25.0477789],[93.2796612,25.0472239],[93.2800974,25.0470482],[93.2805334,25.047238],[93.2810829,25.0477078],[93.2811878,25.0478308],[93.2816919,25.0484214],[93.2822613,25.0489408],[93.2826973,25.0490088],[93.2830047,25.0488194],[93.2829653,25.0484809],[93.2826984,25.0475779],[93.2825108,25.0465713],[93.2826056,25.0458084],[93.2830421,25.0451181],[93.2834633,25.0449965],[93.2839934,25.0450464],[93.2844441,25.0453808],[93.2851076,25.0460041],[93.286326,25.0466639],[93.287178,25.0470119],[93.2874258,25.046994],[93.2875598,25.0467007],[93.2876743,25.0459063],[93.2881106,25.045577],[93.2885862,25.0455412],[93.2889677,25.0456813],[93.2893835,25.0461826],[93.2900666,25.0472167],[93.2905417,25.047894],[93.2909181,25.0483772],[93.2913589,25.0486393],[93.2916066,25.0485355],[93.2919488,25.0481701],[93.2923456,25.0476874],[93.2929557,25.0466992],[93.2933918,25.0463519],[93.2936793,25.0463339],[93.2938872,25.0465237],[93.2940008,25.047115],[93.2940351,25.047765],[93.2941877,25.0493269],[93.2944347,25.0505773],[93.294796,25.051065],[93.2952518,25.051133],[93.2959457,25.0509573],[93.2966098,25.0507816],[93.297353,25.050782],[93.2977345,25.0509402],[93.2980364,25.0514594],[93.2983583,25.0518433],[93.2987991,25.0519473],[93.2991958,25.0515999],[93.2992904,25.0508642],[93.2994053,25.0493521],[93.2991183,25.0487111],[93.2987763,25.0483284],[93.2985291,25.0480518],[93.2979249,25.0474963],[93.297618,25.0470131],[93.2975439,25.0465798],[93.298,25.0461106],[93.2987584,25.0457995],[93.2987974,25.0457975],[93.2994421,25.0457638],[93.2999572,25.0460394],[93.3001106,25.0464592],[93.3003182,25.0473936],[93.3005255,25.048775],[93.3007723,25.0503369],[93.3011331,25.0519485],[93.301702,25.0533209],[93.3018101,25.0535495],[93.3019495,25.0538446],[93.3020979,25.0542419],[93.3020036,25.0545217],[93.3017359,25.0547788],[93.3012798,25.0551262],[93.3007493,25.0555593],[93.3007888,25.0558572],[93.3011305,25.0562546],[93.3015267,25.0564805],[93.3020619,25.0564627],[93.3025181,25.0560295],[93.3031427,25.0555424],[93.3036383,25.0554388],[93.3042279,25.0556151],[93.3048768,25.0561074],[93.3049384,25.0561924],[93.3052927,25.0566809],[93.3055599,25.0574257],[93.3054801,25.0582427],[93.3050833,25.0588609],[93.304399,25.0596596],[93.303105,25.0607648],[93.3025893,25.0613694],[93.3024601,25.0619606],[93.3024346,25.0633373],[93.3028155,25.0643621],[93.3033255,25.0649356],[93.3043934,25.0657145],[93.3043962,25.0657166],[93.3044649,25.0657667],[93.3056782,25.0673696],[93.3063071,25.0682546],[93.3063345,25.0686686],[93.3063415,25.0687738],[93.3062468,25.0697081],[93.306058,25.0705069],[93.3059041,25.0709717],[93.3061119,25.0716354],[93.3068151,25.0724933],[93.3079544,25.0736403],[93.3090413,25.0746793],[93.3094811,25.0752337],[93.3100245,25.0764803],[93.3105346,25.0773743],[93.3122091,25.0785892],[93.312739,25.0793523],[93.3129815,25.0801242],[93.3130949,25.0812888],[93.3138774,25.0826703],[93.3144864,25.0839525],[93.3149222,25.0846162],[93.315824,25.0851763],[93.3174245,25.0859939],[93.3184252,25.0870279],[93.3196043,25.0882606],[93.3208329,25.0896242],[93.3218783,25.0908207],[93.3228101,25.090961],[93.3238213,25.0909794],[93.3245993,25.0913272],[93.3252979,25.0920451],[93.3261155,25.0928082],[93.3275428,25.0934],[93.3282615,25.0934634],[93.3294809,25.0932923],[93.3306756,25.0930669],[93.3315529,25.0930852],[93.3321626,25.0932389],[93.3323706,25.0935187],[93.3324053,25.0937625],[93.3322565,25.0941777],[93.331934,25.0946967],[93.3317009,25.0953872],[93.3317006,25.0960463],[93.3318839,25.0965293],[93.3324933,25.0971028],[93.3332566,25.0973828],[93.3334994,25.0976086],[93.3335389,25.0979877],[93.3334447,25.0983307],[93.3332064,25.0989278],[93.3325716,25.1001315],[93.3324574,25.1007317],[93.3327397,25.101427],[93.3335772,25.1023796],[93.3346968,25.1044878],[93.3355539,25.1060995],[93.3361554,25.1069737],[93.3363864,25.1073093],[93.3373378,25.1084696],[93.3377342,25.1091287],[93.3380761,25.1099007],[93.3380759,25.110352],[93.3377733,25.1106272],[93.3370099,25.1108212],[93.3368413,25.1111326],[93.3367469,25.111602],[93.336955,25.1120354],[93.3373515,25.1123966],[93.3381347,25.1126946],[93.3392947,25.1128665],[93.3410743,25.113413],[93.3413073,25.1135621],[93.341332,25.1135891],[93.3414063,25.1138329],[93.3412824,25.114045],[93.3407815,25.1144421],[93.3407255,25.1144865],[93.3405138,25.1146542],[93.3401468,25.1148707],[93.3399188,25.1150106],[93.3397651,25.115128],[93.3393286,25.1154889],[93.3393435,25.1156605],[93.3393633,25.1157597],[93.3395267,25.1161796],[93.3396606,25.1165046],[93.3403741,25.1179628],[93.3406615,25.1182471],[93.3409353,25.1184965],[93.3410134,25.1185677],[93.3415141,25.1189469],[93.3416776,25.1191546],[93.3419948,25.1195655],[93.342203,25.1198905],[93.3421979,25.1201929],[93.3419696,25.1210776],[93.3418059,25.121556],[93.3416669,25.1218132],[93.3414834,25.1221382],[93.3413396,25.122445],[93.3412057,25.1227655],[93.3411758,25.1230634],[93.3413542,25.1233026],[93.3414683,25.1234291],[93.3416714,25.1236142],[93.3419937,25.1237632],[93.3424101,25.1237588],[93.3428663,25.1237319],[93.343729,25.1234296],[93.3441158,25.1232762],[93.3445918,25.1231996],[93.3449637,25.1231409],[93.345167,25.1232087],[93.3452016,25.1232945],[93.3452561,25.1234615],[93.3451965,25.1237819],[93.3451171,25.123967],[93.3446955,25.1248381],[93.3442145,25.1252893],[93.3436046,25.1256232],[93.3430592,25.1257179],[93.3428153,25.125758],[93.342484,25.1258125],[93.3420427,25.1260697],[93.3417649,25.1264127],[93.3417202,25.1267061],[93.3418094,25.1269273],[93.3419481,25.1272659],[93.3421117,25.127627],[93.3425826,25.1279205],[93.3429098,25.1281192],[93.343128,25.1281779],[93.3433676,25.1282361],[93.3433937,25.1282424],[93.3434998,25.1282682],[93.3438666,25.1283857],[93.3443128,25.1286114],[93.344645,25.1287831],[93.344992,25.1289998],[93.3450862,25.1291352],[93.345215,25.1293293],[93.3452844,25.1298168],[93.3453387,25.1303359],[93.3453189,25.1307421],[93.3453039,25.1309091],[93.3452642,25.1310852],[93.3451798,25.1313921],[93.3451005,25.1315004],[93.3449517,25.1316719],[93.3448029,25.1318344],[93.3445203,25.1321051],[93.3442673,25.1323623],[93.3441433,25.1324977],[93.3440639,25.1326783],[93.3439796,25.1329175],[93.3439398,25.1331071],[93.3439943,25.133405],[93.344003,25.1334446],[93.344005,25.1334536],[93.3440438,25.1336307],[93.3440835,25.1338247],[93.3440734,25.1341723],[93.3440536,25.1343303],[93.3440287,25.1344837],[93.3439394,25.1347139],[93.3438253,25.1349531],[93.3436914,25.1352104],[93.3434633,25.1355038],[93.3434087,25.1355489],[93.3431706,25.1357339],[93.3429475,25.1358602],[93.3427392,25.135982],[93.3426202,25.1360813],[93.3423374,25.1363747],[93.3422729,25.1365372],[93.3422382,25.1367583],[93.3423075,25.1371464],[93.3423818,25.137485],[93.3426545,25.1377017],[93.3431418,25.1380567],[93.3435103,25.1382189],[93.3439619,25.1382874],[93.3443352,25.1382637],[93.3446418,25.1381665],[93.3451288,25.1379592],[93.3453043,25.1378839],[93.3454664,25.1378144],[93.3458349,25.1377085],[93.3462471,25.1377644],[93.3465823,25.1378509],[93.3468944,25.1379914],[93.3470275,25.1380843],[93.3472129,25.1382141],[93.3473914,25.1383774],[93.3474365,25.138479],[93.3474805,25.1386043],[93.347509,25.1387729],[93.347478,25.1389451],[93.3474209,25.1391051],[93.3473469,25.1392442],[93.3472376,25.1394302],[93.3468619,25.1397877],[93.3465882,25.1400082],[93.3463765,25.1401488],[93.3463398,25.140192],[93.3462066,25.1403735],[93.3461409,25.1405801],[93.3461694,25.1408482],[93.346348,25.1413185],[93.3464406,25.1415542],[93.3467229,25.1420317],[93.346862,25.1425911],[93.3468589,25.1430182],[93.3468161,25.1432592],[93.346762,25.1435609],[93.3467168,25.1436905],[93.346597,25.144032],[93.3465565,25.1441431],[93.3464371,25.1444618],[93.3463824,25.144628],[93.3463039,25.1450075],[93.3462526,25.1452615],[93.3462736,25.1461836],[93.3462981,25.1470739],[93.3462937,25.1474601],[93.3458685,25.1484272],[93.3456586,25.1488936],[93.3454018,25.1495332],[93.345354,25.1497466],[93.3452969,25.1500073],[93.3451969,25.1504774],[93.345183,25.150735],[93.3451265,25.1521804],[93.3451706,25.1526526],[93.3452105,25.1529746],[93.3453253,25.1532635],[93.3455511,25.1538816],[93.3456292,25.1543517],[93.3456202,25.1546955],[93.3457693,25.1551461],[93.3458478,25.1553299],[93.3459458,25.1555454],[93.3460271,25.1557212],[93.3462203,25.1561139],[93.3464236,25.1565021],[93.3465525,25.1567774],[93.3465822,25.1569174],[93.3465673,25.1570844],[93.3464829,25.1572288],[93.3462349,25.1574544],[93.3460217,25.1575582],[93.3458728,25.1576305],[93.3455456,25.1577342],[93.3453227,25.1578006],[93.3449008,25.1579191],[93.3445635,25.1580635],[93.3444246,25.1582034],[93.3440326,25.1589751],[93.3440078,25.1591332],[93.3439878,25.1596432],[93.3440075,25.1600043],[93.3440768,25.1606498],[93.3441227,25.1612236],[93.344141,25.1617601],[93.3441211,25.1623244],[93.3440862,25.1628028],[93.3443538,25.1634934],[93.3445572,25.1638771],[93.3447406,25.1641435],[93.3450529,25.1645814],[93.3453156,25.1649425],[93.3454992,25.1651863],[93.345623,25.1653714],[93.3460147,25.1660666],[93.3461634,25.1665225],[93.3462427,25.1668881],[93.3462576,25.1671635],[93.3461632,25.1674613],[93.3460689,25.1678089],[93.3458405,25.1689373],[93.3457958,25.169172],[93.3457659,25.1694699],[93.3458701,25.1698084],[93.3459593,25.170007],[93.346222,25.170472],[93.3464303,25.1708331],[93.346579,25.1711085],[93.3469509,25.1718488],[93.3471244,25.1722551],[93.3472879,25.1727426],[93.347387,25.1732571],[93.347496,25.1736589],[93.3476199,25.1740381],[93.3478083,25.1746113],[93.3484975,25.1754195],[93.3487436,25.1756554],[93.3487753,25.1756858],[93.3489835,25.1758799],[93.3491076,25.1760334],[93.349415,25.1764532],[93.3496083,25.1767421],[93.3496976,25.1770627],[93.3497322,25.1775682],[93.3496925,25.1778525],[93.3496626,25.178155],[93.3496823,25.1788455],[93.3496923,25.1791344],[93.3498062,25.1794955],[93.3499203,25.1796942],[93.3501236,25.1799153],[93.3503319,25.1799064],[93.3504697,25.1798569],[93.3505205,25.1798387],[93.3505998,25.1797664],[93.3508677,25.1795634],[93.351076,25.1794822],[93.3512694,25.1794867],[93.3513935,25.1795364],[93.3514977,25.1796628],[93.351567,25.1799833],[93.3515323,25.1802541],[93.3514329,25.1806152],[93.3513536,25.1807777],[93.3511799,25.1811658],[93.3509417,25.1817887],[93.3509614,25.1821769],[93.3509962,25.1823483],[93.3510804,25.1826508],[93.3511597,25.1828359],[93.3513382,25.183197],[93.3515714,25.1835852],[93.351864,25.1838786],[93.3520722,25.1840863],[93.3525087,25.1844294],[93.352712,25.1845693],[93.3534561,25.1850073],[93.3539768,25.1852466],[93.3543687,25.1854588],[93.3547208,25.1856801],[93.3549589,25.1859329],[93.3550332,25.1861765],[93.3549638,25.1864474],[93.354805,25.1866415],[93.3545917,25.186831],[93.3542146,25.1871514],[93.3540559,25.18735],[93.354036,25.1874854],[93.3541203,25.1876659],[93.3542244,25.1877924],[93.354408,25.1879774],[93.3545716,25.1880858],[93.3550874,25.1884244],[93.3559059,25.188903],[93.3561638,25.1889571],[93.3563524,25.188903],[93.3565954,25.1887315],[93.3567492,25.1884562],[93.3568374,25.1882078],[93.3568485,25.1881763],[93.3569677,25.1878333],[93.3570421,25.1876392],[93.3571115,25.1875355],[93.3571959,25.1875174],[93.3572405,25.1875219],[93.3573249,25.1875399],[93.3573695,25.1875987],[93.3574191,25.1877025],[93.3575034,25.1879959],[93.357543,25.1881674],[93.3576124,25.1888083],[93.357652,25.1892236],[93.3576718,25.1894764],[93.3576915,25.190009],[93.3575923,25.1902708],[93.3573542,25.1904874],[93.3570218,25.190668],[93.3567688,25.1908213],[93.3567092,25.1908981],[93.3565356,25.1911734],[93.3565504,25.1914442],[93.3566248,25.1917015],[93.356714,25.1918775],[93.3568777,25.1920988],[93.357091,25.1922207],[93.3573391,25.1922974],[93.3576764,25.1923471],[93.3579988,25.1922929],[93.3582023,25.1922163],[93.3584652,25.1920854],[93.358532,25.1920503],[93.3585367,25.1920478],[93.3587827,25.1919184],[93.3590754,25.191774],[93.359492,25.1917109],[93.3597252,25.191729],[93.3598245,25.1917741],[93.3599882,25.1918508],[93.3601915,25.1920269],[93.3603304,25.1921849],[93.3603602,25.1924242],[93.3603204,25.1927536],[93.3602411,25.1929296],[93.360044,25.1933543],[93.3596356,25.1941754],[93.3595165,25.1943288],[93.359328,25.1946086],[93.3592585,25.1947576],[93.3592436,25.1948253],[93.3592436,25.1949923],[93.3592734,25.1951954],[93.3593775,25.1953128],[93.3596355,25.1954482],[93.3600572,25.1955566],[93.3602854,25.1955747],[93.3607169,25.1956018],[93.3610047,25.1956199],[93.3612577,25.1956379],[93.3619919,25.1956922],[93.3633214,25.1960985],[93.3634355,25.1961527],[93.3638273,25.1963468],[93.3639167,25.1964055],[93.3641399,25.196577],[93.3649187,25.1971864],[93.3652511,25.1975205],[93.3654445,25.1977822],[93.3656231,25.1980757],[93.365757,25.1983284],[93.3659009,25.1986353],[93.3659306,25.1987392],[93.3659356,25.1989333],[93.3658413,25.1993034],[93.3657768,25.1995562],[93.3656726,25.2000436],[93.3656527,25.2002377],[93.3656477,25.2004905],[93.3656577,25.2006575],[93.3657321,25.2013977],[93.3657469,25.2015196],[93.3657965,25.2017814],[93.3659156,25.2021515],[93.3660048,25.2023456],[93.3660743,25.2025893],[93.3661635,25.2029098],[93.3662912,25.2034195],[93.3662975,25.2036041],[93.3663172,25.2044129],[93.3662576,25.2047875],[93.366186,25.2049892],[93.3661846,25.2049933],[93.3661535,25.205081],[93.3661088,25.2052073],[93.3660592,25.2053653],[93.3659997,25.2056181],[93.3660093,25.2058523],[93.3660095,25.2058572],[93.3661037,25.206101],[93.366332,25.2064305],[93.366714,25.2067014],[93.3670811,25.2069542],[93.3673243,25.2071167],[93.3677906,25.2073379],[93.3681676,25.2074191],[93.3686885,25.2074281],[93.3687609,25.2074176],[93.3695022,25.2073379],[93.3697453,25.2073379],[93.370058,25.207347],[93.3703109,25.2074507],[93.3704151,25.2075366],[93.3705491,25.2076584],[93.370678,25.2077939],[93.3707178,25.2078932],[93.3707227,25.2080962],[93.3706086,25.2082588],[93.3703704,25.2085295],[93.3701472,25.2087146],[93.3701425,25.2087176],[93.3698743,25.2088861],[93.3694625,25.2091524],[93.369264,25.2093736],[93.36914,25.2095361],[93.3690308,25.2097347],[93.3689216,25.2101951],[93.3688918,25.2103982],[93.368867,25.2107141],[93.3689365,25.2109669],[93.3690407,25.2110797],[93.369254,25.2111836],[93.3694326,25.2112422],[93.3697055,25.2112964],[93.3699685,25.2113099],[93.3717149,25.2117252],[93.3732232,25.2118698],[93.3734961,25.21182],[93.3737095,25.2117975],[93.3738285,25.2118246],[93.3738533,25.2118832],[93.3738533,25.21196],[93.3738335,25.2124475],[93.3737988,25.2126642],[93.373759,25.2128943],[93.3736946,25.213111],[93.3735804,25.2134631],[93.3735408,25.2135759],[93.3734713,25.2137745],[93.3733968,25.2140047],[93.3733274,25.2142755],[93.3733175,25.214447],[93.3733075,25.2146276],[93.3733273,25.2147043],[93.373377,25.2148397],[93.3734118,25.2149029],[93.3735605,25.2150067],[93.3741411,25.215246],[93.3743594,25.2153182],[93.3745133,25.2154085],[93.374548,25.2154535],[93.3746273,25.2155709],[93.3746422,25.2156567],[93.3746572,25.2158237],[93.3746323,25.2160088],[93.3745976,25.2161802],[93.3745529,25.2163699],[93.374543,25.2166136],[93.3745976,25.2167626],[93.3747018,25.2169882],[93.374925,25.2172545],[93.3751434,25.2173493],[93.3754212,25.2174351],[93.3756742,25.2175073],[93.3759025,25.2175524],[93.3759653,25.2175649],[93.3761755,25.2176066],[93.3762896,25.2176472],[93.3765575,25.2177555],[93.3767063,25.2178774],[93.3767262,25.2179767],[93.3767212,25.2180624],[93.3766866,25.2181798],[93.3766468,25.2182972],[93.3766093,25.2183557],[93.3765773,25.2184055],[93.3764136,25.2186221],[93.3762053,25.2188524],[93.3760216,25.219051],[93.3758827,25.2191999],[93.3756842,25.2194617],[93.3756098,25.2196377],[93.3755751,25.2199131],[93.3756148,25.2201432],[93.375714,25.2202742],[93.3760613,25.2206624],[93.3762003,25.2208158],[93.3763442,25.2209512],[93.3764384,25.2210234],[93.376622,25.2210821],[93.3767808,25.2210685],[93.3768552,25.2210415],[93.3769744,25.2209963],[93.3772721,25.2208113],[93.37754,25.2206307],[93.377674,25.2205449],[93.3778973,25.2204456],[93.3780908,25.220396],[93.378239,25.220396],[93.3782443,25.220396],[93.3782744,25.220396],[93.3785423,25.2204637],[93.3786515,25.2205404],[93.3787855,25.2206352],[93.3789196,25.2208706],[93.3789409,25.22096],[93.3789419,25.2209651],[93.378974,25.2211226],[93.3791576,25.2216869],[93.3792519,25.2219351],[93.3793214,25.2220886],[93.3793958,25.222224],[93.3795298,25.2223143],[93.3797531,25.2223278],[93.3800756,25.2223368],[93.3803684,25.2223323],[93.380686,25.2223323],[93.3810382,25.2223458],[93.3813211,25.2223728],[93.3813855,25.2224135],[93.3814849,25.2224902],[93.3815592,25.2225714],[93.3816287,25.2226527],[93.3817032,25.2227655],[93.3817776,25.222901],[93.3818074,25.2231311],[93.3818025,25.2232034],[93.3817777,25.2234381],[93.3817082,25.2235329],[93.3816239,25.2236457],[93.3815664,25.2237423],[93.3815246,25.2238128],[93.3815097,25.2239121],[93.3815246,25.2240158],[93.3818423,25.2254015],[93.3818969,25.2255685],[93.382011,25.2258528],[93.3821152,25.2260334],[93.3821847,25.226232],[93.3822194,25.226372],[93.3822393,25.2264893],[93.3822344,25.2265886],[93.3821798,25.226706],[93.3820905,25.2267736],[93.3820011,25.2268279],[93.3818374,25.226882],[93.3815844,25.2269091],[93.3813908,25.2269272],[93.3813313,25.2269542],[93.3813064,25.2270039],[93.3812618,25.2271799],[93.3812717,25.227356],[93.3813065,25.2274056],[93.3814305,25.227532],[93.381495,25.2275816],[93.3817382,25.2277441],[93.3820508,25.2279337],[93.3825074,25.228227],[93.3827505,25.2284121],[93.3830136,25.2286242],[93.3832865,25.2288815],[93.3837579,25.2293283],[93.3839862,25.2296081],[93.3842542,25.2300369],[93.3844131,25.2303619],[93.3845073,25.2305785],[93.3845619,25.2307591],[93.3846216,25.2310209],[93.3846463,25.2313593],[93.384567,25.2324292],[93.3845224,25.2329392],[93.3843686,25.2333996],[93.3842595,25.2335214],[93.3841404,25.2336343],[93.3839767,25.2337426],[93.3838286,25.2337892],[93.3837185,25.2338239],[93.3831976,25.2338735],[93.3829097,25.2339007],[93.3826615,25.2339143],[93.3824035,25.2339052],[93.3821852,25.2339187],[93.3819221,25.2340136],[93.3817386,25.234149],[93.3816394,25.2343069],[93.3816095,25.234456],[93.3815898,25.2346049],[93.3815997,25.2348577],[93.3816642,25.2350562],[93.3817585,25.2353316],[93.3818677,25.2355799],[93.3819421,25.2357243],[93.382096,25.2360177],[93.3823293,25.2363788],[93.3825228,25.236663],[93.3826121,25.2368617],[93.3826667,25.2370286],[93.3826866,25.2372453],[93.3826667,25.2373265],[93.3826073,25.2374574],[93.3825278,25.2375432],[93.3824435,25.2376335],[93.3822648,25.2376742],[93.3820763,25.2377103],[93.3817636,25.2377283],[93.3812029,25.2378051],[93.3810689,25.2378728],[93.3809596,25.237945],[93.3808902,25.238085],[93.3808803,25.2381527],[93.3808902,25.2383964],[93.3809001,25.2385544],[93.3810987,25.2394977],[93.3814511,25.2399626],[93.3816347,25.2401432],[93.3823692,25.2409149],[93.3824536,25.2410278],[93.382672,25.2413482],[93.382806,25.2415558],[93.3829946,25.2418492],[93.3831386,25.2420433],[93.3833371,25.2422781],[93.3835604,25.2423502],[93.3838483,25.2423909],[93.3841261,25.2423366],[93.3843544,25.2422644],[93.3847614,25.242129],[93.3849649,25.2420702],[93.3850989,25.2420793],[93.3853272,25.2420974],[93.3854959,25.2421154],[93.3857093,25.2421921],[93.3858384,25.2422598],[93.3860418,25.2423772],[93.3864984,25.242684],[93.3865977,25.2427788],[93.3867218,25.2429368],[93.3868261,25.2430857],[93.3870195,25.2433926],[93.3871039,25.2435596],[93.3871735,25.2437492],[93.3872032,25.2439387],[93.3872628,25.2441825],[93.3872825,25.2442397],[93.3873126,25.2443269],[93.3873969,25.2445661],[93.3875111,25.2447422],[93.3876997,25.245004],[93.3878188,25.2451393],[93.3879478,25.2452747],[93.3881017,25.2454327],[93.388769,25.2458009],[93.3892532,25.2460645],[93.3893525,25.2461231],[93.38969,25.2463713],[93.3898687,25.2465609],[93.3899332,25.2466558],[93.3900523,25.2468543],[93.390097,25.2469536],[93.3901615,25.2471161],[93.3903602,25.2476352],[93.3904544,25.2479195],[93.3905041,25.2480955],[93.3905886,25.2483979],[93.3906233,25.2485559],[93.390658,25.2487048],[93.3907176,25.2488447],[93.3907872,25.2489666],[93.3909162,25.249084],[93.3910452,25.2491923],[93.3911991,25.249269],[93.3913828,25.2493502],[93.3915068,25.2493908],[93.3917649,25.2494721],[93.3919783,25.2495488],[93.3921869,25.2496344],[93.3923655,25.2497518],[93.3925927,25.2499688],[93.392843,25.250574],[93.3930258,25.2510217],[93.3930805,25.251762],[93.3931153,25.2523171],[93.393175,25.2533914],[93.3934879,25.2544205],[93.3936617,25.2547409],[93.3940985,25.2551336],[93.3943119,25.2552283],[93.3946643,25.2552914],[93.3951359,25.2554358],[93.3955975,25.2556614],[93.3959202,25.2559277],[93.3963918,25.2564467],[93.3965705,25.2567085],[93.3966996,25.2569612],[93.3968932,25.2572455],[93.397196,25.2575614],[93.3974294,25.2577645],[93.3984669,25.2584955],[93.3987151,25.25864],[93.3992959,25.2589558],[93.3995332,25.2590846],[93.3996285,25.2591363],[93.4000851,25.2594432],[93.4005568,25.2598764],[93.4006645,25.260033],[93.4006682,25.2600383],[93.4007802,25.2602013],[93.4009688,25.2604089],[93.4011625,25.2606165],[93.4015746,25.2609053],[93.4019865,25.2611038],[93.4024829,25.2612617],[93.4029297,25.2613699],[93.403431,25.2614376],[93.4038182,25.261451],[93.4042599,25.2613742],[93.4045925,25.2613019],[93.4052079,25.2611213],[93.4056694,25.2609271],[93.406023,25.2608306],[93.4063643,25.2607373],[93.4066771,25.2607779],[93.4069202,25.2608501],[93.4071288,25.2610306],[93.4074615,25.2614683],[93.4077147,25.2617933],[93.4081566,25.2621136],[93.4089806,25.2624565],[93.4094571,25.2626324],[93.4109811,25.2630067],[93.4114427,25.2630788],[93.4122567,25.2632185],[93.4130734,25.2633596],[93.4135573,25.2634574],[93.4140438,25.263561],[93.4145749,25.2637008],[93.4147611,25.2637514],[93.4152054,25.2638722],[93.4152862,25.2639071],[93.4156025,25.2640436],[93.4157439,25.2641394],[93.4159352,25.2642692],[93.4162779,25.2646347],[93.416546,25.2650589],[93.4167597,25.2658171],[93.4168096,25.2663046],[93.4168069,25.2665332],[93.4168035,25.2668244],[93.4167999,25.2671305],[93.4170633,25.268119],[93.4171797,25.2684413],[93.4172769,25.2687102],[93.4174657,25.2690306],[93.4175899,25.2691931],[93.4179474,25.2695676],[93.418115,25.2697095],[93.418454,25.2699972],[93.4188213,25.2703121],[93.4189852,25.2705016],[93.4190895,25.2707273],[93.4192434,25.2713024],[93.4192662,25.2714579],[93.4193383,25.2723837],[93.4193138,25.2731793],[93.4193042,25.2741124],[93.4193988,25.2746856],[93.4194401,25.2748075],[93.4194782,25.2749203],[93.419518,25.274997],[93.419657,25.2751234],[93.4197464,25.2751865],[93.4199053,25.2752316],[93.4200641,25.2752496],[93.4201536,25.2754346],[93.4202182,25.2756242],[93.4203176,25.2760845],[93.4203427,25.2768609],[93.4204471,25.2772987],[93.4205316,25.2774612],[93.4206906,25.2776191],[93.421043,25.277777],[93.422463,25.2783046],[93.4230565,25.2784581],[93.4232822,25.2785165],[93.4235652,25.2785841],[93.4241064,25.278796],[93.4244341,25.2790171],[93.4246484,25.2793001],[93.4248151,25.2795202],[93.4249706,25.2797255],[93.4251493,25.2798834],[93.4252982,25.279915],[93.4255962,25.2798923],[93.42576,25.2798652],[93.4261025,25.2797703],[93.42644,25.2796754],[93.426703,25.2796392],[93.4268272,25.2797474],[93.4268893,25.279965],[93.426892,25.2802034],[93.4268175,25.2803568],[93.426709,25.2804556],[93.4266587,25.2805013],[93.4264107,25.2807586],[93.4263909,25.2810204],[93.4263959,25.2811378],[93.4266244,25.2813905],[93.4268301,25.28155],[93.4270316,25.2817063],[93.4271955,25.28195],[93.4273049,25.2822027],[93.4273215,25.2823401],[93.4273472,25.2825697],[93.4273648,25.2828327],[93.4273797,25.2830557],[93.4275237,25.2832407],[93.4277273,25.2833084],[93.4278415,25.2832993],[93.42804,25.283218],[93.4282584,25.2829426],[93.4282898,25.2828985],[93.4291905,25.2827022],[93.4301909,25.2829923],[93.4313085,25.283451],[93.4326129,25.284444],[93.4336013,25.2854231],[93.4344309,25.2865601],[93.4356477,25.2874398],[93.4358563,25.2876879],[93.4360599,25.2878233],[93.4370283,25.2882382],[93.4372567,25.2882652],[93.4374255,25.2882109],[93.4374574,25.2881953],[93.4375545,25.2881476],[93.4376158,25.2881166],[93.4376885,25.2880798],[93.4377917,25.2880226],[93.4389314,25.288089],[93.440091,25.2886072],[93.4403151,25.2886384],[93.4409011,25.2888277],[93.4419687,25.2893825],[93.4425647,25.2898561],[93.4434231,25.2900938],[93.4434932,25.2900182],[93.4437264,25.2898511],[93.4437266,25.289851],[93.4439102,25.2898103],[93.4440889,25.2898463],[93.444223,25.2899049],[93.444563,25.290152],[93.4445955,25.2901756],[93.4447445,25.2903606],[93.4448638,25.2906358],[93.4456885,25.2913802],[93.4481314,25.2918394],[93.4484888,25.2915639],[93.4487192,25.2915051],[93.4490547,25.2914327],[93.44923,25.2914636],[93.449432,25.2915228],[93.4495895,25.2916231],[93.4500479,25.2919151],[93.4500872,25.2919388],[93.4503558,25.2921001],[93.4507829,25.2922262],[93.4510807,25.2922306],[93.4512001,25.2922193],[93.4518236,25.292162],[93.4524112,25.2921396],[93.4526992,25.292171],[93.4529426,25.2922702],[93.4530333,25.2923323],[93.4533251,25.2925318],[93.4535888,25.2928066],[93.4537623,25.2929875],[93.454095,25.2932264],[93.4543583,25.2933572],[93.454686,25.2933841],[93.4547776,25.2933862],[93.4550782,25.293393],[93.4553563,25.2934741],[93.4556493,25.2936319],[93.4560152,25.2938736],[93.4564094,25.2942273],[93.4566578,25.294507],[93.4569907,25.2948182],[93.4574725,25.2951068],[93.4582571,25.2955171],[93.4586298,25.2957697],[93.4588186,25.2960449],[93.4589429,25.2963427],[93.4589756,25.2968704],[93.4594097,25.2976531],[93.4595923,25.2977837],[93.4598477,25.2980077],[93.460126,25.298319],[93.4605186,25.2988288],[93.4607379,25.2991936],[93.4607572,25.2992258],[93.4609028,25.2994401],[93.4610853,25.2997086],[93.4612044,25.2998444],[93.4615126,25.3001959],[93.463162,25.3014722],[93.4634003,25.3015624],[93.4636039,25.3015893],[93.4647062,25.3016112],[93.4648427,25.3016067],[93.4650866,25.3015985],[93.4652574,25.3015928],[93.465471,25.3015538],[93.4656679,25.3015179],[93.465868,25.3014944],[93.4660567,25.301475],[93.4663351,25.3014906],[93.46648,25.3015053],[93.4666095,25.3015206],[93.4667171,25.3015333],[93.4668895,25.3015555],[93.4670647,25.3015781],[93.4673031,25.3016638],[93.467631,25.3018757],[93.4678992,25.3020696],[93.469877,25.304122],[93.4705033,25.3050604],[93.4703892,25.3051508],[93.4699824,25.3055663],[93.4695459,25.306203],[93.4688468,25.307544],[93.4680537,25.3093183],[93.467573,25.3105644],[93.4673449,25.3109798],[93.4669233,25.3114811],[93.4666305,25.3118243],[93.4663029,25.3120321],[93.4655734,25.3125923],[93.464566,25.3134054],[93.4629778,25.3145392],[93.4603473,25.3164184],[93.4578011,25.318275],[93.4562425,25.3193547],[93.4560955,25.3194451],[93.4551704,25.3200142],[93.4541478,25.3208091],[93.4534331,25.321464],[93.4532397,25.3218026],[93.453255,25.322421],[93.4533848,25.3234184],[93.4535988,25.3241134],[93.453907,25.3246729],[93.4539257,25.3247042],[93.4543147,25.3253543],[93.4547522,25.3260175],[93.4552542,25.3266763],[93.4556271,25.327326],[93.4562189,25.3285263],[93.4566717,25.3298621],[93.456672,25.3302322],[93.4566342,25.3302864],[93.4565082,25.330467],[93.4560218,25.3309592],[93.4557292,25.3314875],[93.4554218,25.3321376],[93.4554369,25.3324942],[93.4556161,25.3331756],[93.4561881,25.3344526],[93.4565116,25.3353823],[93.4564358,25.3353871],[93.4552948,25.3354597],[93.4539836,25.3355191],[93.4528613,25.3357093],[93.4520519,25.3359624],[93.4514661,25.3364051],[93.4508507,25.3369831],[93.4501708,25.337832],[93.4493122,25.338997],[93.4487069,25.3399135],[93.4485134,25.3402521],[93.4484341,25.3406359],[93.4484839,25.3408886],[93.4488071,25.3412721],[93.4494778,25.3417728],[93.4497015,25.3420525],[93.4502734,25.3430858],[93.4503879,25.3435281],[93.450259,25.3438396],[93.4500952,25.3441376],[93.4500096,25.3442614],[93.4499017,25.3444175],[93.4498175,25.3446658],[93.4498325,25.3449862],[93.4499818,25.3453699],[93.4502899,25.3457262],[93.4506974,25.3460059],[93.4512986,25.346317],[93.4516862,25.3465244],[93.451885,25.3467139],[93.4519646,25.3470253],[93.4519649,25.3474225],[93.4518212,25.3479236],[93.4515632,25.3484969],[93.4512358,25.3490477],[93.4511565,25.3494135],[93.4511868,25.3502304],[93.4512372,25.3513632],[93.4513673,25.3528391],[93.4515816,25.3539539],[93.4519892,25.3544998],[93.4526256,25.3552532],[93.4531626,25.3560653],[93.4534659,25.3565617],[93.4540873,25.3572294],[93.4554639,25.3582442],[93.456279,25.358835],[93.4570096,25.3593808],[93.4579043,25.3601024],[93.458297,25.3604136],[93.4587492,25.3606797],[93.4592212,25.3608284],[93.4604582,25.3608683],[93.4614814,25.3607683],[93.4623109,25.3605738],[93.4634232,25.3599503],[93.4636798,25.3597414],[93.4638005,25.3596431],[93.464556,25.3601978],[93.4650133,25.3606669],[93.4653166,25.3610729],[93.4657741,25.3616685],[93.4662067,25.3622234],[93.4667437,25.3628324],[93.4671663,25.3632428],[93.4673111,25.3642583],[93.4674461,25.3653325],[93.4677651,25.3666819],[93.4680586,25.367282],[93.4683917,25.3676518],[93.4687894,25.3680442],[93.4692171,25.3685224],[93.4695054,25.3688472],[93.4697938,25.369172],[93.4700873,25.3696097],[93.4702366,25.3699254],[93.4702518,25.3702775],[93.470262,25.3706251],[93.4702973,25.3713291],[93.4703971,25.3717533],[93.4705513,25.3719744],[93.4709439,25.3722811],[93.4712372,25.3724931],[93.4717445,25.3731156],[93.4725254,25.3742841],[93.4726151,25.374618],[93.4725705,25.3747805],[93.4723671,25.375047],[93.4720195,25.3753135],[93.4718557,25.3754626],[93.4717664,25.3756297],[93.4717716,25.3758869],[93.4719407,25.3762614],[93.4724134,25.3769562],[93.4726421,25.3772765],[93.4730351,25.3778585],[93.4732491,25.3782375],[93.4733934,25.3785714],[93.4735527,25.3790317],[93.4736125,25.3792799],[93.4736827,25.3799749],[93.4737042,25.3820422],[93.4735357,25.3824981],[93.473372,25.3828593],[93.4732679,25.3831392],[93.4732184,25.3834146],[93.4731937,25.3835816],[93.4732148,25.3839267],[93.473229,25.3841593],[93.4732393,25.3845836],[93.4732398,25.385211],[93.4730762,25.3857347],[93.4729871,25.385992],[93.4727736,25.3863035],[93.4725354,25.3866106],[93.4723021,25.3869222],[93.4717512,25.3876854],[93.4712003,25.3884531],[93.4708551,25.3889412],[93.4707437,25.3890988],[93.470421,25.3895142],[93.4702472,25.3897175],[93.4699593,25.3899704],[93.4696216,25.390246],[93.469433,25.3903905],[93.4690207,25.3906435],[93.4686681,25.3908198],[93.4682955,25.3909961],[93.467928,25.3911678],[93.4677839,25.3912492],[93.4676399,25.3913305],[93.4671631,25.3916467],[93.4668205,25.3919403],[93.4665673,25.3922384],[93.4661559,25.3929285],[93.4658776,25.393471],[93.4655799,25.3940715],[93.4654906,25.3942341],[93.465282,25.3944463],[93.464984,25.3946],[93.4645072,25.3948259],[93.4640303,25.3950474],[93.4636279,25.3952733],[93.4634044,25.3954088],[93.4632654,25.3955218],[93.4631959,25.3955895],[93.4630222,25.3959733],[93.4628734,25.3962848],[93.4627691,25.3964338],[93.4622727,25.3969802],[93.4621138,25.3971473],[93.4619946,25.397319],[93.4618754,25.397495],[93.4617912,25.3976937],[93.4617516,25.3978877],[93.4617171,25.3983708],[93.4616927,25.3989937],[93.4616683,25.3996166],[93.4616239,25.4001085],[93.4616042,25.4002349],[93.4615794,25.4003614],[93.4615149,25.4005735],[93.4614505,25.4007857],[93.4613761,25.4009482],[93.4613017,25.4011062],[93.4610435,25.4014224],[93.4607803,25.4017385],[93.4603682,25.4022126],[93.4599611,25.4026867],[93.4596584,25.403233],[93.4596088,25.4035265],[93.459629,25.4039372],[93.4596938,25.404226],[93.4597636,25.4045149],[93.4597887,25.4048263],[93.4598137,25.4051377],[93.4597892,25.4055304],[93.4597645,25.4059231],[93.4597101,25.4061804],[93.4596556,25.4064332],[93.4595366,25.4068891],[93.4594128,25.4073495],[93.4593236,25.4077739],[93.4592989,25.4080718],[93.4593339,25.4083652],[93.4593986,25.4085547],[93.459533,25.4087352],[93.4596624,25.4089201],[93.4598166,25.4092586],[93.4598913,25.4094617],[93.459966,25.4096647],[93.4599813,25.4102244],[93.4599966,25.4107841],[93.4600119,25.4113211],[93.4600518,25.4115378],[93.460211,25.4118491],[93.4603901,25.4120702],[93.4608879,25.4132209],[93.4612764,25.4144031],[93.4614754,25.4146919],[93.4616794,25.4150394],[93.4618536,25.4154093],[93.4619384,25.4158607],[93.4620288,25.4171109],[93.4622328,25.4174177],[93.4623174,25.4176207],[93.4623176,25.4178509],[93.4621986,25.4181895],[93.4620695,25.4184017],[93.4619355,25.4186139],[93.4617794,25.4188497],[93.4616276,25.419079],[93.4615532,25.4193048],[93.4614989,25.4196252],[93.4614743,25.4201849],[93.4614349,25.4205957],[93.4613904,25.4208665],[93.4613408,25.4211328],[93.4612715,25.4214218],[93.4612021,25.4217061],[93.4609372,25.4223662],[93.4607022,25.4226643],[93.4602497,25.4230295],[93.4597482,25.4233348],[93.4595592,25.4235232],[93.4590161,25.4242132],[93.4583258,25.4259167],[93.4578853,25.4274323],[93.4579354,25.4277917],[93.4581008,25.4286117],[93.4582399,25.4293619],[93.4582787,25.4303726],[93.4581931,25.4309841],[93.4576355,25.4317484],[93.4568577,25.4326238],[93.4561148,25.4337184],[93.4554254,25.434397],[93.4539246,25.4349801],[93.4524981,25.4349177],[93.4520954,25.4348998],[93.4516481,25.4349903],[93.4512952,25.4351259],[93.4502915,25.4356545],[93.4500281,25.4358126],[93.4499064,25.4359233],[93.4495662,25.4362868],[93.4494048,25.4366208],[93.4489108,25.4376005],[93.4486774,25.4377812],[93.4482947,25.4379665],[93.4476437,25.4383234],[93.4473009,25.4386124],[93.4469532,25.4390233],[93.4465805,25.4393214],[93.4459245,25.4395429],[93.4450698,25.439954],[93.4445332,25.4402702],[93.4433307,25.4410967],[93.442953,25.4412774],[93.4426299,25.4413498],[93.4423913,25.4413635],[93.4417352,25.4413637],[93.4412827,25.4412782],[93.4406463,25.4410754],[93.440025,25.4409584],[93.4396521,25.440945],[93.4395179,25.4410127],[93.4392099,25.4413875],[93.4390411,25.4418344],[93.4389021,25.4420691],[93.4387134,25.4422769],[93.4385295,25.442453],[93.4382811,25.4425885],[93.4379282,25.4427105],[93.4377542,25.4427963],[93.437636,25.4428882],[93.4375306,25.4430446],[93.4374562,25.4432433],[93.4374763,25.4435909],[93.4381876,25.4445655],[93.4383668,25.4448407],[93.4385061,25.4451385],[93.4385559,25.4453326],[93.438551,25.4455087],[93.4384914,25.4456847],[93.4384165,25.4458341],[93.4382182,25.4460549],[93.4379797,25.4462852],[93.4376717,25.4464794],[93.4373685,25.4466555],[93.4372293,25.4467729],[93.4370803,25.4469265],[93.4370157,25.4471883],[93.436991,25.4473778],[93.4369663,25.4475675],[93.4369565,25.4477525],[93.4368671,25.447888],[93.4363949,25.4481816],[93.4362259,25.4482313],[93.4341481,25.448661],[93.433835,25.4487152],[93.433661,25.4487243],[93.433492,25.4487288],[93.433154,25.44872],[93.4325176,25.4485623],[93.4318613,25.4483459],[93.43121,25.448125],[93.4302802,25.4479177],[93.429087,25.447706],[93.4286296,25.4476926],[93.4281972,25.447729],[93.4279238,25.4477877],[93.4276505,25.4478465],[93.4266166,25.4481402],[93.4261841,25.4482803],[93.4259753,25.4483255],[93.4257914,25.4483211],[93.4256075,25.4483166],[93.4254236,25.448285],[93.4252395,25.448249],[93.4248965,25.4481093],[93.4244042,25.4477212],[93.4240163,25.4474551],[93.423539,25.4471799],[93.4231711,25.4470808],[93.4227336,25.4470357],[93.4222067,25.4470405],[93.4217045,25.4469458],[93.4213963,25.4467067],[93.4211824,25.4464269],[93.4208043,25.4456507],[93.4204711,25.4452581],[93.4202075,25.4450912],[93.419949,25.4449649],[93.4196607,25.4448837],[93.4194767,25.444938],[93.4192233,25.4451095],[93.41893,25.4452811],[93.4187461,25.4453579],[93.4184379,25.4453896],[93.4179458,25.4453672],[93.4174473,25.4452489],[93.4167527,25.4450833],[93.4162008,25.4450202],[93.4155496,25.4449843],[93.4152861,25.445061],[93.4151619,25.4451558],[93.4150178,25.4453274],[93.4148887,25.4456705],[93.414839,25.4459187],[93.4147646,25.4461625],[93.4146851,25.446289],[93.4146005,25.4463612],[93.4143272,25.4464696],[93.4140091,25.4465509],[93.4136909,25.4466322],[93.4133679,25.4467451],[93.4130447,25.4468626],[93.4126969,25.4470567],[93.4123837,25.4473006],[93.4114644,25.448208],[93.4111562,25.4485196],[93.4109128,25.4489348],[93.4107539,25.4493095],[93.4105501,25.4497744],[93.410406,25.4498738],[93.410237,25.4499234],[93.410058,25.449919],[93.4098989,25.4498513],[93.4096752,25.4496663],[93.4094613,25.4492917],[93.4094462,25.4488224],[93.4094015,25.4486147],[93.4093219,25.4484748],[93.4092572,25.4484252],[93.4091926,25.4483801],[93.4090683,25.448344],[93.408944,25.448308],[93.4087203,25.4482854],[93.4085612,25.4483441],[93.4082879,25.4485654],[93.4080195,25.4487866],[93.4078008,25.4490755],[93.4074381,25.4495449],[93.4072492,25.4497075],[93.4070106,25.4497708],[93.4068018,25.4497753],[93.4066228,25.4497257],[93.4064289,25.449658],[93.4062201,25.4495994],[93.4060958,25.4496085],[93.4059517,25.4496221],[93.4057628,25.4497439],[93.4054199,25.4501187],[93.4052012,25.4503624],[93.4050024,25.4505927],[93.404749,25.4507281],[93.4046495,25.4507597],[93.4042915,25.4507688],[93.4039784,25.4507328],[93.4036452,25.4506561],[93.4033868,25.450602],[93.4030338,25.4505479],[93.4027852,25.4505706],[93.4026212,25.4506609],[93.4024671,25.4507827],[93.4023827,25.4509497],[93.4023429,25.4512025],[93.402333,25.4515997],[93.401861,25.452674],[93.4014584,25.4529539],[93.4011005,25.4532248],[93.4008967,25.4534009],[93.4006731,25.4536943],[93.4005042,25.4539561],[93.4004445,25.4541502],[93.4004247,25.4544661],[93.4004446,25.4547144],[93.4004894,25.4548814],[93.4005591,25.455089],[93.4006585,25.4553056],[93.4007082,25.4554952],[93.4007085,25.4554971],[93.4007381,25.4557524],[93.4007531,25.4560278],[93.4007184,25.4561722],[93.4006439,25.4563573],[93.4004848,25.4566055],[93.4002164,25.456908],[93.3998585,25.4571969],[93.3995702,25.4574452],[93.3993664,25.4576438],[93.3991029,25.4579012],[93.3987053,25.4582939],[93.3984966,25.4585602],[93.3983673,25.458795],[93.3982431,25.4590387],[93.3981239,25.4592779],[93.3978704,25.4596842],[93.397756,25.4598468],[93.3975473,25.4600498],[93.3973037,25.4602575],[93.3969507,25.460411],[93.3965431,25.4605104],[93.3963591,25.4604878],[93.3962597,25.4604473],[93.3961404,25.4603254],[93.3960259,25.4600726],[93.3948126,25.4587955],[93.3946436,25.4586331],[93.3944845,25.4585157],[93.3943204,25.4584571],[93.3941165,25.4584436],[93.3939973,25.4584436],[93.3937834,25.4585203],[93.3936194,25.4586106],[93.3933958,25.4588499],[93.3927993,25.4598068],[93.3926302,25.4601092],[93.3924613,25.4604703],[93.3923321,25.4607773],[93.3922228,25.4610661],[93.3921482,25.4612377],[93.3919842,25.4614995],[93.3918102,25.4616936],[93.3916611,25.4617839],[93.3916064,25.4617974],[93.3915318,25.4617839],[93.3914323,25.4617207],[93.3913229,25.4615853],[93.3912434,25.4613913],[93.3911141,25.4610302],[93.3910394,25.4607729],[93.3908753,25.4605156],[93.390756,25.4603938],[93.3906516,25.4603306],[93.3905273,25.4603035],[93.3904477,25.4603125],[93.3903434,25.4603848],[93.3902738,25.4604796],[93.390239,25.4606557],[93.3902191,25.4608949],[93.3901893,25.4611927],[93.3901396,25.4614094],[93.3900601,25.4616486],[93.3899408,25.4618427],[93.389747,25.462073],[93.3895481,25.4622851],[93.3892201,25.4625605],[93.3890162,25.4627094],[93.3888422,25.4628448],[93.3886383,25.4630209],[93.3884594,25.463206],[93.3883998,25.4633143],[93.3883401,25.4634948],[93.3883451,25.4636257],[93.3883799,25.4637792],[93.3884943,25.4639281],[93.3886683,25.4640138],[93.3891655,25.4640499],[93.389296,25.4640408],[93.3894886,25.4640273],[93.389782,25.4640138],[93.3900654,25.4640092],[93.3902593,25.4640317],[93.3904184,25.4641401],[93.3904632,25.4642664],[93.3904135,25.4644379],[93.3901401,25.4646637],[93.3888724,25.4657019],[93.3878333,25.4659548],[93.3868488,25.4663926],[93.3860286,25.4674895],[93.385959,25.4676204],[93.385964,25.4677107],[93.3860584,25.467855],[93.3862722,25.467977],[93.3866552,25.4680943],[93.3868342,25.4682386],[93.3869386,25.4683786],[93.3869833,25.468532],[93.3869634,25.4686765],[93.3868193,25.4688344],[93.3866751,25.4688886],[93.3864712,25.4689022],[93.3862773,25.468839],[93.3860883,25.4687533],[93.385631,25.4684554],[93.3854271,25.4683517],[93.3852829,25.4683246],[93.3849697,25.4683471],[93.3848751,25.4684013],[93.3845719,25.4687444],[93.3844675,25.4689926],[93.3844576,25.4691641],[93.3844924,25.4694395],[93.3847261,25.4697058],[93.385099,25.4699811],[93.3853925,25.4700803],[93.3856361,25.4702427],[93.3858349,25.4705633],[93.3858549,25.4710056],[93.3858848,25.4711951],[93.3859792,25.4713485],[93.3861731,25.4714884],[93.3872373,25.4721608],[93.3883396,25.4724065],[93.3886146,25.4724],[93.3887886,25.472427],[93.388908,25.4724676],[93.3889776,25.4725354],[93.3890323,25.4726707],[93.3890522,25.4728693],[93.3891617,25.4740022],[93.3885602,25.4746432],[93.3883464,25.4748238],[93.388237,25.4749862],[93.3881972,25.4751352],[93.3882619,25.4753654],[93.3885255,25.4756452],[93.388973,25.4759656],[93.3890675,25.4760829],[93.3892117,25.4762815],[93.3891968,25.4763763],[93.3891023,25.4764259],[93.3889929,25.4764531],[93.3887046,25.4764847],[93.3881924,25.4764892],[93.3879198,25.4764863],[93.3877797,25.4764848],[93.3875311,25.476539],[93.387193,25.4767241],[93.3869792,25.4768505],[93.3868152,25.4769859],[93.3866461,25.4772297],[93.3865965,25.4774463],[93.3865865,25.4776629],[93.3866113,25.4777848],[93.386686,25.4778886],[93.3868152,25.4779653],[93.3870589,25.4780194],[93.3874865,25.4780149],[93.3879937,25.4779697],[93.3884015,25.4780464],[93.388849,25.478263],[93.3891027,25.47843],[93.3892468,25.4786421],[93.389401,25.4789987],[93.3895005,25.4794003],[93.3895155,25.4800097],[93.3895553,25.4804565],[93.3895802,25.4806731],[93.389625,25.4808086],[93.3897145,25.4808988],[93.3898588,25.4809981],[93.3903261,25.4810793],[93.3905401,25.4811154],[93.3906843,25.4811695],[93.3908782,25.4812778],[93.3911765,25.4815035],[93.3913457,25.4817697],[93.3914153,25.4819502],[93.3914154,25.4821579],[93.3913954,25.4822482],[93.391311,25.4823791],[93.3911916,25.4824874],[93.3907291,25.4826364],[93.3900977,25.4827854],[93.3897297,25.4828126],[93.3888595,25.4828487],[93.388034,25.4827721],[93.3875964,25.4827631],[93.3871091,25.4828624],[93.3869516,25.4829023],[93.3867163,25.4829618],[93.3863781,25.4831198],[93.3860251,25.483341],[93.3857666,25.4836659],[93.3857169,25.4837878],[93.3857417,25.4839683],[93.3855303,25.4848663],[93.3851749,25.4848891],[93.3849114,25.4849118],[93.3847822,25.4849704],[93.384633,25.4850968],[93.3845882,25.4852322],[93.3846628,25.4854443],[93.3848767,25.4857332],[93.3848934,25.4857466],[93.3855978,25.4863108],[93.3863388,25.4869292],[93.386473,25.4870781],[93.3865477,25.4872587],[93.3865377,25.4874211],[93.3864731,25.4875159],[93.3863339,25.4876198],[93.3859162,25.4876649],[93.3855282,25.4876198],[93.3848271,25.4874754],[93.3843845,25.4874394],[93.3841508,25.4875477],[93.3839619,25.4876922],[93.3838624,25.4879449],[93.3838376,25.4882608],[93.3838724,25.4884775],[93.3840565,25.4887438],[93.384703,25.4891951],[93.3852152,25.4895065],[93.385439,25.4897683],[93.3855285,25.4899262],[93.3855633,25.4900841],[93.3855434,25.4902692],[93.3855136,25.4903911],[93.3852948,25.4906529],[93.3850164,25.4908425],[93.3846832,25.490996],[93.3843549,25.4910366],[93.3838826,25.4910412],[93.3834649,25.4910412],[93.3830471,25.4909825],[93.3825672,25.4909402],[93.382331,25.4909194],[93.3819382,25.4909058],[93.3816646,25.490951],[93.3802274,25.4916056],[93.3794865,25.4924496],[93.3785366,25.4928242],[93.3780344,25.4928468],[93.3775918,25.4928694],[93.377383,25.4929823],[93.3771443,25.4931809],[93.3770646,25.4933568],[93.3770498,25.49356],[93.3771045,25.4938984],[93.3772736,25.494395],[93.3774725,25.4947425],[93.377567,25.4949591],[93.377567,25.4951126],[93.3775555,25.4951501],[93.3775173,25.4952751],[93.3774079,25.495406],[93.3771741,25.4954963],[93.3764282,25.4955595],[93.3761696,25.4956362],[93.3760054,25.4957626],[93.3759707,25.4958529],[93.3759706,25.4960649],[93.3760005,25.4962004],[93.3761596,25.4964441],[93.3763536,25.4967014],[93.3766271,25.4969],[93.3767813,25.4970354],[93.3768758,25.4971662],[93.3769006,25.4973107],[93.3768509,25.4973965],[93.3766718,25.4975318],[93.3764878,25.4975229],[93.3760552,25.497419],[93.3755429,25.4972295],[93.3752495,25.4970986],[93.374976,25.4970444],[93.3747572,25.4970715],[93.3745483,25.4971753],[93.374424,25.4973288],[93.3742847,25.4977666],[93.3741554,25.4980328],[93.3740461,25.498245],[93.3739316,25.4983398],[93.3738073,25.4983894],[93.3736482,25.4983985],[93.3734442,25.4983668],[93.3729391,25.4980332],[93.3724555,25.4978192],[93.3720389,25.4977667],[93.3715402,25.4978166],[93.3713406,25.4979741],[93.3711407,25.4981333],[93.3707885,25.4984977],[93.3705896,25.4986602],[93.3703956,25.4987279],[93.3701071,25.4987234],[93.3698051,25.4985736],[93.3696446,25.4984616],[93.369486,25.4983481],[93.3692668,25.4982134],[93.369161,25.498187],[93.3690728,25.4981772],[93.3689387,25.4982644],[93.3675204,25.4992416],[93.3673373,25.4994561],[93.3671878,25.4996936],[93.3671082,25.5000367],[93.367035,25.5007077],[93.3670584,25.5009585],[93.3673568,25.5015408],[93.3676601,25.5019877],[93.3679983,25.5023713],[93.3683414,25.5025834],[93.369172,25.5029942],[93.3692566,25.5033011],[93.3692018,25.5035268],[93.3688337,25.5038111],[93.3683016,25.5039601],[93.3675506,25.5039104],[93.3668543,25.5036711],[93.3657204,25.50331],[93.3651385,25.5033235],[93.3647008,25.5034949],[93.3643328,25.5037567],[93.3641686,25.5042261],[93.3640691,25.5047497],[93.3641237,25.5054448],[93.364084,25.505842],[93.3640043,25.5065325],[93.363691,25.5067672],[93.3633478,25.506713],[93.3624327,25.5065143],[93.3621342,25.5067129],[93.3621889,25.5070243],[93.3626265,25.5078278],[93.3626513,25.5081121],[93.3625021,25.50841],[93.3622037,25.5086717],[93.3617809,25.5090419],[93.3616017,25.5093036],[93.3616017,25.5095022],[93.3617509,25.5099084],[93.3621736,25.5108292],[93.362079,25.5113844],[93.3618402,25.5119756],[93.3615815,25.5123367],[93.361104,25.5126842],[93.3605569,25.5129188],[93.3597362,25.5130045],[93.3588209,25.5129547],[93.3579108,25.5130043],[93.3574731,25.5132525],[93.3568562,25.5136993],[93.356697,25.5140468],[93.3567765,25.514295],[93.3569406,25.5145343],[93.3576369,25.5150037],[93.3576916,25.5152746],[93.3575971,25.515401],[93.3571992,25.5155724],[93.3566519,25.5160823],[93.3562837,25.5168766],[93.3560796,25.5177433],[93.3560907,25.5196338],[93.356124,25.5204604],[93.3561786,25.5212412],[93.3557408,25.521864],[93.3554273,25.5225185],[93.355253,25.5234346],[93.355238,25.5243374],[93.3550887,25.5247751],[93.3547851,25.5253438],[93.3544567,25.5257996],[93.3537105,25.5265939],[93.3533572,25.5274243],[93.3529591,25.52802],[93.3526606,25.5283043],[93.3522626,25.5284803],[93.3517154,25.5285389],[93.3508697,25.5283898],[93.3505474,25.5284198],[93.3503375,25.5284394],[93.3499693,25.5286785],[93.3499209,25.5288103],[93.34982,25.5290847],[93.3498746,25.5296038],[93.3501879,25.5304885],[93.3503369,25.5311339],[93.3503915,25.5316801],[93.3503368,25.5320005],[93.3501228,25.5322487],[93.3498044,25.5322486],[93.3490584,25.531418],[93.3488246,25.5310344],[93.3488098,25.5305515],[93.3487154,25.5301677],[93.3483324,25.529942],[93.3479445,25.5300419],[93.3478946,25.5300548],[93.3471035,25.5303886],[93.3465712,25.5307496],[93.3462876,25.53107],[93.3461632,25.5315439],[93.3463421,25.5320629],[93.3468195,25.5325324],[93.347103,25.5330064],[93.3469687,25.5332772],[93.3461875,25.5337735],[93.345083,25.5341931],[93.3443319,25.5344002],[93.3420631,25.5350816],[93.3413915,25.5351085],[93.3405706,25.5349458],[93.3404116,25.5347608],[93.3403669,25.5345351],[93.3404764,25.5343771],[93.3409988,25.5339801],[93.3412426,25.5337319],[93.3411034,25.5333708],[93.3409182,25.5331803],[93.340805,25.5330638],[93.3403573,25.532838],[93.3397255,25.5329372],[93.3385762,25.5333883],[93.3375513,25.533898],[93.3366905,25.5342904],[93.336213,25.53434],[93.3356808,25.5341819],[93.3353126,25.5342179],[93.3349842,25.5344164],[93.3346856,25.5347007],[93.3346009,25.5350978],[93.3347252,25.53545],[93.3350931,25.5360052],[93.3354363,25.5364024],[93.3359683,25.5371834],[93.3364157,25.5385466],[93.3363907,25.5387317],[93.3360474,25.5389572],[93.3351468,25.539106],[93.334112,25.5393539],[93.3337835,25.5395885],[93.3334003,25.5400488],[93.3333345,25.5404583],[93.3333206,25.5405452],[93.3333716,25.541109],[93.3334395,25.5418587],[93.3333747,25.5420843],[93.3329916,25.542355],[93.3324294,25.5423323],[93.3313649,25.5419484],[93.3309022,25.5419076],[93.3304942,25.5420339],[93.3302951,25.5423091],[93.3303089,25.5423603],[93.330474,25.5429727],[93.3305434,25.5434556],[93.3303643,25.5436813],[93.3301652,25.5437985],[93.3297622,25.5438796],[93.3288268,25.5438207],[93.3283193,25.5439514],[93.3272246,25.5446687],[93.3267318,25.545314],[93.3266867,25.5459233],[93.3270198,25.5464875],[93.328845,25.5485644],[93.329243,25.5487947],[93.3300937,25.5489664],[93.331039,25.5487681],[93.3318303,25.5482403],[93.3322084,25.5481592],[93.3326114,25.5483805],[93.3335661,25.5499604],[93.3340138,25.5503442],[93.3350834,25.5507281],[93.3358344,25.5515047],[93.3367048,25.5522902],[93.3370828,25.5528274],[93.3370379,25.5531072],[93.3367046,25.5533103],[93.335993,25.5534545],[93.335769,25.5536124],[93.335749,25.553978],[93.3360375,25.554321],[93.3362066,25.5544565],[93.336724,25.5548267],[93.3369925,25.5552917],[93.3372361,25.5558965],[93.33744,25.5562668],[93.3379772,25.5568717],[93.3399123,25.5583977],[93.3424496,25.5597658],[93.3432754,25.5600368],[93.3438825,25.5599738],[93.3442806,25.5597346],[93.3444161,25.5595688],[93.3444797,25.559491],[93.3451913,25.5591661],[93.3458383,25.5591076],[93.346908,25.5592884],[93.3473906,25.5594464],[93.3491967,25.5597987],[93.3510874,25.5600022],[93.3521623,25.5599933],[93.3524161,25.5598038],[93.3526201,25.5594518],[93.3526898,25.5591088],[93.35268,25.5588379],[93.3526303,25.5586349],[93.3525805,25.558531],[93.3524512,25.5582511],[93.3524414,25.5576238],[93.3527748,25.5572357],[93.3537749,25.5566717],[93.3545812,25.5556518],[93.3546061,25.5555208],[93.35484,25.5553719],[93.355248,25.5553584],[93.3554022,25.5554577],[93.3555217,25.5556158],[93.3557554,25.5559452],[93.3560539,25.556171],[93.3564421,25.5561891],[93.3567306,25.5560943],[93.3570143,25.5558326],[93.3570988,25.5556385],[93.3572034,25.5547719],[93.3573379,25.5545011],[93.3577808,25.5543297],[93.3584524,25.554411],[93.3587161,25.5546322],[93.3588951,25.5551378],[93.3585368,25.5559637],[93.358273,25.556591],[93.358273,25.556934],[93.3584719,25.557259],[93.3589844,25.557399],[93.3598103,25.5574848],[93.3598191,25.5574896],[93.3605417,25.5578866],[93.3607756,25.5582206],[93.3608998,25.5593806],[93.3611436,25.5597642],[93.361452,25.5599854],[93.3622333,25.5602518],[93.3628426,25.5604081],[93.3634125,25.5605543],[93.363925,25.5608748],[93.3640593,25.5611998],[93.3639001,25.5613848],[93.3626311,25.562179],[93.3622877,25.5625356],[93.3618299,25.5632532],[93.361591,25.5638715],[93.3615362,25.5645847],[93.3617402,25.5651489],[93.3621818,25.5656756],[93.3624516,25.5659974],[93.3629392,25.5662908],[93.3635165,25.5663947],[93.3639643,25.5662142],[93.3642978,25.5657854],[93.3644769,25.5652439],[93.3648103,25.5650814],[93.3655418,25.5651807],[93.366124,25.5655869],[93.3665768,25.5663542],[93.3679052,25.5686562],[93.3681341,25.5689766],[93.3684028,25.569261],[93.3695074,25.570421],[93.3698957,25.5706874],[93.3708959,25.5713102],[93.371483,25.5716216],[93.3728515,25.5724161],[93.3733093,25.5726824],[93.3735272,25.5727734],[93.3737522,25.5728674],[93.3742697,25.5729667],[93.374837,25.5729757],[93.3753944,25.573084],[93.3755934,25.5732962],[93.375693,25.5736437],[93.3756959,25.5737767],[93.3756979,25.5738694],[93.3756581,25.574077],[93.3754342,25.5747811],[93.3743991,25.5761938],[93.374215,25.576767],[93.3742996,25.5770875],[93.3746131,25.5772681],[93.3769073,25.5769069],[93.3785097,25.5765684],[93.3787088,25.5765006],[93.379296,25.5764285],[93.3796244,25.57646],[93.3798334,25.5765774],[93.379908,25.5767173],[93.3799429,25.5769068],[93.3798982,25.5770738],[93.379724,25.577304],[93.3796494,25.577462],[93.3795697,25.5779359],[93.3795369,25.5783274],[93.3795686,25.5786385],[93.3796451,25.5789805],[93.3798599,25.5795566],[93.3801962,25.5801497],[93.3806259,25.5806497],[93.3810824,25.5810461],[93.3815121,25.5815036],[93.3816103,25.5817858],[93.3815869,25.5819697],[93.3814561,25.5821391],[93.3812039,25.5821645],[93.3809236,25.5821222],[93.3803754,25.581833],[93.3798617,25.5815959],[93.3794413,25.5815196],[93.379342,25.5815196],[93.3791143,25.5815196],[93.37875,25.5816467],[93.3784044,25.581867],[93.378261,25.5821109],[93.378283,25.5823245],[93.3783484,25.5826041],[93.3784685,25.5828711],[93.3785995,25.5830587],[93.3788135,25.5833566],[93.3790971,25.5836725],[93.3794257,25.5838936],[93.3796397,25.5839704],[93.3801075,25.5839749],[93.3815458,25.5838846],[93.3818494,25.583871],[93.3820633,25.5839613],[93.3821679,25.5840967],[93.382153,25.5843585],[93.3821381,25.5846383],[93.3821729,25.5847331],[93.3823272,25.5848459],[93.3829393,25.5849316],[93.3832081,25.5851934],[93.3833176,25.5858613],[93.383054,25.5873553],[93.3830739,25.5877164],[93.3834074,25.5879195],[93.3838952,25.5878382],[93.3847411,25.5871115],[93.3852986,25.5869309],[93.3857464,25.5870527],[93.3859655,25.5874544],[93.3855226,25.5883978],[93.3855476,25.5886595],[93.3858561,25.588962],[93.3866127,25.5892642],[93.3869014,25.589526],[93.3869463,25.5899728],[93.3864138,25.5904152],[93.3856623,25.5913992],[93.3853936,25.59232],[93.3855977,25.5927713],[93.3861551,25.5930149],[93.3866877,25.5929337],[93.3876234,25.5922069],[93.3880233,25.5917601],[93.3883101,25.5914396],[93.3886684,25.5911778],[93.3892906,25.5910964],[93.3895345,25.5913763],[93.3895346,25.5919906],[93.3895346,25.5921435],[93.3896641,25.5931184],[93.3900026,25.5935381],[93.3904506,25.5938044],[93.3909832,25.593863],[93.3917149,25.5939893],[93.3921877,25.5941879],[93.392342,25.5946527],[93.3922526,25.5956998],[93.3924319,25.5959029],[93.3936115,25.5960834],[93.3940345,25.5960652],[93.394144,25.5959253],[93.3942336,25.5957402],[93.3938801,25.5949549],[93.3939895,25.5946706],[93.3943229,25.5944674],[93.3947013,25.5944493],[93.3955723,25.5946522],[93.3960352,25.5950223],[93.3962593,25.5955684],[93.3962594,25.5964576],[93.3965731,25.5967824],[93.3969514,25.5970261],[93.3974192,25.596823],[93.3977526,25.5963987],[93.3977973,25.5957893],[93.3979068,25.595681],[93.398086,25.5956313],[93.3982453,25.5956132],[93.3984394,25.59569],[93.3987779,25.5960328],[93.3989772,25.5970258],[93.3990422,25.5982173],[93.3994654,25.5990658],[93.3998238,25.5993636],[93.4003066,25.5996073],[93.4005357,25.5998013],[93.4006652,25.6001218],[93.4008147,25.6008439],[93.4010486,25.6011733],[93.4013026,25.6013718],[93.4015366,25.6014756],[93.4019995,25.6016335],[93.4023579,25.6016786],[93.4025968,25.6017733],[93.402781,25.6018996],[93.4028707,25.6021569],[93.4028956,25.6023645],[93.402831,25.6025947],[93.4024279,25.6033576],[93.4021195,25.6039669],[93.4021045,25.6041249],[93.4022043,25.6044543],[93.402274,25.6047432],[93.4022442,25.6049463],[93.4021695,25.6051043],[93.4017714,25.6052894],[93.4014081,25.6055062],[93.4013035,25.6056461],[93.4012737,25.6057679],[93.4012787,25.605944],[93.4013385,25.6061109],[93.4018314,25.6065126],[93.4021002,25.6066976],[93.40215,25.6068194],[93.4021599,25.6068962],[93.4021401,25.6069594],[93.4017618,25.6072798],[93.4014533,25.6075056],[93.4013547,25.6076482],[93.4013034,25.6077628],[93.4012742,25.6080066],[93.401329,25.6081871],[93.4014684,25.6085563],[93.401832,25.6092703],[93.4018744,25.6094676],[93.4018669,25.6096765],[93.401633,25.6100195],[93.4013195,25.6104439],[93.4013088,25.6105632],[93.4013146,25.610674],[93.4013644,25.6108681],[93.4015238,25.6110937],[93.4017429,25.6112517],[93.4019569,25.6113208],[93.402146,25.6113148],[93.403281,25.6111521],[93.4044409,25.611373],[93.4056406,25.6113141],[93.4062628,25.6114042],[93.406467,25.6117969],[93.4065968,25.6131102],[93.4068658,25.6136698],[93.4071471,25.6139871],[93.4074085,25.6142159],[93.4078268,25.6144143],[93.4080956,25.6144738],[93.4084241,25.6144774],[93.4088472,25.6143328],[93.4091608,25.6140529],[93.4094294,25.6134436],[93.4096285,25.6132449],[93.4098425,25.6131993],[93.4100964,25.6132042],[93.4107585,25.6133981],[93.4110074,25.6135921],[93.4110126,25.6138539],[93.4108881,25.6140886],[93.4107389,25.6142963],[93.4105099,25.6145355],[93.4103209,25.6147613],[93.4102014,25.6150772],[93.4101269,25.615479],[93.4101867,25.6157723],[93.4102864,25.616165],[93.4104807,25.616544],[93.4107845,25.6168825],[93.4109588,25.6170765],[93.4112575,25.6173246],[93.4115811,25.617451],[93.41186,25.6175321],[93.4123776,25.6175545],[93.4133284,25.6174685],[93.4138463,25.6175948],[93.4140902,25.6177166],[93.4142545,25.617861],[93.4143642,25.618055],[93.4144388,25.6182897],[93.4144389,25.6185334],[93.4143793,25.6187365],[93.4140162,25.6196393],[93.4135933,25.6203254],[93.4135735,25.6207317],[93.4137279,25.6209934],[93.414151,25.6210565],[93.4146338,25.6207991],[93.4166695,25.6193768],[93.4172019,25.6187086],[93.4173407,25.6185065],[93.4176049,25.6181218],[93.4179135,25.6178193],[93.4183516,25.6176386],[93.4189389,25.6176565],[93.4199397,25.6180624],[93.4206766,25.6182246],[93.421279,25.618247],[93.4216125,25.6182424],[93.4217918,25.618468],[93.4220359,25.6189509],[93.4223002,25.6199889],[93.4222556,25.6204267],[93.4219919,25.6209323],[93.4214793,25.6213973],[93.4212804,25.6218217],[93.4212556,25.6223452],[93.4211977,25.6224184],[93.4208127,25.622905],[93.4201658,25.62351],[93.4199469,25.623835],[93.4198723,25.6241601],[93.4199671,25.6247016],[93.4203706,25.6252476],[93.4208138,25.6256717],[93.421481,25.6258521],[93.4220835,25.6258744],[93.4227894,25.625557],[93.4229022,25.6255063],[93.423751,25.6251246],[93.4240895,25.6251245],[93.4243534,25.6252643],[93.4245527,25.6254674],[93.4243738,25.6262483],[93.424394,25.6270291],[93.4246829,25.6274713],[93.4249853,25.6279285],[93.4254203,25.6285859],[93.4254502,25.6287664],[93.4254204,25.6289876],[93.4249974,25.6293984],[93.424853,25.6295971],[93.4247935,25.6298183],[93.4248234,25.630062],[93.4249081,25.6303012],[93.4256653,25.6309869],[93.4265319,25.631948],[93.4273785,25.6325344],[93.4276524,25.632602],[93.4280408,25.6325974],[93.4281702,25.6325161],[93.4282996,25.6323671],[93.4283493,25.6321008],[93.4283341,25.6317036],[93.4282942,25.6314463],[93.4282941,25.6312207],[93.4283439,25.6311124],[93.4284683,25.631004],[93.4287022,25.6309813],[93.4290607,25.6310263],[93.4294291,25.6310307],[93.4298074,25.6308275],[93.4300015,25.6305881],[93.4301607,25.6303038],[93.4301954,25.6300375],[93.43025,25.6296764],[93.4304292,25.6294732],[93.4306034,25.629419],[93.4308523,25.6294324],[93.4312308,25.6296263],[93.4315395,25.6297977],[93.4317836,25.6298066],[93.4320324,25.6297344],[93.4327492,25.6294678],[93.4333466,25.6293502],[93.4336553,25.6294313],[93.4339242,25.6296749],[93.4340988,25.6303293],[93.4342833,25.6308844],[93.4345723,25.6311912],[93.4349706,25.6313715],[93.4356378,25.6314119],[93.4362851,25.6313078],[93.4367123,25.6313076],[93.4368625,25.6313076],[93.4369169,25.6313396],[93.4370767,25.6314338],[93.437261,25.6316594],[93.437321,25.6320701],[93.4373311,25.6324628],[93.4371128,25.6338575],[93.437113,25.6342999],[93.4373573,25.6348052],[93.4378952,25.635148],[93.4383833,25.635369],[93.439429,25.6356709],[93.4397327,25.6356708],[93.4400912,25.6356255],[93.4402704,25.6355622],[93.4404694,25.6354809],[93.4410816,25.6348848],[93.4412299,25.6347582],[93.4412507,25.6347403],[93.4414748,25.6346409],[93.4416242,25.6346815],[93.4417686,25.6348439],[93.4418285,25.6351282],[93.4418187,25.6353584],[93.4417442,25.6358459],[93.4416808,25.6362894],[93.4416654,25.6367956],[93.4417351,25.6371548],[93.4418583,25.6376129],[93.4421561,25.6381737],[93.4425636,25.638628],[93.4428015,25.6388468],[93.4433687,25.6392643],[93.4439012,25.6395197],[93.4443711,25.6396118],[93.4447861,25.6396045],[93.4451619,25.6394765],[93.445361,25.6393421],[93.4456861,25.6389294],[93.4457721,25.6385743],[93.445764,25.638205],[93.4456454,25.6378727],[93.4453868,25.637532],[93.4452457,25.6372693],[93.4452299,25.6369852],[93.4452924,25.636765],[93.4455742,25.6365803],[93.4459186,25.6363883],[93.4461777,25.6361338],[93.4463731,25.6357147],[93.4464641,25.6353697],[93.446464,25.6352298],[93.4464539,25.6350854],[93.4464537,25.6348372],[93.4464886,25.6347333],[93.4465681,25.634643],[93.4466627,25.6345978],[93.446842,25.6345706],[93.4470312,25.6345886],[93.4473747,25.6346742],[93.4486894,25.6350798],[93.4490131,25.635224],[93.4492721,25.6354044],[93.4494764,25.6356119],[93.4495764,25.6360812],[93.4495666,25.6364378],[93.4490547,25.6379727],[93.4489604,25.6385143],[93.4489459,25.6391056],[93.4490406,25.6392906],[93.4492149,25.6394304],[93.4494191,25.6395251],[93.4495934,25.6395295],[93.449907,25.639421],[93.4502405,25.6391862],[93.4510216,25.6383056],[93.4515689,25.6376373],[93.4519271,25.6372807],[93.452375,25.636996],[93.4534302,25.6362417],[93.4537735,25.6359076],[93.4541615,25.6353657],[93.4542211,25.6351355],[93.4546736,25.6342777],[93.4548477,25.6340113],[93.4550865,25.6338533],[93.4553851,25.6337086],[93.4566297,25.6333875],[93.4581591,25.6330088],[93.4583471,25.6329623],[93.458785,25.6327859],[93.459233,25.632542],[93.4601041,25.6322932],[93.4603629,25.6322615],[93.4606816,25.6322703],[93.4608958,25.6323108],[93.4611049,25.6324145],[93.4612843,25.6326446],[93.4613322,25.6327293],[93.461394,25.6328386],[93.4614342,25.6333757],[93.4613748,25.6337684],[93.4608627,25.634897],[93.460799,25.6363143],[93.4607494,25.6365445],[93.4605953,25.6367792],[93.4602717,25.6370412],[93.4599283,25.6372446],[93.4594605,25.6373757],[93.4590373,25.6374256],[93.4576382,25.6374444],[93.4570557,25.6375305],[93.4566276,25.6377294],[93.4559907,25.6382533],[93.4557321,25.6386867],[93.4556377,25.6390252],[93.4556677,25.639251],[93.4563455,25.6401578],[93.4573121,25.6411366],[93.4576205,25.6412818],[93.4579297,25.6413484],[93.4581706,25.6413566],[93.4584873,25.6412894],[93.4597565,25.6406027],[93.4599413,25.640542],[93.4601548,25.6405212],[93.4604617,25.6406179],[93.4606877,25.640742],[93.4615598,25.6417344],[93.4622372,25.6420725],[93.4626208,25.6422934],[93.4629646,25.6426137],[93.4631789,25.6429565],[93.4633086,25.6433266],[93.4633737,25.6436921],[93.4634087,25.6440623],[93.4634861,25.644247],[93.4636455,25.6444651],[93.4638125,25.644581],[93.4641661,25.6446214],[93.464634,25.6444586],[93.4651914,25.6441153],[93.4656145,25.64393],[93.4671529,25.6436085],[93.4684619,25.6430075],[93.4695322,25.6426547],[93.471673,25.6423283],[93.4720365,25.6423913],[93.4720811,25.6424141],[93.4722656,25.6425085],[93.4724052,25.6427205],[93.4724502,25.6429191],[93.4724354,25.6431222],[93.4723061,25.6432622],[93.4721219,25.6433526],[93.4719826,25.6434023],[93.471648,25.6434165],[93.4711162,25.6434345],[93.469961,25.6434442],[93.4693486,25.6435079],[93.4689902,25.643657],[93.4687863,25.6438693],[93.4687267,25.6441311],[93.4687965,25.6443251],[93.4690856,25.6445642],[93.4698726,25.6449157],[93.4705649,25.645168],[93.4709683,25.6452986],[93.4712472,25.6453752],[93.4714863,25.6453975],[93.4717253,25.6453658],[93.4719144,25.6452303],[93.4722625,25.64472],[93.4724216,25.6444401],[93.4726006,25.6442278],[93.472735,25.6441195],[93.4729292,25.6440651],[93.4734021,25.6439475],[93.4738254,25.6440103],[93.4741791,25.6442133],[93.474872,25.6451606],[93.4754759,25.6468165],[93.4758049,25.6472632],[93.4762086,25.6476239],[93.4767465,25.647768],[93.4772992,25.647727],[93.4781453,25.6473021],[93.4801055,25.6454413],[93.4813793,25.64447],[93.4817379,25.6445013],[93.482241,25.6446769],[93.4825798,25.6448527],[93.4828937,25.6451549],[93.4829388,25.6454572],[93.4828401,25.6464141],[93.4822884,25.6476287],[93.4821561,25.6478796],[93.4817814,25.6485904],[93.4814436,25.6494933],[93.4812798,25.6500711],[93.4812305,25.6506173],[93.4812408,25.6509919],[93.4814003,25.6511813],[93.4814402,25.6512265],[93.4817042,25.6513391],[93.4820577,25.6513027],[93.48266,25.651063],[93.4831427,25.6507513],[93.4833268,25.6505797],[93.4835109,25.6504034],[93.4841373,25.649225],[93.4844205,25.6485884],[93.4846544,25.6483535],[93.4848286,25.6482495],[93.4852121,25.6483305],[93.4855907,25.64861],[93.485875,25.6490883],[93.4861843,25.6496702],[93.4864585,25.6500762],[93.4866779,25.6503739],[93.4871114,25.6507122],[93.4874155,25.6509775],[93.48753,25.6510774],[93.4877694,25.6513932],[93.4876452,25.6517498],[93.4873469,25.6521878],[93.4871183,25.6524185],[93.4869886,25.6525492],[93.4868049,25.653118],[93.4869447,25.6535242],[93.4874133,25.6539706],[93.4880162,25.6543131],[93.4886138,25.6544526],[93.4891069,25.6544341],[93.4898584,25.6539642],[93.4900871,25.6537563],[93.49054,25.6534085],[93.4909233,25.6532547],[93.491222,25.6531958],[93.4917151,25.6533399],[93.4922831,25.6536193],[93.4925621,25.6538221],[93.4932545,25.653957],[93.4940961,25.6540917],[93.4950777,25.6541516],[93.4955985,25.6542358],[93.4961139,25.6543598],[93.4965526,25.6545336],[93.4974654,25.6556606],[93.4980203,25.6563972],[93.4980471,25.6564329],[93.4987482,25.6574896],[93.4989914,25.6582887],[93.4989909,25.6587673],[93.4989908,25.6589296],[93.4993533,25.6599229],[93.4999849,25.6607177],[93.5015428,25.6614954],[93.5035836,25.662463],[93.5059031,25.6636564],[93.5064555,25.6641533],[93.5064848,25.6646272],[93.5063,25.6652364],[93.5060597,25.6655245],[93.5056568,25.6660077],[93.505507,25.6664228],[93.5055665,25.6666485],[93.5066012,25.6678815],[93.5076665,25.6684646],[93.5082142,25.6685192],[93.5091308,25.6683529],[93.5098029,25.6684663],[93.509927,25.6689357],[93.5096175,25.6696847],[93.5090785,25.6702479],[93.5084261,25.6709295],[93.5076629,25.6719805],[93.5074383,25.6725084],[93.5077519,25.6726711],[93.5080906,25.6726985],[93.5087032,25.6726177],[93.5103174,25.6721767],[93.5105974,25.6721478],[93.5111442,25.6720916],[93.5114826,25.6723671],[93.5117855,25.6733965],[93.511998,25.6738999],[93.5120886,25.6741143],[93.5126781,25.6747505],[93.5127205,25.6747963],[93.5137004,25.6761781],[93.514093,25.6770675],[93.5151331,25.6780071],[93.5153776,25.6781269],[93.516323,25.6785903],[93.5174286,25.67874],[93.5180311,25.6789796],[93.5183494,25.6794267],[93.5181247,25.6800494],[93.5180739,25.6811867],[93.5179687,25.6817959],[93.51754,25.6822921],[93.5167178,25.6825985],[93.5162072,25.6826817],[93.5158909,25.6827333],[93.5147005,25.6827323],[93.5137241,25.6828173],[93.5129616,25.6832861],[93.5126521,25.6840351],[93.5126516,25.6845858],[93.5129898,25.6852224],[93.5137512,25.6858594],[93.5149262,25.6865147],[93.5159765,25.6871655],[93.5163744,25.6878292],[93.5171704,25.6889942],[93.5180115,25.6898117],[93.5193159,25.6905845],[93.5204805,25.6916144],[93.5213662,25.6928066],[93.5219479,25.6940527],[93.5221561,25.6952714],[93.5221248,25.6969007],[93.5224929,25.6975735],[93.5229512,25.6975693],[93.5232553,25.6973483],[93.5239588,25.6959181],[93.5239595,25.6951237],[93.5235431,25.6946994],[93.5233523,25.694505],[93.5231685,25.6938684],[93.523169,25.6932862],[93.5235981,25.692596],[93.5259201,25.6915189],[93.5274747,25.6911859],[93.5295215,25.6917154],[93.5312293,25.6925739],[93.5315975,25.6931835],[93.5316566,25.6941223],[93.5316111,25.6949618],[93.5320678,25.6969841],[93.5331077,25.6985373],[93.5338543,25.6994766],[93.5345713,25.6998922],[93.5353682,25.7001996],[93.5357613,25.7006963],[93.5359451,25.7014457],[93.5362935,25.7018024],[93.5371057,25.7015547],[93.5378982,25.700973],[93.5392144,25.6996468],[93.5403058,25.6988801],[93.5405228,25.6988624],[93.5407442,25.6988443],[93.5411677,25.6988445],[93.5414761,25.699427],[93.5414334,25.6995917],[93.5413462,25.6999278],[93.5412563,25.7003475],[93.5411713,25.7008214],[93.541136,25.7013765],[93.5412052,25.702189],[93.5412811,25.7025298],[93.5413119,25.7026682],[93.5415429,25.7037056],[93.541916,25.7045905],[93.5420686,25.7047751],[93.5424386,25.7052226],[93.5433497,25.7061078],[93.5442108,25.707214],[93.5456445,25.7088667],[93.546909,25.7103117],[93.5477206,25.7110478],[93.5480093,25.7113999],[93.548024,25.7117205],[93.5477198,25.7123341],[93.5472112,25.712898],[93.5462494,25.7133759],[93.546143,25.7134058],[93.5446796,25.7138174],[93.5434936,25.7143222],[93.5431894,25.7146425],[93.5430397,25.7150892],[93.5430194,25.7156398],[93.5430535,25.7168178],[93.5431329,25.7181076],[93.5431341,25.7181272],[93.5431935,25.7190923],[93.5432063,25.7193003],[93.5431705,25.7205866],[93.5430506,25.7209565],[93.5427165,25.7214439],[93.5423277,25.7217506],[93.5417495,25.7219669],[93.5405486,25.722088],[93.5397214,25.7222726],[93.5395518,25.7225613],[93.5396015,25.7228367],[93.5400097,25.7232973],[93.5408362,25.7240154],[93.5419994,25.7247713],[93.5421361,25.7248601],[93.5429279,25.7254744],[93.5430623,25.7258536],[93.5429972,25.7262372],[93.5427427,25.726896],[93.5426391,25.727318],[93.5425578,25.7276497],[93.5424876,25.7282273],[93.5425372,25.7286606],[93.5426213,25.729455],[93.5425012,25.7301275],[93.5423664,25.7306509],[93.5424509,25.7309398],[93.5427048,25.7311701],[93.5434122,25.7313871],[93.5449867,25.7315866],[93.5458837,25.7314652],[93.5462726,25.7312804],[93.5466615,25.7307751],[93.5475021,25.7296288],[93.5476739,25.7293946],[93.5481325,25.7292278],[93.54886,25.7291379],[93.5494329,25.7293188],[93.5498214,25.7296755],[93.5499057,25.7301495],[93.5498058,25.7307632],[93.5496072,25.7312152],[93.5495164,25.731422],[93.5493265,25.7321847],[93.5493262,25.7325412],[93.5495803,25.7327399],[93.5499888,25.7328169],[93.550527,25.7327991],[93.5510503,25.7327227],[93.5519473,25.7326328],[93.5526049,25.732755],[93.5538056,25.7331527],[93.554822,25.7333699],[93.5552603,25.7336319],[93.5554296,25.7339524],[93.5554294,25.7343632],[93.5553643,25.7347648],[93.5549403,25.7355905],[93.5543619,25.736204],[93.5539729,25.736768],[93.553888,25.7371381],[93.5539724,25.7374901],[93.5542962,25.7378288],[93.5548192,25.7380547],[93.5556848,25.7381313],[93.55605,25.7381636],[93.5566579,25.7382858],[93.5578935,25.7387016],[93.5582823,25.7387153],[93.558671,25.7385801],[93.5587906,25.7384086],[93.5590453,25.7376144],[93.5590485,25.737602],[93.559215,25.7369691],[93.5595191,25.7368022],[93.5599575,25.7368656],[93.5606501,25.7371548],[93.5615119,25.7377689],[93.56197,25.7383514],[93.5620545,25.7388253],[93.5621885,25.7397777],[93.5623725,25.7405089],[93.5628104,25.7417503],[93.5629644,25.7427027],[93.5633522,25.7443683],[93.5635066,25.7447248],[93.5637755,25.7449371],[93.5643136,25.745154],[93.565365,25.7454568],[93.5662071,25.7459039],[93.5667001,25.7464728],[93.5669689,25.7472537],[93.5670878,25.748522],[93.5670025,25.7497361],[93.5667028,25.7505252],[93.5665783,25.7509776],[93.5667773,25.7517586],[93.5664528,25.7528686],[93.5662632,25.7534373],[93.5661682,25.7540691],[93.5663273,25.7547507],[93.5667158,25.7551526],[93.5673487,25.7552566],[93.5679469,25.7551711],[93.5683307,25.7549862],[93.5686749,25.7544899],[93.5689741,25.7538942],[93.5693633,25.7531451],[93.569478,25.7529601],[93.5695491,25.7529324],[93.569802,25.7528338],[93.5702904,25.7527618],[93.5711624,25.7529472],[93.5719548,25.7532499],[93.5725079,25.7534667],[93.5729164,25.7537196],[93.5732203,25.7541169],[93.5733347,25.7545592],[93.5733147,25.7548165],[93.5732447,25.7553806],[93.5728656,25.7560665],[93.5724268,25.756441],[93.5711557,25.7569776],[93.5705327,25.7570135],[93.5703592,25.7569868],[93.5699446,25.756923],[93.5691074,25.7567783],[93.5687386,25.7567781],[93.5682651,25.7568095],[93.5677616,25.757062],[93.5675521,25.7573374],[93.5674872,25.7576893],[93.5675667,25.7581046],[93.5679353,25.7584342],[93.5684586,25.7586781],[93.5692061,25.7588183],[93.5698689,25.7588772],[93.5705518,25.758882],[93.5714689,25.7587875],[93.5718029,25.7586297],[93.5725656,25.758138],[93.5731291,25.7575064],[93.5734683,25.7570281],[93.5737026,25.7567799],[93.5740565,25.7565544],[93.5744155,25.7564056],[93.5748491,25.7564057],[93.575467,25.7565684],[93.5760202,25.7567627],[93.5764986,25.7568576],[93.5768325,25.7568713],[93.5770768,25.7567721],[93.5772562,25.7566593],[93.5773361,25.7564472],[93.5773164,25.7558829],[93.5772418,25.755409],[93.5772369,25.7553423],[93.577217,25.7550705],[93.5772569,25.7548133],[93.5773468,25.7546147],[93.577571,25.7544929],[93.5777505,25.754493],[93.5779697,25.7545834],[93.5788217,25.7554096],[93.5792202,25.7558294],[93.5795291,25.7561816],[93.5798031,25.7563306],[93.5801719,25.7565293],[93.5805208,25.756561],[93.5808646,25.7565927],[93.5812135,25.7566334],[93.5816122,25.7568276],[93.5819161,25.7569946],[93.5824842,25.7573514],[93.583152,25.7574915],[93.5840398,25.7576161],[93.5848465,25.7577447],[93.5852551,25.757817],[93.5854794,25.757975],[93.5854792,25.7583091],[93.5853097,25.7585618],[93.5851203,25.7587377],[93.5841133,25.7591346],[93.5840252,25.759163],[93.583261,25.7594097],[93.5829021,25.7596263],[93.582603,25.7598519],[93.5824833,25.7600007],[93.5823635,25.7603076],[93.5823435,25.7605468],[93.582463,25.7608041],[93.5830408,25.7616799],[93.5832999,25.7620094],[93.583554,25.762357],[93.5836636,25.7626594],[93.5838179,25.7631288],[93.5838975,25.7636704],[93.5840917,25.7643069],[93.5843109,25.7647312],[93.5847243,25.7652684],[93.5852127,25.7656703],[93.5859203,25.7661488],[93.5865482,25.7663927],[93.5869371,25.7664726],[93.5870053,25.7664866],[93.5871862,25.7665237],[93.5881133,25.7665421],[93.588517,25.7664428],[93.58919,25.7662264],[93.5895141,25.766055],[93.5897584,25.7658158],[93.5900027,25.7654548],[93.5901024,25.765193],[93.5901575,25.764489],[93.5901278,25.7636766],[93.5902027,25.7631756],[93.5902526,25.762968],[93.5904321,25.7627604],[93.5906115,25.762598],[93.5909455,25.7624943],[93.5912246,25.7624447],[93.5916732,25.762526],[93.5921966,25.7626526],[93.5925105,25.7627519],[93.5935122,25.7633253],[93.5939358,25.763682],[93.5948227,25.7648059],[93.5961183,25.7665439],[93.5974088,25.7681554],[93.5977876,25.768503],[93.5981315,25.7686926],[93.5985102,25.768801],[93.5989738,25.7687694],[93.5993825,25.7686296],[93.5997364,25.7683588],[93.5999658,25.768079],[93.6001604,25.7674247],[93.6001426,25.7667671],[93.6001356,25.7665085],[93.6002006,25.7658766],[93.6003004,25.7655065],[93.6005595,25.7651636],[93.6009085,25.7649019],[93.601372,25.7648433],[93.6017808,25.7648433],[93.602653,25.7650781],[93.6028723,25.7652226],[93.6031913,25.7656921],[93.603236,25.7660847],[93.6031462,25.7666353],[93.6030464,25.7669963],[93.6026425,25.7678358],[93.6025378,25.7683774],[93.6027221,25.769104],[93.6031057,25.7698443],[93.6032501,25.770607],[93.6035589,25.772259],[93.6039425,25.7733016],[93.6042116,25.7738794],[93.6050389,25.774904],[93.6057966,25.7753057],[93.6064446,25.7752788],[93.6069779,25.7752067],[93.6074166,25.7750487],[93.6083737,25.7745073],[93.6087726,25.7741959],[93.6091314,25.7739657],[93.6097446,25.7737491],[93.6102929,25.7737492],[93.6107864,25.7738801],[93.6112251,25.7741104],[93.6116886,25.7748235],[93.6119577,25.7756044],[93.612137,25.7759744],[93.6124411,25.776313],[93.6127202,25.7765567],[93.613109,25.7766289],[93.6135477,25.7765928],[93.6150133,25.7761597],[93.6155466,25.7759025],[93.6161299,25.7757355],[93.6166483,25.7756994],[93.6170122,25.775713],[93.6174209,25.7759883],[93.6177848,25.7764938],[93.6178744,25.7769181],[93.6179442,25.7777124],[93.6183779,25.7785519],[93.618657,25.7788905],[93.6195642,25.7795539],[93.619953,25.779915],[93.6200975,25.7802309],[93.6200826,25.7806055],[93.6196987,25.7809756],[93.6191803,25.7813051],[93.6187666,25.7815578],[93.6186568,25.7818467],[93.6183826,25.783494],[93.6185022,25.7837016],[93.6191154,25.7841485],[93.6192664,25.7842083],[93.6195142,25.7843065],[93.6212042,25.7847263],[93.6218123,25.7847262],[93.6221613,25.7847985],[93.6225201,25.7849654],[93.6227844,25.7854258],[93.6228891,25.7864098],[93.6229738,25.7867934],[93.6231981,25.7873259],[93.6238113,25.7876509],[93.6247286,25.7877818],[93.6252471,25.7881474],[93.6267527,25.7896097],[93.6268873,25.7902371],[93.6269422,25.790598],[93.6268325,25.7910449],[93.6259949,25.7928458],[93.6256061,25.7939063],[93.6250477,25.7947548],[93.6245983,25.7952763],[93.6243398,25.7955763],[93.6234622,25.796858],[93.6233975,25.7973049],[93.6234772,25.7977833],[93.6237415,25.7979773],[93.6245292,25.7980135],[93.6254466,25.7976163],[93.6261794,25.7972191],[93.6265579,25.7971693],[93.626693,25.7971515],[93.6272415,25.7973951],[93.627735,25.7980225],[93.6277999,25.7985054],[93.62776,25.79888],[93.6276403,25.7992636],[93.6271069,25.7998323],[93.6262393,25.8004462],[93.625937,25.8006146],[93.625656,25.8007712],[93.6250278,25.8013624],[93.6247736,25.8017144],[93.624609,25.8021792],[93.6246988,25.8025629],[93.6249281,25.8028066],[93.6252472,25.8029646],[93.6257109,25.8030368],[93.6262593,25.8030097],[93.6271768,25.802599],[93.6278847,25.8020934],[93.6284979,25.801746],[93.6290564,25.8015608],[93.62951,25.8015608],[93.6297753,25.8016809],[93.6302478,25.8018947],[93.630258,25.8018993],[93.6318834,25.8024318],[93.6325266,25.8025491],[93.6328856,25.8027567],[93.6330153,25.8029869],[93.6331649,25.8035059],[93.6330452,25.804192],[93.6328459,25.8047606],[93.6319135,25.805871],[93.6316991,25.8062952],[93.6316992,25.8066428],[93.6319635,25.8072114],[93.6326865,25.8076582],[93.6337885,25.8081546],[93.6343519,25.8084525],[93.6347359,25.808827],[93.6349504,25.8092738],[93.6348969,25.8098365],[93.6345747,25.8102803],[93.6338861,25.8105512],[93.6333533,25.8108763],[93.6332093,25.8109672],[93.6331146,25.8111613],[93.6330984,25.8113769],[93.63334,25.8117066],[93.6338208,25.8119544],[93.6342973,25.8118058],[93.6351749,25.8111062],[93.6356685,25.8107677],[93.6368513,25.8100418],[93.6370815,25.8099505],[93.6373089,25.8098604],[93.6380118,25.8096797],[93.638331,25.8096571],[93.6386003,25.809788],[93.6390607,25.8102163],[93.639192,25.8107152],[93.6391918,25.8113704],[93.6390754,25.8120218],[93.638506,25.8131414],[93.6380672,25.8137778],[93.6379476,25.8142473],[93.6379726,25.814852],[93.6381572,25.8156328],[93.638626,25.8160705],[93.6391595,25.816224],[93.6401418,25.8160884],[93.640881,25.8159039],[93.6426998,25.8155826],[93.6430987,25.8156052],[93.6434728,25.8157721],[93.6438468,25.8161602],[93.6440713,25.8168733],[93.6440614,25.8174645],[93.6441113,25.8178978],[93.6443109,25.8186966],[93.6446949,25.8189628],[93.645443,25.8192155],[93.646176,25.8195449],[93.6465102,25.8197344],[93.6466948,25.8203978],[93.6465105,25.8212057],[93.6461365,25.8217202],[93.6459372,25.8219279],[93.6459924,25.8222162],[93.6461362,25.8223796],[93.6466952,25.8223837],[93.647483,25.8218781],[93.6493029,25.8205282],[93.6502851,25.8200542],[93.6510181,25.8199367],[93.6516015,25.8198554],[93.6519756,25.8199004],[93.6522848,25.8200222],[93.6528534,25.8204689],[93.6530828,25.8210602],[93.6532826,25.8224954],[93.6533476,25.8228924],[93.653587,25.8232039],[93.6541506,25.8235287],[93.6548139,25.8236414],[93.6557763,25.8235915],[93.6564545,25.8233973],[93.6583743,25.8230133],[93.6590374,25.8227377],[93.6596856,25.8222638],[93.6600894,25.8219251],[93.6605382,25.8216136],[93.6609121,25.8216993],[93.6619247,25.8223354],[93.6626179,25.8228181],[93.6632164,25.8230256],[93.6640144,25.8231427],[93.6649618,25.8231785],[93.6657895,25.8229166],[93.6658567,25.8228778],[93.6665473,25.8224786],[93.6675445,25.8219141],[93.6679983,25.8217831],[93.6682925,25.8218281],[93.6685968,25.8221078],[93.668597,25.8226855],[93.6682231,25.8232182],[93.6676748,25.8237916],[93.6673708,25.824252],[93.6670768,25.8248433],[93.667077,25.8252902],[93.6672616,25.8256647],[93.6676357,25.8259625],[93.668289,25.8261203],[93.6689173,25.8257229],[93.6696501,25.8251088],[93.6700342,25.8246716],[93.6701934,25.8244904],[93.6706222,25.8241156],[93.6709213,25.8240478],[93.6711608,25.8240478],[93.6717044,25.8243364],[93.6720536,25.82472],[93.6721037,25.825433],[93.6718249,25.8263268],[93.671825,25.8267961],[93.6720945,25.8273286],[93.6726233,25.8276399],[93.6726874,25.8276386],[93.6739797,25.8276124],[93.6754309,25.8276118],[93.6766328,25.8276746],[93.6776303,25.8277915],[93.6782538,25.8281073],[93.678628,25.8284095],[93.6789224,25.8290368],[93.6790574,25.8297317],[93.6790032,25.831167],[93.6790034,25.8314784],[93.6791482,25.8319884],[93.6795474,25.8324214],[93.6797031,25.8325201],[93.6802308,25.8328545],[93.6805451,25.8331161],[93.6806799,25.8334321],[93.68068,25.8336938],[93.6800121,25.834335],[93.6795435,25.8348677],[93.6794538,25.8350347],[93.6794392,25.8356215],[93.6794704,25.8358015],[93.6795191,25.8360817],[93.6798139,25.8372867],[93.6798224,25.8373143],[93.6799588,25.837756],[93.6805575,25.838347],[93.682952,25.839339],[93.6847529,25.840101],[93.6854313,25.8403038],[93.6866582,25.8404026],[93.6880996,25.8405103],[93.6886947,25.8404969],[93.6888613,25.8404932],[93.6893266,25.8404827],[93.6897903,25.8404103],[93.6900448,25.8404823],[93.6902195,25.8406899],[93.6903244,25.8411727],[93.6900952,25.8415926],[93.6899757,25.8417822],[93.6895071,25.8421841],[93.6890583,25.8424461],[93.688415,25.8426676],[93.687947,25.8427581],[93.6874326,25.8428575],[93.6865,25.8430384],[93.6860463,25.8432237],[93.685792,25.8434133],[93.6856475,25.8436662],[93.6856577,25.844149],[93.6858076,25.8447673],[93.6860871,25.8450696],[93.6869102,25.845489],[93.6882971,25.8459487],[93.6892697,25.8459347],[93.6897335,25.8456954],[93.6901871,25.845307],[93.6907352,25.8442461],[93.6909295,25.8440068],[93.690945,25.8439936],[93.691114,25.8438488],[93.6914332,25.8438487],[93.6921017,25.8442139],[93.6924213,25.8448636],[93.6933296,25.8457207],[93.6937139,25.8462983],[93.6938858,25.8469236],[93.6938889,25.8469346],[93.6942933,25.8475843],[93.6946925,25.8479948],[93.695386,25.8482472],[93.6959696,25.8482604],[93.6960184,25.8482406],[93.696558,25.8480209],[93.6973159,25.8476099],[93.6985074,25.8467156],[93.699026,25.8465709],[93.6992256,25.8465709],[93.6995199,25.8467287],[93.6998143,25.8469452],[93.700064,25.8474144],[93.7000544,25.8480418],[93.7000647,25.8485021],[93.7001349,25.8490934],[93.7003845,25.8493595],[93.7004448,25.8494237],[93.7006091,25.8495986],[93.7011278,25.8495712],[93.7014867,25.8492461],[93.7016361,25.8488217],[93.7016757,25.8484155],[93.7013112,25.8477748],[93.700153,25.84611],[93.6997787,25.8457853],[93.6996488,25.8455055],[93.6996832,25.8446344],[93.6997456,25.8445293],[93.7000419,25.8440295],[93.7004307,25.843596],[93.7008794,25.8432708],[93.7013082,25.8431984],[93.701812,25.8431981],[93.7021462,25.8433423],[93.7026255,25.8439784],[93.7028553,25.8445605],[93.7032796,25.8451019],[93.7037087,25.845404],[93.7045868,25.8458142],[93.7053203,25.8461749],[93.7058492,25.8464861],[93.7069022,25.8474242],[93.707491,25.8477624],[93.7078103,25.8478118],[93.7082091,25.8475092],[93.7084881,25.8469765],[93.7087571,25.8464573],[93.7089164,25.846191],[93.7097689,25.8456849],[93.7118327,25.8441401],[93.712486,25.8439457],[93.712885,25.8439455],[93.7130695,25.8439725],[93.7135783,25.8440534],[93.7143219,25.8445133],[93.7085037,25.8479559],[93.7028048,25.851186],[93.7026116,25.8512807],[93.7020768,25.851543],[93.7014916,25.8532817],[93.7010112,25.8544546],[93.6996567,25.857899],[93.6982122,25.8613795],[93.6975049,25.8629595],[93.6965236,25.865479],[93.6955674,25.867934],[93.693251,25.8736896],[93.6920553,25.8766644],[93.6907403,25.8803974],[93.6900629,25.8823114],[93.6886876,25.8856563],[93.6869041,25.8906894],[93.684129,25.8972518],[93.6839339,25.8977132],[93.6818605,25.9028682],[93.681505,25.9038027],[93.6815292,25.9043864],[93.6818555,25.904379],[93.6822859,25.9042346],[93.6828724,25.9036809],[93.6830908,25.9035126],[93.6834711,25.903377],[93.6841899,25.9033984],[93.684765,25.9037018],[93.6849569,25.9040703],[93.6852687,25.9047859],[93.6857479,25.9048291],[93.686419,25.9053276],[93.6869465,25.9061081],[93.6872583,25.9067585],[93.6876419,25.9074306],[93.6877322,25.907579],[93.6878837,25.9076511],[93.6882037,25.9077499],[93.6896657,25.9076232],[93.6897131,25.9076191],[93.6900724,25.9076624],[93.69036,25.9078574],[93.6909117,25.9089632],[93.6909972,25.9093763],[93.6912716,25.9098521],[93.6917271,25.910264],[93.6922783,25.9106107],[93.6937403,25.9114558],[93.6939761,25.9117226],[93.6942875,25.9117659],[93.6962281,25.9116348],[93.6971623,25.9113308],[93.6980728,25.9112002],[93.6985979,25.9111972],[93.699127,25.9113297],[93.7001092,25.9110473],[93.7008756,25.9106566],[93.7016187,25.9113068],[93.7023663,25.9121456],[93.7032673,25.9129292],[93.7041784,25.9139479],[93.7050654,25.9145547],[93.7054489,25.9149231],[93.7054493,25.9154219],[93.7050425,25.9160727],[93.7049469,25.9165065],[93.7051149,25.9169402],[93.7062421,25.9183491],[93.7064065,25.9185534],[93.7066257,25.918826],[93.7070571,25.9189992],[93.7084289,25.9188386],[93.708806,25.9186513],[93.7095964,25.9182387],[93.7101711,25.9176312],[93.711124,25.9170935],[93.7124178,25.9169193],[93.7136157,25.9168101],[93.7140231,25.9168749],[93.7147423,25.917525],[93.7153373,25.9183724],[93.7155528,25.9186248],[93.715792,25.9187257],[93.7161034,25.9187701],[93.7172299,25.9191597],[93.7179251,25.9195713],[93.718692,25.9198528],[93.7196264,25.9197003],[93.7207285,25.9196996],[93.7229476,25.9201476],[93.7241078,25.9206081],[93.7250405,25.9208358],[93.725999,25.9209219],[93.726609,25.9208257],[93.7272447,25.9206391],[93.7279726,25.9205362],[93.7282121,25.9205794],[93.7286438,25.920926],[93.7293155,25.9218147],[93.7298671,25.9223564],[93.7308977,25.9226593],[93.7321919,25.922962],[93.7332462,25.9230046],[93.7336541,25.9236115],[93.7343731,25.9237194],[93.7348043,25.9235889],[93.7352829,25.9228729],[93.7354504,25.922786],[93.7359057,25.9227423],[93.7361453,25.9227638],[93.7364811,25.9230238],[93.7368653,25.9239126],[93.7368658,25.9244765],[93.7368661,25.9248018],[93.736898,25.9250054],[93.7370341,25.9251487],[93.737921,25.9253431],[93.7384001,25.925256],[93.7386398,25.9253208],[93.738688,25.9256244],[93.7382574,25.9262866],[93.7372515,25.9267967],[93.7366531,25.927491],[93.7365533,25.9276712],[93.7366055,25.9279031],[93.7373699,25.9281499],[93.7376814,25.9281064],[93.7378499,25.9282163],[93.7383208,25.9286488],[93.7393903,25.9296655],[93.7395282,25.9298181],[93.7395232,25.9299776],[93.739505,25.9305555],[93.739218,25.9310762],[93.7391943,25.9313797],[93.7395302,25.9317915],[93.7407929,25.93183],[93.7422364,25.9320526],[93.7428564,25.9322224],[93.7434512,25.9325048],[93.7440699,25.9333244],[93.7448531,25.9338458],[93.7456775,25.9343298],[93.7466236,25.9347335],[93.7466452,25.9347427],[93.7476423,25.9349223],[93.7483511,25.934941],[93.7488886,25.9348902],[93.7489202,25.9348872],[93.7492348,25.9347251],[93.7496246,25.9343554],[93.7497446,25.9341027],[93.7496455,25.9334121],[93.7496259,25.9330736],[93.7496862,25.9327532],[93.7498411,25.9325412],[93.7500957,25.9324556],[93.75051,25.932456],[93.7508643,25.9325782],[93.7513133,25.9328088],[93.7518219,25.9332199],[93.7524103,25.9338973],[93.7525297,25.9342315],[93.7525093,25.9346782],[93.7523537,25.9354228],[93.7520187,25.9359596],[93.7514692,25.9364014],[93.7508749,25.9366852],[93.749542,25.9369323],[93.7491874,25.9370945],[93.7485779,25.9375905],[93.7476336,25.9383975],[93.7470644,25.9385549],[93.7468096,25.9384892],[93.7467622,25.938477],[93.7464555,25.9385183],[93.7464509,25.9385216],[93.7462043,25.9387008],[93.7454673,25.9397621],[93.7451846,25.9407611],[93.7451056,25.9421367],[93.7451172,25.9423367],[93.7453816,25.942779],[93.7457665,25.9430462],[93.7466908,25.9431711],[93.7467879,25.9431723],[93.7471393,25.9431766],[93.747689,25.9426806],[93.7486937,25.9413816],[93.7491833,25.9409217],[93.7495378,25.9407957],[93.7499123,25.9407644],[93.7503814,25.9408686],[93.7511498,25.9411355],[93.7518333,25.9414927],[93.7523272,25.9418496],[93.7524617,25.942116],[93.7524213,25.9426124],[93.7523937,25.9426902],[93.7521258,25.9434471],[93.7519507,25.943957],[93.7519102,25.9444172],[93.7519694,25.9450582],[93.7526968,25.9464444],[93.7529312,25.9466747],[93.7531059,25.9466929],[93.7533856,25.9465848],[93.7541797,25.9461252],[93.7553585,25.9455033],[93.7560675,25.9452918],[93.7567515,25.9452201],[93.7574603,25.9452748],[93.7580892,25.9453475],[93.7584634,25.9455058],[93.7587178,25.9457001],[93.7589321,25.9460568],[93.7590117,25.9464496],[93.7590312,25.946752],[93.7590309,25.9471085],[93.7586757,25.947925],[93.7585351,25.948814],[93.7583044,25.9498339],[93.7577692,25.9509889],[93.7577088,25.9513589],[93.7578282,25.9518735],[93.7582021,25.9523928],[93.7586512,25.9526233],[93.7590654,25.9526958],[93.7595197,25.9526421],[93.7600692,25.952304],[93.7609336,25.9515781],[93.7612207,25.9513315],[93.7612433,25.9513121],[93.7614981,25.9511678],[93.7618126,25.9511365],[93.762107,25.9512586],[93.7622065,25.9513486],[93.7623215,25.9514527],[93.7626754,25.9520939],[93.7628094,25.952929],[93.7630081,25.9539627],[93.7632024,25.9543149],[93.7636916,25.9544596],[93.7642058,25.954442],[93.7645952,25.9543701],[93.76491,25.9541401],[93.76497,25.9539281],[93.7648906,25.9535714],[93.7641881,25.9519506],[93.7639889,25.951436],[93.7640292,25.9510615],[93.7641891,25.9508495],[93.7645037,25.9507097],[93.7651328,25.9507283],[93.7657768,25.9506927],[93.7664658,25.9505488],[93.7669752,25.9503731],[93.7671025,25.9503809],[93.7672747,25.9503914],[93.7675491,25.9505134],[93.7679581,25.9510148],[93.7682721,25.9515475],[93.7683661,25.9525224],[93.7683656,25.9530189],[93.7682303,25.9535875],[93.7677353,25.954404],[93.7668849,25.9553246],[93.7658314,25.9564651],[93.7638674,25.9585533],[93.7635924,25.9589998],[93.7635522,25.9593699],[93.7637066,25.9596724],[93.7640609,25.9599751],[93.7644152,25.9600837],[93.7650443,25.9599939],[93.7665975,25.9594805],[93.7680707,25.958949],[93.7688947,25.9586969],[93.7692841,25.9586972],[93.7695237,25.9587515],[93.7696784,25.95886],[93.7698927,25.9592166],[93.7700519,25.9598892],[93.7700307,25.9612612],[93.7696539,25.9639689],[93.769043,25.9659046],[93.768143,25.9674249],[93.7674134,25.9680472],[93.7666694,25.9682407],[93.7655059,25.968312],[93.7648019,25.9683656],[93.7645821,25.9685279],[93.7645468,25.9688799],[93.7647811,25.9692367],[93.7654497,25.9697517],[93.7663133,25.9699825],[93.767272,25.9699516],[93.7687904,25.9692939],[93.7709234,25.9681671],[93.7714178,25.9679914],[93.771927,25.9681001],[93.7722612,25.9683847],[93.7724355,25.9688632],[93.7727889,25.9701813],[93.7729686,25.9703574],[93.7735775,25.9704842],[93.7743616,25.9703403],[93.7754256,25.9698085],[93.7771894,25.9682392],[93.7774445,25.9675081],[93.777465,25.9669936],[93.7771509,25.9664428],[93.7761675,25.9661398],[93.7750893,25.9658908],[93.7745202,25.9657279],[93.7744605,25.9655338],[93.7746005,25.9652857],[93.7751101,25.9648573],[93.7753851,25.9644694],[93.7754453,25.9639865],[93.7752669,25.9625151],[93.7750927,25.9618109],[93.7750931,25.9613867],[93.7751681,25.9611565],[93.7755227,25.9609582],[93.7767012,25.9608371],[93.7776048,25.9608017],[93.7782141,25.960635],[93.7786087,25.9602968],[93.7786638,25.9600486],[93.7784894,25.9597822],[93.7774114,25.9592625],[93.7769772,25.958996],[93.7768776,25.9588018],[93.7768229,25.9585175],[93.7768981,25.9581248],[93.777098,25.9578587],[93.777962,25.9574351],[93.7798495,25.9568992],[93.7803192,25.9564798],[93.7805191,25.9562317],[93.7806543,25.9556631],[93.7809298,25.954544],[93.7813847,25.9538357],[93.7818945,25.9530688],[93.7826441,25.9520132],[93.7828714,25.951324],[93.7828793,25.9513002],[93.7830744,25.9507498],[93.7832693,25.9504114],[93.7834292,25.9502896],[93.7838037,25.9501996],[93.7841245,25.9501916],[93.7845076,25.950182],[93.7851766,25.9501282],[93.7855111,25.9499885],[93.7858858,25.9496683],[93.7873407,25.9465821],[93.7874211,25.9459954],[93.7873615,25.9455531],[93.7871071,25.9452145],[93.7867729,25.9448081],[93.786304,25.9445325],[93.7857499,25.9444058],[93.785086,25.9444415],[93.7846319,25.9442292],[93.7846322,25.9438726],[93.784772,25.9437147],[93.7851065,25.9436969],[93.7857153,25.9439094],[93.7864389,25.944158],[93.7868533,25.9441943],[93.787088,25.9440727],[93.7872628,25.9438922],[93.7873029,25.9437162],[93.7873031,25.943468],[93.7871486,25.9430212],[93.7868346,25.9424703],[93.7866003,25.9420955],[93.7865206,25.9418293],[93.7865607,25.9415269],[93.7867356,25.9412968],[93.7874849,25.9405164],[93.7875649,25.9404173],[93.78761,25.9402332],[93.78766,25.9400291],[93.7876506,25.9400028],[93.7875255,25.9396545],[93.7868572,25.9388552],[93.7867377,25.9385167],[93.7867379,25.9382143],[93.7871331,25.9370591],[93.7875882,25.9358589],[93.7877633,25.9353986],[93.787998,25.9351145],[93.7882727,25.9349702],[93.7889417,25.9348126],[93.7894509,25.9346008],[93.7897856,25.9342625],[93.7898857,25.9339241],[93.7898859,25.9335676],[93.7897863,25.9332651],[93.789532,25.9329445],[93.7892975,25.9327684],[93.7887884,25.9327139],[93.7877851,25.9327675],[93.7870964,25.9327489],[93.7866822,25.9325456],[93.7864877,25.9322793],[93.7864679,25.9320987],[93.7867625,25.9320447],[93.7872916,25.9319232],[93.7876261,25.9317609],[93.7879009,25.9314587],[93.7879546,25.9312679],[93.7879809,25.9311744],[93.7879013,25.9309803],[93.7874724,25.9305197],[93.7872928,25.9302533],[93.7873528,25.9301269],[93.7877072,25.9301091],[93.7883161,25.9301636],[93.7889449,25.9302543],[93.7892594,25.9302364],[93.7896338,25.9300561],[93.7899835,25.9297539],[93.7902233,25.92942],[93.7903035,25.9289688],[93.7902039,25.9286979],[93.7899295,25.9284676],[93.7893407,25.928219],[93.7897155,25.9276686],[93.7905794,25.9269921],[93.7909141,25.9265681],[93.7909892,25.9262296],[93.7909145,25.9259452],[93.7904208,25.9253041],[93.7902388,25.9251432],[93.7899869,25.9249203],[93.7899322,25.9247261],[93.7899327,25.9239273],[93.7898532,25.9234805],[93.789619,25.9229838],[93.7891851,25.922469],[93.7891453,25.9222569],[93.7892055,25.9219185],[93.7893653,25.9216704],[93.7894856,25.9215605],[93.7897948,25.9212779],[93.7900051,25.9211381],[93.7903441,25.9209127],[93.7905789,25.9206466],[93.790599,25.9203803],[93.7905244,25.9200598],[93.790305,25.9197754],[93.7893659,25.9185256],[93.7887398,25.9170981],[93.78872,25.9168859],[93.7888748,25.9167777],[93.7901328,25.9163181],[93.7906819,25.9161423],[93.791236,25.9160163],[93.7916453,25.9158044],[93.7918601,25.9155563],[93.79196,25.9153082],[93.7919203,25.9150554],[93.7917857,25.9148432],[93.7914117,25.9144684],[93.7913919,25.9142562],[93.7919016,25.9133313],[93.7921563,25.9129117],[93.7925108,25.9127721],[93.7927852,25.9128806],[93.7931594,25.9130748],[93.7934488,25.9130889],[93.7935337,25.9130931],[93.793903,25.9130391],[93.7942174,25.9128813],[93.7942975,25.9126647],[93.7943176,25.9123985],[93.7941781,25.9120599],[93.7937097,25.9110667],[93.7933957,25.910534],[93.7933959,25.9102316],[93.7937107,25.909609],[93.7939855,25.9090766],[93.7942804,25.9084448],[93.794261,25.9075557],[93.7940866,25.9071495],[93.7937724,25.9068108],[93.7934981,25.9067384],[93.7927694,25.9067741],[93.7923004,25.9068099],[93.791966,25.9068278],[93.7919261,25.9067195],[93.792006,25.9065976],[93.7924554,25.9063452],[93.7929294,25.9062958],[93.7935531,25.906418],[93.7940869,25.9067387],[93.7948102,25.9071498],[93.7951246,25.9071861],[93.795419,25.907114],[93.7955988,25.9069021],[93.795674,25.9065094],[93.7955396,25.9059768],[93.7951062,25.9048212],[93.7951063,25.904618],[93.795381,25.9042617],[93.7958554,25.9038015],[93.7961101,25.903391],[93.7961106,25.9027321],[93.7956971,25.9017389],[93.795598,25.9006692],[93.7956781,25.900236],[93.7956184,25.8999652],[93.7952244,25.8996807],[93.7948702,25.8995224],[93.7944211,25.8994862],[93.7944014,25.8990934],[93.7944615,25.8988092],[93.7943024,25.89792],[93.7937547,25.8962317],[93.7935207,25.8955636],[93.7935608,25.8951935],[93.7937555,25.8950492],[93.7943446,25.8946569],[93.7948938,25.8941066],[93.7951885,25.8935381],[93.7953286,25.8931861],[93.7953687,25.8927213],[93.795369,25.8923828],[93.7951297,25.8919765],[93.7945213,25.8914525],[93.794247,25.8914164],[93.7933837,25.8915241],[93.7927549,25.8915734],[93.7922061,25.8914874],[93.7920465,25.8913429],[93.7919869,25.8910585],[93.7920471,25.8906343],[93.7924616,25.8899576],[93.7925018,25.8896732],[93.7923623,25.8893527],[93.7920282,25.8891404],[93.791639,25.8891041],[93.7908305,25.8892977],[93.7898873,25.8897078],[93.7895329,25.8898114],[93.7892037,25.8896714],[93.7887698,25.8893506],[93.7884914,25.8890985],[93.7880219,25.8886732],[93.7877079,25.8882217],[93.7873145,25.887206],[93.786572,25.8858561],[93.7861981,25.8855354],[93.7854899,25.8851423],[93.7848064,25.8849478],[93.7844524,25.8847535],[93.7841583,25.8843427],[93.7841586,25.8839771],[93.7842985,25.8837289],[93.7847279,25.8832869],[93.7849228,25.8828583],[93.7849629,25.8825378],[93.7847692,25.8814545],[93.7846154,25.880299],[93.7847554,25.8799516],[93.7854394,25.8793653],[93.7856667,25.87916],[93.7864228,25.8784768],[93.7869121,25.8779987],[93.7873067,25.8773761],[93.787347,25.8768797],[93.7870778,25.8765545],[93.7868385,25.8763242],[93.7866642,25.875805],[93.7865254,25.8747399],[93.7862514,25.8741349],[93.7856054,25.871551],[93.785172,25.8700452],[93.7855164,25.8697341],[93.7859953,25.8697344],[93.7868184,25.869798],[93.7874112,25.8700666],[93.7879155,25.8702952],[93.7889484,25.8701062],[93.7897022,25.8692401],[93.7898425,25.8684323],[93.789843,25.8678095],[93.7893599,25.8665681],[93.7875801,25.8651363],[93.7860689,25.8645757],[93.7849717,25.8642636],[93.7845582,25.8635187],[93.7843545,25.8625256],[93.7843552,25.8616546],[93.7845606,25.860409],[93.7846308,25.8599126],[93.7846315,25.8589829],[93.7844274,25.8584231],[93.782847,25.8573029],[93.781406,25.8564941],[93.7809272,25.8564937],[93.7798996,25.8565563],[93.7793897,25.8567488],[93.7790764,25.8568672],[93.7785276,25.8568668],[93.7786626,25.8565554],[93.7790714,25.8564162],[93.7797603,25.8561816],[93.7804489,25.8558706],[93.7809283,25.8551263],[93.7811336,25.854007],[93.7806208,25.8528603],[93.779664,25.8518037],[93.7777445,25.8506198],[93.7775358,25.8498119],[93.7776066,25.8485076],[93.778086,25.8478851],[93.780545,25.8462613],[93.7806261,25.8462078],[93.7809708,25.8454633],[93.7811111,25.8445924],[93.7804932,25.8438473],[93.7793966,25.8430387],[93.7778161,25.8424148],[93.7781621,25.8401177],[93.7793285,25.8409264],[93.780356,25.8408639],[93.7811146,25.8401829],[93.7814543,25.8394971],[93.7815944,25.8388157],[93.7812162,25.8379127],[93.7802545,25.8367297],[93.780255,25.8360482],[93.7803253,25.8354254],[93.7812887,25.8343066],[93.7825916,25.832755],[93.783281,25.831266],[93.7839652,25.8300207],[93.7847888,25.8290283],[93.7847893,25.8282836],[93.7841721,25.8267893],[93.7842424,25.8261666],[93.7851361,25.8247996],[93.7865085,25.8234374],[93.7870928,25.8221605],[93.7875778,25.8204232],[93.7875792,25.8184959],[93.7875108,25.8165688],[93.7875114,25.8157609],[93.7882654,25.8143307],[93.7889543,25.8132118],[93.7894339,25.8120341],[93.7900527,25.8112265],[93.7913547,25.8103562],[93.7925027,25.8100892],[93.7934842,25.8098609],[93.7954743,25.8089278],[93.796915,25.8093031],[93.7988784,25.8097319],[93.7989043,25.8097375],[93.80041,25.8099278],[93.8012325,25.8102351],[93.8027427,25.811107],[93.8038395,25.8114189],[93.8049358,25.8126606],[93.8053168,25.8138377],[93.8063046,25.8168902],[93.8070623,25.8174502],[93.8070808,25.8174599],[93.8113146,25.8196862],[93.8163895,25.8226129],[93.8174157,25.8247887],[93.8197455,25.8336131],[93.8198144,25.8357885],[93.8203921,25.8373097],[93.8211496,25.8387408],[93.8229992,25.8404158],[93.8235344,25.8409023],[93.8243703,25.841662],[93.8252618,25.8443974],[93.8264985,25.8451424],[93.82972,25.846511],[93.8297193,25.8483118],[93.8304772,25.8492463],[93.8332896,25.8514225],[93.8370248,25.8535042],[93.8397025,25.85661],[93.8451891,25.85829],[93.8465659,25.8578571],[93.8481424,25.8570495],[93.8510994,25.8578965],[93.8522574,25.8582282],[93.8554013,25.8559707],[93.8585731,25.8536931],[93.8605334,25.8531066],[93.864514,25.8518613],[93.8672574,25.8511168],[93.8691778,25.8509318],[93.8701405,25.8493793],[93.8761058,25.8424785],[93.8818018,25.8433494],[93.8861937,25.8479546],[93.8865404,25.8483182],[93.8872421,25.8498961],[93.8879773,25.8515495],[93.8892849,25.8574573],[93.8899684,25.8586352],[93.8905521,25.8588563],[93.8921333,25.8586078],[93.896044,25.8578582],[93.8965231,25.8591669],[93.8967328,25.8605931],[93.8973467,25.8623351],[93.8990634,25.8651285],[93.9002311,25.8671187],[93.9014267,25.8697145],[93.901948,25.8708463],[93.9028793,25.8710118],[93.9054503,25.8714685],[93.9057947,25.8722762],[93.907506,25.8725241],[93.9094323,25.8746359],[93.9115681,25.8765219],[93.9109522,25.8791418],[93.9108805,25.8794467],[93.9111326,25.8796584],[93.9147282,25.8826771],[93.9159958,25.8837013],[93.9171879,25.883672],[93.9172025,25.8836717],[93.923819,25.8835093],[93.9261546,25.8850024],[93.9271175,25.8848756],[93.9282847,25.8843155],[93.933978,25.8852475],[93.9342527,25.8858703],[93.9345989,25.8895981],[93.9354247,25.894445],[93.9379655,25.8963079],[93.944317,25.8955242],[93.9448532,25.897169],[93.9450069,25.8976406],[93.9471531,25.8979392],[93.951664,25.8985669],[93.9597652,25.9021052],[93.9610719,25.9012334],[93.9667043,25.9058921],[93.9705516,25.9117297],[93.9712061,25.9127583],[93.9759434,25.9143077],[93.9786954,25.9167293],[93.9784351,25.9204871],[93.9781976,25.9239162],[93.9781945,25.923961],[93.9780152,25.9265506],[93.9780139,25.9266191],[93.9779866,25.9280716],[93.972566,25.9339155],[93.9699579,25.9367786],[93.9696179,25.9423075],[93.9687064,25.9572559],[93.9572751,25.9663705],[93.9541516,25.9692607],[93.9567671,25.9823701],[93.956803,25.9825507],[93.956817,25.9826206],[93.9591475,25.9943332],[93.9567479,25.9978775],[93.9548409,26.0004966],[93.9548403,26.0004974],[93.9540437,26.0016565],[93.9533799,26.0024693],[93.9530008,26.0029659],[93.9531757,26.0032818],[93.9543905,26.004951],[93.9552602,26.0059479],[93.9559552,26.0070984],[93.9578101,26.0097872],[93.95947,26.0122234],[93.9605412,26.0153594],[93.9609221,26.0171869],[93.9614585,26.0197772],[93.9620697,26.0222591],[93.9624912,26.0247682],[93.9626968,26.025761],[93.9624928,26.026939],[93.9622342,26.0284556],[93.9619907,26.030103],[93.9619912,26.0308884],[93.9622826,26.033059],[93.9623385,26.0343407],[93.96247,26.0365386],[93.9626752,26.0368769],[93.963225,26.0373233],[93.9646992,26.0379227],[93.9664082,26.0383909],[93.9680572,26.0390172],[93.9695915,26.0397474],[93.9703864,26.0403471],[93.9704171,26.0412903],[93.9705939,26.0436686],[93.9704988,26.0451171],[93.9704804,26.0453973],[93.9707561,26.046417],[93.9708861,26.0466064],[93.9717965,26.0479328],[93.9737966,26.0498947],[93.9757073,26.0522989],[93.9784735,26.0558532],[93.9801546,26.0584154],[93.9824308,26.0614195],[93.9834414,26.0627818],[93.9850377,26.0651048],[93.9855678,26.0655827],[93.9857957,26.0657529],[93.9863528,26.0661689],[93.9869927,26.0664617],[93.9873878,26.0667864],[93.9872296,26.068497],[93.9866569,26.0697457],[93.9863903,26.0703269],[93.9863868,26.0703345],[93.986163,26.071481],[93.9861337,26.0721671],[93.9857796,26.0729571],[93.9852607,26.0738376],[93.9847716,26.0744833],[93.9845825,26.0747196],[93.9824857,26.0776307],[93.9819069,26.0786511],[93.9815631,26.0798022],[93.9815345,26.081242],[93.9817803,26.0822076],[93.9827358,26.0833577],[93.9832083,26.0836866],[93.983636,26.0839844],[93.9849659,26.0844301],[93.9863853,26.0845599],[93.9867902,26.0846092],[93.9871652,26.0847669],[93.9878605,26.0854478],[93.9886461,26.0863363],[93.9888587,26.0868067],[93.9892722,26.0877213],[93.9894727,26.0883485],[93.9894813,26.0884064],[93.9896789,26.0897338],[93.9899106,26.0915931],[93.9901586,26.0946528],[93.9895805,26.0964314],[93.9892912,26.0970048],[93.9894816,26.0975282],[93.9901177,26.0987552],[93.99023,26.0989406],[93.9911641,26.100483],[93.9921752,26.1019986],[93.9929587,26.1029851],[93.9937118,26.1039334],[93.9954933,26.1059177],[93.9968333,26.106656],[93.9971524,26.1069047],[93.9975316,26.1078589],[93.997931,26.1095572],[93.9979092,26.1101676],[93.9975284,26.1107205],[93.9968576,26.1116238],[93.9962095,26.1120414],[93.9957747,26.1121951],[93.9950498,26.112119],[93.9943752,26.111842],[93.9934594,26.111466],[93.9925892,26.1109973],[93.990679,26.1105024],[93.9894345,26.1105802],[93.9887399,26.1108154],[93.9881004,26.1112356],[93.987536,26.1117596],[93.9867876,26.1133036],[93.9867582,26.1139039],[93.9874239,26.1147158],[93.9883494,26.1154732],[93.9894066,26.1159249],[93.9907851,26.1165139],[93.9926258,26.1175864],[93.9933761,26.1180823],[93.9938717,26.118655],[93.9940175,26.1194943],[93.9937837,26.1206183],[93.993437,26.1218019],[93.9933552,26.1220809],[93.9931412,26.1230469],[93.9934871,26.1239356],[93.9941585,26.1246555],[93.9945886,26.1255324],[93.994994,26.1259743],[93.9952147,26.1260648],[93.9962694,26.1264968],[93.9969647,26.1268617],[93.9974851,26.127281],[93.9976456,26.1277277],[93.9978465,26.1285624],[93.9978217,26.1287701],[93.9975571,26.1291133],[93.9970374,26.1293755],[93.9966023,26.1292946],[93.9956471,26.1290066],[93.9939418,26.1286199],[93.9927214,26.1281741],[93.9914513,26.1279134],[93.9900315,26.1280454],[93.9888717,26.1282043],[93.9882071,26.1285704],[93.9874427,26.1291712],[93.9871237,26.1301418],[93.9872397,26.1310805],[93.9881109,26.1324924],[93.9889767,26.133304],[93.9898469,26.133511],[93.990862,26.133641],[93.991969,26.1334531],[93.9924117,26.133378],[93.9940009,26.1326455],[93.9959434,26.1314725],[93.9969175,26.1311692],[93.9983117,26.131241],[94.0000754,26.1323212],[94.0015542,26.1334823],[94.0021732,26.1344306],[94.0024111,26.1364572],[94.0021614,26.1378384],[94.0021387,26.1379642],[94.0019283,26.1391285],[94.0023627,26.1397517],[94.0033609,26.1414721],[94.0038844,26.1429392],[94.0035981,26.1442297],[94.0020208,26.1463405],[94.00083,26.1469848],[94.0001185,26.1470491],[93.9993948,26.1471145],[93.9966851,26.1463857],[93.9959051,26.1464224],[93.9951404,26.146766],[93.9945861,26.1475428],[93.9945219,26.14831],[93.9946379,26.1492487],[93.9951445,26.1508188],[93.995756,26.1520594],[93.9965797,26.1534747],[93.9967622,26.15362],[93.9976869,26.154167],[93.9985967,26.1544702],[94.0001468,26.1547062],[94.0010964,26.1552034],[94.0021397,26.1569374],[94.0031379,26.1588969],[94.0036617,26.1601069],[94.0035658,26.1610093],[94.0027087,26.1628726],[94.0018018,26.1644198],[94.0013703,26.1657778],[94.0016786,26.1675247],[94.002556,26.1702648],[94.0026054,26.1708697],[94.0025979,26.1708831],[94.0023398,26.1713433],[94.0019845,26.1715145],[94.0013642,26.1716448],[94.0011037,26.1719876],[94.0010785,26.1722674],[94.0020777,26.173729],[94.0046639,26.1777312],[94.0069513,26.1811586],[94.0078103,26.1824951],[94.0081453,26.1826669],[94.0093055,26.1828709],[94.0114378,26.1831964],[94.0124263,26.1833472],[94.0151218,26.1838909],[94.0153618,26.1840174],[94.0164558,26.1856339],[94.0196426,26.1906457],[94.021476,26.1935535],[94.0217858,26.193811],[94.0254715,26.1950953],[94.0318629,26.1974282],[94.0320329,26.1975367],[94.0321613,26.1987931],[94.0322216,26.1993827],[94.0326449,26.2018606],[94.0330476,26.2049523],[94.033526,26.2074935],[94.0336927,26.2086804],[94.0344714,26.214223],[94.0346814,26.2154551],[94.0351139,26.2179918],[94.0358259,26.2225189],[94.0359818,26.2234151],[94.036369,26.2256422],[94.0364638,26.226053],[94.0379184,26.2279945],[94.0399429,26.2309517],[94.0419925,26.2337961],[94.0423973,26.2345048],[94.0425873,26.2349383],[94.0430666,26.2364458],[94.0441852,26.2398132],[94.045209,26.2429819],[94.0460183,26.2452073],[94.0467992,26.247232],[94.0474721,26.2489765],[94.047687,26.2493647],[94.0485722,26.2504663],[94.0495268,26.2510483],[94.0505662,26.2516744],[94.0518078,26.2522226],[94.0527031,26.2524837],[94.0540024,26.2532403],[94.0553593,26.2543881],[94.0559794,26.254926],[94.056081,26.2550142],[94.0563514,26.2551144],[94.0572073,26.2554318],[94.0589117,26.2551198],[94.0601825,26.2552768],[94.0613952,26.2559812],[94.0630079,26.2563457],[94.0640767,26.2561897],[94.0650012,26.2559294],[94.0656365,26.2562164],[94.0660376,26.2564656],[94.0665605,26.2567903],[94.0678603,26.2569734],[94.0687264,26.2577558],[94.0693325,26.2589292],[94.0694547,26.2593511],[94.0696497,26.2600243],[94.0702268,26.2614062],[94.0709196,26.262319],[94.0713829,26.2625321],[94.072508,26.2630495],[94.0741613,26.2640668],[94.0746234,26.2643798],[94.0751136,26.2664656],[94.0752285,26.2678734],[94.0751412,26.2692291],[94.0749961,26.2710279],[94.0747064,26.2730351],[94.0746568,26.2730961],[94.0739214,26.2740015],[94.0728807,26.2754611],[94.0722448,26.2761126],[94.0724754,26.2772337],[94.0731103,26.2788764],[94.0739668,26.2800015],[94.0740631,26.2801281],[94.0742937,26.2816141],[94.0742904,26.2817152],[94.0742644,26.2825265],[94.0747261,26.2835956],[94.0751971,26.2838344],[94.0757171,26.283991],[94.0764421,26.2841102],[94.077306,26.2842523],[94.079155,26.2842268],[94.082189,26.2834195],[94.0833159,26.2829506],[94.0840959,26.2833418],[94.0842398,26.2848019],[94.0843262,26.2857664],[94.0842506,26.2863786],[94.0842446,26.2864274],[94.0841813,26.2869396],[94.0843832,26.2881128],[94.0842673,26.2889731],[94.084816,26.2897032],[94.0861735,26.2912156],[94.0869187,26.2927018],[94.0874052,26.2931118],[94.0877852,26.2934321],[94.0890566,26.2933281],[94.0904432,26.2943451],[94.091021,26.2949449],[94.0930718,26.2971352],[94.0939268,26.2980613],[94.0948051,26.2990127],[94.0962672,26.3003915],[94.0967407,26.3008379],[94.0977806,26.3019591],[94.0980726,26.3026389],[94.0988994,26.3045637],[94.0993038,26.3053198],[94.1001992,26.3071188],[94.1007768,26.3086309],[94.1008345,26.3097519],[94.1000276,26.3118061],[94.0995045,26.312828],[94.0997066,26.3138969],[94.101053,26.3145302],[94.1025117,26.3152296],[94.1031473,26.3165853],[94.1033783,26.3176543],[94.1040428,26.3188536],[94.1050542,26.3199486],[94.1060945,26.3202877],[94.1078285,26.3202879],[94.1096782,26.3199231],[94.1103532,26.3194539],[94.1111047,26.3182809],[94.1120585,26.3179942],[94.1135902,26.3179421],[94.1152953,26.3179422],[94.1171738,26.3178381],[94.1187344,26.3178121],[94.121191,26.3179425],[94.1216822,26.3177601],[94.1220868,26.3181772],[94.1214221,26.3185161],[94.1205231,26.3189428],[94.1200926,26.3194806],[94.1197458,26.3198716],[94.1193701,26.320002],[94.1187921,26.3201844],[94.117954,26.3204452],[94.1172603,26.3212011],[94.1172603,26.3217642],[94.1163354,26.3229373],[94.1149769,26.3239539],[94.1148612,26.325075],[94.1144276,26.3261177],[94.1145143,26.3270823],[94.1150055,26.3284119],[94.1159302,26.3296894],[94.1164105,26.3296413],[94.1172309,26.3295591],[94.1185315,26.3290378],[94.1197455,26.3288032],[94.1213929,26.3290379],[94.122549,26.3296896],[94.1236184,26.3303153],[94.1249191,26.3308106],[94.1261041,26.3309149],[94.1272555,26.3305147],[94.1283828,26.3303583],[94.1299435,26.3309318],[94.1310708,26.3313749],[94.1330363,26.3326001],[94.1341347,26.3335646],[94.1345684,26.3341902],[94.1358113,26.3350765],[94.1369386,26.3357282],[94.1378926,26.3362495],[94.1387308,26.3362755],[94.1401182,26.3360929],[94.140657,26.3356068],[94.1409852,26.3353106],[94.140956,26.3325994],[94.1409967,26.3317323],[94.1410135,26.3313741],[94.1418805,26.3306179],[94.1437014,26.3305656],[94.1450599,26.3305914],[94.1457248,26.3310607],[94.1457538,26.3316863],[94.145877,26.3324125],[94.1475825,26.333455],[94.1495771,26.3340803],[94.1515427,26.3345753],[94.1537105,26.3349138],[94.1553003,26.3348874],[94.1570055,26.3346002],[94.1589422,26.335043],[94.1601925,26.3353205],[94.1609368,26.3354856],[94.1619295,26.3354988],[94.1628734,26.3355113],[94.163625,26.3358239],[94.1650157,26.3366051],[94.1664037,26.3383775],[94.1665728,26.3385807],[94.1671845,26.3393158],[94.167965,26.3393416],[94.1694388,26.3386633],[94.1716353,26.3379587],[94.1735437,26.3394701],[94.1745559,26.3404605],[94.1747298,26.3415293],[94.1747306,26.3428772],[94.1753669,26.343633],[94.1771308,26.3450923],[94.1778539,26.3460826],[94.1775939,26.3464217],[94.1764516,26.3474527],[94.1753111,26.3484821],[94.1738848,26.3492907],[94.1732201,26.3499427],[94.1726134,26.3505946],[94.1705584,26.3506999],[94.1687109,26.3509348],[94.1677277,26.3502051],[94.1677258,26.3501975],[94.1674383,26.3490582],[94.1670621,26.3479894],[94.1659345,26.347703],[94.163911,26.3475211],[94.1620319,26.3471566],[94.1613094,26.347626],[94.1613588,26.3479044],[94.1613962,26.3481148],[94.1611655,26.3499137],[94.1604437,26.3527294],[94.1601551,26.3542937],[94.1614563,26.3553622],[94.161732,26.355551],[94.1629021,26.3563525],[94.1639535,26.3574106],[94.1654282,26.3583487],[94.1673368,26.3597819],[94.168667,26.3605637],[94.1702576,26.3618666],[94.1711252,26.3627527],[94.1715305,26.3637172],[94.1718489,26.3646817],[94.1719939,26.3658418],[94.1719651,26.3662328],[94.1719845,26.3662914],[94.1724573,26.3677186],[94.1726332,26.3680541],[94.1734411,26.3695953],[94.1741066,26.370716],[94.1737888,26.3712636],[94.1728637,26.3717331],[94.1719388,26.3724896],[94.1722284,26.3736521],[94.1726915,26.3747469],[94.1733571,26.3762327],[94.17463,26.3779006],[94.1766263,26.3803961],[94.1775813,26.3820121],[94.1776398,26.3833416],[94.1773514,26.3852187],[94.176803,26.3874779],[94.1764278,26.3888337],[94.1760172,26.39113],[94.1753095,26.3944073],[94.1747789,26.3973647],[94.173981,26.4009359],[94.1738055,26.4017211],[94.1731857,26.4032799],[94.1734077,26.4044388],[94.1739528,26.4056507],[94.1743839,26.406609],[94.1741629,26.4080078],[94.1740087,26.4095107],[94.1734552,26.4118845],[94.1724368,26.4146823],[94.1719052,26.4158414],[94.1720388,26.4171202],[94.1728382,26.4199536],[94.1734595,26.4212722],[94.1746129,26.4227904],[94.1752339,26.4235495],[94.175722,26.4244285],[94.1753676,26.425108],[94.1743483,26.4261874],[94.1723099,26.4288657],[94.1717338,26.429785],[94.1720888,26.4305441],[94.1731977,26.4312632],[94.1740849,26.4322619],[94.1747053,26.4335446],[94.1761255,26.4364215],[94.1767914,26.4382596],[94.1772429,26.4393168],[94.1795887,26.4448097],[94.1799886,26.4463681],[94.1811872,26.4490452],[94.1814538,26.4500841],[94.1818977,26.4510431],[94.1823418,26.4521618],[94.1829193,26.4541997],[94.1832747,26.4552786],[94.1842477,26.4568114],[94.1845174,26.4572363],[94.1852276,26.4584349],[94.185663,26.4587988],[94.1858488,26.4589541],[94.1881111,26.4597924],[94.1893125,26.4600773],[94.1894855,26.4601184],[94.1928123,26.4608761],[94.1940542,26.4612352],[94.1950306,26.4621139],[94.1967169,26.4639114],[94.2000007,26.4665473],[94.2019535,26.4684644],[94.2026636,26.4690636],[94.2025313,26.4701026],[94.2023993,26.4717412],[94.2024887,26.4727802],[94.202557,26.4730116],[94.2030209,26.4745824],[94.2033288,26.4754951],[94.2033639,26.475599],[94.2046655,26.479457],[94.2058214,26.4832528],[94.2066215,26.4854626],[94.207507,26.4864676],[94.2103028,26.489055],[94.2166063,26.4942462],[94.2179407,26.4954717],[94.2180858,26.495605],[94.2191377,26.496571],[94.2212684,26.4981281],[94.2247746,26.4996043],[94.2261629,26.5004504],[94.2282433,26.502029],[94.2325971,26.5042419],[94.2334291,26.5046409],[94.2354347,26.5056026],[94.2366223,26.5061365],[94.2376498,26.5078236],[94.2377035,26.5079117],[94.2379701,26.5083495],[94.2390051,26.5100489],[94.2411385,26.5131106],[94.2411989,26.5131972],[94.2414658,26.5135802],[94.2442457,26.5176792],[94.2454724,26.5202654],[94.2466496,26.5223363],[94.2478862,26.5241215],[94.2481767,26.5244466],[94.2484273,26.5247132],[94.248718,26.5249662],[94.2486823,26.5254535],[94.2483752,26.5264551],[94.2480533,26.5272175],[94.2477114,26.5279347],[94.2478164,26.5282101],[94.2484077,26.5288966],[94.2489187,26.5294701],[94.2503116,26.5311501],[94.2516997,26.5326405],[94.2520257,26.5327582],[94.2524271,26.5327495],[94.2533201,26.5327909],[94.2534703,26.5330979],[94.2535753,26.5333913],[94.2538251,26.5344791],[94.2539582,26.5348362],[94.2555275,26.5390453],[94.2563368,26.5412234],[94.2665642,26.5469802],[94.269032,26.5483691],[94.2690441,26.5483759],[94.2706442,26.5492764],[94.2711154,26.5498454],[94.2711948,26.5507706],[94.2715103,26.5515515],[94.2815144,26.5595732],[94.2815167,26.5595751],[94.2825709,26.560437],[94.2836908,26.5613526],[94.2838213,26.5613978],[94.284263,26.5613169],[94.2844738,26.5612313],[94.2847042,26.5611112],[94.2847851,26.5610691],[94.2849464,26.560153],[94.2845409,26.5598009],[94.2843847,26.5596653],[94.2838735,26.5589113],[94.2837083,26.5583877],[94.2835734,26.5576565],[94.2834539,26.5564831],[94.2832939,26.5557114],[94.2829784,26.5548763],[94.282502,26.5544427],[94.2824571,26.55419],[94.2824574,26.5537297],[94.2825281,26.553292],[94.2825537,26.5526196],[94.2821237,26.5506291],[94.2819584,26.550277],[94.2814824,26.5494644],[94.2812723,26.5486475],[94.2813229,26.5481691],[94.2815641,26.5476954],[94.2819959,26.5473708],[94.2821115,26.5471632],[94.2822974,26.5467256],[94.2824849,26.5460015],[94.2825088,26.545909],[94.2826246,26.54553],[94.2833929,26.5447993],[94.2841408,26.5442944],[94.2849791,26.5438572],[94.2856066,26.5433973],[94.2860736,26.5429779],[94.2861442,26.5425086],[94.2858934,26.542373],[94.2855172,26.5422599],[94.2851459,26.5422146],[94.2841927,26.5421689],[94.2838414,26.5421235],[94.2834453,26.5419654],[94.2824925,26.5412021],[94.2821166,26.5407957],[94.2819411,26.5405925],[94.2818912,26.5402539],[94.2818566,26.5395906],[94.2818826,26.5384849],[94.2819334,26.537632],[94.2817337,26.5364585],[94.281333,26.5356956],[94.2810371,26.5353795],[94.2809622,26.5350636],[94.2810377,26.5347703],[94.2812988,26.5344681],[94.2818513,26.5337735],[94.2820772,26.5334577],[94.2821328,26.5330291],[94.2817322,26.5319728],[94.2814168,26.5312505],[94.2817785,26.5306189],[94.2821902,26.5302266],[94.2827625,26.5297306],[94.2829133,26.5293967],[94.2829137,26.5289906],[94.2827384,26.5284489],[94.2825685,26.5277041],[94.282569,26.5270543],[94.28267,26.526197],[94.2826804,26.5256915],[94.2826054,26.5254884],[94.2823597,26.5252897],[94.2821591,26.5251993],[94.2818332,26.524996],[94.2817331,26.5247929],[94.2817584,26.5244995],[94.2822605,26.5239131],[94.2826824,26.5233313],[94.2830842,26.5226997],[94.2834607,26.5223164],[94.2840379,26.5219557],[94.2842638,26.5217076],[94.2843744,26.5214505],[94.2844953,26.5208007],[94.2846214,26.5199208],[94.284722,26.5195147],[94.2849731,26.5192215],[94.2853746,26.518951],[94.2856206,26.5186984],[94.2859269,26.5183692],[94.2860525,26.5181436],[94.286128,26.5177149],[94.2865613,26.5152241],[94.2865619,26.5144389],[94.2863619,26.5137393],[94.2860415,26.5127733],[94.2858162,26.5123445],[94.2845279,26.5112064],[94.2838359,26.5108855],[94.2833845,26.5107498],[94.2832336,26.5049733],[94.283258,26.5049446],[94.2845678,26.5034041],[94.2848251,26.5031015],[94.2849963,26.5021403],[94.2849512,26.5017923],[94.2848816,26.5012557],[94.28494,26.5004547],[94.2850433,26.4997538],[94.2853648,26.4991583],[94.2859126,26.4977508],[94.2865198,26.4973042],[94.2869864,26.4971059],[94.2877644,26.4961903],[94.2882967,26.4953874],[94.2884075,26.4946879],[94.2884081,26.4939388],[94.2883331,26.4936003],[94.2880126,26.4929682],[94.2880128,26.4926795],[94.2882238,26.4922644],[94.2884547,26.4920118],[94.2886906,26.4917637],[94.2889516,26.4914029],[94.288997,26.4911727],[94.2890423,26.4909426],[94.2890323,26.4907847],[94.2889272,26.4905319],[94.288817,26.4902836],[94.2887922,26.4899903],[94.2888274,26.4898729],[94.2888677,26.4897511],[94.288983,26.4895932],[94.2893494,26.4893317],[94.2895903,26.4891874],[94.2898311,26.4890386],[94.2900619,26.488768],[94.2901223,26.4885063],[94.2901224,26.4883574],[94.2900724,26.4880955],[94.289812,26.4876667],[94.2895515,26.4872378],[94.2894014,26.4868315],[94.2893614,26.4866059],[94.2893615,26.4863893],[94.2894621,26.4860554],[94.2896686,26.4849995],[94.2902762,26.483804],[94.2904169,26.4834204],[94.2904672,26.4831587],[94.2904126,26.4824592],[94.2902225,26.4818363],[94.2901676,26.481705],[94.2900773,26.4814888],[94.2899321,26.4811412],[94.289832,26.4808477],[94.2898121,26.4807124],[94.2897921,26.4805769],[94.2897674,26.4801437],[94.2897476,26.4797149],[94.2899282,26.479539],[94.2904703,26.4790204],[94.2909769,26.4787184],[94.2914284,26.4784929],[94.2918799,26.4782721],[94.2919803,26.4781503],[94.2920807,26.4780285],[94.2922966,26.4775683],[94.2923521,26.47709],[94.2923473,26.4768418],[94.2923374,26.4765981],[94.2922925,26.4764356],[94.2922474,26.4762731],[94.2921222,26.4760113],[94.2919368,26.4758306],[94.2917564,26.4756545],[94.2915911,26.4753972],[94.2915761,26.4753069],[94.2915661,26.4752167],[94.2915863,26.4751445],[94.2916064,26.4750768],[94.2917469,26.4750228],[94.2919772,26.4750938],[94.2922532,26.4751809],[94.2924588,26.4752263],[94.2925289,26.4752398],[94.2925891,26.4752353],[94.2926443,26.4752264],[94.2926945,26.4751586],[94.2930259,26.474509],[94.2930013,26.4737598],[94.2929763,26.4736515],[94.2929564,26.4734665],[94.2929766,26.4732363],[94.293354,26.4714495],[94.2933942,26.4712735],[94.2934345,26.4710975],[94.2936101,26.4708765],[94.2937756,26.4707908],[94.2942572,26.4705338],[94.2944228,26.4704166],[94.2945132,26.4702587],[94.2945284,26.4699293],[94.2945486,26.4695953],[94.2945889,26.4694193],[94.2946492,26.4693562],[94.2947143,26.469293],[94.2948798,26.4692931],[94.2950052,26.4693428],[94.2951305,26.4693971],[94.2952507,26.4695686],[94.2953709,26.4697402],[94.2954912,26.4699117],[94.2955281,26.4699645],[94.2956114,26.4700832],[94.2958118,26.4702143],[94.2960275,26.4701828],[94.2961329,26.4700791],[94.296163,26.4699662],[94.2961932,26.4698489],[94.2961683,26.4695736],[94.2961434,26.4692983],[94.2961253,26.4691017],[94.2961185,26.4690275],[94.2960936,26.4687523],[94.2961038,26.4685763],[94.2961189,26.4684048],[94.2962445,26.4681747],[94.2965003,26.4679943],[94.2968062,26.4679493],[94.2969967,26.4679901],[94.2972073,26.4681436],[94.2985164,26.4674313],[94.2987723,26.467287],[94.299279,26.4668224],[94.2993443,26.46666],[94.2993193,26.4665471],[94.2995102,26.4659831],[94.2996356,26.4658433],[94.300017,26.4652524],[94.3001074,26.46509],[94.3000925,26.4648958],[94.2999372,26.464598],[94.299777,26.4643045],[94.2997671,26.4641872],[94.2997672,26.4639796],[94.2997772,26.4638893],[94.2998476,26.4637675],[94.2999178,26.4636502],[94.3000833,26.463569],[94.3002338,26.4635691],[94.3003842,26.4635692],[94.30073,26.4637183],[94.301081,26.4638674],[94.301497,26.4639398],[94.3016876,26.4638948],[94.3018482,26.4636738],[94.3026754,26.463787],[94.302931,26.4640895],[94.3031966,26.4642296],[94.3035126,26.464162],[94.3036732,26.4638507],[94.3038338,26.4635439],[94.3039844,26.4633725],[94.3042753,26.4632372],[94.3048969,26.4632826],[94.3055186,26.4633236],[94.3056541,26.4632786],[94.3057845,26.4632334],[94.3059501,26.4630034],[94.3060908,26.4625341],[94.3061843,26.4620809],[94.3061913,26.4620468],[94.3062918,26.4615639],[94.3063772,26.4613339],[94.3064676,26.4611037],[94.3065329,26.461009],[94.3067085,26.4607925],[94.3068289,26.4607473],[94.3069492,26.4607023],[94.3071798,26.4607611],[94.30724,26.4608559],[94.3072951,26.4609552],[94.3073699,26.461596],[94.3074041,26.4618873],[94.3074447,26.4622324],[94.30757,26.4624445],[94.3077754,26.4625349],[94.3078757,26.4625304],[94.307976,26.4625259],[94.3081315,26.4624222],[94.3084275,26.4620343],[94.3087236,26.4616463],[94.3089794,26.4613937],[94.3098521,26.4608796],[94.3104489,26.4606046],[94.3110458,26.4603341],[94.3110701,26.4603293],[94.3115522,26.460235],[94.3117628,26.4602622],[94.3122892,26.4603391],[94.3126051,26.4603844],[94.3129862,26.4603756],[94.3131667,26.4603079],[94.3133422,26.4602358],[94.3137787,26.4598117],[94.3142151,26.4593832],[94.314506,26.459099],[94.3147969,26.4588194],[94.3152935,26.4583863],[94.3155393,26.4582465],[94.3155754,26.458226],[94.315785,26.4581068],[94.3162062,26.4582152],[94.3166223,26.4583237],[94.3168527,26.4585224],[94.3169179,26.4586848],[94.316978,26.4588428],[94.3170128,26.4591722],[94.3169474,26.4597679],[94.3168769,26.4603636],[94.3169018,26.4608239],[94.3170671,26.4612618],[94.3174178,26.4617719],[94.3177735,26.4622774],[94.3180039,26.4625934],[94.3181492,26.4628462],[94.3182946,26.4631036],[94.3183595,26.4634149],[94.3184196,26.4637219],[94.3184093,26.4642634],[94.318394,26.4648004],[94.3184039,26.4651525],[94.3184439,26.4652788],[94.3185692,26.4653555],[94.3186995,26.4654278],[94.3189402,26.465464],[94.3191808,26.4654957],[94.3193212,26.4654913],[94.3194566,26.4654868],[94.3196815,26.465429],[94.3200719,26.4652077],[94.3200828,26.4651991],[94.3205685,26.4648151],[94.3207023,26.4647724],[94.320862,26.4647841],[94.3211469,26.464932],[94.3217553,26.4653561],[94.3219805,26.465513],[94.3221445,26.4655519],[94.3223171,26.4655248],[94.3229301,26.4653617],[94.3234096,26.4653339],[94.3237032,26.4653768],[94.3238023,26.465439],[94.3238498,26.465513],[94.3238584,26.4655869],[94.3237461,26.4658085],[94.3231218,26.4672386],[94.3228582,26.4678763],[94.3221654,26.4691328],[94.3214982,26.4703229],[94.3214502,26.4704087],[94.3213595,26.4706389],[94.3212772,26.471016],[94.3213116,26.4712572],[94.3213737,26.4713524],[94.3214713,26.4715023],[94.3217482,26.4717212],[94.3224041,26.4721181],[94.3225637,26.4722543],[94.3225982,26.4723437],[94.322568,26.4724448],[94.3224471,26.4725225],[94.3221535,26.4725963],[94.3214874,26.4726678],[94.3209565,26.4727726],[94.3204341,26.4729669],[94.3202467,26.4730593],[94.3198796,26.4734209],[94.3196637,26.4737358],[94.3195836,26.4739543],[94.3195576,26.474211],[94.3196179,26.4744755],[94.3198657,26.474853],[94.3202842,26.4752187],[94.32092,26.475519],[94.3215977,26.4756593],[94.3215992,26.4756594],[94.3222986,26.4757182],[94.3234512,26.4756447],[94.325108,26.4753763],[94.3256822,26.4753065],[94.3260794,26.4752949],[94.326347,26.4753495],[94.3264721,26.475439],[94.3265497,26.4755596],[94.3265583,26.4757501],[94.3265062,26.476524],[94.3264206,26.4776911],[94.3263453,26.4783973],[94.3260902,26.4793454],[94.3260513,26.4794901],[94.3255905,26.4808504],[94.3254107,26.4815605],[94.325415,26.4817511],[94.3255228,26.4819495],[94.3258508,26.4821984],[94.3261745,26.4822997],[94.3265458,26.4823426],[94.3268221,26.4823155],[94.3272304,26.4820253],[94.3279862,26.48117],[94.3286528,26.4804181],[94.3286742,26.4804002],[94.329233,26.4799341],[94.3295871,26.4797398],[94.3300645,26.479548],[94.3304142,26.4794975],[94.3306818,26.4794898],[94.3309192,26.4795676],[94.3311265,26.4797077],[94.3313681,26.480015],[94.3316313,26.4804117],[94.3318085,26.4805611],[94.3320027,26.4805845],[94.3321841,26.4805301],[94.3324994,26.4802385],[94.3329198,26.4796873],[94.3331185,26.4795007],[94.3333128,26.4793685],[94.3336048,26.4792946],[94.3339372,26.4793258],[94.3344681,26.4795826],[94.335137,26.480069],[94.3354997,26.4803842],[94.3356508,26.4805748],[94.3357241,26.4807849],[94.3358707,26.4814888],[94.3359846,26.4818182],[94.336114,26.4819543],[94.3363126,26.4820516],[94.3366924,26.4820401],[94.336999,26.4819468],[94.337638,26.4815153],[94.3387046,26.4806789],[94.3389205,26.4805313],[94.3391061,26.480473],[94.3392702,26.4804613],[94.3394428,26.4804964],[94.3396932,26.480652],[94.3401454,26.4811341],[94.3409572,26.4823905],[94.3410435,26.4826978],[94.3410952,26.4831723],[94.3410749,26.4834634],[94.3408674,26.4842411],[94.3407818,26.4845856],[94.3407213,26.4850133],[94.3407427,26.48534],[94.3408083,26.4855361],[94.3409681,26.4857618],[94.3411839,26.4859018],[94.3413695,26.4859096],[94.3415206,26.4858707],[94.3417236,26.4857424],[94.3424059,26.4850115],[94.3428481,26.484538],[94.343064,26.4844058],[94.3432496,26.4843826],[94.3434051,26.4843982],[94.343582,26.4844838],[94.3438626,26.4847054],[94.3443349,26.485321],[94.3445419,26.4856594],[94.3446628,26.4859978],[94.3447447,26.4863828],[94.344765,26.4870867],[94.3447218,26.4872812],[94.3446471,26.4876234],[94.3445389,26.4881197],[94.3444999,26.4883919],[94.3445602,26.4886408],[94.3446897,26.4887536],[94.344884,26.4887809],[94.3450136,26.488742],[94.3451474,26.4886253],[94.3452597,26.4884581],[94.3454251,26.4879738],[94.3455838,26.4875093],[94.3458074,26.4867076],[94.3458895,26.4865054],[94.3460277,26.4862954],[94.3461918,26.4861399],[94.3463559,26.4860349],[94.346589,26.4859844],[94.3468567,26.4860039],[94.3470812,26.4860661],[94.3473019,26.4862425],[94.3478284,26.4868532],[94.3490212,26.4886064],[94.3492931,26.4890303],[94.3494269,26.4892676],[94.3494681,26.4895053],[94.3494593,26.489762],[94.349386,26.4899565],[94.3491674,26.4904038],[94.3491113,26.4906683],[94.3491544,26.4909016],[94.3492709,26.4910961],[94.3495041,26.4912362],[94.3498538,26.4912712],[94.3502122,26.4912246],[94.3507015,26.4910175],[94.3510253,26.490726],[94.3513536,26.490271],[94.3515867,26.4900065],[94.351807,26.4898549],[94.3521612,26.4897709],[94.3524375,26.4897748],[94.3526146,26.4898565],[94.3528476,26.4900588],[94.352934,26.4902455],[94.3529727,26.490545],[94.3529166,26.4907977],[94.3528259,26.4909338],[94.3526877,26.491031],[94.3523552,26.4912371],[94.35171,26.4914801],[94.3510667,26.4918494],[94.3503482,26.4923112],[94.3501064,26.4924278],[94.3496833,26.4925366],[94.3493206,26.4925599],[94.3489629,26.4924938],[94.3484793,26.4923692],[94.3478405,26.4920347],[94.3475238,26.4918467],[94.3472862,26.4917921],[94.346997,26.4917882],[94.3467854,26.4918698],[94.3466471,26.4920731],[94.3466254,26.4922753],[94.3466685,26.4924347],[94.3468196,26.4926525],[94.3470614,26.4928509],[94.3477132,26.4930883],[94.3486327,26.4932365],[94.3492025,26.4934933],[94.3494701,26.4937734],[94.3496255,26.494104],[94.3496388,26.4944003],[94.3494184,26.4953881],[94.3494026,26.4957442],[94.3494211,26.4958593],[94.3494457,26.4960125],[94.3495666,26.4962614],[94.3497793,26.4964666],[94.3500066,26.4966856],[94.3507491,26.4972613],[94.3519775,26.4981051],[94.3524605,26.4984886],[94.3527238,26.4987959],[94.3529267,26.4990954],[94.3529612,26.4992821],[94.3529396,26.4994804],[94.3528359,26.4996554],[94.3520388,26.5006121],[94.3510676,26.5018772],[94.3506412,26.5024232],[94.3502298,26.5027073],[94.3493871,26.5029057],[94.3491096,26.5028968],[94.3489658,26.5028922],[94.348379,26.5029326],[94.3479074,26.5030363],[94.3476315,26.5031988],[94.3474509,26.5035417],[94.3474809,26.5040698],[94.3477918,26.5044579],[94.3482231,26.504643],[94.348855,26.5047243],[94.3496226,26.5046432],[94.3504351,26.5043997],[94.3509768,26.5042553],[94.3517694,26.5042329],[94.3521957,26.504233],[94.3526924,26.5040525],[94.3535752,26.5033804],[94.3538461,26.5031185],[94.3542072,26.5030554],[94.3547289,26.503218],[94.3555864,26.5037867],[94.3564239,26.5044593],[94.3574823,26.5051769],[94.3574929,26.5051779],[94.3583399,26.5052582],[94.3599501,26.5046988],[94.3603864,26.5047034],[94.361179,26.5049246],[94.3627137,26.5056603],[94.36312,26.5056377],[94.3634612,26.5054979],[94.3635313,26.5053715],[94.3636869,26.5050467],[94.3638925,26.5043382],[94.3640781,26.5039004],[94.3645898,26.5036027],[94.3656281,26.503544],[94.3665961,26.5037201],[94.3670826,26.5041624],[94.3680656,26.5057599],[94.3684268,26.505963],[94.3687678,26.5059631],[94.3689685,26.5058006],[94.3690086,26.5053178],[94.3690688,26.5049612],[94.369144,26.504731],[94.3693247,26.5046589],[94.3696407,26.5048169],[94.3707341,26.5054125],[94.3715918,26.5057195],[94.3721736,26.5060444],[94.3730564,26.5068793],[94.3735781,26.5071636],[94.3743456,26.5073983],[94.3745612,26.50766],[94.3746816,26.5080797],[94.3746815,26.5084453],[94.3743856,26.509059],[94.3739542,26.5093839],[94.3734075,26.5097811],[94.3733272,26.5100563],[94.3735028,26.5105437],[94.373894,26.5111079],[94.3737556,26.5113826],[94.3737235,26.5114463],[94.3722788,26.512931],[94.3715816,26.513635],[94.3713758,26.5140728],[94.3713006,26.5144293],[94.3715615,26.5149799],[94.3721233,26.5152009],[94.3725296,26.5151604],[94.3730964,26.5149393],[94.3735679,26.5142668],[94.3740896,26.5135945],[94.374792,26.5128634],[94.3750829,26.5128227],[94.3759858,26.5134139],[94.3762566,26.51382],[94.3763017,26.5144293],[94.3762115,26.5151604],[94.3760761,26.5156704],[94.3758905,26.5158599],[94.3751531,26.5159546],[94.3743154,26.5160991],[94.3737736,26.5163022],[94.3735428,26.5166135],[94.3733623,26.5171055],[94.3733623,26.5175703],[94.3734576,26.5179177],[94.3739091,26.5181615],[94.3740624,26.5181483],[94.3753286,26.5180396],[94.3756548,26.5181795],[94.3757601,26.518545],[94.3757952,26.519055],[94.3757351,26.5202193],[94.3758696,26.521242],[94.3758806,26.521325],[94.3761413,26.5217808],[94.3765929,26.5220065],[94.3769993,26.5219432],[94.3770291,26.5219081],[94.3775861,26.5212527],[94.3779273,26.5210903],[94.3781981,26.5211715],[94.3785593,26.5214964],[94.3792266,26.5222636],[94.3794324,26.5227509],[94.3795709,26.5233682],[94.379638,26.5236671],[94.3798337,26.5243845],[94.3803605,26.525233],[94.3809475,26.5258015],[94.3816951,26.5260859],[94.3823271,26.5260633],[94.382894,26.5258602],[94.3832732,26.5254948],[94.3835261,26.5252509],[94.3839525,26.5251697],[94.3845144,26.5253231],[94.3851966,26.5257788],[94.3858038,26.5263653],[94.3862204,26.5280215],[94.3862354,26.5285993],[94.3859395,26.5292897],[94.3855082,26.529917],[94.3853075,26.5303051],[94.385443,26.5305307],[94.3858493,26.530612],[94.3864163,26.5304495],[94.3875198,26.5291452],[94.3883621,26.5284176],[94.3886484,26.5281703],[94.3895965,26.5270329],[94.3900029,26.5269065],[94.3905297,26.5272134],[94.3906602,26.5274976],[94.390871,26.5280933],[94.390871,26.5282902],[94.3908712,26.5293795],[94.3910468,26.5299617],[94.3914181,26.5303542],[94.3919498,26.5303271],[94.3923111,26.5302051],[94.392602,26.5297764],[94.3926169,26.5285309],[94.3927623,26.5279441],[94.3932588,26.5273755],[94.3936451,26.5271543],[94.3945231,26.5270729],[94.3951552,26.5270729],[94.3957672,26.5273345],[94.3959729,26.5276414],[94.3960834,26.5280656],[94.3962189,26.5285168],[94.396311,26.5286317],[94.3964648,26.5288236],[94.3973479,26.5293877],[94.3975537,26.5296312],[94.3975939,26.5298841],[94.3974636,26.5302812],[94.3971224,26.5306062],[94.3966208,26.5309881],[94.3966181,26.5309902],[94.3965356,26.531053],[94.3958785,26.5316443],[94.3954219,26.5321904],[94.3951562,26.5328945],[94.3952466,26.5336075],[94.3955628,26.5340136],[94.3969426,26.5347851],[94.398187,26.5352541],[94.3988191,26.5351503],[94.3994355,26.5347581],[94.3998124,26.5345183],[94.4004445,26.5341346],[94.4005983,26.534141],[94.400876,26.5341526],[94.4010115,26.5345587],[94.4007858,26.5351906],[94.4004549,26.5355607],[94.4000385,26.5359037],[94.3990501,26.5365385],[94.3985486,26.5368607],[94.3980519,26.5374069],[94.3977711,26.5380748],[94.3977712,26.5386208],[94.397997,26.5390541],[94.3984425,26.5393459],[94.3994222,26.539988],[94.3998989,26.5402992],[94.4004608,26.5400645],[94.4012986,26.5395769],[94.4019106,26.5393918],[94.4024073,26.5394143],[94.4026533,26.5394729],[94.4028791,26.5398384],[94.4029244,26.5402851],[94.4028593,26.5408584],[94.402724,26.5413457],[94.4024532,26.54177],[94.402112,26.542077],[94.4017308,26.5421402],[94.4012089,26.5420771],[94.4004612,26.5416305],[94.4000998,26.5415267],[94.3997637,26.5416487],[94.3994176,26.54173],[94.3987904,26.5416894],[94.3979525,26.5415677],[94.3974809,26.5415678],[94.3969391,26.5420372],[94.3966431,26.5424254],[94.396598,26.5427097],[94.3967335,26.5429714],[94.3972705,26.5431248],[94.3992221,26.5428492],[94.4005266,26.5426909],[94.4011137,26.5428895],[94.4016808,26.5434218],[94.4022273,26.5443105],[94.4024689,26.5447033],[94.4026497,26.5450689],[94.4030812,26.5452538],[94.4035328,26.5452312],[94.4043323,26.5445496],[94.4048672,26.5440937],[94.4052485,26.5438498],[94.4058155,26.5438272],[94.4061566,26.5440301],[94.4064229,26.5451674],[94.4063528,26.545596],[94.4062023,26.5458398],[94.405249,26.5461063],[94.4048328,26.5466099],[94.4047976,26.5466524],[94.4042557,26.5470135],[94.4029663,26.5471943],[94.4015966,26.5478084],[94.4013507,26.5480476],[94.4012254,26.5482823],[94.4012807,26.5485891],[94.4016772,26.5489456],[94.4039402,26.5489225],[94.4046176,26.5488637],[94.4053199,26.5486605],[94.4058769,26.548719],[94.4061078,26.5488228],[94.4062735,26.5491883],[94.406048,26.5504519],[94.405727,26.5510341],[94.4050046,26.5514585],[94.4046585,26.5518784],[94.4046887,26.5525597],[94.4048176,26.55287],[94.4051105,26.553575],[94.4051407,26.5538322],[94.4049802,26.5541978],[94.4047996,26.5543017],[94.4044383,26.554383],[94.4040519,26.5543831],[94.4027622,26.5541577],[94.4023157,26.5541803],[94.4021099,26.5542616],[94.4019997,26.5546678],[94.4023611,26.5551957],[94.4028779,26.5555206],[94.4034451,26.5555836],[94.4043282,26.555254],[94.4049153,26.5551546],[94.4060192,26.5554613],[94.406476,26.5557544],[94.4065263,26.5562824],[94.4063173,26.5566272],[94.4062254,26.5567789],[94.4057487,26.5571265],[94.4048782,26.5573606],[94.4044893,26.5574652],[94.4039173,26.5577361],[94.4034206,26.5582733],[94.4034459,26.5588464],[94.403757,26.5591894],[94.4043744,26.5592569],[94.4052744,26.5592921],[94.4058648,26.5593152],[94.4063866,26.5594775],[94.4070392,26.5597843],[94.4073354,26.5603303],[94.4074007,26.5608628],[94.407155,26.5613683],[94.4068389,26.5616752],[94.406568,26.5618558],[94.4059107,26.5617566],[94.4057653,26.5616855],[94.4049519,26.5612875],[94.4043899,26.5611928],[94.4041089,26.5614276],[94.4042044,26.5617344],[94.4047564,26.5621044],[94.4056397,26.5623073],[94.4060663,26.5624877],[94.4062069,26.5627134],[94.4061669,26.5631014],[94.4060901,26.5632689],[94.4060014,26.5634625],[94.4059463,26.5640311],[94.4060773,26.5655971],[94.4060925,26.5663823],[94.4058669,26.5674518],[94.4058471,26.567876],[94.406068,26.5683679],[94.4067106,26.5691349],[94.4073483,26.5702314],[94.4081314,26.5709353],[94.4091904,26.571454],[94.4096986,26.57158],[94.4105908,26.5718012],[94.4112484,26.5721484],[94.4114744,26.5726764],[94.4114998,26.5734887],[94.4113344,26.5743823],[94.4110434,26.5746847],[94.4107112,26.5749235],[94.4101201,26.5753483],[94.4098291,26.5756914],[94.409779,26.576093],[94.4099349,26.5765172],[94.4101556,26.576648],[94.4106626,26.5766117],[94.4111894,26.5765023],[94.4117065,26.5763949],[94.4124291,26.576327],[94.4130466,26.5765119],[94.4133478,26.5768503],[94.4133831,26.5771887],[94.4131975,26.5777258],[94.4127962,26.5782855],[94.412154,26.5788948],[94.4116322,26.5794275],[94.4116134,26.5795821],[94.4115871,26.5797977],[94.4123007,26.5824239],[94.4122005,26.5829654],[94.4119345,26.5831009],[94.4111114,26.5832907],[94.4100727,26.5841393],[94.4095911,26.5848344],[94.4094909,26.5857685],[94.4095265,26.5872037],[94.4093811,26.5877046],[94.4086031,26.5877725],[94.40782,26.5877728],[94.4074888,26.5879037],[94.4074137,26.588373],[94.407425,26.5884921],[94.4074892,26.5891717],[94.4078962,26.5904397],[94.4078964,26.591243],[94.4076707,26.5916266],[94.4069328,26.5915592],[94.4060191,26.5914556],[94.4053717,26.5918619],[94.4048148,26.5926969],[94.4043331,26.5933965],[94.4038864,26.5936312],[94.4034045,26.5936312],[94.4021796,26.5934646],[94.4018835,26.5935639],[94.401698,26.5948321],[94.4017735,26.5954683],[94.4022555,26.5960324],[94.4024063,26.5966325],[94.4024063,26.5970342],[94.4021806,26.5977337],[94.401995,26.5981715],[94.4019249,26.5986724],[94.4020153,26.5990786],[94.4021961,26.5994441],[94.4026631,26.6000757],[94.4032206,26.6007797],[94.4032307,26.6012535],[94.4029598,26.6018221],[94.4026136,26.6025308],[94.4025886,26.6031264],[94.4027744,26.6034603],[94.4034371,26.6036452],[94.404667,26.60369],[94.4050737,26.6038931],[94.4053153,26.6042768],[94.405355,26.6043398],[94.4055562,26.605626],[94.4050345,26.6073319],[94.404337,26.6082661],[94.4040008,26.6089973],[94.403982,26.6091813],[94.4039775,26.6092246],[94.4039747,26.6092525],[94.4039256,26.6097329],[94.4037752,26.6103016],[94.4035142,26.6105317],[94.4029218,26.610568],[94.4034484,26.6112087],[94.4042683,26.6118182],[94.406382,26.6124495],[94.4089521,26.6128297],[94.412638,26.6136483],[94.4146465,26.6142526],[94.4175387,26.615082],[94.4198786,26.6159523],[94.4219222,26.6164526],[94.4230721,26.6168492],[94.4245934,26.6169841],[94.4257433,26.6171507],[94.4290325,26.618571],[94.4308506,26.6197752],[94.4322216,26.620438],[94.4356015,26.6220387],[94.4386454,26.6240771],[94.443644,26.628565],[94.4463871,26.6310412],[94.4483368,26.6331295],[94.4498698,26.6355115],[94.4505771,26.635416],[94.4512204,26.6360565],[94.4512757,26.6362911],[94.4517427,26.6363405],[94.4520388,26.636056],[94.4522445,26.6356902],[94.4524851,26.6351215],[94.4525801,26.6344537],[94.4527255,26.6340656],[94.4530217,26.6340156],[94.4533029,26.6340516],[94.453544,26.6342004],[94.4536396,26.6344847],[94.4538258,26.6349358],[94.454047,26.6353871],[94.4543635,26.6356531],[94.4545895,26.6357387],[94.4549058,26.6357205],[94.4551468,26.6354722],[94.4549958,26.6351202],[94.4549045,26.6337799],[94.454844,26.6335137],[94.4547736,26.6332475],[94.4544369,26.6328957],[94.4539547,26.6326477],[94.4537136,26.6325622],[94.4536725,26.6325318],[94.4534875,26.6323954],[94.4534522,26.6321968],[94.4534672,26.6320434],[94.4535977,26.6319441],[94.4540094,26.6318579],[94.454642,26.6317764],[94.4551443,26.6318438],[94.4567817,26.6324792],[94.4576358,26.6332143],[94.4595643,26.633511],[94.4598605,26.6334927],[94.4604378,26.6332758],[94.4609298,26.6329271],[94.4613111,26.632657],[94.4619034,26.6323542],[94.4624255,26.632372],[94.4626667,26.6325253],[94.4627974,26.6327734],[94.4630942,26.6333237],[94.4633204,26.6335583],[94.4636718,26.6335942],[94.463953,26.633558],[94.4644556,26.6332331],[94.4647115,26.6330208],[94.4652236,26.6329302],[94.4654949,26.633061],[94.4653495,26.6333454],[94.4648125,26.6337654],[94.4634976,26.6346597],[94.4622127,26.6354413],[94.4616237,26.6357847],[94.4598034,26.6368462],[94.459608,26.6374149],[94.4596539,26.6383987],[94.4594138,26.6395406],[94.4592939,26.6404162],[94.4593199,26.6417067],[94.4591949,26.6424289],[94.4591255,26.643688],[94.4590759,26.6446086],[94.45876,26.6451368],[94.4581278,26.6459224],[94.457812,26.6467349],[94.4575914,26.6472359],[94.4569024,26.6479598],[94.4563521,26.6487485],[94.4542892,26.6504509],[94.4533659,26.6517196],[94.4531456,26.65255],[94.4531437,26.6525717],[94.4531356,26.6526674],[94.4533871,26.6533486],[94.4541007,26.6539078],[94.4549394,26.6538532],[94.4568006,26.6536871],[94.4568509,26.6536826],[94.4584497,26.6535398],[94.4590397,26.6566398],[94.4594723,26.6586803],[94.4596596,26.6595636],[94.4599417,26.6607774],[94.4602839,26.6616301],[94.4610415,26.6621171],[94.4612236,26.6622342],[94.4619924,26.6625316],[94.4627358,26.6626034],[94.463439,26.6626616],[94.464519,26.6627918],[94.4656543,26.6629941],[94.4659658,26.6631067],[94.467202,26.6638867],[94.4676392,26.6641255],[94.4679707,26.6641659],[94.4686135,26.6640347],[94.4697081,26.6635871],[94.4700999,26.663623],[94.4714667,26.6643125],[94.4722554,26.6645511],[94.472793,26.6646456],[94.4739934,26.6646628],[94.4745108,26.6647346],[94.4749079,26.6650547],[94.4754155,26.6653928],[94.4767018,26.6658658],[94.4780131,26.6662303],[94.479299,26.6663692],[94.4800177,26.6667614],[94.4809876,26.6672931],[94.4823038,26.6674636],[94.4850567,26.6678541],[94.485996,26.6679076],[94.4865433,26.6676679],[94.4879187,26.6667101],[94.4890783,26.666091],[94.4895455,26.6660635],[94.4904848,26.666144],[94.4910473,26.6662022],[94.4920515,26.6657501],[94.4926744,26.6658894],[94.4933028,26.6663989],[94.4938359,26.6669851],[94.4945246,26.6675486],[94.496842,26.6688446],[94.4977311,26.6694292],[94.4987495,26.6705582],[94.4994522,26.6711364],[94.5001165,26.6714119],[94.5001501,26.6714258],[94.5009081,26.6718191],[94.5014652,26.6722935],[94.5019016,26.6728174],[94.5022226,26.6734223],[94.5028335,26.6751829],[94.5034151,26.6761265],[94.5043781,26.6776797],[94.504699,26.6781764],[94.5051355,26.6786507],[94.5052155,26.6787032],[94.5056927,26.6790166],[94.507124,26.6794104],[94.5079375,26.6797269],[94.5090471,26.6802288],[94.509684,26.6813169],[94.5097388,26.6818673],[94.5095373,26.6823682],[94.5092152,26.6829456],[94.5088933,26.6833876],[94.508511,26.6839153],[94.5083097,26.6842536],[94.5082189,26.6845694],[94.5081884,26.6849393],[94.5082483,26.6853049],[94.5084541,26.6853863],[94.5086852,26.6854632],[94.5090067,26.6855176],[94.5093282,26.6854232],[94.510379,26.6847697],[94.51143,26.6835611],[94.5120437,26.6827763],[94.5121235,26.6825041],[94.512336,26.6817793],[94.5123965,26.6815718],[94.5123915,26.6814589],[94.5123668,26.6810979],[94.5122266,26.6806465],[94.5132921,26.6800923],[94.5133776,26.6800788],[94.5134578,26.6800787],[94.5135683,26.6801555],[94.5136536,26.680264],[94.5140199,26.6808238],[94.5146824,26.6814155],[94.5152045,26.6817273],[94.5155059,26.6817818],[94.5159128,26.6818361],[94.516174,26.6817731],[94.5165962,26.68162],[94.5167973,26.6815344],[94.5168725,26.681512],[94.5170032,26.6815121],[94.5171688,26.6816115],[94.5175805,26.6819323],[94.5178465,26.682307],[94.5180118,26.6827178],[94.5181067,26.6832097],[94.5184322,26.6844916],[94.5184872,26.6845774],[94.5185371,26.6851009],[94.5185467,26.6856063],[94.5185363,26.6858771],[94.5184255,26.686202],[94.5181639,26.6865989],[94.5178873,26.6869326],[94.5177213,26.687113],[94.5176862,26.6872213],[94.517696,26.6873205],[94.5181881,26.6876775],[94.5187002,26.6880342],[94.5190265,26.6882918],[94.5192272,26.6885085],[94.5193827,26.6887433],[94.5194177,26.6889149],[94.5194174,26.6892307],[94.5192963,26.6897542],[94.5192357,26.6901421],[94.5192606,26.6904716],[94.5193456,26.6909455],[94.5194658,26.6913969],[94.5195957,26.6920107],[94.5196205,26.6923717],[94.5196202,26.6927056],[94.5195798,26.6928771],[94.5195245,26.6930486],[94.5200464,26.6937485],[94.5207541,26.6943718],[94.5207635,26.695166],[94.520371,26.6958201],[94.5202954,26.6960908],[94.5202142,26.6969932],[94.5201784,26.6976521],[94.5201629,26.6980943],[94.5205339,26.698979],[94.5206192,26.6991281],[94.5206996,26.6992139],[94.5216143,26.6989302],[94.5218303,26.6988537],[94.5220465,26.6987003],[94.5221823,26.6985245],[94.5221887,26.698513],[94.5222981,26.698317],[94.5223284,26.6981364],[94.5223386,26.6978838],[94.5223592,26.6973784],[94.5224298,26.6971754],[94.5225454,26.6970355],[94.5227213,26.6969094],[94.5228521,26.6968282],[94.5236956,26.695626],[94.5242096,26.6957596],[94.5243397,26.6961974],[94.5247147,26.6969437],[94.5249567,26.6974253],[94.5261213,26.6986266],[94.5264843,26.6989026],[94.5265431,26.6989473],[94.5272914,26.6993268],[94.5280698,26.6997064],[94.5288132,26.6999732],[94.5298227,26.7002943],[94.5316765,26.7006972],[94.5322291,26.700711],[94.5335953,26.7013076],[94.5350415,26.7022111],[94.5359551,26.70343],[94.5364811,26.7042034],[94.5364958,26.704225],[94.5369439,26.7048838],[94.5378577,26.7056244],[94.5392642,26.7061849],[94.5405053,26.7061901],[94.540837,26.7061858],[94.5410788,26.7060951],[94.5426161,26.7055189],[94.5441891,26.705222],[94.5451915,26.7052262],[94.5466443,26.7058124],[94.5479054,26.7063213],[94.548044,26.7054735],[94.5481386,26.7048948],[94.5485817,26.7034012],[94.5489087,26.7028193],[94.5493663,26.7023367],[94.5503042,26.7017157],[94.5510042,26.7022879],[94.5530481,26.7038955],[94.5544495,26.7047762],[94.5550321,26.7050653],[94.555424,26.7051557],[94.5560419,26.7052733],[94.5565293,26.7053322],[94.5571825,26.7053325],[94.5576046,26.7052425],[94.5581223,26.7051254],[94.5591322,26.7050988],[94.5599762,26.7051579],[94.5608557,26.7049236],[94.5611823,26.704838],[94.5615391,26.7048381],[94.562157,26.7050143],[94.5623529,26.7050686],[94.5623631,26.7048566],[94.5618867,26.7032814],[94.5616007,26.7024149],[94.5613806,26.7019656],[94.5612645,26.7017288],[94.561119,26.7012458],[94.5610087,26.7008125],[94.5609786,26.7005553],[94.5611497,26.7001988],[94.5615099,26.6998613],[94.5617178,26.6996666],[94.5622004,26.6991569],[94.5623111,26.6988275],[94.5623667,26.6982183],[94.5624833,26.6964358],[94.5624285,26.6955287],[94.5622831,26.6948382],[94.5620325,26.6939987],[94.5618066,26.6933127],[94.5607784,26.6904015],[94.5599507,26.6882034],[94.559725,26.6877483],[94.5597168,26.6877318],[94.5594538,26.6872014],[94.559389,26.6864342],[94.5595851,26.6860868],[94.5609015,26.6857488],[94.5616502,26.6856003],[94.562228,26.6851177],[94.5625198,26.6845989],[94.5627259,26.6843734],[94.5630977,26.6842652],[94.5634292,26.6842653],[94.5636753,26.6843737],[94.5640923,26.6845229],[94.5642976,26.6845704],[94.5644237,26.6845997],[94.5647554,26.684523],[94.5651273,26.6843021],[94.5654989,26.6840767],[94.5657905,26.6838556],[94.5662026,26.6836302],[94.566494,26.6835581],[94.5670968,26.6835313],[94.5672776,26.683608],[94.5673631,26.6836848],[94.5675388,26.6838654],[94.5675589,26.683888],[94.5678249,26.6842852],[94.5681813,26.6848403],[94.5684022,26.6852286],[94.5686332,26.6856077],[94.5687089,26.6857008],[94.5687404,26.6857394],[94.5690449,26.6861134],[94.569306,26.686285],[94.5696827,26.6863842],[94.5702705,26.6863756],[94.5710944,26.6864211],[94.5713706,26.6864707],[94.5715164,26.6865294],[94.5715715,26.6866423],[94.571496,26.6867596],[94.571094,26.6869986],[94.5701794,26.6875262],[94.569898,26.6876751],[94.5697573,26.6877336],[94.5696016,26.6877427],[94.5693354,26.6876162],[94.5690793,26.6874762],[94.5687829,26.6873046],[94.5682856,26.6871645],[94.5680094,26.6871373],[94.5677532,26.6871643],[94.5676325,26.6872545],[94.5674666,26.6874756],[94.5673661,26.6876831],[94.5673309,26.6878997],[94.567245,26.6886487],[94.5665963,26.6898264],[94.5669025,26.6905937],[94.5674443,26.6917852],[94.5676851,26.692575],[94.5678759,26.6929226],[94.5679613,26.693022],[94.5681973,26.693171],[94.568539,26.6933607],[94.5691919,26.693618],[94.5706184,26.6940474],[94.5714474,26.6942959],[94.5717789,26.6944269],[94.5720853,26.6945714],[94.5726076,26.6950094],[94.5730044,26.6954247],[94.5733156,26.6959528],[94.573657,26.6964402],[94.5741191,26.6968691],[94.5750682,26.6976863],[94.5755403,26.6981738],[94.5758717,26.6986116],[94.576148,26.6991398],[94.5765796,26.6999657],[94.5768558,26.7003134],[94.5771119,26.7005436],[94.5773229,26.700661],[94.5776646,26.7007512],[94.5780063,26.7007514],[94.5784534,26.7006838],[94.5791269,26.7005125],[94.5792469,26.7004522],[94.5794585,26.7003458],[94.579966,26.6999849],[94.5802927,26.6996285],[94.5807352,26.6988751],[94.5813032,26.6979862],[94.5816349,26.6976975],[94.5818762,26.6975485],[94.5821978,26.6974494],[94.582464,26.6973908],[94.5826952,26.6973999],[94.5834186,26.6975986],[94.584127,26.6978877],[94.5843278,26.6980277],[94.5846845,26.6981946],[94.5847072,26.6982008],[94.5850161,26.698285],[94.5853828,26.6982942],[94.5862571,26.6980868],[94.586598,26.6979161],[94.5866893,26.6978703],[94.5873274,26.6975501],[94.5881415,26.6971756],[94.5895033,26.6966977],[94.5898601,26.6966166],[94.5901364,26.6966077],[94.5904128,26.6966258],[94.590699,26.6967161],[94.5914275,26.6970051],[94.5921861,26.6972941],[94.5926533,26.6973438],[94.5930502,26.6973439],[94.5933818,26.6972854],[94.5935927,26.6972087],[94.5937938,26.697177],[94.5938792,26.6971951],[94.5939042,26.697326],[94.5938388,26.6975245],[94.5936831,26.6978223],[94.5935172,26.6980344],[94.5933514,26.6982194],[94.592286,26.6989954],[94.5917985,26.6994827],[94.5916679,26.6996632],[94.5915774,26.6998526],[94.5915321,26.7001595],[94.5916878,26.7003807],[94.5918987,26.7005612],[94.5923057,26.7006876],[94.5931446,26.7008999],[94.5938682,26.7011663],[94.5941444,26.7013966],[94.5943101,26.7016674],[94.5943853,26.7019246],[94.5944406,26.702263],[94.5944305,26.7024525],[94.5942997,26.7027684],[94.5940535,26.7031655],[94.593566,26.7036935],[94.5931589,26.7040815],[94.5927719,26.7044017],[94.5926512,26.7045641],[94.5925858,26.7046906],[94.5925154,26.7049614],[94.5925856,26.7055751],[94.5928267,26.7064009],[94.5928817,26.706771],[94.5928715,26.7075878],[94.5929014,26.7082467],[94.593047,26.7089191],[94.5930566,26.7103451],[94.5930465,26.7109003],[94.5931367,26.7115094],[94.5933777,26.7122631],[94.5934077,26.7125835],[94.5933976,26.7130393],[94.5933322,26.7135492],[94.593314,26.7136625],[94.5932114,26.7143028],[94.5932665,26.7147135],[94.5933669,26.7149707],[94.5935528,26.7151693],[94.5938945,26.7153409],[94.5948992,26.7160812],[94.5951555,26.7163385],[94.5954318,26.7165371],[94.595874,26.7167042],[94.5963412,26.7167944],[94.5968237,26.7168262],[94.597301,26.7167856],[94.5976027,26.7166955],[94.5978891,26.7165286],[94.5984621,26.7160999],[94.5986882,26.7158608],[94.5990502,26.715175],[94.5992966,26.7142995],[94.5993569,26.7141822],[94.5994776,26.7140739],[94.599578,26.7140649],[94.5999197,26.7141146],[94.6002062,26.714214],[94.6004272,26.7142321],[94.6006384,26.7142049],[94.6008041,26.7140651],[94.6009599,26.7138936],[94.6012464,26.7134063],[94.6015682,26.7125715],[94.6017241,26.7122737],[94.6020659,26.7117819],[94.602277,26.711624],[94.6024729,26.7115156],[94.6026638,26.7114435],[94.602905,26.7114661],[94.6030508,26.7115834],[94.6033372,26.7123507],[94.6033471,26.7125087],[94.6032716,26.7127569],[94.6030706,26.7129373],[94.6024273,26.713244],[94.601965,26.7134155],[94.6017639,26.7135553],[94.6017407,26.7135747],[94.6015529,26.7137313],[94.6014123,26.7139028],[94.6012111,26.7142411],[94.6010905,26.714548],[94.6010704,26.7147285],[94.6011005,26.7149361],[94.601226,26.7151662],[94.6015324,26.7154551],[94.6016228,26.7155387],[94.6018891,26.7157847],[94.6021455,26.7160329],[94.6022861,26.7162135],[94.6024065,26.7165293],[94.6024216,26.7167595],[94.6023664,26.7170483],[94.6018434,26.7186412],[94.6017528,26.7188487],[94.6015318,26.7191105],[94.6012906,26.7192278],[94.6010795,26.7192683],[94.600768,26.7192367],[94.600391,26.71916],[94.6003232,26.7191323],[94.6000041,26.7190019],[94.5996272,26.7188214],[94.5990646,26.7186001],[94.5988183,26.7185504],[94.598557,26.7185413],[94.5983761,26.7185504],[94.5980996,26.7187489],[94.5976824,26.7191775],[94.5969788,26.719773],[94.5965265,26.7199806],[94.596235,26.7200121],[94.5960792,26.720003],[94.595838,26.7198721],[94.5955818,26.7196419],[94.5952854,26.7194343],[94.5950843,26.7193079],[94.5948432,26.7191951],[94.5946523,26.7191182],[94.594411,26.7190956],[94.5941648,26.7190776],[94.5940241,26.7191182],[94.5937578,26.7192354],[94.5933155,26.7195151],[94.5921697,26.7198216],[94.591848,26.7199118],[94.5915816,26.72002],[94.5913805,26.720169],[94.5912348,26.7203585],[94.5910941,26.7205976],[94.5909279,26.7212158],[94.590948,26.721473],[94.5909556,26.7215191],[94.5910131,26.7218702],[94.5911941,26.7221093],[94.5917719,26.7225518],[94.5922793,26.7228317],[94.5926563,26.7230304],[94.5928188,26.7231369],[94.5928421,26.7231522],[94.5929224,26.7232515],[94.5929225,26.7234411],[94.5928318,26.723608],[94.5922129,26.7244762],[94.5921137,26.7247319],[94.5921489,26.7248763],[94.5922744,26.7249937],[94.592581,26.7251066],[94.5931237,26.7252014],[94.5944252,26.7255267],[94.5953799,26.7259511],[94.595616,26.7262895],[94.5956712,26.7267454],[94.595651,26.7272147],[94.5955102,26.7277155],[94.5953442,26.7281397],[94.5946402,26.7294664],[94.5940068,26.7300979],[94.5935896,26.7305356],[94.5934086,26.7308921],[94.5934287,26.7311673],[94.5935542,26.7314607],[94.5945088,26.7323724],[94.5956292,26.7337581],[94.5970715,26.7345527],[94.5973579,26.734652],[94.5996547,26.7348961],[94.6007704,26.7348963],[94.6016767,26.7347856],[94.6033186,26.7346349],[94.6038815,26.734635],[94.6042031,26.7345539],[94.6044595,26.7344726],[94.6046555,26.7343915],[94.6049621,26.7341839],[94.6052185,26.734035],[94.6054497,26.7339403],[94.605706,26.7339087],[94.6060829,26.7338907],[94.6062286,26.7339224],[94.6064799,26.7342157],[94.6066959,26.7350099],[94.6068538,26.7354992],[94.6070877,26.7362239],[94.6075048,26.7369686],[94.6076857,26.7372123],[94.6078817,26.7373747],[94.6080828,26.7374244],[94.6084094,26.737438],[94.608855,26.7373475],[94.6092387,26.7371944],[94.6096358,26.7369372],[94.6099072,26.7366124],[94.6100329,26.7362874],[94.6101939,26.7356873],[94.6101939,26.7353127],[94.6101035,26.7347757],[94.6099779,26.7343064],[94.6094554,26.7334624],[94.6090935,26.7329254],[94.6089679,26.7325372],[94.6083149,26.7304839],[94.6080638,26.729658],[94.6080286,26.7292834],[94.6080085,26.7290398],[94.6080639,26.7288277],[94.6082096,26.7286832],[94.6083704,26.7286201],[94.6086066,26.7285886],[94.6087944,26.7285734],[94.6088117,26.728572],[94.6098329,26.7284894],[94.6111697,26.7283271],[94.6120392,26.7280203],[94.6142756,26.7272397],[94.6158235,26.7265629],[94.6169594,26.7256379],[94.6176479,26.7251371],[94.6185123,26.724582],[94.619829,26.7237472],[94.6203516,26.7234088],[94.6206583,26.7231335],[94.620804,26.7227905],[94.6208039,26.7225469],[94.6207136,26.7220775],[94.6205678,26.7215089],[94.6201507,26.7203221],[94.6197388,26.7193022],[94.6194675,26.7176098],[94.6194122,26.7164546],[94.6193972,26.7157235],[94.619358,26.7153464],[94.6193419,26.7151911],[94.6192364,26.7147849],[94.6190706,26.7141847],[94.6190154,26.7136792],[94.6189651,26.7129978],[94.6189451,26.712366],[94.619126,26.7119915],[94.6193069,26.7119599],[94.6194676,26.711978],[94.6203017,26.7121224],[94.6218193,26.7126594],[94.6223972,26.713016],[94.6228444,26.7134221],[94.6235328,26.7141848],[94.6235925,26.7142893],[94.6239298,26.7148797],[94.6242715,26.7152859],[94.6246232,26.7154168],[94.6251849,26.7154168],[94.6252765,26.7154168],[94.6259799,26.715349],[94.6276584,26.715349],[94.6295025,26.7155791],[94.6299698,26.7159175],[94.6305126,26.7164546],[94.6308593,26.7168607],[94.6311458,26.7170728],[94.6317035,26.7172352],[94.6324825,26.7173616],[94.6334573,26.7173615],[94.6340704,26.717217],[94.6344523,26.7170861],[94.6348694,26.7169733],[94.6353367,26.7169913],[94.6358241,26.717086],[94.6364623,26.7172755],[94.6392063,26.718963],[94.6400864,26.7195715],[94.6401461,26.7196128],[94.6412467,26.7201993],[94.6416437,26.7204068],[94.6430156,26.7206999],[94.6439202,26.720763],[94.6447895,26.720799],[94.6460509,26.7207176],[94.6487645,26.7204238],[94.6506689,26.7200805],[94.6509553,26.7199992],[94.6513171,26.7196787],[94.6521813,26.7189926],[94.6524174,26.7188166],[94.6527088,26.7187353],[94.6530154,26.7187533],[94.6557443,26.7196598],[94.6573877,26.720228],[94.6589407,26.7208595],[94.6612777,26.7217479],[94.6627403,26.7224424],[94.6640974,26.722961],[94.6653589,26.7234345],[94.6664999,26.7238854],[94.6670798,26.7241704],[94.6671332,26.7241966],[94.6692641,26.7248593],[94.6726165,26.7257157],[94.6746218,26.7261843],[94.6761196,26.7266214],[94.6776024,26.7270631],[94.6824147,26.7283552],[94.6847297,26.7290685],[94.6860451,26.7294408],[94.6867352,26.7296362],[94.690068,26.7310427],[94.6923452,26.7319306],[94.6938284,26.7328731],[94.6977759,26.7363504],[94.6998027,26.7384252],[94.7012665,26.740419],[94.7024187,26.74207],[94.7034699,26.7431254],[94.7048077,26.7443251],[94.7061254,26.7454615],[94.7071664,26.7463093],[94.7084689,26.7471705],[94.7100782,26.7481758],[94.7114862,26.7490504],[94.7132315,26.7504619],[94.7142722,26.750758],[94.7204229,26.754486],[94.7260578,26.757844],[94.7301047,26.7602554],[94.7309825,26.7607636],[94.7349773,26.7630765],[94.7357481,26.7635227],[94.7366182,26.7638695],[94.7368946,26.7637204],[94.7372679,26.7650919],[94.7375004,26.7663328],[94.738055,26.7672566],[94.7388149,26.7686873],[94.7393437,26.7695849],[94.7395157,26.7698069],[94.7403504,26.7708837],[94.7406832,26.7718357],[94.7407395,26.7727833],[94.7405992,26.773158],[94.7401179,26.774094],[94.7400723,26.7741828],[94.7399626,26.7751576],[94.7401846,26.7759833],[94.7409665,26.7754551],[94.7419937,26.7750296],[94.7426921,26.7746048],[94.7436919,26.7739045],[94.7441894,26.7737281],[94.7448329,26.7737276],[94.7456927,26.7738036],[94.7466569,26.7737576],[94.746868,26.7736855],[94.7479397,26.7730367],[94.7483523,26.7726986],[94.7486895,26.7723017],[94.7492082,26.7716073],[94.7495861,26.7708315],[94.7498784,26.7701774],[94.7502612,26.7695189],[94.7506842,26.7688919],[94.7510517,26.7684184],[94.7512581,26.7681072],[94.7514045,26.7675884],[94.7514653,26.7671823],[94.751551,26.7668891],[94.7518232,26.7661943],[94.7534977,26.765898],[94.7547492,26.7660885],[94.7560059,26.7662385],[94.7573331,26.7661764],[94.7583287,26.7660057],[94.7585891,26.767071],[94.7589388,26.7691786],[94.7595996,26.7720493],[94.7601906,26.774261],[94.7605917,26.775412],[94.7611392,26.7758999],[94.761707,26.7761575],[94.7621797,26.7760947],[94.7629593,26.7758607],[94.7635525,26.7759018],[94.7641957,26.7762227],[94.7665125,26.7772443],[94.7667988,26.7775649],[94.7667733,26.7780343],[94.7666993,26.781861],[94.7669543,26.7832285],[94.7672395,26.7847179],[94.7674049,26.7853363],[94.7675981,26.7858332],[94.7676316,26.7859192],[94.7676858,26.7860585],[94.7681577,26.7867809],[94.7692025,26.787955],[94.7702173,26.7890388],[94.7714283,26.7898069],[94.7729665,26.7904442],[94.7737356,26.7906118],[94.7741632,26.7904451],[94.7751594,26.7898276],[94.7756573,26.7897647],[94.7763456,26.7902345],[94.7775771,26.7908084],[94.7790701,26.7913194],[94.7802762,26.7921731],[94.7816986,26.7929187],[94.7825733,26.7933434],[94.7831866,26.7934927],[94.7846796,26.7940262],[94.7853235,26.7943147],[94.785343,26.7943234],[94.7862933,26.7947492],[94.7879724,26.7952195],[94.7887315,26.7955585],[94.7890631,26.7957933],[94.788877,26.7962994],[94.788781,26.7965604],[94.7887954,26.7971381],[94.7888005,26.7973456],[94.7892273,26.7981762],[94.7898201,26.7989211],[94.7903086,26.7993427],[94.7904584,26.799472],[94.7911722,26.7997522],[94.7922583,26.7999649],[94.7933796,26.8000965],[94.795205,26.8002238],[94.7959816,26.8001522],[94.7970053,26.8000579],[94.7988511,26.7997791],[94.7997764,26.7997795],[94.8006312,26.7999515],[94.8016015,26.8002498],[94.8022198,26.8006969],[94.8027172,26.8013154],[94.8033051,26.8022317],[94.803732,26.8031255],[94.8038521,26.8038701],[94.8037561,26.8047591],[94.8035193,26.8054404],[94.8031869,26.8061667],[94.8026384,26.8068841],[94.8023817,26.8071275],[94.8022866,26.8072139],[94.801647,26.8077951],[94.8012043,26.8081603],[94.7998761,26.8088366],[94.79886,26.809188],[94.7982347,26.8093235],[94.7969486,26.8096022],[94.7964758,26.8097102],[94.7961086,26.8098589],[94.7957765,26.8100798],[94.7956457,26.8102197],[94.7953637,26.8106753],[94.7951367,26.8115371],[94.7950157,26.8121643],[94.795,26.8124047],[94.7949699,26.8128682],[94.7950047,26.8134729],[94.7950747,26.8140281],[94.7950864,26.8140542],[94.7952504,26.8144208],[94.7956526,26.8147639],[94.7959642,26.8149356],[94.7964118,26.8150622],[94.7969952,26.8150942],[94.7975484,26.8150628],[94.7981349,26.8148712],[94.7982377,26.8148376],[94.7990425,26.8145627],[94.799958,26.8142564],[94.8007478,26.8140221],[94.8016734,26.8138285],[94.8032023,26.8136624],[94.8037857,26.8136716],[94.804897,26.8139926],[94.8053697,26.8143313],[94.8058924,26.8148009],[94.8062242,26.8151305],[94.8064352,26.8155232],[94.8065454,26.8162136],[94.8066354,26.8169583],[94.8064841,26.8176713],[94.8063982,26.81833],[94.8064585,26.8184158],[94.8067904,26.8185152],[94.8084249,26.8187462],[94.8100142,26.8189184],[94.8112011,26.8190453],[94.8123377,26.8192127],[94.81446,26.8195431],[94.8141014,26.822413],[94.8139137,26.8253597],[94.813747,26.8267224],[94.8136255,26.8282115],[94.8135817,26.8290242],[94.8135771,26.8291098],[94.8135188,26.8301926],[94.813458,26.8311402],[94.8131955,26.8326067],[94.8130896,26.8331572],[94.8131749,26.8336491],[94.8133406,26.8340417],[94.814773,26.8364702],[94.8151651,26.8369713],[94.8156227,26.8373009],[94.8160855,26.837441],[94.817011,26.8375045],[94.8179367,26.8374282],[94.8191942,26.8374197],[94.8194507,26.8375912],[94.8201744,26.8390356],[94.8208629,26.840507],[94.8210538,26.8410711],[94.8211239,26.8416984],[94.8211237,26.8421091],[94.8211085,26.8425061],[94.820932,26.8432326],[94.8207557,26.8436252],[94.8204588,26.8439094],[94.8196486,26.8444867],[94.8193768,26.8447077],[94.8190447,26.8450686],[94.8186771,26.8456867],[94.8175646,26.8470806],[94.8175042,26.8472611],[94.8174939,26.8475138],[94.8176197,26.8477169],[94.8193747,26.849103],[94.8198726,26.8494823],[94.8202044,26.8499292],[94.8204205,26.8504211],[94.8204052,26.8507189],[94.8206064,26.8510078],[94.8209735,26.8514547],[94.8214211,26.8518881],[94.8218837,26.852317],[94.8225726,26.8529535],[94.8238048,26.8539332],[94.8241971,26.8542402],[94.8245492,26.8544976],[94.8251779,26.854773],[94.8257212,26.8549538],[94.826174,26.8550487],[94.8273362,26.8550716],[94.8279701,26.8549274],[94.8286593,26.8553248],[94.8293584,26.8559657],[94.8300373,26.8567196],[94.8305704,26.8572929],[94.8314501,26.8579883],[94.8322151,26.8585931],[94.834207,26.8600602],[94.834544,26.8603491],[94.8348545,26.8609152],[94.8348658,26.8609358],[94.8350769,26.8617978],[94.8351973,26.8626147],[94.8352167,26.8633321],[94.8352321,26.8639007],[94.8352318,26.864862],[94.8351962,26.8658277],[94.8352512,26.8668926],[94.835407,26.8672763],[94.8356434,26.8678404],[94.8360105,26.8682737],[94.8364733,26.8687747],[94.8371273,26.8690637],[94.8379423,26.8693934],[94.8385009,26.8695424],[94.8390342,26.8696599],[94.8394619,26.8696059],[94.8402571,26.8691052],[94.840742,26.868732],[94.8407554,26.8687217],[94.8408365,26.8686881],[94.8416058,26.8683699],[94.8420235,26.8683068],[94.8427682,26.8683296],[94.8431958,26.8685102],[94.8435279,26.8687449],[94.8441064,26.8692549],[94.844866,26.8700087],[94.8454948,26.8705729],[94.8461488,26.8711371],[94.8475625,26.8722565],[94.8488303,26.8733533],[94.8501233,26.8745856],[94.8503697,26.8749782],[94.8504903,26.8758627],[94.8507867,26.8784891],[94.8509273,26.880073],[94.8510679,26.8810974],[94.8512339,26.8813817],[94.8521949,26.8826364],[94.8528339,26.8833179],[94.8538401,26.8847756],[94.854635,26.8861385],[94.854957,26.8863417],[94.8557521,26.8864907],[94.8560843,26.8867344],[94.8566277,26.8871587],[94.8574076,26.8879891],[94.8578354,26.8884765],[94.8579561,26.8887563],[94.8580869,26.8892347],[94.8581472,26.8897627],[94.8581923,26.8909134],[94.8582576,26.8917753],[94.8584474,26.8922099],[94.8584488,26.892213],[94.8589017,26.8928719],[94.8595056,26.8935714],[94.860522,26.8948938],[94.8615536,26.8962522],[94.8625299,26.8975925],[94.8626355,26.8981566],[94.8625045,26.8992216],[94.8624088,26.9003045],[94.862454,26.9004535],[94.8626806,26.9005392],[94.8631184,26.9005618],[94.8634405,26.9005845],[94.8636066,26.9007514],[94.8636922,26.901126],[94.8637072,26.9017532],[94.863979,26.9022992],[94.8645478,26.9030612],[94.8649755,26.9036035],[94.8652271,26.9039781],[94.8653679,26.9043301],[94.8655441,26.9048309],[94.8656297,26.9053273],[94.8657352,26.9067128],[94.86571,26.9073716],[94.8657,26.9078906],[94.8658207,26.9082651],[94.8660069,26.9087344],[94.8662938,26.9090954],[94.8674413,26.9101244],[94.8683223,26.9107426],[94.8695302,26.9118257],[94.8716645,26.9139106],[94.872782,26.9151336],[94.8732652,26.9158465],[94.8734917,26.9166768],[94.8735031,26.9167769],[94.8735873,26.9175162],[94.8737887,26.9177192],[94.8743576,26.9180081],[94.8751063,26.9183512],[94.8763762,26.9189331],[94.8771564,26.9193032],[94.8780827,26.9198898],[94.8783898,26.9201335],[94.8786617,26.9203681],[94.8787322,26.9205937],[94.8787322,26.9212601],[94.8787322,26.9213158],[94.8788732,26.921591],[94.8791903,26.9218482],[94.8799656,26.9222092],[94.8831071,26.9238472],[94.8843657,26.9247947],[94.8855639,26.9257377],[94.8867471,26.9268161],[94.887603,26.9275065],[94.8889575,26.9285624],[94.8894055,26.9288827],[94.890639,26.9295414],[94.8916963,26.9296451],[94.8928593,26.9298254],[94.8944956,26.9302223],[94.8962628,26.9306688],[94.8978185,26.9312506],[94.8992183,26.9322071],[94.9002256,26.9333576],[94.9010312,26.9340795],[94.9014844,26.934314],[94.9024462,26.9346659],[94.9035036,26.9349318],[94.9048327,26.9352487],[94.9049032,26.9352655],[94.9068014,26.9356712],[94.9084529,26.9359686],[94.9102555,26.9362119],[94.9122141,26.9362836],[94.9138756,26.9365945],[94.9143741,26.9367749],[94.9147619,26.9370184],[94.9151648,26.9374335],[94.9153816,26.9379884],[94.9156537,26.9388593],[94.915926,26.9398565],[94.9160671,26.9401679],[94.9163644,26.9407409],[94.916722,26.9412506],[94.9176639,26.9422206],[94.918626,26.9430597],[94.9197994,26.9439347],[94.9222221,26.9457299],[94.9234912,26.9463658],[94.9239302,26.9464967],[94.9239596,26.9465055],[94.9242161,26.945851],[94.9244372,26.9448672],[94.9245526,26.9439106],[94.9246069,26.9434116],[94.9246529,26.9429899],[94.9249094,26.9422633],[94.925196,26.941487],[94.9256136,26.9407919],[94.9266603,26.939686],[94.9276265,26.9385349],[94.9287236,26.9374289],[94.9288846,26.93728],[94.9291817,26.9372392],[94.9296198,26.9373337],[94.929942,26.9374103],[94.9302944,26.9373651],[94.930531,26.9372477],[94.9306971,26.9371213],[94.9308531,26.9369001],[94.9309234,26.936706],[94.9309385,26.9365165],[94.9309031,26.9362818],[94.9308073,26.9359931],[94.9305554,26.9356231],[94.9304597,26.9354517],[94.9304142,26.9352171],[94.9304141,26.935005],[94.9304241,26.9347613],[94.9305094,26.934283],[94.9306245,26.9337019],[94.9308509,26.932559],[94.9331769,26.9326121],[94.9348132,26.9327062],[94.9354778,26.9327375],[94.9361878,26.9328636],[94.936782,26.9331115],[94.937341,26.9333865],[94.9378647,26.9336074],[94.9383481,26.9336839],[94.9389321,26.9336836],[94.9397275,26.9335434],[94.9400195,26.9335026],[94.9402611,26.9335567],[94.9404828,26.9337055],[94.9411025,26.9344453],[94.9413568,26.9347671],[94.9415409,26.9350001],[94.9417424,26.9352256],[94.9418632,26.9353068],[94.94211,26.9353744],[94.942548,26.9353832],[94.9434996,26.9353918],[94.9444662,26.9353146],[94.9460421,26.9353905],[94.9465658,26.9355256],[94.9474773,26.9358771],[94.9480212,26.9361025],[94.9486155,26.936409],[94.9491749,26.936846],[94.9493661,26.9369953],[94.9499706,26.9374507],[94.950444,26.9376851],[94.9511188,26.9378111],[94.9517632,26.9377792],[94.9518983,26.9377362],[94.9524025,26.9375758],[94.9529362,26.9375122],[94.9532433,26.9376069],[94.9534952,26.9377872],[94.9537321,26.9381165],[94.9539142,26.9383407],[94.9540713,26.938534],[94.9544577,26.9390096],[94.9553245,26.9400515],[94.9555007,26.9400965],[94.9557271,26.9399023],[94.9558781,26.9396902],[94.9566527,26.9386248],[94.9575027,26.9374781],[94.9578148,26.9373515],[94.9582628,26.9373287],[94.9605639,26.9373815],[94.9609212,26.9372865],[94.9612383,26.9371238],[94.961525,26.9367717],[94.9637521,26.9326458],[94.9643153,26.9317068],[94.9649435,26.9303029],[94.9651443,26.929653],[94.9655713,26.9284749],[94.9660587,26.9272607],[94.9664249,26.9256856],[94.9667133,26.9244159],[94.966756,26.9242278],[94.966957,26.9238577],[94.9671833,26.9235146],[94.967455,26.9232301],[94.9677719,26.9229501],[94.96826,26.9226429],[94.9690853,26.9223626],[94.9700819,26.9221814],[94.9713604,26.9219594],[94.9724527,26.9218097],[94.9740887,26.9216778],[94.9753723,26.9215821],[94.9760216,26.9214417],[94.9764996,26.9212835],[94.9767109,26.9210622],[94.9769471,26.920719],[94.9787267,26.9179335],[94.981175,26.9145246],[94.9821202,26.9132559],[94.9823063,26.9131068],[94.9826182,26.9129982],[94.9870184,26.9135904],[94.9898026,26.9140981],[94.9899838,26.9142062],[94.9901615,26.9156186],[94.9904619,26.918908],[94.990518,26.9196977],[94.9906394,26.9202075],[94.9909569,26.9206134],[94.9911368,26.9207207],[94.9912894,26.9208117],[94.9924777,26.9210769],[94.9931523,26.9211079],[94.9944207,26.9208857],[94.9960364,26.9207128],[95.0002508,26.9195062],[95.0019668,26.9195562],[95.0022279,26.9196801],[95.0025384,26.9198273],[95.0041477,26.9208942],[95.0071072,26.9209709],[95.0106799,26.9212527],[95.0125862,26.9216799],[95.0149816,26.9217837],[95.0159535,26.9210483],[95.0167641,26.9210629],[95.0173944,26.921321],[95.018564,26.9223466],[95.0191884,26.923777],[95.0207834,26.9247349],[95.021679,26.9252589],[95.0222425,26.9255752],[95.0227355,26.926081],[95.0233986,26.9275932],[95.0240323,26.9282932],[95.024475,26.928686],[95.0257581,26.9294631],[95.0271621,26.9302312],[95.0281133,26.9306741],[95.0293611,26.9314963],[95.0317564,26.932987],[95.0320128,26.9333888],[95.0326665,26.9343233],[95.0332299,26.9349554],[95.0341256,26.9355968],[95.0354242,26.9361031],[95.0365166,26.9362797],[95.037926,26.9366597],[95.0391897,26.9367461],[95.0402619,26.9369363],[95.0407903,26.9373338],[95.041082,26.9377581],[95.0417514,26.9381827],[95.0421037,26.9383092],[95.042441,26.9383095],[95.0430906,26.9383279],[95.0433926,26.9384228],[95.044077,26.9387391],[95.0444848,26.9388025],[95.0452754,26.9386947],[95.0458194,26.9384738],[95.0469574,26.9382217],[95.0482613,26.9383804],[95.049691,26.9387602],[95.0507429,26.9392977],[95.0525852,26.9401741],[95.0546288,26.9411092],[95.0570548,26.9424236],[95.0586502,26.9437376],[95.0598679,26.9451279],[95.0606079,26.9455119],[95.0642474,26.9470839],[95.0678571,26.9483037],[95.0706715,26.9491216],[95.0719252,26.9493026],[95.0765174,26.9493043],[95.079045,26.9496616],[95.0809583,26.9501044],[95.0850364,26.9516399],[95.0880622,26.953184],[95.0921403,26.9556444],[95.095272,26.9575494],[95.097875,26.9592691],[95.1018126,26.9617878],[95.1042143,26.9635526],[95.1060774,26.9654933],[95.106103,26.9655563],[95.106767,26.9671901],[95.1069229,26.9690629],[95.1071592,26.9714907],[95.1076371,26.9746992],[95.107919,26.9759401],[95.1083672,26.9769375],[95.1089866,26.9775829],[95.1107995,26.9796137],[95.1119578,26.9806607],[95.1126327,26.9810895],[95.1137257,26.9815047],[95.1166571,26.9821321],[95.1189941,26.9830664],[95.1215578,26.9842217],[95.1242073,26.9854401],[95.1256427,26.9863381],[95.1294307,26.9886484],[95.1309166,26.9896546],[95.1331181,26.9911166],[95.1346797,26.9922357],[95.1369063,26.9936389],[95.1388005,26.9948525],[95.1394906,26.9951639],[95.1407299,26.9953804],[95.1423808,26.9955412],[95.142765,26.9955786],[95.144115,26.9956371],[95.1447599,26.9958492],[95.1456315,26.9962461],[95.1470874,26.9971709],[95.1494906,26.998786],[95.1503732,26.9994129],[95.150841,26.9998192],[95.1513209,27.0002408],[95.1535093,27.0020159],[95.1542003,27.0025765],[95.1568507,27.0046336],[95.1584883,27.005996],[95.1599698,27.0071103],[95.1613958,27.008265],[95.1622323,27.0089462],[95.1640465,27.0105341],[95.1660722,27.0120903],[95.1684069,27.0138661],[95.1695595,27.0147065],[95.1703004,27.0153515],[95.1711975,27.0161364],[95.1718981,27.0168356],[95.1724425,27.0175168],[95.1737679,27.0185993],[95.1758545,27.0202547],[95.177717,27.0217044],[95.1787426,27.0224737],[95.1799322,27.0235021],[95.1810057,27.0243591],[95.1823717,27.0254369],[95.1830775,27.0260684],[95.1835615,27.0266278],[95.184363,27.0273946],[95.1868383,27.0297489],[95.188164,27.0308314],[95.1893184,27.0316837],[95.1901957,27.0324729],[95.1909569,27.0332082],[95.1917939,27.0340426],[95.1921267,27.034462],[95.1921369,27.0346201],[95.1923387,27.0350215],[95.1925024,27.0351879],[95.1925209,27.0352068],[95.1928934,27.0357793],[95.1930598,27.0359281],[95.193352,27.0359144],[95.1935485,27.0357428],[95.1934475,27.0355037],[95.1934373,27.035233],[95.1935832,27.0347727],[95.1939055,27.0345243],[95.1941523,27.0343527],[95.1942378,27.0341271],[95.1941922,27.0338654],[95.1940257,27.0334683],[95.193572,27.0330354],[95.1932793,27.0323857],[95.1932084,27.0317224],[95.1934551,27.0313974],[95.1938027,27.0312619],[95.1947903,27.0311982],[95.1951481,27.0312837],[95.1956923,27.0314234],[95.1959545,27.0316218],[95.1961763,27.0318428],[95.1961921,27.0328265],[95.196162,27.0331379],[95.195855,27.0336525],[95.1957545,27.0340767],[95.1957553,27.0353582],[95.1962594,27.035719],[95.1965213,27.0355202],[95.1967581,27.0354795],[95.1970604,27.0354793],[95.1972016,27.0356283],[95.1972169,27.0358313],[95.1970508,27.0361292],[95.1966732,27.0365129],[95.1965372,27.0367387],[95.1966583,27.0369867],[95.1969959,27.0369459],[95.1972175,27.0367473],[95.1978309,27.0362776],[95.1982351,27.0362774],[95.1988197,27.0363494],[95.1992229,27.0364891],[95.1999183,27.0365744],[95.2005381,27.0365876],[95.2013391,27.0363495],[95.2013442,27.036348],[95.2021501,27.0359775],[95.2026792,27.0359141],[95.2032184,27.0358777],[95.2036368,27.0362249],[95.2039144,27.0367572],[95.203829,27.0371453],[95.2038847,27.0375424],[95.2040813,27.0376912],[95.2043837,27.0377136],[95.2046608,27.0377134],[95.2048976,27.0375554],[95.2050084,27.0374785],[95.2048266,27.0370816],[95.20466,27.0365357],[95.2048554,27.0349427],[95.2053537,27.0342385],[95.2057818,27.0338546],[95.2057412,27.0335569],[95.2052016,27.0329705],[95.2052266,27.0327359],[95.2052718,27.0324109],[95.2055337,27.032325],[95.2059923,27.0322977],[95.2066172,27.0324373],[95.2072268,27.0323376],[95.2071307,27.0318503],[95.2070849,27.0312051],[95.207155,27.0307447],[95.2075177,27.0304467],[95.207961,27.0304239],[95.2085154,27.0305093],[95.2090247,27.0309692],[95.2096647,27.0310907],[95.2102189,27.0310904],[95.210622,27.0309683],[95.2107175,27.0307923],[95.2105813,27.0305306],[95.2103041,27.0304179],[95.2096793,27.0305447],[95.2094827,27.0303959],[95.2099404,27.029245],[95.2101215,27.0288206],[95.2103581,27.0285995],[95.2106906,27.028536],[95.2111744,27.0286485],[95.2112602,27.0287974],[95.2110792,27.0293435],[95.2109988,27.0295918],[95.2112206,27.0297947],[95.2115936,27.0298802],[95.2119412,27.029898],[95.2124501,27.0298932],[95.2129591,27.0298794],[95.2131356,27.0300146],[95.213312,27.0301544],[95.21366,27.0305963],[95.2137559,27.0307814],[95.2138568,27.0309617],[95.2141794,27.0310157],[95.2145018,27.0309478],[95.2146831,27.0308259],[95.2148644,27.0306994],[95.21497,27.0305098],[95.2150075,27.0304427],[95.2150757,27.0303202],[95.2152368,27.0302389],[95.2153981,27.0301621],[95.2158718,27.0303513],[95.2163407,27.0306127],[95.2166634,27.0309734],[95.2169962,27.031244],[95.2175104,27.0314964],[95.2179035,27.0315864],[95.2191887,27.031951],[95.2195114,27.0321674],[95.2198139,27.032456],[95.2200509,27.032695],[95.2214373,27.033416],[95.2219867,27.0336954],[95.2229347,27.0344935],[95.2229954,27.0347371],[95.2229555,27.0351433],[95.2229911,27.0355268],[95.2230519,27.0358426],[95.2235256,27.0360634],[95.224095,27.0360269],[95.2246894,27.0357873],[95.2251881,27.0355613],[95.2260958,27.0348866],[95.2264218,27.0346444],[95.226865,27.0344275],[95.2280746,27.0346703],[95.2290726,27.0349854],[95.2303179,27.0357019],[95.230565,27.0359048],[95.2306711,27.0361845],[95.2304749,27.036514],[95.2302234,27.0370061],[95.2302237,27.0374258],[95.2304409,27.0378272],[95.2308091,27.0383098],[95.2309511,27.038496],[95.231122,27.0387202],[95.231082,27.0390902],[95.2309059,27.0394153],[95.2302922,27.0405033],[95.2297735,27.0409233],[95.2294462,27.041113],[95.2293256,27.0415192],[95.2295525,27.0416409],[95.2301574,27.0419383],[95.2317709,27.042808],[95.2322294,27.0427534],[95.2326424,27.0425456],[95.2328941,27.0422656],[95.2328736,27.0418956],[95.2329134,27.0413992],[95.2333008,27.0407717],[95.2331739,27.0397565],[95.2326743,27.0389672],[95.2326535,27.0383805],[95.2326935,27.038024],[95.2327131,27.0379907],[95.2330155,27.0374778],[95.2334535,27.0370984],[95.2360636,27.0369159],[95.2376964,27.037095],[95.2386838,27.036828],[95.2394744,27.0363852],[95.2401688,27.0354506],[95.2403648,27.0349179],[95.240711,27.0333698],[95.2413985,27.030752],[95.2419415,27.0295558],[95.2423991,27.0287251],[95.2427715,27.0282736],[95.2432144,27.0278265],[95.2436113,27.0267115],[95.2438424,27.026057],[95.2442548,27.0253798],[95.2449449,27.025113],[95.2454738,27.0250223],[95.2455759,27.0249438],[95.2458614,27.0247242],[95.2460475,27.0243268],[95.2460723,27.0240155],[95.2461679,27.0239522],[95.2464362,27.023805],[95.2480993,27.0245516],[95.2494937,27.0256945],[95.2505056,27.0264986],[95.2524547,27.0273306],[95.2537643,27.0278552],[95.2545444,27.0286636],[95.2557979,27.0297838],[95.2565733,27.0304117],[95.257843,27.030521],[95.258987,27.0302738],[95.2593489,27.0311721],[95.2593481,27.0319844],[95.2583545,27.0329221],[95.2584392,27.0338202],[95.2589322,27.0345922],[95.260065,27.0355498],[95.2609566,27.0358981],[95.2617533,27.0354429],[95.2620422,27.0351128],[95.2620486,27.0351055],[95.2623335,27.03478],[95.2633864,27.0350696],[95.2653154,27.0360413],[95.2659799,27.0367638],[95.2671837,27.0373966],[95.2677824,27.0384755],[95.2687035,27.0396359],[95.270074,27.0398851],[95.2707388,27.0403143],[95.2715796,27.0411814],[95.2726075,27.0413987],[95.2749405,27.0416846],[95.2754998,27.0417256],[95.277127,27.0423766],[95.2774288,27.0429679],[95.2768741,27.0434819],[95.2760878,27.0435897],[95.2758454,27.0440769],[95.2765099,27.0449438],[95.2768713,27.0466182],[95.2775308,27.0475392],[95.2776813,27.04832],[95.2771668,27.0488341],[95.2768689,27.0493753],[95.2767475,27.0500251],[95.2766724,27.050025],[95.276445,27.0500249],[95.2757603,27.0493636],[95.2756595,27.0492662],[95.2753217,27.0494509],[95.2752356,27.0499698],[95.2757184,27.0510487],[95.2763222,27.0521862],[95.2768356,27.0529312],[95.277803,27.0541659],[95.277943,27.0546873],[95.2780688,27.0548905],[95.2791519,27.0554824],[95.2802399,27.056187],[95.2808996,27.0569681],[95.2817455,27.0578667],[95.2830606,27.0583819],[95.2838108,27.0594158],[95.2853015,27.0610548],[95.2867773,27.0621748],[95.2881982,27.0628932],[95.2894626,27.0638687],[95.2903643,27.0646544],[95.2906102,27.0651401],[95.2907871,27.0654895],[95.2918297,27.0664873],[95.2931096,27.0671243],[95.2945308,27.0679625],[95.2953115,27.068423],[95.2959816,27.0688182],[95.297332,27.0694507],[95.2987786,27.0694515],[95.3000435,27.0700478],[95.3007839,27.0710635],[95.301912,27.072481],[95.3034189,27.072915],[95.3044468,27.0737774],[95.3064369,27.0754525],[95.3082459,27.0766988],[95.3097607,27.0777394],[95.3116219,27.0795116],[95.3134915,27.0805368],[95.3152405,27.0812415],[95.3168075,27.0828125],[95.3180612,27.0834019],[95.3199778,27.0843029],[95.3227803,27.0854592],[95.3230202,27.0855199],[95.3246202,27.0859246],[95.3276396,27.0869004],[95.3292677,27.087659],[95.3307747,27.0886838],[95.3321003,27.0896589],[95.3336729,27.0905799],[95.337534,27.0932794],[95.3383758,27.0938753],[95.3401249,27.0947964],[95.3424791,27.096092],[95.3454938,27.097663],[95.3481505,27.0993377],[95.3504191,27.1010437],[95.3524295,27.1022779],[95.3524555,27.1022938],[95.3547649,27.1039099],[95.3569985,27.1048307],[95.3601346,27.106451],[95.3630943,27.1074802],[95.3649045,27.1081842],[95.3667552,27.1079948],[95.3683952,27.1072102],[95.3686403,27.107093],[95.368651,27.1070877],[95.3686461,27.1070788],[95.3679251,27.1063569],[95.3665939,27.1052241],[95.3665204,27.1051746],[95.3649158,27.1040928],[95.3646326,27.1039019],[95.3637604,27.1031166],[95.3637604,27.102548],[95.3639723,27.1021961],[95.3646076,27.101957],[95.3654194,27.101957],[95.366327,27.1021691],[95.3682278,27.1024129],[95.3689186,27.1023046],[95.3691715,27.1021758],[95.3703001,27.1016007],[95.3703831,27.1015265],[95.3712028,27.100793],[95.3715356,27.0999266],[95.3715054,27.0993085],[95.3712936,27.0983789],[95.3703558,27.0964069],[95.3700282,27.0952968],[95.370119,27.0944891],[95.3703862,27.0940829],[95.3713844,27.0934061],[95.3732852,27.0928646],[95.3740969,27.0927293],[95.3746717,27.0926751],[95.37627,27.0938393],[95.376875,27.0945162],[95.3782615,27.095378],[95.3799657,27.0965016],[95.3814784,27.0973408],[95.3830163,27.0982026],[95.3833188,27.0986629],[95.3833188,27.0989607],[95.3828045,27.0993398],[95.3821088,27.0998768],[95.3819878,27.1002829],[95.3821693,27.1009057],[95.382504,27.1013821],[95.382835,27.1018532],[95.3830165,27.102309],[95.3828654,27.1030672],[95.3829511,27.1035409],[95.3838286,27.1048089],[95.3846405,27.1055399],[95.3854875,27.1058918],[95.3867229,27.1060541],[95.3881097,27.1062976],[95.3892493,27.106857],[95.3920278,27.1080436],[95.3943172,27.1085577],[95.3964299,27.1085303],[95.3979982,27.1084488],[95.3985428,27.1087194],[95.4008878,27.1100638],[95.4017049,27.1107947],[95.4026684,27.1120895],[95.4036368,27.1129557],[95.4048725,27.1137902],[95.4060527,27.1147377],[95.409064,27.1173722],[95.4116921,27.1195556],[95.4156065,27.1226545],[95.4168424,27.1232994],[95.4178411,27.1237053],[95.4184161,27.1240029],[95.4189559,27.1245171],[95.4198338,27.1253517],[95.4206459,27.1257846],[95.421009,27.1258116],[95.4215486,27.1255993],[95.4221789,27.1253013],[95.4227539,27.1254094],[95.4244133,27.1258917],[95.4267082,27.1262428],[95.4287003,27.1263503],[95.4314438,27.1263763],[95.4348732,27.126244],[95.4372032,27.1264009],[95.4377679,27.1261615],[95.4390689,27.1258631],[95.4396086,27.125917],[95.4397298,27.1261877],[95.4397432,27.1263422],[95.4397906,27.1268916],[95.4397642,27.12766],[95.439761,27.1277536],[95.4401546,27.128349],[95.4406037,27.1287413],[95.4412041,27.1290659],[95.4421725,27.1291196],[95.4425916,27.1290148],[95.4432566,27.1288484],[95.4443156,27.1286312],[95.4447343,27.1287935],[95.4447646,27.1289017],[95.4446487,27.1290913],[95.444316,27.129254],[95.4433784,27.1300621],[95.4431154,27.1303584],[95.4425368,27.1310102],[95.4424159,27.1313893],[95.4424772,27.1326031],[95.4428058,27.1338936],[95.4432602,27.1345702],[95.4444054,27.1352149],[95.4458833,27.1353495],[95.4479359,27.1350236],[95.4492974,27.1345942],[95.4498668,27.1338899],[95.4499268,27.1331047],[95.4498051,27.132112],[95.4494111,27.1312188],[95.4492642,27.1301675],[95.4494101,27.12968],[95.4500454,27.1293818],[95.4526728,27.129245],[95.4532732,27.1294342],[95.4535889,27.1298899],[95.453667,27.1300026],[95.4544246,27.1315138],[95.4549092,27.1322175],[95.4554192,27.133052],[95.4562374,27.1345677],[95.456813,27.1354564],[95.4576868,27.1371481],[95.4581665,27.1379555],[95.4580762,27.1384428],[95.4575068,27.1391472],[95.4568112,27.1398199],[95.4565696,27.140551],[95.4565396,27.1409301],[95.456873,27.1416068],[95.4574186,27.1427572],[95.4574494,27.1434837],[95.4574802,27.1441335],[95.4577226,27.1445394],[95.4580204,27.1448642],[95.4585654,27.1451074],[95.4591406,27.1454275],[95.4597413,27.1460499],[95.4597721,27.1466725],[95.4599843,27.1472139],[95.4605901,27.1478589],[95.4610949,27.1482557],[95.4619427,27.1487696],[95.4621852,27.1492522],[95.4622158,27.1496584],[95.4619135,27.1500375],[95.4612783,27.1506065],[95.4605273,27.1513877],[95.4602856,27.1519563],[95.4600744,27.15285],[95.4598933,27.1534953],[95.4596513,27.1537392],[95.4592883,27.1539831],[95.4576648,27.1549813],[95.4567266,27.1551985],[95.4565031,27.1552325],[95.4547948,27.1554929],[95.4541343,27.1559535],[95.4534083,27.1566579],[95.453318,27.1573348],[95.4535303,27.1579258],[95.4540402,27.1584264],[95.4547971,27.1588321],[95.455675,27.1589669],[95.4567901,27.1591287],[95.4579817,27.1592692],[95.4583894,27.1593173],[95.4595349,27.159804],[95.4625178,27.1617109],[95.4633964,27.1626309],[95.4634876,27.1631678],[95.4633675,27.164305],[95.4634584,27.1646299],[95.4637917,27.1650042],[95.4646651,27.1656534],[95.4655132,27.1663568],[95.4657256,27.1668711],[95.465605,27.1675706],[95.465127,27.169209],[95.4650977,27.1702919],[95.4650986,27.1715329],[95.4647056,27.17221],[95.4641912,27.1724269],[95.4627786,27.1726354],[95.461422,27.173286],[95.4607262,27.173855],[95.4598238,27.174934],[95.4595217,27.1756924],[95.4596737,27.1766083],[95.4600071,27.1770683],[95.4609359,27.1775777],[95.4622506,27.1780478],[95.4635656,27.178844],[95.4649235,27.1795742],[95.466014,27.1802729],[95.466514,27.1809314],[95.4666004,27.1816397],[95.4664447,27.182592],[95.4657743,27.1834318],[95.4652356,27.1837661],[95.4646901,27.1841048],[95.464206,27.1846737],[95.4641818,27.1859056],[95.4641823,27.1864425],[95.4636077,27.1872822],[95.4622512,27.188497],[95.4615253,27.1893367],[95.4606179,27.1905241],[95.4601694,27.1913365],[95.4601396,27.1919051],[95.460382,27.1921758],[95.4608919,27.1924552],[95.4618307,27.1927253],[95.4624316,27.1932665],[95.4626441,27.1939929],[95.4624628,27.194372],[95.4614386,27.1946704],[95.4600207,27.1948609],[95.4595364,27.1951049],[95.459143,27.1954299],[95.4589619,27.1960753],[95.4588314,27.1976123],[95.4584199,27.200182],[95.4580619,27.2005522],[95.45713,27.2011969],[95.4568867,27.2013652],[95.4562512,27.2018799],[95.4558934,27.2025255],[95.4558029,27.203067],[95.4558941,27.2035814],[95.4566172,27.2055393],[95.4572543,27.2071589],[95.4574492,27.2081353],[95.4575785,27.2087832],[95.4581294,27.2097801],[95.4585332,27.2098295],[95.4592902,27.2097388],[95.4606276,27.2097244],[95.4621067,27.2101251],[95.4635303,27.2106115],[95.4643736,27.2111254],[95.4653741,27.2120629],[95.4654949,27.2121761],[95.4661566,27.2127713],[95.4664754,27.212961],[95.4671565,27.2133663],[95.4676313,27.2138849],[95.4677226,27.2145031],[95.4677847,27.2162629],[95.4674952,27.2169664],[95.4674523,27.2170708],[95.4673316,27.2176936],[95.4675441,27.2183161],[95.4681804,27.2186903],[95.4688114,27.2187169],[95.469538,27.2185811],[95.4706835,27.2182599],[95.4709097,27.2182421],[95.4713801,27.2182053],[95.4724406,27.218931],[95.4726177,27.2193912],[95.4725323,27.2198515],[95.4720787,27.2206099],[95.4714741,27.2219325],[95.4714749,27.2227176],[95.4718993,27.2233084],[95.4729195,27.2240026],[95.4746416,27.2248137],[95.4763383,27.2257014],[95.477091,27.2262694],[95.4774549,27.2267564],[95.4774252,27.2274288],[95.4773957,27.2282953],[95.4776335,27.2288005],[95.4785732,27.22977],[95.4796597,27.2309604],[95.4796646,27.2310448],[95.4796905,27.2314973],[95.4792063,27.2319038],[95.4786062,27.2326894],[95.4786034,27.233113],[95.4786018,27.2333573],[95.4788448,27.234061],[95.4795116,27.234602],[95.4810824,27.2353815],[95.482234,27.2360303],[95.482926,27.2365172],[95.4831087,27.2375142],[95.4831266,27.2381151],[95.4831661,27.2394411],[95.4837429,27.2406859],[95.4842634,27.2412497],[95.4847251,27.2414427],[95.4855564,27.2417901],[95.4870092,27.2423194],[95.4871876,27.2423844],[95.4886727,27.2432722],[95.4886947,27.2432869],[95.4900924,27.2442186],[95.4912091,27.2451653],[95.4920879,27.2455391],[95.4938705,27.2459166],[95.4956364,27.2459685],[95.4996311,27.2461806],[95.5017656,27.2471548],[95.5037909,27.2485312],[95.504674,27.2493622],[95.50513,27.249982],[95.5053471,27.2504066],[95.5059884,27.2517331],[95.5064719,27.2528796],[95.5067237,27.2535025],[95.5068394,27.2539719],[95.5069294,27.2547617],[95.5070594,27.2559756],[95.5071342,27.2568782],[95.5071831,27.2583537],[95.5072481,27.2590036],[95.5073637,27.2594278],[95.507651,27.2600102],[95.508654,27.2616986],[95.5088104,27.2618747],[95.5091737,27.2620375],[95.5097241,27.2621102],[95.5104814,27.2621017],[95.511239,27.2620076],[95.5114714,27.2619085],[95.5118351,27.2616877],[95.5123204,27.2611511],[95.5128665,27.2603799],[95.5133065,27.2596898],[95.5135997,27.2592885],[95.5140748,27.258788],[95.5146257,27.2582515],[95.5150401,27.2579359],[95.5155199,27.2577107],[95.5162775,27.2575714],[95.51705,27.2575134],[95.5181962,27.2575638],[95.5189129,27.2578622],[95.5194175,27.2581694],[95.5206588,27.2590457],[95.5219657,27.2599717],[95.5222052,27.2601998],[95.5225206,27.2605001],[95.5234941,27.2616469],[95.5248461,27.2630829],[95.5252596,27.2636111],[95.5253858,27.2637195],[95.5255069,27.2637737],[95.5257696,27.2637558],[95.5267292,27.2633684],[95.5267684,27.263354],[95.5274717,27.2630938],[95.5278908,27.2630805],[95.5282846,27.263171],[95.5288751,27.2636001],[95.5292786,27.2640516],[95.5293637,27.264136],[95.5295107,27.2642818],[95.5297227,27.264458],[95.5298942,27.2645394],[95.5301165,27.2644944],[95.5304247,27.2643051],[95.530733,27.2639533],[95.5308847,27.2635788],[95.5308598,27.2632088],[95.5306128,27.2628206],[95.5302798,27.262491],[95.5299114,27.2621162],[95.5298209,27.2618183],[95.5299574,27.2615883],[95.5302807,27.2613539],[95.5311089,27.2611243],[95.5316241,27.2610479],[95.5322047,27.2611566],[95.5326387,27.2614682],[95.533279,27.2626238],[95.5336419,27.2633641],[95.5337455,27.2637163],[95.5338887,27.2642035],[95.5340248,27.2644654],[95.5341712,27.2645647],[95.5345195,27.2645875],[95.5351257,27.2643036],[95.5353329,27.2640781],[95.5355402,27.2637037],[95.5356011,27.2634195],[95.5354549,27.2630448],[95.5352782,27.2628166],[95.5350111,27.2624715],[95.5348397,27.2620607],[95.5349258,27.2617856],[95.5349864,27.2616773],[95.5351481,27.2615556],[95.535345,27.2616099],[95.5360617,27.26203],[95.5363059,27.2622133],[95.536531,27.2623823],[95.5368237,27.2625043],[95.5371115,27.2625045],[95.5378138,27.2620627],[95.5391272,27.2613821],[95.5397434,27.2610621],[95.5400921,27.2607194],[95.5406178,27.2598262],[95.5408241,27.259561],[95.5415413,27.2591399],[95.5420271,27.2590148],[95.5426433,27.2589836],[95.5433702,27.2590607],[95.543986,27.2594581],[95.544319,27.2597201],[95.5446017,27.2599097],[95.5448641,27.2599867],[95.5451216,27.2599868],[95.5453591,27.259856],[95.5457534,27.2591839],[95.54637,27.258354],[95.5467135,27.2580789],[95.5471226,27.2579032],[95.547567,27.2578493],[95.5480013,27.2577592],[95.5482437,27.2576149],[95.5485065,27.2573173],[95.5485674,27.2569203],[95.5485022,27.2562208],[95.5482957,27.2554806],[95.5481917,27.2552354],[95.5480335,27.2548623],[95.548059,27.2545329],[95.5481451,27.2541358],[95.5482311,27.2539418],[95.5484787,27.2537434],[95.5489736,27.2535677],[95.5497764,27.2535546],[95.5504176,27.253555],[95.5510487,27.2535463],[95.5510788,27.2535402],[95.5516042,27.2534338],[95.5519477,27.2531497],[95.5521448,27.2528294],[95.5522258,27.2524278],[95.5522411,27.2522293],[95.5520797,27.2520172],[95.5516255,27.2515972],[95.5512067,27.2512135],[95.5509596,27.2508613],[95.5509699,27.2505635],[95.5509901,27.2504462],[95.5513178,27.2503665],[95.5518992,27.2501324],[95.5535357,27.2488562],[95.5543287,27.248482],[95.5550103,27.2484553],[95.5558735,27.2486182],[95.5572213,27.2489798],[95.557706,27.2490071],[95.5580796,27.2489803],[95.5583574,27.2488314],[95.5595292,27.2479385],[95.560398,27.247217],[95.5605799,27.2470681],[95.5611859,27.2466262],[95.5623981,27.2457694],[95.5636961,27.2449216],[95.5640445,27.2447413],[95.564307,27.2446692],[95.564615,27.2447054],[95.5651198,27.2447914],[95.5660941,27.2450309],[95.5668715,27.2452208],[95.5670684,27.2452344],[95.5672047,27.2451984],[95.5674168,27.2450901],[95.5676996,27.2448737],[95.5677906,27.2447789],[95.5679775,27.2445173],[95.5681946,27.2443956],[95.5684572,27.2443867],[95.568654,27.2443867],[95.5692446,27.2444681],[95.570017,27.2446038],[95.5709813,27.2446629],[95.5719002,27.2446271],[95.5719064,27.244626],[95.5730715,27.2444155],[95.5735007,27.2442983],[95.5739148,27.2441315],[95.574248,27.2439646],[95.574647,27.2436399],[95.5750208,27.2433062],[95.575142,27.2431753],[95.5753037,27.2429227],[95.5754098,27.2426971],[95.5754351,27.2424941],[95.5754352,27.2422549],[95.5754101,27.2418758],[95.5752741,27.2410906],[95.5751834,27.2408424],[95.5751282,27.2400663],[95.575199,27.2397775],[95.5753556,27.2395294],[95.5756637,27.2392632],[95.5760374,27.2390017],[95.576709,27.2386274],[95.5772139,27.2382756],[95.5772696,27.2380726],[95.5772394,27.2378695],[95.5771083,27.2374542],[95.5769771,27.2372377],[95.5767349,27.2370255],[95.5762251,27.2367275],[95.5754781,27.2363797],[95.5748927,27.2361404],[95.5748718,27.2361228],[95.5747211,27.2359959],[95.5746,27.2357703],[95.5745194,27.2354363],[95.574454,27.2351023],[95.5744643,27.2346105],[95.5745603,27.2343579],[95.574732,27.2341188],[95.5751057,27.2337624],[95.5754542,27.2335098],[95.5760651,27.2331671],[95.5763176,27.2330814],[95.5769183,27.2329282],[95.5772819,27.2327749],[95.5776,27.2325945],[95.5779736,27.2323691],[95.5782564,27.2320668],[95.5783777,27.2317826],[95.5785395,27.2311554],[95.5786307,27.230262],[95.5786461,27.229901],[95.578737,27.229531],[95.5789643,27.229125],[95.5794997,27.2285656],[95.580459,27.2278123],[95.5807771,27.2277086],[95.5808882,27.2276816],[95.5810345,27.2277313],[95.5812616,27.2278396],[95.5815443,27.2280292],[95.5821145,27.228422],[95.5822152,27.2284873],[95.5823718,27.228589],[95.5825687,27.2286749],[95.5827302,27.2286613],[95.5829827,27.228508],[95.583225,27.2282554],[95.5834171,27.2278628],[95.5834676,27.2275515],[95.5837052,27.2267033],[95.5840287,27.225652],[95.5842004,27.2253406],[95.5845437,27.2248895],[95.5851042,27.2244385],[95.5857354,27.2240551],[95.5870379,27.2232973],[95.5883049,27.2230855],[95.589052,27.2231309],[95.5903088,27.2231899],[95.5912073,27.2230727],[95.5918585,27.2229782],[95.5926862,27.2230009],[95.5942357,27.2233261],[95.5946901,27.223421],[95.5949424,27.2234211],[95.5951595,27.2233624],[95.5954624,27.2232316],[95.5960076,27.2230513],[95.5967243,27.2229431],[95.5989605,27.2229074],[95.5993087,27.2229526],[95.5998134,27.2231693],[95.6000808,27.2235258],[95.6002676,27.2238146],[95.600414,27.2239681],[95.6005502,27.2240764],[95.6007521,27.2241712],[95.6009893,27.2242073],[95.6013376,27.2242345],[95.6017515,27.2242435],[95.6024329,27.2241624],[95.6035535,27.2241717],[95.603821,27.2242213],[95.6040734,27.2243522],[95.6050324,27.2251284],[95.6055471,27.2256429],[95.6056683,27.2257738],[95.6080959,27.2274212],[95.6083635,27.2275656],[95.6086057,27.2276378],[95.6087925,27.2276378],[95.6090348,27.2275927],[95.6091221,27.2275551],[95.6096203,27.2273402],[95.6099939,27.227304],[95.6103271,27.2274124],[95.6106198,27.2276019],[95.6107409,27.2278772],[95.6107825,27.2282823],[95.6107863,27.2283194],[95.6109982,27.2292355],[95.6111345,27.2295243],[95.6112556,27.2296687],[95.611614,27.2298943],[95.6121995,27.2302148],[95.6127245,27.2304901],[95.6129769,27.2305984],[95.61331,27.2306571],[95.6138704,27.2306842],[95.6141783,27.2306932],[95.614471,27.2307925],[95.6151373,27.231325],[95.6153241,27.2315056],[95.6155361,27.2316093],[95.6157885,27.2316365],[95.6161368,27.2315417],[95.6163488,27.231456],[95.6165911,27.2313252],[95.6170455,27.2310363],[95.6175654,27.2308965],[95.6179289,27.2310274],[95.6183276,27.2314425],[95.6184942,27.2320112],[95.6185547,27.2321374],[95.6187163,27.232327],[95.6188476,27.2324217],[95.6190343,27.2324849],[95.6208667,27.2326385],[95.6210105,27.2326385],[95.6211848,27.2326384],[95.621316,27.2326024],[95.6214119,27.2325572],[95.6216644,27.2323632],[95.6219673,27.2321376],[95.6225023,27.231754],[95.622785,27.231587],[95.6230374,27.2314923],[95.6233049,27.2314562],[95.6244105,27.2314788],[95.6258339,27.231542],[95.6268386,27.2315781],[95.6275705,27.2315916],[95.6278734,27.2315644],[95.629307,27.2313298],[95.6294382,27.2312576],[95.6295997,27.2310906],[95.6301601,27.2304634],[95.6303519,27.2302422],[95.6310182,27.2298226],[95.631634,27.2294977],[95.6323407,27.2296826],[95.6367276,27.2314467],[95.6398474,27.2327639],[95.6478442,27.235899],[95.6525044,27.2377751],[95.6526141,27.2378192],[95.6532396,27.238071],[95.6534685,27.2381631],[95.6597038,27.2405442],[95.6644147,27.2423345],[95.6752607,27.2466222],[95.6760283,27.2469648],[95.6765284,27.2476776],[95.6790509,27.2504265],[95.6793858,27.2507499],[95.6797966,27.2511464],[95.6815338,27.2517414],[95.682685,27.2518762],[95.6841291,27.2520245],[95.6864315,27.2523395],[95.6889611,27.252415],[95.6896529,27.2525816],[95.6909912,27.2531044],[95.6915365,27.253235],[95.6923645,27.2532121],[95.6933691,27.252819],[95.6950449,27.252236],[95.696529,27.2517299],[95.6971599,27.2514137],[95.6979521,27.2506643],[95.6996124,27.2495488],[95.7007631,27.248948],[95.7015091,27.2485744],[95.7031089,27.2489802],[95.703861,27.2492434],[95.7050406,27.249401],[95.7062644,27.2496508],[95.7072082,27.2498876],[95.7078813,27.2500572],[95.7083828,27.2503733],[95.709717,27.2512648],[95.7099842,27.251756],[95.7099845,27.252125],[95.7100299,27.2523478],[95.7100403,27.2523991],[95.7102626,27.2524892],[95.7119846,27.2528447],[95.712242,27.2528264],[95.7123985,27.2527361],[95.7125195,27.2525601],[95.7128922,27.2513551],[95.71323,27.2507005],[95.7134065,27.2504883],[95.7137849,27.2502399],[95.7142595,27.2501855],[95.7145574,27.2502033],[95.7152491,27.250275],[95.7156025,27.2502207],[95.7162386,27.2500984],[95.7165566,27.250026],[95.716814,27.2498679],[95.7171469,27.2496195],[95.7174852,27.249511],[95.7181566,27.2494925],[95.719545,27.24946],[95.7202065,27.2494775],[95.7205663,27.249794],[95.720824,27.2504339],[95.7212204,27.251649],[95.7215433,27.2521538],[95.7218524,27.2525181],[95.7220655,27.2529848],[95.7221247,27.2531145],[95.7223973,27.2538988],[95.722719,27.2544375],[95.723053,27.254835],[95.7237699,27.2551991],[95.7243509,27.2555191],[95.7254264,27.2565431],[95.7260447,27.2571946],[95.7264407,27.257813],[95.7264862,27.2579009],[95.7267749,27.25846],[95.7268372,27.2590456],[95.7269257,27.2592822],[95.727023,27.2595426],[95.7271334,27.2596483],[95.7273312,27.2597917],[95.7277392,27.2599903],[95.7280729,27.2600563],[95.7283996,27.260075],[95.728456,27.2600782],[95.7289132,27.2600005],[95.7296051,27.2599668],[95.731357,27.2599428],[95.7326917,27.2599915],[95.7338042,27.2601399],[95.7346942,27.2603879],[95.7348414,27.2604889],[95.7349373,27.2609578],[95.7351283,27.2612775],[95.7356292,27.2616608],[95.7358201,27.2619164],[95.7359161,27.2625132],[95.7359879,27.2628969],[95.7361561,27.2632158],[95.736179,27.2632591],[95.7363818,27.2634155],[95.7367038,27.2636638],[95.73709,27.2637757],[95.7376575,27.2639401],[95.7386589,27.2642804],[95.740376,27.2652169],[95.741015,27.2658066],[95.7416591,27.2663603],[95.7421123,27.2666584],[95.7425414,27.2667432],[95.7429466,27.2667429],[95.7436376,27.2665931],[95.7441826,27.266357],[95.7446355,27.2663993],[95.7455418,27.2669102],[95.7458524,27.2668811],[95.7460107,27.2668266],[95.7464101,27.2660902],[95.7468748,27.2663933],[95.7469477,27.266336],[95.7476983,27.2657464],[95.7482584,27.2660515],[95.7486422,27.2661262],[95.7488004,27.266109],[95.7494001,27.2660437],[95.7498743,27.2660822],[95.7511714,27.2665797],[95.751459,27.2667514],[95.7527005,27.2674654],[95.7535184,27.2676151],[95.7548968,27.2678103],[95.7553334,27.2679663],[95.7560828,27.2683708],[95.7568601,27.2686445],[95.7578852,27.2686657],[95.7588044,27.2685762],[95.7596985,27.2681934],[95.7612444,27.2675087],[95.7621485,27.2672884],[95.7632746,27.2672938],[95.7639911,27.2677321],[95.7645567,27.2677776],[95.7647236,27.2675183],[95.7651783,27.2672637],[95.7655115,27.2673903],[95.7661196,27.2677743],[95.7667884,27.2680456],[95.7671571,27.2680007],[95.7680764,27.2677532],[95.7682378,27.267776],[95.7683891,27.2680243],[95.7681661,27.2689987],[95.7685193,27.2691705],[95.7687034,27.269135],[95.7690093,27.2690761],[95.7696303,27.2691126],[95.771203,27.2694184],[95.7724122,27.2696788],[95.7730156,27.2697108],[95.7735233,27.2695397],[95.7739779,27.2693911],[95.7742985,27.2695086],[95.7746792,27.2700594],[95.7752546,27.2704073],[95.7758353,27.2703671],[95.7762851,27.2699478],[95.7768256,27.2696323],[95.777159,27.2696957],[95.777348,27.2700026],[95.7775318,27.2706683],[95.7779155,27.2707521],[95.7781933,27.2705989],[95.779199,27.269661],[95.7795827,27.2697515],[95.7797039,27.2698418],[95.7796755,27.270451],[95.7797964,27.270785],[95.7802984,27.2712884],[95.7804648,27.2716248],[95.7804593,27.2722564],[95.7805853,27.2724596],[95.7813827,27.2730648],[95.7818168,27.2733133],[95.7823167,27.2734309],[95.7830337,27.2734765],[95.7835789,27.2736258],[95.7839675,27.274005],[95.7843711,27.2745468],[95.7847294,27.2747681],[95.7857998,27.2750396],[95.7860545,27.2753285],[95.7863041,27.2758837],[95.7865616,27.2760734],[95.7872861,27.276243],[95.7878415,27.2763833],[95.7881771,27.2767242],[95.7889386,27.2779091],[95.7889334,27.2781054],[95.7882112,27.2782314],[95.7878727,27.278389],[95.7879028,27.2786463],[95.7882461,27.2788541],[95.7886425,27.2788565],[95.7895491,27.2786924],[95.7898723,27.2787333],[95.7909527,27.2791986],[95.7910586,27.2793656],[95.7918358,27.2800971],[95.7926258,27.2804721],[95.7947535,27.2819038],[95.7952177,27.2825313],[95.7956343,27.2825585],[95.7963995,27.2824507],[95.7967962,27.282151],[95.7971246,27.2819028],[95.797501,27.2816571],[95.7984453,27.2818832],[95.7995358,27.2823396],[95.7997881,27.2826782],[95.8000578,27.2834205],[95.8003783,27.2837614],[95.800888,27.2842671],[95.8019588,27.284209],[95.8026259,27.283449],[95.8026212,27.2829436],[95.8022403,27.2822914],[95.8014584,27.2809124],[95.8011304,27.2804069],[95.8000904,27.2800025],[95.8004417,27.279592],[95.8005783,27.2792266],[95.800528,27.2788881],[95.7999226,27.2779493],[95.7995189,27.2774256],[95.7994463,27.2765502],[95.7999136,27.2762436],[95.8004592,27.2759912],[95.8013378,27.2760593],[95.8019944,27.2758476],[95.8024644,27.2755003],[95.8031511,27.2755729],[95.8037745,27.2759591],[95.8042416,27.2761014],[95.8053223,27.2759214],[95.8055295,27.2757952],[95.8058832,27.2754321],[95.8058633,27.2750598],[95.8054346,27.2740624],[95.8050059,27.2732545],[95.8051576,27.2729522],[95.8052838,27.2730087],[95.8082528,27.2748531],[95.8082823,27.2748715],[95.8111752,27.2761995],[95.8122202,27.2768768],[95.8131946,27.2772517],[95.814068,27.2778162],[95.8153755,27.278541],[95.8170395,27.2786635],[95.8207942,27.2786357],[95.8233192,27.2788712],[95.8247987,27.2794719],[95.829505,27.2804978],[95.8306487,27.280893],[95.8364432,27.2828124],[95.8396851,27.2839211],[95.8426203,27.2846041],[95.8426747,27.2846167],[95.8455332,27.2851363],[95.8471846,27.2852088],[95.8478108,27.2853308],[95.8489672,27.285913],[95.8504974,27.2865902],[95.8517751,27.2867799],[95.8531034,27.286814],[95.857073,27.2869386],[95.8572842,27.2869738],[95.8573739,27.2869888],[95.8585882,27.2871915],[95.8593053,27.2872209],[95.8594796,27.2870223],[95.8593105,27.2866185],[95.8589924,27.2860093],[95.8582349,27.2851835],[95.8581017,27.2848474],[95.8577805,27.2840372],[95.857614,27.2836401],[95.8562556,27.2819207],[95.8559023,27.2808107],[95.8556323,27.2804135],[95.854385,27.2798064],[95.8539633,27.2795153],[95.8538219,27.279195],[95.8539736,27.2785136],[95.8546303,27.2774127],[95.8550143,27.2762192],[95.85508,27.2757567],[95.8549892,27.2753911],[95.8547267,27.2744796],[95.8549946,27.2731823],[95.8557599,27.2722574],[95.8564291,27.2710594],[95.8569998,27.2707843],[95.8579745,27.2705994],[95.8582976,27.2703874],[95.8586058,27.2700264],[95.8592118,27.2689885],[95.8597118,27.2685329],[95.8605148,27.2680615],[95.8609844,27.2677568],[95.8610198,27.267511],[95.8611208,27.2670575],[95.8614011,27.2668951],[95.8622671,27.2669086],[95.8633881,27.2667193],[95.8638275,27.2664441],[95.8640851,27.266074],[95.864181,27.2655958],[95.8641558,27.2649821],[95.8646457,27.2643661],[95.8656682,27.2641203],[95.8661303,27.2637458],[95.8664031,27.2628839],[95.8667312,27.2625275],[95.867625,27.2620018],[95.8684271,27.2609546],[95.8693722,27.2600232],[95.8698595,27.2599329],[95.870483,27.259775],[95.8712985,27.2593148],[95.8720382,27.2591794],[95.8729926,27.259175],[95.8743054,27.2592111],[95.8755777,27.2593464],[95.8764968,27.2596352],[95.877345,27.2590441],[95.8782034,27.2581867],[95.8798241,27.2573563],[95.8813185,27.2559078],[95.8846458,27.2554564],[95.8861757,27.2554044],[95.8924315,27.2552841],[95.8936788,27.2563534],[95.8941838,27.2569174],[95.8942312,27.257563],[95.8944015,27.2598864],[95.8946239,27.2610055],[95.8941696,27.2622465],[95.8944881,27.2640875],[95.8946247,27.2655044],[95.8944429,27.2659015],[95.8937917,27.2664837],[95.8934989,27.2670297],[95.8935646,27.2675712],[95.8941403,27.2681442],[95.8952251,27.2685004],[95.8963926,27.2685003],[95.8973458,27.2683721],[95.8982054,27.2682564],[95.8989477,27.2683239],[95.8994527,27.2686803],[95.8998872,27.2693932],[95.8999078,27.2714418],[95.8997215,27.272017],[95.8995394,27.272579],[95.8995599,27.273689],[95.9000802,27.274253],[95.9006155,27.2745507],[95.9009055,27.2746088],[95.9013579,27.2746995],[95.9018831,27.2746543],[95.9023527,27.2744466],[95.9030493,27.2735146],[95.9036165,27.2733552],[95.9036862,27.2733356],[95.9043523,27.2739182],[95.9043676,27.2747079],[95.9039487,27.2755744],[95.9010103,27.2776272],[95.8982178,27.2795779],[95.8970918,27.2805437],[95.8968092,27.2811665],[95.8968093,27.2817126],[95.8972135,27.2821637],[95.897971,27.2825381],[95.8994812,27.2828176],[95.9001883,27.283201],[95.9006581,27.2836703],[95.9011126,27.2839183],[95.9016335,27.2839084],[95.9023095,27.2838956],[95.9037034,27.2832771],[95.9047283,27.282582],[95.9055565,27.2822524],[95.9060565,27.2822161],[95.9063595,27.2823831],[95.9065971,27.282947],[95.906562,27.2842827],[95.9065474,27.2858981],[95.9065718,27.2860517],[95.9069725,27.2885739],[95.9071746,27.2889709],[95.9080989,27.2894399],[95.9087253,27.2895978],[95.9097505,27.2894666],[95.9109272,27.288997],[95.9118514,27.2889427],[95.9123717,27.2889876],[95.9133818,27.2891363],[95.9139223,27.2895513],[95.9141704,27.2910899],[95.9145242,27.2917847],[95.9147768,27.2920103],[95.9156203,27.2921409],[95.9157162,27.2921265],[95.9163729,27.2920278],[95.9176705,27.2912017],[95.9179938,27.2913415],[95.9183122,27.2918512],[95.9186558,27.2922641],[95.9195755,27.2933129],[95.920601,27.2937864],[95.9221823,27.2945935],[95.9231423,27.2955228],[95.9236629,27.2962761],[95.9243197,27.296858],[95.925517,27.2972681],[95.9268254,27.297588],[95.9279723,27.2982374],[95.9290131,27.2990448],[95.9290735,27.2991287],[95.9294832,27.2996988],[95.9298067,27.3000596],[95.9301233,27.3002756],[95.9310646,27.3004157],[95.9317021,27.3003724],[95.9333375,27.3002613],[95.934767,27.3005133],[95.9353431,27.3007207],[95.9375624,27.3008238],[95.9378789,27.3010016],[95.9381315,27.3011707],[95.9387204,27.301739],[95.9393091,27.3023073],[95.940219,27.3035658],[95.9403783,27.3038658],[95.9404529,27.3040391],[95.9407754,27.3047884],[95.9413009,27.3051175],[95.9417203,27.3052301],[95.9424073,27.3052659],[95.9434206,27.3050158],[95.9440739,27.3048545],[95.9453666,27.3041183],[95.9466292,27.3037883],[95.9490849,27.3049151],[95.9500097,27.3054967],[95.9511067,27.306764],[95.9516933,27.3076301],[95.9524161,27.3082839],[95.9534269,27.3089241],[95.9564734,27.3096624],[95.9584388,27.3101531],[95.9589618,27.3103919],[95.9600407,27.3109508],[95.960243,27.3111763],[95.9601928,27.3115689],[95.9598696,27.3117948],[95.9574149,27.3121346],[95.9565614,27.3125683],[95.9561656,27.3135748],[95.9560931,27.3145902],[95.9557551,27.3152447],[95.9554951,27.3154523],[95.9549474,27.3160754],[95.9547509,27.3168832],[95.9550496,27.3176772],[95.9554743,27.3180154],[95.9563483,27.3180916],[95.9572574,27.3177887],[95.9591207,27.3166054],[95.961025,27.3164418],[95.9616618,27.316685],[95.9619145,27.3168924],[95.9622184,27.3178714],[95.9626083,27.3191076],[95.9626337,27.3192767],[95.9625887,27.3197122],[95.9615132,27.3205883],[95.9613144,27.3214796],[95.9616359,27.3222759],[95.9627632,27.3231415],[95.9634048,27.3231682],[95.9647688,27.3230184],[95.9655151,27.3228451],[95.9676934,27.3223396],[95.9691231,27.3224063],[95.9705733,27.3227032],[95.9713113,27.3230411],[95.9734035,27.3237661],[95.9743079,27.3238602],[95.9755563,27.3244595],[95.9758244,27.3247977],[95.9758398,27.3251361],[95.9751532,27.3255652],[95.9744458,27.3259986],[95.9720932,27.3274401],[95.9715575,27.3274043],[95.9677214,27.3256742],[95.9660443,27.3259461],[95.9655901,27.3265511],[95.9655853,27.3265727],[95.9652947,27.3278802],[95.9656572,27.328392],[95.96682,27.3293117],[95.967291,27.3296329],[95.9681346,27.33043],[95.9685392,27.3308629],[95.9697321,27.3313855],[95.9698088,27.3314487],[95.9702578,27.3318183],[95.9710115,27.332815],[95.9710092,27.3328961],[95.9709331,27.3354729],[95.9713886,27.336393],[95.9715756,27.3365486],[95.9722833,27.3368708],[95.9735111,27.3368879],[95.9756132,27.3369993],[95.9765382,27.3373776],[95.9780044,27.3383647],[95.9817265,27.3416875],[95.9842785,27.3436297],[95.984351,27.3436849],[95.9868795,27.3456091],[95.9871023,27.346155],[95.9870828,27.3468499],[95.9865534,27.3479242],[95.9865992,27.3483484],[95.986655,27.3485423],[95.9868475,27.3490566],[95.987706,27.350915],[95.987959,27.3512893],[95.9883665,27.3518981],[95.988564,27.352365],[95.9886958,27.3527101],[95.9887111,27.3528771],[95.9885804,27.3535089],[95.9883537,27.3542355],[95.9883845,27.3547049],[95.9884657,27.3550928],[95.9885671,27.35535],[95.9889267,27.3560761],[95.9890532,27.3562881],[95.9892051,27.3564955],[95.9894883,27.3567254],[95.9898321,27.3569282],[95.9902619,27.3571173],[95.9911062,27.3574371],[95.9922234,27.357752],[95.993022,27.3579092],[95.9932899,27.357936],[95.9935275,27.3579133],[95.9938154,27.3578544],[95.9940983,27.3577639],[95.9943509,27.3576508],[95.9946741,27.3574475],[95.995045,27.3571603],[95.9952202,27.3570247],[95.995275,27.3569822],[95.9955325,27.3568376],[95.9964975,27.3563636],[95.9978507,27.3573524],[96.002466,27.3607247],[96.0024851,27.3607387],[96.0075339,27.3606297],[96.012705,27.3650284],[96.0169973,27.3649355],[96.0177539,27.3649191],[96.0178764,27.3694269],[96.0080225,27.378661],[96.003095,27.3832778],[95.9982836,27.3877852],[95.9980966,27.3881725],[95.9970004,27.3925034],[95.9964685,27.3946049],[95.9952309,27.3954723],[95.9941648,27.3960147],[95.9934878,27.3963943],[95.9931242,27.396882],[95.9930849,27.3975246],[95.9930809,27.3975912],[95.9930746,27.3976942],[95.9929038,27.3986419],[95.9924194,27.3995899],[95.9913287,27.4008362],[95.9901372,27.4023579],[95.9884853,27.4037716],[95.9881014,27.4040697],[95.9876161,27.4040972],[95.9871053,27.4039352],[95.9865946,27.4039085],[95.9859374,27.4039361],[95.9851641,27.4041533],[95.9845577,27.4044516],[95.9842195,27.4049663],[95.9837803,27.4057247],[95.9836393,27.4062663],[95.9839994,27.4073895],[95.9843389,27.4081474],[95.9843649,27.4089641],[95.9843656,27.4096409],[95.9841233,27.4100201],[95.9837598,27.4105078],[95.9834923,27.4109682],[95.9833462,27.4115639],[95.9832959,27.4118347],[95.9829826,27.4119974],[95.9817944,27.4120254],[95.9797773,27.4123383],[95.978589,27.412258],[95.9776432,27.4119338],[95.9767429,27.4116637],[95.9757265,27.4114208],[95.974705,27.4112862],[95.9740528,27.4113678],[95.9733957,27.4115849],[95.9729612,27.4119643],[95.9724966,27.4125196],[95.9720624,27.4133321],[95.9714816,27.414041],[95.9707539,27.4145829],[95.9702183,27.4149081],[95.9699759,27.4153145],[95.9699512,27.4159371],[95.9702955,27.4164513],[95.9707812,27.41683],[95.9712161,27.416938],[95.9717723,27.4169647],[95.9721616,27.4169103],[95.9725509,27.4167476],[95.9734711,27.416774],[95.9743713,27.4169087],[95.9747103,27.417098],[95.9751454,27.4174632],[95.9752711,27.4177755],[95.9754394,27.4181939],[95.9753898,27.4193897],[95.9751733,27.4203645],[95.9740823,27.4216919],[95.9733798,27.4220985],[95.9719946,27.4225056],[95.9707558,27.422493],[95.9701039,27.4229808],[95.9696189,27.4234955],[95.9696445,27.423879],[95.9700293,27.4244743],[95.9703234,27.4253676],[95.9704203,27.426288],[95.9702652,27.4266647],[95.9701527,27.4269379],[95.9697892,27.4274526],[95.9693547,27.4278861],[95.9688441,27.428076],[95.9682877,27.4280492],[95.967605,27.4279956],[95.9669273,27.4278606],[95.9661482,27.4274957],[95.9654651,27.4270088],[95.965222,27.42649],[95.965004,27.4257592],[95.9648296,27.4227406],[95.9649042,27.421247],[95.9654594,27.41992],[95.9655547,27.4190807],[95.9653883,27.4186496],[95.9653867,27.4186469],[95.9650485,27.4183771],[95.9645628,27.4180525],[95.9629594,27.4173767],[95.9623272,27.4172417],[95.9621555,27.4174855],[95.9617918,27.4180136],[95.9616714,27.4190967],[95.9615762,27.4201841],[95.96182,27.4216731],[95.9620589,27.4231485],[95.9621352,27.4238253],[95.9623532,27.4245065],[95.9627432,27.4252643],[95.9631081,27.4263199],[95.9632049,27.4272133],[95.9629121,27.4278904],[95.962599,27.4283508],[95.9613857,27.4288118],[95.9603789,27.4290208],[95.960339,27.4290291],[95.959368,27.4289214],[95.9587407,27.4285427],[95.9577894,27.4278258],[95.957253,27.4272305],[95.9567468,27.4264953],[95.9564779,27.4253584],[95.9559917,27.424384],[95.9559736,27.4243564],[95.955531,27.4236804],[95.9550903,27.4226518],[95.9549429,27.4214606],[95.9550431,27.4202423],[95.9549416,27.4195926],[95.9547494,27.4196198],[95.953875,27.4202159],[95.9533899,27.4206223],[95.9522534,27.4223826],[95.9522283,27.4224245],[95.9518343,27.4230789],[95.9517887,27.4231545],[95.9511319,27.4239671],[95.9506264,27.4241569],[95.9500902,27.4239947],[95.9496756,27.4240221],[95.9484421,27.4245101],[95.9468851,27.4251606],[95.9451869,27.4266371],[95.9447727,27.4272599],[95.9448235,27.4276164],[95.9457191,27.4285094],[95.9466198,27.4293752],[95.9474701,27.4304848],[95.9477336,27.4313646],[95.9477139,27.4320686],[95.9474465,27.4329937],[95.947108,27.4334812],[95.9465218,27.4342666],[95.9456021,27.4352417],[95.9440955,27.4360412],[95.9421084,27.436692],[95.9413097,27.4372925],[95.9401667,27.43732],[95.9386393,27.4372079],[95.9379108,27.4367751],[95.936985,27.4361257],[95.9359429,27.4356119],[95.9344359,27.4356396],[95.9332021,27.4359921],[95.9314883,27.4371434],[95.9306138,27.4379018],[95.9296682,27.4383083],[95.9287935,27.4385523],[95.927873,27.4384715],[95.926998,27.4382282],[95.9261734,27.4377682],[95.9246154,27.4371054],[95.9245978,27.4371016],[95.924575,27.4370968],[95.9233509,27.4368351],[95.9220663,27.4364836],[95.9210243,27.436105],[95.9195674,27.4352932],[95.9182322,27.4347251],[95.9176506,27.4348336],[95.9171297,27.4349962],[95.9165482,27.4352671],[95.9132208,27.435796],[95.9121285,27.4357963],[95.9118248,27.4357897],[95.9108894,27.4357696],[95.9096047,27.4353908],[95.907976,27.434349],[95.9066659,27.4332934],[95.9060334,27.4323143],[95.9056943,27.4309336],[95.9049858,27.4292417],[95.9040399,27.4282673],[95.9032659,27.4271529],[95.9021227,27.4256099],[95.9012222,27.4240263],[95.9003976,27.4227224],[95.9000081,27.4220186],[95.8998663,27.4213418],[95.899522,27.4193248],[95.8994001,27.417019],[95.8990556,27.4136213],[95.8986661,27.4128633],[95.8985582,27.412749],[95.8981806,27.412349],[95.8973309,27.4115325],[95.8971387,27.4108556],[95.8966279,27.4100164],[95.8961423,27.4094208],[95.8952422,27.4084869],[95.8947061,27.4074853],[95.8941496,27.4061272],[95.8924959,27.4030274],[95.890994,27.4012137],[95.8902659,27.4006453],[95.8894873,27.400158],[95.8886177,27.3996708],[95.8878138,27.3990211],[95.8861656,27.3982631],[95.8857258,27.3981549],[95.8857007,27.3981831],[95.8855336,27.3983715],[95.8852405,27.3988047],[95.8845126,27.4001991],[95.8839313,27.4018552],[95.8840274,27.4025049],[95.8843915,27.4029651],[95.8852156,27.4035336],[95.8860904,27.4039938],[95.8868387,27.4049819],[95.8875669,27.4061505],[95.8878804,27.4068544],[95.888194,27.4076395],[95.8882447,27.408208],[95.8882953,27.4089932],[95.8881943,27.4099273],[95.8879316,27.410929],[95.8875878,27.4116645],[95.8871278,27.4121519],[95.8865464,27.4127205],[95.8860357,27.4130184],[95.8853834,27.4132621],[95.8843369,27.41356],[95.8840739,27.4137224],[95.8839526,27.4140203],[95.8839699,27.4141083],[95.8840487,27.4145076],[95.8846758,27.4152791],[95.8847972,27.4161184],[95.8847972,27.4169622],[95.8847721,27.4176661],[95.8846761,27.4182889],[95.884216,27.4192635],[95.8839228,27.419954],[95.8839402,27.4199951],[95.8841403,27.4204684],[95.8844083,27.4211452],[95.8846005,27.4223679],[95.8847473,27.4234509],[95.8846717,27.4249806],[95.8845503,27.4259011],[95.8844291,27.4270427],[95.8844775,27.4285176],[95.8844798,27.4285859],[95.8847429,27.4299802],[95.8849604,27.4313067],[95.8849403,27.4321235],[95.8846219,27.4337479],[95.8841618,27.4347768],[95.8832161,27.4353183],[95.8827559,27.4354537],[95.8811983,27.4356839],[95.8797924,27.4360405],[95.8787455,27.4361217],[95.8778809,27.4357752],[95.8777998,27.4357427],[95.8763686,27.4351426],[95.8756656,27.4347907],[95.8751801,27.4341409],[95.8738653,27.4319344],[95.8725302,27.4301475],[95.8718273,27.4293579],[95.871706,27.4287622],[95.8716451,27.4285276],[95.8712206,27.4268941],[95.8708818,27.4263527],[95.8697592,27.4254998],[95.8690058,27.4251208],[95.8683787,27.4249041],[95.8674787,27.4248499],[95.8664572,27.4247958],[95.8654661,27.4246332],[95.8646873,27.4244437],[95.8643233,27.4240375],[95.8639088,27.4232253],[95.8636913,27.4227921],[95.8634233,27.4226432],[95.8629631,27.4225077],[95.8618457,27.4222911],[95.861588,27.4222486],[95.8603642,27.4220473],[95.8591506,27.4215869],[95.8581344,27.4208287],[95.8571383,27.419881],[95.8566025,27.4191093],[95.8563094,27.4178639],[95.8564107,27.4168577],[95.8570176,27.4156394],[95.8577206,27.4148003],[95.8598039,27.4137311],[95.8618923,27.4124046],[95.8622564,27.4119444],[95.8624486,27.4115338],[95.8625701,27.4102343],[95.8624994,27.4094491],[95.8618674,27.4089076],[95.8601434,27.408014],[95.8596328,27.4079463],[95.8589805,27.4083523],[95.8582777,27.4091374],[95.8577416,27.4097058],[95.8570387,27.4100577],[95.8550213,27.4105448],[95.8537369,27.4108154],[95.8529583,27.411113],[95.8527155,27.4115868],[95.8526595,27.4117801],[95.8524019,27.4126697],[95.8519414,27.4140279],[95.8507728,27.4165049],[95.8503126,27.4173982],[95.8500192,27.4178088],[95.8492202,27.4180523],[95.8491246,27.4180983],[95.84832,27.4184853],[95.8472024,27.4191349],[95.8463275,27.4197575],[95.845579,27.4203529],[95.8445066,27.4215845],[95.8434849,27.4230779],[95.8432419,27.42389],[95.8426853,27.4252165],[95.8422701,27.4268003],[95.8423406,27.4277479],[95.8427296,27.4292686],[95.843139,27.4302433],[95.8436748,27.430812],[95.844499,27.4312995],[95.8452978,27.43199],[95.8453735,27.4325586],[95.8453228,27.4329376],[95.8451484,27.4338562],[95.8459041,27.4343771],[95.8462225,27.4349728],[95.846996,27.4357581],[95.8472893,27.4361914],[95.8473094,27.4369088],[95.8469249,27.4373961],[95.8466819,27.4381857],[95.8468234,27.4385648],[95.8474556,27.4388085],[95.8480371,27.4390523],[95.8485225,27.439648],[95.8488865,27.4402978],[95.8490835,27.4412184],[95.8494678,27.441611],[95.8499785,27.4418277],[95.8509243,27.441882],[95.8515312,27.4419363],[95.8521886,27.4420717],[95.8523353,27.4422342],[95.8529875,27.4428029],[95.8535236,27.4432091],[95.8540091,27.4433986],[95.8545452,27.4433987],[95.855223,27.4432092],[95.855759,27.4433989],[95.8563607,27.4441976],[95.85675,27.4449287],[95.856846,27.4455017],[95.8569168,27.4461786],[95.8568712,27.4467741],[95.8566991,27.4473156],[95.8564309,27.4478842],[95.8555558,27.4492512],[95.8546046,27.4505551],[95.8541694,27.451611],[95.8539771,27.4523961],[95.8535874,27.4537497],[95.8535113,27.4543047],[95.8535366,27.4550086],[95.8535111,27.4559066],[95.8533187,27.4569083],[95.853612,27.4572332],[95.8543858,27.4580455],[95.8548258,27.4584246],[95.8560346,27.4593046],[95.8560345,27.4598732],[95.8560344,27.460744],[95.8565451,27.4612586],[95.8569802,27.4614481],[95.8576124,27.4614482],[95.8585331,27.4614483],[95.859312,27.4615838],[95.8600657,27.462017],[95.8609154,27.4629646],[95.8615426,27.4636957],[95.862974,27.464684],[95.8648204,27.4653339],[95.8656449,27.4654964],[95.8667376,27.4654152],[95.8683411,27.4651446],[95.8690645,27.4654831],[95.8694085,27.4658079],[95.8699396,27.4662953],[95.8706934,27.4666518],[95.87084,27.4670579],[95.8709362,27.4677889],[95.8710575,27.4687364],[95.8715886,27.4701036],[95.87171,27.4707805],[95.8716139,27.4717326],[95.8713457,27.473736],[95.8714165,27.4749949],[95.8715379,27.476105],[95.8720741,27.4773007],[95.872825,27.4784038],[95.8728482,27.4784378],[95.873769,27.4805902],[95.8738903,27.4811587],[95.8735514,27.4817859],[95.8732871,27.4822385],[95.8732292,27.4823377],[95.8730455,27.4826523],[95.8728228,27.484006],[95.8731618,27.4851566],[95.8730404,27.487706],[95.8729391,27.4907788],[95.8737891,27.492516],[95.8743002,27.4932471],[95.875049,27.4937614],[95.8758991,27.4940592],[95.8768706,27.4946819],[95.8780597,27.4955889],[95.8784708,27.4959895],[95.8792033,27.4967033],[95.8800281,27.4970281],[95.8807568,27.4971364],[95.8817283,27.4971364],[95.882242,27.4970955],[95.8827504,27.4970551],[95.8837472,27.4965632],[95.8846682,27.4962383],[95.8855637,27.4962923],[95.8866821,27.4968924],[95.8868542,27.4970818],[95.8868542,27.4972714],[95.8865354,27.4980024],[95.8860295,27.4983544],[95.8853102,27.4990793],[95.8842283,27.5004528],[95.8842956,27.5010471],[95.8833701,27.5019267],[95.8821226,27.5028783],[95.8811568,27.5033451],[95.8801104,27.5038119],[95.8791648,27.5044223],[95.8788026,27.5048891],[95.8786416,27.50532],[95.8782421,27.5064689],[95.8777794,27.5078333],[95.8774976,27.508677],[95.8772361,27.5091797],[95.8768738,27.5098439],[95.8761495,27.5113519],[95.8758403,27.5124224],[95.8766686,27.5140287],[95.8771191,27.5147868],[95.8774176,27.5154275],[95.8774504,27.5159524],[95.8774581,27.5160773],[95.8774422,27.5165006],[95.8777418,27.5175922],[95.8778985,27.5177829],[95.8784603,27.5185183],[95.8785008,27.5187575],[95.8784704,27.5191997],[95.8784098,27.5200299],[95.8782985,27.5210046],[95.8782175,27.5215055],[95.8780505,27.5220514],[95.8776759,27.5228095],[95.8774078,27.5234909],[95.8771952,27.524294],[95.8769826,27.5259636],[95.8769523,27.5267306],[95.8769169,27.5280888],[95.8768663,27.529632],[95.8767651,27.5305254],[95.876755,27.5311842],[95.8767449,27.5323574],[95.8767651,27.5334945],[95.8767955,27.5341938],[95.8768867,27.5355656],[95.8769626,27.5364093],[95.876907,27.5372621],[95.8767855,27.5379706],[95.8766286,27.5389137],[95.876654,27.5397709],[95.8767754,27.5409938],[95.8768564,27.5417789],[95.8769375,27.5429475],[95.8768262,27.5435838],[95.876649,27.5442831],[95.8765376,27.5446306],[95.8758289,27.5464129],[95.8752238,27.5463497],[95.8751678,27.5463523],[95.8748071,27.5463688],[95.8747378,27.5463903],[95.8746163,27.5464671],[95.8742619,27.5467468],[95.8740038,27.5469364],[95.8738265,27.5470041],[95.8737051,27.547004],[95.8735836,27.546986],[95.8734924,27.5469589],[95.8733659,27.5469048],[95.8731027,27.5467243],[95.8727838,27.5463633],[95.872404,27.5460158],[95.8719383,27.5457632],[95.8715587,27.5456232],[95.8708956,27.5454157],[95.8703033,27.5452803],[95.8701109,27.5452668],[95.8698982,27.5452848],[95.869711,27.545339],[95.8693819,27.5454021],[95.8690833,27.5454337],[95.8688874,27.5454228],[95.8688402,27.5454201],[95.8685821,27.5453795],[95.8676505,27.5451586],[95.8668205,27.5449418],[95.8666117,27.5449203],[95.8657625,27.5448695],[95.865398,27.544883],[95.8650386,27.5449507],[95.8648626,27.5450096],[95.8646994,27.5451267],[95.8643906,27.5452891],[95.8638894,27.5453703],[95.8627555,27.5453972],[95.8626288,27.5453701],[95.8625023,27.5452934],[95.86231,27.5451265],[95.8621328,27.5449414],[95.8619354,27.5447294],[95.8618949,27.544603],[95.8618949,27.5445518],[95.8618949,27.5444721],[95.8618848,27.5440164],[95.8618191,27.5437411],[95.8616926,27.5434434],[95.8615609,27.5432764],[95.8613788,27.5431364],[95.861232,27.5430778],[95.8610801,27.5430507],[95.8609333,27.5430507],[95.8607409,27.5431049],[95.8604726,27.5432356],[95.8601739,27.5434071],[95.8597689,27.5437229],[95.8590398,27.5443274],[95.8585235,27.5447561],[95.858245,27.5450358],[95.8579252,27.545446],[95.8577387,27.5457622],[95.8574855,27.5462494],[95.8573437,27.5468044],[95.8572018,27.5473188],[95.8571309,27.5474],[95.8569791,27.5474542],[95.8568194,27.5474193],[95.8566601,27.5473819],[95.8564981,27.5473729],[95.8563868,27.5473819],[95.8562147,27.547427],[95.8561235,27.5474901],[95.8559615,27.5476887],[95.8555513,27.5482256],[95.8545285,27.5494483],[95.8540931,27.5499897],[95.8540221,27.550116],[95.8538601,27.5504769],[95.8535765,27.551253],[95.853389,27.5518035],[95.8530952,27.5524441],[95.8530427,27.5525376],[95.8529028,27.552787],[95.8527003,27.5529494],[95.852032,27.5534051],[95.8514503,27.5537866],[95.8509534,27.5541269],[95.8502496,27.5547855],[95.8486342,27.5560983],[95.845834,27.5581959],[95.8458222,27.5582072],[95.8453073,27.5587011],[95.8449933,27.5591478],[95.8442136,27.5598629],[95.8435492,27.5602541],[95.8421105,27.5612372],[95.8417962,27.5614953],[95.8410301,27.5616121],[95.8410008,27.5615158],[95.8404795,27.5609381],[95.839953,27.5606673],[95.8392898,27.5605633],[95.838667,27.5603104],[95.8376192,27.559841],[95.8368497,27.5595023],[95.836298,27.559263],[95.836055,27.5592539],[95.8359183,27.5592719],[95.8355486,27.559353],[95.8345005,27.5596145],[95.8343655,27.5596569],[95.8338828,27.5598083],[95.833584,27.5599074],[95.8333504,27.5600196],[95.8332245,27.5601285],[95.8330218,27.5603721],[95.8329003,27.5606112],[95.8323327,27.5619557],[95.8322617,27.5622083],[95.8321756,27.5623256],[95.8320338,27.562461],[95.8318211,27.5625872],[95.831568,27.5626864],[95.8313856,27.5627224],[95.8311628,27.5627405],[95.8309603,27.5627855],[95.8307679,27.5628666],[95.8305045,27.5630651],[95.8302969,27.5633177],[95.8300941,27.5636335],[95.8296887,27.5646621],[95.8293545,27.5649598],[95.8291214,27.5652215],[95.8288884,27.5656952],[95.8285741,27.5664441],[95.8281939,27.5673554],[95.8281433,27.5675043],[95.8280419,27.5678292],[95.8279404,27.5683525],[95.8277072,27.5689797],[95.8275755,27.5692053],[95.8274229,27.5693395],[95.8267245,27.5699314],[95.826233,27.5707885],[95.8255442,27.5712125],[95.8250275,27.5715732],[95.8246628,27.5720288],[95.8240852,27.5728048],[95.8239346,27.5731402],[95.8238773,27.5733235],[95.823786,27.5737116],[95.8236085,27.5742235],[95.8235123,27.5743883],[95.8234413,27.5744785],[95.8232134,27.5745326],[95.8226868,27.5745685],[95.8217956,27.5745772],[95.8213351,27.5745716],[95.821026,27.5745678],[95.8197953,27.5748922],[95.8195421,27.5749779],[95.8193396,27.5750229],[95.8187319,27.5750137],[95.818418,27.5749775],[95.8181952,27.5749278],[95.8180839,27.5748735],[95.8179725,27.5747652],[95.8179117,27.5746568],[95.8179017,27.5745666],[95.8179018,27.5743951],[95.817912,27.5742056],[95.8179121,27.5740703],[95.8178615,27.573953],[95.8178008,27.5738627],[95.8176793,27.5737543],[95.8174971,27.573664],[95.8173,27.5736112],[95.8172946,27.5736098],[95.8171823,27.5735954],[95.817082,27.5735826],[95.8168844,27.5735826],[95.8165806,27.5736095],[95.8161653,27.5737086],[95.8157299,27.5738258],[95.8145093,27.5741591],[95.8143371,27.5742493],[95.8141952,27.5744793],[95.8141039,27.5748313],[95.8140834,27.5752012],[95.8140202,27.5758293],[95.8139816,27.5761893],[95.8137889,27.5766224],[95.8130894,27.5779262],[95.8128806,27.579023],[95.8127794,27.5799882],[95.8121912,27.5806267],[95.8119898,27.5811712],[95.8118997,27.5817363],[95.8120441,27.5826885],[95.8119233,27.5832203],[95.8119938,27.5835921],[95.8121446,27.5843601],[95.8124322,27.5847449],[95.8127436,27.58527],[95.8128205,27.5859372],[95.8130723,27.5865589],[95.8133436,27.587002],[95.8133924,27.5873444],[95.8133761,27.587997],[95.8135022,27.5884237],[95.8137955,27.5889766],[95.8141801,27.5896198],[95.8146791,27.5902537],[95.814817,27.5904919],[95.8149357,27.5907391],[95.8150588,27.5910974],[95.815487,27.5918032],[95.816172,27.5928391],[95.8168014,27.5934003],[95.8173117,27.593929],[95.8183822,27.5951599],[95.8184532,27.5953888],[95.8184531,27.5956319],[95.8183973,27.5959597],[95.8182787,27.5963416],[95.818078,27.5966202],[95.8177393,27.5970144],[95.817403,27.597235],[95.8165118,27.5978683],[95.8164212,27.59796],[95.8162668,27.5981872],[95.8161646,27.5983377],[95.8157995,27.59867],[95.8155327,27.5988231],[95.8142975,27.5993264],[95.8133766,27.5995852],[95.8126508,27.5996619],[95.8092106,27.6001123],[95.8089183,27.5999775],[95.8079322,27.5999501],[95.8073784,27.6001473],[95.8066725,27.6004092],[95.8058809,27.6007752],[95.8036533,27.6007827],[95.8034522,27.6003877],[95.8034801,27.600305],[95.8024818,27.6000556],[95.801521,27.5999491],[95.8011488,27.5996587],[95.8006355,27.5995177],[95.7999412,27.5995376],[95.7998094,27.5995375],[95.7997856,27.5995375],[95.798824,27.5994231],[95.7984873,27.5993417],[95.7982644,27.5992293],[95.7970276,27.5988062],[95.7961696,27.5980715],[95.7957426,27.5978019],[95.7953877,27.597684],[95.795327,27.5976639],[95.7948522,27.5977498],[95.7942685,27.5980602],[95.7940936,27.5980401],[95.793729,27.5977248],[95.7933127,27.5977245],[95.7928868,27.5977445],[95.7925324,27.5979386],[95.7923353,27.5982543],[95.7914497,27.5988445],[95.7912829,27.5989682],[95.7909662,27.5992029],[95.7906435,27.5996481],[95.7900452,27.6010471],[95.7899098,27.6014022],[95.7897106,27.602927],[95.7894868,27.6034475],[95.7894253,27.6040026],[95.7894779,27.6048561],[95.7896616,27.6067857],[95.7900588,27.6086474],[95.7901889,27.6107686],[95.7903657,27.6115888],[95.79034,27.6117393],[95.7902829,27.6118409],[95.7896748,27.6125604],[95.7881448,27.6138092],[95.7871732,27.6143915],[95.786079,27.6150184],[95.7851393,27.6156109],[95.7846021,27.6158192],[95.7838173,27.6159352],[95.7830639,27.6159518],[95.7811659,27.6161166],[95.7806046,27.6162321],[95.7800345,27.6166217],[95.7792861,27.6175888],[95.7790993,27.6179847],[95.7788032,27.6185972],[95.7784708,27.6188707],[95.7783237,27.6193783],[95.7784426,27.6227564],[95.7785266,27.6239789],[95.7789132,27.625123],[95.779248,27.6254798],[95.7795722,27.6256426],[95.7800735,27.6255556],[95.780431,27.6253682],[95.7807799,27.6251875],[95.7810265,27.6251201],[95.7812206,27.6250877],[95.7813945,27.6250878],[95.7815785,27.6251289],[95.7821927,27.6253117],[95.7828028,27.6253974],[95.7831705,27.625381],[95.7838569,27.6253105],[95.7842108,27.6253107],[95.7844667,27.6253539],[95.7849245,27.6255148],[95.7853872,27.6256752],[95.7858628,27.6257788],[95.7863231,27.625831],[95.7867184,27.6258312],[95.7871563,27.6257057],[95.7874512,27.6255591],[95.7875295,27.6255381],[95.7875839,27.6255411],[95.7880864,27.6256638],[95.7882257,27.6257021],[95.7883803,27.6257958],[95.7893789,27.62649],[95.7894929,27.6275021],[95.7892998,27.6278855],[95.7890925,27.6283248],[95.789048,27.628608],[95.7890476,27.6290813],[95.7891531,27.6294383],[95.7892078,27.6297733],[95.789198,27.6299892],[95.7890825,27.6302229],[95.7886416,27.6306961],[95.7882337,27.6312618],[95.7882741,27.6317248],[95.788304,27.6325867],[95.7883258,27.6334834],[95.7882142,27.6343879],[95.7882991,27.6348435],[95.788724,27.6351826],[95.7893542,27.6356366],[95.7902516,27.636153],[95.7906413,27.6366032],[95.7909504,27.6370995],[95.7915065,27.6373209],[95.7924795,27.6375214],[95.7935389,27.6377208],[95.7937952,27.6381143],[95.7939885,27.6385521],[95.79443,27.6388692],[95.7951531,27.6388247],[95.7953876,27.6383564],[95.7955895,27.6394025],[95.7957319,27.64024],[95.7957829,27.6417003],[95.7952909,27.6417176],[95.7947849,27.64179],[95.793792,27.6425027],[95.7934783,27.6427495],[95.7931732,27.6430837],[95.7928812,27.6433829],[95.7927235,27.6434859],[95.7923997,27.6436123],[95.7920526,27.6436874],[95.791547,27.6437487],[95.7910644,27.6438982],[95.7906728,27.6442215],[95.7903977,27.6445354],[95.7899557,27.6445389],[95.7892412,27.6442695],[95.7883743,27.6440232],[95.787841,27.6439564],[95.7873607,27.6441596],[95.7867,27.6449347],[95.786465,27.645219],[95.7863115,27.6455331],[95.7862705,27.6458289],[95.7859842,27.6463576],[95.7852658,27.6465482],[95.7846574,27.64669],[95.7834006,27.6468369],[95.7815003,27.6471312],[95.7809565,27.6473197],[95.7806386,27.6475409],[95.7802513,27.6478912],[95.7801843,27.6480263],[95.7800589,27.648279],[95.7799806,27.6486365],[95.7798194,27.6491571],[95.779676,27.6493826],[95.7795677,27.6494961],[95.7794359,27.6495625],[95.7792319,27.6496092],[95.779012,27.6496224],[95.7784021,27.6495897],[95.7773195,27.6500503],[95.7770962,27.6501078],[95.7768556,27.6501488],[95.7763495,27.650099],[95.7758959,27.6502265],[95.7748484,27.6505772],[95.7743205,27.6507994],[95.7738782,27.6511697],[95.7734899,27.6516424],[95.7732397,27.6521336],[95.772764,27.653382],[95.7726245,27.6542888],[95.7722515,27.6547894],[95.7714283,27.6554284],[95.7707087,27.6562784],[95.7705044,27.6572336],[95.770433,27.6577028],[95.7704328,27.6579375],[95.7704732,27.658118],[95.7705741,27.6585061],[95.770807,27.658777],[95.7714045,27.6592648],[95.7722349,27.6599918],[95.7724374,27.6602266],[95.7724676,27.660362],[95.772437,27.6606056],[95.7724063,27.6609395],[95.7724771,27.6611832],[95.7727095,27.66177],[95.7729223,27.6619506],[95.7729728,27.6620408],[95.7729423,27.6621763],[95.772597,27.6629131],[95.7725391,27.6630295],[95.7723852,27.6632042],[95.7720186,27.6636814],[95.7719889,27.6639469],[95.7719734,27.6640857],[95.7719726,27.6640931],[95.7722502,27.6652936],[95.7727461,27.6661332],[95.7728825,27.6666296],[95.773208,27.6678207],[95.7734178,27.6685928],[95.7737206,27.6700369],[95.7737608,27.6703979],[95.7736385,27.6710881],[95.7734355,27.6715393],[95.7733946,27.6718822],[95.7735565,27.6721891],[95.7739209,27.6726586],[95.7748524,27.6738144],[95.7753587,27.6743922],[95.7760477,27.6746635],[95.7764934,27.6749661],[95.7769796,27.6753997],[95.7772633,27.6755622],[95.7778512,27.6756709],[95.7781957,27.6757254],[95.7784186,27.6758699],[95.7786617,27.6760686],[95.7787021,27.6762672],[95.7786005,27.6766281],[95.7786002,27.6768988],[95.778671,27.6769756],[95.779061,27.6772826],[95.7796489,27.6773913],[95.780176,27.6774097],[95.7807436,27.6774823],[95.7814934,27.6778077],[95.7829123,27.6780613],[95.7836776,27.6781521],[95.7843062,27.6780262],[95.7849346,27.6780265],[95.785928,27.6780994],[95.7863739,27.6781899],[95.786982,27.6784069],[95.7873061,27.6786778],[95.787544,27.679084],[95.7879492,27.6794904],[95.7884761,27.6797073],[95.7896316,27.679726],[95.7902601,27.6797806],[95.7904425,27.6799431],[95.790483,27.6800153],[95.7904626,27.6801417],[95.7894892,27.6805562],[95.7888805,27.6811875],[95.7881501,27.6818052],[95.787927,27.6819134],[95.7877446,27.6818952],[95.7874812,27.6816424],[95.7870758,27.6815338],[95.7867716,27.6814976],[95.7863662,27.6815695],[95.7861633,27.6817498],[95.7860821,27.6819302],[95.7860007,27.682201],[95.7860356,27.6823732],[95.7861212,27.6826406],[95.786345,27.6836882],[95.7855453,27.6845092],[95.7849833,27.6850522],[95.7845666,27.6847833],[95.7841266,27.6845817],[95.7838105,27.6844964],[95.783406,27.6844704],[95.7830247,27.6846347],[95.7830045,27.6846434],[95.7827116,27.6849949],[95.7827548,27.6853693],[95.7829233,27.6857155],[95.7831808,27.6860393],[95.7832635,27.686347],[95.7832519,27.6866625],[95.7831844,27.6868847],[95.7831244,27.6870478],[95.7830685,27.687132],[95.7830214,27.6871739],[95.78293,27.6872139],[95.7826869,27.6871899],[95.7823923,27.6871332],[95.7819128,27.687024],[95.7814677,27.6868725],[95.781099,27.6868723],[95.7808202,27.6869341],[95.7804895,27.6870548],[95.7801354,27.6872045],[95.7778205,27.6874069],[95.7771922,27.6871539],[95.777309,27.6869239],[95.7773244,27.6867524],[95.7772638,27.6865854],[95.7771573,27.6864905],[95.7770053,27.6864273],[95.7768279,27.6864136],[95.7765744,27.6864992],[95.7763614,27.6865847],[95.7754744,27.6866021],[95.7747247,27.6861278],[95.7742032,27.6854417],[95.7741224,27.685289],[95.7739925,27.685138],[95.7737865,27.6849967],[95.7733079,27.684898],[95.7729504,27.6852827],[95.7727555,27.6857562],[95.7726576,27.6860578],[95.7722994,27.6860227],[95.7715704,27.6858186],[95.7711087,27.6857642],[95.7707942,27.685764],[95.7704777,27.6859925],[95.7703502,27.6862514],[95.77035,27.6864972],[95.7696349,27.6868325],[95.7690875,27.6867869],[95.7686517,27.6867866],[95.7682715,27.6868089],[95.7680586,27.6868809],[95.7678659,27.6869891],[95.7675919,27.6872957],[95.7675204,27.6877152],[95.7676263,27.688329],[95.7675442,27.6893442],[95.767224,27.6902734],[95.7665699,27.6904308],[95.7663115,27.6903449],[95.7659566,27.6903897],[95.7657339,27.690439],[95.76539,27.6907681],[95.7651849,27.6910786],[95.76505,27.6916086],[95.7649736,27.6919172],[95.7649243,27.6920517],[95.7646205,27.6924318],[95.7640683,27.6930158],[95.7638108,27.6934351],[95.7637776,27.6937582],[95.7637938,27.6938082],[95.7638747,27.6940339],[95.763981,27.6941603],[95.7641381,27.694192],[95.764351,27.6941606],[95.7645032,27.6941607],[95.7646196,27.6942872],[95.7646313,27.6943373],[95.7646567,27.6948004],[95.7645143,27.6953315],[95.7644964,27.6957543],[95.7644963,27.6958843],[95.7648302,27.6965298],[95.7655291,27.6972478],[95.7656961,27.6974555],[95.7657316,27.6975683],[95.7655382,27.6983262],[95.7651474,27.6987952],[95.7650723,27.6988163],[95.7650265,27.6988304],[95.7649927,27.6988596],[95.7646709,27.6991384],[95.7645689,27.6993406],[95.7645533,27.6996971],[95.7647052,27.6999093],[95.7648825,27.7000494],[95.7653081,27.7002076],[95.7658556,27.7003028],[95.7662003,27.7003121],[95.7669348,27.7008631],[95.7678615,27.7018158],[95.7680286,27.7020913],[95.7680031,27.7022897],[95.7678964,27.7024702],[95.7674994,27.7027516],[95.7669372,27.7030886],[95.7664454,27.703437],[95.7661737,27.7038527],[95.7659368,27.7047957],[95.7658536,27.7057164],[95.7657494,27.7062696],[95.7656808,27.706418],[95.7655218,27.706599],[95.764998,27.7069957],[95.7638588,27.707689],[95.7631352,27.708517],[95.7628976,27.709015],[95.762784,27.7098028],[95.7627735,27.710087],[95.7628696,27.7103127],[95.763047,27.7105024],[95.763285,27.7106289],[95.7636297,27.7107014],[95.763878,27.7107963],[95.7640554,27.7108731],[95.7641617,27.7109906],[95.7641769,27.711126],[95.7640296,27.711347],[95.7636896,27.711676],[95.7631268,27.7122202],[95.7626893,27.7126409],[95.7626695,27.7126634],[95.7624766,27.7129204],[95.7624764,27.7130558],[95.7625118,27.7131641],[95.7626435,27.7133222],[95.7628563,27.7134892],[95.7630691,27.7135841],[95.7632821,27.7135844],[95.7636167,27.7136162],[95.7638651,27.7136705],[95.7640677,27.7137564],[95.7648833,27.7144203],[95.765025,27.7147815],[95.764325,27.7151418],[95.7635186,27.7152992],[95.7630067,27.7151092],[95.762796,27.7150338],[95.7624006,27.7150106],[95.7618521,27.7152898],[95.7613008,27.7156863],[95.760831,27.7159809],[95.7604507,27.7161443],[95.7599916,27.7162148],[95.7591096,27.7164575],[95.7583569,27.7168263],[95.758115,27.7170617],[95.7575838,27.7174358],[95.7568938,27.7175986],[95.7561575,27.7177672],[95.7558464,27.7178473],[95.7550531,27.7180517],[95.7545542,27.7182628],[95.7541859,27.7184211],[95.7536989,27.7187379],[95.7532592,27.7191288],[95.7526647,27.7198262],[95.7525921,27.7199787],[95.7523462,27.7204952],[95.7522627,27.7209181],[95.752308,27.7229274],[95.7523141,27.7230179],[95.7523685,27.7238295],[95.7524869,27.7242315],[95.7528306,27.7247288],[95.753185,27.725045],[95.7534119,27.7252475],[95.7541475,27.7257029],[95.7547885,27.7259149],[95.7558331,27.7260744],[95.7565335,27.7262442],[95.7576373,27.7266576],[95.75848,27.7269438],[95.7590261,27.7270394],[95.7598396,27.727076],[95.761415,27.7269957],[95.7626501,27.7268381],[95.7635409,27.7265216],[95.7643959,27.7263742],[95.7650015,27.7263324],[95.7655715,27.7263858],[95.7663073,27.7266507],[95.7674583,27.7274447],[95.7689123,27.7284562],[95.7700159,27.7291339],[95.7719113,27.7301751],[95.7729915,27.7305777],[95.7733045,27.7306642],[95.7742973,27.7309383],[95.7754606,27.7313726],[95.7777394,27.7325692],[95.7787743,27.7331803],[95.7793794,27.7337094],[95.7798894,27.7344289],[95.7802805,27.7352117],[95.7804549,27.7357111],[95.7805494,27.7363034],[95.7805489,27.7369167],[95.7803108,27.7376991],[95.7800847,27.7381219],[95.7794666,27.7388723],[95.779086,27.7395382],[95.778599,27.7405386],[95.7782538,27.7415113],[95.7779799,27.7424628],[95.7775495,27.7446372],[95.7773345,27.7459165],[95.7770835,27.7467893],[95.7765598,27.7481109],[95.7762548,27.7492342],[95.7761572,27.7504335],[95.7758516,27.7519945],[95.7757999,27.7531495],[95.7760023,27.7536234],[95.7764585,27.7539171],[95.7780352,27.75464],[95.7796324,27.7552278],[95.7823499,27.7563846],[95.7857412,27.7587422],[95.7868867,27.7596679],[95.7893196,27.7619299],[95.791022,27.7644171],[95.7921874,27.7659339],[95.793446,27.7675507],[95.7943968,27.7690756],[95.7950304,27.7696896],[95.7958416,27.7702315],[95.7979002,27.7716088],[95.7990814,27.772584],[95.8003489,27.7736947],[95.801722,27.7760462],[95.8023298,27.7774453],[95.8026838,27.7792097],[95.8029612,27.7815832],[95.8032847,27.7834243],[95.8039181,27.7845977],[95.804805,27.7859789],[95.8060221,27.7869044],[95.8080812,27.7881282],[95.809552,27.7890764],[95.8098559,27.7896541],[95.8104135,27.7907147],[95.81059,27.7925016],[95.8106398,27.7941981],[95.8106134,27.7957593],[95.8109175,27.7965264],[95.8116728,27.7976232],[95.8123827,27.7983906],[95.8136759,27.7997267],[95.8155827,27.801582],[95.8166476,27.8026879],[95.8189097,27.8044982],[95.822065,27.8065208],[95.824911,27.8079476],[95.8265853,27.8087153],[95.8279348,27.8091263],[95.8292034,27.8092847],[95.8294852,27.8092975],[95.8312129,27.8093756],[95.8332933,27.8094213],[95.8355058,27.809467],[95.8367744,27.8094674],[95.8376877,27.8098286],[95.8380732,27.8102348],[95.8381493,27.8104604],[95.8380981,27.8116155],[95.8379395,27.81578],[95.8378369,27.8188528],[95.8377095,27.820459],[95.837759,27.8241182],[95.8380026,27.8241318],[95.8394488,27.8245157],[95.8434122,27.8257575],[95.847401,27.8271165],[95.8492838,27.8279741],[95.8532016,27.8296171],[95.8543301,27.8300016],[95.8543942,27.8300234],[95.8545126,27.830026],[95.8574446,27.8300914],[95.8599873,27.8302497],[95.8616875,27.8307958],[95.8637818,27.831322],[95.8640311,27.8313846],[95.8655498,27.8317662],[95.8688286,27.8321499],[95.870407,27.8326688],[95.8713714,27.833463],[95.8720058,27.8343654],[95.8725234,27.8350287],[95.873451,27.8357842],[95.8759547,27.8384623],[95.8772998,27.8397076],[95.8785688,27.841201],[95.880579,27.8430509],[95.8825334,27.8449052],[95.8836553,27.8461053],[95.8844675,27.8472559],[95.8847418,27.8480093],[95.8857318,27.8494982],[95.8864985,27.851127],[95.8866001,27.8518263],[95.8871079,27.8529814],[95.8877172,27.8541544],[95.8877681,27.8552148],[95.8881489,27.8560539],[95.8884536,27.8565728],[95.8892609,27.8567397],[95.8906569,27.856717],[95.8911442,27.8568523],[95.8912459,27.8571455],[95.8904541,27.858391],[95.8902512,27.8594287],[95.8902512,27.8599927],[95.8905305,27.8601551],[95.8909367,27.8600377],[95.8917539,27.8595639],[95.8924578,27.8591247],[95.8932006,27.8586613],[95.8944696,27.8575737],[95.8953377,27.8573706],[95.8957439,27.8577134],[95.8958201,27.8581195],[95.8957441,27.8586835],[95.8952366,27.8596085],[95.8949067,27.8601997],[95.8945465,27.861621],[95.8947547,27.8620045],[95.8949394,27.8620482],[95.8958971,27.8622751],[95.8984659,27.8620039],[95.8998875,27.8618006],[95.9008013,27.8618907],[95.9013091,27.8620484],[95.9013837,27.8620449],[95.9027356,27.8619805],[95.9043856,27.8617997],[95.9049187,27.8621154],[95.9048935,27.862499],[95.9047413,27.8629546],[95.9045578,27.8631131],[95.9022795,27.8650804],[95.9014625,27.8664792],[95.9013866,27.8675667],[95.9016914,27.868469],[95.9020266,27.8688976],[95.9024582,27.8690328],[95.9033518,27.8689108],[95.9044525,27.8677635],[95.9050014,27.8671913],[95.9060469,27.8659729],[95.90658,27.8659954],[95.9069608,27.8662435],[95.9075195,27.8669426],[95.9082821,27.8683339],[95.9085863,27.8687066],[95.908561,27.8691578],[95.9074951,27.8699025],[95.9072921,27.870444],[95.9078,27.8708996],[95.908054,27.8710123],[95.9089982,27.8707639],[95.9101151,27.87015],[95.910699,27.870195],[95.9108768,27.8704882],[95.9108072,27.8709048],[95.9107971,27.8709529],[95.9104203,27.8718915],[95.9101158,27.8724105],[95.9107528,27.8728798],[95.9109792,27.8730465],[95.9136505,27.8748957],[95.9145394,27.8757572],[95.9147174,27.8763889],[95.9148394,27.8769799],[95.915043,27.8780672],[95.9151446,27.8784281],[95.9160082,27.8794882],[95.9170241,27.8804625],[95.9170498,27.8808911],[95.9164913,27.8811395],[95.9157299,27.8818841],[95.9154254,27.8826107],[95.9154257,27.8833101],[95.9155529,27.8837612],[95.9163146,27.8839866],[95.9168477,27.8838962],[95.9172286,27.8836027],[95.9181216,27.8820413],[95.9187813,27.8809808],[95.9194412,27.8805971],[95.9206854,27.8808674],[95.9228488,27.8815886],[95.9250882,27.881678],[95.9253168,27.8819937],[95.9251647,27.8823097],[95.924652,27.8826076],[95.9240317,27.8828038],[95.9235096,27.8829689],[95.9224433,27.8831949],[95.9212706,27.8837594],[95.9207631,27.8846394],[95.9200524,27.8849103],[95.9191803,27.8847895],[95.9184273,27.8846852],[95.9174566,27.8848406],[95.9168023,27.8849957],[95.9160359,27.8856606],[95.9154271,27.8870143],[95.9153259,27.8878311],[95.9153769,27.8884402],[95.9155043,27.8893876],[95.9164084,27.8899784],[95.9172971,27.890118],[95.9176779,27.8900728],[95.9187238,27.8893235],[95.9206784,27.8882851],[95.9220544,27.8878559],[95.922816,27.8877655],[95.9234255,27.8878781],[95.9237049,27.8881036],[95.9237304,27.8885096],[95.9233498,27.889164],[95.9225885,27.8899088],[95.9217411,27.8906388],[95.920959,27.8913125],[95.919487,27.8931223],[95.9192336,27.8943181],[95.9192339,27.8950445],[95.9196404,27.8955181],[95.9205547,27.8958562],[95.9226672,27.8956976],[95.9229231,27.8956243],[95.9248761,27.8950651],[95.9259732,27.8953355],[95.926075,27.8958091],[95.9257707,27.8967568],[95.9257061,27.8970383],[95.925568,27.8976412],[95.9257968,27.8982728],[95.9260879,27.898605],[95.9263304,27.8988817],[95.9268637,27.8989943],[95.9278538,27.8987007],[95.9281582,27.8981365],[95.9280437,27.8975481],[95.9278018,27.8963048],[95.9278776,27.8953347],[95.9284869,27.8951315],[95.9294569,27.8950859],[95.9307776,27.8959427],[95.931235,27.8964614],[95.9324794,27.8967992],[95.9360145,27.8975467],[95.9377467,27.8982001],[95.9378485,27.8986513],[95.9372902,27.899193],[95.9369855,27.8993059],[95.9363798,27.899419],[95.9358226,27.8995231],[95.9328467,27.8998221],[95.9317803,27.9001384],[95.9305061,27.9011767],[95.9297702,27.9021019],[95.9298314,27.9027426],[95.9303903,27.903171],[95.9319954,27.9033057],[95.9343061,27.9032371],[95.9364446,27.903737],[95.9400564,27.9049761],[95.9410472,27.9056073],[95.9413015,27.9060628],[95.9410478,27.9065142],[95.9404935,27.9066959],[95.9396006,27.9069886],[95.9363195,27.9070127],[95.9355326,27.9074868],[95.9354059,27.9080282],[95.9353299,27.9084614],[95.9354572,27.9089803],[95.9362449,27.9098373],[95.937541,27.9113752],[95.9381512,27.9125254],[95.9388117,27.9128862],[95.9392484,27.9127506],[95.9395531,27.9125022],[95.9404921,27.9114415],[95.9416345,27.9107145],[95.9426554,27.9106915],[95.9432651,27.9110567],[95.9441798,27.9118458],[95.9445613,27.9126578],[95.9450701,27.9140832],[95.9451876,27.9150126],[95.9453402,27.915378],[95.9459504,27.9163478],[95.9471244,27.9174526],[95.9492839,27.9184261],[95.9508896,27.9191922],[95.9526935,27.9200936],[95.9529223,27.9204364],[95.9527956,27.9208199],[95.9521864,27.9214069],[95.9502773,27.922581],[95.9488302,27.9235338],[95.948602,27.9240077],[95.9485514,27.9243912],[95.9487549,27.9246844],[95.9495173,27.9254375],[95.9512761,27.9270654],[95.9530043,27.9285578],[95.9539247,27.9297079],[95.9547129,27.9307722],[95.954764,27.9312008],[95.9545865,27.9315393],[95.9542817,27.9316749],[95.9537179,27.9316977],[95.9529811,27.93145],[95.950974,27.9308195],[95.9500546,27.9309328],[95.949242,27.931204],[95.9482521,27.9324001],[95.9479429,27.9334065],[95.9478422,27.9347871],[95.9480466,27.9364836],[95.9483011,27.9371151],[95.9490689,27.938175],[95.9511783,27.9395545],[95.9525301,27.9400952],[95.9545631,27.9411362],[95.9556307,27.9420605],[95.9567289,27.9431428],[95.9571867,27.9437787],[95.9589869,27.9458802],[95.9610007,27.9481168],[95.9625263,27.9498575],[95.96426,27.9510566],[95.9652005,27.9516651],[95.9653533,27.9520936],[95.9652518,27.9522741],[95.9653033,27.9531764],[95.9656596,27.9538801],[95.9669059,27.9555802],[95.9680254,27.9573662],[95.9698566,27.959648],[95.9716167,27.9616365],[95.9718204,27.9621779],[95.9717445,27.9624486],[95.9712873,27.9627196],[95.9703423,27.962788],[95.9623441,27.963222],[95.9579436,27.9634504],[95.9527045,27.9635436],[95.9467237,27.9638899],[95.9408952,27.9641635],[95.9382732,27.9643903],[95.9334407,27.9646857],[95.9316001,27.9647997],[95.925742,27.9651626],[95.9201676,27.9654579],[95.9131703,27.9660014],[95.9072908,27.9663413],[95.9015383,27.9667487],[95.8945407,27.9670206],[95.885302,27.9677165],[95.8822733,27.9678746],[95.8780757,27.968326],[95.8699752,27.9688223]],[[89.7898974,26.3415555],[89.7897213,26.3418328],[89.7898945,26.3425829],[89.7915896,26.3426942],[89.7940804,26.3438321],[89.7953655,26.3464643],[89.7954463,26.3475313],[89.7955856,26.3493699],[89.7962169,26.3496524],[89.7977015,26.3503165],[89.8000068,26.3506053],[89.8022845,26.3505743],[89.8067406,26.349102],[89.8125715,26.3452702],[89.8161013,26.3427782],[89.8161323,26.3427283],[89.8185592,26.338832],[89.8193669,26.3368311],[89.8192148,26.3348942],[89.819675,26.3330219],[89.8197732,26.3329271],[89.823026,26.3297844],[89.8231213,26.3279374],[89.8202391,26.3232482],[89.8179008,26.3213333],[89.8174147,26.3209353],[89.8147036,26.3216472],[89.8129089,26.3226841],[89.8126657,26.3228246],[89.8111389,26.3237067],[89.8079975,26.3265068],[89.8052598,26.3284101],[89.8028315,26.3296486],[89.8007216,26.3297026],[89.7998344,26.3297253],[89.7980318,26.3313119],[89.796123,26.3329919],[89.7972801,26.3355137],[89.7980573,26.337849],[89.7964736,26.3396035],[89.7963991,26.339686],[89.7934108,26.3413865],[89.7910842,26.3412226],[89.7901507,26.3411568],[89.7898974,26.3415555]]]}}]}
