{"type":"FeatureCollection","features":[{"type":"Feature","id":"in-chhattisgarh","properties":{"id":"in-chhattisgarh","name":"Chhattisgarh","region":"in-chhattisgarh","level":"region","parent":"","source":"LGD via Bharatlas · 2024 snapshot","state_lgd":22,"center":[82.04105927240279,21.26591496910433],"bbox":[80.2444275,17.7823073,84.3955505,24.1062771]},"geometry":{"type":"Polygon","coordinates":[[[83.3460259,24.0974426],[83.3437564,24.0980506],[83.3422416,24.0984564],[83.3387188,24.0986624],[83.3362107,24.0988204],[83.3324418,24.1005065],[83.331774,24.1008052],[83.3294503,24.1012867],[83.3293539,24.101329],[83.3270307,24.1023509],[83.3247634,24.1041321],[83.3247275,24.1041603],[83.3243817,24.1045354],[83.3241503,24.1047865],[83.323547,24.1054409],[83.3229827,24.106053],[83.3228053,24.1062454],[83.3227761,24.1062771],[83.3214512,24.1060169],[83.3192144,24.1025989],[83.3181437,24.0988407],[83.3178847,24.0965616],[83.3162245,24.0938302],[83.3147472,24.0909725],[83.3131511,24.0890629],[83.311133,24.0880162],[83.310654,24.0872123],[83.3097878,24.0847091],[83.3076856,24.0820485],[83.3063162,24.0805938],[83.3056042,24.0796372],[83.3045394,24.0794499],[83.3027458,24.0787272],[83.3027447,24.0787268],[83.301659,24.0796399],[83.3016228,24.0796704],[83.2994553,24.0789289],[83.2993283,24.0785275],[83.2995103,24.0777193],[83.2983667,24.0755635],[83.2972978,24.0740891],[83.2947307,24.0717143],[83.2935458,24.0679307],[83.2926713,24.0662156],[83.290097,24.0624223],[83.2900361,24.0621823],[83.2891419,24.0586599],[83.2874047,24.0551113],[83.2847788,24.052094],[83.2821125,24.0497342],[83.2819528,24.048516],[83.2821444,24.0459113],[83.282211,24.0456939],[83.2832442,24.0423197],[83.2837314,24.0407284],[83.2840017,24.0395274],[83.283583,24.0352456],[83.283449,24.0324201],[83.2827992,24.028822],[83.2823266,24.0275271],[83.2807065,24.0230874],[83.2800213,24.0210222],[83.2800203,24.0210193],[83.2791098,24.0182747],[83.2767809,24.0190338],[83.2750091,24.0191767],[83.2727502,24.0181741],[83.2711163,24.0167035],[83.2706404,24.0162751],[83.2675426,24.0132282],[83.2656973,24.0104566],[83.2636336,24.0092396],[83.2597595,24.0094665],[83.2589449,24.010088],[83.2576803,24.0130976],[83.2576752,24.0131098],[83.2569796,24.0135027],[83.2551624,24.0145291],[83.2518792,24.014914],[83.2497389,24.014631],[83.2491488,24.0143816],[83.248156,24.0139619],[83.2425857,24.0115857],[83.2423687,24.0106424],[83.241139,24.0052962],[83.2416662,24.001112],[83.2417457,24.0000337],[83.2422352,23.9983851],[83.2424822,23.9976479],[83.2424325,23.9971784],[83.2413927,23.9965381],[83.2402118,23.9963191],[83.2383261,23.9963415],[83.2364692,23.9963807],[83.2353134,23.9964051],[83.2346115,23.9963849],[83.2336558,23.996074],[83.2326264,23.9954683],[83.2316009,23.9941872],[83.2314328,23.9939772],[83.2312682,23.9934578],[83.2313188,23.992446],[83.2314021,23.9916076],[83.2314999,23.9902113],[83.2312173,23.9895202],[83.2304971,23.9887685],[83.2291362,23.9877863],[83.2277819,23.9874489],[83.2264849,23.9871276],[83.2252534,23.9871535],[83.2245713,23.9871678],[83.2239598,23.9869716],[83.2236105,23.9866478],[83.2232642,23.9860625],[83.2231371,23.9855249],[83.2231762,23.9848095],[83.2233319,23.9842138],[83.2241915,23.9825748],[83.2258389,23.9802223],[83.2267587,23.9787215],[83.2269083,23.9778819],[83.2267058,23.9773633],[83.226525,23.9769488],[83.2262325,23.9766238],[83.2257102,23.9761991],[83.2246147,23.9755947],[83.2231537,23.9751549],[83.2230994,23.9751316],[83.2213336,23.974374],[83.2204445,23.9736781],[83.2196681,23.972945],[83.2190048,23.9718087],[83.2187463,23.9705593],[83.2186121,23.9689761],[83.2187851,23.9683102],[83.2190606,23.9675724],[83.2192745,23.9670277],[83.2199133,23.9660383],[83.2206903,23.9652726],[83.221806,23.9640292],[83.2224636,23.9630394],[83.2228216,23.9621953],[83.2231967,23.9601309],[83.2231883,23.9590331],[83.2231284,23.9581456],[83.2226128,23.9572327],[83.222007,23.9561126],[83.2217585,23.9552638],[83.2211202,23.9539876],[83.2203469,23.9533764],[83.2199418,23.9527052],[83.220017,23.9514426],[83.2202133,23.9495276],[83.2200259,23.9488518],[83.2197922,23.9485953],[83.219103,23.9483135],[83.2171829,23.9473081],[83.2164902,23.9468869],[83.2158961,23.9462372],[83.2155181,23.945513],[83.2152924,23.9448206],[83.2155251,23.9431253],[83.2158186,23.9419689],[83.2162691,23.9402689],[83.2164209,23.9391329],[83.2159924,23.9379045],[83.2149563,23.937386],[83.2138096,23.9369917],[83.2127554,23.9365084],[83.2121483,23.9359435],[83.2119311,23.9357414],[83.2104576,23.9336286],[83.209572,23.9319218],[83.2090391,23.9310615],[83.2084584,23.9305682],[83.2077896,23.9303382],[83.2065671,23.9299455],[83.2049608,23.9293517],[83.2039876,23.9290758],[83.2038168,23.9286785],[83.2037871,23.9282434],[83.2039274,23.9277873],[83.2041439,23.9273471],[83.20464,23.9267267],[83.2052543,23.9262782],[83.2071518,23.9252451],[83.2071673,23.9252252],[83.2079415,23.9242351],[83.208096,23.9235871],[83.208195,23.9229924],[83.208161,23.9223832],[83.2079186,23.9213948],[83.2071636,23.9207484],[83.206238,23.9200881],[83.2062379,23.920088],[83.2049123,23.9193489],[83.2036672,23.9184164],[83.2019849,23.9170398],[83.2003623,23.9154006],[83.1994895,23.9145823],[83.1984347,23.9140641],[83.1971462,23.9140561],[83.1958022,23.9141015],[83.1946437,23.9143347],[83.1946428,23.9143348],[83.1941052,23.9148166],[83.1935896,23.9161867],[83.1931721,23.9169275],[83.1917273,23.9174978],[83.1905614,23.9174698],[83.1897627,23.917347],[83.1894499,23.9169526],[83.1891814,23.9160519],[83.1888406,23.9152922],[83.1886814,23.9149818],[83.188026,23.9145249],[83.1870477,23.9144199],[83.1863341,23.9146785],[83.1845842,23.9151678],[83.1838831,23.9151649],[83.182348,23.9151445],[83.1812904,23.9150954],[83.1807142,23.9146949],[83.1802442,23.9140595],[83.1795914,23.9131771],[83.1782688,23.9121625],[83.1771026,23.9117526],[83.1765806,23.9116332],[83.1760954,23.9117658],[83.1760649,23.9117741],[83.1759857,23.912257],[83.1759828,23.912275],[83.1753749,23.9125047],[83.1746739,23.9123021],[83.1734236,23.9113513],[83.1725287,23.9104581],[83.1721868,23.9099877],[83.1719485,23.908929],[83.1716689,23.90811],[83.1711888,23.9077726],[83.1699126,23.9076905],[83.1686562,23.9079334],[83.1674625,23.9083272],[83.1668435,23.9081011],[83.1660859,23.907808],[83.1659384,23.9077509],[83.1651564,23.907615],[83.1647565,23.9076667],[83.1645533,23.9080399],[83.1641892,23.9085901],[83.1636747,23.9087744],[83.1629897,23.9087451],[83.1624859,23.9084082],[83.161539,23.9077982],[83.1601664,23.9076312],[83.1594762,23.9073849],[83.1590186,23.9070036],[83.1587443,23.9064015],[83.1583259,23.9056938],[83.157849,23.9054866],[83.1560917,23.9050236],[83.1547574,23.9044867],[83.1542157,23.9040419],[83.1544352,23.9033645],[83.1543019,23.9027378],[83.1541703,23.9021761],[83.1537902,23.9010987],[83.1530204,23.9000074],[83.1527714,23.8994699],[83.1532471,23.898657],[83.1539056,23.8976016],[83.1540113,23.8971001],[83.1538373,23.8967347],[83.1534778,23.8965034],[83.1528583,23.8962557],[83.1522217,23.8962687],[83.1518042,23.8960819],[83.1513864,23.8953958],[83.1511138,23.8948589],[83.1505137,23.894437],[83.1499198,23.894381],[83.1497571,23.8943657],[83.1488483,23.8938634],[83.148221,23.8932903],[83.1481183,23.8929451],[83.148273,23.8920302],[83.1482482,23.8910106],[83.1478628,23.8897161],[83.1475855,23.8889838],[83.1475175,23.8889402],[83.1461117,23.8880372],[83.1424178,23.88553],[83.141483,23.8849197],[83.1393648,23.8846374],[83.1370658,23.8846845],[83.136889,23.8846881],[83.1356581,23.8845179],[83.1324658,23.883715],[83.129084,23.8833717],[83.1256848,23.8827898],[83.1225971,23.8819194],[83.1176412,23.8803666],[83.1157734,23.8801876],[83.1116651,23.8790564],[83.1087498,23.8780396],[83.1087218,23.8780298],[83.1086677,23.8780109],[83.1078568,23.8776369],[83.1041985,23.8755853],[83.1017068,23.8746646],[83.097754,23.8732393],[83.0913767,23.8715466],[83.0887623,23.8711201],[83.081889,23.8704596],[83.0779275,23.8702524],[83.0777916,23.8702453],[83.0762412,23.8702308],[83.0754447,23.8701099],[83.0750554,23.8701177],[83.0750481,23.8701179],[83.0748788,23.8703038],[83.0746159,23.8707199],[83.074209,23.8713443],[83.0739401,23.8715095],[83.0734174,23.8714286],[83.0730478,23.8715274],[83.0728785,23.8717133],[83.0725887,23.8720386],[83.0725844,23.8729061],[83.0719378,23.8738775],[83.0711521,23.8742128],[83.0696577,23.8739461],[83.0666036,23.8743267],[83.0654369,23.8742816],[83.064637,23.8740237],[83.0621434,23.8739382],[83.0618387,23.8745471],[83.0611243,23.8754223],[83.0582477,23.8771296],[83.0574723,23.8775503],[83.0542509,23.8792975],[83.0524777,23.8795304],[83.0499749,23.8793827],[83.0450884,23.8789437],[83.0428383,23.8788075],[83.0427966,23.8788049],[83.0426316,23.8787949],[83.0400369,23.8786489],[83.0374426,23.87918],[83.0353068,23.8796456],[83.0324542,23.8796174],[83.0297322,23.8792762],[83.0255561,23.8790483],[83.0210101,23.8793919],[83.0187119,23.8794655],[83.0176252,23.8788943],[83.014882,23.8782992],[83.0105896,23.8776781],[83.0056337,23.8775428],[83.0044173,23.8773196],[83.0012465,23.8767891],[83.0012923,23.8755007],[83.0012925,23.8755001],[83.0016257,23.873636],[82.998081,23.8729412],[82.9972228,23.8725879],[82.9959512,23.8725206],[82.9934268,23.8732002],[82.9912391,23.8736272],[82.9889407,23.8739641],[82.987951,23.8737989],[82.986448,23.8738436],[82.9838207,23.874046],[82.9828396,23.8741609],[82.9808974,23.8739989],[82.9762394,23.8720148],[82.9745763,23.8716322],[82.973963,23.8716128],[82.9732897,23.8716106],[82.9695315,23.872037],[82.9654656,23.8717929],[82.9637512,23.8713495],[82.9618173,23.8711717],[82.9598254,23.8708574],[82.9598216,23.8708568],[82.9591968,23.8714563],[82.9591677,23.8714843],[82.9574446,23.8713945],[82.9550941,23.8709019],[82.9542819,23.8708228],[82.9515051,23.871414],[82.9496049,23.8716196],[82.9478794,23.8714223],[82.9467392,23.8719821],[82.9453126,23.8731773],[82.9448932,23.8735298],[82.9448599,23.8735578],[82.9437549,23.8744866],[82.9437223,23.8745139],[82.9426075,23.8748425],[82.9412304,23.8757637],[82.9391717,23.8761247],[82.9366248,23.8770683],[82.9357748,23.8787902],[82.9349077,23.880764],[82.9348453,23.8820374],[82.9339348,23.8837744],[82.9323739,23.8866562],[82.9306514,23.8894572],[82.928745,23.8911853],[82.9272198,23.8922909],[82.9256897,23.8931869],[82.9253861,23.8932066],[82.924748,23.8932187],[82.9236314,23.8932378],[82.9212901,23.8938834],[82.9188073,23.8949927],[82.9165201,23.8953437],[82.914045,23.8968022],[82.9116979,23.8974975],[82.9102812,23.8973427],[82.9080591,23.8971892],[82.9051571,23.8978872],[82.9025854,23.899082],[82.8993635,23.9007643],[82.8970236,23.9021364],[82.8960405,23.9029403],[82.8960088,23.9029662],[82.8917905,23.9056316],[82.8894101,23.9072419],[82.8874876,23.9079211],[82.8847255,23.9088354],[82.8847118,23.9088399],[82.8830514,23.9107161],[82.8807842,23.9136659],[82.8790707,23.9158925],[82.877251,23.9177856],[82.8738106,23.9194138],[82.8728519,23.9202162],[82.8709052,23.9217689],[82.8694573,23.9229237],[82.8694243,23.92295],[82.8666764,23.9247333],[82.8666524,23.9247489],[82.8652221,23.926397],[82.8643057,23.928259],[82.8638975,23.930419],[82.863704,23.9323235],[82.8636696,23.9328273],[82.8633495,23.9334762],[82.8626825,23.9342434],[82.8616922,23.9372389],[82.8611063,23.9389271],[82.8596109,23.9390109],[82.8582917,23.9392569],[82.8582786,23.9392594],[82.8561595,23.9417308],[82.8551197,23.9435252],[82.854151,23.9447453],[82.8533461,23.9454731],[82.8524697,23.945713],[82.8505607,23.9453152],[82.8498143,23.9452452],[82.8486462,23.9453508],[82.8475655,23.9463212],[82.8461553,23.9478831],[82.8461408,23.9478992],[82.844443,23.9488111],[82.8429218,23.9494544],[82.8411164,23.9506619],[82.8408852,23.9512113],[82.8406838,23.9517321],[82.8400298,23.9531],[82.8384749,23.9546383],[82.8379467,23.9555147],[82.8375983,23.9562619],[82.8370154,23.956779],[82.8369868,23.9568043],[82.835011,23.9571763],[82.8336193,23.9574955],[82.8321201,23.9584597],[82.8306591,23.9595343],[82.8306388,23.9595492],[82.8290335,23.9608787],[82.8283349,23.9616044],[82.8276359,23.9621507],[82.8276024,23.9621769],[82.8267234,23.962305],[82.8256387,23.962113],[82.8256128,23.9620762],[82.8251139,23.961937],[82.8230277,23.9613552],[82.8205223,23.9611497],[82.8157185,23.9604693],[82.8127321,23.9598927],[82.8126116,23.9598694],[82.8106798,23.9598211],[82.8089077,23.9601331],[82.8076665,23.96003],[82.8055897,23.9596068],[82.8041171,23.9597037],[82.8033456,23.9598855],[82.8017076,23.960768],[82.8012939,23.9609713],[82.8011015,23.9609655],[82.8010048,23.9609625],[82.8009494,23.9609281],[82.8007428,23.9607996],[82.8007012,23.9606921],[82.8004691,23.9600918],[82.8000779,23.9574713],[82.7995286,23.9559719],[82.7988835,23.954614],[82.7986429,23.9533325],[82.7986424,23.951194],[82.798368,23.9508077],[82.7978277,23.9504263],[82.7961,23.9499686],[82.795332,23.9496052],[82.794487,23.9484885],[82.7930874,23.9477313],[82.7915719,23.9468924],[82.7900173,23.9459982],[82.7888385,23.9442028],[82.787341,23.9420776],[82.7869819,23.9416369],[82.7858865,23.9408881],[82.7835228,23.9398269],[82.7810668,23.938362],[82.7782435,23.9371274],[82.7766224,23.9366676],[82.7750614,23.9365281],[82.7721185,23.936805],[82.770344,23.9369908],[82.7660039,23.9355457],[82.7631754,23.9347722],[82.7620085,23.9338287],[82.7603036,23.9344323],[82.7590034,23.9347631],[82.757908,23.9347269],[82.7570314,23.9342536],[82.7554865,23.9338064],[82.7544609,23.9341881],[82.7548722,23.9327973],[82.7556341,23.9314563],[82.7558082,23.9303493],[82.7556708,23.9292498],[82.7560699,23.9272857],[82.7562304,23.9262624],[82.7560903,23.9250348],[82.7552362,23.9241835],[82.754993,23.9234751],[82.7552594,23.921709],[82.7544133,23.9208715],[82.7523838,23.9197898],[82.7506872,23.919345],[82.7493354,23.9193389],[82.7480894,23.9193477],[82.7459244,23.9200446],[82.7449079,23.9201899],[82.7434787,23.9200646],[82.7407531,23.920008],[82.7382092,23.9199738],[82.7349482,23.9198317],[82.7341527,23.9198503],[82.7337354,23.9200538],[82.7338143,23.9203833],[82.7337886,23.9204442],[82.7335153,23.9210922],[82.7333386,23.9212052],[82.7309716,23.9213378],[82.7291005,23.9213391],[82.7288846,23.9213392],[82.7268562,23.9213406],[82.7252847,23.9214139],[82.7217244,23.9215651],[82.7197943,23.9215122],[82.7185811,23.9212375],[82.7177463,23.9212742],[82.716774,23.9214057],[82.7150011,23.9213887],[82.7124974,23.9227219],[82.7108479,23.9236754],[82.70991,23.9238971],[82.7070864,23.9242282],[82.7049207,23.924385],[82.7035064,23.9244874],[82.7015947,23.9223485],[82.7010786,23.92164],[82.6996638,23.9208326],[82.6980328,23.9199215],[82.6972763,23.9196104],[82.6947382,23.919998],[82.6934216,23.920199],[82.6931238,23.9189396],[82.692826,23.9176802],[82.6925058,23.9158295],[82.6915521,23.9137668],[82.691213,23.9131801],[82.6906333,23.9128688],[82.6905519,23.9128264],[82.689759,23.9124132],[82.6893611,23.9121019],[82.6892036,23.9113345],[82.6891245,23.9102782],[82.6888836,23.9097998],[82.6881666,23.9096195],[82.6871059,23.9096605],[82.6854118,23.9097199],[82.6851221,23.909711],[82.6845622,23.9095938],[82.6840367,23.9094722],[82.6834032,23.9092873],[82.683192,23.9092061],[82.6827057,23.9089354],[82.6823668,23.9087415],[82.682023,23.9085429],[82.6818757,23.9084347],[82.6817725,23.9083489],[82.6810209,23.907672],[82.6809275,23.9075547],[82.6808637,23.9074464],[82.6807261,23.9072704],[82.6806475,23.9072027],[82.6805836,23.907153],[82.6804805,23.9071531],[82.680402,23.9071666],[82.6801319,23.9072615],[82.6800239,23.9073067],[82.6799699,23.9073293],[82.6799208,23.9073519],[82.6795134,23.9076365],[82.6793072,23.90779],[82.6788507,23.9082823],[82.6786985,23.9084087],[82.6785955,23.908481],[82.6777756,23.9089237],[82.6776774,23.9089734],[82.6771422,23.9092219],[82.6769115,23.9093032],[82.6765776,23.9092762],[82.6764793,23.9092672],[82.6763762,23.9092537],[82.6761454,23.9091861],[82.6760423,23.9091274],[82.6759538,23.9090552],[82.6758114,23.9088928],[82.6757278,23.9087709],[82.6756246,23.9084053],[82.6756098,23.9082608],[82.6755704,23.9079764],[82.675531,23.9077417],[82.6754032,23.9074483],[82.675305,23.90734],[82.6752067,23.9072316],[82.6750986,23.9071278],[82.6748236,23.9068842],[82.6746615,23.9067443],[82.6743029,23.9065412],[82.6736252,23.9062661],[82.6731586,23.9060902],[82.6729327,23.9060631],[82.6723681,23.9060859],[82.6717837,23.9060138],[82.6714645,23.9059056],[82.6711453,23.9057928],[82.6706051,23.9057975],[82.6700945,23.9059602],[82.6694906,23.9063621],[82.6691153,23.9067623],[82.6689654,23.9069221],[82.6686807,23.9071298],[82.668391,23.9072292],[82.6677085,23.9073062],[82.6667411,23.9072658],[82.6651403,23.9073114],[82.6644283,23.9074244],[82.6638686,23.9076187],[82.6632646,23.9076911],[82.6626607,23.9077635],[82.6624161,23.9077879],[82.6620272,23.9078268],[82.6615901,23.9076418],[82.6613544,23.9074252],[82.660119,23.9057997],[82.6590751,23.9044643],[82.6576015,23.9025414],[82.6561671,23.8998918],[82.6532246,23.8940642],[82.6525909,23.8927867],[82.6519967,23.8918568],[82.6512205,23.8900828],[82.6510584,23.8894779],[82.6512346,23.8867557],[82.6536987,23.8845431],[82.6557849,23.8828227],[82.6584158,23.8806688],[82.6599816,23.8792599],[82.6614148,23.8781445],[82.6624309,23.8777786],[82.6637415,23.8771778],[82.6640606,23.8768662],[82.6648112,23.875295],[82.665449,23.8739044],[82.6662833,23.8731728],[82.6674956,23.8723509],[82.668114,23.871967],[82.6684478,23.8717908],[82.6681284,23.8708925],[82.6679172,23.8706036],[82.6674899,23.8699401],[82.6672638,23.8691998],[82.6668708,23.8684325],[82.6659575,23.8676066],[82.6656874,23.8673448],[82.6655548,23.8672049],[82.665491,23.8670695],[82.6654958,23.8668799],[82.6655349,23.8660673],[82.6655151,23.865819],[82.6654758,23.865679],[82.6652499,23.8653947],[82.6650388,23.865151],[82.6645821,23.8648306],[82.6643808,23.8646004],[82.6643464,23.8643792],[82.6643463,23.8641173],[82.664464,23.8636252],[82.664513,23.8633814],[82.6646061,23.8629119],[82.6645815,23.8627042],[82.6644784,23.8625508],[82.6642869,23.8624335],[82.6641445,23.862429],[82.6639531,23.8624697],[82.6635948,23.8625916],[82.6630746,23.8630161],[82.6624611,23.8633368],[82.661823,23.8635627],[82.6614254,23.863626],[82.6610572,23.8635493],[82.6608363,23.8634591],[82.6604828,23.863238],[82.6602225,23.8628362],[82.6600457,23.8624164],[82.6599916,23.8620463],[82.6600994,23.8611524],[82.6601728,23.8605745],[82.6602071,23.8603668],[82.6605013,23.8591795],[82.6607368,23.8587551],[82.6615512,23.8572244],[82.661561,23.856931],[82.6615364,23.8567865],[82.6614627,23.8566105],[82.6612957,23.8562268],[82.6607948,23.8554504],[82.6604658,23.8551435],[82.6599651,23.854778],[82.6596951,23.8546562],[82.659268,23.854593],[82.6584974,23.8545255],[82.6571083,23.8545484],[82.6560137,23.8545712],[82.655356,23.8546887],[82.6537952,23.8549824],[82.6515717,23.8554839],[82.6510957,23.8557143],[82.6507619,23.8559084],[82.6505754,23.8561658],[82.6505117,23.8563283],[82.6505117,23.8566263],[82.6505756,23.8568475],[82.6507572,23.8570777],[82.6509585,23.8572311],[82.651258,23.8573665],[82.6514396,23.8573936],[82.6519305,23.8574341],[82.6523133,23.8574882],[82.6526815,23.8575739],[82.6529172,23.8577545],[82.6530645,23.8579847],[82.653094,23.8582601],[82.6530106,23.8586348],[82.6528683,23.8587928],[82.6525934,23.8589283],[82.6522744,23.8590186],[82.6518621,23.8590052],[82.6512632,23.8589827],[82.6509049,23.8590279],[82.6505613,23.8591454],[82.6503405,23.859335],[82.6501687,23.8596556],[82.6500853,23.8599174],[82.6500216,23.8601025],[82.6499038,23.8601883],[82.6495798,23.8602516],[82.6492804,23.8602381],[82.6489073,23.8600395],[82.6484605,23.8596919],[82.6483477,23.8596439],[82.648058,23.8595205],[82.6475376,23.859349],[82.6471007,23.8592317],[82.6469093,23.8591775],[82.6468258,23.8591414],[82.6466933,23.8590286],[82.6466491,23.8588796],[82.646649,23.8585049],[82.6467226,23.8579857],[82.6468796,23.8575252],[82.647066,23.8570783],[82.6472132,23.8565185],[82.6472622,23.8561799],[82.6472131,23.8559722],[82.6470854,23.8557916],[82.6469185,23.8556246],[82.6467565,23.8555931],[82.6462804,23.8555931],[82.6456865,23.8556248],[82.6455245,23.8555842],[82.645333,23.8554849],[82.6451514,23.855336],[82.6451072,23.8552637],[82.6450974,23.8551102],[82.6451513,23.8549703],[82.6456912,23.8546768],[82.6462409,23.8544465],[82.6466974,23.854171],[82.6470017,23.8539543],[82.6471783,23.8536879],[82.6472274,23.8534486],[82.6472371,23.8531416],[82.6468787,23.8523607],[82.6466528,23.8521169],[82.6463828,23.8515617],[82.6462747,23.8509342],[82.6462305,23.8506679],[82.6462501,23.8504602],[82.6463678,23.8501532],[82.6466083,23.8498687],[82.6469813,23.8495617],[82.6471432,23.8493992],[82.6471628,23.8493089],[82.6471775,23.8491373],[82.6471775,23.8489477],[82.6471431,23.848722],[82.6469172,23.8483834],[82.6464264,23.8480675],[82.6458766,23.8478148],[82.6453809,23.8476523],[82.644517,23.8475621],[82.6440851,23.8475216],[82.6436777,23.8474494],[82.6432163,23.8472689],[82.6426371,23.8469981],[82.6424407,23.8469394],[82.6422493,23.8469259],[82.6421708,23.8469846],[82.6417537,23.8473638],[82.641415,23.8475715],[82.6409537,23.8476754],[82.6395499,23.8477884],[82.6390542,23.8479736],[82.6388223,23.8480286],[82.6385978,23.8480819],[82.6383523,23.8480775],[82.6381364,23.8479827],[82.6379646,23.8477163],[82.6378762,23.8474319],[82.6378565,23.8470979],[82.6377681,23.8465787],[82.6375914,23.846213],[82.6373165,23.8458519],[82.6369729,23.8454953],[82.6367667,23.845098],[82.6367225,23.8447595],[82.6367372,23.8444796],[82.6367764,23.8442809],[82.6368599,23.8440913],[82.6373997,23.8433915],[82.6379052,23.8430755],[82.638234,23.8429084],[82.6386413,23.8427142],[82.6389456,23.8425336],[82.6391665,23.8422447],[82.6392204,23.8420144],[82.6391664,23.8416533],[82.6390191,23.841396],[82.6387933,23.8411342],[82.6376399,23.8402765],[82.6371883,23.8399334],[82.6368349,23.8395543],[82.6357894,23.8383986],[82.6354016,23.8378208],[82.6351808,23.8377666],[82.6337183,23.8379834],[82.6324864,23.8383266],[82.6311553,23.8386682],[82.6305331,23.8388278],[82.6297579,23.8387997],[82.6295368,23.8387917],[82.6278779,23.838092],[82.6274117,23.8378212],[82.6247173,23.8375187],[82.6224106,23.8369409],[82.6199518,23.8363133],[82.6185924,23.8359656],[82.617709,23.836083],[82.6151619,23.835681],[82.6116873,23.8346289],[82.6075601,23.8332922],[82.604439,23.8321587],[82.6022407,23.8302985],[82.6019315,23.8299734],[82.6011417,23.8285196],[82.5999544,23.826533],[82.5956953,23.8242705],[82.590818,23.8220846],[82.5886197,23.8214385],[82.5836097,23.8207059],[82.5832612,23.8209902],[82.5824908,23.8220622],[82.581808,23.8230123],[82.5792172,23.8224066],[82.577764,23.8242255],[82.5746228,23.8241128],[82.5731953,23.8240616],[82.5693741,23.8202997],[82.569374,23.8202997],[82.5647611,23.8207449],[82.5643243,23.8213407],[82.5632193,23.822848],[82.561374,23.8231678],[82.5579872,23.8245839],[82.5556607,23.8255129],[82.5548265,23.82535],[82.5542519,23.8261985],[82.5528242,23.8260124],[82.5517493,23.8258723],[82.5491141,23.8257943],[82.5467387,23.8261949],[82.5477074,23.8227553],[82.5474916,23.8225521],[82.5463925,23.8223529],[82.5440613,23.8228167],[82.5393403,23.8230624],[82.5376917,23.822732],[82.5366073,23.8226456],[82.5330744,23.8221469],[82.5335517,23.8202331],[82.5348421,23.8205679],[82.5351618,23.8204973],[82.5365353,23.8201942],[82.5383411,23.8201952],[82.5394902,23.8189859],[82.5395397,23.8184036],[82.5391774,23.8171574],[82.5387951,23.8163671],[82.5426342,23.8135793],[82.5471312,23.8097985],[82.548442,23.8085486],[82.5489335,23.8071358],[82.549376,23.8055243],[82.5498185,23.8039129],[82.5500701,23.8016422],[82.5502972,23.799042],[82.5504303,23.7979811],[82.5503675,23.7961933],[82.5507273,23.7934261],[82.5512483,23.7915754],[82.5514745,23.790641],[82.5496249,23.7906808],[82.5478833,23.7907206],[82.5470122,23.7917315],[82.5470045,23.7917404],[82.5469462,23.7917329],[82.5444044,23.791405],[82.5437274,23.7913414],[82.5435704,23.7913639],[82.5428045,23.792298],[82.5418091,23.7914894],[82.5406631,23.7924828],[82.539821,23.7932129],[82.5381277,23.7942503],[82.5373059,23.793177],[82.5354856,23.7907997],[82.5347843,23.7902982],[82.5326606,23.7895249],[82.5310076,23.7890274],[82.5297425,23.7881553],[82.528502,23.7870936],[82.52812,23.7862808],[82.52534,23.784094],[82.5244621,23.7837413],[82.5233976,23.7836774],[82.5210475,23.7839648],[82.517726,23.7843146],[82.5153073,23.7844619],[82.5140412,23.784917],[82.5130253,23.785309],[82.5124249,23.7855156],[82.5109692,23.7860163],[82.5103854,23.7860159],[82.5086883,23.7855767],[82.5080116,23.7852873],[82.5063391,23.7847849],[82.503405,23.7852837],[82.5007162,23.7856157],[82.4981711,23.7856375],[82.497993,23.7856228],[82.4974969,23.7850408],[82.4968349,23.7853212],[82.496222,23.7857009],[82.4960945,23.7857823],[82.4959377,23.7859269],[82.4958691,23.7860985],[82.495781,23.7863198],[82.4956095,23.7864914],[82.4952957,23.7866497],[82.4950514,23.786726],[82.4946728,23.7868443],[82.4937996,23.7869262],[82.4935446,23.7869761],[82.4930885,23.7871615],[82.4925197,23.7875277],[82.4922501,23.7877852],[82.4920099,23.7879569],[82.4915293,23.7882191],[82.4907594,23.7885448],[82.490475,23.7887256],[82.4900337,23.7890284],[82.4891512,23.7896972],[82.4889258,23.7899501],[82.488725,23.7903295],[82.4884948,23.7908398],[82.4882454,23.7917926],[82.4880597,23.7926188],[82.4881581,23.7929348],[82.4880162,23.7933593],[82.4875212,23.7939284],[82.4872957,23.7941137],[82.4866289,23.7946424],[82.4859182,23.7954691],[82.4851587,23.7966343],[82.484654,23.7974609],[82.4841007,23.7987163],[82.4840176,23.799082],[82.4839737,23.7993981],[82.4839739,23.7996509],[82.4840183,23.7999262],[82.4841019,23.800188],[82.4831218,23.8016243],[82.48271,23.8019722],[82.482298,23.8021395],[82.4819496,23.8021398],[82.481184,23.8019372],[82.4803645,23.8017978],[82.4799868,23.8018296],[82.4797611,23.8019065],[82.4795747,23.802006],[82.4794081,23.8021641],[82.4791875,23.8024577],[82.4791157,23.8030162],[82.4791144,23.8030266],[82.4791543,23.8038482],[82.4792675,23.8043673],[82.4793122,23.8050038],[82.4793224,23.8055004],[82.4792343,23.8057803],[82.4790578,23.805952],[82.4786016,23.8060968],[82.4778509,23.8061063],[82.4770316,23.8062197],[82.4764871,23.8063961],[82.4752167,23.8069116],[82.4741131,23.8074451],[82.4735981,23.8077343],[82.4724998,23.808832],[82.4722008,23.8092024],[82.4716419,23.8099251],[82.4712693,23.810291],[82.4708475,23.8105757],[82.4701755,23.8108154],[82.4696554,23.8109601],[82.4692581,23.8110597],[82.4683949,23.8109628],[82.4681417,23.8109344],[82.4668977,23.8107948],[82.4649593,23.8104754],[82.462938,23.8109506],[82.4611522,23.8114076],[82.4586401,23.8117566],[82.456859,23.8118749],[82.4553623,23.8117313],[82.4537822,23.811547],[82.4529773,23.8112765],[82.4522066,23.8107532],[82.450886,23.809553],[82.4502087,23.8091877],[82.4500171,23.8088763],[82.4499188,23.8085829],[82.4497712,23.8078652],[82.4494271,23.8068405],[82.4492553,23.8066104],[82.4484649,23.8059517],[82.4473162,23.804959],[82.4470315,23.8046792],[82.4469087,23.8045484],[82.4464327,23.8043906],[82.44499,23.8039804],[82.442561,23.8036791],[82.4422912,23.8036972],[82.4417663,23.8039006],[82.4414082,23.803973],[82.4412462,23.8038783],[82.4409515,23.8033773],[82.4406519,23.8027905],[82.4403527,23.8028268],[82.4395628,23.8030754],[82.4383119,23.8036267],[82.4379048,23.8037443],[82.4376054,23.8035999],[82.4367317,23.8030134],[82.4359858,23.802639],[82.4357355,23.802621],[82.4356571,23.8027023],[82.4355836,23.8030319],[82.4356331,23.8039754],[82.4354027,23.8043683],[82.4351673,23.8046076],[82.4348289,23.8048561],[82.4343137,23.8050007],[82.433617,23.8049829],[82.4329448,23.80492],[82.4323276,23.8046744],[82.4321399,23.8045998],[82.4315854,23.8044555],[82.4311144,23.8044737],[82.4302902,23.8047223],[82.4294708,23.80484],[82.4277731,23.8047955],[82.4252805,23.8045841],[82.4241961,23.8044355],[82.423259,23.8045938],[82.4223856,23.8045309],[82.421576,23.8043641],[82.4201776,23.8043645],[82.4172188,23.804099],[82.4162277,23.8039909],[82.4143777,23.8033594],[82.4133178,23.8031384],[82.4102904,23.8027825],[82.4084798,23.8023992],[82.4073561,23.8020157],[82.4061294,23.8018218],[82.4041718,23.8020434],[82.4033376,23.8018404],[82.4015025,23.8011817],[82.3986075,23.8003199],[82.3974201,23.8002027],[82.3953447,23.8001127],[82.3934802,23.7999007],[82.3931957,23.7999369],[82.3931123,23.8001039],[82.3930338,23.8004245],[82.3929964,23.8011551],[82.39298,23.8014764],[82.3929899,23.8020136],[82.3928674,23.8032415],[82.3927153,23.8034808],[82.3919205,23.8040633],[82.3906155,23.8052011],[82.3896343,23.805594],[82.3867444,23.8069124],[82.3852037,23.8075717],[82.3822647,23.8090481],[82.3805768,23.8098472],[82.3786926,23.8105245],[82.3769326,23.811027],[82.3759056,23.8108676],[82.3751597,23.8106419],[82.3743109,23.8102266],[82.3735798,23.8103801],[82.3733246,23.8103755],[82.3729468,23.8103485],[82.3726327,23.8102491],[82.371725,23.8098744],[82.3707976,23.8094862],[82.3706553,23.8094275],[82.3704787,23.8093552],[82.3692422,23.8090482],[82.3688349,23.8090211],[82.368251,23.8090527],[82.3673384,23.8091339],[82.3666858,23.8092287],[82.3663521,23.809337],[82.3661166,23.8094815],[82.3654001,23.8097929],[82.3649831,23.8098967],[82.3646788,23.8099193],[82.3640459,23.8099418],[82.36383,23.8091202],[82.3635161,23.8080502],[82.3619753,23.8078218],[82.3604063,23.8072849],[82.35942,23.8067067],[82.3587028,23.8060459],[82.3573131,23.8052199],[82.3526509,23.8035263],[82.3512611,23.8037326],[82.3499821,23.8041421],[82.3491988,23.8043929],[82.3469123,23.8049706],[82.3452982,23.8056723],[82.3448319,23.8059752],[82.3443656,23.806278],[82.3437912,23.806542],[82.3432169,23.806806],[82.342677,23.8071087],[82.3423732,23.8073805],[82.34212,23.8079163],[82.3418922,23.8083512],[82.3417423,23.8085004],[82.3414745,23.808567],[82.3403357,23.8086444],[82.3394669,23.8086209],[82.3394016,23.8086043],[82.3385783,23.8083945],[82.3383499,23.8068952],[82.337835,23.8057122],[82.3373544,23.8046783],[82.3368247,23.8039197],[82.3361282,23.8033869],[82.3351961,23.8027907],[82.3346565,23.8025468],[82.3346463,23.8025484],[82.3344209,23.8025828],[82.334308,23.8027363],[82.334136,23.8037204],[82.3340672,23.8040455],[82.3339789,23.8041493],[82.3335053,23.804522],[82.3334341,23.804578],[82.3321483,23.8053722],[82.3308625,23.8061574],[82.3293265,23.8069244],[82.3275009,23.8077365],[82.3254349,23.8084717],[82.3248007,23.8086615],[82.3237173,23.8089858],[82.3217053,23.8096216],[82.3197816,23.8102665],[82.3187363,23.8105777],[82.318216,23.810907],[82.3180589,23.8110921],[82.3175042,23.81176],[82.3167633,23.8116153],[82.3161488,23.8114783],[82.3154239,23.8113168],[82.3135742,23.8108466],[82.3119111,23.8103087],[82.3115235,23.8101957],[82.3109247,23.8104121],[82.3099186,23.8108],[82.308947,23.8110704],[82.307784,23.811237],[82.3068172,23.8114713],[82.3059142,23.8116966],[82.3057817,23.8117236],[82.3056248,23.8114888],[82.3054926,23.8110283],[82.3050421,23.8091365],[82.3049593,23.8081343],[82.3048762,23.8075157],[82.3048272,23.8073938],[82.3017313,23.8069454],[82.3010297,23.8069045],[82.2995773,23.8069444],[82.2987726,23.8069982],[82.2983331,23.8070853],[82.2976144,23.8072279],[82.2960835,23.8079695],[82.2959015,23.8080577],[82.2939383,23.8088783],[82.292996,23.8092796],[82.2918131,23.8098207],[82.2905563,23.8107726],[82.2893388,23.8117877],[82.289293,23.8118253],[82.2881163,23.8127937],[82.2854751,23.8147786],[82.2841005,23.8156988],[82.2838565,23.8158502],[82.2826621,23.8165918],[82.2816411,23.8169839],[82.2806507,23.8171584],[82.2806449,23.8171594],[82.27958,23.8172265],[82.2777056,23.8171827],[82.2775927,23.8171801],[82.2759146,23.8170075],[82.2742119,23.8168709],[82.2727152,23.8169964],[82.2721067,23.8170817],[82.271557,23.8172033],[82.2692746,23.8178789],[82.2680769,23.8184333],[82.2666875,23.819236],[82.2660837,23.8195019],[82.2648467,23.819966],[82.2632316,23.8206962],[82.2622106,23.8210386],[82.2618748,23.8210824],[82.2611113,23.8211822],[82.2606107,23.8212405],[82.260017,23.8211724],[82.2599348,23.8211398],[82.2594921,23.8209643],[82.2591391,23.8206164],[82.2581292,23.8194645],[82.2571339,23.8185383],[82.2564131,23.8179734],[82.2555891,23.8175349],[82.2549906,23.8173583],[82.2536707,23.8171767],[82.2525816,23.8169772],[82.2517525,23.8167193],[82.250855,23.8161813],[82.2501293,23.8156841],[82.2493202,23.8150244],[82.2482073,23.8140977],[82.2478436,23.813521],[82.2467623,23.8122037],[82.2445532,23.8095715],[82.2433132,23.8085185],[82.2429958,23.8084094],[82.241118,23.8073402],[82.2380149,23.8056156],[82.2372775,23.8053168],[82.2356739,23.8050875],[82.2347014,23.8049811],[82.2337048,23.8050371],[82.2318132,23.8053142],[82.2298151,23.8059632],[82.2288619,23.8064784],[82.2288355,23.8064926],[82.2277133,23.8072353],[82.2270447,23.8082921],[82.2266082,23.8096293],[82.2260904,23.8109411],[82.2258163,23.812302],[82.2257228,23.8127858],[82.2256204,23.8137421],[82.2257109,23.8150783],[82.2258675,23.8164147],[82.2260234,23.8176833],[82.2260373,23.8177965],[82.2260566,23.8184012],[82.225925,23.819268],[82.2255089,23.8200838],[82.2249139,23.8204766],[82.2232862,23.8208229],[82.2227299,23.8209412],[82.2205754,23.8215473],[82.219134,23.8221979],[82.2185798,23.822448],[82.2166286,23.823186],[82.2163459,23.8232929],[82.2141389,23.8239459],[82.2120171,23.824634],[82.2106881,23.8250701],[82.2089525,23.8256199],[82.2075318,23.8261005],[82.2071473,23.8264021],[82.2069012,23.826595],[82.2063125,23.8274112],[82.2058643,23.8287402],[82.2059701,23.8301607],[82.2061769,23.8308822],[82.2063502,23.831487],[82.2068504,23.8327371],[82.207409,23.8338245],[82.2076654,23.8342307],[82.208106,23.8349287],[82.2088311,23.8352807],[82.2100669,23.8354386],[82.2111184,23.8354346],[82.2119677,23.8358467],[82.2128807,23.8368958],[82.2138249,23.8382767],[82.2145999,23.8396593],[82.2146759,23.8398029],[82.2153195,23.8410187],[82.2154371,23.8422211],[82.2153137,23.8429192],[82.2149314,23.8436784],[82.2133063,23.8463808],[82.2125447,23.8474718],[82.2121509,23.8482253],[82.2119249,23.8489376],[82.2118572,23.8503255],[82.2118353,23.851262],[82.2112282,23.8516175],[82.2104429,23.8511376],[82.2095039,23.8507606],[82.2086586,23.8504293],[82.2066994,23.8495657],[82.2058821,23.8491643],[82.2050744,23.8488468],[82.2045485,23.8487262],[82.2036348,23.8487627],[82.2027485,23.8489048],[82.2018922,23.8488568],[82.2012772,23.848636],[82.2008526,23.8482457],[82.20042,23.847296],[82.2003716,23.8470597],[82.2001765,23.8461064],[82.1999255,23.8449208],[82.1997035,23.8442781],[82.1992412,23.8434905],[82.1988616,23.8430518],[82.1978168,23.8420908],[82.1971443,23.8416488],[82.1965659,23.8414625],[82.1958488,23.8413551],[82.1949737,23.8414384],[82.1944405,23.8416011],[82.1936784,23.8420021],[82.1932703,23.8421805],[82.1927284,23.8424172],[82.1918202,23.8426796],[82.1916875,23.8426996],[82.1911555,23.8427801],[82.1904983,23.8428598],[82.1898234,23.8428222],[82.188873,23.8425876],[82.1880998,23.8422041],[82.187431,23.8414753],[82.1871446,23.8408196],[82.1869265,23.8402253],[82.1867398,23.8394404],[82.186612,23.8391225],[82.1862174,23.8386665],[82.1853723,23.8381846],[82.1844783,23.8377288],[82.1835129,23.8374396],[82.1822584,23.8371671],[82.181483,23.8367361],[82.1808519,23.8362802],[82.1803249,23.8354744],[82.1799352,23.8344542],[82.1796857,23.833153],[82.1795533,23.8319663],[82.179452,23.830753],[82.1793574,23.829541],[82.179286,23.8287663],[82.1792452,23.8283235],[82.1789734,23.8258876],[82.1787853,23.8246782],[82.1785289,23.8236199],[82.178525,23.8230566],[82.1785542,23.8221572],[82.1785615,23.8216146],[82.1781595,23.8211414],[82.1780316,23.8210658],[82.1774023,23.820694],[82.176268,23.8201484],[82.1743273,23.8192989],[82.1733363,23.8191121],[82.1719918,23.8184041],[82.1714624,23.8182401],[82.1694841,23.81872],[82.1678508,23.8192043],[82.1671827,23.8192164],[82.1652302,23.8194657],[82.1650088,23.8198144],[82.1645007,23.8201895],[82.1638338,23.820682],[82.1630819,23.8205631],[82.1627204,23.820506],[82.1606513,23.8200634],[82.1598627,23.8199564],[82.158364,23.8192055],[82.1574402,23.818715],[82.1561554,23.8182134],[82.1522843,23.8171661],[82.1504139,23.8167336],[82.1487641,23.8168918],[82.1474347,23.8162907],[82.1465491,23.8157664],[82.1458881,23.8154383],[82.1455464,23.8154245],[82.1447843,23.8161088],[82.1445478,23.8161987],[82.1443642,23.8162265],[82.1430911,23.815615],[82.1420596,23.815549],[82.1417472,23.8167893],[82.1417219,23.8168898],[82.1408317,23.8168017],[82.1390594,23.8167465],[82.1385633,23.8168396],[82.1384286,23.8169698],[82.1377142,23.8176606],[82.1371051,23.8182497],[82.1364131,23.8179873],[82.1355655,23.8176658],[82.1353234,23.8176315],[82.1332511,23.8182376],[82.1318993,23.8187284],[82.1308852,23.8188449],[82.1292855,23.819035],[82.1287437,23.8195671],[82.1285279,23.8197933],[82.12785,23.8205036],[82.1269476,23.8208019],[82.1264801,23.8208916],[82.1249089,23.821531],[82.1238425,23.8220009],[82.1233731,23.8220459],[82.1226706,23.8210843],[82.1211195,23.8193884],[82.1196785,23.8186852],[82.1178436,23.8176482],[82.1165857,23.8170088],[82.1155623,23.8168775],[82.1147963,23.8170571],[82.1139399,23.8173791],[82.1127308,23.8169851],[82.1120061,23.8169194],[82.1116685,23.8169562],[82.1104894,23.8176058],[82.1094907,23.8178469],[82.107446,23.818551],[82.10665,23.8186754],[82.1055026,23.8178005],[82.1045152,23.8171784],[82.1035757,23.8171503],[82.1015705,23.8169383],[82.1003614,23.8163312],[82.0992376,23.8162579],[82.0975048,23.8159955],[82.0954356,23.815526],[82.0944891,23.816559],[82.0941774,23.8166833],[82.0938468,23.8166042],[82.0936524,23.8165337],[82.0925689,23.8161408],[82.0911368,23.8159609],[82.0904716,23.8155322],[82.0872836,23.8156244],[82.0860021,23.816481],[82.0848784,23.8161727],[82.0832728,23.8154175],[82.0816823,23.8163358],[82.0807562,23.8172582],[82.0792867,23.8180754],[82.0776379,23.8186409],[82.0761746,23.8183043],[82.0738857,23.8174309],[82.0723268,23.817038],[82.0719686,23.817069],[82.0690127,23.8181686],[82.0674669,23.8174448],[82.0668649,23.8173736],[82.0640799,23.818143],[82.0617256,23.8191626],[82.0589923,23.8190121],[82.0569118,23.8193358],[82.0547596,23.8186823],[82.053581,23.8183752],[82.0532905,23.8184379],[82.0523642,23.8200179],[82.0524402,23.8216452],[82.0516713,23.8217707],[82.0501932,23.8223439],[82.049737,23.8225737],[82.0496551,23.8228447],[82.0492406,23.8242165],[82.0480386,23.8241885],[82.045888,23.8241383],[82.0446613,23.8249979],[82.0438028,23.8255995],[82.0433244,23.8257014],[82.0414711,23.8251423],[82.0409797,23.825246],[82.0393304,23.8262121],[82.038416,23.8268405],[82.0390012,23.8279042],[82.0393169,23.8285412],[82.0390402,23.8303822],[82.0387565,23.8331336],[82.0408667,23.8329225],[82.0409314,23.8336783],[82.0412672,23.836876],[82.0422406,23.8375762],[82.044051,23.838835],[82.0441991,23.8391725],[82.044617,23.8404306],[82.044685,23.8409495],[82.0441805,23.8416489],[82.0436274,23.8420267],[82.0428891,23.8422032],[82.0412475,23.8425956],[82.0405428,23.842764],[82.0399572,23.8430945],[82.039483,23.8434408],[82.0379998,23.8445242],[82.037421,23.8446663],[82.0367864,23.8448222],[82.0359407,23.8454399],[82.0352647,23.8461028],[82.0347498,23.8464089],[82.0341463,23.8465757],[82.0321948,23.847115],[82.0306798,23.8472875],[82.0268688,23.8478669],[82.0260909,23.8484324],[82.0255816,23.8485336],[82.0217625,23.848539],[82.0212497,23.8486644],[82.0204666,23.8490714],[82.0174491,23.8509561],[82.0171626,23.8524634],[82.0169222,23.8538232],[82.0142346,23.8557334],[82.0137555,23.8558467],[82.0129029,23.8560482],[82.0122333,23.856599],[82.0111114,23.8581467],[82.0092037,23.8607632],[82.0088132,23.8610785],[82.0080369,23.8612847],[82.0069842,23.8615645],[82.0028331,23.8612182],[82.0009268,23.8621758],[81.9992782,23.8615691],[81.9982341,23.8617123],[81.9960309,23.8616556],[81.9946449,23.8615991],[81.9925317,23.8614328],[81.991995,23.8612112],[81.9913508,23.8608499],[81.9906985,23.8606788],[81.9899004,23.8605072],[81.9890705,23.8604317],[81.9877824,23.8610048],[81.9874733,23.8611676],[81.9868324,23.86162],[81.9865707,23.8618048],[81.9862468,23.8619044],[81.9859916,23.8619181],[81.9855791,23.8618327],[81.9854367,23.8617695],[81.9852943,23.8617019],[81.9837969,23.8613328],[81.9822602,23.8611082],[81.9819116,23.8609956],[81.9817103,23.8608874],[81.9814303,23.8606618],[81.9805651,23.8592358],[81.9800097,23.8582295],[81.9795183,23.8574985],[81.9793168,23.857291],[81.9789926,23.8570835],[81.9774851,23.8563397],[81.9772102,23.8562405],[81.9765868,23.8561235],[81.9763217,23.8561237],[81.975929,23.8561827],[81.9753696,23.8563275],[81.974712,23.8565943],[81.9741135,23.8569242],[81.9735246,23.8571909],[81.972548,23.8573721],[81.9717773,23.8573546],[81.9709232,23.857301],[81.9703341,23.8572291],[81.969551,23.8569971],[81.9670742,23.8563869],[81.9656653,23.8560401],[81.9654049,23.8559094],[81.9651152,23.8556522],[81.9648644,23.8549571],[81.9644909,23.8542531],[81.9643533,23.8540771],[81.964093,23.853847],[81.9635873,23.8536081],[81.9632927,23.8536173],[81.9629591,23.8537709],[81.9627138,23.8539426],[81.9623345,23.8543227],[81.9622135,23.854444],[81.961826,23.8550175],[81.9613158,23.8554287],[81.9609429,23.8555914],[81.960668,23.8556051],[81.9602655,23.8555285],[81.9599169,23.8553346],[81.9597351,23.8551542],[81.9596467,23.8549871],[81.9595778,23.8546667],[81.9595524,23.8534749],[81.959513,23.853186],[81.9594294,23.8529332],[81.9591543,23.8525857],[81.95884,23.8523195],[81.9585895,23.852252],[81.9577993,23.852284],[81.9573086,23.8524242],[81.9568178,23.8525645],[81.9560818,23.8529305],[81.9556107,23.8533643],[81.9555569,23.8534138],[81.9548557,23.8544796],[81.9547185,23.8549627],[81.9546848,23.8559605],[81.9545967,23.8564345],[81.9544006,23.8568544],[81.9541701,23.8571164],[81.9537088,23.8572566],[81.9532032,23.8571892],[81.9522467,23.8569881],[81.9511462,23.8567568],[81.9505179,23.8566668],[81.9499289,23.8566491],[81.9491976,23.8568842],[81.9485989,23.8571779],[81.9472004,23.8580138],[81.9460817,23.8587727],[81.9460587,23.8588056],[81.9458855,23.8590527],[81.9458514,23.8593868],[81.9459004,23.8594815],[81.9462688,23.859829],[81.9464554,23.8599102],[81.9468286,23.8601583],[81.9471036,23.8604245],[81.9472804,23.8607133],[81.9473543,23.8610248],[81.9473006,23.8614582],[81.9470553,23.8618015],[81.9469179,23.8618918],[81.9465007,23.8620139],[81.9463236,23.8620441],[81.9457655,23.8621392],[81.9455976,23.8621678],[81.9450926,23.8621891],[81.9448417,23.8621997],[81.9428303,23.8621536],[81.9411011,23.8619847],[81.9399917,23.8619626],[81.9397904,23.8619717],[81.9390002,23.8620804],[81.9384849,23.862347],[81.9382593,23.8626766],[81.9381368,23.8631733],[81.9381076,23.8636157],[81.9382305,23.8640942],[81.9384319,23.8643469],[81.9391143,23.8646581],[81.9396888,23.8647843],[81.9399687,23.8648835],[81.9401995,23.8651136],[81.9404648,23.865592],[81.940519,23.8660615],[81.9404898,23.8666259],[81.9402545,23.8672263],[81.9401368,23.8674069],[81.9396461,23.8677503],[81.9394154,23.8678317],[81.939306,23.8678528],[81.9385466,23.867999],[81.9376925,23.8681303],[81.9372753,23.8682298],[81.9368777,23.868397],[81.9363722,23.8687177],[81.9359501,23.8688533],[81.934669,23.8689983],[81.9343008,23.8690797],[81.9333683,23.8694593],[81.9329479,23.8697442],[81.9327352,23.8698884],[81.932377,23.8701323],[81.9319941,23.8703175],[81.931307,23.870548],[81.9308652,23.8706114],[81.9305952,23.8706476],[81.9289311,23.8707205],[81.9278405,23.8707059],[81.9269983,23.8706632],[81.925696,23.8706177],[81.9239533,23.8707357],[81.9222597,23.8708762],[81.9218129,23.8709124],[81.9214743,23.8709125],[81.9209833,23.8708359],[81.9206936,23.8707457],[81.9204579,23.8706148],[81.9202861,23.8704389],[81.9202566,23.8703485],[81.920286,23.870019],[81.9206193,23.8688316],[81.9206633,23.8682673],[81.9206043,23.8679603],[81.9203978,23.8673193],[81.9199214,23.8664888],[81.9194598,23.8658659],[81.9187575,23.865049],[81.9183941,23.8646203],[81.917739,23.8634868],[81.9169972,23.8616948],[81.9166566,23.8606874],[81.9164242,23.860085],[81.916154,23.859506],[81.9157612,23.8589283],[81.9156986,23.8588902],[81.9153979,23.8587072],[81.9120013,23.8576273],[81.9104397,23.8572231],[81.9103022,23.8568756],[81.9102235,23.8561668],[81.9102918,23.8547718],[81.9101984,23.8541895],[81.909668,23.8532144],[81.9092309,23.8523072],[81.9086563,23.8510793],[81.9084845,23.8508401],[81.9078119,23.8504069],[81.9062853,23.8499242],[81.9065355,23.8491341],[81.9066235,23.8482672],[81.906643,23.8475765],[81.9065005,23.846949],[81.9063532,23.846457],[81.9060929,23.8460643],[81.905175,23.8452384],[81.9045515,23.8447193],[81.9040361,23.8446381],[81.9028778,23.8448009],[81.9019993,23.8448643],[81.901307,23.8436455],[81.9001091,23.8419257],[81.8993924,23.8411628],[81.8990291,23.8408604],[81.8987494,23.840725],[81.8978708,23.8406529],[81.8962218,23.8407615],[81.8930855,23.8405904],[81.8922316,23.8405183],[81.8918684,23.8400713],[81.8911664,23.8390602],[81.8905822,23.8383605],[81.8891735,23.8367038],[81.8881575,23.8355482],[81.8878464,23.8354168],[81.8865451,23.8354562],[81.8860029,23.8354726],[81.8845099,23.8354727],[81.883427,23.8353481],[81.881792,23.83516],[81.8797536,23.8348229],[81.8783304,23.8345119],[81.8769984,23.8343556],[81.8754696,23.8343063],[81.874218,23.8344708],[81.8720992,23.8347915],[81.871109,23.8347286],[81.8685701,23.8343339],[81.8677123,23.834145],[81.8674262,23.8327799],[81.8672672,23.831754],[81.8664651,23.8291253],[81.8662774,23.8286854],[81.8658103,23.8280262],[81.8654348,23.8276561],[81.8648826,23.826952],[81.8638349,23.8255384],[81.8630704,23.8244568],[81.8618039,23.8242305],[81.8604888,23.8240859],[81.8603121,23.8240859],[81.8596153,23.8238602],[81.8580499,23.8232053],[81.8571962,23.8229389],[81.8563373,23.8228531],[81.8550713,23.8227942],[81.8542665,23.8229341],[81.8539573,23.8229972],[81.8532458,23.8231461],[81.8530003,23.8232363],[81.8516606,23.8235703],[81.8510226,23.8236875],[81.8504141,23.8236965],[81.8493935,23.8233351],[81.8488243,23.823019],[81.8485299,23.8227797],[81.8482355,23.8225404],[81.8473573,23.8219759],[81.846685,23.8218223],[81.8446977,23.821524],[81.843942,23.8214245],[81.8431273,23.8214695],[81.841979,23.821704],[81.841552,23.8217581],[81.8406933,23.821767],[81.8401289,23.821672],[81.8391869,23.8214235],[81.8382005,23.8211027],[81.8378032,23.820922],[81.8374155,23.8207414],[81.8370819,23.820511],[81.8367728,23.8202943],[81.8365325,23.8199828],[81.8364834,23.8196983],[81.8365179,23.8193416],[81.8369795,23.8182945],[81.8370532,23.8180732],[81.8372299,23.8174729],[81.8372791,23.8171569],[81.8371861,23.8166196],[81.8370929,23.816439],[81.836877,23.8161951],[81.8366464,23.8160507],[81.8359203,23.8158699],[81.83541,23.8158201],[81.8339182,23.8159236],[81.8334882,23.8159235],[81.8329212,23.8159233],[81.8322792,23.8159231],[81.831921,23.8158779],[81.8306306,23.8155525],[81.8291587,23.8150283],[81.8280598,23.8143373],[81.8276232,23.8139941],[81.8275055,23.813809],[81.8275357,23.8117142],[81.8275358,23.8113892],[81.8273839,23.8106036],[81.8272809,23.8105178],[81.8269866,23.8103913],[81.826545,23.8104093],[81.8260837,23.8104814],[81.8256029,23.8104541],[81.8253821,23.8103863],[81.8250584,23.8100295],[81.8248745,23.809676],[81.8247789,23.8094922],[81.8246121,23.8092439],[81.8241561,23.8086027],[81.8237686,23.8081782],[81.8234547,23.8079298],[81.8234301,23.8079117],[81.822816,23.8077218],[81.8220171,23.8076133],[81.8206628,23.807667],[81.8200004,23.8077526],[81.8192644,23.8077477],[81.8187002,23.8075851],[81.8182391,23.8073321],[81.8177319,23.806986],[81.8176897,23.8069572],[81.816998,23.806659],[81.816581,23.8065369],[81.8155801,23.806365],[81.8149957,23.8064499],[81.8149509,23.8065103],[81.8145248,23.8070824],[81.8142303,23.8073351],[81.8131084,23.8081813],[81.8128903,23.8083458],[81.8117268,23.8095462],[81.8117268,23.8095462],[81.8111523,23.810512],[81.8111149,23.8106493],[81.8109901,23.8111079],[81.8107028,23.8117817],[81.8106167,23.8119835],[81.809198,23.8132154],[81.8087416,23.8134184],[81.8083931,23.8134859],[81.8079662,23.8134948],[81.8075099,23.8134449],[81.8072352,23.8133771],[81.8066759,23.8131195],[81.806092,23.8131012],[81.8056013,23.8131913],[81.8039818,23.8136014],[81.8031278,23.8138809],[81.8019205,23.8141421],[81.8005318,23.8143221],[81.7996583,23.8143623],[81.799045,23.8143394],[81.7983482,23.8142578],[81.7980538,23.8143073],[81.7974845,23.8144515],[81.7968563,23.8146408],[81.7962575,23.8148391],[81.7959042,23.8148886],[81.7955264,23.8147801],[81.7948052,23.8145404],[81.7945943,23.8143823],[81.794462,23.8140933],[81.7944428,23.8134522],[81.7943941,23.8128112],[81.7936789,23.8108109],[81.7934192,23.810269],[81.793125,23.8099122],[81.7927081,23.809596],[81.7922715,23.8094377],[81.7915847,23.8093471],[81.7911185,23.8093468],[81.7907259,23.8095046],[81.7885516,23.8103792],[81.7877123,23.8106902],[81.7867847,23.8110735],[81.7856655,23.8116326],[81.7852188,23.811989],[81.7844332,23.8126793],[81.7843694,23.8127334],[81.784065,23.8129815],[81.783417,23.8133423],[81.7829851,23.8135407],[81.7827593,23.8136444],[81.7825433,23.8137436],[81.7824549,23.8137841],[81.7815126,23.8140815],[81.7814635,23.814095],[81.7797068,23.814112],[81.7796774,23.814103],[81.7789028,23.8141509],[81.7783588,23.8142919],[81.7753146,23.8156975],[81.7752875,23.815707],[81.7737782,23.8162152],[81.7737521,23.8162229],[81.773157,23.8163992],[81.7721243,23.8169861],[81.7707857,23.8179854],[81.7705169,23.818187],[81.7705036,23.8181974],[81.7696554,23.8188657],[81.7696026,23.8189061],[81.7694199,23.8190457],[81.7684728,23.81964],[81.7666053,23.8207557],[81.7662038,23.8209657],[81.7646256,23.8218399],[81.7638732,23.8223294],[81.7632656,23.8227336],[81.7621228,23.8236064],[81.7593184,23.8260762],[81.7583485,23.8269808],[81.7581193,23.8271947],[81.7571938,23.828062],[81.7564859,23.828896],[81.7563533,23.8290468],[81.7557962,23.82968],[81.7555058,23.8299803],[81.7545078,23.8307473],[81.7525028,23.8318285],[81.7515721,23.8323234],[81.7511151,23.8324432],[81.750805,23.832458],[81.750446,23.8324276],[81.7500055,23.8323822],[81.7495323,23.8323067],[81.7492222,23.8323065],[81.7489611,23.8323213],[81.7487,23.8323511],[81.7482678,23.8326644],[81.7472569,23.8332264],[81.7468238,23.8334009],[81.7463908,23.8335755],[81.7451419,23.8336031],[81.7440192,23.8336152],[81.7428548,23.833769],[81.7409888,23.8349955],[81.7396161,23.8359483],[81.7390067,23.8367467],[81.7383669,23.8377751],[81.7378796,23.8386971],[81.7373552,23.8391808],[81.7371663,23.8392527],[81.7363353,23.839569],[81.7353102,23.8395923],[81.7344437,23.8396041],[81.733602,23.8401105],[81.7328578,23.8406213],[81.7325531,23.8408305],[81.7322303,23.8408591],[81.7316932,23.8407696],[81.7305578,23.8401972],[81.7295077,23.839546],[81.7284632,23.8390241],[81.7275113,23.8390022],[81.7267304,23.8391713],[81.7254739,23.8398241],[81.7249316,23.8403791],[81.7246636,23.8409413],[81.7246396,23.8415145],[81.7248647,23.8435668],[81.7248818,23.8436682],[81.7250441,23.8446287],[81.7254475,23.8455163],[81.7259118,23.8461454],[81.7269426,23.8470383],[81.727663,23.8475099],[81.7283468,23.8479028],[81.7296859,23.8489412],[81.7299794,23.8496379],[81.730253,23.851307],[81.7304913,23.8532812],[81.7308093,23.8541014],[81.7318548,23.8556102],[81.7319773,23.8561609],[81.7319778,23.8566779],[81.7313018,23.8575287],[81.7299356,23.8585637],[81.7283007,23.8594415],[81.727112,23.8598635],[81.7262454,23.8598528],[81.7251834,23.8596962],[81.7240238,23.8596969],[81.7234424,23.8600732],[81.7217346,23.8614006],[81.7201972,23.8622108],[81.7192172,23.8623759],[81.717313,23.8623321],[81.7166029,23.8621885],[81.7135839,23.8616085],[81.7115502,23.8609317],[81.7103782,23.8606513],[81.7090599,23.8604722],[81.708291,23.86063],[81.7074906,23.8611325],[81.7072102,23.8615372],[81.7070396,23.8620543],[81.7070417,23.8624948],[81.7070439,23.8629353],[81.7071422,23.8639917],[81.7072825,23.8650544],[81.707833,23.8668749],[81.7082911,23.8676452],[81.7087676,23.8682182],[81.7096715,23.8691505],[81.709875,23.8697089],[81.7097417,23.8712488],[81.7095178,23.8721319],[81.7087372,23.8732001],[81.7077041,23.8741942],[81.7068744,23.8747116],[81.7057148,23.8749483],[81.7047627,23.8751286],[81.7043356,23.8752637],[81.7039574,23.875691],[81.7038355,23.8759271],[81.7038772,23.8763588],[81.7041094,23.8767577],[81.7043416,23.8771566],[81.7056904,23.8785655],[81.7067531,23.879644],[81.707303,23.8804529],[81.707462,23.8809923],[81.7075536,23.8813475],[81.7073101,23.8823592],[81.7063752,23.8835441],[81.7051062,23.8846012],[81.7037884,23.8856135],[81.7026467,23.8861924],[81.7024828,23.8861925],[81.7022439,23.8861926],[81.7017433,23.8861255],[81.6991355,23.8852798],[81.696254,23.8846405],[81.6941969,23.8843119],[81.6917431,23.884313],[81.6908275,23.8845157],[81.690437,23.8847631],[81.689908,23.8856103],[81.6896521,23.8865658],[81.6890748,23.8882135],[81.6890264,23.8891127],[81.6887159,23.8908729],[81.6887042,23.8918957],[81.6884892,23.8935981],[81.6883023,23.8953891],[81.6883464,23.8973974],[81.6883834,23.8982965],[81.6885953,23.8995045],[81.6886465,23.899797],[81.688849,23.9017223],[81.6888496,23.9029024],[81.6886246,23.904191],[81.6881977,23.9051578],[81.6875443,23.9064783],[81.6868487,23.9071754],[81.6862018,23.9076589],[81.6857257,23.9080525],[81.6848914,23.9088234],[81.6838053,23.9103412],[81.6833619,23.9108285],[81.6831097,23.9111057],[81.6825603,23.9113981],[81.6816323,23.9114435],[81.6804177,23.9114396],[81.6793675,23.9114063],[81.6783542,23.9116876],[81.6773653,23.9121488],[81.6761506,23.9125819],[81.6751616,23.9126384],[81.674258,23.9126275],[81.6731225,23.9128751],[81.6723101,23.9133879],[81.6719684,23.9138263],[81.671578,23.9149391],[81.6715333,23.9155617],[81.6717974,23.9177047],[81.6717181,23.9195547],[81.6714496,23.9201167],[81.6709173,23.9217072],[81.6703681,23.9226402],[81.6694735,23.9241416],[81.6685823,23.9249623],[81.6679107,23.9252547],[81.6671048,23.9253673],[81.6660481,23.9251052],[81.6649612,23.924802],[81.6640819,23.924746],[81.6630194,23.9245889],[81.6623843,23.9242744],[81.661683,23.9236066],[81.6610845,23.9229212],[81.6607057,23.9222806],[81.6602968,23.9213542],[81.659692,23.9191019],[81.6594109,23.9181803],[81.6591909,23.917551],[81.658613,23.9168939],[81.6577825,23.9163433],[81.6563537,23.9160177],[81.6551647,23.915609],[81.6542976,23.9151821],[81.653052,23.9148564],[81.6511414,23.914571],[81.6502235,23.9144737],[81.6489189,23.9143354],[81.6469003,23.9139699],[81.6459355,23.9136666],[81.6452761,23.9133857],[81.6445189,23.91288],[81.6434077,23.9122283],[81.642547,23.9119517],[81.6401292,23.9113788],[81.6384685,23.9108282],[81.6382447,23.9106447],[81.6378016,23.9102814],[81.6374475,23.9096407],[81.6371665,23.9085393],[81.6369123,23.9080197],[81.6368782,23.90795],[81.6364508,23.9075904],[81.6345948,23.9068375],[81.6332217,23.9062257],[81.6321838,23.9058212],[81.6311581,23.9057201],[81.6302546,23.90581],[81.6290048,23.9061321],[81.6281501,23.9065255],[81.6272465,23.9067053],[81.6254582,23.9068107],[81.6231138,23.9067994],[81.6230921,23.9067962],[81.6220637,23.906642],[81.6210139,23.906711],[81.6197478,23.9064579],[81.6178308,23.9059745],[81.6165037,23.9056885],[81.6151362,23.9053962],[81.6142449,23.9051938],[81.6139876,23.9050136],[81.6136832,23.9048004],[81.6131762,23.9043784],[81.6126504,23.9039408],[81.6122841,23.9038509],[81.611234,23.9039857],[81.610245,23.904098],[81.6098055,23.9039293],[81.6090176,23.9032048],[81.6085659,23.9025079],[81.6084194,23.9022607],[81.608334,23.9017661],[81.6083585,23.9014851],[81.6087196,23.9008852],[81.60944,23.9002784],[81.6104727,23.8987669],[81.6107658,23.8977442],[81.6108454,23.8969062],[81.6108455,23.8959846],[81.6108212,23.8950967],[81.6110973,23.8943173],[81.6116224,23.8930923],[81.6115681,23.8922874],[81.610909,23.8911072],[81.6096838,23.8894323],[81.6088645,23.8887406],[81.6086673,23.8885739],[81.6080753,23.8880733],[81.607209,23.8870209],[81.6071594,23.8869605],[81.6057672,23.8858027],[81.6052054,23.8854093],[81.6044016,23.8850248],[81.6037451,23.8847108],[81.603835,23.883668],[81.6040288,23.8826932],[81.604235,23.8817518],[81.6046131,23.8812941],[81.605686,23.8806831],[81.60682,23.8802085],[81.6085902,23.8794035],[81.6113592,23.8778597],[81.6130312,23.8768499],[81.6143772,23.8759007],[81.6167604,23.8743908],[81.6184961,23.8733023],[81.6196669,23.8726666],[81.6213655,23.8716118],[81.6219739,23.8710693],[81.6222071,23.8704674],[81.6222071,23.8702386],[81.621949,23.8692808],[81.620339,23.8674122],[81.6187868,23.8656959],[81.61848,23.8653567],[81.6171251,23.8638069],[81.6165877,23.8631923],[81.6157715,23.8625471],[81.6142598,23.8616994],[81.6135093,23.8614426],[81.6125507,23.8613747],[81.6110851,23.8615526],[81.6094484,23.8619674],[81.6078076,23.8622554],[81.6069897,23.8623363],[81.6064643,23.8622854],[81.6057454,23.8619971],[81.6049343,23.8614884],[81.6045607,23.861073],[81.6039526,23.8597251],[81.6035795,23.8576972],[81.6032436,23.8558651],[81.6031817,23.8545408],[81.6031818,23.8537101],[81.6039988,23.852023],[81.6050258,23.8506568],[81.6061625,23.8491365],[81.6068497,23.8479458],[81.6072185,23.8471152],[81.6077208,23.8463941],[81.6079513,23.8461653],[81.6086242,23.8456144],[81.6102492,23.8448063],[81.6110151,23.8444575],[81.6112169,23.8443656],[81.6118687,23.8437639],[81.6122006,23.8431451],[81.6122836,23.842484],[81.6122243,23.8417712],[81.6119202,23.8407625],[81.6115295,23.8394702],[81.6112841,23.8375013],[81.611321,23.8370097],[81.6118158,23.8361849],[81.6125163,23.8352186],[81.6132298,23.8344775],[81.6141606,23.8339605],[81.6159367,23.8334231],[81.6167477,23.8334485],[81.617872,23.8337622],[81.6179251,23.8337854],[81.6197913,23.8346008],[81.6211921,23.8351603],[81.6224134,23.835377],[81.6237221,23.8354364],[81.6253809,23.8354703],[81.6293645,23.83568],[81.6324188,23.8359344],[81.6335453,23.8358566],[81.6344208,23.835687],[81.6350659,23.8352462],[81.635836,23.8345131],[81.6361216,23.8338943],[81.6364072,23.8332755],[81.6366963,23.8313665],[81.6374616,23.8276737],[81.6381471,23.8263487],[81.6389894,23.824762],[81.6398555,23.8235922],[81.6408916,23.8223013],[81.6412048,23.8216147],[81.6416235,23.8205782],[81.6417708,23.8194084],[81.6416991,23.8181587],[81.641524,23.8175908],[81.6412232,23.816666],[81.6411862,23.8157844],[81.6412438,23.8149449],[81.6413175,23.8147415],[81.6415386,23.8143685],[81.6421498,23.8139087],[81.6428224,23.8137306],[81.6437622,23.8135695],[81.6445362,23.8133999],[81.6453136,23.8129846],[81.6461981,23.8121369],[81.6466495,23.8115011],[81.6470964,23.8106091],[81.6474279,23.8095071],[81.6478115,23.8075455],[81.6480465,23.8058998],[81.6488345,23.8041333],[81.6491821,23.8034869],[81.6497348,23.8025629],[81.6507798,23.8011188],[81.6511613,23.8002166],[81.6514467,23.7990553],[81.6514596,23.7979246],[81.6512686,23.7963647],[81.6510593,23.7949404],[81.6507763,23.7935153],[81.6504594,23.7918514],[81.6502139,23.7901986],[81.6499223,23.789025],[81.6498024,23.7880672],[81.6497861,23.7863263],[81.6497434,23.784639],[81.6494736,23.7833575],[81.6487037,23.7810845],[81.6479999,23.7796607],[81.6470261,23.7784123],[81.6465194,23.7778021],[81.645365,23.7763576],[81.6446806,23.7752116],[81.6444466,23.7748198],[81.6441923,23.7740224],[81.6439895,23.7730646],[81.6440398,23.7720967],[81.6442976,23.7710626],[81.6446617,23.7701261],[81.6452604,23.7693801],[81.646194,23.7686499],[81.6475203,23.7678445],[81.6492103,23.7668942],[81.6497395,23.7665778],[81.6504445,23.7661565],[81.6520322,23.7653663],[81.6532848,23.7649338],[81.6548812,23.7644051],[81.6569535,23.7637689],[81.6606775,23.762722],[81.6621485,23.7622976],[81.664322,23.7614749],[81.6652322,23.760983],[81.6661424,23.7604911],[81.6673118,23.7595499],[81.6689723,23.7585965],[81.6701234,23.7581046],[81.6721005,23.7578376],[81.673924,23.757481],[81.6757081,23.7572304],[81.6766843,23.7568486],[81.677709,23.7562292],[81.6791177,23.7551098],[81.6800538,23.7545496],[81.6812969,23.7538117],[81.6818492,23.7533029],[81.6831806,23.7519798],[81.6836944,23.7513897],[81.6849241,23.7500659],[81.6854683,23.7495134],[81.6862329,23.7487004],[81.6866006,23.7482398],[81.6866789,23.7480321],[81.6866866,23.7479832],[81.6867621,23.7475039],[81.6864822,23.7468268],[81.6844313,23.7448142],[81.6835531,23.7442051],[81.6821795,23.7433116],[81.6813995,23.7428289],[81.6811002,23.7427252],[81.6805167,23.7427435],[81.6800458,23.7427798],[81.6797565,23.7427392],[81.679472,23.7425993],[81.6791728,23.7423377],[81.678844,23.741936],[81.6785548,23.7413295],[81.6784071,23.7410196],[81.6782942,23.7406902],[81.6782254,23.7402342],[81.6784653,23.7393718],[81.6788476,23.7388255],[81.6796809,23.7377371],[81.6804455,23.7369152],[81.6817153,23.7361021],[81.6827842,23.7355645],[81.6842011,23.7348868],[81.6849217,23.7343132],[81.6855834,23.7336493],[81.6860588,23.7330351],[81.6862647,23.7327054],[81.6866567,23.7320101],[81.6869749,23.7310618],[81.6871265,23.7301634],[81.6871631,23.7297925],[81.6872193,23.7292244],[81.6875078,23.7276216],[81.6878748,23.7261],[81.6881639,23.7255446],[81.6888695,23.7245737],[81.6895263,23.7237744],[81.6896806,23.7236295],[81.69033,23.72302],[81.6910555,23.7225232],[81.6920065,23.7220849],[81.6930165,23.7217413],[81.6942716,23.721524],[81.695288,23.7213975],[81.6959093,23.7213201],[81.6952026,23.7202595],[81.6946138,23.7193705],[81.6936028,23.717705],[81.6925918,23.7161209],[81.691841,23.7149068],[81.6914583,23.7142569],[81.6908151,23.7127177],[81.6903532,23.7114166],[81.6903487,23.7114042],[81.6903174,23.7112174],[81.6900881,23.7098512],[81.6895726,23.708452],[81.6889589,23.7069489],[81.6875259,23.7040556],[81.6865985,23.7026339],[81.6857007,23.7013387],[81.6851261,23.700384],[81.6850188,23.7002057],[81.6849254,23.6997769],[81.6848169,23.698278],[81.6846004,23.6965671],[81.6845162,23.694644],[81.6843634,23.6928337],[81.68431,23.6924757],[81.6840781,23.6909196],[81.6812493,23.6904964],[81.6798667,23.6902756],[81.6781802,23.6899106],[81.67718,23.689613],[81.6752581,23.6888009],[81.6736597,23.6882823],[81.6722379,23.6878403],[81.6706004,23.6873487],[81.6706004,23.6873487],[81.6706004,23.6873487],[81.6693845,23.6867216],[81.6681145,23.6859273],[81.6669133,23.6853317],[81.6659573,23.6849979],[81.6651778,23.6849214],[81.6651778,23.6849214],[81.6637611,23.6850121],[81.6627954,23.685071],[81.6618247,23.6846423],[81.661212,23.6846786],[81.6606237,23.6846607],[81.6574468,23.6836637],[81.6567654,23.6833839],[81.6555493,23.6820162],[81.6550541,23.6811947],[81.6542596,23.6795922],[81.6542151,23.6778044],[81.6544895,23.677222],[81.6550431,23.6759759],[81.6561012,23.6731495],[81.6562448,23.672426],[81.6563019,23.6721382],[81.6559954,23.671239],[81.6559634,23.671145],[81.6556398,23.6703731],[81.655566,23.6692445],[81.6553647,23.6678225],[81.6553644,23.6669636],[81.6553642,23.666125],[81.6551724,23.6631363],[81.6539322,23.6624233],[81.6528832,23.6618501],[81.6512461,23.6610604],[81.6491972,23.6601352],[81.6486286,23.6597019],[81.6476285,23.6587134],[81.6469227,23.6580182],[81.6461727,23.6575488],[81.6457218,23.657409],[81.6452708,23.6572691],[81.6445455,23.6571833],[81.6435065,23.6575538],[81.6425411,23.6578202],[81.6416393,23.657879],[81.640561,23.6577482],[81.6402326,23.6577482],[81.6398062,23.6580372],[81.6392476,23.6582991],[81.6392476,23.6582991],[81.6379341,23.6585024],[81.6363853,23.6587237],[81.6344494,23.6590082],[81.6333417,23.6591934],[81.632043,23.6595275],[81.6305727,23.6599249],[81.628769,23.6601552],[81.6273624,23.6603584],[81.6261077,23.660679],[81.6250392,23.6612162],[81.624657,23.6613697],[81.6230297,23.6616225],[81.6222455,23.6617264],[81.6212212,23.6618482],[81.6182614,23.6623561],[81.616119,23.6628322],[81.6153151,23.6629856],[81.6145652,23.6629179],[81.6154034,23.6622498],[81.6159769,23.6618751],[81.6162856,23.6616945],[81.6165993,23.6615185],[81.6169816,23.6613018],[81.617163,23.6611708],[81.6173444,23.6610355],[81.6177315,23.6607105],[81.6179178,23.6605073],[81.6182413,23.6601371],[81.6183785,23.65997],[81.6191579,23.6587015],[81.6193343,23.6583945],[81.6195157,23.6577805],[81.6197559,23.6560334],[81.6197903,23.6551124],[81.6197021,23.6541824],[81.6195551,23.6532614],[81.6195208,23.6528822],[81.6197168,23.6523676],[81.6199276,23.652056],[81.6202363,23.65174],[81.6203295,23.6514285],[81.6202363,23.6507874],[81.62006,23.6488733],[81.6198297,23.6479478],[81.619619,23.6473112],[81.6193985,23.6464986],[81.6192025,23.6457131],[81.6191696,23.6454227],[81.6191144,23.6449365],[81.6190849,23.6440832],[81.6191046,23.6432165],[81.6190262,23.6423451],[81.6189037,23.6414738],[81.6185559,23.6397086],[81.6182374,23.6377809],[81.6179386,23.6359028],[81.6176496,23.6347695],[81.6168166,23.632431],[81.6164835,23.6314882],[81.6159887,23.6300879],[81.6159054,23.6297741],[81.6158222,23.6294603],[81.6156605,23.6288283],[81.6154107,23.6274875],[81.6151559,23.6261466],[81.6141958,23.6224355],[81.6135786,23.6219433],[81.6129612,23.6214512],[81.6120646,23.6208462],[81.6111631,23.6202412],[81.6104527,23.6196994],[81.609615,23.6184713],[81.6074302,23.6152658],[81.6065141,23.6138706],[81.607107,23.6132793],[81.6076951,23.6126834],[81.6080774,23.6113336],[81.6084597,23.6099838],[81.6097928,23.6059704],[81.6104445,23.6046161],[81.6110962,23.6032662],[81.6114834,23.6016997],[81.6115227,23.6005034],[81.6115621,23.599307],[81.6117681,23.5959255],[81.611969,23.5952529],[81.6115331,23.5952889],[81.6109158,23.5953702],[81.6105631,23.5954785],[81.6103818,23.5955372],[81.6100339,23.5957809],[81.6093138,23.5962775],[81.6089267,23.5965347],[81.6085985,23.596607],[81.6083438,23.5965933],[81.6080891,23.5965076],[81.607805,23.596327],[81.6068938,23.595591],[81.6052822,23.5947511],[81.6043174,23.5940241],[81.6040969,23.5937306],[81.6038569,23.5935365],[81.6035924,23.5933603],[81.6034406,23.5933107],[81.6032691,23.5932971],[81.6030683,23.5933152],[81.6028919,23.5933648],[81.6023873,23.5935362],[81.6016329,23.5938251],[81.6012116,23.593992],[81.6008931,23.5940823],[81.6005747,23.5941681],[81.5994431,23.5942582],[81.5989336,23.5942942],[81.5986789,23.5943077],[81.5981107,23.5942309],[81.5979049,23.5941676],[81.5977481,23.5940592],[81.5976649,23.5939238],[81.5976356,23.5932963],[81.5976308,23.5929441],[81.5975868,23.5926597],[81.5974448,23.5924835],[81.5971704,23.5923752],[81.596808,23.5923616],[81.5964651,23.5924292],[81.5957939,23.5927],[81.5951716,23.5931242],[81.5949658,23.5933951],[81.5948482,23.5936885],[81.5947354,23.5942844],[81.5946373,23.5947314],[81.5944854,23.5952189],[81.5935055,23.5956927],[81.592996,23.5960131],[81.5919769,23.596496],[81.5916486,23.5964914],[81.5897039,23.596026],[81.5888756,23.5957288],[81.5875193,23.5949865],[81.5867335,23.5945117],[81.5862261,23.594474],[81.5849731,23.5945513],[81.5845244,23.5937839],[81.5834588,23.592706],[81.5821269,23.5915119],[81.5811641,23.5905288],[81.5786873,23.5878086],[81.5776859,23.5865766],[81.5776218,23.5864977],[81.5766845,23.5853445],[81.5776557,23.5805766],[81.5782965,23.5778508],[81.5789372,23.5751251],[81.5794828,23.5724481],[81.5800284,23.5697711],[81.5805729,23.567253],[81.5811174,23.5647349],[81.5816511,23.5621861],[81.5821847,23.5596373],[81.5825792,23.5574862],[81.5829737,23.5553351],[81.5837842,23.5537945],[81.5840212,23.553576],[81.5878121,23.5537359],[81.591603,23.5538957],[81.5935481,23.5539309],[81.5954932,23.5539662],[81.5970252,23.5542452],[81.5986594,23.5545429],[81.5992918,23.5545785],[81.6016008,23.5542513],[81.6033863,23.5541309],[81.6053278,23.5540597],[81.6075244,23.5548272],[81.6095499,23.5554968],[81.610036,23.5556434],[81.6103165,23.555083],[81.6110926,23.5529106],[81.6119471,23.5507506],[81.6128884,23.5486099],[81.6138008,23.5464397],[81.6140411,23.5457892],[81.6140854,23.5456692],[81.6132169,23.5428875],[81.6125407,23.5409591],[81.613159,23.5401527],[81.6133233,23.5399253],[81.613467,23.5392179],[81.6135021,23.5383615],[81.6135609,23.5372993],[81.6136949,23.5367109],[81.6136949,23.5365846],[81.6133784,23.5357229],[81.6133374,23.5352871],[81.6132466,23.5340861],[81.6132159,23.5336376],[81.6132342,23.5334319],[81.6133109,23.5332262],[81.6134532,23.5328445],[81.6144878,23.5313945],[81.6150762,23.5312114],[81.6158151,23.5309651],[81.616026,23.5308858],[81.6163274,23.530752],[81.6161452,23.5304777],[81.6161178,23.5302693],[81.6161231,23.530241],[81.616291,23.5293445],[81.6163663,23.5289908],[81.6163492,23.5286907],[81.6162705,23.5284349],[81.6160105,23.5281317],[81.6154884,23.5280018],[81.6149892,23.5279479],[81.61464,23.5279102],[81.6139832,23.5278186],[81.6138464,23.5277744],[81.6137369,23.5276859],[81.6136754,23.5275848],[81.613607,23.5270227],[81.6136546,23.5268404],[81.6137436,23.5266762],[81.613983,23.5263667],[81.6143046,23.5258678],[81.614515,23.5254771],[81.614669,23.5249844],[81.6147016,23.5248474],[81.6147066,23.5248265],[81.6146247,23.5241804],[81.6145563,23.5238583],[81.6141925,23.5227735],[81.613816,23.5220155],[81.6137476,23.5216808],[81.6138435,23.5212702],[81.6140146,23.5210744],[81.6148404,23.5205425],[81.6152238,23.5202267],[81.6153608,23.5199867],[81.6153745,23.5194561],[81.6152376,23.5188371],[81.6150799,23.5185818],[81.6149762,23.518414],[81.6147982,23.5183003],[81.6146066,23.5182498],[81.6141821,23.5182245],[81.6137714,23.5182245],[81.6136207,23.5181739],[81.6125665,23.5175043],[81.6120463,23.5170116],[81.6117178,23.5164684],[81.6115239,23.5158828],[81.6114213,23.5149606],[81.6113187,23.5140384],[81.6112926,23.5133118],[81.6114022,23.5125286],[81.6116008,23.5118843],[81.6118953,23.5109622],[81.6119911,23.5106843],[81.6123191,23.5102122],[81.6133186,23.5092143],[81.6135977,23.5089511],[81.6139347,23.5086332],[81.6143729,23.5081027],[81.6149329,23.5072609],[81.6152136,23.5067809],[81.6154943,23.5063008],[81.6157133,23.5060229],[81.6161377,23.5057829],[81.6171919,23.5053914],[81.6176437,23.5052019],[81.6183283,23.5047977],[81.6186134,23.5045783],[81.6188599,23.5042562],[81.6191063,23.5039341],[81.6197908,23.5031635],[81.6205027,23.5024687],[81.621023,23.5019002],[81.6212968,23.5014328],[81.6217463,23.5005586],[81.621891,23.4999964],[81.6222224,23.4987086],[81.6227543,23.4981631],[81.6238773,23.4971279],[81.6242225,23.4968485],[81.6246121,23.4967371],[81.6249392,23.4966946],[81.6253732,23.4967582],[81.6253138,23.4953847],[81.6252709,23.4944885],[81.6253567,23.4937469],[81.6254564,23.4932683],[81.6256212,23.4929254],[81.6259643,23.4924832],[81.6269236,23.4914497],[81.6270488,23.4913216],[81.6273015,23.4912507],[81.6275778,23.4913745],[81.6280364,23.4917107],[81.6284099,23.4920088],[81.6292147,23.4921465],[81.6296097,23.4920884],[81.6308479,23.4910395],[81.6316831,23.4903063],[81.6320958,23.4901665],[81.6325605,23.4901518],[81.6340586,23.4899603],[81.6343018,23.4899772],[81.6349606,23.4902626],[81.6354371,23.4903452],[81.6362471,23.4902438],[81.6365876,23.4902376],[81.6368939,23.4902321],[81.637276,23.4903645],[81.6378763,23.49105],[81.6388882,23.4925205],[81.6396023,23.4938481],[81.6398689,23.4948783],[81.6401613,23.4954404],[81.6406652,23.49601],[81.6413479,23.4965192],[81.6419212,23.4967275],[81.6422191,23.49689],[81.6423064,23.4971034],[81.6423099,23.497386],[81.6421656,23.4976702],[81.6418109,23.4980346],[81.6417948,23.4984344],[81.6419042,23.4987256],[81.6421817,23.4989468],[81.6424684,23.4990509],[81.6427609,23.4990446],[81.6431925,23.4986533],[81.643423,23.4984948],[81.6436126,23.4985568],[81.6438688,23.4986557],[81.6444121,23.4990007],[81.6449234,23.4993168],[81.6457373,23.4994888],[81.6464015,23.4992132],[81.6466762,23.4992102],[81.6469916,23.4992907],[81.6475273,23.4996591],[81.6481518,23.4997401],[81.6484901,23.4997462],[81.6487928,23.4995992],[81.6493401,23.499279],[81.6498621,23.4987763],[81.6501541,23.498471],[81.6503826,23.4984024],[81.6506515,23.4985241],[81.6510046,23.4988711],[81.6514709,23.4989733],[81.6517118,23.4989168],[81.6521947,23.4985562],[81.6525392,23.4982211],[81.6529383,23.4980316],[81.6533285,23.4979689],[81.6536996,23.4980623],[81.6539351,23.4983034],[81.6540328,23.498507],[81.6540176,23.498975],[81.6539525,23.4996677],[81.6539572,23.500038],[81.6545884,23.5019367],[81.6553806,23.5026203],[81.6563427,23.5034313],[81.6574418,23.5042411],[81.6579535,23.5046686],[81.6581651,23.5049075],[81.6583152,23.5051779],[81.6584177,23.5055804],[81.6584106,23.5057801],[81.6582129,23.5062958],[81.6580261,23.5067414],[81.6580152,23.5067675],[81.6579278,23.5070796],[81.6579142,23.5072746],[81.6580234,23.5075198],[81.6582213,23.5078216],[81.6586167,23.5083966],[81.6588488,23.5087927],[81.6590058,23.5091323],[81.6590945,23.5094404],[81.6591574,23.5098467],[81.659178,23.5100985],[81.6591917,23.5104888],[81.6593078,23.5108476],[81.6595126,23.5114457],[81.6597871,23.5117095],[81.6611802,23.5129447],[81.6623493,23.5139504],[81.6623737,23.5141432],[81.6620362,23.5156886],[81.6618679,23.5164595],[81.6611709,23.5199448],[81.6603443,23.5228931],[81.6593413,23.5255841],[81.658852,23.5268347],[81.6589601,23.5279589],[81.6589114,23.5289972],[81.659251,23.5291746],[81.6604147,23.5297825],[81.6625106,23.5305923],[81.6646065,23.5314022],[81.6652284,23.5317361],[81.6673391,23.532652],[81.6681177,23.5329453],[81.673694,23.5313583],[81.6749622,23.5309974],[81.6800537,23.529253],[81.6827906,23.5288682],[81.6860271,23.5289708],[81.6903356,23.5283731],[81.6932722,23.5261687],[81.695876,23.5243346],[81.6971534,23.5233679],[81.6978433,23.5226903],[81.6988418,23.52213],[81.699111,23.522008],[81.6993999,23.5219627],[81.6996447,23.5220168],[81.6999043,23.5221431],[81.7003108,23.5224092],[81.7008986,23.5228559],[81.7014474,23.5236276],[81.7019129,23.5242866],[81.7020354,23.5245212],[81.7020993,23.5247921],[81.7020652,23.5251443],[81.7019921,23.5255687],[81.7018747,23.5259118],[81.7017912,23.526095],[81.7016008,23.5265125],[81.701459,23.5268962],[81.7014495,23.5272754],[81.7015476,23.5275598],[81.7016995,23.5277223],[81.7019983,23.5280111],[81.7024245,23.528363],[81.7027576,23.5285931],[81.7030955,23.5287419],[81.7034188,23.5288094],[81.7037468,23.5288048],[81.7042756,23.5287142],[81.7045791,23.5287096],[81.7048924,23.52875],[81.7059356,23.5290836],[81.7061757,23.529246],[81.7064402,23.5295619],[81.7065823,23.5298237],[81.7066952,23.5300944],[81.7067493,23.5305685],[81.7068134,23.531187],[81.7069555,23.5314533],[81.7071711,23.5316744],[81.7074357,23.531927],[81.7077981,23.5321074],[81.7084641,23.532256],[81.709561,23.5324405],[81.7098696,23.5325488],[81.7099676,23.5326028],[81.7101097,23.5327607],[81.7102518,23.5330361],[81.7103264,23.5333445],[81.7103501,23.5334424],[81.7105708,23.5341465],[81.7107914,23.5345798],[81.7110805,23.5348776],[81.711274,23.5350039],[81.7114676,23.5351302],[81.7117418,23.5352023],[81.7127212,23.5353281],[81.7134508,23.5354225],[81.7138328,23.5355217],[81.7141512,23.5356524],[81.7143471,23.5358148],[81.7145039,23.5359727],[81.714602,23.5361758],[81.714759,23.5366678],[81.7149849,23.5375345],[81.7151517,23.5379814],[81.7152742,23.5381213],[81.7154065,23.5382702],[81.7155095,23.5385049],[81.7155537,23.5387441],[81.7155197,23.5391324],[81.715373,23.5393898],[81.7152507,23.5395885],[81.7151531,23.5398338],[81.7150943,23.5399814],[81.7150945,23.5402342],[81.7151632,23.5404373],[81.7153886,23.5407261],[81.715614,23.5409292],[81.7156776,23.5409727],[81.715957,23.5411637],[81.7168092,23.5415425],[81.7172304,23.5416325],[81.7178425,23.5416818],[81.7193214,23.541726],[81.7196446,23.5417529],[81.720683,23.5420232],[81.7211385,23.542208],[81.7216479,23.5424154],[81.721937,23.5426544],[81.7225251,23.5432997],[81.7226771,23.543584],[81.7227654,23.543918],[81.722751,23.5442205],[81.7226534,23.5445818],[81.7224969,23.5450243],[81.7218366,23.5461218],[81.721592,23.5464244],[81.7215383,23.5466141],[81.7214847,23.5468985],[81.7215241,23.5472054],[81.7218772,23.5478734],[81.7220376,23.5480949],[81.722083,23.5481577],[81.7224114,23.5485187],[81.7229014,23.5488796],[81.7235285,23.5493397],[81.7239157,23.5496735],[81.7241951,23.5500434],[81.7243079,23.5502647],[81.7249657,23.5524312],[81.7250345,23.5526705],[81.7250395,23.5528871],[81.7250158,23.5538127],[81.7249557,23.5542494],[81.7249525,23.5542732],[81.724973,23.5555463],[81.7250373,23.5563635],[81.7251159,23.5566568],[81.7251334,23.5566883],[81.7252336,23.5568689],[81.7253659,23.5569907],[81.7255275,23.5570358],[81.7257626,23.5570717],[81.725939,23.5570942],[81.7261495,23.5570715],[81.7265706,23.5569358],[81.7270993,23.556624],[81.7273636,23.5564747],[81.727535,23.556434],[81.7277554,23.5564113],[81.7278387,23.5564248],[81.7280199,23.5564879],[81.7281228,23.5565827],[81.7283974,23.5569481],[81.7286181,23.5575033],[81.729089,23.5584149],[81.7298591,23.5599042],[81.7300405,23.5602382],[81.7302514,23.5605676],[81.7305407,23.5609557],[81.7307955,23.5611586],[81.7312659,23.5615059],[81.7316972,23.5618443],[81.7319717,23.562142],[81.7320355,23.5622775],[81.7320797,23.5624986],[81.732315,23.5627106],[81.7324963,23.5628527],[81.7326777,23.5629949],[81.7333489,23.5633916],[81.7340056,23.5639194],[81.7343096,23.5642848],[81.7346774,23.564727],[81.7358293,23.5660264],[81.7361872,23.5663331],[81.7363636,23.5664639],[81.7365105,23.5665226],[81.7366868,23.5665224],[81.7368974,23.5664726],[81.7370639,23.5664003],[81.7371666,23.5662557],[81.7372693,23.5659983],[81.7372738,23.565592],[81.7373177,23.5653256],[81.7373714,23.5652262],[81.7374889,23.5650817],[81.7376113,23.565068],[81.7378072,23.565086],[81.7380914,23.5652122],[81.7386549,23.5655684],[81.7390518,23.5657442],[81.7394486,23.5659154],[81.7397916,23.5660416],[81.7401981,23.5660774],[81.7406634,23.5660048],[81.741158,23.5659774],[81.7414715,23.5659907],[81.7419662,23.5660445],[81.7423777,23.5661525],[81.7429852,23.5663552],[81.7436368,23.5665895],[81.7442248,23.5668825],[81.7445139,23.5670719],[81.7446561,23.5672298],[81.7449208,23.5675275],[81.745171,23.5679562],[81.745534,23.5685519],[81.7461618,23.5695536],[81.7463186,23.5696483],[81.7465,23.5697565],[81.7466371,23.5697971],[81.7468282,23.5697969],[81.7471269,23.5697786],[81.7473766,23.5696701],[81.7478122,23.5693221],[81.7482702,23.5689265],[81.7487177,23.5685135],[81.749032,23.5682686],[81.74933,23.5680905],[81.7495068,23.5679928],[81.7496331,23.5679493],[81.7497909,23.567913],[81.7500118,23.5678841],[81.750351,23.5678916],[81.7505955,23.5679209],[81.7507493,23.5679465],[81.7509031,23.5679721],[81.7511713,23.568016],[81.7516024,23.5680577],[81.752035,23.5680712],[81.7521652,23.568075],[81.7522914,23.5680678],[81.7524176,23.5680606],[81.7526544,23.5679517],[81.7527807,23.5678499],[81.7528124,23.5677517],[81.752844,23.5676535],[81.7529113,23.5673624],[81.7529786,23.5670714],[81.7532392,23.5664583],[81.7533762,23.5662578],[81.7536319,23.5659927],[81.7538414,23.565874],[81.7542199,23.5657034],[81.7545098,23.5656479],[81.7548242,23.5651912],[81.7548872,23.5647487],[81.7550167,23.5640429],[81.755186,23.5637681],[81.7554761,23.5634191],[81.7555477,23.5632083],[81.7555807,23.563111],[81.7554924,23.5628138],[81.7552996,23.5623678],[81.7550844,23.5616426],[81.7553262,23.5613381],[81.7555835,23.5611475],[81.7561077,23.5607592],[81.7561641,23.5606552],[81.756132,23.5605511],[81.7559075,23.5601084],[81.7556588,23.559172],[81.7555945,23.5584685],[81.7559119,23.5571207],[81.7563084,23.5556766],[81.7571344,23.5528303],[81.7575941,23.5514369],[81.7580138,23.5501815],[81.758159,23.549912],[81.7582619,23.5498714],[81.7583878,23.5498748],[81.7609112,23.5499276],[81.7627084,23.5499605],[81.7638739,23.5499342],[81.7649729,23.549932],[81.765213,23.5499317],[81.7678454,23.5499605],[81.768578,23.5499981],[81.7695116,23.5502365],[81.7706707,23.5504487],[81.7711376,23.5505011],[81.7713353,23.5505157],[81.7716447,23.5505385],[81.7716748,23.5505361],[81.7748331,23.5502302],[81.7758718,23.5501447],[81.7783611,23.5499129],[81.7809446,23.549664],[81.7818073,23.5495757],[81.7838348,23.5493647],[81.7844372,23.5493425],[81.7864744,23.5493031],[81.7871746,23.5493215],[81.7894518,23.5492957],[81.7901913,23.5492825],[81.7924684,23.5493154],[81.7954408,23.5494027],[81.7973604,23.5494849],[81.7978159,23.5494535],[81.7982763,23.5492957],[81.7989914,23.5490974],[81.8011905,23.5485071],[81.8016509,23.548408],[81.8019055,23.5484036],[81.8038397,23.5486076],[81.8042315,23.5486936],[81.80643,23.5490602],[81.8086678,23.5494088],[81.8088637,23.5494225],[81.8090694,23.5493413],[81.8092409,23.5492285],[81.8095544,23.5489893],[81.8108282,23.5477213],[81.8121168,23.5463584],[81.8133564,23.5450045],[81.8145567,23.5436641],[81.8159481,23.5421973],[81.8167417,23.5413715],[81.816977,23.5408704],[81.8171143,23.54041],[81.8174184,23.5392679],[81.8175067,23.5387758],[81.8177472,23.5375615],[81.8181444,23.5362433],[81.8182695,23.5357697],[81.8184926,23.5349252],[81.8189291,23.5330788],[81.8191401,23.532027],[81.8195867,23.5297156],[81.8194645,23.529052],[81.8190488,23.5280315],[81.8187504,23.5272639],[81.8184768,23.525932],[81.8183351,23.5253179],[81.8180613,23.5242208],[81.8177197,23.5230863],[81.8176018,23.5226946],[81.8175775,23.5221168],[81.8177002,23.5215118],[81.8180138,23.520916],[81.8185381,23.5199636],[81.8192484,23.5190113],[81.8195374,23.5185509],[81.8197239,23.5175577],[81.8199543,23.516858],[81.8203023,23.5158965],[81.8206893,23.515242],[81.8211252,23.5149442],[81.8214777,23.5148044],[81.8225011,23.5144797],[81.8252773,23.5137402],[81.8264279,23.5134516],[81.8271767,23.5133391],[81.8277812,23.5132475],[81.8288999,23.5129729],[81.8298014,23.5127354],[81.8307497,23.5124866],[81.8319649,23.5123606],[81.8328101,23.512019],[81.8337031,23.5115832],[81.8364251,23.5109078],[81.8369969,23.5108336],[81.8386663,23.5108434],[81.8396482,23.5108898],[81.8399888,23.511081],[81.8407678,23.5119054],[81.8413603,23.5125895],[81.8420465,23.5133428],[81.8426118,23.5138392],[81.843112,23.5141453],[81.8439785,23.5144009],[81.8443319,23.5144443],[81.8446852,23.5144877],[81.8453419,23.5144358],[81.8472637,23.5141144],[81.8484234,23.5138174],[81.8498729,23.5135353],[81.8502595,23.5135502],[81.8506942,23.5139663],[81.8517731,23.514977],[81.8521757,23.5152891],[81.852659,23.5154292],[81.8536897,23.5156968],[81.8548815,23.5159942],[81.8563471,23.5163064],[81.8583257,23.5166422],[81.8602423,23.5169842],[81.8628515,23.5174748],[81.8636867,23.5175725],[81.8652974,23.5161757],[81.8667159,23.5150369],[81.868391,23.513655],[81.8691158,23.5129268],[81.8693735,23.5128525],[81.8720937,23.512742],[81.8748477,23.5126231],[81.8756047,23.5127123],[81.8766677,23.5130244],[81.8780025,23.5135229],[81.8803217,23.5145185],[81.8812559,23.5150683],[81.8814975,23.5155141],[81.8819166,23.5161896],[81.8825286,23.5167543],[81.883495,23.5172595],[81.8849124,23.5177795],[81.8868602,23.5188704],[81.8873676,23.5192642],[81.887875,23.5196579],[81.8895824,23.5208763],[81.8912115,23.5218629],[81.8916647,23.5222165],[81.8918729,23.5225067],[81.8920811,23.5227969],[81.892282,23.5231211],[81.8924389,23.5233121],[81.8927741,23.5236757],[81.8936762,23.5244632],[81.8945793,23.5247065],[81.8952235,23.5244835],[81.8961416,23.5243794],[81.8968504,23.5246467],[81.8978813,23.5253747],[81.8994624,23.5265871],[81.9005739,23.5274488],[81.9025715,23.5284887],[81.9044417,23.529549],[81.9046996,23.5301285],[81.9051669,23.5309903],[81.9060362,23.5322439],[81.9068903,23.5337744],[81.9078733,23.5353345],[81.9087915,23.5353491],[81.9101592,23.5352958],[81.9114317,23.5351915],[81.9126237,23.535206],[81.913703,23.5352949],[81.9159562,23.5353299],[81.9171321,23.5352255],[81.9185335,23.5350022],[81.9200475,23.5344817],[81.9209832,23.5338935],[81.9226903,23.5329419],[81.9232862,23.5326594],[81.9239947,23.5321093],[81.9247978,23.5313288],[81.9256834,23.530318],[81.9269896,23.5287039],[81.9278107,23.5277823],[81.9292436,23.5259928],[81.9302739,23.5246996],[81.9314656,23.5230409],[81.9324154,23.521822],[81.9328317,23.5213785],[81.9332525,23.5209301],[81.9339602,23.5199725],[81.934427,23.5193036],[81.9351674,23.5182779],[81.9361316,23.5173337],[81.9367595,23.5167985],[81.937613,23.5165158],[81.9378544,23.5163077],[81.937951,23.516055],[81.9379991,23.5156686],[81.9376985,23.5146847],[81.9375969,23.5143522],[81.9376288,23.5137429],[81.9378862,23.5132672],[81.9383188,23.5127245],[81.9387393,23.5121969],[81.9387434,23.5121856],[81.9390312,23.5113851],[81.9392401,23.5103596],[81.9394332,23.5100326],[81.939884,23.5096609],[81.9410713,23.5085589],[81.9416533,23.5070377],[81.9421198,23.5059081],[81.942343,23.5056905],[81.9432928,23.5050065],[81.944452,23.5043372],[81.9447739,23.5041142],[81.9458639,23.5030342],[81.9478157,23.5011031],[81.9503221,23.5005406],[81.9503871,23.500526],[81.9512922,23.5002765],[81.9526639,23.5000535],[81.9535167,23.500053],[81.9542954,23.5001552],[81.9552039,23.5004626],[81.9561427,23.5008222],[81.9570833,23.501005],[81.957493,23.501012],[81.9577821,23.5009108],[81.957911,23.5007021],[81.9579083,23.5005193],[81.9577133,23.5001531],[81.9574532,23.4992468],[81.9572113,23.4978617],[81.9570733,23.4973156],[81.9567576,23.4964435],[81.9564418,23.4953833],[81.9562743,23.4943059],[81.956172,23.4918259],[81.9559861,23.4901038],[81.9559856,23.4900986],[81.9558439,23.4881828],[81.955695,23.4872764],[81.955435,23.4864556],[81.9552574,23.4861816],[81.9550345,23.485395],[81.9548851,23.4836506],[81.9548846,23.4828126],[81.9549661,23.4819227],[81.9551141,23.4814095],[81.9551136,23.4805544],[81.954909,23.4795283],[81.9547339,23.4785893],[81.9546034,23.4773067],[81.9545287,23.4762806],[81.9546837,23.4751335],[81.9546271,23.4734575],[81.9544782,23.4723288],[81.9545445,23.4709609],[81.9546549,23.4696782],[81.9549796,23.4679992],[81.9554758,23.4673489],[81.9559109,23.4673643],[81.9563568,23.4673801],[81.9567824,23.4670774],[81.956836,23.4668335],[81.9568653,23.4665943],[81.956865,23.4661563],[81.9570606,23.4658808],[81.9574372,23.4655781],[81.9578335,23.4653206],[81.9583914,23.4652752],[81.9591306,23.4656675],[81.9595369,23.4658027],[81.9599969,23.4658025],[81.9605547,23.4656081],[81.961044,23.4654723],[81.9613767,23.4653864],[81.9616166,23.4654088],[81.9621699,23.4657435],[81.9623225,23.4657697],[81.9626835,23.465667],[81.9633148,23.465435],[81.9645874,23.4657096],[81.9647195,23.4657005],[81.9648704,23.4655333],[81.965013,23.4653753],[81.9660643,23.4641422],[81.9661815,23.4638125],[81.9664552,23.4632751],[81.9669245,23.4625389],[81.9679074,23.4613645],[81.9682839,23.4610212],[81.9686361,23.4607682],[81.969042,23.460348],[81.9691737,23.4597656],[81.9691098,23.459278],[81.9691242,23.4589665],[81.9692219,23.4587001],[81.9696083,23.4583928],[81.9702194,23.457634],[81.9703709,23.4573269],[81.9704194,23.4567264],[81.9703916,23.4561993],[81.9703215,23.4558871],[81.9703062,23.455819],[81.9703648,23.4555752],[81.9705408,23.455408],[81.970893,23.4552498],[81.9714313,23.4551456],[81.9718309,23.4550052],[81.9735545,23.4543994],[81.9743615,23.453839],[81.9748347,23.4532912],[81.9758757,23.4525344],[81.9764646,23.4522711],[81.9768753,23.4518148],[81.9768849,23.4516297],[81.9768013,23.4511061],[81.9763361,23.450682],[81.9757487,23.4504205],[81.9755724,23.4502852],[81.9754205,23.4499196],[81.9754007,23.449721],[81.975474,23.4495042],[81.9757231,23.4489758],[81.975992,23.4486235],[81.9762756,23.4483795],[81.9781008,23.4483151],[81.978595,23.4482516],[81.9790108,23.448143],[81.9792053,23.4480539],[81.9795342,23.4479033],[81.9800526,23.4474967],[81.9804045,23.4470404],[81.980419,23.4467876],[81.9797671,23.4453795],[81.9795418,23.4450862],[81.9780873,23.4436018],[81.9779795,23.4434123],[81.9777979,23.4426404],[81.9777876,23.4419677],[81.9778754,23.4416606],[81.9779756,23.4414549],[81.9780073,23.4413896],[81.9782713,23.4411005],[81.9785696,23.4408611],[81.9792202,23.440529],[81.979225,23.4405265],[81.9796017,23.4404089],[81.9799344,23.4403771],[81.9801789,23.4402053],[81.9802273,23.4395055],[81.9801913,23.4391282],[81.9801631,23.4388329],[81.9801874,23.4386252],[81.9803497,23.4382587],[81.9805293,23.4378529],[81.9807589,23.4374329],[81.9811794,23.4369586],[81.9823831,23.4359777],[81.9833308,23.4352054],[81.9836046,23.4349072],[81.983717,23.4347491],[81.9838196,23.434573],[81.9839413,23.4338912],[81.9838482,23.4336294],[81.9836475,23.4335392],[81.9835447,23.4335303],[81.9834763,23.4335845],[81.9824001,23.4339374],[81.98218,23.4339285],[81.9819157,23.4338204],[81.9817736,23.4336624],[81.9816657,23.4332743],[81.9816994,23.4326196],[81.9816886,23.4313149],[81.9816883,23.4309356],[81.9817156,23.4308005],[81.9817321,23.4307189],[81.9825878,23.4300185],[81.9834827,23.429449],[81.9835511,23.42944],[81.9838155,23.4296249],[81.9838987,23.4295977],[81.9838984,23.4292772],[81.983771,23.4290019],[81.9828945,23.4282214],[81.9819841,23.4276803],[81.9812349,23.4269314],[81.9809363,23.4266652],[81.9802657,23.4262548],[81.980065,23.4262098],[81.9793067,23.4262284],[81.9786364,23.4261792],[81.9781127,23.4259944],[81.9776967,23.4257283],[81.9773638,23.4254486],[81.9767908,23.4246951],[81.9767416,23.4244016],[81.9767411,23.4237967],[81.9768339,23.4235709],[81.977049,23.4232908],[81.978365,23.4231861],[81.9789959,23.4229374],[81.9796903,23.422517],[81.9804432,23.4219477],[81.9819482,23.4206312],[81.9825357,23.4201629],[81.9829072,23.4197428],[81.9831514,23.4192776],[81.983405,23.4183248],[81.9839149,23.4171242],[81.984489,23.4157552],[81.9847975,23.4151453],[81.9849139,23.4149152],[81.9853343,23.414495],[81.9856717,23.4142871],[81.986263,23.4140984],[81.9865863,23.4140562],[81.9869923,23.4140378],[81.9875648,23.4141999],[81.9884261,23.4145334],[81.9887688,23.4147769],[81.9891605,23.4151514],[81.989327,23.4154357],[81.9893861,23.4158149],[81.9893473,23.4162212],[81.9894212,23.41679],[81.9897451,23.4176324],[81.9898134,23.4178101],[81.9901416,23.4182116],[81.9905576,23.4184912],[81.9911106,23.4186985],[81.9917321,23.4189057],[81.9927597,23.4191442],[81.9934107,23.4194643],[81.9942672,23.4199015],[81.9955935,23.4204107],[81.9961268,23.4204915],[81.9967972,23.420649],[81.9976439,23.4209644],[81.9979439,23.4211277],[81.9980839,23.4212041],[81.9982439,23.421291],[81.9985126,23.4213851],[81.999261,23.4215843],[81.9996867,23.4215576],[82.0001272,23.4214044],[82.0012096,23.4203397],[82.0014794,23.4195994],[82.0017298,23.4186244],[82.0017842,23.4180329],[82.0020244,23.4174868],[82.0024017,23.4169588],[82.0032341,23.4163003],[82.0038216,23.4157995],[82.0044778,23.4151815],[82.0051535,23.4147214],[82.0061081,23.4141262],[82.006725,23.413639],[82.0074937,23.413021],[82.0085953,23.4121324],[82.009212,23.4119116],[82.0095544,23.4119931],[82.009823,23.4125712],[82.0099889,23.4134015],[82.0099935,23.4134247],[82.0101154,23.4139034],[82.0104965,23.4144997],[82.0105125,23.4145169],[82.0112836,23.4153536],[82.0118213,23.4159229],[82.0124911,23.4164607],[82.0127992,23.4167047],[82.0148507,23.4177693],[82.0155575,23.4182057],[82.0161297,23.4185086],[82.0174063,23.4191596],[82.0178269,23.4193857],[82.0195338,23.4203124],[82.0204336,23.4209903],[82.021255,23.4217629],[82.0221448,23.4227072],[82.0222766,23.4230504],[82.0226039,23.4237821],[82.0228972,23.4242067],[82.0233177,23.4245546],[82.0236947,23.4247351],[82.0238655,23.4248169],[82.0243596,23.4250023],[82.0249712,23.4250343],[82.0254753,23.4248811],[82.0256936,23.4246061],[82.0257153,23.4245787],[82.0256769,23.4235718],[82.0254721,23.4226597],[82.02537,23.4217746],[82.0254636,23.4208717],[82.0257774,23.4199869],[82.0263458,23.4189804],[82.0271244,23.4180779],[82.0278493,23.417094],[82.0285497,23.4161011],[82.0293381,23.415176],[82.0300628,23.4143637],[82.0307092,23.4135017],[82.0312774,23.4126397],[82.0314978,23.4122289],[82.0320121,23.4115113],[82.0324429,23.4110556],[82.0326831,23.4104778],[82.0327519,23.4099902],[82.0325468,23.4094934],[82.0322828,23.409123],[82.031559,23.4086801],[82.0306347,23.408237],[82.0298324,23.4081417],[82.0293235,23.4081866],[82.0289027,23.4083082],[82.0279483,23.4087501],[82.0275078,23.4089847],[82.0268911,23.4093455],[82.0261717,23.4096069],[82.0256872,23.4096879],[82.0252518,23.4096605],[82.0247871,23.4095789],[82.0242785,23.4092309],[82.0241448,23.4090568],[82.0238484,23.4086708],[82.0235851,23.4074651],[82.023796,23.4067609],[82.0243054,23.4060478],[82.0257299,23.4049154],[82.0264397,23.404365],[82.0272572,23.4036928],[82.0278644,23.4029482],[82.0282415,23.4024788],[82.0289372,23.4010389],[82.0289835,23.4007478],[82.0290699,23.4002037],[82.0286399,23.3994359],[82.028288,23.3990067],[82.0275791,23.3983922],[82.0263761,23.3977097],[82.025452,23.3971176],[82.024523,23.396363],[82.0238729,23.3956356],[82.0233893,23.3947549],[82.0228274,23.3938063],[82.0224316,23.393174],[82.0217033,23.3924556],[82.0211608,23.3917734],[82.0209078,23.3900259],[82.0209329,23.3892313],[82.0213641,23.3882608],[82.021898,23.387322],[82.0225493,23.3864149],[82.0233031,23.385842],[82.0240518,23.3854948],[82.0253091,23.385333],[82.026581,23.3851803],[82.0277503,23.3849959],[82.0290566,23.3846491],[82.0299276,23.3842929],[82.0306127,23.3838057],[82.031298,23.3832327],[82.0318512,23.3825377],[82.0323111,23.382416],[82.0328882,23.3825789],[82.0334502,23.3833062],[82.0340362,23.3848687],[82.0347735,23.3868197],[82.0354575,23.3880256],[82.0361175,23.3885769],[82.0368463,23.3887398],[82.0379815,23.3883025],[82.0387548,23.3877295],[82.039308,23.3869938],[82.0398809,23.386055],[82.0402728,23.3851928],[82.0406451,23.3843216],[82.0411348,23.3834911],[82.041737,23.382638],[82.0426719,23.3817265],[82.0432838,23.3809366],[82.044473,23.3800523],[82.0451335,23.3797049],[82.0461463,23.3793849],[82.0480738,23.3788892],[82.0496294,23.3786438],[82.0509746,23.3784887],[82.052085,23.3784125],[82.0529656,23.3781104],[82.0540665,23.3776142],[82.0551282,23.3770458],[82.0560039,23.3767843],[82.0569332,23.3769382],[82.0577204,23.3775752],[82.0581799,23.3780946],[82.0587617,23.378754],[82.0588177,23.3788974],[82.0591183,23.3796663],[82.0594896,23.3805785],[82.0599783,23.381423],[82.060335,23.3822946],[82.0603669,23.3823784],[82.0606721,23.3831797],[82.0609826,23.3840033],[82.0610092,23.3840738],[82.0613022,23.3849995],[82.0616491,23.3859253],[82.0619862,23.3867968],[82.0622353,23.3877],[82.0623979,23.3884937],[82.0624305,23.3886527],[82.0625573,23.3895784],[82.0626547,23.3903957],[82.0629184,23.3913981],[82.0632752,23.3920936],[82.0640624,23.3929382],[82.0647814,23.3932004],[82.0651679,23.3932953],[82.0660338,23.3931873],[82.0670124,23.3927181],[82.0676828,23.3923165],[82.0683082,23.39179],[82.0684119,23.3917027],[82.0691899,23.3911973],[82.0700852,23.3910125],[82.0711173,23.3912115],[82.0718706,23.3914465],[82.0728586,23.3919932],[82.0735775,23.3925036],[82.0751914,23.3937233],[82.0758809,23.3943104],[82.0764238,23.3946673],[82.0770401,23.3949429],[82.0777102,23.3951734],[82.078493,23.3952007],[82.078504,23.3951973],[82.0790214,23.3950383],[82.0797357,23.3946367],[82.0801761,23.3942395],[82.0809346,23.3936527],[82.0815168,23.3933323],[82.0821723,23.3934679],[82.0829158,23.3937481],[82.0832679,23.3940552],[82.0836591,23.3946197],[82.0840014,23.3951435],[82.0843828,23.3957396],[82.084867,23.3962093],[82.0860066,23.3969907],[82.0866914,23.3972753],[82.0875377,23.3973929],[82.0884917,23.3974744],[82.0894113,23.3977772],[82.0904044,23.3980347],[82.0914806,23.3982833],[82.092278,23.3982112],[82.0927869,23.397814],[82.093012,23.3974709],[82.0929927,23.3965634],[82.0927433,23.3958228],[82.092358,23.3951608],[82.0923228,23.3951003],[82.0921175,23.3944907],[82.0920394,23.3936419],[82.0922352,23.3932446],[82.0926071,23.3929015],[82.0934827,23.3928565],[82.0943094,23.3930102],[82.0950872,23.3932316],[82.0966916,23.394022],[82.0973079,23.3944511],[82.0986383,23.3958555],[82.0992497,23.3965238],[82.0999002,23.3970748],[82.1000419,23.3971936],[82.1002511,23.3973689],[82.1005899,23.3976528],[82.1015193,23.3980368],[82.102439,23.3981769],[82.102809,23.3981992],[82.1034126,23.3982357],[82.104259,23.3978069],[82.1046471,23.3973387],[82.104944,23.3969807],[82.1051601,23.3963083],[82.1051936,23.3962041],[82.105091,23.395423],[82.1049541,23.3944567],[82.1050032,23.3934499],[82.105243,23.3925559],[82.1057519,23.3919058],[82.1067059,23.3911744],[82.1075767,23.3906553],[82.1091374,23.3897028],[82.1098614,23.3890933],[82.1104502,23.3885917],[82.1108154,23.3882807],[82.1114025,23.3877615],[82.1120042,23.3871023],[82.1125864,23.386398],[82.11288,23.3857704],[82.1132958,23.3849713],[82.1137655,23.3841586],[82.1142939,23.3823796],[82.1142206,23.382059],[82.1134576,23.3811108],[82.1131152,23.3806909],[82.113037,23.3803026],[82.1128954,23.3795182],[82.1128903,23.3794898],[82.1128855,23.3785778],[82.1129785,23.3776657],[82.1129249,23.375819],[82.1127832,23.3739588],[82.112675,23.3725912],[82.1126709,23.3712407],[82.1123433,23.3704505],[82.1118983,23.3696513],[82.1116489,23.3688295],[82.1115463,23.3679355],[82.1116393,23.3670234],[82.1117915,23.366181],[82.1118008,23.3661294],[82.1115856,23.3653077],[82.1111455,23.3645039],[82.1111162,23.3644543],[82.1108001,23.3639261],[82.1107054,23.3637679],[82.1101137,23.3631719],[82.1109012,23.3624044],[82.1116496,23.3617768],[82.1117328,23.3610634],[82.1118551,23.3605036],[82.1123247,23.3598128],[82.1139192,23.3583229],[82.1147751,23.3577134],[82.115675,23.3567608],[82.1171374,23.3554605],[82.1174406,23.3552302],[82.1179297,23.354869],[82.1194312,23.3539841],[82.1197393,23.3539345],[82.1212553,23.3538352],[82.1227274,23.3537088],[82.1237446,23.3537178],[82.1248548,23.3539571],[82.1255835,23.3545621],[82.1268795,23.3556683],[82.1277158,23.3560702],[82.1291536,23.3567925],[82.1304839,23.357533],[82.1322104,23.3584856],[82.1329929,23.3588016],[82.1342254,23.3592576],[82.1352378,23.3596232],[82.1368567,23.3600792],[82.1379718,23.3603771],[82.1390723,23.3608511],[82.1400554,23.3614018],[82.1409065,23.3618126],[82.1415178,23.3618667],[82.1437871,23.3616859],[82.144337,23.3616111],[82.1446186,23.3615729],[82.1454165,23.3612953],[82.1457483,23.3611799],[82.1464329,23.3608096],[82.1469659,23.3602451],[82.14745,23.3594187],[82.1480074,23.3586872],[82.1486773,23.3578518],[82.1492591,23.3572015],[82.1503641,23.3554495],[82.1510094,23.3544741],[82.1518846,23.3531329],[82.1524419,23.3522388],[82.1529552,23.3514667],[82.1538304,23.3503558],[82.1558154,23.34845],[82.1579129,23.3465712],[82.1590228,23.3456183],[82.1606704,23.344146],[82.1614917,23.3434053],[82.1620784,23.3428408],[82.1623127,23.3414726],[82.1624298,23.3404883],[82.1625421,23.3400187],[82.1628109,23.3393278],[82.1628693,23.3382712],[82.1631962,23.3360542],[82.1634258,23.3352188],[82.1637288,23.3346724],[82.1647018,23.3344284],[82.1665059,23.3335113],[82.1673076,23.3329557],[82.1681241,23.3325085],[82.1692535,23.3322057],[82.1710674,23.3316272],[82.1713093,23.3315333],[82.1720452,23.3312476],[82.1736195,23.330764],[82.17493,23.3303754],[82.1765725,23.3298555],[82.1781223,23.3292996],[82.1799507,23.3285269],[82.1817106,23.3276819],[82.1828106,23.3273745],[82.1839987,23.3270625],[82.1848054,23.3268951],[82.1852699,23.3269898],[82.1863897,23.3271158],[82.1880961,23.3270473],[82.1908391,23.3269559],[82.1917241,23.3268833],[82.192076,23.3267748],[82.1923692,23.3263999],[82.1939619,23.3238436],[82.1944504,23.3230126],[82.1947776,23.3222133],[82.1949482,23.3213282],[82.1953389,23.3204837],[82.195505,23.3202172],[82.1959694,23.3200229],[82.1964386,23.3196208],[82.196585,23.3192866],[82.1966337,23.3187899],[82.1965795,23.3180224],[82.1968284,23.3173043],[82.1974733,23.31641],[82.1981182,23.315597],[82.1993005,23.313971],[82.1993882,23.3134291],[82.1988497,23.3122057],[82.1983262,23.3114881],[82.1974359,23.3105222],[82.1972255,23.3103147],[82.1969713,23.3102154],[82.196761,23.3101839],[82.196321,23.3101435],[82.1959591,23.3099585],[82.1956314,23.3096381],[82.1950541,23.3089521],[82.1947851,23.308591],[82.1947507,23.3082975],[82.1948728,23.3080536],[82.1952735,23.3078322],[82.1956842,23.3077507],[82.1963099,23.3076285],[82.1966953,23.3074559],[82.1969355,23.3073483],[82.1972238,23.3071676],[82.1974095,23.3068785],[82.1974923,23.3064766],[82.1975019,23.3061199],[82.1974235,23.3058039],[82.1971203,23.3054835],[82.1968904,23.3052759],[82.19646,23.3049916],[82.1962654,23.3046944],[82.1961762,23.3045583],[82.1960783,23.3042287],[82.1960291,23.303714],[82.1960729,23.3033166],[82.1961899,23.3026664],[82.1966245,23.3018444],[82.1968785,23.3014064],[82.1970314,23.3012287],[82.1972205,23.3010089],[82.197323,23.3006566],[82.1970726,23.2986565],[82.1969793,23.2979477],[82.1968911,23.2975684],[82.1967149,23.2972841],[82.1962797,23.2968914],[82.1959569,23.296711],[82.1956049,23.2966389],[82.1951943,23.2965668],[82.1945831,23.2964091],[82.194363,23.2962241],[82.1939814,23.2955876],[82.193815,23.2952174],[82.193694,23.2946919],[82.1936778,23.2946215],[82.1936376,23.2938928],[82.1936285,23.2937275],[82.1936134,23.2928561],[82.1936206,23.2928218],[82.1937109,23.2923955],[82.1937938,23.291971],[82.1937594,23.2917137],[82.1927663,23.2901654],[82.1925462,23.2898268],[82.1923601,23.2891],[82.1922131,23.2884905],[82.1922616,23.2876461],[82.1923494,23.2873526],[82.1928087,23.2868919],[82.1938784,23.2855323],[82.194743,23.2843941],[82.1944586,23.2827191],[82.1940715,23.2808184],[82.1936746,23.2789492],[82.1933809,23.2779651],[82.1929552,23.2771345],[82.1919674,23.2761415],[82.1914931,23.2757309],[82.1903146,23.2747154],[82.1894052,23.2739663],[82.1887989,23.273497],[82.1884371,23.2733933],[82.1875037,23.2734614],[82.1867852,23.2735926],[82.1858909,23.2738097],[82.1853338,23.2738957],[82.185016,23.2737829],[82.1842479,23.273413],[82.1835641,23.2730836],[82.1819019,23.2722218],[82.1802301,23.2714413],[82.1794088,23.2710849],[82.1777615,23.2703766],[82.175679,23.269411],[82.1746109,23.2688398],[82.1743543,23.2687026],[82.1743003,23.2680795],[82.1743762,23.2678094],[82.1744565,23.2675241],[82.1745001,23.2665849],[82.1744558,23.2657225],[82.1742402,23.2643364],[82.1738637,23.2638669],[82.1735556,23.2632755],[82.1734822,23.262973],[82.1736628,23.2623318],[82.1735845,23.2619932],[82.1730956,23.261605],[82.1726555,23.2609505],[82.172499,23.2605622],[82.1724793,23.2600881],[82.1724985,23.2592302],[82.1722881,23.2583995],[82.1719556,23.2578081],[82.1711588,23.2571717],[82.1701177,23.2567611],[82.1692085,23.2562286],[82.1686073,23.2556914],[82.1682894,23.2551542],[82.1684551,23.2536326],[82.1691291,23.252639],[82.1696812,23.2520428],[82.1696371,23.2517358],[82.1694415,23.2514695],[82.1690651,23.2511987],[82.16842,23.2509821],[82.1673784,23.2505422],[82.166513,23.2500759],[82.1663429,23.2488868],[82.1662779,23.24736],[82.1664529,23.2464657],[82.1670022,23.2460396],[82.1671789,23.2458852],[82.1652857,23.2452543],[82.1636846,23.245065],[82.1627608,23.2450929],[82.1600915,23.2461981],[82.1597846,23.2463252],[82.1573921,23.2403894],[82.155459,23.2359091],[82.1544573,23.2335793],[82.1536029,23.2315921],[82.1530752,23.2304727],[82.1523577,23.2301295],[82.1512022,23.2296098],[82.1503592,23.2288541],[82.1494637,23.2281114],[82.1485709,23.2275271],[82.1480537,23.2273394],[82.1474027,23.2271861],[82.1472729,23.2271555],[82.1467945,23.2270675],[82.1460432,23.2269292],[82.1454253,23.2267573],[82.1452745,23.2267153],[82.1456269,23.225668],[82.1460376,23.2245097],[82.1472343,23.2232886],[82.14791,23.2223198],[82.1481361,23.2217666],[82.1484069,23.2211041],[82.1485391,23.2201666],[82.1484476,23.2197391],[82.148123,23.2192368],[82.1476211,23.2189744],[82.1498623,23.2172826],[82.1508207,23.2165673],[82.1511117,23.2163098],[82.1531119,23.2135562],[82.1536058,23.2127391],[82.1533615,23.211221],[82.1527364,23.2091246],[82.1523427,23.2082725],[82.1510022,23.2058886],[82.1500419,23.2042081],[82.1497581,23.2037282],[82.1493068,23.2015405],[82.1490681,23.2003427],[82.1490482,23.200243],[82.1488799,23.1992166],[82.1490339,23.1985127],[82.1492832,23.1978075],[82.1492523,23.1973767],[82.1487005,23.196997],[82.1472923,23.1961255],[82.1468014,23.1959375],[82.1459321,23.1956476],[82.1439837,23.195139],[82.1443898,23.1941879],[82.1459172,23.1915446],[82.1462686,23.1910742],[82.1476721,23.1894867],[82.1482455,23.1889502],[82.1479088,23.1886698],[82.1474924,23.1883541],[82.1471247,23.1881107],[82.145709,23.1876117],[82.1442884,23.1872954],[82.1436449,23.1871071],[82.143694,23.1857688],[82.1440128,23.1844778],[82.1442165,23.1834077],[82.1443679,23.1825138],[82.144514,23.1813056],[82.144598,23.1801641],[82.1446352,23.1795423],[82.1454516,23.1791872],[82.146426,23.1788227],[82.147329,23.1784445],[82.1484248,23.1777711],[82.1490508,23.1773749],[82.1492837,23.1771158],[82.1493875,23.1757401],[82.1493542,23.1751558],[82.149116,23.1741358],[82.1491011,23.1732369],[82.1488976,23.171924],[82.1487328,23.171517],[82.1485446,23.1711323],[82.1483012,23.1707556],[82.147822,23.1703343],[82.1474827,23.1700215],[82.1472329,23.1697327],[82.1469416,23.1693274],[82.1468832,23.1689467],[82.1467694,23.1684746],[82.1467029,23.1682782],[82.1466131,23.168104],[82.1453231,23.1670623],[82.1446691,23.1664782],[82.1444608,23.1662314],[82.1443548,23.1658337],[82.1443524,23.1656481],[82.1445478,23.1655114],[82.1448606,23.1652999],[82.1453504,23.1650432],[82.1455646,23.1648453],[82.1456405,23.1646554],[82.1455584,23.1644677],[82.1454092,23.1642743],[82.1450835,23.1640358],[82.1449429,23.1638977],[82.1449067,23.1637033],[82.1449767,23.16355],[82.1451646,23.1634103],[82.1453318,23.1633892],[82.1457601,23.1633446],[82.1464058,23.1636035],[82.1471215,23.1638615],[82.1475958,23.1638548],[82.1479778,23.1638494],[82.1483059,23.1637717],[82.1490651,23.1634686],[82.1497736,23.163288],[82.1503388,23.163207],[82.1506288,23.1632151],[82.1514593,23.1632399],[82.152093,23.1633162],[82.1529896,23.1633523],[82.1534111,23.1633463],[82.1541598,23.1632017],[82.154772,23.1627789],[82.1557254,23.1622659],[82.1565111,23.1619746],[82.1569448,23.1619075],[82.158025,23.1618922],[82.1585936,23.1620182],[82.1594279,23.1622744],[82.1609191,23.1620522],[82.1610356,23.1605009],[82.1611147,23.1595495],[82.1614673,23.1588867],[82.1621111,23.1576641],[82.1622629,23.1572819],[82.1622489,23.1545336],[82.1620495,23.1530014],[82.161408,23.1495896],[82.1612636,23.1485098],[82.1613481,23.1471227],[82.1614577,23.145474],[82.1615419,23.1441961],[82.1613598,23.1431148],[82.160811,23.1423827],[82.1593345,23.1407346],[82.1579511,23.1391339],[82.156873,23.1384669],[82.156064,23.1381372],[82.1528348,23.1372327],[82.1503438,23.1366966],[82.149966,23.1366153],[82.1474256,23.1359445],[82.1462078,23.135584],[82.1453048,23.135146],[82.143431,23.134149],[82.1418242,23.1333676],[82.1406974,23.1329326],[82.140348,23.1325366],[82.1395296,23.1316089],[82.1386513,23.1305739],[82.138193,23.1300339],[82.1372679,23.1286437],[82.1369948,23.1280506],[82.1366358,23.1254364],[82.136527,23.1238721],[82.1364979,23.1234525],[82.136477,23.1228643],[82.136449,23.1220766],[82.1365583,23.1215146],[82.1368516,23.1201217],[82.1373523,23.1186893],[82.1379561,23.1169557],[82.138064,23.1158285],[82.1381162,23.1141905],[82.138086,23.1123489],[82.1379064,23.1120005],[82.1372504,23.1115127],[82.1354181,23.1105957],[82.1331618,23.109958],[82.1313626,23.109066],[82.1299592,23.1082962],[82.1287431,23.1073776],[82.127971,23.1066098],[82.1275543,23.1061955],[82.1267784,23.1051391],[82.125112,23.1047092],[82.1233671,23.1043095],[82.1222494,23.1038015],[82.1206959,23.1042875],[82.1191036,23.1047737],[82.1188042,23.1050724],[82.1184301,23.1053894],[82.1181166,23.1055497],[82.1173618,23.1055468],[82.1166601,23.1053946],[82.1160945,23.1055973],[82.1151748,23.1060584],[82.1142762,23.1065192],[82.1134068,23.1074864],[82.112621,23.1083719],[82.1116807,23.1089735],[82.111095,23.1093482],[82.1105092,23.1093436],[82.1074928,23.109235],[82.1067684,23.1091175],[82.1048474,23.1089954],[82.1036917,23.1089005],[82.1025338,23.1088054],[82.1020359,23.1087376],[82.1002154,23.1085613],[82.0988097,23.1084662],[82.0978677,23.1085248],[82.0955833,23.1088134],[82.0944655,23.1089215],[82.0934992,23.1090703],[82.0931914,23.1097339],[82.0926787,23.1110522],[82.0921561,23.1123704],[82.0891981,23.1124556],[82.0883406,23.1123887],[82.0853658,23.1121564],[82.0838918,23.1122253],[82.0804168,23.112687],[82.0780175,23.1135384],[82.0757138,23.1144372],[82.0748983,23.1148382],[82.074515,23.1152527],[82.0739062,23.1160602],[82.0734957,23.116748],[82.073081,23.1178355],[82.0729093,23.1183056],[82.0722247,23.1183247],[82.0715795,23.1181678],[82.0711027,23.11799],[82.0710142,23.1178814],[82.0708763,23.1176566],[82.0707603,23.1173147],[82.0706835,23.1169575],[82.0705209,23.1166747],[82.0700756,23.116498],[82.0697356,23.116488],[82.0692161,23.1166193],[82.0683021,23.1162955],[82.0678891,23.1161622],[82.0675428,23.1161198],[82.0672347,23.1162588],[82.0670338,23.1165466],[82.066761,23.1162872],[82.0666217,23.1157132],[82.0664004,23.1149763],[82.0660705,23.1147603],[82.0657924,23.114688],[82.0655089,23.1147459],[82.0652928,23.1148963],[82.0650569,23.1149726],[82.064637,23.1149052],[82.0642552,23.1147496],[82.064206,23.1146333],[82.0643353,23.1145133],[82.0647307,23.1143338],[82.0647916,23.1141868],[82.0647888,23.1140114],[82.0644601,23.1137162],[82.06323,23.1127438],[82.0628598,23.1125378],[82.0626465,23.1124689],[82.0624271,23.1125888],[82.0623169,23.1126122],[82.0621267,23.1125782],[82.0619325,23.112411],[82.0616074,23.1117227],[82.0615963,23.1115577],[82.0615764,23.1112627],[82.0616958,23.1108152],[82.061754,23.1105001],[82.0617028,23.1102595],[82.0613986,23.1100151],[82.0604411,23.1089317],[82.0600467,23.1084765],[82.0597456,23.1082236],[82.0597266,23.1082077],[82.0594947,23.1080454],[82.0592805,23.1079971],[82.0579883,23.1077295],[82.0568647,23.107138],[82.0563911,23.1071663],[82.0559948,23.1070913],[82.0551308,23.1068502],[82.0549811,23.1066031],[82.054747,23.1060635],[82.0548974,23.105717],[82.0551615,23.1055116],[82.0552136,23.1053062],[82.0551388,23.1050733],[82.0548172,23.1047268],[82.0544947,23.1046131],[82.0543116,23.1044814],[82.0541887,23.1043501],[82.0541428,23.104301],[82.0540003,23.1037839],[82.0539422,23.1026637],[82.053908,23.1019359],[82.053886,23.1015414],[82.0538408,23.1011839],[82.0536317,23.1009528],[82.0532457,23.1001764],[82.0530404,23.0995281],[82.0522107,23.0985233],[82.0519149,23.098308],[82.0514307,23.0981683],[82.0510117,23.098152],[82.0499475,23.0980075],[82.0485619,23.0973389],[82.047851,23.0964846],[82.0482434,23.0957202],[82.0486852,23.0950499],[82.0489653,23.0943652],[82.0490389,23.0941262],[82.0490606,23.0938335],[82.0480481,23.0930918],[82.0471045,23.0925441],[82.0468336,23.0920605],[82.0470166,23.0919727],[82.0471741,23.0918572],[82.047099,23.0913503],[82.0467931,23.0911595],[82.0463966,23.0910674],[82.0455876,23.0907006],[82.0454111,23.0903618],[82.0451725,23.0902676],[82.0447936,23.0904554],[82.0445603,23.09069],[82.0444164,23.0907529],[82.0441388,23.0906835],[82.0436611,23.0903519],[82.043432,23.0901204],[82.0436273,23.0897243],[82.0438518,23.0891767],[82.0438714,23.0887501],[82.0437186,23.0885118],[82.043522,23.088304],[82.0430055,23.088116],[82.0419933,23.0873864],[82.041381,23.0869683],[82.0408082,23.0865778],[82.0406378,23.086296],[82.0404702,23.085766],[82.0402724,23.0853431],[82.0399539,23.0849651],[82.0396744,23.0847739],[82.038982,23.0842837],[82.0389242,23.0839556],[82.0384939,23.0833887],[82.0380797,23.0830044],[82.0374465,23.0829276],[82.0369163,23.0827033],[82.0365996,23.0824335],[82.0364828,23.0819955],[82.0363533,23.0814393],[82.0361923,23.0810318],[82.0359381,23.0807793],[82.0341886,23.0800474],[82.0337661,23.0799922],[82.0333598,23.080095],[82.0328374,23.08037],[82.0320834,23.0801486],[82.0314279,23.0799941],[82.0306774,23.0799968],[82.0293271,23.0800367],[82.028082,23.0802434],[82.0275321,23.0804407],[82.0272911,23.0806925],[82.0271541,23.0810305],[82.0272019,23.0813047],[82.0276623,23.0817035],[82.027957,23.0818531],[82.0279669,23.0819846],[82.0278829,23.0821684],[82.0275281,23.082217],[82.0265612,23.0818693],[82.0260823,23.0815589],[82.0256531,23.0810529],[82.0253326,23.0807648],[82.024674,23.0807492],[82.0242245,23.0806334],[82.0237201,23.080372],[82.0232642,23.0798421],[82.0225732,23.0794371],[82.0221813,23.0796372],[82.0219767,23.0800297],[82.0210192,23.0806407],[82.0203048,23.0808998],[82.0199041,23.0808759],[82.0196134,23.0810416],[82.0195323,23.0813584],[82.0197167,23.0816971],[82.0190204,23.0823105],[82.018791,23.0824598],[82.0185844,23.0827256],[82.0184826,23.0832971],[82.0186562,23.0837802],[82.0185716,23.084102],[82.0182574,23.0840603],[82.0180024,23.0838685],[82.0178054,23.0833847],[82.017795,23.0827654],[82.0175528,23.0824323],[82.0169651,23.0822354],[82.0163463,23.0820682],[82.015662,23.0817557],[82.0150409,23.0814423],[82.0143751,23.0813049],[82.0139818,23.0814124],[82.0134354,23.0818436],[82.0130373,23.0821074],[82.0127644,23.0821695],[82.0125724,23.0820161],[82.0125637,23.081451],[82.0125544,23.0808468],[82.0121473,23.0804039],[82.0117413,23.0800389],[82.0112957,23.0798304],[82.0100894,23.079476],[82.0092414,23.0791363],[82.0085873,23.079067],[82.0078296,23.079116],[82.006465,23.0794263],[82.0056916,23.0798264],[82.0053989,23.0802279],[82.005003,23.0809138],[82.0044485,23.0811877],[82.0040456,23.0810175],[82.0033884,23.0807533],[82.002626,23.0804904],[82.0015746,23.0806212],[82.0004224,23.0810457],[81.9996732,23.0818172],[81.9992629,23.0822458],[81.9988575,23.0827601],[81.9977394,23.0844108],[81.9971839,23.0845032],[81.9970131,23.0845304],[81.9967497,23.0845307],[81.9965739,23.0844992],[81.9963345,23.0843851],[81.9962713,23.084355],[81.9959439,23.0840392],[81.995397,23.0835791],[81.9950602,23.0834574],[81.9947284,23.0834306],[81.9943185,23.0835528],[81.9940161,23.0837156],[81.9925576,23.0844301],[81.9922308,23.0845477],[81.9919382,23.0848188],[81.9918602,23.0849634],[81.9918657,23.0857579],[81.9918075,23.0860289],[81.991749,23.0862502],[81.991637,23.0864534],[81.9913736,23.0865755],[81.9911393,23.0866118],[81.9908953,23.0865443],[81.9907878,23.0863773],[81.9906607,23.086093],[81.9904454,23.0854745],[81.9901861,23.084793],[81.9899907,23.0844996],[81.9897369,23.0843644],[81.989483,23.0843104],[81.9892,23.0843377],[81.988966,23.0845546],[81.9888051,23.0847669],[81.9886883,23.0851553],[81.9886008,23.085494],[81.9884694,23.0859184],[81.9882743,23.0861353],[81.9879571,23.0862168],[81.9878547,23.0862033],[81.9876985,23.0861628],[81.9872296,23.0857207],[81.9868391,23.0855629],[81.9865804,23.0855361],[81.9861024,23.0857486],[81.9857511,23.0858978],[81.9856486,23.0858708],[81.9855802,23.085749],[81.985492,23.0854149],[81.9855355,23.0847647],[81.9855559,23.0841879],[81.985564,23.0839566],[81.985544,23.083329],[81.9854363,23.0828505],[81.9853337,23.0826655],[81.9851432,23.0824714],[81.9849088,23.0823768],[81.984533,23.0823003],[81.9843134,23.0823005],[81.9840353,23.0823593],[81.9836402,23.0825221],[81.9831084,23.0827302],[81.9827424,23.082762],[81.9824105,23.0826539],[81.98222,23.0824102],[81.982117,23.0818505],[81.9820091,23.0811552],[81.9817743,23.0804285],[81.9815058,23.080221],[81.9812666,23.0801489],[81.9810129,23.0802033],[81.9809398,23.0802891],[81.9809301,23.080393],[81.9809449,23.0805961],[81.9810624,23.0810746],[81.9811265,23.0818827],[81.9811218,23.0821717],[81.9810634,23.0824516],[81.9808587,23.0826279],[81.980644,23.0826325],[81.9804292,23.0825469],[81.9801654,23.0821994],[81.9795695,23.0816264],[81.978974,23.0813605],[81.9784419,23.0811802],[81.9780174,23.0811398],[81.9774562,23.0811447],[81.9773878,23.0811313],[81.9773244,23.0811132],[81.977173,23.0810095],[81.9771193,23.0809147],[81.976958,23.0806078],[81.9767523,23.0796869],[81.9765959,23.0792851],[81.9762101,23.0789784],[81.9758441,23.078947],[81.9751854,23.0789745],[81.9747072,23.0791283],[81.9745219,23.0792052],[81.9741414,23.0794628],[81.9737659,23.0797204],[81.9733513,23.0800367],[81.9730879,23.0801768],[81.9727366,23.0802538],[81.9725999,23.0802223],[81.9724633,23.0801862],[81.9720093,23.0800375],[81.9715896,23.0798933],[81.9712431,23.0799071],[81.9709943,23.0799614],[81.9704139,23.0804313],[81.9700236,23.0806573],[81.9694919,23.0809375],[81.9690381,23.0810055],[81.9685257,23.0809381],[81.9678912,23.0807218],[81.9675055,23.0804421],[81.9667242,23.0797021],[81.9657674,23.0792918],[81.9653867,23.079152],[81.965006,23.0790123],[81.964718,23.0789041],[81.9639321,23.0785208],[81.9634097,23.078214],[81.963268,23.0779161],[81.9633311,23.0773292],[81.9636282,23.0765795],[81.9636768,23.0761867],[81.9635448,23.0758888],[81.9631727,23.0751939],[81.9614611,23.0756281],[81.960163,23.0757145],[81.9587331,23.0753587],[81.9580498,23.0753004],[81.9567813,23.0755764],[81.9554297,23.0757983],[81.9544538,23.0759162],[81.9522241,23.0764366],[81.95078,23.0769113],[81.9495944,23.0772053],[81.9485453,23.0774994],[81.9468182,23.0781232],[81.9460132,23.078584],[81.9459276,23.0786444],[81.9455645,23.0789003],[81.9451401,23.0791398],[81.9448745,23.0792309],[81.9444814,23.0793658],[81.9440715,23.0793931],[81.9438509,23.0793503],[81.9429343,23.0791724],[81.9422512,23.078965],[81.9424963,23.0782041],[81.9427019,23.0778501],[81.9428635,23.0775914],[81.9432602,23.0772645],[81.9439067,23.0769239],[81.9444358,23.0768693],[81.9455234,23.0767326],[81.9458908,23.0765283],[81.9460371,23.0762849],[81.9460663,23.0760672],[81.9460662,23.0758495],[81.9458602,23.0754687],[81.9454338,23.0750471],[81.9451689,23.0744214],[81.9450363,23.0739316],[81.9450636,23.0725827],[81.9451957,23.0722969],[81.945563,23.0719839],[81.9460331,23.0716027],[81.9463858,23.0714257],[81.9464908,23.0713462],[81.9467966,23.0711147],[81.9469435,23.0709105],[81.9470608,23.0704615],[81.9471341,23.0701485],[81.947134,23.0698356],[81.9470603,23.0695908],[81.9468543,23.0691011],[81.9463985,23.0686931],[81.9456779,23.068107],[81.9449135,23.0677536],[81.9444137,23.0675634],[81.9438992,23.0673867],[81.9436344,23.0669651],[81.9435459,23.0663801],[81.9435455,23.065659],[81.9434147,23.0652237],[81.9431942,23.0649653],[81.9429442,23.0647749],[81.9426796,23.0647206],[81.9423564,23.0648568],[81.9412984,23.0652518],[81.9398582,23.0655381],[81.939623,23.0655654],[81.9383577,23.0656077],[81.938196,23.0655397],[81.9378138,23.0652542],[81.937843,23.0649548],[81.9379579,23.0645642],[81.9380824,23.0641487],[81.9382392,23.063635],[81.9383125,23.0631724],[81.9382683,23.0629139],[81.9381781,23.062576],[81.9379134,23.0622224],[81.9373989,23.0618825],[81.9368991,23.0617738],[81.9352235,23.0614479],[81.9346063,23.0614346],[81.9332233,23.0614913],[81.9328559,23.0615322],[81.9324885,23.0617092],[81.9321506,23.061927],[81.9320625,23.0620155],[81.9319743,23.062104],[81.9316217,23.0622538],[81.9314159,23.062213],[81.9299902,23.0619278],[81.9297403,23.0618191],[81.9295492,23.0616423],[81.9295932,23.0614246],[81.9297139,23.0611355],[81.9297693,23.0610027],[81.9301951,23.0598325],[81.9302391,23.0596421],[81.9302684,23.0593972],[81.9302682,23.0590434],[81.9300765,23.0588005],[81.9296209,23.0585966],[81.9288272,23.0584064],[81.9282687,23.0582977],[81.9274734,23.0582323],[81.9274457,23.05823],[81.9272252,23.0581348],[81.9270488,23.0579988],[81.926887,23.0577676],[81.9267841,23.0575772],[81.9268133,23.0571282],[81.9269013,23.0568016],[81.9270335,23.0564887],[81.9274744,23.0557142],[81.9278248,23.054976],[81.9279128,23.0544318],[81.9276793,23.0537671],[81.9275322,23.0534679],[81.9274145,23.0530053],[81.927385,23.0527876],[81.927429,23.0525836],[81.9276052,23.0520801],[81.9277373,23.051808],[81.928134,23.0514133],[81.9286144,23.0510519],[81.9287084,23.0509814],[81.9290433,23.0507307],[81.9291608,23.0504994],[81.9291607,23.0502001],[81.9290714,23.0499214],[81.929043,23.0498328],[81.9287195,23.0494112],[81.9283961,23.0490303],[81.9276758,23.0486496],[81.9267811,23.0482949],[81.9260757,23.0480911],[81.925576,23.047928],[81.9251644,23.0477376],[81.9248998,23.0475064],[81.9244882,23.047112],[81.9243412,23.0468535],[81.9242088,23.0465679],[81.9239584,23.0457674],[81.9239142,23.0453048],[81.9238063,23.0449756],[81.9237272,23.0447364],[81.923517,23.0441077],[81.9230906,23.0434956],[81.9225899,23.0428953],[81.9222224,23.0424464],[81.9221048,23.0422696],[81.9218416,23.0417949],[81.9218107,23.0417391],[81.9216342,23.0413174],[81.9215754,23.0410997],[81.9215018,23.040814],[81.9217232,23.0393974],[81.9221048,23.0381456],[81.9226898,23.0370689],[81.9231165,23.0365091],[81.9236443,23.035504],[81.9240393,23.0343592],[81.9242301,23.0335972],[81.924318,23.0329441],[81.9245695,23.0316494],[81.9247896,23.0308874],[81.9248923,23.0306153],[81.9253204,23.0297056],[81.9256141,23.0292021],[81.9267303,23.0279092],[81.9272841,23.027495],[81.9273132,23.0274733],[81.9277857,23.02724],[81.9284762,23.0270221],[81.9291384,23.0268455],[81.9299609,23.0266332],[81.9306607,23.0264588],[81.930915,23.0263954],[81.9314437,23.0259871],[81.9318261,23.025483],[81.9318848,23.0252245],[81.9318406,23.0249388],[81.9315906,23.0245171],[81.9311644,23.0241635],[81.9302532,23.0235788],[81.9298767,23.0232184],[81.9298269,23.0231708],[81.9295051,23.0227345],[81.9293579,23.0220543],[81.9293873,23.0217882],[81.9294165,23.0215237],[81.9295632,23.0210747],[81.9297687,23.020612],[81.9307969,23.0192217],[81.9312521,23.018691],[81.9318837,23.0182554],[81.9322656,23.018092],[81.9336022,23.0178079],[81.9342339,23.0177396],[81.9349684,23.0175897],[81.9356001,23.0173174],[81.9361435,23.0169498],[81.9363932,23.0167184],[81.9365547,23.0165143],[81.9367308,23.0161741],[81.9369465,23.01564],[81.9371603,23.0151002],[81.9371873,23.0150305],[81.9372459,23.0147312],[81.9372605,23.0143911],[81.9373923,23.0134931],[81.9375999,23.0127975],[81.93782,23.012294],[81.9379662,23.0121198],[81.9380846,23.0119781],[81.938422,23.0115727],[81.9387597,23.0111372],[81.9393896,23.0099109],[81.9395511,23.0095299],[81.9395215,23.0090809],[81.9394331,23.008632],[81.9393006,23.0080334],[81.9391263,23.0075673],[81.9388577,23.0068486],[81.9387988,23.0066445],[81.9387545,23.0060595],[81.9387837,23.0057466],[81.9388288,23.0055978],[81.9389168,23.0053114],[81.9390067,23.0050256],[81.9391373,23.0046158],[81.9392711,23.0044367],[81.9396437,23.0040281],[81.9400401,23.0035191],[81.9406346,23.002685],[81.9417243,23.0009481],[81.94297,22.9990315],[81.9437117,22.9981125],[81.9440575,22.9976842],[81.9453069,22.9960791],[81.9454406,22.9958209],[81.9453284,22.9945509],[81.945005,22.9912318],[81.9447823,22.9893594],[81.9447601,22.9891732],[81.9452965,22.9885184],[81.946489,22.9874337],[81.9474313,22.9864777],[81.9475575,22.9863497],[81.9476702,22.9862353],[81.9477783,22.9861163],[81.9482954,22.9855468],[81.9496771,22.9839044],[81.9503211,22.9831217],[81.9504814,22.9829269],[81.9501577,22.9822766],[81.9492538,22.9808933],[81.9486534,22.9799757],[81.9484052,22.9795963],[81.9473338,22.9777278],[81.9464305,22.9746768],[81.9462081,22.9739172],[81.9462702,22.9737324],[81.9466422,22.9726262],[81.9471629,22.9705246],[81.9476056,22.9686934],[81.9477712,22.9677359],[81.9478057,22.9675368],[81.9477883,22.9673747],[81.9476907,22.9664672],[81.9476817,22.966106],[81.9477542,22.9644309],[81.9477612,22.9642691],[81.9475603,22.9625699],[81.9473477,22.9610934],[81.9467532,22.9579299],[81.9465755,22.9573362],[81.9463076,22.9567787],[81.9456162,22.9562214],[81.9446126,22.9556952],[81.9436315,22.9553607],[81.941647,22.9550208],[81.9403428,22.955011],[81.9396502,22.9547794],[81.9375961,22.954055],[81.937398,22.9539852],[81.937206,22.9538963],[81.9352573,22.9529947],[81.93365,22.9524434],[81.9306398,22.9513706],[81.9287426,22.9507165],[81.9268786,22.9502809],[81.926669,22.9502319],[81.9264885,22.9500886],[81.9260891,22.9497713],[81.9253309,22.9491933],[81.9237923,22.9483161],[81.9230007,22.9480478],[81.922222,22.9478502],[81.9215527,22.9476804],[81.9198694,22.9470923],[81.9193891,22.9468151],[81.9189217,22.9465453],[81.9168471,22.9448978],[81.9158437,22.9439997],[81.9142386,22.9428683],[81.9140353,22.9427026],[81.9127446,22.9416502],[81.9122299,22.9410683],[81.9111614,22.9395253],[81.9110145,22.9393132],[81.9092994,22.937078],[81.9075565,22.9349679],[81.9075335,22.93494],[81.9075049,22.9349055],[81.9066582,22.9338594],[81.9060115,22.9328063],[81.9046867,22.9314506],[81.9017113,22.9287737],[81.9003959,22.9276897],[81.8991484,22.9266826],[81.8981452,22.925929],[81.8972424,22.9254231],[81.8946791,22.9240037],[81.8921877,22.9231524],[81.8911251,22.9229132],[81.8904006,22.9226551],[81.8902177,22.9224396],[81.8885149,22.9204916],[81.8883283,22.9202996],[81.8865978,22.9185195],[81.8862736,22.9181146],[81.885181,22.9167501],[81.8844009,22.9160273],[81.8843543,22.9159793],[81.8840125,22.9156269],[81.8829922,22.914575],[81.8826628,22.9142354],[81.8820201,22.9135727],[81.8794234,22.9108777],[81.8782403,22.9098086],[81.8776497,22.9101287],[81.8753875,22.912101],[81.8737924,22.9134795],[81.8720316,22.9147082],[81.8711301,22.9154237],[81.8703722,22.9161259],[81.869124,22.917334],[81.8684792,22.9170421],[81.8671504,22.9164405],[81.866114,22.9158106],[81.8655233,22.9127379],[81.8672395,22.9115298],[81.8686794,22.9104116],[81.8693258,22.9098024],[81.8692478,22.9085323],[81.8686706,22.9056272],[81.8682468,22.90305],[81.8681125,22.9020931],[81.8684581,22.9002241],[81.8688571,22.8978004],[81.8693571,22.8953907],[81.8694914,22.8945079],[81.8670513,22.8928144],[81.8631643,22.8902154],[81.8616266,22.889261],[81.8593981,22.8898391],[81.8591881,22.8899298],[81.8583053,22.8903109],[81.8564668,22.8905379],[81.8558874,22.8908373],[81.8531913,22.8908925],[81.8495259,22.8885273],[81.8462604,22.8867237],[81.8447339,22.8870951],[81.8420717,22.8877492],[81.8398437,22.8862515],[81.8382384,22.8852461],[81.8384282,22.8837282],[81.8384525,22.8829184],[81.8383746,22.8827842],[81.8365699,22.8819887],[81.8347986,22.8812344],[81.8339204,22.8809],[81.8334636,22.8808999],[81.8325053,22.8813437],[81.8300762,22.8820968],[81.8280505,22.8827211],[81.8274823,22.8828036],[81.8256774,22.8825449],[81.8229263,22.8824127],[81.8205531,22.8823603],[81.8175773,22.8822819],[81.8164632,22.882106],[81.8135005,22.8815732],[81.8134648,22.8815656],[81.8110663,22.8810505],[81.8064704,22.8802647],[81.8015578,22.8794311],[81.7974821,22.8786811],[81.79268,22.8778053],[81.7906594,22.8774253],[81.7886385,22.8770453],[81.7845836,22.8763155],[81.7807307,22.8755348],[81.7765094,22.8747305],[81.7760909,22.8745817],[81.7756831,22.8744368],[81.7762968,22.8730948],[81.7767435,22.8715668],[81.7771572,22.8693933],[81.7774245,22.8677473],[81.7774613,22.8675212],[81.7766044,22.8662299],[81.7757713,22.865078],[81.7751072,22.8641849],[81.7749032,22.8639106],[81.7748692,22.8624689],[81.7751835,22.861198],[81.7752267,22.8610234],[81.7756622,22.8595677],[81.7761085,22.8585767],[81.7769911,22.8565067],[81.7772944,22.8554877],[81.7772617,22.8544861],[81.7771467,22.8541163],[81.7766914,22.8523347],[81.7765286,22.8516405],[81.7752813,22.8511648],[81.7743577,22.8506654],[81.7742468,22.8505225],[81.7740128,22.8502212],[81.7739692,22.8488168],[81.77375,22.847718],[81.773713,22.8475324],[81.7731349,22.8460658],[81.7722255,22.8439454],[81.7703949,22.8406914],[81.7695606,22.8392968],[81.76895,22.8383214],[81.768855,22.838133],[81.7686164,22.8376603],[81.7684592,22.8368281],[81.7684057,22.836545],[81.7678375,22.8354058],[81.7669807,22.8343623],[81.7637608,22.8318275],[81.7623027,22.8307113],[81.7613452,22.8302873],[81.7631403,22.8296449],[81.7662389,22.8287248],[81.7664711,22.8286559],[81.7694576,22.8277566],[81.7701599,22.8269413],[81.7707618,22.8262085],[81.7724512,22.8241181],[81.7728338,22.8236446],[81.7743248,22.8216246],[81.7747041,22.8207781],[81.7752285,22.819467],[81.7764212,22.8178259],[81.7776585,22.8164255],[81.7782189,22.8146634],[81.777908,22.8132795],[81.7791154,22.8126063],[81.7808866,22.8117193],[81.781778,22.8109454],[81.7821024,22.8098982],[81.7822149,22.8081635],[81.7825387,22.8056302],[81.7829062,22.803304],[81.7833844,22.8010261],[81.7841304,22.7986993],[81.784044,22.7981111],[81.7839853,22.7977119],[81.7833514,22.7966066],[81.7831569,22.796534],[81.7821605,22.7961618],[81.7819268,22.7960746],[81.7819087,22.7958839],[81.7817975,22.7947099],[81.7817633,22.7943487],[81.7817057,22.7937407],[81.7814318,22.7917904],[81.7812584,22.7911574],[81.7809755,22.7899406],[81.7815936,22.7882029],[81.7818382,22.7873098],[81.7819483,22.7863742],[81.7821438,22.7855355],[81.7822199,22.7852086],[81.7822603,22.7851744],[81.7831329,22.7844329],[81.7834768,22.7841407],[81.7836891,22.7839603],[81.7836973,22.7839533],[81.7837084,22.7833012],[81.7836558,22.7815948],[81.7835867,22.7793462],[81.7837621,22.778985],[81.785319,22.7772738],[81.7867593,22.7756571],[81.7904007,22.7716197],[81.7917971,22.7700719],[81.792249,22.7695712],[81.7924476,22.769351],[81.7925423,22.7692101],[81.7934469,22.7678651],[81.7936829,22.7675142],[81.7939499,22.7671172],[81.7943905,22.766462],[81.7943917,22.7664599],[81.7905172,22.7640511],[81.7886755,22.763602],[81.788522,22.7635645],[81.7884803,22.7635544],[81.7883293,22.7633473],[81.7873347,22.7619842],[81.7862573,22.7603449],[81.7844101,22.7574529],[81.7840984,22.7571063],[81.7829066,22.7561974],[81.7824982,22.7558859],[81.7810394,22.7547733],[81.7807221,22.7545313],[81.7806924,22.7542154],[81.7805626,22.7528339],[81.7804812,22.7519673],[81.779282,22.7508555],[81.7790542,22.7509],[81.7767854,22.7513435],[81.7765434,22.7513908],[81.7763959,22.751356],[81.7735291,22.7506808],[81.773153,22.7505923],[81.773116,22.7505836],[81.7730711,22.7505502],[81.7725837,22.7498986],[81.7714648,22.7480522],[81.7705946,22.7466884],[81.7703125,22.7461641],[81.7700738,22.7457203],[81.7695921,22.744161],[81.7691504,22.742493],[81.7690156,22.7418657],[81.7689589,22.740253],[81.7690562,22.7392854],[81.769308,22.7388905],[81.7695596,22.7381201],[81.7698694,22.7371706],[81.7699366,22.7367362],[81.7700441,22.7360417],[81.7699286,22.7355758],[81.7690402,22.7354497],[81.7663347,22.7353394],[81.7642872,22.7356248],[81.7632828,22.7356241],[81.7626841,22.7355161],[81.7612746,22.7350851],[81.7579743,22.734204],[81.7557342,22.7337902],[81.7553288,22.733539],[81.7543051,22.7310969],[81.7539588,22.7296631],[81.7535928,22.7285159],[81.7534386,22.7265252],[81.7533243,22.7248765],[81.7532669,22.722884],[81.7534424,22.7210205],[81.7537521,22.7202323],[81.7543329,22.7190108],[81.7547972,22.7180793],[81.7551959,22.7165983],[81.7555938,22.71512],[81.7559617,22.7139913],[81.7562137,22.7128446],[81.7566622,22.7103141],[81.7567984,22.7090956],[81.7569343,22.7083073],[81.7575726,22.7066765],[81.7591188,22.7037524],[81.7598342,22.702606],[81.7603562,22.7017999],[81.7606657,22.7012089],[81.7608027,22.7003278],[81.7609972,22.6986436],[81.7611526,22.6975326],[81.7613653,22.6971385],[81.7621598,22.6964907],[81.7632418,22.6957567],[81.7648846,22.693697],[81.765463,22.6926181],[81.7662171,22.6912209],[81.7667196,22.6905045],[81.7678016,22.6895913],[81.7700607,22.6880695],[81.7712392,22.6870847],[81.7721668,22.6858309],[81.7728435,22.6847024],[81.77294,22.6840356],[81.7730184,22.6824586],[81.7728838,22.6795165],[81.7727689,22.6780648],[81.7728278,22.6767388],[81.7726728,22.6756451],[81.7724804,22.6748386],[81.7725016,22.672132],[81.7724849,22.6692886],[81.7725056,22.6685825],[81.7723707,22.6682061],[81.7717534,22.6676501],[81.7706923,22.6666101],[81.7690531,22.6649562],[81.7682625,22.6638446],[81.7674418,22.6629397],[81.7674331,22.6629301],[81.7669704,22.6622309],[81.7667875,22.6613583],[81.7667033,22.6609565],[81.766318,22.6600603],[81.7657009,22.6591817],[81.7651802,22.6586976],[81.764447,22.6581953],[81.7633659,22.6572603],[81.7629418,22.656579],[81.7621709,22.6550195],[81.7614597,22.653494],[81.7604959,22.6518447],[81.7595899,22.6503209],[81.7586623,22.6492406],[81.757756,22.6481468],[81.7570426,22.6471965],[81.7562906,22.6464075],[81.7554009,22.6457959],[81.7545519,22.6453472],[81.7533941,22.644988],[81.7527383,22.6445574],[81.7526278,22.6444865],[81.7517255,22.6446356],[81.7508631,22.6449135],[81.7499796,22.6455815],[81.7493855,22.6462948],[81.748874,22.6472996],[81.7484656,22.6483731],[81.7483512,22.6494251],[81.7486319,22.6507861],[81.7490127,22.6517806],[81.7498718,22.6530425],[81.7500051,22.6532382],[81.7514386,22.6539956],[81.7520173,22.6543724],[81.7519398,22.6547127],[81.751674,22.655292],[81.751127,22.6564839],[81.7506818,22.6578275],[81.7502944,22.6593504],[81.7496951,22.6603893],[81.7490768,22.6609264],[81.7482783,22.6612876],[81.7477833,22.6616457],[81.7473655,22.661948],[81.7464022,22.6629133],[81.7457331,22.6654423],[81.7448402,22.6680709],[81.7433476,22.6716751],[81.7429904,22.6725377],[81.741858,22.6740736],[81.7402873,22.6749598],[81.7402575,22.6749648],[81.7395284,22.6750868],[81.7393045,22.6749605],[81.7391921,22.674491],[81.7394655,22.6736615],[81.7396387,22.6731361],[81.7394724,22.6721204],[81.7372004,22.6723839],[81.7348753,22.6730357],[81.7333047,22.6741023],[81.7323806,22.6744687],[81.7296028,22.6751207],[81.7278515,22.6753475],[81.7252565,22.6730781],[81.7246665,22.6712589],[81.7243644,22.6706992],[81.7242221,22.6689654],[81.7239389,22.6676427],[81.7241619,22.6665093],[81.7246376,22.6649828],[81.7243546,22.6638903],[81.7235688,22.6602426],[81.7234855,22.659588],[81.7227249,22.6570645],[81.7212397,22.6550968],[81.7169464,22.6513517],[81.7165272,22.6511332],[81.7151556,22.6504181],[81.7139481,22.6486489],[81.7131403,22.6480894],[81.7101432,22.647337],[81.7010989,22.645075],[81.6988854,22.6447645],[81.6951597,22.6456015],[81.6909532,22.6479963],[81.6887692,22.6484668],[81.6846487,22.6478182],[81.6833154,22.6469066],[81.6818309,22.6447986],[81.6810013,22.6435087],[81.6801759,22.6422255],[81.6781566,22.6404788],[81.6764051,22.6396712],[81.6757629,22.639116],[81.6754864,22.63877],[81.6745074,22.6375452],[81.6741958,22.6368048],[81.6738939,22.6357844],[81.6735876,22.6344847],[81.6735821,22.6344616],[81.6732365,22.6338657],[81.6726672,22.6331525],[81.6720541,22.6325566],[81.6711882,22.632295],[81.6703029,22.6321372],[81.6690432,22.6319615],[81.6675496,22.6310137],[81.6651852,22.6292534],[81.6631888,22.6274766],[81.6624414,22.6268114],[81.662018,22.6259762],[81.661628,22.6224861],[81.6608975,22.6192894],[81.6559952,22.6192634],[81.6527413,22.6185597],[81.6513453,22.6177561],[81.6495431,22.6162592],[81.6492149,22.6159866],[81.6472545,22.6132642],[81.6468895,22.6118058],[81.6464415,22.6080718],[81.6457115,22.6048707],[81.646859,22.6034166],[81.6472235,22.6022246],[81.6480348,22.5977002],[81.646887,22.5962691],[81.6464394,22.5950455],[81.6464927,22.5934065],[81.6470517,22.592377],[81.6489531,22.5898475],[81.6489865,22.589803],[81.6494337,22.5889451],[81.6464826,22.5876761],[81.6459909,22.5874646],[81.6449794,22.5868642],[81.6454847,22.584444],[81.6458786,22.5842904],[81.6489564,22.5849628],[81.6493503,22.5847053],[81.6497143,22.5814543],[81.651839,22.5808535],[81.6526802,22.5812958],[81.6545866,22.5830925],[81.6556759,22.584185],[81.6565755,22.5844963],[81.6578349,22.5844419],[81.6580293,22.5842071],[81.6573874,22.5836112],[81.6569398,22.5822296],[81.6565147,22.5806444],[81.6557042,22.5799814],[81.6551739,22.578812],[81.6555623,22.5758183],[81.6563496,22.5748023],[81.6565441,22.5743191],[81.6560673,22.5729149],[81.6561789,22.5722919],[81.660027,22.5699307],[81.6600435,22.5699206],[81.6599315,22.5694555],[81.6593967,22.568837],[81.6541594,22.5634515],[81.6534592,22.5630181],[81.6492881,22.5632807],[81.6438575,22.5612767],[81.6427683,22.5597145],[81.640785,22.5606268],[81.6387384,22.5610966],[81.6374792,22.5604962],[81.6362492,22.5600538],[81.6359089,22.5608892],[81.6357729,22.5619818],[81.6359384,22.5640362],[81.6357975,22.5648399],[81.635185,22.5652825],[81.6342321,22.5653864],[81.6329194,22.5649439],[81.6298161,22.5636811],[81.6290252,22.5633593],[81.628719,22.562944],[81.6278778,22.5604515],[81.6262833,22.5584739],[81.6255245,22.5575964],[81.6240422,22.5558822],[81.6244068,22.5542974],[81.6264193,22.5496106],[81.6280719,22.5453798],[81.6286893,22.5448334],[81.6286893,22.5446446],[81.6286893,22.544418],[81.6274011,22.5429867],[81.6219425,22.5380155],[81.6206009,22.5377309],[81.6193712,22.5375503],[81.6161195,22.5369226],[81.6154196,22.5369225],[81.613689,22.5384846],[81.6132127,22.5386653],[81.6122066,22.5380421],[81.6113075,22.5372609],[81.6071956,22.5354409],[81.604989,22.5346098],[81.5999777,22.5352593],[81.5968668,22.5360896],[81.5963369,22.536532],[81.5958357,22.5391598],[81.5943477,22.5422299],[81.5924757,22.5446496],[81.5918291,22.5452184],[81.5906236,22.545453],[81.589282,22.5451411],[81.5873769,22.5440209],[81.5862346,22.5439168],[81.5788404,22.5465427],[81.5769928,22.547689],[81.5752331,22.5477924],[81.5744455,22.5482076],[81.5725149,22.5499995],[81.5713967,22.5505725],[81.5695494,22.55073],[81.5674787,22.5504673],[81.5650972,22.5494551],[81.564579,22.549024],[81.564033,22.5485697],[81.5628328,22.5474991],[81.5627525,22.5423608],[81.5630333,22.5339626],[81.567204,22.5331063],[81.5699746,22.5326648],[81.5701448,22.5324571],[81.5700331,22.5322719],[81.5687742,22.5321947],[81.5656149,22.5324284],[81.5625329,22.5334431],[81.5619449,22.5332352],[81.558952,22.5307868],[81.5529589,22.5310461],[81.5517636,22.5304992],[81.548615,22.5284318],[81.5472014,22.5275035],[81.5460835,22.5275797],[81.544484,22.528333],[81.5430004,22.530337],[81.541794,22.5321335],[81.5409818,22.5330406],[81.5370963,22.5361089],[81.5339115,22.5378491],[81.5326716,22.5385266],[81.5304308,22.538575],[81.5294781,22.5385744],[81.5258375,22.5385993],[81.5235074,22.538893],[81.5233777,22.5389093],[81.5222305,22.5390125],[81.5213379,22.5365962],[81.521868,22.5362308],[81.522819,22.5351098],[81.5232155,22.5346424],[81.5235519,22.5333421],[81.5234409,22.5321726],[81.5227958,22.5303526],[81.5220577,22.5287007],[81.5216798,22.527855],[81.5210933,22.5256918],[81.5208702,22.5250957],[81.5201468,22.5240928],[81.519055,22.5216298],[81.5182449,22.5198021],[81.5169569,22.519878],[81.5145213,22.5208381],[81.5110507,22.5215898],[81.5104914,22.5219551],[81.5100679,22.5228398],[81.5097308,22.5248895],[81.5093118,22.526063],[81.508554,22.5257465],[81.5057167,22.524435],[81.5035212,22.522993],[81.5016319,22.521506],[81.4997859,22.5205068],[81.4983089,22.5199098],[81.4979007,22.5199367],[81.4974319,22.5199034],[81.4969577,22.5197495],[81.4966494,22.5195183],[81.4964714,22.5192319],[81.4963041,22.5176673],[81.4959831,22.5163672],[81.4955836,22.5146807],[81.4955299,22.514262],[81.4956244,22.5138211],[81.49586,22.5135272],[81.4965652,22.5131134],[81.4971223,22.5127384],[81.4973354,22.5124296],[81.4974418,22.5119998],[81.4974356,22.5116416],[81.4969902,22.5109037],[81.496296,22.5098761],[81.4954768,22.5087692],[81.4952213,22.5080972],[81.4949842,22.5068003],[81.4948612,22.5062002],[81.4948532,22.5061612],[81.4944216,22.5050091],[81.4939411,22.504767],[81.4924466,22.5043328],[81.4893807,22.5031664],[81.48868,22.5017886],[81.4881302,22.5005901],[81.4881289,22.5002871],[81.4881258,22.4996035],[81.4876583,22.4983305],[81.4876284,22.497414],[81.487666,22.4965785],[81.4876857,22.4961406],[81.4870727,22.4953012],[81.4864113,22.4939564],[81.4863135,22.4937575],[81.486313,22.4931344],[81.486645,22.4920635],[81.486691,22.4919151],[81.4869558,22.4905221],[81.4870103,22.4902352],[81.4854637,22.4884256],[81.4847101,22.4878301],[81.4836318,22.4882372],[81.4826116,22.4884276],[81.4820289,22.4889427],[81.4808928,22.4900768],[81.4791921,22.4916014],[81.4785621,22.4922185],[81.4784325,22.4922611],[81.4770756,22.4927071],[81.4751273,22.4929793],[81.4733492,22.4935222],[81.4727955,22.4937393],[81.4723338,22.4937395],[81.4672607,22.4933362],[81.466007,22.4932556],[81.4644375,22.4932023],[81.4630088,22.4930676],[81.4628918,22.4924988],[81.4625706,22.491632],[81.461987,22.4909009],[81.4607621,22.4900888],[81.460033,22.4896828],[81.4595373,22.489498],[81.4589727,22.4894764],[81.4588376,22.4894712],[81.4583712,22.4895798],[81.4574677,22.4900364],[81.4563312,22.4909039],[81.4554037,22.4918796],[81.4543841,22.4933702],[81.4529859,22.4955111],[81.4525731,22.4958093],[81.4516986,22.4960535],[81.450474,22.4959728],[81.4494243,22.4957566],[81.4490198,22.4953974],[81.4487534,22.4951609],[81.4480291,22.4944839],[81.4468915,22.4934279],[81.4459876,22.4933199],[81.445492,22.493266],[81.4443552,22.4936999],[81.4434807,22.4941067],[81.4426062,22.4943509],[81.4425185,22.4938633],[81.4426348,22.4932943],[81.4434504,22.4918039],[81.4439747,22.49072],[81.4467726,22.489012],[81.4486622,22.4881217],[81.4506148,22.4869558],[81.4510068,22.4866596],[81.4510811,22.4866034],[81.450906,22.4863597],[81.4498562,22.4858183],[81.4481991,22.4853044],[81.4472367,22.4846546],[81.4467652,22.484131],[81.4462154,22.483239],[81.4457885,22.4825465],[81.4456467,22.4823164],[81.4450341,22.481513],[81.4430071,22.4796671],[81.4425405,22.4791977],[81.4425015,22.4789313],[81.4436962,22.4778562],[81.4441284,22.4775219],[81.4456098,22.4766137],[81.4464015,22.4761753],[81.4467612,22.47641],[81.4473786,22.4771502],[81.4484238,22.4782876],[81.4498721,22.4791267],[81.450664,22.4790586],[81.4508823,22.4785889],[81.4508531,22.4779902],[81.450843,22.4777852],[81.4507658,22.4775124],[81.4504828,22.4765121],[81.450699,22.4758099],[81.4503747,22.4743268],[81.4502038,22.4714218],[81.4501933,22.4712429],[81.449756,22.4711393],[81.4485657,22.4710721],[81.4477008,22.4708061],[81.4468345,22.469973],[81.4466168,22.4697636],[81.4479471,22.4680562],[81.4485979,22.4676902],[81.4490302,22.4675184],[81.4501477,22.4677527],[81.4528589,22.4683925],[81.4531847,22.468862],[81.4535446,22.4696655],[81.4541959,22.4700354],[81.4549876,22.4697641],[81.4553129,22.4693982],[81.4558911,22.4694973],[81.4561827,22.4697319],[81.4562313,22.4698264],[81.4569415,22.471208],[81.45729,22.4716627],[81.4573013,22.4716774],[81.4581707,22.4714106],[81.4586759,22.4712071],[81.4588549,22.4699969],[81.4589031,22.4695282],[81.4589274,22.4692925],[81.4587427,22.4691617],[81.4574568,22.4685941],[81.4570122,22.4676184],[81.4568324,22.467483],[81.4552774,22.4668787],[81.454087,22.4666129],[81.4527849,22.4663788],[81.4522796,22.4663429],[81.4513761,22.4664788],[81.4493161,22.4661456],[81.4473678,22.4658756],[81.4468628,22.4663138],[81.4462849,22.4666843],[81.4452746,22.4672221],[81.4446967,22.4675203],[81.4438667,22.4689972],[81.4433957,22.4696702],[81.4423856,22.4705104],[81.4417397,22.4708809],[81.4413415,22.471283],[81.4410162,22.4717843],[81.4410164,22.4720868],[81.4411043,22.4721497],[81.4416287,22.4725245],[81.4429312,22.4733954],[81.4429312,22.4735266],[81.4429314,22.4737973],[81.4424609,22.4754456],[81.4421019,22.4763849],[81.4419955,22.4775905],[81.4417387,22.4790039],[81.4415254,22.479907],[81.44019,22.4813841],[81.4397253,22.4817367],[81.4392137,22.482125],[81.4388154,22.4822606],[81.4383599,22.4821371],[81.4370855,22.4817917],[81.4369859,22.4817627],[81.4353507,22.4812866],[81.4344809,22.4811199],[81.43329,22.4799102],[81.4322063,22.4792063],[81.4311228,22.4791389],[81.4297139,22.479311],[81.4281982,22.4798127],[81.4278386,22.4798128],[81.4271534,22.4794112],[81.4267889,22.4790726],[81.4259965,22.4778312],[81.4249074,22.4756823],[81.4234634,22.4727975],[81.4227391,22.4714567],[81.4227774,22.4700479],[81.4233884,22.4666568],[81.4238204,22.4654827],[81.4238201,22.4648099],[81.4245094,22.4632654],[81.4255535,22.4621905],[81.4267094,22.4614541],[81.4267089,22.4601086],[81.4275439,22.4585325],[81.42867,22.4572914],[81.4286996,22.4572588],[81.4286994,22.4568885],[81.4280481,22.4558141],[81.4267114,22.4536653],[81.4258801,22.4520581],[81.4241109,22.4491373],[81.4229543,22.4476928],[81.4222304,22.4472595],[81.4210402,22.446858],[81.420389,22.4461854],[81.4192328,22.4456484],[81.4180766,22.4453146],[81.416668,22.4452789],[81.4163086,22.445446],[81.4152593,22.4451438],[81.4131653,22.4437355],[81.4116158,22.4434017],[81.4087595,22.4425987],[81.4081813,22.4421924],[81.4067044,22.440951],[81.4046449,22.440685],[81.4036346,22.4406852],[81.4030226,22.4405498],[81.4020462,22.4402836],[81.4011427,22.4400128],[81.3997,22.4397105],[81.3985441,22.4398146],[81.3964118,22.4400813],[81.3950422,22.4411561],[81.3949695,22.4421314],[81.3949696,22.4426326],[81.3942848,22.4435403],[81.3933816,22.4453194],[81.3933595,22.4459305],[81.3933477,22.4462586],[81.3929838,22.4490445],[81.3916869,22.4500832],[81.3906378,22.4510586],[81.3900599,22.4522642],[81.3900039,22.4529705],[81.3899532,22.4536098],[81.3903516,22.4545489],[81.3905654,22.4552172],[81.3904538,22.4558222],[81.3903991,22.4559094],[81.389191,22.4578362],[81.3881078,22.4592134],[81.3881634,22.4595289],[81.3884335,22.4610601],[81.3898084,22.4624372],[81.3900611,22.4633086],[81.3899575,22.4647981],[81.3898894,22.4657787],[81.3898768,22.4659591],[81.389858,22.4660295],[81.3896971,22.4666318],[81.3886528,22.4682078],[81.3888205,22.4683636],[81.3907469,22.4701536],[81.3912523,22.4710928],[81.3912864,22.4723029],[81.3912819,22.4747185],[81.391248,22.4758609],[81.3915009,22.4777076],[81.3912823,22.4784797],[81.3911469,22.4786744],[81.3900922,22.4801911],[81.3891886,22.4812297],[81.3885424,22.4818709],[81.3881441,22.4825754],[81.3868422,22.4849911],[81.3863291,22.4858118],[81.3842819,22.4890866],[81.3841395,22.4895249],[81.3840832,22.4896981],[81.3840633,22.4897594],[81.3840656,22.4897694],[81.3840956,22.4898987],[81.384246,22.4905478],[81.38435,22.4909966],[81.3849284,22.4931774],[81.3850014,22.4942882],[81.3850743,22.4948571],[81.3853611,22.4954621],[81.3860852,22.496636],[81.386231,22.4973404],[81.3861922,22.4985505],[81.3858124,22.5006324],[81.3851975,22.5034749],[81.3848236,22.5046645],[81.3835848,22.5064473],[81.382496,22.5075816],[81.381948,22.508235],[81.3818646,22.5085561],[81.3821148,22.5095969],[81.3820553,22.5098183],[81.3815145,22.5099189],[81.3813405,22.5099513],[81.3796678,22.5101565],[81.378262,22.5104666],[81.3772493,22.5108985],[81.3758197,22.5110535],[81.3750453,22.5115739],[81.3746247,22.5120879],[81.3737312,22.5131841],[81.3728615,22.5143357],[81.3724087,22.5147232],[81.3706256,22.5148826],[81.3691125,22.514794],[81.367933,22.5146611],[81.3666509,22.5147675],[81.3639589,22.5149766],[81.3635175,22.5150109],[81.3613552,22.5150043],[81.3612623,22.513144],[81.3612601,22.5130998],[81.3611052,22.5124133],[81.360593,22.5120367],[81.359086,22.5116559],[81.3567628,22.5113899],[81.3543086,22.5112568],[81.3539034,22.5123308],[81.3538607,22.51329],[81.3538844,22.5142312],[81.3532052,22.5150395],[81.3527761,22.5153568],[81.3520374,22.515903],[81.3515419,22.5164402],[81.3506005,22.5175916],[81.3496711,22.5177354],[81.347247,22.5182511],[81.3450904,22.5187379],[81.3437559,22.5189923],[81.3420483,22.5188327],[81.3400584,22.5195077],[81.3382353,22.5203599],[81.3374207,22.5212733],[81.3368008,22.5225022],[81.3363241,22.5230779],[81.3355375,22.5237864],[81.3347446,22.5242353],[81.3341909,22.5244856],[81.3335467,22.5247768],[81.3306018,22.5256027],[81.3283855,22.5259675],[81.3270901,22.5260906],[81.3265267,22.5261441],[81.3255224,22.5255964],[81.3243788,22.5247435],[81.3232735,22.5237889],[81.3232115,22.5237355],[81.3228708,22.5230207],[81.3227402,22.5219577],[81.3229194,22.5208949],[81.3234509,22.5195485],[81.3233828,22.5189259],[81.3227957,22.5183845],[81.3218604,22.5177309],[81.3209934,22.517512],[81.3196524,22.517185],[81.3183907,22.5168647],[81.3180096,22.5165172],[81.3175587,22.5154882],[81.3172143,22.5146143],[81.3172514,22.5141267],[81.3178111,22.5116864],[81.3189007,22.5096773],[81.3197594,22.50806],[81.3199266,22.5070519],[81.3198792,22.5064757],[81.3194989,22.5056409],[81.3194148,22.5054562],[81.319417,22.5048932],[81.3198225,22.5038965],[81.3198466,22.5032319],[81.3182029,22.5018579],[81.3186316,22.501039],[81.3188719,22.5005801],[81.3194222,22.4993956],[81.3194791,22.499273],[81.3204762,22.4968306],[81.3208899,22.4952278],[81.3206909,22.4948007],[81.3205743,22.4945504],[81.3191909,22.494752],[81.3191214,22.4947621],[81.3181256,22.4939174],[81.31953,22.493498],[81.3199489,22.4932495],[81.3205264,22.4929068],[81.322252,22.4911826],[81.3224363,22.4908734],[81.3227041,22.4904242],[81.3227969,22.4891599],[81.3224815,22.4881078],[81.3208497,22.4860844],[81.3204853,22.4859579],[81.3193968,22.486251],[81.3177641,22.4867155],[81.3159952,22.4874283],[81.3151787,22.4877666],[81.314999,22.4875543],[81.3148146,22.4870937],[81.3144996,22.485152],[81.3140485,22.4833006],[81.313728,22.4829212],[81.3111483,22.4823287],[81.3085151,22.4819077],[81.3072907,22.4819072],[81.3070421,22.4822013],[81.306474,22.4828731],[81.3063912,22.4829443],[81.3058858,22.4833786],[81.3050905,22.4837853],[81.304977,22.4838433],[81.3038444,22.4848542],[81.3034796,22.485572],[81.3033465,22.4859353],[81.3026622,22.4878021],[81.3023899,22.4881407],[81.3022992,22.4882148],[81.3012573,22.4890658],[81.3005379,22.4896615],[81.300139,22.4900899],[81.2999496,22.4902933],[81.2992254,22.4907174],[81.2990741,22.4907761],[81.2972717,22.4914751],[81.2966891,22.4917862],[81.2951428,22.4926119],[81.2947008,22.4928047],[81.2943269,22.4929679],[81.2936927,22.4932446],[81.2935097,22.4933245],[81.292873,22.4936628],[81.2917842,22.4942944],[81.2908624,22.49515],[81.2905153,22.4954722],[81.2893338,22.4966094],[81.2885612,22.4974335],[81.2874763,22.4985906],[81.2868819,22.4991226],[81.2842535,22.5003588],[81.2837131,22.5009098],[81.2812693,22.5029542],[81.2797345,22.5012197],[81.2791684,22.5005799],[81.2779957,22.4987974],[81.2776804,22.49812],[81.2769567,22.4976138],[81.2764565,22.497153],[81.2754611,22.4961409],[81.2742814,22.4945779],[81.2737816,22.4936926],[81.2732863,22.4931866],[81.2722413,22.4936104],[81.2705646,22.4940699],[81.2690678,22.4943218],[81.2686679,22.4943215],[81.2686596,22.4943215],[81.2677073,22.4941944],[81.2659827,22.4937327],[81.2648943,22.493732],[81.2634784,22.4936929],[81.2632179,22.4936857],[81.2631266,22.4936504],[81.2621298,22.493265],[81.2619503,22.4929262],[81.2615867,22.4919597],[81.2610446,22.4893857],[81.260494,22.4875422],[81.2603662,22.487114],[81.2597799,22.4851314],[81.259868,22.4843729],[81.2600976,22.4828559],[81.2601969,22.4826412],[81.2606427,22.4816779],[81.2615973,22.4788971],[81.2616913,22.4767479],[81.26178,22.4751902],[81.2619651,22.4745808],[81.2621411,22.4732309],[81.2621415,22.4727793],[81.2619331,22.4721696],[81.2604133,22.4710443],[81.2580973,22.4694036],[81.2568545,22.4682784],[81.2550926,22.4663762],[81.2538454,22.4648987],[81.2527731,22.4633853],[81.2522248,22.4625812],[81.251463,22.4615195],[81.2509436,22.4611353],[81.2502882,22.4606517],[81.2494921,22.4599783],[81.2489597,22.4594491],[81.2483148,22.458808],[81.2450631,22.457036],[81.2418945,22.4555979],[81.2369627,22.4540617],[81.2333036,22.4524433],[81.2321909,22.452155],[81.2296265,22.4526534],[81.2251239,22.45332],[81.223725,22.4534879],[81.2178188,22.4545751],[81.2164102,22.4548604],[81.2115581,22.4560009],[81.2096637,22.4563406],[81.2077402,22.4565945],[81.2077362,22.4580213],[81.2073775,22.4592541],[81.2070135,22.4599993],[81.2061153,22.4608351],[81.2046002,22.4618608],[81.2031188,22.4622228],[81.2019044,22.4624672],[81.2018362,22.4624801],[81.2012476,22.4625337],[81.2001601,22.4627784],[81.1998246,22.4628928],[81.1994617,22.4630331],[81.2000106,22.4640304],[81.2000498,22.4645767],[81.2002155,22.4654932],[81.200449,22.4660801],[81.2010228,22.4670822],[81.201373,22.4678632],[81.201446,22.4682018],[81.2013587,22.4684412],[81.2010577,22.4687348],[81.20064,22.4689969],[81.200475,22.4692543],[81.2003876,22.4694621],[81.2003878,22.4697736],[81.2005242,22.470496],[81.2007578,22.4710648],[81.2009428,22.471882],[81.2009479,22.4723606],[81.2008559,22.4728754],[81.2004386,22.4738012],[81.2002515,22.474311],[81.2000004,22.4754988],[81.1998226,22.4766889],[81.1996924,22.4785023],[81.1995148,22.4821425],[81.1997049,22.4827463],[81.1998901,22.4837892],[81.1998938,22.4838245],[81.1999439,22.4843129],[81.1999201,22.4852025],[81.1997745,22.4855412],[81.1996142,22.4856722],[81.1991285,22.4859524],[81.1988128,22.4862008],[81.1983177,22.487226],[81.1981867,22.4875873],[81.1980558,22.4881111],[81.1980264,22.4887964],[81.1979258,22.48926],[81.1976665,22.4895666],[81.1967611,22.4898676],[81.1956687,22.4905886],[81.1945419,22.4908939],[81.193519,22.4909532],[81.192722,22.4906375],[81.1915361,22.4900871],[81.1894417,22.489641],[81.18794,22.4890907],[81.186973,22.4888428],[81.1848884,22.4886539],[81.1827358,22.4882529],[81.1806415,22.4879556],[81.1799952,22.4879558],[81.1779547,22.4884532],[81.176774,22.4885529],[81.1759674,22.4885035],[81.1751212,22.488219],[81.1747866,22.4881065],[81.173873,22.4878088],[81.1726923,22.4879085],[81.1722064,22.4877551],[81.1717786,22.4872225],[81.1708111,22.4853715],[81.1702764,22.4846221],[81.1700089,22.4838726],[81.1696878,22.4827755],[81.168779,22.4818411],[81.168594,22.4808659],[81.1680494,22.4793805],[81.1672424,22.4779675],[81.166528,22.4773039],[81.1660566,22.4769157],[81.1650605,22.4763335],[81.1632431,22.4751509],[81.1628154,22.4745505],[81.1614688,22.4717062],[81.1606619,22.470108],[81.159461,22.4664057],[81.1591352,22.4651054],[81.1584011,22.462866],[81.1576087,22.4607575],[81.1571373,22.4598952],[81.1565735,22.4588117],[81.1564179,22.4581705],[81.1564187,22.4580302],[81.1564272,22.4563735],[81.1551795,22.4550019],[81.1551153,22.4549146],[81.153872,22.4540869],[81.1525953,22.4536497],[81.1518394,22.4535405],[81.1508499,22.453435],[81.1496986,22.4531282],[81.1487125,22.453178],[81.1475953,22.4535981],[81.1466238,22.453982],[81.1461672,22.4540182],[81.1460263,22.4540227],[81.1456231,22.4539821],[81.1452151,22.4539325],[81.1445204,22.4538288],[81.1429611,22.4540683],[81.142077,22.4541993],[81.1410278,22.4542265],[81.1387883,22.453274],[81.1366314,22.452633],[81.1349215,22.4518339],[81.1327161,22.4512742],[81.1318609,22.4510159],[81.1313559,22.4508633],[81.1304351,22.4505172],[81.1270083,22.4492289],[81.1241715,22.4477615],[81.123166,22.4474544],[81.122452,22.4470887],[81.1205285,22.4458018],[81.1182456,22.4438729],[81.1166961,22.4425958],[81.1139131,22.440189],[81.1124803,22.438735],[81.1115041,22.4379267],[81.1111641,22.4375745],[81.1109213,22.4372358],[81.1100569,22.4355289],[81.1098168,22.434333],[81.1095084,22.4327972],[81.1089647,22.4297177],[81.108824,22.4287559],[81.1091451,22.4235588],[81.1091064,22.4220101],[81.1091453,22.4216353],[81.1096359,22.420633],[81.1100537,22.4195087],[81.1103161,22.4181271],[81.1103356,22.4174362],[81.1101755,22.4163435],[81.1096075,22.4138149],[81.1086805,22.4093221],[81.1085155,22.4080081],[81.1083992,22.4060936],[81.1083367,22.4009552],[81.1081911,22.4001153],[81.1077106,22.3982866],[81.1073903,22.3965881],[81.1072738,22.3959702],[81.107045,22.3943233],[81.1069488,22.3936312],[81.1064199,22.3911523],[81.106022,22.3890752],[81.1059785,22.387689],[81.105794,22.3871065],[81.1037601,22.3838281],[81.1036631,22.3833676],[81.103702,22.3826722],[81.1049939,22.3800625],[81.1058873,22.3791686],[81.1063438,22.3785365],[81.1080678,22.3751321],[81.1086651,22.3738228],[81.1093695,22.3691946],[81.1096949,22.3679259],[81.1105593,22.3656908],[81.1115158,22.3639074],[81.111812,22.3631804],[81.1122783,22.360986],[81.1127008,22.3586652],[81.112808,22.3578951],[81.1128611,22.3575138],[81.1128176,22.3554096],[81.1129391,22.3538338],[81.1131236,22.3532739],[81.113944,22.3520322],[81.1139897,22.3519716],[81.1143081,22.3515491],[81.1154926,22.3503662],[81.1168664,22.3490929],[81.1185994,22.3473591],[81.1195945,22.3457743],[81.1201721,22.3445055],[81.1208711,22.3437289],[81.1210847,22.3432502],[81.1212109,22.3425955],[81.1212789,22.3419679],[81.1212449,22.3414983],[81.1210848,22.3411461],[81.119044,22.3372788],[81.1165372,22.3319385],[81.1156373,22.3301551],[81.114635,22.3281688],[81.1143293,22.3274327],[81.1140187,22.3265477],[81.1137373,22.3254234],[81.1136306,22.3248589],[81.1135481,22.3241275],[81.113689,22.3230257],[81.1141113,22.3219556],[81.1148005,22.3209307],[81.1151888,22.3202624],[81.115446,22.3194632],[81.1157082,22.3176706],[81.1161742,22.3155123],[81.1163926,22.3150382],[81.1173633,22.3133902],[81.1183085,22.3113996],[81.1186154,22.3107533],[81.1189358,22.3092226],[81.1189552,22.3086311],[81.1188922,22.3073216],[81.1189747,22.3059083],[81.119101,22.3046214],[81.1192175,22.3017406],[81.1186936,22.2984534],[81.1181357,22.2963944],[81.118456,22.2943399],[81.1186404,22.2933556],[81.1187181,22.292579],[81.1187182,22.2912605],[81.118575,22.2908676],[81.1184319,22.2904748],[81.1177333,22.2897478],[81.1158944,22.2883028],[81.113813,22.2871828],[81.11379,22.2871572],[81.1134928,22.2868261],[81.1112416,22.2858461],[81.1104411,22.2852545],[81.1092234,22.2848706],[81.1083937,22.2846944],[81.107991,22.2845048],[81.107341,22.2836332],[81.1065018,22.2826127],[81.1055752,22.2815785],[81.1045128,22.2807024],[81.1037124,22.2801063],[81.1031593,22.2798488],[81.1028634,22.2795553],[81.1018545,22.2783044],[81.0986585,22.2715399],[81.0973103,22.268984],[81.0961422,22.2638883],[81.0961179,22.2637821],[81.0957494,22.2629151],[81.0954684,22.2612985],[81.0946202,22.2581104],[81.0932532,22.2535046],[81.0922343,22.2506467],[81.0917111,22.2493686],[81.0915269,22.2490028],[81.0908722,22.2483254],[81.0895095,22.2470653],[81.0888887,22.2466859],[81.0882097,22.2464284],[81.0877586,22.246329],[81.0868178,22.2459585],[81.0845237,22.2449781],[81.0832191,22.2443411],[81.0824093,22.2438306],[81.0820748,22.2432255],[81.0816957,22.2419491],[81.0816241,22.2417082],[81.0810861,22.2407056],[81.080931,22.2405295],[81.0808533,22.2404437],[81.0803781,22.2400191],[81.079549,22.2393777],[81.0787246,22.2388537],[81.0782493,22.2387632],[81.0778466,22.2389076],[81.077706,22.2390386],[81.077507,22.2393184],[81.077143,22.2401537],[81.0767204,22.2418965],[81.0764289,22.2433007],[81.0761763,22.2442082],[81.0760355,22.2446462],[81.0757492,22.2450931],[81.0751766,22.2458334],[81.0742935,22.2466188],[81.0736676,22.2473275],[81.0735899,22.2474991],[81.073027,22.2481582],[81.0726098,22.2483748],[81.0709606,22.2481349],[81.0704465,22.2479632],[81.0700343,22.2478005],[81.0696173,22.2475836],[81.0667704,22.2465802],[81.0658004,22.2462503],[81.064874,22.2460061],[81.0638895,22.2458432],[81.0629971,22.2455764],[81.0620805,22.2451787],[81.0616974,22.2449753],[81.0602329,22.244451],[81.0595983,22.2442909],[81.0577349,22.2444049],[81.0568278,22.2445309],[81.0558673,22.2447292],[81.0522391,22.2447638],[81.0508519,22.2446818],[81.0500614,22.2445505],[81.0489606,22.2441933],[81.0484196,22.2438457],[81.048398,22.2438318],[81.0471473,22.2426617],[81.0462893,22.2417854],[81.0452518,22.2408321],[81.0441417,22.2398291],[81.0429006,22.2388848],[81.0418244,22.2380128],[81.0392358,22.2354468],[81.038218,22.2342993],[81.0377369,22.2337973],[81.0355806,22.2326181],[81.0346109,22.2322066],[81.0329285,22.2313749],[81.0310229,22.2305701],[81.029258,22.2297834],[81.0274447,22.2290644],[81.0270471,22.2289151],[81.0264554,22.2288561],[81.0260868,22.2288603],[81.0250973,22.2290945],[81.0242436,22.2293243],[81.0238216,22.2293602],[81.0236374,22.2292788],[81.0234968,22.2291297],[81.0230129,22.2276484],[81.022718,22.2263387],[81.0223452,22.2254625],[81.0218267,22.2247713],[81.0209551,22.2230233],[81.0200975,22.221921],[81.0198165,22.2216544],[81.0194627,22.2211845],[81.0193853,22.2209949],[81.0193722,22.2190262],[81.0195238,22.217342],[81.0199953,22.2157845],[81.0206997,22.2142],[81.0213796,22.2128007],[81.0217584,22.2121191],[81.0224621,22.2113068],[81.0232092,22.2108603],[81.0242667,22.2103822],[81.0248296,22.2098678],[81.0253779,22.2092857],[81.0262372,22.2079767],[81.0270188,22.2066768],[81.0285764,22.2052102],[81.0291025,22.2046381],[81.0298672,22.2038067],[81.0303719,22.2031748],[81.0313088,22.2015904],[81.0316398,22.1996535],[81.0315047,22.1986149],[81.031263,22.1976665],[81.030808,22.1963613],[81.0304255,22.1955799],[81.0298634,22.1950783],[81.0291857,22.1933486],[81.0290069,22.192495],[81.0291141,22.1916327],[81.0298572,22.1897276],[81.0304643,22.188292],[81.0307118,22.1876955],[81.0306637,22.1874027],[81.0303776,22.1873708],[81.0283121,22.1873697],[81.0266782,22.1874499],[81.0265496,22.1874443],[81.025529,22.1873996],[81.0247627,22.18781],[81.0242242,22.1883064],[81.0226582,22.1893286],[81.0224343,22.1894748],[81.0220174,22.1893706],[81.0200641,22.1884031],[81.0180918,22.1869705],[81.0168126,22.1859717],[81.0166578,22.1855291],[81.016737,22.1833211],[81.0169807,22.1815557],[81.016957,22.1808829],[81.0170256,22.1800115],[81.0171617,22.1796097],[81.0179817,22.1786891],[81.0197675,22.1765229],[81.0210048,22.1750245],[81.0215433,22.1744289],[81.0223683,22.1734676],[81.0229699,22.1726597],[81.023004,22.1725378],[81.0251782,22.1691435],[81.026513,22.1668957],[81.0267509,22.1663901],[81.0267948,22.1658663],[81.0268097,22.1654283],[81.0266652,22.1641368],[81.0266025,22.1636807],[81.0264912,22.1632653],[81.0263073,22.1628407],[81.0244662,22.1614579],[81.0238947,22.1607305],[81.0231346,22.1594432],[81.0228683,22.1590456],[81.0225437,22.1586887],[81.0222148,22.1577312],[81.0222054,22.15723],[81.0222397,22.1567243],[81.0223907,22.1558529],[81.0224685,22.1555007],[81.0226579,22.1549364],[81.0229977,22.1541645],[81.0231729,22.153239],[81.023223,22.1509949],[81.0233445,22.1505298],[81.0234878,22.1501484],[81.023704,22.1495727],[81.0237673,22.1491257],[81.0237773,22.1486742],[81.0235213,22.1473285],[81.0228934,22.1442305],[81.0226728,22.1422368],[81.0226671,22.1421848],[81.0224789,22.140934],[81.0220826,22.1394572],[81.0219282,22.1384186],[81.0215809,22.136269],[81.021654,22.13556],[81.0218785,22.1333838],[81.021913,22.132729],[81.0196445,22.1331521],[81.0186895,22.133296],[81.0167458,22.1334978],[81.0155681,22.1336145],[81.0145357,22.1336725],[81.0136778,22.1336719],[81.0121126,22.1333322],[81.010407,22.1328298],[81.0085318,22.1322414],[81.0067728,22.131897],[81.0056534,22.1317382],[81.003841,22.1314931],[81.0005115,22.1313641],[80.9990605,22.1313164],[80.998424,22.1316294],[80.9983427,22.1316913],[80.9981055,22.1320933],[80.9977957,22.132509],[80.9973356,22.1329248],[80.9969141,22.1330425],[80.9964779,22.1331105],[80.9957074,22.1331608],[80.9948736,22.1330214],[80.9940543,22.132733],[80.9935548,22.1323722],[80.9919642,22.1312174],[80.9908682,22.1304054],[80.9901989,22.1298956],[80.9900161,22.1296875],[80.9896993,22.129327],[80.9892334,22.1285732],[80.9889521,22.1282528],[80.988031,22.1279284],[80.987144,22.1278071],[80.9861745,22.1275639],[80.9845988,22.1268561],[80.9837649,22.1264051],[80.9826012,22.1256969],[80.9813113,22.1246773],[80.980613,22.1240952],[80.9800018,22.1233099],[80.979565,22.1224974],[80.9784732,22.1204978],[80.9783419,22.1199651],[80.9782682,22.1185789],[80.9782632,22.1183125],[80.9783404,22.1179196],[80.9785773,22.1171879],[80.9788144,22.1165962],[80.9790129,22.1164245],[80.979289,22.1162889],[80.9797392,22.1156338],[80.9797529,22.1144598],[80.9796015,22.1128208],[80.9795771,22.1125815],[80.9796543,22.1122157],[80.9799928,22.1111995],[80.9801477,22.1110052],[80.9809612,22.1102145],[80.981189,22.1102053],[80.9821391,22.1106337],[80.9823866,22.1111167],[80.9827218,22.1122363],[80.9828727,22.1131077],[80.9831785,22.1137712],[80.9835181,22.1142225],[80.9838186,22.1143714],[80.9843421,22.1145561],[80.9848511,22.1146551],[80.9854325,22.1145915],[80.9862804,22.1144148],[80.9872979,22.1141387],[80.9890567,22.1137762],[80.9899822,22.1136582],[80.9904764,22.113554],[80.9907668,22.1132151],[80.9909893,22.1126189],[80.9912117,22.1120137],[80.991565,22.1115348],[80.9921946,22.111006],[80.9937926,22.1096728],[80.9947998,22.1087916],[80.9983732,22.1061127],[81.0003943,22.1047093],[81.0016843,22.1035589],[81.001985,22.1031572],[81.0023151,22.1024666],[81.0025483,22.1017172],[81.0031642,22.1010629],[81.0034115,22.1009457],[81.0038962,22.100797],[81.0044001,22.1007749],[81.0054324,22.100604],[81.0058734,22.1004733],[81.0066588,22.0999456],[81.0072893,22.0992688],[81.0080602,22.0986417],[81.0088167,22.097983],[81.0094567,22.0973828],[81.0102666,22.096539],[81.0113334,22.0955689],[81.0113334,22.0954696],[81.009469,22.0941678],[81.0077594,22.0932816],[81.0069167,22.0927797],[81.0061177,22.0921922],[81.0055515,22.0914151],[81.0051942,22.0899474],[81.0042939,22.0888133],[81.0033213,22.0873315],[81.0019475,22.0847657],[81.0014496,22.0834965],[81.0014743,22.0830269],[81.0019162,22.0817493],[81.002154,22.0812663],[81.0023002,22.0804085],[81.0022763,22.0799344],[81.0021459,22.0794692],[81.0032181,22.0777767],[81.0037613,22.0770456],[81.0039603,22.0766438],[81.0042078,22.0761428],[81.0045815,22.0753619],[81.0051096,22.0752358],[81.006006,22.0751236],[81.0066989,22.0750022],[81.0074942,22.0740771],[81.0084156,22.0728992],[81.0089494,22.0717708],[81.0091052,22.0708993],[81.0090576,22.0698969],[81.0086034,22.068411],[81.0072737,22.0653711],[81.0062048,22.0632074],[81.0059387,22.0628595],[81.0056339,22.0623897],[81.0052665,22.0615451],[81.0042361,22.0599413],[81.0031667,22.0584911],[81.0025081,22.0582422],[81.0013506,22.058002],[80.9983736,22.0575963],[80.9983119,22.0575971],[80.9973094,22.0578191],[80.9964329,22.0581584],[80.9948784,22.0586066],[80.9944025,22.057302],[80.9942759,22.0564215],[80.9942641,22.0559783],[80.9942508,22.0554823],[80.9942402,22.0543535],[80.9943604,22.0532968],[80.994544,22.0526961],[80.9947225,22.0518335],[80.9949056,22.0507496],[80.9949678,22.0498194],[80.9948318,22.0494266],[80.9943909,22.0492418],[80.9939502,22.0493009],[80.9923813,22.0499387],[80.9916406,22.0503456],[80.9911033,22.0508382],[80.9907306,22.0511455],[80.9900187,22.0513989],[80.9896651,22.051381],[80.98873,22.0510069],[80.9877316,22.0503213],[80.9865054,22.0494551],[80.9858463,22.0489995],[80.9850953,22.0486885],[80.9842573,22.0486168],[80.9835355,22.0485992],[80.9832595,22.0487032],[80.9827851,22.0490783],[80.9823883,22.0495211],[80.9819674,22.0502348],[80.9816678,22.0511652],[80.9814941,22.0521542],[80.9813834,22.0530664],[80.9811997,22.0535949],[80.9809476,22.0541405],[80.9808951,22.0542543],[80.980537,22.0547061],[80.9797284,22.0552169],[80.9788083,22.0556148],[80.9774766,22.0561666],[80.9769342,22.0562708],[80.9760816,22.0562487],[80.9748222,22.0562269],[80.9734562,22.0562729],[80.9719645,22.0565989],[80.9710443,22.0569471],[80.9700419,22.0574083],[80.9694029,22.0579912],[80.9690982,22.0587274],[80.9690212,22.0595221],[80.9689305,22.0614187],[80.9689604,22.0627643],[80.9690247,22.0647466],[80.9691762,22.0667107],[80.9693753,22.0673924],[80.9695502,22.0681329],[80.9695897,22.0692527],[80.9698233,22.0708917],[80.9700518,22.0721649],[80.9700863,22.0730228],[80.9700628,22.0740208],[80.9702765,22.0748289],[80.9705628,22.0755015],[80.9710673,22.076463],[80.9716105,22.077429],[80.9720278,22.0782732],[80.9721299,22.0789053],[80.97213,22.0789727],[80.9721307,22.0799484],[80.9720637,22.0811947],[80.9718804,22.0823507],[80.9716628,22.0830462],[80.9712032,22.0840083],[80.9701576,22.0853003],[80.9680908,22.0883269],[80.9676069,22.0892529],[80.967399,22.0899438],[80.9672203,22.0908922],[80.9670321,22.0919715],[80.966834,22.0929199],[80.9665485,22.0935251],[80.9661273,22.0939904],[80.9654156,22.0948307],[80.9649364,22.095567],[80.9643894,22.0964659],[80.9637068,22.0974867],[80.9632469,22.0981101],[80.962908,22.0984535],[80.962104,22.0990725],[80.9612612,22.0995832],[80.9610095,22.1000349],[80.9610098,22.1004729],[80.9610394,22.1014256],[80.9610303,22.1024145],[80.9609338,22.1029835],[80.9607645,22.1035706],[80.9605274,22.1041352],[80.9602419,22.1046682],[80.9596609,22.1055038],[80.9590411,22.1062221],[80.9586683,22.1067416],[80.9582957,22.1076945],[80.9579231,22.1086204],[80.9574391,22.109605],[80.9569792,22.110418],[80.956311,22.1111995],[80.9547322,22.1128936],[80.9537876,22.113612],[80.9524264,22.1145113],[80.9513946,22.1152839],[80.9503824,22.116481],[80.9495929,22.1171316],[80.9485464,22.1177597],[80.9475775,22.1182659],[80.9469233,22.1184197],[80.9456149,22.1183751],[80.9437055,22.1183308],[80.9418737,22.1184941],[80.9375899,22.1189564],[80.9355935,22.11935],[80.9347309,22.1194451],[80.9325599,22.1196175],[80.9305197,22.1197446],[80.927617,22.1200617],[80.9256253,22.1203603],[80.9246512,22.1203606],[80.9230374,22.120167],[80.9219517,22.1199505],[80.9213749,22.1193682],[80.9206816,22.118664],[80.9198624,22.1178244],[80.9178409,22.1158065],[80.9165224,22.1146193],[80.9156403,22.1139061],[80.9146854,22.1131883],[80.9138615,22.1128273],[80.9131636,22.1126062],[80.9120247,22.1121911],[80.9108616,22.1117398],[80.9097372,22.110995],[80.9079341,22.109573],[80.9078323,22.109293],[80.9077449,22.1086473],[80.9075218,22.1076269],[80.9070222,22.1056718],[80.9065808,22.1037212],[80.9063044,22.102475],[80.9060036,22.100863],[80.9053296,22.0985964],[80.9049562,22.0973908],[80.9040737,22.0941218],[80.9035403,22.092117],[80.9029002,22.0896833],[80.9023959,22.087683],[80.9021971,22.0866174],[80.9018867,22.0852583],[80.9015909,22.0839985],[80.9012855,22.0828065],[80.9009898,22.0818764],[80.900665,22.0810049],[80.9002239,22.0799619],[80.8995064,22.0774153],[80.8993949,22.0765213],[80.899322,22.075722],[80.8992104,22.0747603],[80.8989971,22.0734643],[80.8986965,22.0721188],[80.8985607,22.071148],[80.8984684,22.0700914],[80.8984247,22.0695992],[80.8981483,22.0679736],[80.8981162,22.0678301],[80.8977509,22.066529],[80.8970675,22.0647768],[80.8968107,22.0643434],[80.8964764,22.0641086],[80.896147,22.0639777],[80.8958127,22.0639778],[80.8952993,22.0640726],[80.8947712,22.0640592],[80.8942819,22.0639418],[80.8940107,22.0638154],[80.8933905,22.0634588],[80.8929545,22.063084],[80.8927801,22.0628538],[80.8925814,22.0622532],[80.8923972,22.0615804],[80.8921114,22.0610702],[80.8917722,22.0607135],[80.8913265,22.0604697],[80.8909487,22.0602305],[80.8908566,22.0600544],[80.890251,22.0588398],[80.8895726,22.0576342],[80.8893643,22.0573497],[80.8891996,22.0571962],[80.8890058,22.0571014],[80.8887007,22.0570427],[80.8882938,22.0570518],[80.8876883,22.0572009],[80.8874945,22.0573092],[80.8872523,22.0574673],[80.8871022,22.0577789],[80.887015,22.0581988],[80.8868649,22.0585601],[80.8866421,22.0588762],[80.8863515,22.0590704],[80.8861093,22.0591472],[80.8856588,22.0591969],[80.8839488,22.0591383],[80.8836097,22.0591157],[80.8826942,22.0590345],[80.8825605,22.0586809],[80.8825149,22.0585604],[80.8823364,22.0579984],[80.8823357,22.0579959],[80.8821128,22.0566097],[80.8821466,22.0563704],[80.8823307,22.0557562],[80.882321,22.0553634],[80.8820507,22.0546166],[80.8820217,22.0545819],[80.8818123,22.0543429],[80.8817934,22.0541178],[80.8817638,22.0537649],[80.8819915,22.0529657],[80.8821561,22.052478],[80.8824758,22.0520535],[80.8828681,22.0516787],[80.8836964,22.0510555],[80.8840001,22.0508595],[80.8846409,22.0504459],[80.8847654,22.0503628],[80.8853057,22.0500019],[80.8853603,22.049962],[80.8858033,22.049624],[80.8854982,22.0492763],[80.8847812,22.0483417],[80.8839625,22.0472219],[80.8821945,22.0448468],[80.881589,22.0438896],[80.8809157,22.0430994],[80.8801939,22.0423543],[80.8790847,22.0413565],[80.8765583,22.0393231],[80.8759461,22.0389994],[80.8757911,22.0385343],[80.8758444,22.0381505],[80.8763336,22.0359334],[80.8765031,22.0357076],[80.876813,22.0351161],[80.8769341,22.0346329],[80.8769486,22.0339059],[80.8768469,22.0326913],[80.8767113,22.0311921],[80.8765611,22.029982],[80.8764691,22.0286996],[80.8764739,22.0274397],[80.8764497,22.0264237],[80.8763237,22.0243421],[80.8763382,22.0232132],[80.876377,22.0215289],[80.8762026,22.0199575],[80.8760137,22.0186119],[80.8758152,22.0175011],[80.8758006,22.016878],[80.8758878,22.0160877],[80.8759459,22.0151395],[80.8758781,22.013839],[80.8758852,22.0134434],[80.8759023,22.0124979],[80.8758684,22.011789],[80.8757764,22.0110439],[80.8753405,22.0104117],[80.8744495,22.0092783],[80.8738152,22.008452],[80.8733648,22.0076347],[80.8729823,22.0068445],[80.8720187,22.0051195],[80.8712325,22.003825],[80.8708615,22.003214],[80.8692316,22.0005225],[80.8661846,21.9950797],[80.8660576,21.9948791],[80.8659659,21.9947241],[80.8659013,21.9946147],[80.865745,21.9942591],[80.8656251,21.9939386],[80.8645897,21.9911705],[80.8636605,21.9888621],[80.8631262,21.9873364],[80.8627715,21.9863238],[80.8626409,21.9854838],[80.8625828,21.9848471],[80.8625151,21.9841698],[80.8624426,21.983497],[80.8623118,21.9828242],[80.8619971,21.9812162],[80.8614601,21.9793742],[80.8607777,21.9763894],[80.860381,21.974389],[80.8593622,21.9715487],[80.8591404,21.9707775],[80.8587883,21.9700925],[80.8583101,21.9693631],[80.8575475,21.9679439],[80.857166,21.9671959],[80.8567746,21.9663982],[80.8564269,21.965632],[80.8562365,21.9650221],[80.8558916,21.9641305],[80.8553185,21.9630184],[80.855154,21.9627519],[80.8549248,21.9623849],[80.8541958,21.9606231],[80.8533235,21.9589842],[80.852673,21.9573074],[80.8520079,21.9574086],[80.8515761,21.9574416],[80.8511006,21.9573954],[80.8507605,21.9572817],[80.8506727,21.9572299],[80.8499022,21.9567751],[80.8482517,21.9558832],[80.8475456,21.9557381],[80.8474691,21.9557241],[80.8472347,21.9557199],[80.8467179,21.9557411],[80.846216,21.9558413],[80.8453922,21.9560213],[80.8447141,21.9561225],[80.8438371,21.9560596],[80.8429264,21.9558987],[80.8419498,21.9556522],[80.8415094,21.9555875],[80.840875,21.9555838],[80.8406174,21.9557167],[80.8403452,21.9560251],[80.8401596,21.9563841],[80.8399207,21.9569919],[80.8397664,21.957358],[80.8394162,21.957718],[80.839112,21.957917],[80.8387757,21.9579846],[80.8384918,21.95797],[80.8382739,21.9579143],[80.8378415,21.957661],[80.8373056,21.9571306],[80.837163,21.9568757],[80.8371835,21.956408],[80.837164,21.9558016],[80.8370997,21.9553072],[80.8370658,21.955131],[80.8369884,21.9549549],[80.8369566,21.954894],[80.8365272,21.9546126],[80.8360568,21.9545349],[80.8355404,21.9546108],[80.8348686,21.9548995],[80.8339716,21.9554743],[80.8331999,21.9560631],[80.8326076,21.9565193],[80.8323896,21.9567251],[80.8319855,21.9572241],[80.8317053,21.9575106],[80.8315468,21.9576075],[80.83144,21.9576728],[80.8311902,21.9577911],[80.8309789,21.9578288],[80.8304305,21.9578099],[80.8299597,21.9576663],[80.8294736,21.9575813],[80.8291765,21.9576706],[80.8289899,21.9578909],[80.828921,21.958147],[80.8288604,21.9584615],[80.8288071,21.9587102],[80.828564,21.9586603],[80.8282419,21.9585014],[80.8280327,21.9583526],[80.8277934,21.9581824],[80.8274324,21.9580601],[80.8270801,21.9580986],[80.8267359,21.9582354],[80.8262741,21.9584815],[80.8259419,21.958596],[80.8257071,21.9586186],[80.8255814,21.958559],[80.8254944,21.9584206],[80.8255732,21.9582211],[80.8256217,21.9581354],[80.8259558,21.9577065],[80.8260177,21.9576348],[80.8263576,21.9574442],[80.8267706,21.9570985],[80.8272222,21.9566796],[80.8274399,21.95643],[80.827501,21.9561739],[80.8274444,21.9558893],[80.8272435,21.9556054],[80.826467,21.9549083],[80.825884,21.9543562],[80.8257178,21.9540941],[80.825702,21.9538333],[80.8257684,21.9534144],[80.8259069,21.9530264],[80.8260232,21.9528358],[80.8263356,21.9527026],[80.8265314,21.9527015],[80.8268376,21.9528167],[80.8270972,21.9529979],[80.8276027,21.9536747],[80.8278594,21.9541262],[80.8279958,21.9542164],[80.8281738,21.9543031],[80.8283618,21.9542923],[80.8285907,21.9541742],[80.8288401,21.9539682],[80.8291298,21.9535478],[80.8292733,21.9531183],[80.8292605,21.9527385],[80.8291228,21.9524275],[80.8281487,21.9519653],[80.8276664,21.9516562],[80.8274655,21.9512676],[80.8276717,21.9507802],[80.8279428,21.9504777],[80.8282043,21.9501843],[80.8283641,21.9499856],[80.8284949,21.9497102],[80.8285773,21.9494077],[80.8286645,21.9490826],[80.8286758,21.9488282],[80.828827,21.9485812],[80.8289824,21.9483831],[80.8291623,21.9483455],[80.8294679,21.9483731],[80.82979,21.9485394],[80.8300892,21.9487861],[80.830491,21.9491639],[80.8308141,21.9494762],[80.8313801,21.9498165],[80.8317961,21.949953],[80.8321569,21.9500485],[80.8325489,21.9501145],[80.832857,21.9501177],[80.8331807,21.9501061],[80.8335033,21.949929],[80.8335725,21.949689],[80.8335871,21.949567],[80.8335822,21.9494587],[80.8334952,21.9493096],[80.833379,21.9491651],[80.833229,21.9490522],[80.8330161,21.9489754],[80.8323365,21.9485607],[80.8313035,21.9474485],[80.8312868,21.9472879],[80.8313642,21.9471413],[80.8315747,21.9469794],[80.832254,21.9466542],[80.832473,21.9466092],[80.8327475,21.9466734],[80.8334261,21.9462386],[80.8335029,21.9460044],[80.8336662,21.9458281],[80.8338458,21.9457322],[80.8340382,21.9457516],[80.8343769,21.9464064],[80.8345343,21.9468681],[80.8347405,21.9472688],[80.8350714,21.9475738],[80.835514,21.9478652],[80.835717,21.9481109],[80.8358129,21.9484246],[80.8358783,21.9488553],[80.8359197,21.9493105],[80.8359763,21.9494758],[80.836181,21.94965],[80.8364714,21.9497434],[80.8368625,21.9496754],[80.8372373,21.9494907],[80.8375017,21.9492043],[80.8376795,21.948838],[80.8377788,21.9484429],[80.8375324,21.9478671],[80.8374211,21.947612],[80.8374107,21.9472029],[80.8375267,21.9469831],[80.8378316,21.9468864],[80.839224,21.9466302],[80.8407509,21.9465998],[80.8414246,21.946618],[80.8420511,21.9466145],[80.8425515,21.9464948],[80.8429394,21.9462276],[80.8430362,21.9461193],[80.8432444,21.9456994],[80.843317,21.9455413],[80.8433462,21.9453653],[80.8433316,21.9452027],[80.8433136,21.9451562],[80.8430752,21.945111],[80.8427463,21.9451129],[80.8422535,21.9452106],[80.8419328,21.9450941],[80.8417899,21.9449648],[80.8418116,21.944687],[80.8418805,21.9444455],[80.8420431,21.9441451],[80.8423308,21.9438293],[80.8427556,21.943542],[80.8439069,21.9429072],[80.8442898,21.9427809],[80.8446543,21.9427405],[80.8451356,21.9427908],[80.8455441,21.9428415],[80.8456998,21.9428314],[80.8458399,21.9427064],[80.8459404,21.9425013],[80.8459392,21.9423187],[80.8458907,21.9420778],[80.8457397,21.9417426],[80.845653,21.9416481],[80.8455211,21.9416189],[80.8451829,21.9416142],[80.8448387,21.9416819],[80.8444095,21.9419108],[80.844051,21.9421758],[80.8436058,21.9423682],[80.8431913,21.9424582],[80.8427998,21.9424604],[80.8421319,21.942308],[80.8419238,21.9422357],[80.8417206,21.9421047],[80.84159,21.9419511],[80.8414787,21.9417524],[80.8414508,21.9416808],[80.8414206,21.9416034],[80.8413916,21.941504],[80.841382,21.9413505],[80.8413868,21.9411744],[80.8414546,21.9409803],[80.8415466,21.9408087],[80.8416725,21.9405784],[80.8417887,21.940443],[80.8419049,21.9403437],[80.8421227,21.9402218],[80.8422341,21.9401676],[80.8423793,21.9401496],[80.8427229,21.9401361],[80.8431489,21.9401994],[80.8435215,21.9402808],[80.8444072,21.9403126],[80.8447073,21.940299],[80.8449203,21.9402719],[80.8453172,21.9401547],[80.8455689,21.9400102],[80.8457142,21.9398477],[80.8458449,21.939649],[80.8460046,21.9393239],[80.8460676,21.93908],[80.8461517,21.9386863],[80.8461765,21.9376828],[80.8461602,21.9367672],[80.8460075,21.9357246],[80.8458939,21.9349501],[80.845819,21.9344015],[80.8457973,21.9341892],[80.845807,21.9339702],[80.8458797,21.9337919],[80.84602,21.9336406],[80.8461338,21.9335729],[80.8464605,21.9334917],[80.8470747,21.9332526],[80.8475544,21.9329929],[80.8476518,21.9328841],[80.8476965,21.9325331],[80.8477396,21.9319265],[80.8477725,21.9312703],[80.8477822,21.9310445],[80.8477532,21.9308729],[80.8476516,21.9307419],[80.8474895,21.9306471],[80.8473201,21.9306267],[80.8468555,21.9307102],[80.8464377,21.9308062],[80.8461977,21.930827],[80.8459782,21.930799],[80.8457008,21.9306837],[80.8456208,21.9304271],[80.8456046,21.9303433],[80.8456036,21.9301826],[80.8456306,21.9290898],[80.8456633,21.9289158],[80.8458029,21.9287056],[80.8461979,21.9284258],[80.8463797,21.9282884],[80.8465613,21.9281217],[80.846659,21.9278825],[80.8466779,21.9275853],[80.8466439,21.9271666],[80.8463896,21.9265884],[80.8461003,21.9262442],[80.8458421,21.9260697],[80.8457701,21.9260366],[80.8454357,21.9259898],[80.8449812,21.9259436],[80.8445073,21.9258559],[80.8442124,21.9257239],[80.8439027,21.9254577],[80.8435085,21.9250361],[80.8431983,21.9246896],[80.8428676,21.9244065],[80.8425927,21.9242766],[80.8412909,21.9239623],[80.8399575,21.9236215],[80.8396016,21.9234676],[80.8393652,21.9232351],[80.8392491,21.9230458],[80.8391337,21.9213174],[80.8394459,21.9205081],[80.8396057,21.9202959],[80.8396686,21.9201627],[80.83985,21.9197276],[80.8398108,21.919453],[80.8397312,21.919244],[80.839594,21.9190158],[80.8393995,21.9188026],[80.8390117,21.9185515],[80.8385508,21.9183202],[80.8381423,21.9181033],[80.8378742,21.9178174],[80.8377362,21.9174529],[80.8377392,21.9172526],[80.8377499,21.9171411],[80.837827,21.9169604],[80.8380031,21.9167451],[80.8382045,21.9163982],[80.8382606,21.9161933],[80.8382589,21.9159303],[80.8381526,21.9157191],[80.8380611,21.9156051],[80.8378252,21.9154383],[80.8373625,21.9153313],[80.8369546,21.9152094],[80.8365542,21.9150362],[80.8362905,21.9147302],[80.8362304,21.914607],[80.8361973,21.9143295],[80.8362256,21.9138545],[80.836269,21.9132844],[80.8362357,21.9129777],[80.8360319,21.9117076],[80.8358812,21.9114015],[80.8356289,21.9111779],[80.8354014,21.9110501],[80.8349616,21.9108431],[80.834637,21.910689],[80.8344687,21.9104854],[80.8344179,21.9102662],[80.8345117,21.9099622],[80.8346592,21.9097714],[80.8349,21.9094705],[80.835172,21.9091402],[80.8351942,21.9089501],[80.8351931,21.9087675],[80.8351053,21.9085123],[80.8350024,21.9083375],[80.834682,21.9082185],[80.8343989,21.9082361],[80.8340183,21.9082967],[80.8336439,21.9083825],[80.8335284,21.908409],[80.8330657,21.9084998],[80.8326875,21.9085323],[80.8324786,21.9085154],[80.8323736,21.9084117],[80.8322316,21.9082517],[80.8321202,21.9079674],[80.8322111,21.9074847],[80.8324362,21.9071766],[80.8328647,21.9068455],[80.8333412,21.9066675],[80.8337635,21.9065921],[80.8339827,21.9065909],[80.83421,21.9066335],[80.8344572,21.9067951],[80.8346278,21.9069524],[80.8348615,21.9072738],[80.8349833,21.9074436],[80.8351149,21.9076255],[80.8353574,21.9077947],[80.8355598,21.907824],[80.8357487,21.9077743],[80.8359045,21.9076455],[80.8360393,21.9073038],[80.8361353,21.9069989],[80.8361342,21.9068345],[80.8360593,21.9063296],[80.8357302,21.9058809],[80.8350656,21.9052942],[80.8347487,21.905118],[80.8345964,21.9050403],[80.8344874,21.9049847],[80.8343041,21.904251],[80.8343603,21.9038549],[80.8343581,21.903514],[80.834324,21.9032828],[80.8341068,21.9029796],[80.8336405,21.902489],[80.8333902,21.9021251],[80.8333563,21.9019122],[80.8334331,21.9016804],[80.8336223,21.9014985],[80.8338939,21.9013004],[80.8341342,21.9011286],[80.8342888,21.9008233],[80.8343331,21.90061],[80.8343123,21.9004153],[80.8341459,21.9002005],[80.8340495,21.9001184],[80.8336629,21.8998526],[80.8332952,21.8994833],[80.8331565,21.8992162],[80.8331288,21.8989606],[80.8331532,21.898746],[80.8331789,21.8986316],[80.8332886,21.8984422],[80.8335086,21.8981488],[80.8338197,21.8978244],[80.8341434,21.8974329],[80.8344341,21.8969808],[80.8345889,21.8967059],[80.8348066,21.8960594],[80.834772,21.895743],[80.8347255,21.8956154],[80.8345683,21.8955127],[80.8341618,21.8954081],[80.8338495,21.895328],[80.833594,21.8951528],[80.8332897,21.8948081],[80.8331338,21.8946013],[80.8330408,21.8943461],[80.8331238,21.8940534],[80.8332592,21.8938091],[80.8333752,21.8935771],[80.8334191,21.8933029],[80.8334043,21.8930229],[80.8333179,21.8927677],[80.8331458,21.8926094],[80.8329395,21.892564],[80.8325474,21.8924529],[80.8322532,21.892345],[80.8320604,21.8921999],[80.8320049,21.8920348],[80.8319871,21.8917437],[80.831996,21.890677],[80.8320527,21.8903515],[80.8320989,21.890238],[80.8322168,21.890192],[80.8323022,21.8902004],[80.8323808,21.8902511],[80.8325266,21.8903964],[80.8326925,21.8906366],[80.8330079,21.8909928],[80.8331101,21.8910617],[80.8333536,21.8911919],[80.8335729,21.8912162],[80.8337918,21.8911639],[80.8339398,21.8910498],[80.8339967,21.8907682],[80.8339484,21.8905493],[80.8337862,21.8902908],[80.8331683,21.8897536],[80.8331796,21.8890595],[80.8338856,21.888672],[80.8344429,21.8876863],[80.8346557,21.8872906],[80.8347741,21.8868296],[80.8348016,21.8862267],[80.8348421,21.8858283],[80.8349854,21.8855938],[80.8351727,21.8854904],[80.8354461,21.8854013],[80.8358217,21.8853809],[80.8361816,21.8853606],[80.8364475,21.885319],[80.8367441,21.8851858],[80.8369543,21.885002],[80.8371912,21.8847121],[80.8375024,21.8844072],[80.8378264,21.8842776],[80.8381551,21.8842648],[80.83848,21.884263],[80.838907,21.884319],[80.8393417,21.8843568],[80.8397448,21.8843546],[80.8399674,21.8842839],[80.840123,21.8841369],[80.8402971,21.8838182],[80.840644,21.882976],[80.8408757,21.8824779],[80.8410115,21.8822945],[80.8413237,21.8821503],[80.8415892,21.8820575],[80.8418436,21.8820488],[80.8421177,21.8820801],[80.8424903,21.8822059],[80.8427182,21.8823398],[80.8429458,21.8824335],[80.8431416,21.8824434],[80.8432626,21.8823916],[80.8433596,21.8822632],[80.8433782,21.882106],[80.8433415,21.8818797],[80.8432264,21.8816283],[80.8429853,21.8812643],[80.8428114,21.8809986],[80.8427868,21.8808234],[80.8427935,21.8806444],[80.8428689,21.8805437],[80.8429609,21.8805156],[80.8431526,21.8804963],[80.8435087,21.8804943],[80.8438919,21.880441],[80.8440793,21.8803653],[80.8441727,21.8802787],[80.844293,21.8801246],[80.8447889,21.8787264],[80.8449642,21.8779875],[80.8450365,21.8776693],[80.8450196,21.8774758],[80.8448891,21.8772573],[80.8447785,21.8771009],[80.8446017,21.8769996],[80.8442176,21.8769104],[80.843544,21.8768484],[80.8431232,21.8768242],[80.8429957,21.8767821],[80.8428934,21.8766986],[80.8428377,21.8765528],[80.8428211,21.8764031],[80.8428282,21.8762899],[80.8428548,21.8761765],[80.842952,21.8760736],[80.8430653,21.8760438],[80.8441861,21.8755815],[80.8451631,21.8748266],[80.8460189,21.8740254],[80.8461278,21.8739079],[80.846213,21.8738745],[80.846322,21.8739134],[80.8466527,21.8741043],[80.8472866,21.8748159],[80.8482562,21.8756385],[80.8496141,21.8762153],[80.8497748,21.8762619],[80.8499117,21.8762465],[80.8501193,21.8761293],[80.8502078,21.8760293],[80.8502928,21.8758717],[80.8504247,21.8750856],[80.8504473,21.8749394],[80.8504106,21.8747131],[80.8503074,21.8744981],[80.8499962,21.8741857],[80.8496836,21.8738733],[80.84961,21.8737751],[80.8495541,21.8736038],[80.8495648,21.8734393],[80.8496909,21.8733333],[80.8498025,21.8732736],[80.8512312,21.872703],[80.8514186,21.8726398],[80.8516065,21.8726424],[80.8517909,21.8727108],[80.851952,21.8728158],[80.8521644,21.8729827],[80.852322,21.8731388],[80.8525813,21.8733018],[80.8528061,21.8733475],[80.8528946,21.8733292],[80.8529922,21.8732921],[80.8531284,21.8731745],[80.853237,21.8730241],[80.8533097,21.8727643],[80.8533094,21.8725712],[80.8532803,21.8724503],[80.8532165,21.872268],[80.852942,21.8709801],[80.8529326,21.870739],[80.8528456,21.8706044],[80.8527157,21.8704809],[80.8524961,21.8704164],[80.8522261,21.8704143],[80.8519958,21.8705142],[80.8518508,21.8706569],[80.8515559,21.8708674],[80.8511894,21.8710886],[80.850895,21.8712209],[80.8506856,21.8712485],[80.8504508,21.8712499],[80.849092,21.8711333],[80.8488411,21.8710653],[80.8486018,21.8709717],[80.8483461,21.8707685],[80.8478,21.8704392],[80.8468266,21.8699917],[80.846168,21.86982],[80.8458067,21.8697715],[80.8457581,21.8697488],[80.8457264,21.8697259],[80.8455939,21.8695897],[80.8455553,21.8694838],[80.8454595,21.8691847],[80.8453829,21.8688418],[80.8452639,21.8685977],[80.8448851,21.8681103],[80.8445145,21.8676887],[80.8441673,21.8672523],[80.8440281,21.8668914],[80.8439552,21.8665082],[80.8432642,21.865555],[80.8432577,21.8651496],[80.8441311,21.8646589],[80.8448312,21.8645965],[80.8454356,21.8642607],[80.8453791,21.8633733],[80.8452261,21.8627057],[80.8456623,21.8623928],[80.8463415,21.8627214],[80.8469012,21.8633429],[80.8485067,21.8622928],[80.8486469,21.8621934],[80.8486894,21.8621018],[80.8486998,21.8618972],[80.8486597,21.8617476],[80.8485331,21.8615292],[80.8483953,21.8614131],[80.8481835,21.8613339],[80.847979,21.8613382],[80.8478588,21.8613467],[80.8475734,21.8613921],[80.8473388,21.8614263],[80.8471039,21.8613984],[80.8469471,21.8613591],[80.8468564,21.8612573],[80.8465096,21.8602657],[80.8464854,21.8601489],[80.8464999,21.8599735],[80.8466165,21.8598486],[80.8468824,21.8598179],[80.8471253,21.8598713],[80.8474,21.8599903],[80.8477485,21.8600249],[80.8480263,21.8600197],[80.848323,21.8599084],[80.8486464,21.8596838],[80.8492888,21.8591724],[80.8503547,21.8581984],[80.8506173,21.8570609],[80.8505273,21.8564513],[80.8502828,21.8561641],[80.8502191,21.8559891],[80.8502411,21.8558821],[80.8503198,21.8558278],[80.8504329,21.8557724],[80.8506011,21.8557568],[80.8510008,21.8558459],[80.8512008,21.8559179],[80.8513769,21.8559205],[80.8515019,21.8558833],[80.8515679,21.8557989],[80.8515942,21.8556307],[80.8515221,21.8553718],[80.8512803,21.8548982],[80.8512279,21.8546538],[80.851278,21.8545366],[80.8513722,21.8544655],[80.8514771,21.8544661],[80.8515634,21.8544985],[80.8516851,21.8545599],[80.8518288,21.8546948],[80.8519961,21.854854],[80.8522165,21.8550537],[80.8523384,21.8551334],[80.852409,21.8551585],[80.8524637,21.8551473],[80.8525221,21.8550994],[80.8525647,21.8550408],[80.8525679,21.8549124],[80.8525635,21.8548581],[80.8525355,21.8547523],[80.8516386,21.8531433],[80.8509432,21.8521025],[80.8507549,21.8520232],[80.8505126,21.8520757],[80.8501007,21.8522104],[80.8497851,21.8524113],[80.8496942,21.8525096],[80.8495904,21.8525939],[80.8494661,21.8526341],[80.8493848,21.8526341],[80.8492844,21.8526206],[80.8489688,21.8525491],[80.8487207,21.8524812],[80.8482737,21.8523449],[80.847921,21.8522592],[80.8476867,21.8523263],[80.8473131,21.8526425],[80.8470794,21.8528119],[80.8468451,21.8528862],[80.8467041,21.8528724],[80.8465394,21.8528149],[80.8463967,21.8525308],[80.8458923,21.8519857],[80.8445958,21.8511674],[80.843389,21.8509184],[80.8427547,21.8508562],[80.8421671,21.8507572],[80.8418608,21.8505836],[80.8415459,21.8502931],[80.8414033,21.8500236],[80.8412266,21.8493159],[80.8411126,21.8486152],[80.8409854,21.8483017],[80.8406318,21.8480845],[80.8402716,21.8480427],[80.8399115,21.8480301],[80.8395197,21.8479446],[80.8393703,21.8478431],[80.83933,21.8476534],[80.839532,21.8462057],[80.8398409,21.8455465],[80.8398312,21.8452543],[80.8396862,21.8446122],[80.839628,21.8440719],[80.8396884,21.8437282],[80.8399527,21.8434491],[80.8403429,21.8432789],[80.8406631,21.8431821],[80.8409984,21.8430049],[80.8412003,21.8427481],[80.8413074,21.8423676],[80.8413135,21.8420972],[80.8411464,21.8416671],[80.8410197,21.8414341],[80.8408999,21.8410621],[80.8409525,21.8407185],[80.8410445,21.8404111],[80.8412226,21.8401252],[80.8412685,21.8399642],[80.8412674,21.8397816],[80.8412037,21.8396212],[80.8410231,21.8395199],[80.8407648,21.8395067],[80.8405149,21.8395885],[80.8402417,21.8396923],[80.8397736,21.8399141],[80.8392974,21.8400994],[80.8390314,21.8401009],[80.8389057,21.8400212],[80.8387951,21.8398684],[80.8387704,21.8396713],[80.8388397,21.8394955],[80.8391046,21.8393041],[80.8393464,21.8391859],[80.8396513,21.8391403],[80.840019,21.839131],[80.8403395,21.8390854],[80.8405267,21.838982],[80.8406666,21.8388352],[80.8406969,21.8386743],[80.8406407,21.8384481],[80.8404905,21.8382224],[80.8402705,21.8380776],[80.8399104,21.8380503],[80.8394336,21.8381407],[80.8392323,21.8382494],[80.8389956,21.838349],[80.8388789,21.8383646],[80.8387423,21.8383677],[80.8386789,21.8383583],[80.8386256,21.8383085],[80.8385628,21.8382174],[80.8385328,21.8381333],[80.8383519,21.8371718],[80.8383345,21.8368991],[80.8383698,21.8367041],[80.8384331,21.8365247],[80.8384726,21.8364649],[80.8385243,21.8363964],[80.8386754,21.8363615],[80.8388426,21.8363995],[80.839057,21.8364908],[80.839178,21.8366363],[80.8393309,21.8368887],[80.8394851,21.8371039],[80.8396984,21.8372568],[80.83985,21.8373144],[80.840006,21.8372356],[80.8407489,21.8367493],[80.8409048,21.8366461],[80.8409764,21.8364363],[80.8410112,21.8361585],[80.8410254,21.8359392],[80.8410869,21.8357636],[80.8411752,21.8356243],[80.8411776,21.8356214],[80.8412943,21.8355623],[80.8413843,21.8355623],[80.841717,21.8355798],[80.8421189,21.8356214],[80.8423276,21.8356203],[80.8424731,21.8355318],[80.8425817,21.8353851],[80.8426899,21.8351848],[80.8427556,21.8348483],[80.8427791,21.834444],[80.842801,21.8337863],[80.8433221,21.832897],[80.8440901,21.8322546],[80.8447174,21.8312858],[80.8444911,21.8301656],[80.8447849,21.8296087],[80.8451789,21.8288248],[80.8451743,21.8287153],[80.8451384,21.8286168],[80.8450752,21.8285222],[80.8448711,21.8284138],[80.8444502,21.8274518],[80.8444283,21.8264729],[80.8437828,21.8252565],[80.8436682,21.8250745],[80.8433772,21.8248533],[80.8429372,21.8245525],[80.8426972,21.824353],[80.8426057,21.8241051],[80.842628,21.8239333],[80.8427784,21.8235817],[80.8429715,21.8231898],[80.8429821,21.8230181],[80.842973,21.8228209],[80.8429044,21.8218825],[80.8428515,21.821565],[80.8427214,21.8214086],[80.8425598,21.8212232],[80.8417092,21.8203403],[80.8408041,21.8189025],[80.8404996,21.8183928],[80.8407977,21.8178907],[80.8411037,21.8174287],[80.8409547,21.8167538],[80.8404583,21.8160444],[80.8404341,21.815935],[80.8404415,21.8158619],[80.840476,21.815763],[80.8405366,21.815663],[80.8405988,21.8155993],[80.8406559,21.8155503],[80.8407393,21.8155498],[80.8409014,21.8156025],[80.841079,21.8156551],[80.8412042,21.8156544],[80.8413187,21.8156099],[80.8413914,21.8155608],[80.8414327,21.8154924],[80.8414268,21.815395],[80.8409417,21.8145697],[80.8401967,21.8138871],[80.8399309,21.813913],[80.839717,21.8139093],[80.8395532,21.8138839],[80.8394243,21.8138233],[80.8391991,21.8136638],[80.8390675,21.8134794],[80.8390635,21.8132732],[80.839138,21.8130845],[80.8392625,21.8129767],[80.8393974,21.8128688],[80.839757,21.8128181],[80.8401322,21.812777],[80.8402672,21.8126691],[80.840355,21.8125469],[80.8403645,21.8123958],[80.8401857,21.8121679],[80.839929,21.811994],[80.8396435,21.8113868],[80.8394309,21.8107646],[80.8388128,21.8101482],[80.8380383,21.8097434],[80.8379252,21.8091742],[80.8382772,21.8087631],[80.8386028,21.8082889],[80.8387446,21.8076306],[80.8394102,21.8073201],[80.8394884,21.8073147],[80.8395404,21.8072804],[80.8395608,21.8072121],[80.8395446,21.8071196],[80.8394604,21.8070032],[80.8392561,21.8068728],[80.8386595,21.806545],[80.8384974,21.8064777],[80.8384448,21.8064098],[80.8384494,21.8063221],[80.8384908,21.8062585],[80.8386522,21.8062235],[80.8389236,21.8062513],[80.8392943,21.8063076],[80.8394767,21.806292],[80.8395338,21.806243],[80.8395541,21.8061552],[80.8395375,21.8060189],[80.8393535,21.8057911],[80.8391807,21.8056703],[80.8388827,21.8055648],[80.8383553,21.8050584],[80.8384293,21.8043975],[80.8386646,21.8039761],[80.8389658,21.80367],[80.8391697,21.8029261],[80.8390415,21.802245],[80.8395373,21.8023092],[80.8401107,21.8022573],[80.8401496,21.8022266],[80.8401817,21.8021473],[80.8401484,21.8020379],[80.8400162,21.8017464],[80.839957,21.8016615],[80.8392983,21.8005998],[80.8392517,21.8004539],[80.8391137,21.8002842],[80.8386615,21.7999032],[80.8382839,21.7999844],[80.8375414,21.7994232],[80.8370697,21.7990678],[80.8367365,21.7983318],[80.8361061,21.7976193],[80.8357995,21.7973726],[80.835673,21.7971688],[80.8356642,21.7970154],[80.8358118,21.7968392],[80.8362178,21.7967274],[80.8365223,21.7966308],[80.8366231,21.7964841],[80.836661,21.7962939],[80.8366285,21.7961042],[80.8364554,21.7959517],[80.8361188,21.795917],[80.8357438,21.7959065],[80.8353279,21.7959516],[80.8350405,21.7961057],[80.8346185,21.796181],[80.8342781,21.7961548],[80.8341071,21.7961238],[80.8338875,21.7960373],[80.8337301,21.7958921],[80.8335722,21.7956592],[80.8330786,21.7951262],[80.8322081,21.7943712],[80.8320506,21.7941967],[80.8320077,21.7940119],[80.8321205,21.7937093],[80.8322331,21.7933775],[80.8322217,21.793212],[80.8320951,21.7929984],[80.8318224,21.7927466],[80.8316643,21.7924845],[80.8312523,21.7916588],[80.8311231,21.7910263],[80.8312663,21.7905677],[80.8314714,21.7900211],[80.8316264,21.7897962],[80.8317609,21.7896201],[80.8318229,21.7895321],[80.8318121,21.789464],[80.8317382,21.7893378],[80.8315811,21.7892315],[80.8310579,21.7889519],[80.8309324,21.7888941],[80.8307447,21.7889049],[80.8305061,21.7891108],[80.8299506,21.7886755],[80.830262,21.7871997],[80.8303029,21.787068],[80.830297,21.7869657],[80.8302229,21.7867811],[80.8300602,21.7866261],[80.8291963,21.7860659],[80.8290025,21.7859403],[80.8288928,21.7859068],[80.8283543,21.7856858],[80.8277604,21.7849536],[80.8271717,21.7842068],[80.826737,21.7839023],[80.8265964,21.7839323],[80.826469,21.783906],[80.8264025,21.7837873],[80.8263655,21.7836998],[80.8261784,21.78298],[80.8262663,21.7820249],[80.826524,21.7815413],[80.8271925,21.7811197],[80.8279618,21.7803118],[80.827969,21.7801644],[80.827988,21.7800791],[80.8283055,21.779779],[80.8284093,21.7796993],[80.8285263,21.7796561],[80.828585,21.7796679],[80.8286478,21.779702],[80.8287096,21.7798329],[80.8287975,21.7801173],[80.8288771,21.780336],[80.8290257,21.7803425],[80.8291738,21.7802614],[80.8295394,21.7799379],[80.8295851,21.7797477],[80.8295917,21.7795504],[80.8294965,21.7793318],[80.8292603,21.779092],[80.8289615,21.7788379],[80.8287498,21.7787587],[80.8284602,21.7787311],[80.8280611,21.7788212],[80.8277023,21.7788522],[80.8273498,21.7787737],[80.8270908,21.778629],[80.827035,21.7784613],[80.8270337,21.7782568],[80.827142,21.7780662],[80.8273522,21.7779044],[80.8276876,21.7777564],[80.8280391,21.7776887],[80.8283986,21.7776356],[80.8286015,21.7775614],[80.8286709,21.777415],[80.8286465,21.7772544],[80.8282097,21.7762121],[80.8280761,21.7761032],[80.827888,21.7760531],[80.8277161,21.776076],[80.8275999,21.7762592],[80.827492,21.7765155],[80.8273081,21.7766998],[80.827075,21.7768052],[80.8268599,21.7768064],[80.8265853,21.776674],[80.8263748,21.7764326],[80.8262932,21.7761787],[80.8261115,21.7758802],[80.825938,21.7756547],[80.8257336,21.7754951],[80.8248041,21.7750032],[80.8241061,21.7750499],[80.8235231,21.7745578],[80.8228818,21.7734651],[80.8227473,21.7732321],[80.8227308,21.7730861],[80.8227374,21.7728888],[80.8228148,21.7727642],[80.8230019,21.7726609],[80.8234163,21.772644],[80.8237214,21.7726569],[80.8239082,21.7725098],[80.8240323,21.7723411],[80.8240626,21.7721802],[80.8239756,21.7720273],[80.8238029,21.7719332],[80.8232368,21.7717719],[80.8228593,21.7716967],[80.8227577,21.7716971],[80.8226264,21.771399],[80.8226722,21.7712235],[80.8228044,21.7710985],[80.8231636,21.7710016],[80.8235626,21.7710287],[80.824126,21.7710694],[80.8243836,21.770995],[80.8245938,21.7708404],[80.8246163,21.7706869],[80.8245757,21.770446],[80.8243633,21.7702499],[80.8233505,21.7696272],[80.8231532,21.7693506],[80.8224994,21.768609],[80.8222874,21.7684641],[80.8218664,21.7683679],[80.821527,21.7682022],[80.8213303,21.7680017],[80.8213141,21.7679069],[80.8213367,21.7677752],[80.8214615,21.7677088],[80.821673,21.7677661],[80.822026,21.7679322],[80.8223316,21.7680255],[80.8225507,21.7680462],[80.8227769,21.76795],[80.8228073,21.7678184],[80.8227749,21.7676359],[80.82222,21.7664408],[80.8212946,21.7661252],[80.8202781,21.7660788],[80.8197822,21.7655628],[80.8192917,21.765917],[80.8186351,21.7656047],[80.8185878,21.7655465],[80.818556,21.7654688],[80.8185608,21.7653908],[80.8185838,21.7653321],[80.8187933,21.7650057],[80.8189946,21.7646758],[80.8190164,21.7643981],[80.8189603,21.7641938],[80.818858,21.7640921],[80.818685,21.7640256],[80.818222,21.7638995],[80.8179193,21.7636642],[80.8177551,21.7635061],[80.8174604,21.7629958],[80.8171223,21.7621332],[80.8170891,21.761827],[80.8170865,21.761413],[80.8172407,21.7610591],[80.8172642,21.7606449],[80.8172626,21.7603893],[80.8171827,21.7601097],[80.8170073,21.7595998],[80.8159825,21.7568519],[80.8156312,21.7557294],[80.8157976,21.7553442],[80.8164881,21.7541731],[80.816612,21.7539873],[80.8167577,21.7539427],[80.8168937,21.7540102],[80.8169215,21.7542876],[80.8169369,21.7544926],[80.8174737,21.754495],[80.8182803,21.7536121],[80.8195172,21.7540578],[80.8197795,21.7543121],[80.819975,21.754311],[80.8201687,21.7540177],[80.820179,21.7535793],[80.8201622,21.7529828],[80.8200026,21.7524723],[80.8197127,21.7514311],[80.819953,21.751302],[80.8200953,21.7511307],[80.8201331,21.7509296],[80.8201793,21.7492587],[80.8197392,21.7480232],[80.8197075,21.7480217],[80.8154328,21.747937],[80.8092636,21.7484288],[80.8063585,21.7476888],[80.8045083,21.7466174],[80.8044685,21.7464975],[80.8038923,21.7447641],[80.8032585,21.744472],[80.7996973,21.7434973],[80.7964912,21.7426279],[80.7950608,21.7422848],[80.7940265,21.7419299],[80.7926471,21.7414014],[80.791008,21.7410301],[80.789302,21.740871],[80.7854326,21.7403079],[80.7851686,21.7404012],[80.7844686,21.7416415],[80.7844663,21.7421925],[80.7844646,21.74287],[80.7851583,21.7453782],[80.7857819,21.7476688],[80.7859272,21.7484424],[80.785851,21.7487643],[80.7854773,21.7490438],[80.7822602,21.7498349],[80.7806464,21.7500701],[80.7796258,21.7507011],[80.7785534,21.751583],[80.7781874,21.7519097],[80.777702,21.7525394],[80.7762663,21.7536335],[80.7769887,21.7540868],[80.7779249,21.7547741],[80.7764159,21.7557014],[80.7757988,21.7560788],[80.7742998,21.7571054],[80.7734949,21.757664],[80.7725547,21.7582413],[80.7720338,21.7585189],[80.771522,21.7585548],[80.7713523,21.7585667],[80.7699884,21.7584457],[80.768634,21.7585325],[80.7665115,21.7596289],[80.7662653,21.7594933],[80.7644284,21.7582446],[80.7626362,21.7586151],[80.7609326,21.7589445],[80.7597754,21.759124],[80.7593843,21.7591846],[80.7583659,21.7600353],[80.7572938,21.7609561],[80.7559915,21.762065],[80.7511821,21.7582157],[80.7492897,21.756701],[80.7484248,21.7561488],[80.7482941,21.7560993],[80.7474671,21.7555445],[80.7472589,21.7552512],[80.7463539,21.7538745],[80.7457584,21.752737],[80.7448774,21.7511888],[80.7445144,21.7506562],[80.7432299,21.7489655],[80.7426095,21.747491],[80.7418398,21.7466173],[80.7409975,21.7451482],[80.7403401,21.7441287],[80.7393249,21.7420516],[80.7386241,21.740253],[80.7380251,21.7380157],[80.7378068,21.7362634],[80.7379749,21.7343571],[80.7380493,21.7342961],[80.7384421,21.73399],[80.7396604,21.7331246],[80.7397349,21.7330717],[80.7398329,21.7326741],[80.7398651,21.7320012],[80.7394168,21.7316053],[80.738827,21.7312693],[80.7380901,21.730998],[80.7363807,21.7303687],[80.7351357,21.7296967],[80.7338413,21.7286119],[80.7333822,21.7277712],[80.7333408,21.72681],[80.7338799,21.7251736],[80.7338181,21.7222387],[80.7340138,21.7211682],[80.7339969,21.720526],[80.7327587,21.7178376],[80.7323153,21.71611],[80.7322862,21.7158317],[80.7320591,21.7136626],[80.7311911,21.7132962],[80.7293025,21.7136331],[80.7281404,21.714062],[80.7267161,21.7142464],[80.7261427,21.7136657],[80.725676,21.7121351],[80.726379,21.7106515],[80.7271039,21.7097985],[80.728302,21.7083887],[80.7290213,21.7069204],[80.7301503,21.7060175],[80.7314363,21.7058804],[80.7332702,21.7062462],[80.733974,21.7059399],[80.7345707,21.7051158],[80.7351263,21.7038922],[80.7354201,21.7027299],[80.7349774,21.7017975],[80.733438,21.7010951],[80.732986,21.7007449],[80.7326251,21.6996748],[80.7323585,21.698311],[80.7323293,21.6981612],[80.7329763,21.6972905],[80.7338428,21.6957914],[80.7341014,21.6946606],[80.7341365,21.6945068],[80.7334055,21.692964],[80.732996,21.6926585],[80.7316374,21.6928887],[80.7309991,21.6930268],[80.7304004,21.6927968],[80.7297778,21.6920633],[80.7292696,21.6910697],[80.7288667,21.6888074],[80.7267783,21.6853983],[80.7257294,21.683564],[80.7253087,21.6812839],[80.7239495,21.6804896],[80.7228852,21.6800009],[80.7222225,21.6781342],[80.7214524,21.6770031],[80.7189395,21.6757359],[80.7178753,21.6753083],[80.7178363,21.6753013],[80.7165984,21.6750797],[80.7159762,21.6747283],[80.7157674,21.6742671],[80.7156648,21.6740404],[80.7159194,21.6732003],[80.716966,21.6717165],[80.718242,21.6707219],[80.7189211,21.6701388],[80.7191819,21.6684872],[80.719001,21.6671723],[80.7180119,21.6661932],[80.7172751,21.6657043],[80.7156549,21.6659651],[80.715262,21.6657819],[80.7152429,21.6657466],[80.7151052,21.665493],[80.7156776,21.6647435],[80.7162827,21.6639786],[80.7162953,21.6634219],[80.7162986,21.6632752],[80.7160856,21.6629389],[80.7145794,21.6622211],[80.7144872,21.662084],[80.7143744,21.6619163],[80.7143873,21.6615499],[80.7145835,21.6612593],[80.7155489,21.6609071],[80.7168089,21.6605394],[80.7170771,21.6600815],[80.7170929,21.6591029],[80.7166007,21.6572071],[80.7167743,21.6563519],[80.7176903,21.6555562],[80.7181973,21.6550055],[80.7181195,21.6522214],[80.7181189,21.6511511],[80.7189581,21.648628],[80.7191207,21.6471141],[80.7188745,21.6459674],[80.7192832,21.6453709],[80.7201749,21.6447417],[80.7210912,21.6445271],[80.7236539,21.6447537],[80.7250121,21.6446459],[80.7258308,21.6453335],[80.7264038,21.6456236],[80.7268457,21.6456234],[80.7269537,21.6451192],[80.7269689,21.6435443],[80.7270663,21.6423515],[80.7272875,21.6419622],[80.7279257,21.6408391],[80.7283179,21.6399978],[80.7283173,21.6391568],[80.7278055,21.6378616],[80.7277435,21.6377046],[80.7276383,21.6366641],[80.7279489,21.6361899],[80.7291264,21.6352258],[80.7294534,21.6348128],[80.7295837,21.6340329],[80.7294116,21.6329494],[80.7294027,21.6328877],[80.7292471,21.6318027],[80.7295569,21.630304],[80.7296264,21.6295809],[80.7296775,21.6290482],[80.7291084,21.6279864],[80.7290549,21.6278865],[80.728989,21.6273514],[80.729005,21.6268621],[80.7293322,21.626709],[80.730592,21.6266011],[80.7313448,21.6266924],[80.7315737,21.6265088],[80.7316388,21.62605],[80.7313439,21.6255456],[80.7305489,21.6246273],[80.7297295,21.6229],[80.7290995,21.6205599],[80.7290491,21.6187862],[80.7293759,21.6181896],[80.7307008,21.6176383],[80.7308776,21.6174288],[80.730946,21.6173477],[80.7307657,21.6169043],[80.7303893,21.6167364],[80.7293997,21.6165676],[80.7281232,21.6161708],[80.7263795,21.6153922],[80.7245957,21.6147663],[80.7234008,21.6140484],[80.7230342,21.6136508],[80.722821,21.6128099],[80.7229677,21.61203],[80.7233927,21.6115251],[80.7245539,21.6108669],[80.724979,21.6103773],[80.7250133,21.6100869],[80.725044,21.6098268],[80.7249784,21.6095516],[80.7245134,21.6096112],[80.7226156,21.6096429],[80.721912,21.6095516],[80.721444,21.6091542],[80.7211821,21.6089249],[80.7210835,21.6082828],[80.7210251,21.6073245],[80.7210173,21.6071972],[80.7207879,21.6065704],[80.7204277,21.6061883],[80.7195368,21.6055947],[80.7188821,21.6051058],[80.7181942,21.6038829],[80.7172329,21.6031137],[80.7170484,21.6029661],[80.7170645,21.6024768],[80.7172689,21.6021724],[80.7179883,21.6014687],[80.7187892,21.6003673],[80.7188216,21.5998015],[80.7188196,21.5997942],[80.718674,21.5992511],[80.7182485,21.5990678],[80.7173488,21.5991754],[80.7166127,21.5992675],[80.716539,21.5992079],[80.7163672,21.5990689],[80.7163598,21.598596],[80.7165556,21.5977702],[80.7168658,21.5966997],[80.7176667,21.5957053],[80.7180917,21.5950782],[80.7181824,21.5944658],[80.7180834,21.5931967],[80.7174772,21.5917291],[80.7171168,21.5910412],[80.7165932,21.5908274],[80.7157778,21.5905989],[80.7156186,21.5905543],[80.7154337,21.5902964],[80.7156134,21.5899599],[80.7164996,21.5893862],[80.7177882,21.588552],[80.7181713,21.5881066],[80.7186125,21.5874336],[80.7184813,21.5869137],[80.7175321,21.5862873],[80.7163356,21.5856971],[80.7155833,21.585326],[80.7155195,21.5852945],[80.7153557,21.58505],[80.7153719,21.5847594],[80.7154372,21.5845148],[80.71664,21.5841613],[80.7181076,21.5838475],[80.7199838,21.5834563],[80.7207197,21.5831807],[80.72157,21.5827367],[80.7221095,21.5822471],[80.7231315,21.5813118],[80.7238182,21.5808374],[80.7249139,21.5804391],[80.7255025,21.5800871],[80.7258026,21.5795058],[80.7259816,21.5782213],[80.7260767,21.5775364],[80.7261281,21.5771661],[80.7275264,21.575741],[80.7282777,21.5741656],[80.7287515,21.5733396],[80.7289145,21.572575],[80.7289701,21.571245],[80.7288613,21.57065],[80.728774,21.5701725],[80.728675,21.5699453],[80.7281514,21.5697316],[80.7277097,21.5696248],[80.7268266,21.5697783],[80.7261886,21.5696563],[80.7258064,21.5692185],[80.7257071,21.5691047],[80.7256085,21.5684625],[80.7259677,21.5675754],[80.7261144,21.5668872],[80.7259832,21.5663521],[80.7251233,21.5654357],[80.72455,21.5643045],[80.724075,21.5632956],[80.7220689,21.5620277],[80.7211688,21.5612178],[80.7210869,21.5609273],[80.7211194,21.5606673],[80.7222967,21.5602996],[80.7223711,21.5599649],[80.7223783,21.5599326],[80.7222634,21.5593822],[80.7211736,21.5580683],[80.7204698,21.557243],[80.7200694,21.5567341],[80.7198805,21.556494],[80.7198145,21.5555307],[80.719994,21.5549955],[80.7201902,21.5548119],[80.7207952,21.5547198],[80.7212858,21.5545971],[80.7217512,21.5539862],[80.7223397,21.5531597],[80.7225028,21.5529307],[80.7238984,21.5529882],[80.7245541,21.5526675],[80.7248106,21.5523737],[80.7257507,21.5509049],[80.7270043,21.5491957],[80.7276314,21.5486881],[80.7287432,21.5481802],[80.7298267,21.5478592],[80.7306534,21.5475116],[80.7309385,21.5473246],[80.7311662,21.5467638],[80.7314227,21.5464967],[80.7318218,21.5462829],[80.7326202,21.5461489],[80.7337038,21.5460147],[80.7341884,21.5457742],[80.7348429,21.5452711],[80.7351882,21.5448122],[80.7355027,21.5440628],[80.7369276,21.5428606],[80.7375119,21.5424998],[80.7387517,21.5416047],[80.7400054,21.540189],[80.7406955,21.5393327],[80.7407816,21.5392259],[80.7403483,21.5380269],[80.7380002,21.5339606],[80.7371822,21.5316736],[80.7366989,21.5303224],[80.7355253,21.5280903],[80.7345125,21.5261639],[80.7326355,21.5224477],[80.7315963,21.5202771],[80.7313652,21.5197945],[80.7315342,21.519297],[80.7316573,21.5185029],[80.7315551,21.5180173],[80.731447,21.5177745],[80.7309308,21.5166146],[80.7307465,21.5162004],[80.7304785,21.5155981],[80.7304784,21.5154247],[80.7306277,21.5149844],[80.7306917,21.5149043],[80.731347,21.5145571],[80.7325009,21.5142877],[80.7329567,21.5139672],[80.7334264,21.5132199],[80.7336541,21.5127928],[80.7337109,21.5124193],[80.7328101,21.5104318],[80.7323679,21.5097917],[80.7317315,21.5087541],[80.7316555,21.5086301],[80.731497,21.5081802],[80.7314503,21.5055799],[80.7317774,21.5047393],[80.7327172,21.5038316],[80.7328314,21.5032965],[80.7327591,21.5019217],[80.7328729,21.5015879],[80.7330865,21.5013209],[80.7330886,21.50131],[80.7332111,21.5006649],[80.7330415,21.5004556],[80.7326162,21.5001592],[80.7319645,21.4998344],[80.7316218,21.4997263],[80.7299761,21.4993932],[80.7292906,21.4989556],[80.7285129,21.4977729],[80.7275998,21.4961975],[80.7287475,21.4951852],[80.7290608,21.494747],[80.7290941,21.4940064],[80.729662,21.4920462],[80.7304804,21.4905084],[80.7307703,21.4899637],[80.7318782,21.4874703],[80.7323838,21.4860881],[80.7326677,21.4850493],[80.7328891,21.4843356],[80.7332989,21.4838612],[80.7341861,21.4830568],[80.7354627,21.4822527],[80.7360234,21.4818996],[80.7371614,21.4809821],[80.7372237,21.4804447],[80.7371894,21.4797312],[80.7373186,21.4784261],[80.7376647,21.4767188],[80.7376922,21.4748448],[80.7377251,21.4738061],[80.7377536,21.4731242],[80.7377474,21.4730883],[80.7374386,21.4712955],[80.7368335,21.4687129],[80.7363753,21.4672171],[80.7361323,21.4664238],[80.7360585,21.46582],[80.7356863,21.4636424],[80.7354004,21.4619537],[80.735323,21.4613197],[80.7352742,21.4609196],[80.7349261,21.4599083],[80.7340373,21.4583374],[80.7323568,21.4559632],[80.7310578,21.4540087],[80.7300099,21.4525552],[80.7282722,21.4509035],[80.7260179,21.4486199],[80.7256074,21.4478751],[80.7250953,21.4467509],[80.7248102,21.4458886],[80.7243997,21.4451844],[80.7235453,21.4442952],[80.72161,21.442752],[80.7188256,21.4406853],[80.7177446,21.4398234],[80.7160938,21.4378961],[80.7142936,21.4361855],[80.713377,21.4358293],[80.7111577,21.4347602],[80.7089721,21.4336685],[80.7080508,21.4334883],[80.7072259,21.4333126],[80.7068158,21.4330735],[80.7057391,21.4308838],[80.7059605,21.4301431],[80.7066541,21.4285667],[80.7069716,21.4270583],[80.7071926,21.4254551],[80.7072362,21.4227418],[80.7072531,21.4216888],[80.7070922,21.4185414],[80.7072497,21.4155834],[80.7068672,21.4127928],[80.7065482,21.4115556],[80.7059157,21.4102509],[80.705216,21.40933],[80.7038214,21.4076688],[80.7017999,21.405895],[80.7001838,21.4046494],[80.6999282,21.4045818],[80.6999472,21.4040534],[80.700164,21.4035611],[80.700641,21.4029512],[80.7006648,21.4022738],[80.7006357,21.40203],[80.7006933,21.401479],[80.7008136,21.4010093],[80.7010883,21.4006299],[80.7008127,21.3992527],[80.7005086,21.3985212],[80.7003636,21.3979207],[80.7003634,21.3976001],[80.7004171,21.3974149],[80.7005415,21.3969858],[80.7005461,21.396602],[80.700411,21.396444],[80.7001891,21.396277],[80.6995814,21.3959115],[80.6984914,21.3953836],[80.6982937,21.3953476],[80.6980052,21.3950348],[80.6979897,21.3950181],[80.6978971,21.3948563],[80.6977387,21.3945795],[80.6977339,21.3945711],[80.69742,21.3935823],[80.6977701,21.3929651],[80.6980504,21.3928908],[80.6984394,21.3927064],[80.6986641,21.3924351],[80.6988497,21.3921421],[80.699103,21.3914752],[80.6991063,21.3909443],[80.6973306,21.3882401],[80.696158,21.3864116],[80.6953666,21.3849263],[80.6950815,21.3837387],[80.6950178,21.3816931],[80.6950176,21.3811408],[80.6950175,21.3810383],[80.6947279,21.3802481],[80.6937772,21.3784964],[80.6921946,21.3759546],[80.6911812,21.3738461],[80.6902933,21.3720672],[80.6891309,21.3708664],[80.6888367,21.3706497],[80.6884606,21.3704376],[80.6873949,21.3699639],[80.6866669,21.3698693],[80.6864114,21.369901],[80.6856835,21.37024],[80.685375,21.3703214],[80.6851002,21.3702537],[80.6849266,21.3701454],[80.6845986,21.3697662],[80.6839521,21.3684794],[80.6837253,21.3681679],[80.6834601,21.3680777],[80.6829057,21.3680192],[80.6825875,21.3680419],[80.6825441,21.3680193],[80.6822837,21.3676762],[80.6822065,21.3675678],[80.6821052,21.3673782],[80.6817915,21.3665835],[80.681584,21.3662178],[80.6812802,21.365834],[80.6809258,21.3655892],[80.68047,21.3652744],[80.6801999,21.364859],[80.680248,21.3644932],[80.6806329,21.3624745],[80.6808495,21.3616977],[80.6815627,21.3609839],[80.6817796,21.3606858],[80.6818269,21.3605549],[80.6818662,21.3604464],[80.6818999,21.3601484],[80.6818757,21.3599497],[80.6817599,21.3597013],[80.6817136,21.3596542],[80.6807568,21.3586811],[80.6797151,21.3575434],[80.6795173,21.3572635],[80.6794112,21.3570919],[80.6792182,21.356663],[80.6791024,21.3562882],[80.6791649,21.3559044],[80.6793816,21.3551727],[80.6794778,21.354721],[80.6795307,21.3544727],[80.6792943,21.3538541],[80.6790966,21.3535606],[80.6787927,21.3532356],[80.6783491,21.3528474],[80.6780116,21.352703],[80.6779104,21.3526895],[80.6774427,21.3524051],[80.677212,21.352158],[80.6768737,21.3517956],[80.6764781,21.3510145],[80.6765407,21.3507932],[80.6767045,21.3505945],[80.6769262,21.3504725],[80.6775093,21.3498356],[80.6776875,21.3494968],[80.6777646,21.3493432],[80.6778319,21.3490542],[80.6777788,21.3488058],[80.6775473,21.3484266],[80.677205,21.3482415],[80.6769592,21.3482326],[80.6758938,21.3480974],[80.6748957,21.3473075],[80.673623,21.3468427],[80.672519,21.346563],[80.6723503,21.3465179],[80.6718248,21.3460665],[80.6715981,21.3457685],[80.6712798,21.3451906],[80.6711639,21.3446532],[80.6711734,21.3440661],[80.6712889,21.3435965],[80.6718187,21.3422325],[80.672416,21.3409634],[80.6721436,21.3401145],[80.671485,21.338656],[80.6713403,21.3384393],[80.6712425,21.3383455],[80.6711378,21.3382452],[80.6698362,21.3376991],[80.6685395,21.3372117],[80.668043,21.3371351],[80.667667,21.3371171],[80.6664091,21.3372891],[80.6654451,21.3375196],[80.6647655,21.3375288],[80.6641822,21.3373302],[80.6638592,21.3371407],[80.6637676,21.3370549],[80.6632614,21.336626],[80.6630107,21.3365041],[80.6623841,21.3364185],[80.6616321,21.3361251],[80.6612127,21.3357458],[80.6611713,21.3354532],[80.6603351,21.3344635],[80.6600452,21.3340841],[80.6609617,21.334197],[80.6614003,21.3343414],[80.6618438,21.3345987],[80.6619402,21.3347025],[80.662427,21.3346256],[80.6628078,21.3345262],[80.6631403,21.3343726],[80.6631771,21.3343318],[80.6636704,21.3337854],[80.6639594,21.3333834],[80.6646821,21.332331],[80.6649471,21.3318658],[80.6654335,21.3303484],[80.6655442,21.3297207],[80.6655438,21.3285104],[80.6655582,21.3282485],[80.6657847,21.3280046],[80.6662232,21.3277516],[80.6664167,21.3276833],[80.6671966,21.327083],[80.6677459,21.3265499],[80.6691482,21.3260438],[80.6695723,21.3259127],[80.6701844,21.3258132],[80.6705037,21.3257825],[80.6707965,21.3257543],[80.6710953,21.3256956],[80.6711965,21.3256458],[80.6712976,21.3254832],[80.671312,21.3253026],[80.6712444,21.3248239],[80.671254,21.3245936],[80.6713889,21.324431],[80.672155,21.3239747],[80.6729598,21.3236177],[80.673567,21.323315],[80.6737115,21.3231795],[80.6742318,21.3226284],[80.6745787,21.3221902],[80.6750556,21.3214675],[80.675229,21.3211243],[80.6755082,21.3204062],[80.6755419,21.3202255],[80.6755418,21.3199681],[80.6753969,21.3189566],[80.6753342,21.3187715],[80.6752761,21.3180354],[80.6753386,21.3177464],[80.675936,21.3170598],[80.6763311,21.3168745],[80.6770732,21.3165401],[80.6775404,21.3159167],[80.677632,21.3157316],[80.6784607,21.3151623],[80.6793231,21.3147014],[80.6802002,21.3144437],[80.6809037,21.314177],[80.6815637,21.3135672],[80.6816792,21.3130975],[80.6817077,21.3120407],[80.6816784,21.3111511],[80.6816107,21.3105054],[80.6814706,21.3095842],[80.6812053,21.3088933],[80.68075,21.3074593],[80.6804891,21.3068824],[80.6801779,21.3065364],[80.6799512,21.3060397],[80.6797727,21.305412],[80.6793772,21.3045587],[80.6791506,21.3042968],[80.6790493,21.304044],[80.6788997,21.303326],[80.6788898,21.3027886],[80.6791063,21.3017499],[80.6792937,21.3003138],[80.6794524,21.2993247],[80.6795678,21.298837],[80.6791822,21.2984713],[80.6786664,21.298056],[80.6781121,21.2974375],[80.677548,21.2965481],[80.6772298,21.2961101],[80.6762994,21.2951304],[80.675856,21.2947512],[80.6750801,21.2945483],[80.6745259,21.2943181],[80.673721,21.2938126],[80.6722799,21.2927698],[80.67094,21.2916954],[80.6699665,21.2911583],[80.669369,21.2909959],[80.6685016,21.2908651],[80.6677259,21.2910956],[80.6670898,21.2911816],[80.6664027,21.2911269],[80.66536,21.2912272],[80.664119,21.291443],[80.6636736,21.2915437],[80.6630713,21.2916567],[80.6623341,21.291693],[80.6618715,21.2915441],[80.6615052,21.2913139],[80.6612401,21.2910656],[80.6608931,21.290447],[80.6605122,21.2896568],[80.6604591,21.2893226],[80.6602421,21.2883924],[80.6598564,21.2875435],[80.6597436,21.2874344],[80.659707,21.287399],[80.659201,21.2872952],[80.6590516,21.2872095],[80.6589263,21.2870875],[80.6588058,21.2866902],[80.6588104,21.2860083],[80.6588266,21.2859415],[80.6589212,21.2855521],[80.6589645,21.2853986],[80.6590415,21.2852089],[80.6593449,21.2844547],[80.6593882,21.284265],[80.6592677,21.2838089],[80.6590843,21.2826529],[80.6591372,21.2824045],[80.6591516,21.2821155],[80.6590793,21.2819484],[80.6582456,21.281226],[80.6577686,21.2811674],[80.6574554,21.2811675],[80.6572049,21.2812082],[80.6560919,21.2811768],[80.6552631,21.2809556],[80.6550703,21.2808473],[80.6547282,21.2805854],[80.6546641,21.2805107],[80.6533693,21.2796464],[80.6525019,21.2787749],[80.6512779,21.2777229],[80.6506717,21.2770915],[80.6501694,21.2758806],[80.6496296,21.2747878],[80.6491717,21.2735189],[80.6491184,21.2718977],[80.6493108,21.2700326],[80.6493106,21.2685604],[80.6490405,21.2670431],[80.6488571,21.2651871],[80.6487972,21.2644562],[80.6487557,21.2639498],[80.6487892,21.2621615],[80.6482302,21.2615609],[80.6470111,21.2597592],[80.6465243,21.2580613],[80.6458448,21.2560834],[80.6452568,21.2542274],[80.6442063,21.2521232],[80.6438353,21.2514729],[80.643262,21.2507594],[80.6425104,21.2498362],[80.6419419,21.249457],[80.6411904,21.2489242],[80.6398511,21.2476689],[80.6392634,21.2473212],[80.6388443,21.2472264],[80.6384926,21.24724],[80.6383906,21.2472871],[80.6378472,21.2475381],[80.63685,21.2476827],[80.6353182,21.2475879],[80.6350002,21.247475],[80.6347642,21.2470099],[80.6344799,21.2465719],[80.6340705,21.2463416],[80.6332227,21.2460662],[80.6315897,21.2454702],[80.6293641,21.244418],[80.6271098,21.2432439],[80.6258212,21.2422211],[80.6240605,21.2408293],[80.6231165,21.2400918],[80.6215029,21.2384119],[80.6213865,21.238268],[80.6207323,21.237459],[80.6196052,21.2356165],[80.6194484,21.2353223],[80.6187431,21.2339997],[80.6179195,21.232821],[80.6174909,21.2306669],[80.6173176,21.2297953],[80.617019,21.2292941],[80.616441,21.2286889],[80.6148228,21.2272482],[80.6137825,21.2265662],[80.6126651,21.225961],[80.6114514,21.2256177],[80.6096682,21.2253632],[80.6094574,21.2253331],[80.6078392,21.2250665],[80.6067026,21.2245064],[80.6059224,21.2242037],[80.6054744,21.2242443],[80.6048049,21.2244158],[80.6029939,21.2247859],[80.6011637,21.2249844],[80.600104,21.2254133],[80.5991985,21.2255712],[80.5981919,21.2254762],[80.5953264,21.2244642],[80.5938478,21.2241071],[80.5926733,21.2238948],[80.5921477,21.2237997],[80.5906115,21.2230227],[80.5890704,21.2224985],[80.5875823,21.2220963],[80.5862436,21.2210528],[80.5854876,21.2206236],[80.5838358,21.2201174],[80.5822225,21.2195842],[80.5807538,21.2187619],[80.5797618,21.2182016],[80.5785531,21.2179033],[80.577903,21.2174921],[80.5766608,21.2162996],[80.5755054,21.2149354],[80.5748076,21.2134992],[80.5742253,21.2120539],[80.5738066,21.2114622],[80.5726465,21.2099219],[80.5718042,21.2084268],[80.5707213,21.2067466],[80.5697681,21.2058115],[80.5684007,21.204971],[80.5663206,21.2042839],[80.5624445,21.203009],[80.5594688,21.2021047],[80.5559442,21.2012498],[80.5528817,21.2007653],[80.5508399,21.2008412],[80.5508325,21.2008414],[80.5476375,21.2009211],[80.546305,21.200945],[80.5446951,21.2009739],[80.5414397,21.2010898],[80.5394554,21.2015449],[80.5365655,21.2025053],[80.5337172,21.2037815],[80.5336946,21.2037908],[80.530688,21.2049314],[80.5296292,21.2053331],[80.5292745,21.2048828],[80.527921,21.2031644],[80.5267614,21.201687],[80.5265449,21.2015103],[80.52654,21.2015063],[80.5263474,21.2015062],[80.525962,21.2017092],[80.5256249,21.201709],[80.5253505,21.2014966],[80.5236134,21.1995582],[80.5231715,21.1990499],[80.5209814,21.1965309],[80.5198219,21.1951348],[80.5177578,21.1928123],[80.5176472,21.1925412],[80.517345,21.1909424],[80.5165637,21.186006],[80.5161073,21.184547],[80.5149865,21.1830289],[80.5140572,21.1830374],[80.5133878,21.183195],[80.512569,21.1835422],[80.5117886,21.184079],[80.5110803,21.1846566],[80.5103672,21.1852387],[80.5101828,21.1853967],[80.5095192,21.1859652],[80.5092736,21.1860147],[80.508951,21.1859829],[80.5078831,21.1847448],[80.5073102,21.1846269],[80.5063954,21.1845495],[80.5059138,21.1845718],[80.5055959,21.1847116],[80.5053051,21.1849661],[80.5047864,21.18542],[80.5046082,21.1854741],[80.502586,21.1853191],[80.5023068,21.1852105],[80.5020904,21.1849213],[80.5016771,21.1839139],[80.5012684,21.183304],[80.5004455,21.1827253],[80.4994065,21.1823898],[80.4984423,21.1821232],[80.4974836,21.1815188],[80.4962538,21.1804535],[80.4961971,21.1804043],[80.4958262,21.1801652],[80.4955709,21.1800796],[80.4947234,21.180035],[80.4942948,21.1799496],[80.4938132,21.1797512],[80.493606,21.1795978],[80.4934566,21.1794308],[80.4930565,21.1788304],[80.4924971,21.177616],[80.4922078,21.1771466],[80.4920632,21.1770202],[80.4918465,21.17693],[80.4915095,21.1769258],[80.4890637,21.1772391],[80.4884041,21.1772621],[80.4878167,21.1771586],[80.4874266,21.1770324],[80.4867475,21.1767574],[80.4857214,21.1761123],[80.4840594,21.1748128],[80.4830764,21.1738108],[80.482503,21.1731429],[80.48205,21.1725606],[80.4807975,21.1716085],[80.4799258,21.1711575],[80.4792034,21.1708689],[80.4786111,21.1706841],[80.4773688,21.1706216],[80.4769644,21.1706264],[80.476353,21.1707578],[80.4757032,21.170993],[80.475246,21.1713094],[80.4748274,21.1716619],[80.4743843,21.1724225],[80.4741589,21.1728093],[80.4738318,21.1732882],[80.4735624,21.1735684],[80.4733651,21.1736813],[80.47311,21.1737177],[80.4726862,21.1737179],[80.4712803,21.1735425],[80.4702497,21.1732903],[80.469956,21.1732769],[80.4695901,21.1733042],[80.4688921,21.1734536],[80.4686562,21.1735395],[80.468406,21.1737068],[80.4674772,21.1745201],[80.4670281,21.1748728],[80.466919,21.1749585],[80.4667554,21.1750444],[80.4661488,21.1751576],[80.4656721,21.1751805],[80.4642613,21.1750276],[80.4642231,21.1749554],[80.464054,21.1746349],[80.4628241,21.1710498],[80.4618498,21.1679253],[80.4611603,21.1660696],[80.4608128,21.1647601],[80.460864,21.1616938],[80.4610262,21.1589886],[80.4610396,21.1572726],[80.460943,21.1568256],[80.4606295,21.1558096],[80.4596072,21.1528295],[80.4587535,21.1500527],[80.4575868,21.1469327],[80.4563049,21.1443005],[80.4555964,21.1427021],[80.4549314,21.141307],[80.453736,21.1383541],[80.4530805,21.1366429],[80.4521409,21.1347692],[80.4512592,21.1331845],[80.4497993,21.1302904],[80.4490525,21.1290127],[80.4474634,21.1273244],[80.4470974,21.1268911],[80.4467457,21.1261957],[80.4463505,21.1251211],[80.4463533,21.1247427],[80.446355,21.1245069],[80.4462391,21.1237393],[80.4460657,21.1233962],[80.4457863,21.1229085],[80.4455599,21.122615],[80.4452855,21.1223668],[80.4450833,21.1221863],[80.4448904,21.121676],[80.4447698,21.1210664],[80.4447938,21.1209083],[80.4448901,21.120809],[80.4451692,21.1206779],[80.4452101,21.120668],[80.4508911,21.119307],[80.4526022,21.1188087],[80.4545629,21.1183389],[80.4547361,21.1182756],[80.4549477,21.1180181],[80.4577618,21.1154652],[80.4579397,21.1152303],[80.4581176,21.114869],[80.4581941,21.1138708],[80.4580738,21.1138167],[80.4565719,21.1134065],[80.4561532,21.1134021],[80.4552532,21.1133529],[80.4545743,21.1126803],[80.4541118,21.1118722],[80.4539095,21.1116827],[80.4536015,21.1115564],[80.4534138,21.1115474],[80.4532742,21.1115836],[80.4531587,21.111683],[80.45313,21.1117597],[80.4531444,21.1118862],[80.4532119,21.1120578],[80.4528704,21.1124328],[80.4526635,21.1123832],[80.4515372,21.1123385],[80.4511811,21.1123568],[80.450647,21.1124925],[80.4502042,21.1125469],[80.4498625,21.1125244],[80.449357,21.1123124],[80.4492031,21.1122809],[80.4488517,21.1123262],[80.448332,21.112489],[80.4480818,21.1124891],[80.4478026,21.1124215],[80.4472678,21.1111753],[80.4470027,21.1103039],[80.4469495,21.1097755],[80.4471076,21.1083709],[80.4471188,21.1083129],[80.4471379,21.1082133],[80.4472804,21.1074721],[80.4472658,21.1071786],[80.4471887,21.1068309],[80.4466682,21.1052641],[80.4464706,21.1047991],[80.4461721,21.1044785],[80.4434664,21.1021584],[80.4428725,21.1016148],[80.4420414,21.1008539],[80.4406016,21.0988042],[80.4399658,21.0976212],[80.4392484,21.0967319],[80.4391472,21.0965603],[80.439205,21.0964745],[80.439297,21.096399],[80.4395465,21.0961944],[80.4408645,21.0948345],[80.4414656,21.0940485],[80.4416386,21.0936013],[80.4416482,21.0934162],[80.4415999,21.093082],[80.4413637,21.0921202],[80.4412692,21.0918909],[80.4408242,21.0908108],[80.4407663,21.0905985],[80.4407517,21.0902057],[80.440795,21.0899844],[80.440867,21.0898353],[80.4413864,21.0891306],[80.441406,21.0891075],[80.4422041,21.0881638],[80.4431178,21.0871518],[80.4439296,21.0866052],[80.4444936,21.0862255],[80.4454845,21.0855026],[80.4459126,21.0850237],[80.4462922,21.0841248],[80.4463108,21.0826617],[80.4462763,21.0811443],[80.4463964,21.0806746],[80.4465791,21.0802274],[80.4472184,21.0789762],[80.4473145,21.0786509],[80.4473432,21.0782762],[80.4472514,21.077522],[80.4466201,21.0754494],[80.4464754,21.0747857],[80.4464557,21.0739592],[80.4465229,21.0734127],[80.4466574,21.0730378],[80.4469219,21.0726719],[80.4477394,21.0719084],[80.4486341,21.0713299],[80.4488409,21.0711176],[80.4494273,21.0699884],[80.4496243,21.0694464],[80.4496626,21.0691843],[80.4496625,21.0688682],[80.449619,21.068647],[80.4492433,21.0677801],[80.4474234,21.0652745],[80.4471316,21.0646751],[80.4470189,21.0644437],[80.4469706,21.0640464],[80.4471819,21.0632605],[80.4473262,21.0629759],[80.4477395,21.0623616],[80.44843,21.0616463],[80.4487565,21.0613081],[80.4490523,21.0610016],[80.4494178,21.0605408],[80.4495572,21.0602924],[80.4496003,21.0601027],[80.4496146,21.0598092],[80.4495276,21.059046],[80.4493684,21.0582602],[80.4493874,21.0575783],[80.4495027,21.0572576],[80.4497528,21.0570362],[80.4502241,21.0567877],[80.4505187,21.0567165],[80.4514219,21.0564981],[80.4515565,21.0564212],[80.4527325,21.0552568],[80.4534318,21.0545643],[80.4536288,21.0541216],[80.4539314,21.0530647],[80.4540752,21.0521118],[80.4540798,21.0517415],[80.4539978,21.0513712],[80.4537906,21.0507391],[80.4535257,21.0501701],[80.4524135,21.0484591],[80.4519989,21.0467974],[80.451531,21.0442144],[80.4512418,21.0431036],[80.4511984,21.0428417],[80.4511838,21.0424533],[80.4513134,21.0418075],[80.4519331,21.0404614],[80.4525532,21.0394179],[80.452654,21.0391018],[80.4526443,21.0388308],[80.4525575,21.0385328],[80.4524467,21.0383251],[80.4522398,21.0381535],[80.4518453,21.0379641],[80.4512967,21.0376302],[80.4508299,21.0371878],[80.450724,21.0370388],[80.4506373,21.0368401],[80.4504687,21.036235],[80.4502998,21.0351197],[80.450288,21.0347993],[80.4502509,21.033792],[80.4501931,21.033512],[80.4499715,21.0328618],[80.4499268,21.0325559],[80.4498363,21.0319361],[80.4497878,21.0309968],[80.4496865,21.0305859],[80.4494989,21.030324],[80.4492437,21.0300712],[80.4489839,21.0298952],[80.4479276,21.029447],[80.4456451,21.0284786],[80.4448945,21.0280499],[80.4447213,21.0279867],[80.4442114,21.0279192],[80.4429127,21.0279423],[80.4424173,21.0279876],[80.4407965,21.0282863],[80.4403732,21.0282504],[80.4401182,21.0280834],[80.4396995,21.0275958],[80.4392711,21.0269818],[80.4390111,21.0263451],[80.4388472,21.0255278],[80.4388036,21.0245885],[80.4388369,21.0239924],[80.4389666,21.0234775],[80.4392675,21.0225934],[80.4393125,21.0224612],[80.4393123,21.0220773],[80.4392304,21.021838],[80.4391005,21.0217297],[80.4389177,21.021644],[80.4386792,21.0215668],[80.4380951,21.0213778],[80.4369551,21.0209627],[80.4362286,21.0205656],[80.4358053,21.0202316],[80.4348427,21.0188817],[80.4347755,21.0187679],[80.4339411,21.0173562],[80.4338708,21.0172372],[80.4329561,21.0156894],[80.4327395,21.0154456],[80.4323594,21.0151026],[80.43158,21.0145157],[80.4308295,21.0138928],[80.4299432,21.0128495],[80.4297517,21.0126241],[80.4290493,21.0118476],[80.4288761,21.0116941],[80.4286356,21.0115722],[80.4283566,21.011482],[80.4279959,21.0114324],[80.4276111,21.0114326],[80.4269522,21.0115412],[80.4258172,21.0118576],[80.4254325,21.011668],[80.4250957,21.0113791],[80.4250765,21.011348],[80.4244846,21.0103903],[80.4242294,21.0097311],[80.4241716,21.0092614],[80.4241859,21.008864],[80.4242627,21.0085027],[80.4248009,21.0072515],[80.4254084,21.0063401],[80.425806,21.0059663],[80.4280179,21.0046578],[80.4309258,21.0033023],[80.4312508,21.0031713],[80.4338833,21.0021103],[80.4351756,21.0014792],[80.4371628,21.0001218],[80.4375762,20.9998056],[80.4382926,20.9992137],[80.4387781,20.99878],[80.4426719,20.9954998],[80.4435995,20.9943388],[80.4437725,20.9940407],[80.4438205,20.9938149],[80.4438202,20.993291],[80.44355,20.991286],[80.4435062,20.9900802],[80.4435049,20.9873029],[80.4434809,20.9872486],[80.4431874,20.9869191],[80.4429179,20.9865354],[80.4428794,20.9864451],[80.4430187,20.9862417],[80.4447537,20.9841095],[80.445051,20.9824203],[80.4448632,20.9815985],[80.4450181,20.9810705],[80.4452729,20.980566],[80.4453584,20.9803966],[80.4454395,20.9801756],[80.4455307,20.9797738],[80.445545,20.9794757],[80.4453475,20.9788976],[80.4450732,20.9784371],[80.4444478,20.9777826],[80.4438427,20.9769853],[80.4442162,20.9760756],[80.4447107,20.9743909],[80.4447671,20.9740605],[80.4451234,20.9719747],[80.4453532,20.9706287],[80.4460591,20.9686233],[80.4464145,20.9679458],[80.4468087,20.9675481],[80.4469575,20.9673494],[80.4470728,20.9670919],[80.4472455,20.9663603],[80.4474712,20.9655517],[80.4475625,20.9654931],[80.4479519,20.965389],[80.448471,20.9651223],[80.4489853,20.964815],[80.4491054,20.9646162],[80.4494751,20.9634961],[80.450195,20.9609262],[80.4503573,20.9602203],[80.4503965,20.9600499],[80.4505694,20.9597834],[80.4508761,20.9593687],[80.4514247,20.9586269],[80.4515928,20.9583559],[80.4517849,20.9579493],[80.4519576,20.9571589],[80.4521109,20.9562149],[80.4523364,20.955393],[80.4524269,20.9552791],[80.452692,20.9549457],[80.4527072,20.9549315],[80.4528572,20.9547917],[80.4537587,20.9539517],[80.4546956,20.9527951],[80.4547158,20.9525507],[80.4547243,20.9524473],[80.4544933,20.9519959],[80.4538963,20.9505419],[80.453824,20.9500272],[80.4538382,20.9496388],[80.4540971,20.9483335],[80.454337,20.9474256],[80.4547164,20.9465945],[80.4551438,20.9458627],[80.4561672,20.9447467],[80.45696,20.9440283],[80.4570561,20.9439741],[80.4573445,20.9438926],[80.4575656,20.943739],[80.4576857,20.9436125],[80.4578442,20.943355],[80.4580074,20.9428627],[80.4583904,20.9422245],[80.4584684,20.9420946],[80.4588047,20.9416113],[80.4593235,20.9411233],[80.4597801,20.9407753],[80.4600011,20.9406623],[80.4607845,20.9404451],[80.4613229,20.9402236],[80.4615775,20.9400428],[80.4617457,20.9398395],[80.4618561,20.9395865],[80.4620096,20.9391168],[80.4622348,20.9379154],[80.4623258,20.9372199],[80.4623589,20.9363889],[80.4623056,20.9356845],[80.4619975,20.9346955],[80.4618047,20.9337608],[80.4617515,20.9333228],[80.4618139,20.9331286],[80.4627644,20.9309784],[80.4636334,20.9292483],[80.4636959,20.9291986],[80.4660895,20.9289264],[80.4668009,20.9288717],[80.4676133,20.9288758],[80.4679546,20.9289027],[80.4691757,20.9291234],[80.4698679,20.9292224],[80.471084,20.9292352],[80.4721511,20.929203],[80.4726618,20.929139],[80.4734346,20.9289714],[80.4744995,20.9286996],[80.4749714,20.9285627],[80.4754674,20.9284966],[80.4764672,20.9284824],[80.4784093,20.9287026],[80.4801544,20.9289724],[80.4807553,20.9290895],[80.4811192,20.9291019],[80.4815058,20.9290956],[80.4817764,20.9290806],[80.4835864,20.9289296],[80.4841055,20.9289157],[80.4845286,20.9289968],[80.4851297,20.9292402],[80.4858364,20.9294881],[80.4863797,20.9296233],[80.4867066,20.9296818],[80.4885428,20.9295631],[80.4899751,20.9294402],[80.4924938,20.9293257],[80.4929457,20.9293299],[80.4960173,20.9298847],[80.4978204,20.9303927],[80.4993179,20.9306362],[80.5006157,20.9307184],[80.5025387,20.9311749],[80.5032686,20.9313481],[80.5039945,20.9312674],[80.5052926,20.9309431],[80.5055065,20.9308806],[80.5064177,20.9306142],[80.5091578,20.9302909],[80.5116096,20.9300216],[80.5132718,20.9300755],[80.5138576,20.9300464],[80.5140675,20.930036],[80.5145633,20.929954],[80.5149648,20.929903],[80.5163012,20.9298485],[80.5182913,20.9298769],[80.51907,20.9298231],[80.5206033,20.9299866],[80.5219295,20.9306378],[80.5232128,20.930896],[80.5247895,20.9309777],[80.524799,20.9309782],[80.5257506,20.9313039],[80.5267307,20.9319548],[80.5277976,20.9324973],[80.5293595,20.9330718],[80.5312241,20.9336915],[80.5328101,20.9342072],[80.5344828,20.9345874],[80.534829,20.9343708],[80.5353485,20.933775],[80.5355817,20.9334467],[80.5356371,20.9333686],[80.5360701,20.9330166],[80.5364162,20.9328542],[80.5384401,20.9326385],[80.539017,20.9325846],[80.5403579,20.9328426],[80.5423766,20.9333043],[80.5433859,20.9335758],[80.5446546,20.934308],[80.5454363,20.9347008],[80.5460578,20.9350131],[80.5461301,20.934846],[80.5461364,20.9346928],[80.5461398,20.9346113],[80.5460583,20.9343087],[80.5461453,20.9333784],[80.546227,20.9332564],[80.5462511,20.9331481],[80.5463861,20.9323307],[80.5463862,20.9322449],[80.5462757,20.9319919],[80.5461124,20.9318564],[80.5457567,20.931784],[80.5453433,20.9318334],[80.5450549,20.9318153],[80.5447041,20.9316345],[80.5446175,20.9315621],[80.5445359,20.9314582],[80.5444784,20.9312911],[80.544493,20.9308666],[80.5445316,20.9305912],[80.5445029,20.9303022],[80.5444453,20.9301982],[80.5443059,20.9300942],[80.5441906,20.9300942],[80.5435366,20.9304416],[80.5433635,20.9304461],[80.5422147,20.9303688],[80.5421042,20.9303236],[80.5420274,20.9302151],[80.5420467,20.9299668],[80.5424223,20.9287701],[80.5424133,20.927727],[80.5424236,20.9263992],[80.5425007,20.9261508],[80.5427567,20.9257858],[80.542772,20.9257639],[80.5428711,20.9256227],[80.5429384,20.9254736],[80.5429385,20.9253472],[80.5428473,20.925171],[80.5427464,20.9250626],[80.5425841,20.9249963],[80.5422706,20.9248682],[80.5420312,20.9247215],[80.5419535,20.9246739],[80.5418191,20.9244615],[80.5417664,20.9241905],[80.5417761,20.9239151],[80.5418292,20.9236034],[80.5420169,20.9231113],[80.5421949,20.9227998],[80.5428394,20.9219692],[80.5428923,20.9218698],[80.5429068,20.9217659],[80.5428349,20.9214182],[80.5428495,20.9210298],[80.5428607,20.9210013],[80.542965,20.9207363],[80.5434508,20.9200952],[80.5438406,20.919736],[80.5439846,20.9196032],[80.5444752,20.9189983],[80.5446339,20.9187816],[80.5453605,20.9175039],[80.5456251,20.9170072],[80.5463614,20.9152102],[80.5470012,20.9139053],[80.5477517,20.9125192],[80.5480981,20.911842],[80.5485026,20.9104873],[80.548907,20.9091823],[80.5496469,20.9069087],[80.5496579,20.9068749],[80.5500911,20.905466],[80.5513157,20.9012542],[80.5515968,20.9002875],[80.5517519,20.8997539],[80.5521708,20.8982999],[80.5523586,20.8976079],[80.5525752,20.8968098],[80.5536434,20.8940689],[80.5543792,20.8927776],[80.5551008,20.8913688],[80.5557355,20.8903937],[80.5561158,20.889197],[80.5561882,20.888208],[80.5561023,20.8869841],[80.5559011,20.8854938],[80.555527,20.8838903],[80.5552606,20.8834092],[80.5549941,20.8829281],[80.5549078,20.8825172],[80.5547642,20.8812978],[80.5549665,20.8802411],[80.5557745,20.8788549],[80.5556297,20.8784671],[80.5552417,20.8774276],[80.5549539,20.8762895],[80.5549539,20.8762895],[80.5549541,20.875883],[80.5546952,20.8744694],[80.5544937,20.8739545],[80.5541914,20.8730465],[80.5539326,20.8715787],[80.5540198,20.870111],[80.5540645,20.8699165],[80.5543376,20.8687292],[80.5547274,20.8673565],[80.5549587,20.8658392],[80.5554206,20.8644258],[80.5558538,20.8629086],[80.5562724,20.8615358],[80.5565321,20.8608856],[80.5565716,20.8590781],[80.5566361,20.8539262],[80.5562333,20.8524855],[80.5557583,20.8510311],[80.5554418,20.8495948],[80.5551543,20.8480185],[80.5550397,20.8465824],[80.5553145,20.8442883],[80.555632,20.8433401],[80.5558343,20.8422517],[80.5559503,20.8408427],[80.5559076,20.839524],[80.5565424,20.8378442],[80.5579272,20.8352661],[80.5593547,20.8333518],[80.5606284,20.8317535],[80.5612342,20.830584],[80.5613934,20.8289132],[80.5617117,20.8258739],[80.5618132,20.8243655],[80.5617271,20.8233629],[80.5612951,20.8226582],[80.5601437,20.8191262],[80.5596978,20.8174551],[80.5595827,20.8171298],[80.5590066,20.8163438],[80.5586044,20.8133314],[80.5587346,20.8120985],[80.5585908,20.8115791],[80.5577557,20.810251],[80.5565747,20.8089454],[80.5555618,20.8076714],[80.5550867,20.8068177],[80.5546548,20.8060272],[80.554612,20.8058138],[80.5544536,20.8050245],[80.5541946,20.8041031],[80.5539067,20.8035836],[80.5532393,20.802933],[80.5520151,20.8018622],[80.5516983,20.8016407],[80.5513815,20.8012342],[80.5511802,20.8004754],[80.5508877,20.799283],[80.5505421,20.798899],[80.5501965,20.7986278],[80.5499949,20.7982484],[80.5498303,20.7978787],[80.5493473,20.7967939],[80.5491748,20.7960622],[80.5492328,20.7952764],[80.5495217,20.7937545],[80.5498393,20.7923457],[80.5506339,20.7880421],[80.5508072,20.7872835],[80.5512544,20.785965],[80.551341,20.7857482],[80.5513989,20.7850979],[80.5513081,20.7842409],[80.5512554,20.783743],[80.5513132,20.783472],[80.5516692,20.7822258],[80.5516952,20.7821921],[80.5518998,20.7819277],[80.5521162,20.7813859],[80.5521885,20.7808711],[80.55216,20.7801484],[80.5521075,20.7793536],[80.5520212,20.7791639],[80.5519061,20.7788929],[80.5516617,20.7777818],[80.5512209,20.7756861],[80.5511348,20.7751125],[80.5511253,20.7747919],[80.5512455,20.7744803],[80.5515918,20.7733423],[80.5517361,20.772814],[80.5517398,20.7727823],[80.5518374,20.7719289],[80.552107,20.7705245],[80.5522835,20.769625],[80.5523524,20.7692736],[80.55242,20.7685872],[80.5523923,20.7662252],[80.5522677,20.7656742],[80.5518072,20.7647527],[80.5516778,20.7644139],[80.5516722,20.7642664],[80.5516635,20.7640345],[80.5517094,20.7638611],[80.5518655,20.7632714],[80.5523656,20.7618806],[80.553644,20.7591444],[80.5541774,20.7582775],[80.5554842,20.7564082],[80.5557293,20.7559477],[80.5562338,20.7551079],[80.5568824,20.7541552],[80.5577549,20.7528161],[80.5583622,20.7518842],[80.5591525,20.7510353],[80.5595341,20.7506829],[80.5613199,20.7491148],[80.5624429,20.7478899],[80.5627599,20.7473246],[80.5628246,20.7469757],[80.5628775,20.7465513],[80.5627774,20.744677],[80.5627349,20.7430962],[80.5626688,20.7403233],[80.5625684,20.7393975],[80.5625684,20.739271],[80.5625688,20.7384581],[80.5626359,20.7373009],[80.562662,20.7368497],[80.5626751,20.7366245],[80.5626998,20.7349219],[80.5627912,20.7344523],[80.5628585,20.7341317],[80.5628585,20.7341272],[80.5628442,20.7340007],[80.5626142,20.7331696],[80.5623552,20.7322573],[80.5622162,20.7319546],[80.5620339,20.7317062],[80.5612662,20.730604],[80.5605083,20.7291675],[80.5602732,20.7288512],[80.5601054,20.7285712],[80.5600429,20.7283996],[80.5600335,20.7282867],[80.5600334,20.7281647],[80.5600767,20.7280428],[80.5601584,20.7279344],[80.5602612,20.7278742],[80.5605428,20.726932],[80.5600825,20.7258028],[80.5603421,20.7247822],[80.5608994,20.7238656],[80.5611348,20.7232109],[80.5612888,20.7223619],[80.5616781,20.721391],[80.5622994,20.7208563],[80.5623599,20.7208357],[80.5625184,20.720732],[80.5626529,20.7205604],[80.562673,20.720525],[80.5628834,20.720154],[80.5630467,20.719847],[80.5631116,20.7196957],[80.5633927,20.7189258],[80.5634264,20.7188174],[80.5634264,20.7186909],[80.5634073,20.7185283],[80.5633641,20.71842],[80.5632874,20.7182889],[80.5630763,20.7179773],[80.5631556,20.7171372],[80.5639121,20.7164465],[80.5643109,20.7154667],[80.5643736,20.7146854],[80.564571,20.7137789],[80.564806,20.7136062],[80.5648685,20.713552],[80.5649501,20.7134527],[80.5649664,20.7134221],[80.5649838,20.7133895],[80.5650078,20.713281],[80.5650011,20.7131535],[80.5649983,20.7131004],[80.5649216,20.712703],[80.5648689,20.7124817],[80.564845,20.7123281],[80.5648402,20.7121745],[80.5648547,20.712012],[80.5651095,20.7109372],[80.5651527,20.7107882],[80.5652248,20.7106301],[80.5653833,20.7104179],[80.5660412,20.709524],[80.5665167,20.7087157],[80.5668671,20.7080335],[80.5668818,20.7079888],[80.5669538,20.7077765],[80.5670211,20.7076591],[80.5671316,20.7075146],[80.56729,20.7073701],[80.5672909,20.7073696],[80.5674244,20.7072888],[80.5674277,20.7072876],[80.5676453,20.7072031],[80.5687781,20.7068468],[80.5703431,20.7063234],[80.5708471,20.7061429],[80.571164,20.7059352],[80.571954,20.7053784],[80.5729067,20.7049286],[80.5741883,20.7043961],[80.5748508,20.7040531],[80.5756622,20.7034798],[80.5770641,20.7021388],[80.5793494,20.699809],[80.5806601,20.6985945],[80.5818027,20.6974116],[80.5826573,20.6961382],[80.5835024,20.6946978],[80.583987,20.6936648],[80.5851254,20.6915277],[80.5859994,20.6898253],[80.58602,20.6897829],[80.5866572,20.6884751],[80.5867398,20.6882449],[80.5871614,20.6870707],[80.5874928,20.6860365],[80.5876515,20.6846997],[80.5876517,20.6840675],[80.5874983,20.6832907],[80.5872441,20.6824099],[80.5870379,20.681886],[80.5867741,20.6815111],[80.586112,20.6807974],[80.5856994,20.6803231],[80.585354,20.6797766],[80.5851759,20.679411],[80.5844715,20.6779653],[80.5836848,20.6766193],[80.5817995,20.6746723],[80.5806625,20.6734255],[80.5803698,20.6731094],[80.5801252,20.6729196],[80.5797893,20.6728112],[80.5764015,20.6723902],[80.5734436,20.6725404],[80.5733927,20.6725429],[80.5719098,20.6725696],[80.5672313,20.6720306],[80.5658637,20.6717637],[80.565024,20.6716415],[80.5638004,20.6716185],[80.5630469,20.6716047],[80.5614923,20.6712293],[80.5594674,20.6709078],[80.5582584,20.6705822],[80.5569676,20.670234],[80.5554179,20.6697727],[80.5542856,20.66928],[80.553235,20.6686654],[80.5524675,20.6680915],[80.551537,20.6671652],[80.5506162,20.6660855],[80.5500934,20.6653488],[80.549475,20.6644772],[80.5491264,20.6637939],[80.5486984,20.6629549],[80.5480366,20.6621824],[80.5475905,20.6617712],[80.5462427,20.6608673],[80.544909,20.660284],[80.5436809,20.6598589],[80.5431407,20.6597325],[80.5430236,20.6597051],[80.5423279,20.6596461],[80.5416993,20.6596548],[80.5408979,20.659686],[80.5392136,20.6599562],[80.5377212,20.6601632],[80.5366607,20.660271],[80.5359649,20.6603294],[80.534511,20.6603738],[80.5331675,20.660337],[80.5331383,20.6603342],[80.5321982,20.6602461],[80.5313682,20.6601644],[80.5307829,20.6601054],[80.529454,20.6596621],[80.5282451,20.6591194],[80.526475,20.65845],[80.5251942,20.6579661],[80.5241243,20.65769],[80.5227906,20.6574905],[80.5218166,20.657386],[80.5212936,20.6572773],[80.5207276,20.6570286],[80.5205609,20.6569269],[80.5199794,20.656572],[80.5179268,20.6550623],[80.5166033,20.6539821],[80.5150449,20.6526217],[80.5131715,20.6509622],[80.5126773,20.6505535],[80.5123482,20.6502813],[80.5120576,20.650041],[80.5111849,20.6491689],[80.5107966,20.6488118],[80.5086815,20.6477085],[80.5076121,20.646958],[80.5058526,20.645349],[80.5050759,20.6445853],[80.5026018,20.6425332],[80.5002524,20.6407791],[80.4984544,20.639423],[80.4956501,20.6368484],[80.4942023,20.6266707],[80.4941495,20.6125042],[80.4967497,20.6023961],[80.4984637,20.5989031],[80.4994524,20.5980774],[80.5005323,20.5971298],[80.5015212,20.5962001],[80.5019388,20.5956946],[80.5021549,20.5954057],[80.5022077,20.5953289],[80.5024576,20.59476],[80.502842,20.5938209],[80.5029672,20.5932023],[80.5030829,20.592525],[80.503488,20.5896574],[80.5037243,20.5879776],[80.5039268,20.5867357],[80.5040906,20.5857919],[80.5042043,20.5850085],[80.5043076,20.5842971],[80.5043099,20.5842729],[80.5043608,20.5837465],[80.5043801,20.5835475],[80.5044138,20.5833534],[80.5044522,20.5833218],[80.5045769,20.5832767],[80.5054018,20.5832908],[80.507277,20.5833553],[80.5089891,20.5833881],[80.5098237,20.5832802],[80.5108213,20.5831499],[80.512751,20.5827766],[80.5133204,20.5827044],[80.5141214,20.5825514],[80.5169802,20.5819751],[80.5174023,20.5818263],[80.5188174,20.5812898],[80.5193033,20.5810817],[80.5201655,20.5807125],[80.5207363,20.5805187],[80.5209282,20.5804781],[80.521542,20.5804469],[80.5226498,20.5805107],[80.5254505,20.5807021],[80.5257562,20.5807715],[80.5259491,20.5808153],[80.5267882,20.5812087],[80.5282314,20.5818508],[80.528682,20.5820453],[80.5291136,20.5821403],[80.5299097,20.5822356],[80.5302741,20.5823216],[80.5306673,20.5824618],[80.5313624,20.5828145],[80.5323932,20.5834563],[80.5329301,20.5837411],[80.5334433,20.583922],[80.5361334,20.5845241],[80.5370973,20.5846646],[80.5379558,20.5848005],[80.5385648,20.5849092],[80.5388381,20.5849952],[80.539212,20.585176],[80.5395668,20.5855058],[80.5403721,20.5863734],[80.5414506,20.5874442],[80.5418881,20.5878679],[80.5425099,20.58847],[80.5428072,20.588723],[80.5432146,20.5890439],[80.543977,20.5896042],[80.5449719,20.5901824],[80.5473863,20.5909245],[80.5494435,20.5915758],[80.5521482,20.5923673],[80.5526698,20.5924566],[80.5528335,20.5924847],[80.5538185,20.5926562],[80.5548675,20.5928426],[80.5552894,20.593037],[80.5578309,20.5943432],[80.5579747,20.5944561],[80.5586747,20.5951655],[80.559854,20.5966066],[80.5604339,20.5974649],[80.5607118,20.598287],[80.5610089,20.59896],[80.5612199,20.5991634],[80.5616954,20.5995731],[80.5619487,20.5997914],[80.5624377,20.6002973],[80.5634873,20.6021223],[80.5641968,20.6033781],[80.5642361,20.6034413],[80.5642783,20.6035091],[80.5643933,20.6036175],[80.5645612,20.6036807],[80.5654917,20.603785],[80.5662159,20.6039523],[80.5662832,20.6039679],[80.5673634,20.6042405],[80.5680576,20.6045265],[80.5691846,20.6050914],[80.5709351,20.6058417],[80.57223,20.606366],[80.5753331,20.6073062],[80.5766857,20.607573],[80.5788249,20.6079575],[80.5804941,20.6083103],[80.5807674,20.6083645],[80.5817939,20.6083602],[80.5829468,20.6081725],[80.5854777,20.6077813],[80.5866915,20.6076117],[80.5871233,20.6076028],[80.587531,20.6076028],[80.5880107,20.6076752],[80.5883703,20.6077521],[80.5907399,20.6082629],[80.5932149,20.6087873],[80.5951143,20.6089862],[80.5976805,20.6091493],[80.5983869,20.609118],[80.5994121,20.6090727],[80.6014077,20.608793],[80.6028515,20.6084003],[80.6039787,20.6079714],[80.6045017,20.6076982],[80.6050245,20.6074251],[80.6058113,20.6067839],[80.6065452,20.6060433],[80.6072408,20.605253],[80.6084737,20.6037084],[80.6093132,20.6029182],[80.610359,20.6019654],[80.6115773,20.600859],[80.6118843,20.6006783],[80.6123064,20.6005067],[80.6130451,20.6004662],[80.6138029,20.6004888],[80.6148149,20.6005204],[80.6151363,20.6005702],[80.6160717,20.6006244],[80.6171701,20.6006335],[80.6177264,20.6005929],[80.6182013,20.6004845],[80.6208298,20.5998072],[80.621295,20.5996807],[80.6219906,20.5995271],[80.6223982,20.5994639],[80.6229306,20.5994955],[80.6241202,20.5996356],[80.6264848,20.599893],[80.6280964,20.6001052],[80.628293,20.6000917],[80.6286336,20.5999833],[80.6289547,20.5998291],[80.6291228,20.5997484],[80.6298711,20.5993736],[80.6310317,20.5987954],[80.6317177,20.5985018],[80.6317704,20.5984702],[80.6318519,20.598416],[80.6318616,20.5984024],[80.6318663,20.5983889],[80.6318615,20.5983664],[80.631852,20.5983392],[80.6317943,20.5982941],[80.6303698,20.5974541],[80.6297655,20.5971515],[80.6290508,20.5969032],[80.6287966,20.5967812],[80.6283217,20.5964515],[80.6275063,20.5956612],[80.6270507,20.5950877],[80.6265662,20.5944192],[80.6258372,20.5935973],[80.625348,20.5930914],[80.6248923,20.5927257],[80.6242017,20.5921882],[80.6240578,20.5920482],[80.6237125,20.5916192],[80.6235925,20.5913889],[80.623487,20.5909418],[80.6234535,20.5903185],[80.6234439,20.5900611],[80.6234199,20.5897991],[80.6234007,20.5896817],[80.6233576,20.5895281],[80.6233049,20.5893565],[80.6232281,20.5892301],[80.6230842,20.5891352],[80.6228061,20.5889906],[80.6222353,20.5888235],[80.6212857,20.5886203],[80.6199716,20.588119],[80.6193384,20.5878164],[80.6189117,20.5875048],[80.6184368,20.5870982],[80.6180005,20.5866872],[80.617612,20.5861995],[80.6174345,20.5859285],[80.6173483,20.5857524],[80.6173194,20.5855401],[80.6173386,20.5852104],[80.6174154,20.5848356],[80.6175353,20.584524],[80.617708,20.5843162],[80.6183554,20.5837156],[80.6186336,20.5834717],[80.6187775,20.5833904],[80.6190509,20.5833317],[80.6197703,20.5833046],[80.6199765,20.5833182],[80.6202211,20.5832821],[80.6206,20.5831466],[80.6217318,20.5825279],[80.6225855,20.5816743],[80.6228589,20.581173],[80.6230891,20.5805859],[80.623209,20.5803736],[80.6246765,20.5790323],[80.6250842,20.5786891],[80.6253287,20.5784632],[80.6254534,20.5783232],[80.6255542,20.5781335],[80.6256356,20.5778897],[80.6256165,20.577709],[80.6255013,20.5773703],[80.6251753,20.5768464],[80.6247915,20.5764399],[80.6239476,20.5758348],[80.623022,20.575365],[80.6223698,20.5751347],[80.6219957,20.5750624],[80.6216696,20.5749676],[80.6214826,20.5748637],[80.6213195,20.5747237],[80.621075,20.5744256],[80.620955,20.5742044],[80.6209263,20.5739063],[80.6210174,20.5735405],[80.6211229,20.5731746],[80.621262,20.5728946],[80.6214443,20.5725695],[80.6214875,20.5724249],[80.6215114,20.5719372],[80.6214634,20.57163],[80.6213771,20.5713455],[80.6211998,20.5710023],[80.621051,20.5705417],[80.6209695,20.5702571],[80.6209552,20.5700629],[80.6209744,20.5698913],[80.6210511,20.5697648],[80.6211901,20.569679],[80.6214012,20.5695661],[80.6216553,20.5694668],[80.6220102,20.5694216],[80.6223075,20.5694578],[80.6227487,20.5695752],[80.6231755,20.5697151],[80.6234201,20.5697604],[80.6235495,20.5697694],[80.6237557,20.5697242],[80.6251368,20.5690648],[80.6253958,20.5689023],[80.6256787,20.5686539],[80.6258658,20.5684551],[80.6260864,20.5679674],[80.6262014,20.5676467],[80.6262733,20.5674029],[80.6262254,20.567019],[80.6260575,20.5662647],[80.6258945,20.5655285],[80.6258993,20.5653524],[80.6259377,20.5651221],[80.6260096,20.5648105],[80.6262446,20.5645034],[80.6265083,20.5641511],[80.6265611,20.5640382],[80.626585,20.5638124],[80.6265419,20.5635234],[80.6264747,20.563284],[80.6259137,20.5616265],[80.6258801,20.5615407],[80.6257698,20.5613194],[80.6256739,20.5612065],[80.6255156,20.5610529],[80.624993,20.5606103],[80.6246908,20.5603123],[80.6242833,20.5597342],[80.6241538,20.5593367],[80.6240627,20.5590342],[80.6240243,20.5587451],[80.6240435,20.558429],[80.6240723,20.5582529],[80.6241921,20.5578103],[80.6243072,20.5574083],[80.624384,20.5570831],[80.6244415,20.556758],[80.6244655,20.5564508],[80.6243984,20.5560173],[80.6243072,20.5557734],[80.6241682,20.5556289],[80.6240003,20.5554572],[80.623727,20.5553624],[80.6234106,20.5553443],[80.6230461,20.5553624],[80.6226098,20.5554076],[80.6217083,20.5555657],[80.6208836,20.5556379],[80.620126,20.5556875],[80.619378,20.5556514],[80.6191909,20.5556153],[80.6188361,20.5555024],[80.6184333,20.55529],[80.618299,20.5551726],[80.6181313,20.554992],[80.617997,20.5547436],[80.6179011,20.5544997],[80.6178148,20.5540481],[80.6177908,20.5537996],[80.6178052,20.5535603],[80.6178509,20.5532383],[80.6178724,20.553086],[80.6178772,20.5526525],[80.6178245,20.5523363],[80.6177382,20.5521196],[80.6175991,20.551966],[80.6174361,20.551826],[80.6165874,20.5512208],[80.6160792,20.550882],[80.6157675,20.5506653],[80.6154895,20.5503717],[80.6153743,20.5502],[80.615269,20.5498974],[80.6152257,20.5495858],[80.615269,20.549351],[80.615305,20.5491741],[80.6153169,20.5491161],[80.6153889,20.5488723],[80.6156909,20.5484116],[80.616041,20.5480639],[80.6166164,20.547671],[80.6174794,20.5472329],[80.6176329,20.547102],[80.6178247,20.5468852],[80.6179685,20.5465781],[80.6180501,20.5461987],[80.618074,20.546009],[80.6180693,20.5455483],[80.6180022,20.5448393],[80.617935,20.5444645],[80.6178728,20.5439044],[80.617844,20.5433851],[80.6178729,20.5429335],[80.6180263,20.5424638],[80.6184051,20.541827],[80.618688,20.5408831],[80.6187599,20.5404991],[80.6187695,20.5402192],[80.6188319,20.5396862],[80.6189518,20.5393837],[80.6194265,20.5385933],[80.6197381,20.538101],[80.6200354,20.5376223],[80.6201073,20.5373152],[80.6201121,20.5369629],[80.6199922,20.5361048],[80.6199491,20.5351925],[80.6199827,20.5348628],[80.6200498,20.5346596],[80.62028,20.5342848],[80.6202875,20.5342745],[80.6205485,20.533919],[80.6208985,20.5334718],[80.6211046,20.5332144],[80.6212629,20.5329344],[80.6213156,20.5327989],[80.6213108,20.5326905],[80.6212629,20.5325596],[80.6209465,20.5320402],[80.62063,20.5316292],[80.6205226,20.531516],[80.6204671,20.5314576],[80.6202609,20.5313086],[80.6201554,20.5311956],[80.6200452,20.5310421],[80.6199589,20.5309111],[80.6199013,20.5307756],[80.6198534,20.5305363],[80.6199013,20.5301297],[80.6200165,20.5297188],[80.6200739,20.5294207],[80.6200836,20.5289465],[80.6199494,20.528251],[80.6198535,20.5280297],[80.6196234,20.5278264],[80.619307,20.5275645],[80.6190289,20.5272799],[80.6188227,20.5269999],[80.6183578,20.5263631],[80.6181899,20.5261238],[80.6180318,20.525785],[80.6179646,20.5255547],[80.6179551,20.5254508],[80.6179791,20.5253695],[80.6180414,20.5252972],[80.6181133,20.5252792],[80.6182859,20.5252882],[80.6185112,20.5253695],[80.6191441,20.5257398],[80.619772,20.5261193],[80.6202226,20.5262819],[80.6204385,20.5262999],[80.6205651,20.5262568],[80.6206638,20.5262232],[80.6207836,20.5261147],[80.6208559,20.5259559],[80.6208843,20.5258935],[80.6208843,20.5257264],[80.6208268,20.5254148],[80.6208171,20.5253942],[80.6206398,20.5250173],[80.620261,20.5246605],[80.6200933,20.5244031],[80.6200118,20.524254],[80.6199783,20.5241412],[80.6199974,20.5239063],[80.6200742,20.5236895],[80.6202563,20.5233734],[80.6203187,20.5231431],[80.6203714,20.5228043],[80.6202947,20.5224294],[80.6201653,20.522172],[80.6198968,20.5218243],[80.6191001,20.5212261],[80.6189932,20.5213184],[80.61866,20.5211784],[80.6182765,20.5209616],[80.6181662,20.5208171],[80.6180752,20.5206003],[80.6180608,20.5202977],[80.6181375,20.5200087],[80.6183341,20.5196654],[80.6187415,20.5191957],[80.6189501,20.518978],[80.6182047,20.5183557],[80.6180513,20.5173621],[80.6174809,20.5157994],[80.6173227,20.5151716],[80.6173227,20.5149413],[80.6173611,20.5147742],[80.6174522,20.5146252],[80.6175912,20.5145438],[80.6177878,20.5145439],[80.6180298,20.5145507],[80.618109,20.5145529],[80.6185212,20.5146161],[80.6186458,20.5146027],[80.6187513,20.5145439],[80.618804,20.5144807],[80.618852,20.5143362],[80.618828,20.5141556],[80.6184829,20.5128096],[80.6184926,20.5124664],[80.6184447,20.5119471],[80.6183775,20.5116444],[80.6182769,20.5114863],[80.6181331,20.5114366],[80.6179029,20.511387],[80.6174763,20.5113057],[80.6173229,20.5112063],[80.6172462,20.5110257],[80.6172223,20.5106598],[80.6172463,20.5103211],[80.61751,20.5090655],[80.617649,20.5088172],[80.6178647,20.5086005],[80.6181955,20.5084153],[80.6187515,20.5078282],[80.6191255,20.5066494],[80.619295,20.505854],[80.6188585,20.5047681],[80.6183488,20.5034565],[80.6176078,20.5023647],[80.616797,20.5007784],[80.6167846,20.5005103],[80.6164943,20.4988557],[80.6163026,20.4978621],[80.616063,20.4969318],[80.6159144,20.4965072],[80.6154639,20.4952968],[80.6150566,20.4940322],[80.6148409,20.4932464],[80.6147116,20.4925599],[80.6146924,20.4922121],[80.6147548,20.4912456],[80.6150328,20.490636],[80.6158285,20.489394],[80.6163462,20.4883598],[80.6163031,20.4878765],[80.615637,20.4852706],[80.6153591,20.4843086],[80.6152968,20.4838028],[80.6151675,20.4823304],[80.6150813,20.4810749],[80.6148897,20.4797109],[80.6148511,20.4783487],[80.6146312,20.4757907],[80.6142239,20.4737358],[80.6138166,20.4725209],[80.6134956,20.4714911],[80.6134094,20.4710485],[80.6133472,20.469662],[80.6131939,20.4688942],[80.6128297,20.4681038],[80.6126381,20.4672954],[80.6127484,20.4661211],[80.612787,20.4632036],[80.6125954,20.46193],[80.6123175,20.4613022],[80.6116514,20.4605118],[80.6104295,20.4597032],[80.6095718,20.4590077],[80.6090543,20.4585018],[80.6071282,20.4564196],[80.6061843,20.4552452],[80.6049816,20.454125],[80.603803,20.4530319],[80.6030939,20.4521828],[80.6024519,20.4511936],[80.6023226,20.4507916],[80.6021742,20.4499606],[80.6020833,20.4486734],[80.6021266,20.4476663],[80.6021506,20.4471785],[80.6023424,20.4466727],[80.6026635,20.4462076],[80.6029846,20.4459683],[80.6034439,20.4457158],[80.6036874,20.4455594],[80.6041682,20.4452367],[80.6050451,20.444582],[80.6060131,20.4442208],[80.6069009,20.4441765],[80.6072781,20.4441577],[80.6077045,20.4440584],[80.6080496,20.4438777],[80.6084761,20.4432906],[80.6086486,20.44297],[80.6092285,20.442121],[80.6096789,20.4416558],[80.6103833,20.4412539],[80.6109631,20.4408701],[80.6120125,20.4398179],[80.6128894,20.4387114],[80.6135364,20.4373565],[80.613661,20.4368101],[80.6137713,20.4360242],[80.613642,20.434981],[80.6133833,20.4341951],[80.6131054,20.4338112],[80.6124826,20.433224],[80.6120323,20.4328582],[80.6116682,20.4324742],[80.6113903,20.4318916],[80.6109401,20.4304554],[80.6108107,20.4299992],[80.6104898,20.4289062],[80.6103174,20.4285223],[80.6096947,20.4273299],[80.609115,20.4263363],[80.6086887,20.4252568],[80.6084179,20.4245772],[80.6083469,20.4244481],[80.6081331,20.4241458],[80.6075534,20.4237031],[80.6064612,20.4232785],[80.6053257,20.4228944],[80.6045305,20.4224292],[80.6040179,20.4220046],[80.6034814,20.4213767],[80.6030396,20.4208428],[80.6029881,20.4207805],[80.6021977,20.4199313],[80.602159,20.4198951],[80.6012732,20.4190641],[80.6004828,20.4184181],[80.6000948,20.4180116],[80.5999895,20.4176096],[80.5997247,20.4154535],[80.5993483,20.4129893],[80.5991138,20.4113724],[80.5989175,20.410582],[80.5986206,20.4099226],[80.5979789,20.4085088],[80.597548,20.407479],[80.5968632,20.4057898],[80.5962216,20.4042541],[80.5957475,20.4032017],[80.5955991,20.4027772],[80.5951252,20.4012686],[80.5950134,20.4007965],[80.5949337,20.4004602],[80.5946752,20.3998098],[80.5940335,20.3984367],[80.5933057,20.39691],[80.5927264,20.3956995],[80.5921901,20.3946471],[80.5917161,20.3936128],[80.5914815,20.3930708],[80.5915678,20.3926643],[80.5918267,20.391612],[80.592378,20.3894985],[80.5928906,20.3882256],[80.5940042,20.3868029],[80.5944908,20.386154],[80.5947329,20.3857997],[80.5948753,20.3856566],[80.5949748,20.3856735],[80.5955735,20.3860214],[80.5960907,20.3862834],[80.5969481,20.3863016],[80.5971206,20.3861617],[80.5972883,20.3859585],[80.5972883,20.3856739],[80.5971638,20.3853939],[80.5966467,20.3845628],[80.5964121,20.3841382],[80.5965845,20.3838356],[80.5979546,20.3829642],[80.5986826,20.3827024],[80.5995716,20.3826724],[80.5998849,20.3826619],[80.6004596,20.3825265],[80.60125,20.3823279],[80.6033959,20.3814429],[80.603803,20.3812397],[80.6062268,20.3794244],[80.6071896,20.3785348],[80.608732,20.3771845],[80.6093786,20.3764755],[80.6103414,20.3755452],[80.6107485,20.375062],[80.6107677,20.3747187],[80.6107055,20.3742626],[80.6103416,20.3735761],[80.6098675,20.3724831],[80.6094175,20.3708436],[80.6093792,20.370279],[80.6094846,20.3698545],[80.6094858,20.3698525],[80.6098487,20.3692177],[80.6108724,20.3677152],[80.6109839,20.3671583],[80.6112809,20.3666525],[80.6116689,20.3661061],[80.6128184,20.3649048],[80.614533,20.3629538],[80.6149832,20.3621047],[80.6154335,20.3611744],[80.6159028,20.3599098],[80.616013,20.3593046],[80.6158406,20.3589614],[80.6154959,20.3584736],[80.6149643,20.3576471],[80.6146818,20.3570825],[80.6146005,20.3561115],[80.6145957,20.3552714],[80.6147634,20.3538758],[80.6149168,20.3527016],[80.6151084,20.3517938],[80.6154101,20.3513061],[80.6162864,20.3509945],[80.6163542,20.3509707],[80.6168917,20.3507817],[80.6173783,20.3506106],[80.6181732,20.3498609],[80.618815,20.3491338],[80.6191358,20.3484293],[80.6190927,20.3478918],[80.6188714,20.3474547],[80.6185804,20.3468801],[80.6182356,20.346031],[80.6182788,20.3453852],[80.6185374,20.3447348],[80.6190498,20.3438858],[80.6203379,20.3420702],[80.620745,20.3409366],[80.6210658,20.3402094],[80.6215782,20.3395636],[80.62233,20.3390984],[80.6232302,20.3386107],[80.6241495,20.3382268],[80.6241769,20.3382744],[80.6249396,20.3377119],[80.6257967,20.3369215],[80.6260984,20.3361131],[80.6262707,20.3351646],[80.6262468,20.3345775],[80.6262468,20.3335884],[80.6263205,20.3329154],[80.6263521,20.3326264],[80.6262276,20.3318586],[80.6259259,20.3309508],[80.6248343,20.3286226],[80.6246619,20.3282139],[80.6242358,20.3276493],[80.6233117,20.326606],[80.6223685,20.3254092],[80.621809,20.3250995],[80.619965,20.3246199],[80.6197974,20.3245826],[80.6184117,20.3242666],[80.6159623,20.3230153],[80.6148516,20.3223874],[80.6139032,20.321805],[80.613584,20.3215842],[80.6134372,20.3214164],[80.6132238,20.3211724],[80.61286,20.3205898],[80.6124962,20.3199213],[80.6120222,20.3192935],[80.6112946,20.3186657],[80.6112652,20.3186557],[80.6105238,20.3184037],[80.6096859,20.3183584],[80.6090396,20.3184532],[80.6082065,20.3184622],[80.607158,20.3183718],[80.6059898,20.3182542],[80.6051233,20.3180735],[80.6038207,20.3177378],[80.6036678,20.3176984],[80.6021454,20.3174092],[80.6010538,20.3173187],[80.6008205,20.3173163],[80.6001537,20.3173096],[80.5991914,20.3175081],[80.5980232,20.3177609],[80.5967602,20.317954],[80.5947483,20.3181126],[80.5947455,20.3181126],[80.5939105,20.3181125],[80.5928811,20.3179091],[80.5917274,20.317665],[80.590698,20.3175248],[80.590443,20.3175528],[80.5899757,20.317685],[80.5895824,20.3178181],[80.5889169,20.3179986],[80.5888026,20.3179875],[80.5880839,20.3179172],[80.5862347,20.3175556],[80.5855992,20.3174695],[80.5844646,20.3171892],[80.5836398,20.3168955],[80.5834114,20.3168141],[80.5819753,20.3159647],[80.5803477,20.3153139],[80.5785908,20.3147489],[80.576427,20.3140709],[80.5754117,20.3137143],[80.5748186,20.3135059],[80.5735356,20.3131216],[80.5723579,20.3131213],[80.5720597,20.3130914],[80.5713084,20.3129768],[80.5704095,20.3127368],[80.5695457,20.3124369],[80.5680493,20.311953],[80.5670634,20.3116969],[80.5665703,20.3115116],[80.5663358,20.3112722],[80.5661429,20.3110171],[80.565953,20.3107662],[80.565393,20.3105221],[80.5611066,20.3089946],[80.5591988,20.3085101],[80.5578728,20.3082476],[80.5571021,20.3081435],[80.5562643,20.308247],[80.5554934,20.3084048],[80.5535209,20.3086389],[80.5526209,20.3086972],[80.5516968,20.3087781],[80.5503946,20.3089402],[80.5498457,20.308952],[80.5495759,20.3089579],[80.5491308,20.3086777],[80.5486141,20.3081084],[80.5485119,20.3079075],[80.5483175,20.3075256],[80.5479731,20.3070603],[80.5475663,20.3067124],[80.5474725,20.3066667],[80.5470925,20.3064818],[80.5462596,20.3062601],[80.5460443,20.3060342],[80.5459153,20.3055328],[80.5458963,20.3052076],[80.5460446,20.3036407],[80.5462626,20.3002894],[80.5461778,20.2976608],[80.5458956,20.2971232],[80.5458039,20.2969964],[80.5450202,20.2959124],[80.5447674,20.2955093],[80.5443467,20.2948384],[80.5441449,20.2945165],[80.5434991,20.2935271],[80.5432456,20.2932018],[80.542107,20.2918373],[80.5411024,20.2906625],[80.5406397,20.2899739],[80.5398395,20.2890676],[80.5394851,20.2887784],[80.5387486,20.2881774],[80.5373325,20.2867901],[80.5367776,20.2861846],[80.5353856,20.284567],[80.5346156,20.283433],[80.5333719,20.2819871],[80.5321951,20.2808574],[80.5309321,20.2798044],[80.5298604,20.2789954],[80.5282957,20.2781454],[80.527858,20.2779091],[80.5273579,20.2776391],[80.5261329,20.2770016],[80.5259,20.2768188],[80.5252575,20.2763146],[80.5243773,20.275465],[80.5225597,20.2735399],[80.5218567,20.2727537],[80.5214884,20.2723379],[80.5206812,20.2712177],[80.5205703,20.2710638],[80.5199248,20.2701104],[80.5195615,20.2694237],[80.5193083,20.2686151],[80.5190506,20.2675626],[80.5189219,20.2667947],[80.5189461,20.2663296],[80.5188834,20.2662506],[80.518817,20.2661669],[80.5184725,20.2660854],[80.5176397,20.2660262],[80.5166968,20.2661882],[80.5153228,20.2667022],[80.5138434,20.2673291],[80.5124503,20.267816],[80.5116604,20.2680955],[80.5104587,20.2685825],[80.5078446,20.2697821],[80.5064083,20.2703457],[80.5049288,20.2710538],[80.5032386,20.2719198],[80.5019074,20.2726099],[80.5004756,20.2735393],[80.4992544,20.2744055],[80.4985025,20.2749108],[80.4899113,20.2782616],[80.4877754,20.2782686],[80.4842892,20.27828],[80.479132,20.2782966],[80.4669389,20.2761225],[80.4472091,20.2624635],[80.4368953,20.2611664],[80.4220531,20.2534861],[80.4187481,20.2507948],[80.4187576,20.2503341],[80.4185134,20.2499999],[80.4180874,20.2496568],[80.4173838,20.2490924],[80.4167807,20.248817],[80.4161825,20.2487133],[80.4154981,20.2486999],[80.4147707,20.2486549],[80.4143304,20.2485195],[80.4138326,20.248217],[80.4129663,20.2477611],[80.4126792,20.2476121],[80.4118368,20.2472329],[80.4113535,20.2471065],[80.4108653,20.247084],[80.410358,20.2469938],[80.4096162,20.2465604],[80.4089557,20.2463076],[80.4081183,20.2463168],[80.4068262,20.2462041],[80.4059132,20.2460259],[80.4053235,20.2459108],[80.4029259,20.2454731],[80.4027232,20.2454357],[80.4014375,20.2451979],[80.4001549,20.2447419],[80.3981354,20.2442725],[80.3977814,20.2446609],[80.3974177,20.2450991],[80.3968818,20.2454424],[80.3962501,20.2455599],[80.3957716,20.2455374],[80.395494,20.2452845],[80.3952595,20.245009],[80.3949338,20.2433063],[80.3947518,20.2419334],[80.3947995,20.2407365],[80.395048,20.2378008],[80.3951914,20.2370104],[80.3956076,20.2359851],[80.3962486,20.2345488],[80.3972677,20.2333111],[80.3982054,20.2324032],[80.3988513,20.2317256],[80.3991909,20.2311565],[80.3995066,20.230217],[80.3998366,20.2293995],[80.4002719,20.2284465],[80.4005637,20.2276651],[80.4010849,20.2259126],[80.4016827,20.223993],[80.4026921,20.2226876],[80.4032995,20.2217661],[80.4038974,20.2207318],[80.404457,20.2196071],[80.4048349,20.2187308],[80.4048854,20.2186706],[80.4052367,20.218252],[80.4056003,20.2179719],[80.4063275,20.217624],[80.4071312,20.2171406],[80.4087386,20.2161196],[80.4094179,20.2156723],[80.4099543,20.2151122],[80.4100062,20.215058],[80.4104846,20.2144933],[80.4113455,20.2134227],[80.4118813,20.212849],[80.4127232,20.2123069],[80.4133308,20.2121261],[80.4154692,20.2114978],[80.4156749,20.2112358],[80.4160767,20.2105312],[80.416684,20.2098535],[80.4182674,20.2085433],[80.419181,20.2080238],[80.4201904,20.2076486],[80.4210084,20.2074316],[80.4217116,20.2070972],[80.4220513,20.206799],[80.4221368,20.2051188],[80.4219593,20.2037877],[80.4218827,20.203213],[80.4217101,20.2018897],[80.4215659,20.1998302],[80.4214555,20.198403],[80.421369,20.1972784],[80.4212253,20.1965062],[80.4210051,20.196172],[80.4204692,20.195865],[80.4195219,20.1955627],[80.4181154,20.1953824],[80.4165474,20.1952205],[80.4140919,20.1949271],[80.413116,20.1947557],[80.4121065,20.1944669],[80.410365,20.1938801],[80.4093865,20.1933879],[80.4080724,20.1929257],[80.4061454,20.1922726],[80.405623,20.1920932],[80.4052602,20.1919209],[80.4036575,20.191176],[80.4024758,20.1906839],[80.4013085,20.1902369],[80.4006865,20.1897176],[80.3999592,20.1886202],[80.3996041,20.1878064],[80.3994232,20.1873918],[80.3982699,20.1840859],[80.3979635,20.1829749],[80.3976954,20.1815251],[80.39748,20.1801793],[80.3974032,20.1785262],[80.397293,20.1770313],[80.3970153,20.1753512],[80.3965894,20.1738969],[80.3965628,20.173854],[80.3961779,20.1732331],[80.3948002,20.1719189],[80.3937717,20.1712235],[80.393346,20.1710971],[80.392528,20.1707675],[80.3920305,20.1704333],[80.3917148,20.1699952],[80.3905332,20.1683739],[80.3897438,20.1671636],[80.3885383,20.165199],[80.3885239,20.1645215],[80.3896048,20.163442],[80.389931,20.1631095],[80.39081,20.1622134],[80.3917568,20.1607048],[80.392498,20.1593678],[80.393703,20.1573082],[80.3944298,20.1559622],[80.3952571,20.1546116],[80.3959265,20.1537173],[80.3967395,20.1529358],[80.3979828,20.1519691],[80.3983176,20.1517342],[80.3988293,20.1513999],[80.3997044,20.1506546],[80.4001298,20.1496428],[80.4010478,20.148211],[80.4018177,20.1472443],[80.4024632,20.1467158],[80.4033718,20.1461375],[80.4043233,20.1455954],[80.4052368,20.1452385],[80.4060258,20.1451435],[80.4071688,20.1450529],[80.4090769,20.1448041],[80.4096843,20.144664],[80.411645,20.1442842],[80.4137539,20.1437599],[80.4157384,20.1431361],[80.4166613,20.142883],[80.4180194,20.1426658],[80.4189663,20.1424488],[80.4199656,20.1419653],[80.4212662,20.1413914],[80.4225,20.1409665],[80.4236667,20.1406455],[80.4246757,20.1403923],[80.4259285,20.1399312],[80.4264162,20.1395156],[80.4269372,20.1388108],[80.4280175,20.1375911],[80.4291506,20.1364751],[80.4295856,20.1360956],[80.4300016,20.13596],[80.4303889,20.1359237],[80.4311518,20.1358532],[80.4313692,20.1358331],[80.4330859,20.1354621],[80.4333785,20.1353303],[80.4348297,20.1358868],[80.4364731,20.1364195],[80.4380266,20.1368272],[80.4391431,20.1369351],[80.4392115,20.1369417],[80.4394357,20.1369634],[80.441091,20.1369401],[80.4425944,20.136638],[80.4430794,20.1365654],[80.443188,20.1365496],[80.4441617,20.1364788],[80.4448408,20.1364786],[80.4451467,20.136411],[80.445558,20.1363203],[80.44617,20.1361348],[80.4468012,20.135999],[80.4475377,20.1360755],[80.4503135,20.1366974],[80.4529422,20.1373785],[80.453294,20.1374728],[80.4540518,20.1376761],[80.4554484,20.1379283],[80.4551956,20.1393331],[80.4547619,20.1422329],[80.4545908,20.1443603],[80.4546534,20.1452545],[80.4550315,20.1456924],[80.4553179,20.1457499],[80.4558402,20.1466992],[80.4561327,20.1480541],[80.4563195,20.1487089],[80.456645,20.1493049],[80.4568573,20.1494813],[80.4574489,20.149973],[80.4574782,20.149995],[80.4575704,20.1500643],[80.4579656,20.1503611],[80.4588313,20.1505233],[80.4601467,20.1509382],[80.4605963,20.150938],[80.4616054,20.1508788],[80.4630018,20.1506929],[80.4647665,20.1506242],[80.4661582,20.1504203],[80.4675688,20.1500131],[80.4683703,20.1497414],[80.4687833,20.1496014],[80.4701508,20.1490722],[80.4722545,20.1481181],[80.4742816,20.1469833],[80.4753907,20.146373],[80.4768872,20.1457398],[80.4780252,20.145432],[80.4797659,20.1452458],[80.4800958,20.1451779],[80.481755,20.1447162],[80.4844279,20.1439919],[80.485083,20.143874],[80.4857524,20.1437923],[80.4863359,20.1437468],[80.4875649,20.143746],[80.4880671,20.1437683],[80.4889902,20.1438851],[80.4897699,20.1441195],[80.4910852,20.1443489],[80.4918409,20.1444659],[80.4923623,20.1446146],[80.4930272,20.144867],[80.4940366,20.1452006],[80.4947637,20.1453943],[80.4955194,20.1454841],[80.4969541,20.1455283],[80.4984475,20.1454575],[80.4991137,20.1454058],[80.4995442,20.1453247],[80.5014095,20.145019],[80.5020122,20.1449381],[80.5026437,20.1446133],[80.5029355,20.1443877],[80.5031606,20.1441304],[80.5033855,20.1439047],[80.5037585,20.1438869],[80.5041219,20.1440181],[80.5043609,20.1441944],[80.504705,20.1444702],[80.505164,20.1445699],[80.5055945,20.1444392],[80.5061784,20.1439564],[80.5095755,20.1416236],[80.5099345,20.1412986],[80.5103466,20.1401517],[80.510692,20.1386434],[80.5112239,20.1370585],[80.511961,20.1361646],[80.5124108,20.1358443],[80.5130195,20.1355806],[80.5132336,20.1354879],[80.5137118,20.1354386],[80.514979,20.1356336],[80.5159401,20.1357154],[80.5165714,20.1356346],[80.5172745,20.1354905],[80.5181498,20.1350981],[80.5202269,20.1346671],[80.520444,20.1346221],[80.5212539,20.134454],[80.5231431,20.1339854],[80.525128,20.1334536],[80.5256595,20.1332684],[80.5287797,20.1322386],[80.529471,20.1320287],[80.5309777,20.1314153],[80.5325901,20.1299574],[80.533633,20.1291133],[80.5349724,20.1282062],[80.5356421,20.1277865],[80.5364461,20.1268475],[80.5376327,20.1255518],[80.5377319,20.1254617],[80.5385417,20.1247257],[80.538934,20.1242245],[80.5393121,20.1237234],[80.5403406,20.1228478],[80.5413689,20.1223966],[80.5421726,20.1217014],[80.5428088,20.1212771],[80.5444541,20.1206636],[80.5465296,20.1199374],[80.5482419,20.1191116],[80.5506426,20.1183178],[80.5516014,20.1180789],[80.5520725,20.1179615],[80.5522028,20.1152879],[80.5522712,20.1120811],[80.5523242,20.1112411],[80.5522052,20.1101706],[80.551933,20.1093259],[80.5516225,20.1088741],[80.5511445,20.1084358],[80.5500837,20.106981],[80.5491374,20.1061858],[80.5486593,20.1060229],[80.5486286,20.1060033],[80.5477178,20.1054219],[80.5465188,20.1031224],[80.5454081,20.1008127],[80.5445988,20.099269],[80.5443601,20.0984875],[80.5440693,20.0969336],[80.544013,20.0958341],[80.544003,20.0956374],[80.5447735,20.0941969],[80.5466924,20.0906659],[80.5489553,20.0870717],[80.5499623,20.0853516],[80.5505678,20.0843173],[80.5514766,20.0831343],[80.5520794,20.0822267],[80.5530216,20.0812245],[80.5539637,20.0803487],[80.5549057,20.0796851],[80.5551115,20.0792968],[80.5552506,20.0781631],[80.5557967,20.0756025],[80.5562276,20.0739677],[80.5567656,20.0728532],[80.5567922,20.0727981],[80.5568117,20.0718767],[80.5567982,20.0715696],[80.5567596,20.0706934],[80.5566404,20.0699616],[80.5554417,20.067468],[80.5543671,20.0654262],[80.5539372,20.064762],[80.5520739,20.0628824],[80.5516105,20.0623312],[80.5510946,20.0616355],[80.5509085,20.0610347],[80.5506517,20.0580536],[80.5505802,20.0576471],[80.5499642,20.056608],[80.5493148,20.0552483],[80.5491621,20.0545843],[80.5490766,20.0533376],[80.5491603,20.052693],[80.5492302,20.0521544],[80.5497945,20.0515042],[80.5500002,20.051134],[80.5500672,20.0509217],[80.5503928,20.0497566],[80.5504456,20.0490747],[80.5503648,20.0481668],[80.5500738,20.0471459],[80.5499497,20.0465948],[80.5500553,20.0457367],[80.5505343,20.0434334],[80.5509125,20.042187],[80.5509844,20.041636],[80.5509129,20.0413109],[80.5507076,20.0408094],[80.550402,20.0401273],[80.5502127,20.0395921],[80.5501344,20.0393345],[80.5498476,20.0383872],[80.5496633,20.0378027],[80.5492821,20.0367302],[80.5487747,20.0354137],[80.5485024,20.0349596],[80.5481442,20.0343136],[80.5478005,20.0336314],[80.5476288,20.032999],[80.5470139,20.0297242],[80.5468422,20.0289789],[80.5464325,20.0264359],[80.5464138,20.0257404],[80.5460566,20.0231477],[80.5458712,20.0211558],[80.545924,20.0205551],[80.5460773,20.0199409],[80.5466083,20.0187127],[80.546909,20.0180732],[80.5469671,20.0179495],[80.5465373,20.017466],[80.5460597,20.016978],[80.5460597,20.016978],[80.5460597,20.016978],[80.5455773,20.016359],[80.5450807,20.0156001],[80.544842,20.015225],[80.5447562,20.0147237],[80.5444317,20.0140596],[80.5436774,20.0126997],[80.5427894,20.0111592],[80.5425649,20.0107707],[80.5425987,20.010301],[80.5428189,20.0095423],[80.5432159,20.0087656],[80.5439523,20.0077271],[80.5448129,20.0065939],[80.5455636,20.0054922],[80.5470216,20.0041469],[80.5483074,20.0031267],[80.5492685,20.0018489],[80.5498518,20.0008103],[80.5500169,19.9998468],[80.5500961,19.9991813],[80.5501552,19.9978169],[80.5502132,19.9964156],[80.5502046,19.9926212],[80.5501611,19.9902332],[80.5500901,19.9887887],[80.5498809,19.9877849],[80.5497892,19.987281],[80.5496005,19.9859715],[80.5493376,19.9849601],[80.5490488,19.9841825],[80.5488299,19.9838244],[80.5479898,19.983099],[80.547792,19.9829283],[80.5468974,19.9821557],[80.5467748,19.982018],[80.5462274,19.9814028],[80.545594,19.9805539],[80.5450162,19.9796518],[80.5445702,19.9788445],[80.54415,19.9780731],[80.5437802,19.9775416],[80.54313,19.9769069],[80.5416663,19.9758602],[80.5407663,19.9753373],[80.5403984,19.9751443],[80.5402022,19.9750548],[80.5393151,19.9750232],[80.5382374,19.9749916],[80.5380657,19.9746803],[80.5379354,19.9744441],[80.5376393,19.9737937],[80.5375147,19.9732525],[80.5374754,19.9729539],[80.5374246,19.9723404],[80.5374511,19.9718553],[80.5375568,19.970997],[80.5377454,19.970049],[80.5378048,19.9695639],[80.5375279,19.9689903],[80.5369305,19.9678145],[80.5361229,19.9663229],[80.5358023,19.9655289],[80.5373601,19.964522],[80.5385471,19.9635353],[80.5393221,19.9627597],[80.5393706,19.9626148],[80.5393905,19.9625553],[80.5393972,19.9624896],[80.5393972,19.9624113],[80.5393913,19.9623687],[80.5392915,19.962115],[80.53916,19.9618438],[80.5389322,19.9614674],[80.5382247,19.9604918],[80.5378921,19.9601032],[80.5376641,19.9599227],[80.537462,19.9597764],[80.5373966,19.9597455],[80.5372086,19.9593096],[80.5372268,19.9591081],[80.5373453,19.9586043],[80.5378067,19.9575187],[80.5379712,19.9572015],[80.5380601,19.9568792],[80.5383894,19.9553555],[80.5384359,19.9541409],[80.5384821,19.9538299],[80.5388628,19.95226],[80.5389083,19.9519856],[80.5389018,19.9518919],[80.5388588,19.9518566],[80.538734,19.9518286],[80.5386093,19.9518006],[80.5383401,19.9518129],[80.5381431,19.95185],[80.5378311,19.9519088],[80.5377162,19.9519305],[80.537621,19.9519211],[80.5375258,19.9519118],[80.5372763,19.9518682],[80.5357873,19.951386],[80.5351866,19.9511871],[80.534947,19.9511001],[80.5346056,19.9509324],[80.5343241,19.9507268],[80.5340171,19.9505026],[80.5330714,19.9496438],[80.5316397,19.9485653],[80.531293,19.9479785],[80.5310635,19.9472383],[80.530998,19.9468713],[80.5307529,19.9454558],[80.5307011,19.9450437],[80.5306086,19.9443095],[80.5305565,19.9434822],[80.5304208,19.9418007],[80.5302828,19.9409307],[80.5300075,19.9398546],[80.5298944,19.9394673],[80.5296449,19.9392495],[80.5291582,19.9390475],[80.5274656,19.9383447],[80.5273198,19.9382842],[80.52651,19.937931],[80.5262195,19.9377589],[80.5259846,19.9376197],[80.5256103,19.9373085],[80.5255963,19.9372922],[80.5253601,19.9370156],[80.5251642,19.9367265],[80.525012,19.9364667],[80.5244936,19.9354774],[80.5244003,19.935181],[80.5242758,19.9348078],[80.5241446,19.9344905],[80.5239214,19.9341172],[80.5236194,19.9337854],[80.5231485,19.9336228],[80.5214377,19.9332316],[80.5208557,19.9331576],[80.5203687,19.9331199],[80.5199342,19.9331072],[80.5195195,19.9331007],[80.519039,19.9330942],[80.518758,19.9330436],[80.518445,19.9329872],[80.5180698,19.932906],[80.5175038,19.9327625],[80.5160954,19.9324814],[80.5155285,19.9324592],[80.5152012,19.9324428],[80.5142259,19.9320065],[80.5128675,19.931496],[80.5120914,19.9312348],[80.5117919,19.9312097],[80.5113607,19.9312312],[80.5107603,19.9311812],[80.5096544,19.9310474],[80.5063847,19.93007],[80.5062392,19.9299194],[80.5060958,19.9297711],[80.5047441,19.9285459],[80.502151,19.92853],[80.5000194,19.9286126],[80.4997685,19.9286973],[80.4994304,19.9288193],[80.4992164,19.9289407],[80.4990484,19.9290933],[80.4987915,19.9294297],[80.4986233,19.9296439],[80.498449,19.9298016],[80.4969762,19.9305349],[80.4959264,19.9310577],[80.4936548,19.9308889],[80.4891027,19.9305317],[80.4887472,19.9306074],[80.4859055,19.9319708],[80.4845198,19.9326914],[80.4825439,19.9335002],[80.480733,19.934371],[80.4796989,19.9358698],[80.4784247,19.9384447],[80.4788485,19.9388253],[80.4794342,19.9395189],[80.4798104,19.9403122],[80.479978,19.9409183],[80.4799225,19.9412785],[80.4796196,19.9424957],[80.4793879,19.9432601],[80.4791239,19.9440014],[80.478102,19.9454186],[80.4770041,19.9465378],[80.4761314,19.947531],[80.4752277,19.9485652],[80.4741972,19.9497957],[80.4731643,19.9509451],[80.4716273,19.9505025],[80.469901,19.9500053],[80.4681973,19.9494487],[80.4676581,19.9489307],[80.4667658,19.9482284],[80.4664963,19.9481582],[80.4661609,19.9481775],[80.4660318,19.9481848],[80.4657532,19.9483168],[80.4654059,19.948799],[80.4653354,19.9488968],[80.4650358,19.9493059],[80.4644121,19.9501268],[80.4642745,19.9503078],[80.4640238,19.9505363],[80.4632153,19.9501678],[80.4626485,19.9500099],[80.4623047,19.9500013],[80.4619219,19.9501222],[80.4619146,19.9501245],[80.4619086,19.9501325],[80.460787,19.9514981],[80.4597149,19.9527788],[80.4588451,19.9536513],[80.457523,19.9545167],[80.4566826,19.9549299],[80.45489,19.9560297],[80.4535444,19.9568695],[80.4529024,19.9572703],[80.4521556,19.957604],[80.4516723,19.9572951],[80.4514982,19.9571452],[80.4498328,19.9557115],[80.4496574,19.9555604],[80.4475257,19.9538144],[80.4460544,19.9527305],[80.4450118,19.9519422],[80.4449104,19.9518656],[80.4446285,19.951364],[80.4442701,19.9507263],[80.4436262,19.9501357],[80.4424128,19.9495624],[80.440277,19.9487459],[80.4399889,19.9483135],[80.4392239,19.9469855],[80.4388315,19.9464916],[80.4386162,19.9462546],[80.4385037,19.9461772],[80.436573,19.9448469],[80.4350879,19.9438236],[80.4327151,19.9419585],[80.4304487,19.9408248],[80.4289937,19.940413],[80.4276537,19.940152],[80.4259211,19.9397527],[80.4241983,19.9394382],[80.4230277,19.9395551],[80.4221651,19.9396428],[80.419516,19.9403432],[80.4150642,19.9394544],[80.4126304,19.9388136],[80.4112528,19.9384939],[80.4111872,19.9383031],[80.4111824,19.9382891],[80.412119,19.9343402],[80.4126726,19.9306958],[80.4126391,19.9294436],[80.4126254,19.9289338],[80.4123169,19.9272428],[80.4125056,19.9253282],[80.4125737,19.9246368],[80.4124503,19.923733],[80.4118031,19.9223629],[80.4104327,19.9193168],[80.4079537,19.9127142],[80.4088467,19.9117228],[80.410017,19.9109645],[80.4113993,19.9102576],[80.4115568,19.910177],[80.4138831,19.9074511],[80.4151457,19.906722],[80.4177796,19.9050932],[80.4183297,19.9047531],[80.4188717,19.9044178],[80.4217357,19.9032509],[80.4237138,19.9025919],[80.4256927,19.9030159],[80.4280014,19.9033274],[80.4289794,19.9034494],[80.4294652,19.9034307],[80.430832,19.9029881],[80.4318275,19.9029346],[80.4320941,19.9030554],[80.4332355,19.9028328],[80.4334675,19.9026939],[80.4340598,19.9023393],[80.4350096,19.9014894],[80.4358738,19.9010849],[80.4395916,19.8999101],[80.4424546,19.8987978],[80.4424576,19.8987968],[80.4449662,19.8979471],[80.4471829,19.8975092],[80.4483783,19.8973202],[80.4493007,19.8968898],[80.4496972,19.8966867],[80.4499248,19.8965679],[80.4504639,19.8964233],[80.4532414,19.897345],[80.4571679,19.8989656],[80.459344,19.9003538],[80.4603533,19.9011357],[80.4620348,19.9043817],[80.4628936,19.9049534],[80.4636993,19.9053073],[80.4655946,19.9061689],[80.4671994,19.9069181],[80.4680627,19.9073525],[80.4686237,19.9075644],[80.4692881,19.9071078],[80.4698447,19.9067254],[80.4699955,19.9066217],[80.470233,19.9064585],[80.470791,19.9060558],[80.4714995,19.9055445],[80.4715755,19.9054897],[80.4725978,19.9048024],[80.4741427,19.9038102],[80.4755479,19.9035423],[80.4757195,19.9035096],[80.4783342,19.9032465],[80.4827888,19.9028198],[80.4835553,19.9027859],[80.4845043,19.9027438],[80.4864337,19.9025594],[80.4880831,19.9024772],[80.4901666,19.9022951],[80.4913954,19.9020203],[80.4914266,19.9020133],[80.4925056,19.9013958],[80.4926344,19.9012625],[80.493538,19.900327],[80.4937417,19.9001161],[80.4945181,19.8989578],[80.495142,19.8980224],[80.4954846,19.8973979],[80.4960459,19.8964403],[80.4970102,19.8948396],[80.4973662,19.894496],[80.4980452,19.8935546],[80.4986843,19.8924072],[80.499472,19.8910617],[80.4995845,19.8908421],[80.4996779,19.8905341],[80.4999109,19.8894715],[80.5004998,19.8881569],[80.500616,19.8880222],[80.5007023,19.8879019],[80.5007473,19.8877957],[80.5007761,19.8877263],[80.5009725,19.8868389],[80.501291,19.8850163],[80.5014327,19.8841484],[80.5015271,19.8834568],[80.5016927,19.8823942],[80.5018765,19.8813369],[80.5021886,19.8796211],[80.5024142,19.878431],[80.5030705,19.8768557],[80.5039603,19.8750017],[80.5048512,19.8733005],[80.5050763,19.8728613],[80.5053514,19.8722294],[80.5058245,19.8706498],[80.5050397,19.870532],[80.5042457,19.8704252],[80.5034817,19.8703467],[80.5025497,19.8702313],[80.5018831,19.8701457],[80.5012465,19.8700531],[80.5001755,19.8698254],[80.4995164,19.8696831],[80.4992843,19.8695695],[80.4989848,19.8693707],[80.4984511,19.8690357],[80.4974138,19.8686971],[80.4952507,19.8679479],[80.4932028,19.8670424],[80.491314,19.8661456],[80.4906615,19.8657538],[80.4896389,19.8651397],[80.4881696,19.8643971],[80.4875192,19.8640794],[80.4869283,19.8638464],[80.4862872,19.8635936],[80.4854421,19.8627118],[80.4845608,19.8616695],[80.4837397,19.8606308],[80.4825929,19.8589947],[80.4825344,19.8588081],[80.4830148,19.8576153],[80.4833372,19.8568271],[80.4837731,19.8558491],[80.4837902,19.8557976],[80.4840666,19.8549645],[80.4841534,19.8543629],[80.4841692,19.8542277],[80.4841215,19.8540175],[80.4838036,19.8531615],[80.4834628,19.8520942],[80.4835015,19.8520352],[80.4835072,19.8519071],[80.4834186,19.851442],[80.4831102,19.8511713],[80.4826023,19.8507361],[80.482285,19.850541],[80.4817773,19.8503761],[80.4816689,19.8503562],[80.4814703,19.8503198],[80.4814536,19.8503001],[80.4811218,19.8495179],[80.4810171,19.849271],[80.481085,19.8467074],[80.4810976,19.8462337],[80.4810201,19.8454757],[80.4801322,19.8435425],[80.4790911,19.8410418],[80.4786898,19.8393218],[80.4782123,19.8388411],[80.4772798,19.8383381],[80.4765251,19.8381636],[80.4756008,19.8380441],[80.4749544,19.8379604],[80.4741248,19.8376168],[80.4735836,19.8373927],[80.4728578,19.8367326],[80.4719028,19.8355594],[80.4711001,19.8338854],[80.4705494,19.832322],[80.4702967,19.8310056],[80.4702597,19.8307041],[80.4700663,19.8291293],[80.4700526,19.8290174],[80.4694739,19.8275464],[80.4690793,19.8270217],[80.467974,19.8259931],[80.4670359,19.825356],[80.4661208,19.8248233],[80.4647581,19.8242878],[80.4636399,19.8240914],[80.4623652,19.823899],[80.4613708,19.8235297],[80.4600749,19.8229944],[80.4567185,19.8209873],[80.4564803,19.8208346],[80.4541373,19.819333],[80.4517105,19.8178232],[80.4500133,19.8166974],[80.446232,19.8142547],[80.4429023,19.8119192],[80.4416098,19.8109083],[80.4407211,19.8103338],[80.4385718,19.8097103],[80.4358017,19.8090765],[80.4348335,19.8088767],[80.433968,19.80843],[80.4335281,19.8082029],[80.4334686,19.8081735],[80.4317084,19.8073044],[80.4309304,19.8070799],[80.4296752,19.8071442],[80.4281843,19.8079836],[80.4254178,19.810392],[80.4245625,19.8111147],[80.4225046,19.8128538],[80.4220441,19.8131369],[80.421585,19.8133998],[80.4178473,19.8146915],[80.4153398,19.8153292],[80.4130602,19.8163904],[80.410503,19.8162751],[80.4097169,19.8162397],[80.409604,19.8162305],[80.4080613,19.816006],[80.4060836,19.815919],[80.4052629,19.8160676],[80.4032073,19.8167232],[80.4016243,19.817038],[80.4014347,19.8167092],[80.4024127,19.8158119],[80.4038035,19.8132682],[80.4048123,19.8123484],[80.40482,19.8123414],[80.4057345,19.8111086],[80.4061704,19.8095905],[80.4066385,19.8087131],[80.4075666,19.806449],[80.4076883,19.8060044],[80.4075837,19.8047694],[80.4066027,19.8028355],[80.4054025,19.8008103],[80.403969,19.7986443],[80.4028037,19.7972448],[80.401872,19.7968173],[80.4016982,19.7962007],[80.4018103,19.7959115],[80.4020111,19.7953938],[80.4024283,19.7947845],[80.4029151,19.794488],[80.4048777,19.7937183],[80.4050548,19.7937684],[80.4060347,19.7940453],[80.4067174,19.7942382],[80.4075926,19.7944854],[80.4114536,19.7951669],[80.4147823,19.7958106],[80.4178081,19.7967814],[80.4209665,19.7979262],[80.4232598,19.7988124],[80.4241623,19.7991611],[80.4256837,19.7986646],[80.4279266,19.7979559],[80.4296734,19.7975968],[80.4321691,19.7969665],[80.4326645,19.7968445],[80.4367334,19.7967937],[80.4380722,19.7965792],[80.4394886,19.7960585],[80.4404622,19.7955971],[80.4413313,19.7948887],[80.4425654,19.7936367],[80.4435735,19.7927636],[80.444676,19.7922444],[80.4465708,19.7912227],[80.4486569,19.790168],[80.4492968,19.7897712],[80.4510972,19.7902091],[80.453554,19.7913954],[80.4558318,19.7923454],[80.458336,19.7928382],[80.459823,19.7934389],[80.4614234,19.7946896],[80.4627629,19.7957264],[80.4634238,19.7959237],[80.4642583,19.7957751],[80.4651026,19.7953063],[80.4654806,19.7949399],[80.4659092,19.794238],[80.4663387,19.7935347],[80.4667179,19.7921933],[80.4669188,19.7906863],[80.4674398,19.7896156],[80.4680305,19.7888249],[80.4687165,19.7883368],[80.4698811,19.7877434],[80.4722628,19.7869682],[80.4742271,19.7862096],[80.4765645,19.7848327],[80.4783546,19.7835472],[80.479432,19.7827232],[80.4804642,19.7817268],[80.4808301,19.781293],[80.481444,19.7802134],[80.4814954,19.7801015],[80.4815584,19.7799641],[80.4819056,19.7792065],[80.4822428,19.7783599],[80.4824851,19.7766637],[80.482223,19.7746549],[80.482301,19.7738872],[80.4823678,19.7732307],[80.482663,19.7727365],[80.48424,19.771905],[80.4845951,19.7717179],[80.4863704,19.770717],[80.487972,19.770284],[80.489029,19.7704104],[80.4895769,19.7705908],[80.4898841,19.7708185],[80.4901442,19.771214],[80.4902664,19.7713999],[80.4908516,19.7733985],[80.4913051,19.7752919],[80.4914561,19.7785265],[80.4912658,19.7798934],[80.4906175,19.7842164],[80.4900714,19.7888356],[80.4899931,19.7901463],[80.4891427,19.792337],[80.4875703,19.7944058],[80.4859546,19.7964816],[80.4857535,19.7971984],[80.485876,19.7982523],[80.485981,19.7992073],[80.4856342,19.800673],[80.4849679,19.8024772],[80.4844117,19.8028563],[80.4836468,19.8031696],[80.4829164,19.8030219],[80.4820118,19.802479],[80.4812584,19.8021836],[80.4805036,19.8020944],[80.4797295,19.8023891],[80.4767479,19.8033377],[80.4756525,19.8036182],[80.4734309,19.8056058],[80.4697568,19.8095005],[80.4688777,19.8104467],[80.4695062,19.8111849],[80.4704613,19.8123066],[80.47161,19.8138374],[80.4724901,19.8151917],[80.4741946,19.8178143],[80.476779,19.8217875],[80.4795443,19.8258594],[80.4805813,19.8275058],[80.4815008,19.8276387],[80.4878596,19.8277738],[80.4889999,19.827749],[80.4914514,19.8276959],[80.4957297,19.8275284],[80.4966085,19.8274037],[80.4975304,19.8276418],[80.4984524,19.8278799],[80.499024,19.8277671],[80.4993914,19.8277301],[80.4996933,19.8277117],[80.4998967,19.8276994],[80.5001263,19.8276871],[80.500369,19.8277121],[80.5005986,19.827762],[80.5008807,19.8278927],[80.5012939,19.8280856],[80.5020873,19.8286391],[80.5025713,19.8290774],[80.5031153,19.8298349],[80.5032922,19.8301081],[80.5035302,19.8304777],[80.5036548,19.8306329],[80.5038187,19.8307696],[80.5040352,19.8308504],[80.5066617,19.8313652],[80.5070685,19.8313903],[80.5074753,19.8313905],[80.5078099,19.8313535],[80.5085449,19.8311368],[80.5089414,19.8310176],[80.5094608,19.8308615],[80.5108127,19.8304465],[80.5110787,19.8303887],[80.511433,19.8303516],[80.5119185,19.8303458],[80.5122991,19.830377],[80.514036,19.8307545],[80.5163558,19.8312209],[80.5189484,19.8316578],[80.5197536,19.8317489],[80.5199964,19.8317428],[80.5202064,19.8317181],[80.520528,19.8315942],[80.5230603,19.830258],[80.525388,19.8289522],[80.5263398,19.8283445],[80.5271339,19.8279291],[80.5288821,19.8270319],[80.5302801,19.826319],[80.5326649,19.8251856],[80.5336881,19.8246183],[80.5352555,19.8237492],[80.5376003,19.8224506],[80.5388089,19.8219261],[80.5405201,19.8209839],[80.5421714,19.8201259],[80.5434642,19.8193818],[80.5448795,19.8186962],[80.5457784,19.8184608],[80.5460528,19.8183773],[80.5462037,19.8183215],[80.5463022,19.8182657],[80.5463547,19.8182161],[80.5464269,19.8181293],[80.546486,19.8178872],[80.5464929,19.8173659],[80.5464145,19.8165219],[80.5461906,19.8149006],[80.5461307,19.8141045],[80.5461113,19.8135832],[80.5461945,19.8129222],[80.5464181,19.8118425],[80.5465597,19.8114565],[80.546619,19.8110469],[80.5464292,19.8100725],[80.5458886,19.8081528],[80.5454351,19.8070956],[80.5452713,19.8066922],[80.5452218,19.8065196],[80.5452022,19.8063893],[80.5452154,19.806079],[80.5452684,19.8051667],[80.5453887,19.8042963],[80.5455135,19.8038743],[80.5464603,19.801121],[80.5468675,19.8002585],[80.5470354,19.7997659],[80.5475457,19.7979083],[80.5476444,19.7972877],[80.5475574,19.7948972],[80.5475182,19.7945993],[80.5474266,19.7939724],[80.5472312,19.7934912],[80.5471265,19.7931312],[80.5470349,19.7926347],[80.5469522,19.7919866],[80.5468933,19.7916949],[80.5468474,19.7915521],[80.5467164,19.7913038],[80.5465673,19.7910574],[80.5459708,19.7902876],[80.5443644,19.7880118],[80.5439581,19.7872172],[80.5435492,19.7863896],[80.5432676,19.7856323],[80.5424401,19.783448],[80.5426175,19.782995],[80.5429983,19.7822815],[80.5432109,19.7817568],[80.5429882,19.781043],[80.5426511,19.7802087],[80.5426119,19.7799232],[80.5426908,19.7795508],[80.5429613,19.7787121],[80.5432373,19.7777689],[80.5434076,19.7769938],[80.543452,19.7767917],[80.543741,19.775805],[80.5450365,19.7740581],[80.5452146,19.7738741],[80.5463301,19.772863],[80.5473615,19.7713956],[80.5482531,19.7702284],[80.5485943,19.7697817],[80.5489335,19.7694495],[80.54936,19.7690649],[80.5501407,19.7684818],[80.5506177,19.7679818],[80.5515955,19.7668093],[80.5518327,19.7664601],[80.5525217,19.7656536],[80.552607,19.7655605],[80.5528446,19.7653769],[80.554196,19.7646886],[80.5553113,19.7638884],[80.5561409,19.763285],[80.5572233,19.7627393],[80.5578202,19.7625223],[80.5588083,19.7622402],[80.559779,19.7619985],[80.5610251,19.7618997],[80.5617524,19.7612145],[80.5621525,19.7609664],[80.5636086,19.7606256],[80.5640844,19.7605436],[80.5652847,19.7604385],[80.5662618,19.7605444],[80.5671305,19.7606202],[80.5677995,19.7605832],[80.5700219,19.7599336],[80.5706712,19.7596607],[80.5710845,19.7594871],[80.5714584,19.7592265],[80.5717822,19.7588249],[80.5722415,19.7581982],[80.5723728,19.7578693],[80.572817,19.7566137],[80.5729526,19.7560222],[80.573097,19.7557367],[80.5736668,19.7549499],[80.5738176,19.7548134],[80.5740472,19.754708],[80.5750375,19.7545717],[80.5754966,19.754516],[80.575995,19.7543796],[80.5763928,19.7541907],[80.5766551,19.7539612],[80.5772259,19.7532476],[80.5777048,19.7526085],[80.5781537,19.7522096],[80.5785276,19.7519056],[80.5788687,19.7517133],[80.5795967,19.7514715],[80.5806132,19.7512731],[80.5812542,19.7510845],[80.5820633,19.7508178],[80.5821604,19.7505689],[80.582705,19.7496606],[80.5835382,19.7486308],[80.5838417,19.7482062],[80.5840329,19.7478489],[80.5841746,19.7475404],[80.5841965,19.7473748],[80.584172,19.7472559],[80.584059,19.747073],[80.5838858,19.7469367],[80.5836913,19.7468987],[80.5832592,19.7469228],[80.5828513,19.7470135],[80.5826616,19.7470557],[80.5822695,19.7471262],[80.5819412,19.7471158],[80.581768,19.7470348],[80.5815219,19.7468432],[80.581392,19.7466293],[80.5813355,19.746437],[80.5813392,19.7462032],[80.5814104,19.7459953],[80.5815454,19.7457927],[80.5817043,19.7456251],[80.5829936,19.7448944],[80.5843467,19.7444259],[80.5845911,19.744319],[80.5848865,19.744081],[80.585148,19.7437933],[80.5852191,19.7435898],[80.5852632,19.7430779],[80.5852115,19.7426371],[80.5851919,19.742337],[80.5851919,19.7423128],[80.5852002,19.7422918],[80.5852786,19.7420946],[80.5855103,19.7417928],[80.5857424,19.7415546],[80.5860561,19.7413632],[80.5864669,19.741136],[80.5867969,19.7410395],[80.5871859,19.7409893],[80.5877548,19.7410653],[80.5881302,19.7411879],[80.5884109,19.7413993],[80.5887646,19.7417371],[80.5891069,19.7420226],[80.5893548,19.7421589],[80.5895634,19.7422213],[80.5897895,19.7422404],[80.5901032,19.7422214],[80.5903981,19.7421181],[80.5908121,19.7418439],[80.591044,19.7417433],[80.59123,19.7416933],[80.5915309,19.7416813],[80.5916716,19.741679],[80.5919667,19.741674],[80.5921728,19.7416327],[80.5924437,19.7414692],[80.5927027,19.7411777],[80.5929058,19.7408647],[80.5932093,19.7402955],[80.5933118,19.7400525],[80.5934582,19.7398254],[80.5935654,19.7396593],[80.5936356,19.7395925],[80.5937483,19.7394853],[80.5941215,19.7392626],[80.5943768,19.7391695],[80.5946735,19.7391759],[80.5949798,19.7392691],[80.5952428,19.7394731],[80.595447,19.7397336],[80.5956937,19.7401874],[80.5958896,19.740397],[80.5959917,19.740435],[80.5960938,19.7404488],[80.596267,19.7404281],[80.5964504,19.7403622],[80.5965452,19.740307],[80.5967075,19.7401053],[80.5967329,19.7400514],[80.5968328,19.7398398],[80.5969459,19.7397001],[80.5970568,19.7396161],[80.5972373,19.7395713],[80.5974215,19.73958],[80.5975837,19.7396421],[80.5978181,19.7398283],[80.5981353,19.7401544],[80.5983666,19.7402491],[80.5986529,19.7403251],[80.5987536,19.7403329],[80.5988191,19.740338],[80.5989686,19.7403122],[80.5992166,19.7401725],[80.5995097,19.7399379],[80.5998179,19.7396689],[80.6004664,19.7391486],[80.6008581,19.7389397],[80.6012246,19.7388001],[80.6018081,19.738629],[80.6021238,19.738574],[80.6026234,19.7385861],[80.6029195,19.7385203],[80.6032714,19.738391],[80.6037348,19.7381104],[80.6039093,19.7379836],[80.6040781,19.7378609],[80.6041301,19.7378143],[80.6044894,19.7374923],[80.6053225,19.7369469],[80.6057189,19.7367343],[80.6063769,19.7366564],[80.6069228,19.7367344],[80.6076904,19.7372439],[80.6079297,19.7375771],[80.6085353,19.7382576],[80.6089622,19.7383912],[80.6092831,19.7384916],[80.6097342,19.7384902],[80.6110578,19.7381713],[80.6113859,19.7380175],[80.6117683,19.7378382],[80.6121945,19.7375688],[80.6124431,19.7372985],[80.612675,19.736299],[80.6129052,19.7359944],[80.6130198,19.7358706],[80.6134436,19.7354131],[80.6139746,19.7350304],[80.615581,19.734382],[80.618111,19.7333146],[80.6181249,19.7333128],[80.6190763,19.7331871],[80.6204681,19.7332226],[80.6205165,19.733208],[80.6211041,19.7330312],[80.6216054,19.732535],[80.6222397,19.7315853],[80.622732,19.7306523],[80.6227483,19.7306213],[80.6235263,19.7293169],[80.624005,19.728679],[80.6243968,19.7283367],[80.6255787,19.727642],[80.6259078,19.7272734],[80.6264762,19.7262526],[80.6267605,19.7257847],[80.6274337,19.725487],[80.6300716,19.7250438],[80.6305689,19.7250579],[80.6311522,19.7251905],[80.6316742,19.7254166],[80.6320172,19.7256144],[80.6328971,19.7259676],[80.6333545,19.7260332],[80.6333893,19.7260382],[80.6338815,19.7259534],[80.6344104,19.72563],[80.6349622,19.7253615],[80.6350372,19.7253544],[80.6352605,19.7253332],[80.635857,19.7256158],[80.6367668,19.7262233],[80.6375722,19.7261668],[80.6390726,19.7257014],[80.6401314,19.7253056],[80.6405937,19.7248958],[80.6413095,19.7242457],[80.6421524,19.7232573],[80.6430769,19.7221692],[80.6442004,19.7204877],[80.6448232,19.7191308],[80.6454896,19.7178456],[80.6463394,19.7161499],[80.6469722,19.7148655],[80.6475984,19.7138763],[80.6490515,19.7124081],[80.6501996,19.7114329],[80.6510346,19.7107969],[80.6519889,19.7102315],[80.6530081,19.709509],[80.6535896,19.7090284],[80.6542903,19.7083925],[80.6553191,19.7076575],[80.6564076,19.7070921],[80.6577997,19.7065427],[80.6586497,19.7064577],[80.660758,19.7063142],[80.6624579,19.706229],[80.6634421,19.7059321],[80.6643367,19.7055221],[80.6649958,19.7051683],[80.6654465,19.7049264],[80.6667139,19.7043326],[80.6678769,19.7037953],[80.6688162,19.7033147],[80.6698841,19.702665],[80.6709131,19.7021534],[80.6709876,19.7020713],[80.6722163,19.7007159],[80.6728821,19.6989509],[80.6731428,19.6967981],[80.6732771,19.6945454],[80.6740432,19.6863852],[80.6742501,19.6844131],[80.6735425,19.6813935],[80.672953,19.6794078],[80.6717199,19.6775998],[80.6713472,19.6753368],[80.6709331,19.6739251],[80.6703961,19.6724456],[80.6702914,19.6702148],[80.6700594,19.6687333],[80.6696934,19.6673098],[80.6694518,19.6647347],[80.6688624,19.6627955],[80.6681315,19.6613748],[80.6678347,19.6595027],[80.667345,19.6577117],[80.6676234,19.6561798],[80.6679477,19.6542791],[80.6679781,19.6521393],[80.667871,19.6495862],[80.6676309,19.6484722],[80.6671098,19.6469214],[80.6663624,19.6458212],[80.6660992,19.6442603],[80.6660859,19.6438639],[80.6661113,19.643192],[80.6662268,19.6428206],[80.6663243,19.6422523],[80.6664041,19.6415391],[80.6664216,19.6399847],[80.6664295,19.6391821],[80.6663712,19.6379859],[80.6657815,19.6369191],[80.6657702,19.6355501],[80.6652853,19.6339419],[80.6652733,19.6324689],[80.665191,19.631319],[80.6650027,19.6307243],[80.6641993,19.628574],[80.6639955,19.6276683],[80.6638759,19.6263259],[80.6634079,19.6248415],[80.6628561,19.6237394],[80.6626771,19.6229623],[80.6626174,19.6224818],[80.6628353,19.6220021],[80.663244,19.6212763],[80.6634163,19.6209704],[80.6639078,19.6198681],[80.6642594,19.6187923],[80.6643619,19.6183253],[80.6645571,19.6174357],[80.6648997,19.6164324],[80.6651082,19.6160649],[80.6652195,19.6153138],[80.6651055,19.6135258],[80.6650699,19.6129682],[80.6651676,19.6121751],[80.6653321,19.6118792],[80.6657493,19.6116106],[80.6669265,19.6109603],[80.6681257,19.6104361],[80.6693774,19.6098705],[80.6699436,19.6094041],[80.6702714,19.6093192],[80.6726655,19.6099119],[80.6757259,19.6107049],[80.67699,19.6110892],[80.678322,19.611565],[80.6801255,19.6119742],[80.6807978,19.6119939],[80.6815562,19.6120162],[80.6829124,19.611931],[80.6837825,19.6118603],[80.68496,19.6122273],[80.6858692,19.6123683],[80.686711,19.6124205],[80.6875491,19.612821],[80.6879112,19.6130741],[80.688468,19.6131711],[80.6893324,19.6132555],[80.6895109,19.6132031],[80.6907035,19.6132409],[80.6918363,19.6134383],[80.6929326,19.6132123],[80.6950935,19.612943],[80.6963751,19.6128435],[80.6967054,19.6129853],[80.6973291,19.6132529],[80.6981398,19.6133077],[80.7001817,19.6134341],[80.7025882,19.6135589],[80.7044513,19.6138548],[80.7051923,19.6139316],[80.7056734,19.6139815],[80.7062994,19.6140942],[80.7065827,19.6142919],[80.7068813,19.6145267],[80.7073729,19.6149133],[80.7096472,19.6157026],[80.709851,19.6157587],[80.7112869,19.616154],[80.7123055,19.6163712],[80.7132765,19.6165783],[80.7146477,19.6167048],[80.7162124,19.6163084],[80.7175736,19.6158816],[80.7188659,19.6155661],[80.7189812,19.6155283],[80.7194475,19.6153756],[80.7195257,19.6153153],[80.7199427,19.6148205],[80.7207921,19.6146929],[80.7221568,19.6142825],[80.7230209,19.6137874],[80.7241382,19.6130944],[80.7252555,19.6122601],[80.7258296,19.6116391],[80.726783,19.6108614],[80.7281091,19.610465],[80.7290182,19.6104079],[80.7298012,19.6104355],[80.7298123,19.6104337],[80.7301882,19.610252],[80.7303383,19.6101795],[80.7306657,19.6094446],[80.7308701,19.6086509],[80.7313837,19.6078522],[80.7316557,19.6074627],[80.7321547,19.6070527],[80.7330782,19.6063032],[80.7336592,19.6061121],[80.734145,19.6060461],[80.7364078,19.6058742],[80.7378535,19.6059651],[80.7394004,19.6062247],[80.7403691,19.606316],[80.7408459,19.6062309],[80.7410098,19.6060895],[80.7419434,19.6051955],[80.7425018,19.6045381],[80.7436966,19.603398],[80.7450294,19.6021607],[80.7458784,19.6015384],[80.7462018,19.6014567],[80.7472374,19.6013006],[80.748421,19.6010148],[80.7492445,19.6007123],[80.7497814,19.6005151],[80.749964,19.6004299],[80.75112,19.599891],[80.7522116,19.5992278],[80.7533651,19.5984669],[80.7540035,19.5980963],[80.7551568,19.5976088],[80.7564747,19.597141],[80.757113,19.5969071],[80.7575215,19.5966735],[80.7578305,19.5964003],[80.758119,19.5959904],[80.7584488,19.5954829],[80.7586343,19.5950924],[80.7587582,19.5945847],[80.7590679,19.5929548],[80.7593153,19.5924277],[80.7596244,19.5919787],[80.7599952,19.591647],[80.7601939,19.5915186],[80.7604483,19.5913543],[80.7613337,19.5910229],[80.7624192,19.5908132],[80.7636545,19.5906382],[80.7648486,19.5905217],[80.7653221,19.5903853],[80.7659933,19.5899977],[80.7671879,19.5889829],[80.768362,19.5879485],[80.7694283,19.5866697],[80.7687711,19.5843063],[80.7685056,19.5831049],[80.7685886,19.582148],[80.7685895,19.5806833],[80.7685629,19.580421],[80.7683554,19.5792488],[80.7683272,19.5791133],[80.7680805,19.5786053],[80.7672788,19.5769449],[80.7671513,19.5765711],[80.7670323,19.5762221],[80.7670331,19.5749137],[80.767198,19.5745427],[80.7685781,19.5735894],[80.7688444,19.573345],[80.769608,19.5702403],[80.7699382,19.5690394],[80.7722242,19.5669706],[80.7732538,19.5660396],[80.7744899,19.5641264],[80.7751089,19.5625119],[80.7761586,19.5625125],[80.7776475,19.5631845],[80.7778047,19.5632555],[80.7797376,19.563748],[80.7805196,19.5638265],[80.7811338,19.5637469],[80.7813545,19.5636734],[80.7818955,19.5634934],[80.7825543,19.5631813],[80.7842015,19.5620103],[80.7855314,19.5610993],[80.7862726,19.5607677],[80.7876929,19.5603582],[80.7882692,19.560339],[80.7894424,19.5604177],[80.7929503,19.5611811],[80.7955844,19.5619244],[80.7969955,19.5624843],[80.7983536,19.5632856],[80.7991766,19.5638328],[80.7996705,19.5641064],[80.8014608,19.5648297],[80.8029219,19.5655724],[80.8040473,19.566483],[80.8054669,19.5679287],[80.8060399,19.5686632],[80.806328,19.5689563],[80.8064056,19.5689447],[80.8075013,19.568781],[80.8087775,19.5685861],[80.8096541,19.5687012],[80.8107861,19.5688969],[80.812165,19.5693661],[80.8136467,19.5700306],[80.8148814,19.5707145],[80.8161538,19.5711969],[80.8171214,19.5708652],[80.8177802,19.5704553],[80.8190901,19.5693323],[80.8209223,19.5685126],[80.8214575,19.5682784],[80.8226927,19.567478],[80.8234545,19.5669705],[80.8239595,19.5667214],[80.8256268,19.5665461],[80.8270264,19.5666636],[80.8285084,19.5666249],[80.8298934,19.5666552],[80.8313194,19.5673678],[80.8317928,19.567446],[80.8325956,19.567329],[80.8332798,19.5671454],[80.8347775,19.5667436],[80.8355933,19.5663568],[80.8359432,19.5661421],[80.8362109,19.5658687],[80.8365197,19.5652634],[80.8367258,19.5642284],[80.8368701,19.5633105],[80.8371743,19.5626144],[80.8378332,19.5616186],[80.8388214,19.5603493],[80.8394597,19.5594121],[80.839746,19.557838],[80.840055,19.5564515],[80.8403618,19.5547992],[80.8406501,19.5542524],[80.840424,19.5529243],[80.8400367,19.551723],[80.8397489,19.5502583],[80.8394006,19.5492105],[80.8401006,19.5477264],[80.8410241,19.5465004],[80.8416622,19.5457194],[80.8417448,19.5444695],[80.8418877,19.5426647],[80.8421554,19.5417859],[80.843226,19.5396574],[80.8436967,19.5384537],[80.8441084,19.5377117],[80.8459607,19.5365792],[80.847905,19.5356497],[80.8496749,19.5344977],[80.8495928,19.5331697],[80.8493257,19.5312442],[80.8493258,19.5306193],[80.849898,19.5289057],[80.8514826,19.5281637],[80.8527094,19.527447],[80.8534297,19.5267831],[80.8546645,19.5251037],[80.8556106,19.5235496],[80.8562074,19.5230028],[80.8565573,19.5227489],[80.8575244,19.5224951],[80.859963,19.5220496],[80.8608067,19.5217567],[80.8611565,19.5215224],[80.8612393,19.5214224],[80.8616092,19.5209756],[80.8619179,19.5207217],[80.8625147,19.5204093],[80.8637287,19.520136],[80.864371,19.5200581],[80.864483,19.5200446],[80.8648082,19.5200832],[80.866117,19.5204643],[80.8679465,19.5214468],[80.8685106,19.5217724],[80.8708207,19.51983],[80.8722336,19.5188764],[80.8726246,19.5187202],[80.873139,19.5187007],[80.8738386,19.5187983],[80.8743942,19.5189741],[80.8752996,19.5195209],[80.8765959,19.520556],[80.8771985,19.5210946],[80.8775751,19.5215497],[80.8781102,19.5222847],[80.8788922,19.5233979],[80.8795095,19.5238861],[80.8804682,19.5243037],[80.8807647,19.5244329],[80.8808642,19.524476],[80.8817113,19.524843],[80.8827814,19.525546],[80.8836868,19.5261709],[80.8840217,19.5259902],[80.8857138,19.5250771],[80.8871563,19.5242987],[80.8881453,19.5236699],[80.8893374,19.5229119],[80.8907715,19.5208854],[80.8912036,19.5205143],[80.8926398,19.5202695],[80.8927526,19.5202503],[80.8940184,19.520035],[80.8947591,19.5198201],[80.8949649,19.5196248],[80.8951089,19.5193318],[80.8950471,19.5189022],[80.8948,19.5173398],[80.8946996,19.5164943],[80.8946146,19.5157775],[80.8948355,19.5144165],[80.8948766,19.5138111],[80.8946296,19.5132838],[80.8941974,19.5125027],[80.8940133,19.5119455],[80.8940133,19.5117927],[80.8940133,19.5116135],[80.8944041,19.5108128],[80.8947126,19.5096214],[80.8945479,19.5090942],[80.8932103,19.5072692],[80.8938891,19.5057263],[80.8942777,19.5036862],[80.8941131,19.503198],[80.8938661,19.5027879],[80.893388,19.5025358],[80.8929402,19.5022997],[80.893862,19.5017883],[80.8945243,19.5014207],[80.8950151,19.5007885],[80.8955025,19.4971303],[80.8965047,19.4937442],[80.8972896,19.4870721],[80.8974891,19.4846744],[80.8976057,19.4832735],[80.8976099,19.4831224],[80.8976843,19.4804487],[80.8967895,19.4780135],[80.8957505,19.4758899],[80.8952749,19.4741101],[80.8952616,19.4721192],[80.894879,19.4696443],[80.8945336,19.4690676],[80.8936907,19.4670643],[80.8934312,19.4665797],[80.8930003,19.465992],[80.8917721,19.4647492],[80.8907419,19.4639219],[80.8901412,19.4634857],[80.8895759,19.462864],[80.8892902,19.4620901],[80.8887675,19.4605219],[80.8884731,19.4602863],[80.8876702,19.459695],[80.8869291,19.4592306],[80.8864686,19.4587762],[80.8861366,19.4583788],[80.8854524,19.4572745],[80.884386,19.455585],[80.8831238,19.4538071],[80.8822449,19.4527821],[80.8819011,19.4524426],[80.8800084,19.450298],[80.8783333,19.4487627],[80.8753694,19.4459848],[80.8736309,19.444988],[80.8733586,19.4448985],[80.8720205,19.4449012],[80.8708842,19.4450442],[80.8693466,19.4452954],[80.8678264,19.4451985],[80.8665379,19.4449485],[80.8655665,19.4446821],[80.8645588,19.4444623],[80.8637063,19.4447656],[80.8632649,19.4449404],[80.8631713,19.4449663],[80.8627696,19.4450644],[80.8618374,19.4451206],[80.8607981,19.4452544],[80.8600138,19.44538],[80.8595715,19.4453824],[80.8593626,19.4452816],[80.8592612,19.4452308],[80.8590793,19.4451362],[80.8587378,19.4451639],[80.8583761,19.4452871],[80.8577811,19.4456157],[80.856738,19.4460429],[80.8564828,19.4460444],[80.8561936,19.4459245],[80.8560448,19.445772],[80.8559565,19.4456768],[80.8553367,19.4453103],[80.854025,19.4448203],[80.853662,19.4447734],[80.8534538,19.4447466],[80.8529585,19.4448706],[80.8526642,19.4450639],[80.8521502,19.445411],[80.8516298,19.445765],[80.8513108,19.4461381],[80.8511638,19.4463099],[80.8507767,19.4465863],[80.850489,19.4466902],[80.8502338,19.4466661],[80.8499714,19.4466163],[80.849709,19.4464969],[80.8484965,19.4458017],[80.8479571,19.4454344],[80.8475941,19.445392],[80.8471786,19.4454644],[80.8468105,19.4455939],[80.8465306,19.4458638],[80.8462176,19.4461909],[80.8459588,19.4465626],[80.8457051,19.4467872],[80.8455446,19.4468508],[80.8454442,19.4468905],[80.845263,19.4468918],[80.8449201,19.4468173],[80.8445568,19.4466466],[80.8441943,19.4465979],[80.8437782,19.4466257],[80.8431483,19.4467313],[80.8424112,19.4468885],[80.8417914,19.4465022],[80.8410771,19.4460537],[80.8402955,19.4456112],[80.8395139,19.4452134],[80.838957,19.4450274],[80.836816,19.4444638],[80.8353279,19.4441185],[80.8342094,19.4437647],[80.8331458,19.4435744],[80.8329091,19.443532],[80.8326776,19.4435258],[80.8317373,19.4435004],[80.8308101,19.4434055],[80.8301267,19.4431873],[80.8297173,19.4428464],[80.8294239,19.4422106],[80.8291608,19.4415447],[80.8287737,19.4408817],[80.8284575,19.4405674],[80.8279536,19.4401411],[80.8274097,19.4399491],[80.8263325,19.4400034],[80.8248276,19.4402134],[80.8237452,19.4400633],[80.8236882,19.4400451],[80.8230612,19.4398451],[80.8221354,19.4385814],[80.8215657,19.4379813],[80.820569,19.4375658],[80.8193817,19.4369213],[80.817189,19.4355404],[80.8163371,19.4347423],[80.8155887,19.4344092],[80.8146527,19.4339634],[80.8136927,19.4334182],[80.8125271,19.4327561],[80.8111079,19.4327013],[80.8099753,19.4330197],[80.8087525,19.4333983],[80.8071841,19.4335515],[80.8053304,19.4333608],[80.8038988,19.4326976],[80.8022924,19.4323108],[80.8005836,19.4320885],[80.8005,19.4320843],[80.8001755,19.4320939],[80.7975452,19.4322258],[80.7958498,19.4322648],[80.7955968,19.4305491],[80.7957465,19.4299347],[80.7958802,19.4297293],[80.7965571,19.4286936],[80.7972993,19.4275987],[80.7978559,19.4268528],[80.7984899,19.4254891],[80.7992493,19.4240389],[80.7993234,19.4227203],[80.8007493,19.4223099],[80.802832,19.4215826],[80.8036488,19.4207092],[80.8042898,19.4194606],[80.8044063,19.4185237],[80.8045177,19.416678],[80.8048144,19.4144958],[80.804423,19.4135367],[80.8044731,19.411953],[80.8051235,19.4112683],[80.8060383,19.4106402],[80.8069769,19.4100138],[80.8087376,19.4089163],[80.8107149,19.407851],[80.8122273,19.4063642],[80.8127609,19.4053294],[80.813047,19.403629],[80.8138392,19.4017207],[80.8147648,19.3998291],[80.8158553,19.3985425],[80.8166481,19.3971513],[80.8164991,19.3954095],[80.8166796,19.3931185],[80.8164646,19.392018],[80.8172651,19.3896845],[80.8174575,19.3884288],[80.8172009,19.3861536],[80.8170594,19.3847801],[80.8173306,19.3839068],[80.8193823,19.3820287],[80.820671,19.3811642],[80.8213222,19.3812265],[80.8225236,19.3811971],[80.8234897,19.381008],[80.8255927,19.3808791],[80.8269255,19.380625],[80.8283933,19.3800784],[80.8315948,19.3784788],[80.8330767,19.377105],[80.8339686,19.3766949],[80.8347854,19.3765918],[80.8360556,19.3761283],[80.8370617,19.3755963],[80.8383812,19.3743308],[80.8403438,19.3730463],[80.8418513,19.3719149],[80.843849,19.3711722],[80.8451271,19.3707899],[80.8468112,19.3702749],[80.8484859,19.3699551],[80.8490536,19.3697379],[80.8499273,19.3692005],[80.8502818,19.3688706],[80.8504754,19.3680975],[80.8511003,19.3674341],[80.8514443,19.3665523],[80.8522716,19.3646685],[80.8526809,19.3641272],[80.8528527,19.3638999],[80.8527666,19.3637748],[80.852215,19.3634061],[80.8515368,19.3628906],[80.8510702,19.3624204],[80.8506843,19.3616828],[80.8502366,19.3605984],[80.8495006,19.359172],[80.8489486,19.3584382],[80.8480078,19.3571997],[80.8470331,19.3560111],[80.8460777,19.3552533],[80.8446926,19.354423],[80.8426743,19.3534582],[80.8409028,19.3525701],[80.8390611,19.3516836],[80.8376942,19.3508861],[80.8369688,19.3505712],[80.8363019,19.3504702],[80.8358805,19.3503969],[80.8352828,19.3502779],[80.8347523,19.3500585],[80.8344744,19.349877],[80.8332698,19.3493526],[80.8329847,19.3493195],[80.832174,19.3490726],[80.830357,19.3481838],[80.8295973,19.3475399],[80.8273934,19.3459203],[80.8245555,19.3442695],[80.8215249,19.3429669],[80.8202049,19.3423724],[80.8186384,19.3413162],[80.8169969,19.3399596],[80.8153796,19.3385565],[80.8150912,19.3384039],[80.8146635,19.3382617],[80.813123,19.3377823],[80.8115833,19.3371785],[80.8100738,19.3362119],[80.8096069,19.3357253],[80.8093512,19.3353],[80.809233,19.3347714],[80.8091681,19.3342755],[80.8091514,19.3336123],[80.8088163,19.3328237],[80.8082747,19.3321393],[80.8077208,19.3309906],[80.8073075,19.3298392],[80.8068208,19.3285894],[80.8060941,19.3275114],[80.8049937,19.3268732],[80.803307,19.3265469],[80.8015612,19.3266866],[80.8007966,19.3268704],[80.7994614,19.3266355],[80.7988311,19.3266167],[80.7983322,19.3262302],[80.7979317,19.3256087],[80.7972798,19.3247278],[80.7964183,19.3238518],[80.7956724,19.3234044],[80.7944409,19.3231009],[80.7938073,19.3229499],[80.793213,19.3229636],[80.7928293,19.3231062],[80.7924509,19.3232468],[80.7918265,19.3234601],[80.7909933,19.3237115],[80.7902212,19.3235965],[80.7893705,19.3231514],[80.7891416,19.3229389],[80.788708,19.3225364],[80.7879211,19.3218576],[80.7863572,19.3208649],[80.7852223,19.3202274],[80.7832034,19.3192451],[80.7815715,19.3183205],[80.780503,19.3175487],[80.7789383,19.3165225],[80.7780467,19.3158461],[80.7763462,19.3149892],[80.7742124,19.3135782],[80.7735474,19.3121669],[80.7731991,19.3108144],[80.7730014,19.3098897],[80.7722039,19.3087804],[80.7713434,19.307937],[80.7706964,19.3072221],[80.7702641,19.3067341],[80.7697079,19.305453],[80.7686124,19.3036197],[80.7673949,19.3024866],[80.7661469,19.3017996],[80.765642,19.3012658],[80.7640883,19.2992603],[80.7636452,19.2983084],[80.7630401,19.2971941],[80.7624409,19.2970089],[80.762039,19.2970181],[80.7609102,19.2966454],[80.760167,19.2962978],[80.7597362,19.2958431],[80.7595631,19.2951806],[80.7597416,19.2938805],[80.7599895,19.2927302],[80.7597885,19.2918599],[80.7594903,19.2912495],[80.7591375,19.2910275],[80.7583679,19.29065],[80.7573248,19.2901429],[80.7566411,19.2900382],[80.7561851,19.2896718],[80.7557314,19.2892729],[80.7552923,19.2890817],[80.7542036,19.2889709],[80.7529056,19.2889103],[80.7517725,19.2881956],[80.7509574,19.2877586],[80.7500949,19.2878139],[80.7494436,19.2879641],[80.7484238,19.2881759],[80.7483783,19.2881762],[80.7470509,19.288186],[80.7451547,19.2884091],[80.7441486,19.2888671],[80.743609,19.2891031],[80.7431276,19.2890203],[80.7428807,19.2887554],[80.742777,19.288608],[80.7427292,19.2884398],[80.7424847,19.2875791],[80.7422947,19.2870803],[80.741366,19.2868125],[80.7399068,19.2861203],[80.7383164,19.285456],[80.7378934,19.2854424],[80.7372663,19.2856369],[80.7363089,19.2862273],[80.7348505,19.2865469],[80.7333771,19.2864508],[80.7314729,19.2865012],[80.7281632,19.2871266],[80.7281621,19.2871269],[80.7265632,19.2871761],[80.7251043,19.286872],[80.7237328,19.2862074],[80.7221566,19.2848776],[80.721695,19.2846643],[80.7209947,19.2845122],[80.7189674,19.2849014],[80.7176985,19.2850822],[80.7172025,19.2849439],[80.7166244,19.2845092],[80.7153401,19.2834287],[80.7137204,19.2822651],[80.7123199,19.2818639],[80.7107596,19.2817564],[80.7094469,19.2818263],[80.707872,19.282631],[80.7073906,19.2826035],[80.7070551,19.2825066],[80.7062449,19.2819988],[80.7057052,19.2819713],[80.7054134,19.2819714],[80.7051364,19.2822627],[80.704597,19.2828173],[80.7043637,19.2830531],[80.7041872,19.2830919],[80.7041741,19.2830947],[80.7040283,19.2830948],[80.7040192,19.2830912],[80.7040168,19.2830903],[80.7038398,19.2829956],[80.7038265,19.2829885],[80.7036635,19.2827623],[80.7034445,19.2824852],[80.7032111,19.2823051],[80.7018544,19.2820977],[80.7015391,19.2822037],[80.7001978,19.2837429],[80.6997168,19.2843807],[80.6993085,19.2847412],[80.6988797,19.2848432],[80.6976981,19.2844972],[80.6966769,19.2842758],[80.6956996,19.2843316],[80.6940889,19.284839],[80.6925284,19.2855188],[80.6912013,19.2861846],[80.6896992,19.2869752],[80.6895477,19.2873274],[80.6893731,19.2883254],[80.6891778,19.2904169],[80.6891498,19.2907171],[80.6889316,19.2922835],[80.688736,19.2940217],[80.6886489,19.2951722],[80.6890385,19.2970075],[80.6891515,19.2983952],[80.6892647,19.2997859],[80.6896385,19.3025363],[80.6899601,19.3041302],[80.6903776,19.3057031],[80.690505,19.3060862],[80.690991,19.3075464],[80.6917587,19.3092421],[80.6925471,19.3107527],[80.6932728,19.3144088],[80.6931536,19.3155464],[80.6931003,19.315771],[80.6928917,19.3163497],[80.6925757,19.3172266],[80.6919703,19.3186746],[80.6916986,19.3190811],[80.6910809,19.3200055],[80.690494,19.3206191],[80.689907,19.3212325],[80.6890318,19.3217457],[80.6883172,19.3222865],[80.6880693,19.3228411],[80.6875965,19.3241639],[80.6868968,19.3257581],[80.6861324,19.3267339],[80.685882,19.3269779],[80.6849656,19.3278709],[80.6839154,19.3286197],[80.6826687,19.3293332],[80.6813703,19.3298603],[80.6808593,19.3300239],[80.6798969,19.3303321],[80.6779214,19.3304773],[80.6773098,19.3304035],[80.674828,19.3301039],[80.67313,19.3300127],[80.6718168,19.329625],[80.670201,19.328839],[80.6700511,19.328766],[80.668539,19.3277609],[80.6657957,19.3262784],[80.6638925,19.3254657],[80.6607554,19.3245515],[80.6580189,19.3238499],[80.6558449,19.3234899],[80.6540502,19.322811],[80.6534057,19.3223852],[80.653379,19.3223676],[80.6530725,19.3221042],[80.6526723,19.3212258],[80.6521761,19.320117],[80.651855,19.3194795],[80.6511887,19.3186278],[80.6498171,19.3174498],[80.6491168,19.3170063],[80.6487812,19.3167014],[80.6485038,19.3158975],[80.6483579,19.3157173],[80.6481828,19.3156619],[80.6480515,19.3156619],[80.6478181,19.3158422],[80.647293,19.3163967],[80.6469866,19.3164937],[80.6467532,19.3164245],[80.646101,19.3161312],[80.6449341,19.3157642],[80.6430975,19.3153624],[80.6407994,19.3148161],[80.6391056,19.3139264],[80.6379399,19.3134973],[80.6371216,19.3134432],[80.6364936,19.3133303],[80.6362842,19.3131451],[80.6361795,19.3129509],[80.6361367,19.3123953],[80.6359463,19.3114965],[80.6353706,19.3106564],[80.6333151,19.3085606],[80.6324254,19.3077431],[80.631512,19.3071695],[80.6300228,19.3068217],[80.6288287,19.306894],[80.6279248,19.3070025],[80.6267639,19.3068579],[80.6251131,19.3063882],[80.6241378,19.3057649],[80.6232909,19.3057242],[80.6222776,19.3061172],[80.6212595,19.3065463],[80.619856,19.3066998],[80.6188664,19.3072554],[80.6170204,19.308371],[80.6149793,19.3098253],[80.6141753,19.3099789],[80.6130668,19.3096716],[80.6125435,19.309518],[80.6123389,19.3098116],[80.6122176,19.310272],[80.6120961,19.3107331],[80.6115442,19.3117042],[80.6106972,19.3125894],[80.6103689,19.3134295],[80.6102831,19.3146355],[80.6100642,19.3151234],[80.609065,19.3162932],[80.6078944,19.3182308],[80.6074946,19.3197214],[80.6068235,19.3219662],[80.6069042,19.3228877],[80.6078509,19.3248707],[80.6079555,19.3254669],[80.6076557,19.3261264],[80.606999,19.3266954],[80.6054239,19.3278019],[80.6045102,19.3290575],[80.6039724,19.3303358],[80.6032489,19.3321018],[80.6024922,19.3332535],[80.6009217,19.3351595],[80.5996795,19.3368486],[80.5996795,19.3368487],[80.5988561,19.3378964],[80.5979518,19.3390888],[80.5970664,19.3407464],[80.596086,19.3421465],[80.5953053,19.3439395],[80.5944865,19.3451861],[80.5934869,19.3468572],[80.5928015,19.3479411],[80.5914782,19.349707],[80.5900311,19.351771],[80.5899358,19.3523039],[80.5900784,19.3529137],[80.590787,19.3548606],[80.5908389,19.3576972],[80.5907102,19.3586549],[80.5900435,19.3606286],[80.5895292,19.3620874],[80.5893195,19.3632844],[80.5893245,19.3638595],[80.5893335,19.364906],[80.5891809,19.3659268],[80.5888857,19.3667443],[80.5883351,19.3689588],[80.588295,19.3691201],[80.5882234,19.3702583],[80.588385,19.370841],[80.5892225,19.3717897],[80.59134,19.373773],[80.5917539,19.3750559],[80.5917965,19.3759141],[80.5904301,19.3781678],[80.5899157,19.3797486],[80.5895396,19.3803583],[80.5886256,19.380864],[80.5880309,19.3823736],[80.5876398,19.3833662],[80.5864064,19.3861167],[80.5852871,19.3888673],[80.584244,19.3918121],[80.5838837,19.3924885],[80.5826295,19.3948425],[80.5821343,19.3955787],[80.580958,19.3978865],[80.5804484,19.3986091],[80.5793246,19.3999774],[80.5787247,19.4006457],[80.5783962,19.4010116],[80.5770821,19.4018424],[80.5759251,19.402357],[80.5750825,19.4024832],[80.5744975,19.4024765],[80.5730737,19.40246],[80.5699226,19.4016958],[80.5674903,19.4010221],[80.564763,19.4001358],[80.5624785,19.3991007],[80.5606558,19.3978399],[80.5592188,19.3966108],[80.5576439,19.3947808],[80.5562499,19.3931226],[80.5552698,19.3917763],[80.554485,19.3906151],[80.5533525,19.3897609],[80.5520964,19.3885364],[80.5512494,19.3880257],[80.5502359,19.3871309],[80.5493177,19.3862858],[80.5480185,19.3856303],[80.5470714,19.3854221],[80.5454867,19.3846672],[80.5441734,19.3838761],[80.5438691,19.383334],[80.5436315,19.382557],[80.5432036,19.3816082],[80.5426042,19.3808898],[80.541567,19.3801124],[80.5394163,19.3787879],[80.5384268,19.3777893],[80.5374425,19.3761582],[80.5366294,19.3746492],[80.5350885,19.3723945],[80.5340376,19.3707272],[80.5328205,19.3685179],[80.5314796,19.3663717],[80.5305952,19.3647406],[80.5288876,19.3631001],[80.5275991,19.3610849],[80.52681,19.3596029],[80.5256072,19.3575696],[80.5252214,19.3568476],[80.5249136,19.3562715],[80.5248371,19.3561283],[80.5242261,19.3546004],[80.5239248,19.3538468],[80.523212,19.3521164],[80.5218903,19.3500153],[80.5209395,19.3485874],[80.5203309,19.3477696],[80.5197601,19.3473943],[80.5181188,19.3468061],[80.5160445,19.3459286],[80.5152352,19.3453246],[80.5144274,19.3447217],[80.5136852,19.344405],[80.5116632,19.3439249],[80.5088467,19.3430063],[80.5068105,19.3424178],[80.5053782,19.3422633],[80.5035983,19.3425106],[80.501233,19.3429832],[80.498453,19.3430304],[80.4968389,19.3431721],[80.4957445,19.3432316],[80.4944785,19.3430743],[80.4915897,19.3424212],[80.4901286,19.3421376],[80.4899356,19.3420977],[80.4883438,19.3417684],[80.4865734,19.3412636],[80.4855737,19.3407809],[80.4841692,19.3397067],[80.482498,19.3381358],[80.4814932,19.3369891],[80.4801406,19.3352102],[80.4785095,19.3326332],[80.4784974,19.3326139],[80.4770492,19.3299227],[80.4760579,19.3274525],[80.4756431,19.3260163],[80.4752994,19.3248311],[80.4746895,19.3227286],[80.4735551,19.3194047],[80.4728499,19.3176977],[80.4726542,19.3166228],[80.4718729,19.3150423],[80.4713394,19.313832],[80.4703485,19.3117548],[80.4692961,19.3099892],[80.4675248,19.3074696],[80.4666154,19.3062686],[80.4658526,19.3051254],[80.4630302,19.3009178],[80.4615726,19.2974314],[80.4602817,19.2942702],[80.4588102,19.2913665],[80.4573626,19.2883408],[80.4566049,19.2856716],[80.4560564,19.2826546],[80.4558565,19.2805181],[80.4556734,19.2778126],[80.4553236,19.2765934],[80.4552303,19.276268],[80.454735,19.2749944],[80.4536924,19.2731068],[80.4521692,19.2709303],[80.4511556,19.2696705],[80.4484097,19.2666317],[80.4460256,19.2641709],[80.4449741,19.2633312],[80.4427237,19.2614665],[80.4410585,19.2602295],[80.4376998,19.2578683],[80.4358683,19.2569068],[80.4313255,19.2547312],[80.4298699,19.2540766],[80.4267448,19.2531019],[80.4217602,19.251572],[80.4191585,19.2509809],[80.4184547,19.250954],[80.4178316,19.2511257],[80.4175605,19.2511259],[80.4166093,19.2510538],[80.4152301,19.2508689],[80.4149447,19.2506614],[80.414418,19.2504948],[80.4139316,19.250341],[80.4111874,19.2499214],[80.4089444,19.2494337],[80.4064313,19.2490325],[80.4045575,19.2488115],[80.4031686,19.2485135],[80.4017656,19.2481208],[80.3999726,19.2477733],[80.398465,19.2474031],[80.3970857,19.2469831],[80.3955019,19.2464684],[80.3945269,19.2458],[80.39359,19.2450096],[80.3931999,19.2445128],[80.3921345,19.2428597],[80.3917729,19.2418976],[80.3906409,19.2401678],[80.3899656,19.2393006],[80.3890286,19.2379681],[80.3887432,19.2372996],[80.3884055,19.2365092],[80.3879614,19.2354979],[80.3879393,19.2354477],[80.3871975,19.2345353],[80.3865459,19.2336681],[80.3863128,19.2330041],[80.3863366,19.232408],[80.3865457,19.2317665],[80.386619,19.2309094],[80.3863506,19.2288531],[80.3863164,19.2273128],[80.3862837,19.2270528],[80.3861697,19.2265313],[80.3857797,19.2252982],[80.3851947,19.2231979],[80.384781,19.2222584],[80.384467,19.2215673],[80.3842578,19.2207994],[80.384201,19.2196952],[80.3840388,19.2176646],[80.3839056,19.2159121],[80.3839341,19.2150222],[80.3842764,19.2134096],[80.3845901,19.2125333],[80.3851083,19.2115079],[80.3858262,19.2102839],[80.3868579,19.2087299],[80.3875758,19.2078761],[80.3882508,19.2070495],[80.3892445,19.2057756],[80.3902951,19.204827],[80.3909845,19.2038513],[80.3917974,19.202627],[80.3925246,19.2010234],[80.3933232,19.199072],[80.394345,19.1963707],[80.3946017,19.1954042],[80.394844,19.1939361],[80.3949199,19.1929965],[80.3948294,19.1918989],[80.3948077,19.191646],[80.3947199,19.1906251],[80.3945772,19.1897398],[80.3943442,19.1889584],[80.3938449,19.1877976],[80.3931411,19.1866232],[80.3921569,19.1852412],[80.3912297,19.1839584],[80.3903168,19.1828067],[80.3892138,19.1816459],[80.3876592,19.1805077],[80.3852441,19.1790534],[80.383081,19.1779062],[80.379045,19.1759234],[80.3774335,19.1751329],[80.3764969,19.1746903],[80.3751992,19.174094],[80.3743388,19.1738502],[80.3733786,19.1734301],[80.3730712,19.1732887],[80.3714438,19.1725402],[80.3700652,19.1719213],[80.3687152,19.1713296],[80.3683975,19.171153],[80.3676504,19.1707378],[80.3666094,19.1701189],[80.3654163,19.1694052],[80.364247,19.1685875],[80.361818,19.1669342],[80.3610148,19.1664146],[80.3594795,19.1655472],[80.3585716,19.1650052],[80.3574831,19.1645623],[80.3569079,19.1644132],[80.3561807,19.1642416],[80.3547404,19.1635232],[80.3526396,19.1625834],[80.3518601,19.16224],[80.3511852,19.1619689],[80.3503771,19.1615713],[80.3486375,19.1606812],[80.3478866,19.1601165],[80.347497,19.1593485],[80.347326,19.158287],[80.347716,19.1573249],[80.3480535,19.1568056],[80.348472,19.1559925],[80.3486003,19.1552744],[80.3482631,19.1542851],[80.3481269,19.1537391],[80.3477833,19.1523608],[80.3472312,19.151643],[80.3471371,19.1515205],[80.346695,19.1511772],[80.346044,19.150757],[80.3445225,19.1498955],[80.3439433,19.1496184],[80.3432922,19.1492253],[80.3424368,19.1486334],[80.341762,19.1476666],[80.3406835,19.1462075],[80.3398517,19.1457647],[80.3393401,19.1459125],[80.3371567,19.1464146],[80.3361206,19.1465137],[80.3351842,19.1465135],[80.3343002,19.146292],[80.3335969,19.146066],[80.3330789,19.1455238],[80.3324329,19.1441415],[80.332325,19.143835],[80.3322904,19.1437367],[80.3320672,19.1431025],[80.3316493,19.1416344],[80.331179,19.1408167],[80.3307134,19.1403016],[80.3302715,19.139904],[80.3300624,19.1397052],[80.3295445,19.1390908],[80.3292072,19.1385441],[80.3290791,19.1378801],[80.3287893,19.1374825],[80.3284805,19.1370895],[80.3277916,19.1361498],[80.3273783,19.1355037],[80.3274307,19.1351108],[80.3276399,19.1347404],[80.3278206,19.1345914],[80.3281818,19.1343476],[80.328757,19.1340496],[80.3290498,19.1338805],[80.3294842,19.1336297],[80.3300025,19.1327174],[80.3301833,19.132076],[80.330483,19.1309378],[80.3308731,19.1292801],[80.3312346,19.1279477],[80.3313917,19.1270579],[80.3312636,19.1261454],[80.3308077,19.1249844],[80.3305753,19.1234305],[80.330547,19.1224413],[80.3305304,19.1217278],[80.3305235,19.1214295],[80.3306806,19.12049],[80.3313938,19.1191576],[80.3322257,19.1178976],[80.3337087,19.1156014],[80.3346417,19.114279],[80.3353158,19.1133316],[80.3359003,19.1125367],[80.3362141,19.1118456],[80.3361619,19.1113758],[80.3361568,19.11136],[80.3362003,19.1104906],[80.3363428,19.1100433],[80.3366132,19.1093319],[80.3367565,19.1089548],[80.3373174,19.1080425],[80.3383347,19.1063895],[80.3390098,19.1043615],[80.3390164,19.1043334],[80.3393333,19.1029793],[80.3395426,19.1016197],[80.3395903,19.101028],[80.3396189,19.1005085],[80.339619,19.100111],[80.3395603,19.0999644],[80.3394907,19.0997903],[80.3391249,19.0996186],[80.3382696,19.0996681],[80.3376709,19.099668],[80.3372053,19.0995956],[80.3367872,19.0994194],[80.336217,19.0991257],[80.3359558,19.0988546],[80.3350483,19.0983575],[80.3340078,19.0979869],[80.332231,19.0971012],[80.3318286,19.0968535],[80.3313323,19.0964366],[80.3311146,19.0961613],[80.3306729,19.0955424],[80.3301266,19.0950996],[80.3296087,19.0951221],[80.3289862,19.0952981],[80.3284398,19.0953476],[80.3280739,19.0952979],[80.3279219,19.0950494],[80.3279221,19.0946564],[80.3279783,19.0943735],[80.3281355,19.0939345],[80.3281974,19.0929685],[80.3281978,19.0919693],[80.3281962,19.0918379],[80.3282699,19.0910745],[80.3284792,19.0902073],[80.328581,19.0897987],[80.3288139,19.0890767],[80.3295825,19.0867023],[80.3301247,19.0843084],[80.3303748,19.0834733],[80.3305666,19.0830506],[80.3311439,19.0813496],[80.3308913,19.0798616],[80.3305904,19.0793314],[80.3302734,19.0790461],[80.3299566,19.0783795],[80.3297796,19.078007],[80.3291291,19.0764756],[80.328925,19.0759109],[80.3288776,19.0752038],[80.3288588,19.0749217],[80.3290681,19.073937],[80.3294058,19.0724284],[80.3296674,19.0710191],[80.3296676,19.0705857],[80.3296677,19.0701067],[80.3294587,19.0699079],[80.3278627,19.0689725],[80.327212,19.0686245],[80.326072,19.0681318],[80.3250317,19.0675895],[80.3243287,19.0672415],[80.3238916,19.0672911],[80.323084,19.0672909],[80.3224332,19.067241],[80.3218632,19.0669969],[80.320709,19.0663281],[80.3199586,19.0658806],[80.3193365,19.0651171],[80.3182964,19.0642269],[80.3171518,19.063287],[80.3166104,19.0628668],[80.3156985,19.0623967],[80.3151048,19.0620532],[80.3139222,19.0612127],[80.312678,19.0602004],[80.3103415,19.058325],[80.3090403,19.0571863],[80.3072642,19.0558531],[80.3059392,19.0550125],[80.3046427,19.0541492],[80.3039921,19.0538283],[80.3017884,19.0528382],[80.3002827,19.0523949],[80.2996844,19.0519249],[80.2992951,19.0514278],[80.2989202,19.0506643],[80.298379,19.0500227],[80.2977807,19.0494262],[80.2973392,19.0490059],[80.2967933,19.0482423],[80.2965085,19.0477227],[80.2963806,19.0468825],[80.2964854,19.0462682],[80.2966733,19.0456516],[80.2967043,19.0455501],[80.2969271,19.0450351],[80.2974841,19.0437481],[80.2978978,19.0426868],[80.2979789,19.0420183],[80.2982357,19.0412776],[80.2986582,19.0402371],[80.2988589,19.0399059],[80.2997303,19.0393455],[80.3000181,19.0386358],[80.3000183,19.0382915],[80.3000184,19.0379944],[80.3000423,19.0376014],[80.3003037,19.0372537],[80.3005603,19.0371319],[80.3008215,19.0370823],[80.3014438,19.0370554],[80.3018333,19.0368839],[80.3022516,19.0360936],[80.3028755,19.0349056],[80.3029647,19.0347117],[80.3033846,19.0335152],[80.3035639,19.0330045],[80.3039255,19.0316224],[80.3040455,19.0311406],[80.3041348,19.0307823],[80.3043156,19.0300415],[80.3043157,19.0297989],[80.3043158,19.0294769],[80.3043159,19.0293007],[80.3044873,19.0283884],[80.3049814,19.0278691],[80.3050959,19.0275402],[80.3051621,19.0273497],[80.3050579,19.0268573],[80.3048776,19.02641],[80.3044883,19.0258678],[80.3039189,19.0246841],[80.3037861,19.0242143],[80.3035158,19.0233244],[80.3031268,19.0221633],[80.3026914,19.0215564],[80.3024006,19.0212009],[80.3018784,19.0206044],[80.3012565,19.0199628],[80.3008395,19.0196006],[80.2998672,19.0190651],[80.2992339,19.0187017],[80.2988304,19.0182589],[80.2981281,19.017048],[80.2972215,19.0158099],[80.296391,19.0146487],[80.294535,19.0125746],[80.2936534,19.0116006],[80.2932629,19.0111692],[80.2921761,19.0098317],[80.2915258,19.0092171],[80.2909039,19.0086702],[80.2908326,19.0086425],[80.2904623,19.0084984],[80.2900207,19.0083762],[80.2892943,19.0081274],[80.2879839,19.0074854],[80.2870487,19.006821],[80.2864791,19.0063012],[80.2861658,19.0060029],[80.2855962,19.0054606],[80.2853638,19.0050178],[80.2852074,19.0043989],[80.2847378,19.0033869],[80.2840638,19.0027451],[80.2832617,19.0020039],[80.2819801,19.0008494],[80.2782116,18.9975138],[80.2777939,18.9971568],[80.2775517,18.9969669],[80.2768967,18.9964923],[80.2762844,18.9961171],[80.2757641,18.9958401],[80.2756387,18.9957734],[80.2743381,18.9949506],[80.2740106,18.9946929],[80.2738209,18.9944353],[80.2736739,18.9940061],[80.2734085,18.9931794],[80.2732048,18.9923707],[80.2729774,18.9914355],[80.2729681,18.99102],[80.2729498,18.9899856],[80.2729413,18.9884497],[80.2729143,18.9859653],[80.2729098,18.985482],[80.2729107,18.9839597],[80.2729116,18.9824375],[80.2729553,18.9809559],[80.2730319,18.9799531],[80.2731274,18.9791266],[80.2732989,18.9779568],[80.2734799,18.9771754],[80.273694,18.9764618],[80.2738653,18.9758792],[80.2740225,18.9749894],[80.2741943,18.9734944],[80.2742854,18.9719812],[80.2743096,18.9711861],[80.2741491,18.9695735],[80.2740266,18.9681099],[80.273975,18.9669896],[80.2739325,18.9665108],[80.2737719,18.9652956],[80.2736537,18.9645548],[80.2733982,18.9630685],[80.2732308,18.9624056],[80.273024,18.9615866],[80.2727258,18.9601184],[80.2725413,18.9589755],[80.2724893,18.9586186],[80.2722904,18.9577512],[80.2717835,18.9560751],[80.2715275,18.9553658],[80.2711104,18.954277],[80.2707121,18.9535133],[80.27002,18.951941],[80.2695129,18.9505539],[80.2693944,18.9501744],[80.2692998,18.9496685],[80.2691248,18.9486746],[80.2690682,18.9480738],[80.2690687,18.947211],[80.2690981,18.9457475],[80.2691655,18.9442659],[80.2694608,18.9427573],[80.2697701,18.941538],[80.2699842,18.9407521],[80.2700141,18.9406535],[80.2702506,18.9398759],[80.2708781,18.938476],[80.2715767,18.9371076],[80.2719616,18.9365252],[80.272337,18.9357711],[80.2728362,18.9346195],[80.2731119,18.933942],[80.2735111,18.933075],[80.273725,18.9326957],[80.2741146,18.9320996],[80.2747274,18.9313501],[80.2753686,18.9306503],[80.2761998,18.9297654],[80.2769169,18.9291152],[80.2784556,18.9277971],[80.2808763,18.9257752],[80.2831665,18.9238877],[80.2840451,18.9231653],[80.2856216,18.9218697],[80.285954,18.9216259],[80.2865807,18.9212874],[80.2873451,18.9208587],[80.2890591,18.9198386],[80.2913285,18.9184755],[80.2917654,18.9181956],[80.2941301,18.9162497],[80.2948518,18.9156312],[80.2977008,18.9130576],[80.2989353,18.9119515],[80.29979,18.9111162],[80.3000559,18.9108407],[80.3007163,18.9095039],[80.3012673,18.9083116],[80.3015286,18.9076161],[80.3018612,18.9069296],[80.3020369,18.9066134],[80.3022235,18.9062912],[80.3023219,18.9061212],[80.3027594,18.9055012],[80.3028063,18.9054348],[80.3032337,18.904902],[80.3038462,18.9042562],[80.3046248,18.9034705],[80.3051424,18.9029513],[80.3056741,18.9023958],[80.3063959,18.9016192],[80.3067252,18.9012623],[80.3073834,18.900549],[80.3079438,18.8999078],[80.3087746,18.8988917],[80.3102466,18.8969769],[80.31075,18.8962543],[80.3114955,18.8951841],[80.3119772,18.8944379],[80.3137699,18.8920003],[80.3141212,18.8914538],[80.3145913,18.8906951],[80.3150328,18.8900854],[80.3154981,18.8894893],[80.3161059,18.8887622],[80.3164572,18.8883693],[80.3171455,18.8876558],[80.3178813,18.8869242],[80.318674,18.8862289],[80.3194478,18.8856329],[80.3198073,18.8853811],[80.3198797,18.8853303],[80.3201978,18.8851498],[80.3206771,18.8849511],[80.3213557,18.8847074],[80.3217639,18.8846172],[80.3221815,18.8845044],[80.3224853,18.8843102],[80.3235011,18.8834839],[80.3239948,18.8830819],[80.3244884,18.8826394],[80.3251197,18.8820026],[80.3256703,18.8814427],[80.3261925,18.8808963],[80.3272178,18.879695],[80.3278778,18.8786652],[80.3280392,18.8783626],[80.3283051,18.8776535],[80.3285567,18.8769895],[80.3287704,18.8766689],[80.3291739,18.876154],[80.3298574,18.8753501],[80.3304555,18.8746862],[80.3309918,18.8740449],[80.3319127,18.8729113],[80.3324396,18.8722429],[80.3343382,18.8698131],[80.3350454,18.8688782],[80.3355819,18.8680788],[80.3368872,18.8660102],[80.3378887,18.8644881],[80.3394075,18.8621621],[80.3401433,18.8607665],[80.3413537,18.8584629],[80.3422508,18.8567375],[80.3431763,18.8550979],[80.3436414,18.854434],[80.3441207,18.8538107],[80.3446142,18.8532145],[80.3468731,18.8505994],[80.3483015,18.8489961],[80.3489137,18.848287],[80.3492601,18.8477991],[80.3495163,18.8472436],[80.3498106,18.8465209],[80.3505605,18.8446734],[80.3517185,18.8416019],[80.3519416,18.8409289],[80.3522359,18.8399352],[80.3526109,18.8381013],[80.352758,18.8373243],[80.3530619,18.8357614],[80.3534605,18.8340991],[80.3534912,18.8338399],[80.3534985,18.8337784],[80.3536833,18.831992],[80.3539783,18.8292522],[80.3541255,18.8282359],[80.3542347,18.8273099],[80.3543107,18.8264562],[80.3542443,18.8259773],[80.354069,18.8249067],[80.3539409,18.8241252],[80.3535949,18.8222099],[80.3533294,18.8210671],[80.3527414,18.8189846],[80.3524569,18.8183974],[80.3514136,18.8162922],[80.3507876,18.8152622],[80.3505978,18.8150589],[80.3503512,18.814842],[80.3500382,18.8146839],[80.349597,18.8145303],[80.3492413,18.8144489],[80.3477756,18.8142726],[80.347306,18.8142363],[80.3469436,18.8141832],[80.3465043,18.8141188],[80.34566,18.8139786],[80.3451525,18.8138927],[80.3441422,18.8135763],[80.3431176,18.8131335],[80.3425628,18.8128308],[80.3418038,18.812397],[80.3407509,18.8117372],[80.3400442,18.8112674],[80.3391336,18.8106348],[80.3384223,18.8101016],[80.3375165,18.8094148],[80.3366912,18.8087145],[80.336051,18.808082],[80.3356053,18.8076346],[80.3339976,18.8062431],[80.3337151,18.8060017],[80.3323231,18.8049213],[80.3321102,18.804761],[80.3316027,18.8044808],[80.3306969,18.8039521],[80.3299381,18.8034098],[80.3294022,18.8029986],[80.328615,18.8024383],[80.3278041,18.8019593],[80.3264525,18.8011052],[80.3251295,18.800215],[80.3245983,18.7998625],[80.3229954,18.7989677],[80.3227772,18.7988953],[80.3224547,18.7988726],[80.3224326,18.7988736],[80.3212446,18.7989417],[80.319419,18.7991654],[80.3186459,18.7992736],[80.3162789,18.799702],[80.3150931,18.7999184],[80.3147847,18.7999816],[80.314486,18.799995],[80.3140116,18.7999271],[80.3132861,18.7997236],[80.3119769,18.7993117],[80.310635,18.7988915],[80.3090699,18.7985929],[80.3080786,18.7984616],[80.3075237,18.798362],[80.307002,18.7982398],[80.3059871,18.7979413],[80.3051336,18.7975118],[80.3051156,18.7975022],[80.3045408,18.7971955],[80.3039529,18.7968249],[80.3032321,18.7963412],[80.3016579,18.7953875],[80.3011018,18.7951205],[80.3010177,18.7950801],[80.3005245,18.7948269],[80.2999365,18.7944472],[80.2993202,18.7939636],[80.2986896,18.7934529],[80.2976655,18.7924994],[80.2969686,18.791799],[80.2966868,18.7914589],[80.2965041,18.7912386],[80.2960871,18.7906422],[80.2955562,18.7898288],[80.2950207,18.7889884],[80.2943951,18.7879898],[80.2936748,18.786657],[80.2926749,18.7850936],[80.2918312,18.7839278],[80.29149,18.7834714],[80.2913195,18.7829248],[80.2911681,18.7821522],[80.2909979,18.7811358],[80.2909886,18.7811013],[80.2908985,18.7807654],[80.2906425,18.780422],[80.2901117,18.7798751],[80.2896842,18.7794049],[80.2894338,18.7791295],[80.2891116,18.7787634],[80.2888698,18.778429],[80.2884483,18.7773763],[80.2883252,18.7769201],[80.2883538,18.7765632],[80.2884776,18.7757863],[80.2885964,18.7750998],[80.2886156,18.7747067],[80.2886158,18.7743499],[80.2885486,18.7741548],[80.2884975,18.7740065],[80.2883742,18.7737807],[80.2881894,18.7735999],[80.2879333,18.7734823],[80.2865487,18.7731022],[80.2860746,18.7729936],[80.2856573,18.7728669],[80.2853824,18.7727358],[80.2849414,18.7724961],[80.2845811,18.7722565],[80.283908,18.7717458],[80.2835477,18.771452],[80.2826898,18.7706114],[80.2823296,18.770282],[80.2822301,18.7701911],[80.2814053,18.7694679],[80.2795138,18.7682699],[80.2780016,18.767316],[80.276788,18.7665926],[80.2759205,18.7661088],[80.2747162,18.765557],[80.274356,18.7655072],[80.2743535,18.7655072],[80.2739434,18.765507],[80.2734217,18.7656016],[80.2727102,18.7657637],[80.271477,18.7661335],[80.2701157,18.7666613],[80.2688207,18.7672568],[80.2680855,18.7676087],[80.2673739,18.7679832],[80.2662924,18.768475],[80.265448,18.7687546],[80.2630195,18.7696837],[80.2624359,18.7699996],[80.2621656,18.7700988],[80.2614162,18.7702022],[80.260667,18.7700888],[80.2598514,18.7700206],[80.2584857,18.7700062],[80.2574708,18.7700056],[80.2567073,18.7699825],[80.2561762,18.7698376],[80.254863,18.7693218],[80.2540334,18.7688244],[80.2536212,18.7683904],[80.2530573,18.7677848],[80.2519482,18.7670704],[80.2518523,18.7670178],[80.2510001,18.7665502],[80.2500095,18.7657772],[80.248891,18.7649995],[80.2476967,18.7641968],[80.2470127,18.7631247],[80.2451175,18.7608601],[80.2445514,18.7591875],[80.2444275,18.7579006],[80.2447505,18.7566074],[80.2453271,18.7558976],[80.2463398,18.7546988],[80.2477077,18.7537367],[80.2487197,18.7530062],[80.2505842,18.7515754],[80.2513861,18.7508533],[80.2548355,18.7477884],[80.2568048,18.74568],[80.258252,18.7440819],[80.2597374,18.7423211],[80.2608006,18.7404742],[80.2621965,18.7377603],[80.2635256,18.7352901],[80.2647073,18.7336465],[80.265832,18.7319442],[80.2669805,18.730269],[80.2683757,18.7282054],[80.2694056,18.7264443],[80.2700415,18.725609],[80.271493,18.7243088],[80.272418,18.7235052],[80.2737934,18.7224715],[80.2752494,18.7215463],[80.2762216,18.7211719],[80.2783124,18.7208568],[80.2790709,18.7209701],[80.2796454,18.7208195],[80.2799481,18.7207401],[80.280797,18.7202798],[80.2825567,18.7186319],[80.2836051,18.7175122],[80.2841744,18.7167987],[80.2847963,18.7151502],[80.2854466,18.7135198],[80.2864859,18.7114334],[80.2877621,18.7095864],[80.2893084,18.7077531],[80.2913055,18.7051159],[80.2925815,18.7034677],[80.2939761,18.701413],[80.2951146,18.6997647],[80.2968554,18.6973623],[80.2984016,18.6953392],[80.2994735,18.693989],[80.3004683,18.6925103],[80.3007162,18.6921419],[80.301793,18.6902902],[80.3031259,18.6877882],[80.3041553,18.6860404],[80.3047909,18.6847487],[80.305474,18.6834887],[80.3060195,18.6824951],[80.3064276,18.681375],[80.3067313,18.6803633],[80.3075198,18.675905],[80.3075676,18.6752274],[80.3077811,18.6744867],[80.3083409,18.6730866],[80.3094749,18.6698165],[80.3099452,18.6683668],[80.3101915,18.6676078],[80.3107939,18.6659321],[80.3121268,18.663037],[80.3131276,18.6608284],[80.3137488,18.6595276],[80.3142373,18.6585068],[80.3143275,18.6581319],[80.3142191,18.6564425],[80.3140108,18.6558145],[80.3139638,18.6549336],[80.3140398,18.6543826],[80.3149172,18.6524043],[80.316525,18.6484116],[80.3171324,18.6466274],[80.3174168,18.6457918],[80.3179007,18.6441296],[80.3182803,18.6430456],[80.3186739,18.6421467],[80.3187764,18.6419759],[80.3188825,18.641799],[80.3191151,18.6416349],[80.3192474,18.6415416],[80.3202474,18.6411354],[80.3206124,18.6407741],[80.3212477,18.6397353],[80.3220205,18.6387236],[80.3231249,18.637563],[80.3234756,18.6373012],[80.3238358,18.6371838],[80.3250109,18.6371389],[80.325198,18.637096],[80.3257596,18.6369674],[80.3264896,18.6364165],[80.3272479,18.6357211],[80.3274897,18.6353778],[80.3279733,18.6342848],[80.3283242,18.633431],[80.3286868,18.6324961],[80.3287937,18.6322205],[80.3297751,18.6298718],[80.3300027,18.6294201],[80.3308179,18.6284808],[80.331017,18.6282098],[80.3310787,18.6278168],[80.3309417,18.6261544],[80.3309561,18.6253368],[80.3310795,18.6244966],[80.3314873,18.6233583],[80.3322745,18.6208786],[80.3326397,18.6190446],[80.3329908,18.6172107],[80.3334461,18.615693],[80.3342046,18.6133848],[80.3349014,18.611953],[80.3353659,18.6111942],[80.33611,18.6102683],[80.3363812,18.6100434],[80.3368397,18.6096631],[80.3378823,18.6083443],[80.338688,18.6069712],[80.3407023,18.6033939],[80.3420671,18.6012077],[80.3436357,18.5989358],[80.3440039,18.5983062],[80.3446499,18.5972014],[80.345806,18.5957876],[80.3463036,18.5952818],[80.3473364,18.5945592],[80.3481229,18.5941392],[80.3488951,18.593936],[80.3497763,18.5937916],[80.3521118,18.5939093],[80.3540872,18.5942347],[80.3556315,18.594637],[80.3564511,18.5950842],[80.3582275,18.5962996],[80.3597813,18.5972664],[80.360795,18.5978854],[80.3616477,18.5986669],[80.3621452,18.5991458],[80.3622351,18.5994485],[80.3624341,18.6006184],[80.3625713,18.6019465],[80.3629503,18.6032295],[80.3634666,18.6041419],[80.3650394,18.6059896],[80.3661575,18.6070602],[80.3675598,18.6081986],[80.3689432,18.6087905],[80.3707151,18.6094139],[80.3724918,18.6098612],[80.3747328,18.6105116],[80.3751592,18.6106562],[80.3756756,18.6106698],[80.3758894,18.6106128],[80.3764384,18.6104664],[80.3774523,18.6096895],[80.3782719,18.6089079],[80.3791815,18.6076928],[80.3798453,18.6067087],[80.3803516,18.6059581],[80.3830899,18.6029405],[80.3846059,18.6011787],[80.385937,18.5997195],[80.3875492,18.5978089],[80.3877134,18.5976143],[80.3884524,18.5966566],[80.3904045,18.597492],[80.3908254,18.5977821],[80.391494,18.5985853],[80.3915889,18.5989693],[80.3916741,18.5993441],[80.3917594,18.5995113],[80.3920105,18.5997145],[80.3928444,18.6000487],[80.3939483,18.6004146],[80.3941521,18.6006088],[80.3943131,18.6008165],[80.3950381,18.6022123],[80.395114,18.6024652],[80.3951377,18.6032738],[80.3951236,18.6039153],[80.3951852,18.6042541],[80.3952848,18.6044618],[80.3954506,18.6046741],[80.3956401,18.6048233],[80.3958533,18.6049316],[80.3961423,18.60504],[80.39718,18.6054554],[80.3992362,18.606327],[80.4015105,18.6071805],[80.4038368,18.6079752],[80.4062154,18.6087517],[80.4083712,18.6095464],[80.4091435,18.6097947],[80.4112187,18.6098802],[80.41219,18.6099116],[80.415985,18.6101277],[80.4186713,18.6102851],[80.4200027,18.6103977],[80.420197,18.6105106],[80.4205288,18.6112017],[80.4207423,18.6123309],[80.4208185,18.6134738],[80.421046,18.6139932],[80.4214394,18.6145578],[80.4219655,18.6149732],[80.4224061,18.6151177],[80.4230126,18.6151311],[80.4237091,18.6149276],[80.4241356,18.6147449],[80.4246802,18.6145118],[80.4254192,18.6141502],[80.4258596,18.613617],[80.4262243,18.6131246],[80.426428,18.6128986],[80.4265654,18.6128173],[80.4267927,18.6127495],[80.4270817,18.6127358],[80.427385,18.6127855],[80.4276172,18.6128757],[80.4279158,18.6129976],[80.428347,18.6134808],[80.42884,18.6141899],[80.4296744,18.6156262],[80.4298687,18.6159604],[80.4300677,18.6162042],[80.43039,18.6164571],[80.4306649,18.616579],[80.4309681,18.6166196],[80.431622,18.61666],[80.4333375,18.617703],[80.435309,18.6190033],[80.4370672,18.6200733],[80.4389439,18.6210078],[80.4411571,18.6224526],[80.442124,18.6232382],[80.4443229,18.6243261],[80.4453513,18.6247277],[80.4474933,18.6253639],[80.4482278,18.6255623],[80.4489859,18.6257066],[80.4494077,18.6259097],[80.4503652,18.6266502],[80.4519958,18.6277878],[80.4525882,18.6281896],[80.4536355,18.6286679],[80.4552137,18.6291146],[80.4561235,18.6293581],[80.4564126,18.6293896],[80.4570948,18.629317],[80.45754,18.629147],[80.4581608,18.6289099],[80.4593592,18.6280692],[80.4604534,18.6274092],[80.4608419,18.6272057],[80.4611876,18.6269526],[80.4617701,18.6262838],[80.4624662,18.6256104],[80.4636504,18.6246702],[80.4642945,18.6242634],[80.4646166,18.6240916],[80.4649056,18.6239785],[80.4651947,18.6239422],[80.4655358,18.6239421],[80.4658912,18.6240052],[80.4666351,18.6241945],[80.4669905,18.6242576],[80.467545,18.6243024],[80.4685068,18.6243381],[80.468739,18.6244194],[80.4696727,18.6248796],[80.4704928,18.6254303],[80.4708719,18.6256063],[80.4713884,18.625737],[80.4740421,18.6261783],[80.4743881,18.6261962],[80.4748808,18.626205],[80.4753073,18.6261822],[80.4757383,18.6260464],[80.4762406,18.625888],[80.4766432,18.625793],[80.4769322,18.6257341],[80.4772639,18.62577],[80.4775151,18.6258422],[80.4776999,18.625946],[80.4778184,18.6260679],[80.4778896,18.6262531],[80.4779846,18.6266008],[80.4781842,18.6274951],[80.4782933,18.6277661],[80.4784593,18.6280371],[80.4787533,18.6283803],[80.4789667,18.6286014],[80.4791658,18.6287323],[80.4798008,18.6289804],[80.4803506,18.629093],[80.4825399,18.6293629],[80.4826252,18.6293668],[80.4831179,18.6293896],[80.484677,18.6296914],[80.4849899,18.629777],[80.4859994,18.6302868],[80.4866726,18.6306749],[80.4872557,18.6310224],[80.4874358,18.6310946],[80.4877485,18.6311125],[80.488265,18.6310851],[80.4885161,18.6310397],[80.4886961,18.6309764],[80.4897287,18.6304969],[80.4907707,18.6298593],[80.492651,18.628512],[80.4946069,18.6270607],[80.4963402,18.6258084],[80.4972635,18.6248953],[80.4977655,18.62452],[80.4984523,18.6241762],[80.498636,18.6240864],[80.4998092,18.6235312],[80.5003254,18.6228873],[80.5009871,18.6221423],[80.5016037,18.6215722],[80.5021761,18.6214861],[80.5029592,18.6213836],[80.5031152,18.6213632],[80.5042985,18.6211989],[80.5064349,18.6208801],[80.5066955,18.6208412],[80.5092417,18.6203707],[80.5120812,18.6198803],[80.5137993,18.6195155],[80.5146607,18.6193325],[80.5152311,18.6186477],[80.5153906,18.6184561],[80.5160896,18.6174925],[80.5162545,18.6172371],[80.5163629,18.6170692],[80.5168039,18.6165433],[80.5173975,18.6159878],[80.5180825,18.6153737],[80.5184675,18.614836],[80.5185181,18.6147654],[80.518832,18.6143079],[80.518932,18.6138318],[80.5189098,18.6133659],[80.5187933,18.6129932],[80.5187036,18.6127064],[80.5185578,18.6118622],[80.518515,18.6113186],[80.5185837,18.6106484],[80.5188269,18.6097554],[80.5188748,18.6095794],[80.5190558,18.6089671],[80.5192887,18.6086459],[80.5197752,18.6080325],[80.5205467,18.6074084],[80.5212169,18.6069303],[80.5225876,18.6059157],[80.5241619,18.6048712],[80.5250261,18.6045284],[80.5250911,18.6044989],[80.5259308,18.6041174],[80.5271805,18.6034333],[80.528093,18.6026965],[80.5281347,18.6026629],[80.5282211,18.6025549],[80.5284387,18.6022831],[80.5284989,18.6021852],[80.5287321,18.6018063],[80.5291166,18.6011933],[80.5298664,18.6002391],[80.5300033,18.6000339],[80.5307369,18.598935],[80.5314551,18.5977382],[80.5330831,18.5948779],[80.5335376,18.593949],[80.5340372,18.5928404],[80.5344162,18.5921254],[80.5349625,18.5912351],[80.5352507,18.5907389],[80.5352782,18.5906431],[80.535326,18.5904765],[80.5348016,18.5891453],[80.5346471,18.5887532],[80.5345081,18.5883532],[80.5349812,18.5882568],[80.5366143,18.5880033],[80.5376299,18.5879997],[80.5376627,18.5880083],[80.5381497,18.5881361],[80.5383217,18.5881294],[80.538562,18.58812],[80.5402325,18.5876698],[80.5403751,18.5876171],[80.5419978,18.5870178],[80.5422835,18.5869122],[80.5423865,18.5868661],[80.5448751,18.5857498],[80.5461085,18.5851891],[80.546463,18.5850279],[80.548216,18.5842204],[80.5498853,18.5833205],[80.5523304,18.5820328],[80.5533034,18.5815105],[80.5543113,18.5809695],[80.5555683,18.5802731],[80.5564315,18.5797358],[80.5575225,18.5789065],[80.5580236,18.5784283],[80.5582831,18.5781806],[80.5592717,18.5772372],[80.5610974,18.5756041],[80.5627458,18.5741658],[80.5643696,18.5729582],[80.5653845,18.572214],[80.5661084,18.5718714],[80.5669852,18.5715768],[80.5671457,18.5714726],[80.5674928,18.5712472],[80.5681136,18.5705895],[80.5686224,18.5699289],[80.569126,18.5692749],[80.5697586,18.5684109],[80.5702125,18.567414],[80.5702322,18.5673427],[80.5704506,18.5665514],[80.5706775,18.5657774],[80.5707391,18.5655673],[80.5707915,18.5654635],[80.5709536,18.5651418],[80.5714037,18.564685],[80.5714142,18.5646773],[80.5722991,18.5643599],[80.5734792,18.563989],[80.573824,18.5638807],[80.5778894,18.56236],[80.5791972,18.5618467],[80.5796418,18.5615279],[80.5802784,18.5611508],[80.5803018,18.561137],[80.5803711,18.5611244],[80.5808485,18.5610378],[80.5818917,18.5609972],[80.5827175,18.5607027],[80.5835724,18.5603953],[80.5850188,18.5598753],[80.5861985,18.5594511],[80.5882056,18.5586908],[80.5894382,18.5583096],[80.5902642,18.5580758],[80.5906696,18.5579756],[80.5909633,18.5579031],[80.5923583,18.5568538],[80.5935224,18.5561497],[80.5942364,18.5557177],[80.5969391,18.55402],[80.5982842,18.5532136],[80.5987416,18.5530661],[80.599098,18.5531011],[80.5995816,18.5531112],[80.599912,18.5530371],[80.6002417,18.5527688],[80.6014586,18.5517566],[80.6030174,18.5503789],[80.6051731,18.5487682],[80.6060857,18.5479878],[80.6071118,18.5470007],[80.6078078,18.5461726],[80.6080595,18.5455526],[80.6083618,18.5448961],[80.6085767,18.5445797],[80.6087091,18.5444442],[80.6101597,18.5429592],[80.6102827,18.5428097],[80.6106405,18.5423747],[80.6106656,18.5421503],[80.6106772,18.5420469],[80.6107881,18.5412576],[80.6109779,18.5410263],[80.6119663,18.5401606],[80.6126757,18.5394902],[80.6128653,18.5392225],[80.6135214,18.5380184],[80.6142252,18.5361345],[80.6145508,18.5350046],[80.6154837,18.5331319],[80.6161143,18.53194],[80.6166816,18.5308091],[80.6170968,18.5298123],[80.6176772,18.5287784],[80.6182711,18.52789],[80.618499,18.5276707],[80.6189707,18.527875],[80.6201758,18.5284098],[80.6202709,18.528452],[80.6214163,18.5285564],[80.6223324,18.5285889],[80.6227648,18.5285629],[80.6227661,18.5285623],[80.6228535,18.5285216],[80.6231075,18.5284036],[80.6237661,18.5277699],[80.6252097,18.526344],[80.6277558,18.5240275],[80.6291875,18.5227958],[80.6302023,18.5221847],[80.6310914,18.5219018],[80.6326672,18.5215675],[80.6337222,18.5214052],[80.6340915,18.5214764],[80.6350896,18.5221896],[80.6351381,18.5222243],[80.6358647,18.5225366],[80.6367934,18.5225569],[80.6375692,18.5225293],[80.6375725,18.522524],[80.6378091,18.5221399],[80.6386398,18.5202919],[80.6393025,18.5179081],[80.6395281,18.5171694],[80.6397867,18.5153723],[80.6398719,18.514571],[80.6398153,18.5133699],[80.6398643,18.5129571],[80.6401418,18.5124706],[80.6405847,18.5120062],[80.6407113,18.5118735],[80.6407327,18.5118392],[80.6408726,18.5116144],[80.6409385,18.5115085],[80.6409065,18.5113231],[80.6408941,18.5112514],[80.6404155,18.5102596],[80.6395641,18.5092185],[80.6394016,18.5090369],[80.6390193,18.5086093],[80.6386107,18.5082713],[80.6383902,18.5081404],[80.6377178,18.5077412],[80.6371988,18.5073312],[80.6371325,18.5072789],[80.6368495,18.5070169],[80.6367595,18.5068232],[80.6366948,18.5065807],[80.6367441,18.5062529],[80.6368884,18.5053838],[80.6369296,18.5051357],[80.6372057,18.5043458],[80.6376091,18.5035917],[80.6380505,18.502801],[80.6386316,18.5019612],[80.6386744,18.5019193],[80.6392899,18.5013153],[80.6404027,18.4999635],[80.6413701,18.4990517],[80.6419371,18.4984667],[80.6423613,18.4978048],[80.6439192,18.4947053],[80.6442055,18.4941128],[80.6443298,18.4938729],[80.644891,18.4927895],[80.6457182,18.4915845],[80.6461166,18.4911414],[80.6476022,18.4895548],[80.6491509,18.4879075],[80.649921,18.4872731],[80.651298,18.4858983],[80.6515605,18.48547],[80.6517515,18.4849935],[80.6523634,18.4832143],[80.6525828,18.482615],[80.6526446,18.4824462],[80.6529251,18.4815519],[80.6532351,18.4804536],[80.6535354,18.4794427],[80.6538267,18.4786746],[80.6543699,18.4774102],[80.6550155,18.476291],[80.6553085,18.4758626],[80.6555353,18.4756156],[80.6555412,18.4756092],[80.6564631,18.4748091],[80.6569601,18.4745157],[80.6584213,18.4737617],[80.659223,18.4733698],[80.6605631,18.4728105],[80.6619133,18.4722318],[80.6622887,18.4720456],[80.6633126,18.4713227],[80.6646106,18.4704918],[80.666436,18.4693478],[80.6678562,18.4685357],[80.6690628,18.4677537],[80.669501,18.4675655],[80.6695196,18.4675575],[80.6695679,18.4675459],[80.6700174,18.4674387],[80.6708914,18.46726],[80.6720364,18.4671959],[80.6726394,18.4669414],[80.6733394,18.4665597],[80.6734826,18.4664466],[80.6739575,18.4660715],[80.6748175,18.4651551],[80.6764058,18.4634006],[80.6772244,18.4623387],[80.6779328,18.4615291],[80.6780941,18.4613446],[80.6781683,18.4612777],[80.6787321,18.460769],[80.6792191,18.4605241],[80.6803768,18.4601596],[80.680622,18.4600991],[80.6818601,18.4597936],[80.6833937,18.4593303],[80.684805,18.4588287],[80.6850274,18.4587413],[80.6855258,18.4585455],[80.6858303,18.4584259],[80.6861041,18.4582596],[80.6861747,18.4581331],[80.6861925,18.457638],[80.686238,18.4565991],[80.6863267,18.4560454],[80.6869087,18.4531521],[80.6876672,18.449652],[80.6876715,18.4492749],[80.6876742,18.4490308],[80.6877037,18.4488938],[80.6879921,18.4475539],[80.6880623,18.4473594],[80.6884069,18.4471151],[80.6901317,18.446282],[80.6911671,18.4458889],[80.6931263,18.4451711],[80.6943249,18.4448646],[80.6957574,18.4445666],[80.6968553,18.4444546],[80.6981453,18.4445175],[80.7006247,18.4446107],[80.7017186,18.4445897],[80.7020823,18.4443134],[80.7021153,18.4442733],[80.7025472,18.4437482],[80.7037899,18.4421698],[80.7038541,18.4420858],[80.7042142,18.4416145],[80.7047589,18.4407577],[80.705195,18.4400535],[80.7053136,18.439862],[80.705336,18.4397632],[80.7053533,18.4396871],[80.7049762,18.4395336],[80.7039274,18.4392862],[80.7034335,18.4391813],[80.7031231,18.4391154],[80.7023389,18.4389975],[80.7018711,18.4389272],[80.7002104,18.4384288],[80.6983153,18.4376919],[80.6982434,18.4375563],[80.6981776,18.4371742],[80.6980546,18.4364604],[80.6977595,18.4344719],[80.6975814,18.4334535],[80.697128,18.431715],[80.6970833,18.4315437],[80.6968437,18.4304383],[80.6965721,18.4290612],[80.6964034,18.4278875],[80.6962856,18.4267524],[80.6961872,18.4254134],[80.696204,18.4247339],[80.6962632,18.4243939],[80.6964438,18.4239174],[80.6966725,18.42367],[80.6969393,18.4233812],[80.6970966,18.4232567],[80.6972229,18.4231566],[80.6978605,18.4225712],[80.698589,18.4218592],[80.6989528,18.4214304],[80.700189,18.4205704],[80.7013445,18.4198563],[80.7041526,18.4181929],[80.7048425,18.4178984],[80.7058058,18.4173793],[80.7088366,18.4155497],[80.7088732,18.4155275],[80.7099009,18.414904],[80.7108735,18.4142296],[80.7119982,18.4134768],[80.7133154,18.4125968],[80.71438,18.4120093],[80.7150889,18.411472],[80.7159398,18.4108758],[80.7168519,18.4102987],[80.7175315,18.4099848],[80.7180084,18.4097981],[80.7180506,18.409787],[80.7182724,18.4097289],[80.7185779,18.4098147],[80.7191384,18.410045],[80.720393,18.4107765],[80.7207265,18.4109742],[80.7208316,18.4110364],[80.7209467,18.4112027],[80.7210058,18.411288],[80.7212305,18.4118752],[80.7212578,18.4119466],[80.721573,18.4127702],[80.7221092,18.413788],[80.7223024,18.4141547],[80.7226032,18.4147044],[80.7228632,18.4151795],[80.7231113,18.4151893],[80.7237718,18.4151084],[80.7249508,18.4150056],[80.7257538,18.4149434],[80.7263927,18.4149772],[80.7264251,18.4149789],[80.7267046,18.4150424],[80.7268018,18.4150644],[80.7273406,18.4150423],[80.7285599,18.414881],[80.7304191,18.4145806],[80.7310754,18.4143311],[80.7312208,18.4142758],[80.7317988,18.4139817],[80.7326002,18.4136283],[80.7334628,18.4133231],[80.7341733,18.4130769],[80.7348736,18.4128405],[80.7348823,18.4125687],[80.7347648,18.4115501],[80.7345434,18.4100953],[80.7341669,18.408185],[80.7339959,18.4075381],[80.7339696,18.4074386],[80.733826,18.4071278],[80.7337638,18.4069932],[80.7335975,18.406334],[80.7333169,18.4052094],[80.7329983,18.4035729],[80.732749,18.4025667],[80.7325591,18.4019349],[80.7321728,18.4012217],[80.7314868,18.4004025],[80.7308488,18.3997705],[80.7305366,18.3994612],[80.7295179,18.3983499],[80.7275317,18.397114],[80.7273141,18.3969889],[80.7265655,18.3965276],[80.72596,18.3961544],[80.7258671,18.3960972],[80.7244622,18.3951195],[80.7240494,18.3947801],[80.7231158,18.3940189],[80.7220481,18.3932974],[80.7210811,18.3926073],[80.7206703,18.3923141],[80.7202996,18.3919638],[80.7200709,18.3917478],[80.7199204,18.3915155],[80.7196676,18.3911252],[80.719676,18.3907951],[80.719748,18.3904635],[80.7197752,18.3903385],[80.719975,18.3896872],[80.7207116,18.3886353],[80.7211563,18.3881479],[80.7213177,18.3879141],[80.7216081,18.3870974],[80.721878,18.386242],[80.722028,18.3857754],[80.7221689,18.3855126],[80.7225417,18.3848896],[80.7227636,18.3845585],[80.7233706,18.3839926],[80.7236539,18.3837486],[80.7241094,18.3833775],[80.725203,18.382586],[80.7260444,18.3821354],[80.7269869,18.3815872],[80.72699,18.3815845],[80.7274826,18.381148],[80.7280763,18.380618],[80.7291315,18.3793715],[80.729388,18.3788651],[80.7294016,18.3788383],[80.7294101,18.3788118],[80.7297315,18.3778078],[80.7299719,18.3770194],[80.7301346,18.3764858],[80.730191,18.3763011],[80.7302296,18.3759224],[80.7300428,18.3752245],[80.7297663,18.3748571],[80.729173,18.3741709],[80.7288306,18.3737923],[80.7278219,18.372677],[80.7273217,18.371954],[80.7270293,18.3711345],[80.7269626,18.3706281],[80.7268824,18.3697855],[80.7268992,18.3691255],[80.7274766,18.3670036],[80.7281761,18.3646449],[80.7290194,18.3624984],[80.7293096,18.3617675],[80.729525,18.3612248],[80.7299231,18.3598303],[80.7302694,18.3585967],[80.7303807,18.3582001],[80.7303973,18.3581409],[80.7310075,18.3563327],[80.7314978,18.3549133],[80.732161,18.3535124],[80.7329976,18.3522271],[80.7341643,18.3505715],[80.7357511,18.348341],[80.7364735,18.347286],[80.736598,18.3471042],[80.7369607,18.3465201],[80.7381027,18.34534],[80.7391742,18.3442768],[80.7413572,18.3420627],[80.7421446,18.341098],[80.7425778,18.3404164],[80.7432928,18.3392288],[80.7440261,18.3379698],[80.744285,18.3367004],[80.7446827,18.3351165],[80.7453124,18.3332208],[80.7456028,18.3324429],[80.745683,18.3322567],[80.7460343,18.3314411],[80.7465496,18.3309144],[80.7471968,18.3303386],[80.7476016,18.3300052],[80.7476536,18.3299623],[80.7477589,18.329574],[80.7476694,18.3282003],[80.7476619,18.3280846],[80.7476623,18.3263377],[80.7476961,18.3235052],[80.7476989,18.3232729],[80.747698,18.3231623],[80.7476713,18.3197837],[80.7476792,18.3195316],[80.7477752,18.3164571],[80.7477768,18.316454],[80.747951,18.316117],[80.7486364,18.3151139],[80.749131,18.3145291],[80.749072,18.314088],[80.7490674,18.3140539],[80.7489932,18.3136842],[80.7488689,18.313065],[80.7488639,18.3130217],[80.74873,18.3118526],[80.748681,18.3103487],[80.7487237,18.3089247],[80.7490627,18.3081187],[80.7490849,18.308066],[80.7491655,18.307949],[80.749327,18.3077145],[80.7493686,18.307654],[80.7493845,18.3076424],[80.7499772,18.3072075],[80.7509463,18.306557],[80.7510495,18.3065044],[80.7525333,18.3057484],[80.7539311,18.304994],[80.7544639,18.3046729],[80.7548729,18.3044263],[80.754894,18.3044099],[80.7553888,18.3040258],[80.756116,18.3032651],[80.756652,18.3028257],[80.7571476,18.3024252],[80.7575523,18.3021126],[80.7577238,18.3019079],[80.7579446,18.3014119],[80.7586465,18.2997779],[80.7586858,18.2995874],[80.7587442,18.2993042],[80.7585777,18.2987414],[80.7584116,18.2984419],[80.7580563,18.2978012],[80.7578052,18.2973323],[80.7575121,18.296785],[80.7574809,18.2967163],[80.7569669,18.2955841],[80.7568319,18.2950611],[80.7569006,18.294624],[80.7570395,18.294041],[80.7571547,18.2937686],[80.7574506,18.2930685],[80.7576769,18.2926452],[80.7578929,18.2922413],[80.758668,18.2909661],[80.7586862,18.2909418],[80.7594948,18.2898652],[80.7601823,18.2892697],[80.7608906,18.2887808],[80.7614881,18.2884381],[80.7618628,18.2882324],[80.7618683,18.2882321],[80.7623909,18.2882102],[80.7629807,18.2883139],[80.7638386,18.2885966],[80.7639375,18.2886292],[80.7646294,18.2888197],[80.764985,18.2888258],[80.7655031,18.2888346],[80.7665484,18.2886351],[80.767776,18.288357],[80.768496,18.28813],[80.768707,18.288016],[80.7687888,18.2879717],[80.7688403,18.2879438],[80.7691433,18.2876317],[80.7692688,18.287443],[80.7695059,18.2870864],[80.7706634,18.2851977],[80.7714612,18.2838393],[80.7717097,18.2834163],[80.771768,18.2833117],[80.7719615,18.2829647],[80.772323,18.2823165],[80.7729168,18.281343],[80.7733609,18.2808457],[80.7745318,18.2795392],[80.7746609,18.2793674],[80.7751973,18.2786537],[80.7752274,18.2786136],[80.775479,18.2782047],[80.7755581,18.2778453],[80.7756124,18.2775123],[80.775622,18.2774534],[80.7756563,18.2772431],[80.7757653,18.2767767],[80.776001,18.2760233],[80.776021,18.2759606],[80.7762743,18.2752019],[80.776772,18.2734429],[80.7769611,18.2727626],[80.7770913,18.2724417],[80.7774141,18.2720518],[80.777848,18.2715449],[80.7781097,18.2711456],[80.7782703,18.2708051],[80.7784398,18.2702511],[80.7786284,18.2696827],[80.7786494,18.2696192],[80.7795723,18.2676056],[80.7795768,18.2675958],[80.7798431,18.2670219],[80.7798713,18.2669799],[80.780105,18.2666324],[80.7806297,18.2660474],[80.780953,18.2657351],[80.7813274,18.2654905],[80.7818544,18.2652937],[80.7842075,18.2647086],[80.7856086,18.2646138],[80.7857833,18.2646163],[80.7871018,18.264635],[80.7875,18.2646399],[80.787903,18.2646449],[80.7881989,18.2646485],[80.7890408,18.2644499],[80.7898311,18.2641158],[80.7918645,18.2627366],[80.7934087,18.2610689],[80.7937526,18.2606004],[80.7938521,18.2604649],[80.7940631,18.2600853],[80.794075,18.260024],[80.7941518,18.2596287],[80.7941837,18.2581438],[80.7941635,18.2573176],[80.7941569,18.2570474],[80.7942085,18.2554557],[80.7942845,18.2545625],[80.7942762,18.2531652],[80.7942417,18.2524764],[80.7940442,18.2517206],[80.7929064,18.2499315],[80.7921047,18.249201],[80.7915611,18.2489479],[80.7887771,18.2474559],[80.7863193,18.2461357],[80.7845515,18.2452268],[80.7813231,18.2439333],[80.7803067,18.2436618],[80.7791297,18.2434399],[80.7779525,18.2432224],[80.7767755,18.2428469],[80.7760949,18.2424851],[80.7747622,18.2417526],[80.7702109,18.2390623],[80.7656551,18.2363719],[80.7610897,18.234106],[80.7565244,18.2318445],[80.7524792,18.2297097],[80.7500153,18.2284082],[80.7484268,18.2275684],[80.7473637,18.2270074],[80.745235,18.2259387],[80.7439375,18.2254213],[80.7422268,18.2245421],[80.7407609,18.2238799],[80.7393251,18.2231303],[80.7378902,18.2225552],[80.7372023,18.2220929],[80.7372022,18.2220851],[80.7371954,18.2216853],[80.7371797,18.220754],[80.7371722,18.2193713],[80.7370423,18.2179019],[80.7371238,18.2160967],[80.7372514,18.214364],[80.7371916,18.2117881],[80.7371928,18.2092264],[80.7372181,18.2055003],[80.7372229,18.2054381],[80.73724,18.2052186],[80.7372652,18.2048944],[80.7373461,18.203855],[80.7374597,18.2023407],[80.7374339,18.2004196],[80.7374588,18.1977196],[80.7374147,18.1962262],[80.7374101,18.196068],[80.7373863,18.1945108],[80.7375386,18.1917301],[80.737474,18.1882665],[80.7374968,18.1840893],[80.7375188,18.1825465],[80.7377063,18.1806535],[80.7373774,18.1789814],[80.7368202,18.1773251],[80.7369031,18.1771646],[80.7429349,18.1720841],[80.7449779,18.1703255],[80.749861,18.1695818],[80.7541914,18.1687088],[80.756759,18.1681911],[80.7600316,18.1676309],[80.7658681,18.1673588],[80.7694645,18.1671303],[80.7754429,18.166736],[80.7793508,18.1671084],[80.7815242,18.1678051],[80.7871383,18.1680382],[80.7906258,18.168374],[80.7952476,18.1682721],[80.7991133,18.1681698],[80.8001054,18.1689516],[80.8034688,18.1722552],[80.8050749,18.1741802],[80.8060433,18.175066],[80.8078576,18.1764038],[80.8101918,18.1777147],[80.8132581,18.1801868],[80.8149872,18.1822111],[80.8153506,18.1835755],[80.8155905,18.1869863],[80.8174709,18.1891055],[80.819919,18.1894722],[80.8216535,18.1898431],[80.8238131,18.1908195],[80.8240683,18.1910363],[80.8242427,18.1926175],[80.8242943,18.1936159],[80.8241993,18.1954816],[80.8241989,18.1955682],[80.8241742,18.2005005],[80.8241308,18.2039021],[80.8238495,18.2121058],[80.8234744,18.2176215],[80.8233937,18.2188683],[80.8232326,18.2200111],[80.8228398,18.2217819],[80.822598,18.2241083],[80.8226779,18.2256984],[80.8227383,18.2260814],[80.8228666,18.2268957],[80.8236313,18.2308622],[80.8238622,18.2334914],[80.8237022,18.2350209],[80.8235919,18.2360753],[80.8238006,18.2361406],[80.828305,18.2375492],[80.8306828,18.2380693],[80.8314487,18.2382863],[80.8320396,18.2386613],[80.8367246,18.2389198],[80.8371407,18.2388024],[80.8404082,18.2356047],[80.8434296,18.2324385],[80.8499063,18.2324394],[80.8501298,18.2324502],[80.8523598,18.2325572],[80.8547614,18.2324896],[80.8571394,18.2323228],[80.8605196,18.2319933],[80.8619,18.2316185],[80.8651573,18.2304214],[80.8659373,18.2301279],[80.8661595,18.2295135],[80.866935,18.2266766],[80.8673037,18.2252762],[80.8676725,18.2237402],[80.8680603,18.2222134],[80.8685142,18.2207226],[80.8689963,18.2192906],[80.86954,18.217696],[80.8701735,18.2161374],[80.8708826,18.2146557],[80.8719509,18.2122525],[80.872608,18.2105765],[80.8726505,18.2101293],[80.8724331,18.209289],[80.8720454,18.2084984],[80.8713506,18.207098],[80.8714972,18.2065243],[80.8716957,18.2059009],[80.871946,18.2053342],[80.8709678,18.2047942],[80.8691717,18.2041165],[80.8679853,18.2036783],[80.8661182,18.2030593],[80.8649744,18.2027972],[80.8639062,18.2026526],[80.8627387,18.2028919],[80.8626395,18.2029145],[80.8618122,18.2031042],[80.8609851,18.2033255],[80.860848,18.2033707],[80.860744,18.2034068],[80.8606069,18.2034474],[80.8599594,18.2036372],[80.8579977,18.2041655],[80.8572367,18.2043326],[80.8552136,18.2041562],[80.8540934,18.2038535],[80.853616,18.2036366],[80.8531908,18.2027737],[80.8530513,18.2023944],[80.852912,18.2020011],[80.8528742,18.2014184],[80.8528839,18.1999954],[80.8529217,18.1995888],[80.8529643,18.1992998],[80.8534608,18.1978],[80.853962,18.1963454],[80.8544821,18.1949812],[80.8550257,18.1938021],[80.8556403,18.1926096],[80.8559097,18.1922031],[80.8562123,18.1917739],[80.8565763,18.1913086],[80.8569497,18.1907576],[80.8576162,18.1896508],[80.857829,18.1890998],[80.8580511,18.1885215],[80.8581599,18.1882053],[80.8582214,18.1879478],[80.8585428,18.1864525],[80.858576,18.1860415],[80.858576,18.185653],[80.8584627,18.1847766],[80.8584297,18.1845461],[80.8582359,18.1840221],[80.8578957,18.1827888],[80.857669,18.1809593],[80.857532,18.1804126],[80.8574848,18.1801777],[80.8573007,18.1782171],[80.857263,18.1772052],[80.8571544,18.1755834],[80.8571025,18.1752536],[80.8570883,18.1749013],[80.8570836,18.1744224],[80.8572163,18.1716396],[80.8572872,18.1710253],[80.8573581,18.1707046],[80.8575188,18.1701399],[80.858176,18.1678405],[80.8585494,18.1666479],[80.8591639,18.1650895],[80.8593199,18.1647506],[80.8595515,18.1643396],[80.8598256,18.1638562],[80.8598918,18.1637162],[80.8599485,18.1635175],[80.8601093,18.1628127],[80.8604024,18.1613942],[80.8604307,18.1611097],[80.8604449,18.1606624],[80.8604355,18.1603643],[80.8604025,18.159384],[80.8603506,18.1583269],[80.8603034,18.1580106],[80.860242,18.1576041],[80.8601806,18.1571071],[80.8601523,18.1567277],[80.8600437,18.155255],[80.860039,18.1544825],[80.8600485,18.1541075],[80.8600628,18.153588],[80.860058,18.1532672],[80.8600108,18.1523773],[80.8599873,18.1520069],[80.8599353,18.1516365],[80.8598975,18.1514241],[80.8598976,18.151144],[80.8599448,18.1503941],[80.8601341,18.1481038],[80.8601625,18.1478643],[80.8603562,18.1471642],[80.860687,18.1463871],[80.8608761,18.146062],[80.8611218,18.1456689],[80.861325,18.1453888],[80.861911,18.1447294],[80.8622181,18.1444719],[80.8635507,18.1433787],[80.8638767,18.1431348],[80.8640752,18.1429812],[80.8643256,18.1427508],[80.864647,18.1424301],[80.864869,18.1422043],[80.8651479,18.1418745],[80.865455,18.1414544],[80.8658756,18.1407315],[80.8660504,18.1403656],[80.866282,18.1397965],[80.8662875,18.139781],[80.8663812,18.1395164],[80.8664899,18.1390601],[80.8665513,18.138753],[80.8665892,18.1384502],[80.8666223,18.1381024],[80.8666364,18.1377049],[80.8666223,18.1374474],[80.8666365,18.1371311],[80.8666696,18.1369234],[80.8672649,18.1367518],[80.8687861,18.1365094],[80.8688525,18.1364988],[80.871626,18.1361736],[80.8735349,18.136011],[80.8752406,18.1359252],[80.8762045,18.1358936],[80.8771636,18.1358619],[80.878496,18.1357173],[80.8818081,18.1355546],[80.8857204,18.1357396],[80.8883805,18.135753],[80.8910832,18.1359786],[80.8950332,18.1363397],[80.89758,18.1366828],[80.9001315,18.1371206],[80.9027775,18.1378159],[80.9078855,18.1393556],[80.9117792,18.1404074],[80.9141702,18.1411705],[80.9178986,18.1427688],[80.9210459,18.1442859],[80.9248645,18.1466929],[80.9281303,18.1488739],[80.9321522,18.1509779],[80.9355172,18.152811],[80.9374597,18.1539397],[80.9399033,18.1554252],[80.941638,18.1566171],[80.9416996,18.1572405],[80.9421307,18.1598108],[80.9423577,18.1603844],[80.9460536,18.1617881],[80.9483932,18.16251],[80.9506239,18.1631551],[80.9516213,18.1636562],[80.9532291,18.1662169],[80.9537021,18.1671157],[80.9539293,18.1681456],[80.9541,18.169153],[80.9545066,18.169582],[80.956327,18.1718399],[80.9576558,18.1735469],[80.958464,18.1735104],[80.9590453,18.1735192],[80.9610018,18.1736087],[80.9631003,18.1739013],[80.9645589,18.1740986],[80.965331,18.174203],[80.9679068,18.1744141],[80.9703645,18.1747517],[80.972444,18.1749629],[80.9739517,18.1750977],[80.9755207,18.1751782],[80.9789728,18.1754076],[80.9790275,18.1754113],[80.9789648,18.1731616],[80.9789733,18.1717024],[80.9788391,18.1684635],[80.9788094,18.1662635],[80.9787953,18.16511],[80.9787846,18.1642396],[80.9787554,18.1628302],[80.9786684,18.1595235],[80.9785924,18.1581192],[80.9784978,18.1563723],[80.9784629,18.1557289],[80.9784709,18.1532623],[80.978659,18.1515817],[80.9787388,18.1508002],[80.9770557,18.1493374],[80.9758644,18.1484075],[80.9746117,18.1474233],[80.9735149,18.1465429],[80.9728909,18.145956],[80.9715669,18.1441904],[80.9706024,18.1432196],[80.9694254,18.1423347],[80.9688393,18.1419555],[80.9682862,18.141495],[80.9672604,18.1405424],[80.9663999,18.1396121],[80.9655961,18.1385238],[80.9647072,18.1374265],[80.9637712,18.136424],[80.962027,18.1350831],[80.9604626,18.1339228],[80.9594747,18.133074],[80.9589027,18.1325638],[80.9585953,18.132085],[80.9580751,18.1309152],[80.9573379,18.1306309],[80.956218,18.1301932],[80.9559958,18.1299584],[80.9555134,18.1290551],[80.9551727,18.1279078],[80.9548458,18.1260152],[80.9543675,18.123472],[80.9539787,18.1203279],[80.9540328,18.1182497],[80.9540483,18.1176535],[80.9540472,18.1150696],[80.9538146,18.1127341],[80.9535868,18.1102315],[80.953392,18.1078599],[80.9532166,18.1065363],[80.9530173,18.1038342],[80.952998,18.103573],[80.9528746,18.1024074],[80.9526465,18.0992769],[80.952575,18.0978494],[80.9524657,18.0964671],[80.9523187,18.0950893],[80.952115,18.0936709],[80.9519018,18.0923519],[80.951778,18.0901203],[80.9513007,18.0895151],[80.9500009,18.0878802],[80.9497498,18.0861005],[80.9495761,18.085257],[80.9494753,18.0847679],[80.9492572,18.0828616],[80.9494836,18.0819987],[80.9512873,18.0804711],[80.9534356,18.078627],[80.9539453,18.0776013],[80.9549219,18.0752744],[80.9557385,18.0740408],[80.9565929,18.0729607],[80.9569799,18.0723958],[80.9576124,18.0713837],[80.9584757,18.0694002],[80.9591789,18.0681078],[80.9602926,18.0662596],[80.9615432,18.0642442],[80.9624447,18.0629835],[80.9636668,18.0605751],[80.964747,18.0581396],[80.9651998,18.0568474],[80.9662517,18.0542854],[80.9673271,18.0517009],[80.9678175,18.050359],[80.9683549,18.0484387],[80.9688075,18.0471601],[80.9689924,18.0466082],[80.9690527,18.0464281],[80.9696561,18.0443859],[80.9697597,18.0438483],[80.9665047,18.0414103],[80.9655218,18.0401459],[80.9642599,18.0381407],[80.9643683,18.0377703],[80.964878,18.0370788],[80.9652791,18.0366178],[80.9657369,18.0359445],[80.9666097,18.0344895],[80.9688611,18.0324103],[80.9695359,18.0317458],[80.9698001,18.0311178],[80.970281,18.0298391],[80.9708423,18.0285559],[80.9714413,18.0274035],[80.972064,18.0262106],[80.9727291,18.0248325],[80.9732572,18.0236395],[80.9736106,18.0223609],[80.9739877,18.021019],[80.9743458,18.0197494],[80.9752318,18.0168622],[80.976099,18.0140925],[80.9769567,18.0112053],[80.9777107,18.008639],[80.9781207,18.0072654],[80.9785825,18.0058466],[80.9791957,18.0044493],[80.9798745,18.0019592],[80.980267,17.9999918],[80.9809405,17.9950283],[80.9811673,17.9930123],[80.9813213,17.9916429],[80.9815434,17.9899593],[80.9816815,17.9889124],[80.9820978,17.9851753],[80.9826684,17.9800185],[80.9830589,17.9762331],[80.9836545,17.9703512],[80.9843905,17.9656518],[80.9847928,17.9630997],[80.9853165,17.9597785],[80.9854775,17.9577844],[80.9855618,17.95674],[80.9857344,17.9552385],[80.9857977,17.9546882],[80.9858095,17.9545851],[80.986474,17.9512247],[80.9864844,17.9511802],[80.9872072,17.948077],[80.9878431,17.9444456],[80.9885368,17.9413842],[80.9885694,17.94124],[80.9890511,17.9398097],[80.9892438,17.9392375],[80.9899918,17.9369471],[80.9900564,17.9367491],[80.9907184,17.9347006],[80.9912555,17.9334094],[80.9912778,17.933356],[80.9914583,17.9330508],[80.9916532,17.9327216],[80.9918482,17.932392],[80.9933983,17.9296271],[80.9934148,17.9295941],[80.9938077,17.9288096],[80.9941617,17.9273524],[80.9942718,17.9268369],[80.9944458,17.9260218],[80.9947313,17.9249045],[80.9950677,17.9240943],[80.9951594,17.9238735],[80.9957697,17.9225406],[80.9968955,17.9200817],[80.9977115,17.9182456],[80.9977381,17.9181837],[80.9979202,17.9177611],[80.9983402,17.9167865],[80.9983771,17.9157861],[80.9984374,17.9126726],[80.9984643,17.9104574],[80.998626,17.9082205],[80.9986308,17.9081529],[80.9987932,17.906988],[80.999169,17.9057348],[80.9992504,17.9054634],[80.9992903,17.9051815],[80.9993264,17.9049273],[80.9993286,17.9049113],[80.9993542,17.9045035],[80.9993852,17.9040077],[80.9993356,17.9032868],[80.9991963,17.902427],[80.9989229,17.9014166],[80.99839,17.8999561],[80.9979337,17.8984714],[80.9975942,17.8977754],[80.9974888,17.8972106],[80.9974044,17.8967584],[80.9971798,17.8951597],[80.9971369,17.8945109],[80.9970886,17.8937832],[80.9970961,17.8920471],[80.9970653,17.8906217],[80.9966563,17.8873659],[80.9963738,17.8861459],[80.9963186,17.8859981],[80.9960018,17.8851495],[80.9959292,17.885028],[80.995407,17.8841546],[80.9947383,17.8827432],[80.9944868,17.8820994],[80.9942737,17.8815535],[80.9942154,17.881197],[80.9941676,17.8809045],[80.9941806,17.8807564],[80.9941957,17.8805842],[80.9944421,17.8796613],[80.9948853,17.8779611],[80.9951147,17.8769546],[80.9954104,17.8757985],[80.9961664,17.8731423],[80.9962256,17.8729285],[80.9965511,17.8717529],[80.9965472,17.8712211],[80.9965461,17.8710741],[80.9963081,17.8703872],[80.9958978,17.8696917],[80.9957715,17.8693243],[80.9957115,17.8691499],[80.9956744,17.868682],[80.9956669,17.8685877],[80.9957138,17.8680831],[80.9957268,17.8671036],[80.9956698,17.8662408],[80.995696,17.8643011],[80.9957729,17.862851],[80.9957938,17.8624579],[80.9957627,17.8609841],[80.9956019,17.8597826],[80.9956599,17.859404],[80.9958789,17.8588983],[80.9960369,17.8583541],[80.9960711,17.8574908],[80.9960734,17.8565099],[80.9960735,17.8564532],[80.9960324,17.8549988],[80.9960485,17.8544362],[80.9963508,17.8523723],[80.996357,17.8523298],[80.9963578,17.8523262],[80.9965631,17.8514362],[80.9965876,17.8506409],[80.9965725,17.8499718],[80.9964625,17.8491324],[80.9964545,17.8490708],[80.996612,17.8484588],[80.9969483,17.8473801],[80.997365,17.8462184],[80.9976838,17.8448344],[80.9984005,17.8425564],[80.9988964,17.8416172],[81.0001243,17.8396527],[81.0008474,17.8375661],[81.0014999,17.8352941],[81.0018875,17.8340159],[81.0022007,17.8334582],[81.0025723,17.8327966],[81.0028322,17.8320196],[81.0032341,17.8306149],[81.0033433,17.8295036],[81.0033442,17.8282749],[81.002954,17.8264585],[81.0028983,17.8250942],[81.0032104,17.8239605],[81.0034754,17.8225782],[81.0034855,17.8215934],[81.0034587,17.8195205],[81.0034586,17.8195198],[81.0035255,17.8192257],[81.0036147,17.8188332],[81.0041538,17.8166921],[81.0044759,17.8141601],[81.0044762,17.814158],[81.0047888,17.8123781],[81.0053941,17.8097583],[81.0058385,17.8076933],[81.0059618,17.8071203],[81.0064483,17.8059823],[81.0071896,17.8046409],[81.0077845,17.8026743],[81.0079506,17.8021251],[81.0082067,17.799898],[81.008219,17.7993663],[81.0091661,17.7976294],[81.0094217,17.7972563],[81.0094251,17.7972514],[81.0125816,17.7947911],[81.013879,17.7938476],[81.0162944,17.7923221],[81.0176673,17.7913786],[81.019,17.7908464],[81.0190116,17.7908417],[81.0208935,17.7903187],[81.0228697,17.7897099],[81.0248081,17.7892094],[81.026006,17.7891377],[81.0295241,17.7887419],[81.0317642,17.7884719],[81.0324952,17.7882192],[81.0331139,17.7877862],[81.0331273,17.7877768],[81.0347738,17.7865533],[81.0367502,17.7852983],[81.0389812,17.7841518],[81.0397782,17.7839398],[81.0436361,17.7827488],[81.0456734,17.7824243],[81.0466165,17.7823073],[81.0473094,17.7823467],[81.0479745,17.7823846],[81.0499691,17.7826699],[81.0533405,17.7832902],[81.0567874,17.783716],[81.0580699,17.7838746],[81.0607576,17.7842324],[81.0620071,17.784653],[81.0632425,17.7847618],[81.0654731,17.7847941],[81.0662322,17.7848349],[81.0669018,17.7848938],[81.0675761,17.7850974],[81.068189,17.7853415],[81.0692782,17.7857845],[81.0699431,17.7860196],[81.0710228,17.7861781],[81.0720744,17.7863048],[81.0732627,17.7864543],[81.0735739,17.7866215],[81.0738568,17.7869107],[81.0747619,17.7878235],[81.0753371,17.7883205],[81.0757849,17.7886821],[81.077223,17.7896718],[81.0774493,17.7899023],[81.0777981,17.7905484],[81.0786371,17.7919445],[81.079085,17.792541],[81.0813717,17.7944073],[81.0821119,17.7948908],[81.0836396,17.7959799],[81.0844364,17.7966442],[81.0855868,17.7980223],[81.0855875,17.7980235],[81.0859059,17.7985311],[81.0859058,17.7985343],[81.0858953,17.7987605],[81.0864176,17.7993468],[81.0867876,17.799263],[81.0876426,17.7998457],[81.0887318,17.8006974],[81.0895994,17.8015152],[81.0904575,17.8024098],[81.0913251,17.8037517],[81.0923103,17.8058481],[81.0934182,17.8082517],[81.0939651,17.8092728],[81.0951628,17.8104249],[81.0976574,17.8123724],[81.1003455,17.8143198],[81.1024394,17.8160277],[81.103142,17.8162492],[81.1053268,17.8172141],[81.105618,17.8173427],[81.1072829,17.8180838],[81.1085939,17.8188699],[81.1101645,17.819873],[81.1117916,17.820876],[81.1134282,17.8216261],[81.1167109,17.8224801],[81.1196256,17.823212],[81.1227433,17.82398],[81.1234037,17.8242647],[81.1248469,17.8252179],[81.12621,17.8259407],[81.1279175,17.8269978],[81.1287051,17.8277025],[81.1302146,17.8287551],[81.1319975,17.8302549],[81.1320146,17.8302716],[81.1329409,17.831181],[81.1343655,17.8327712],[81.1362665,17.8351292],[81.1377384,17.8371033],[81.1386441,17.8381514],[81.1400734,17.8394673],[81.142135,17.8414625],[81.1434936,17.8424608],[81.1456354,17.8439695],[81.1484517,17.8456271],[81.1514143,17.847217],[81.1530569,17.8480887],[81.1553394,17.8493578],[81.1572784,17.8504281],[81.1587599,17.8514443],[81.1604254,17.8529529],[81.16261,17.8550396],[81.1634332,17.8558112],[81.1637471,17.8561055],[81.1647427,17.8568056],[81.1659316,17.8575327],[81.1661345,17.8576004],[81.1662335,17.8575281],[81.1673843,17.8561816],[81.1678041,17.8558381],[81.1683182,17.8556167],[81.1687325,17.8555213],[81.1690587,17.8555811],[81.1692291,17.8556694],[81.1693364,17.8557801],[81.1695494,17.8558221],[81.1697467,17.8558059],[81.1699506,17.8557149],[81.1700342,17.8556776],[81.1702899,17.8553846],[81.1704288,17.855097],[81.1711721,17.8548977],[81.1713844,17.855101],[81.1730288,17.8544115],[81.1730447,17.8544048],[81.1746532,17.8538307],[81.1757664,17.8535775],[81.1781532,17.852872],[81.1796479,17.852443],[81.1811626,17.8520083],[81.1825069,17.8514478],[81.1833228,17.8509506],[81.183936,17.8506973],[81.1849123,17.8503673],[81.1881292,17.8495531],[81.1897755,17.8492499],[81.1916764,17.8488336],[81.1927378,17.8486842],[81.1945915,17.8485615],[81.1949594,17.848453],[81.1957283,17.8481455],[81.1964923,17.847847],[81.1979026,17.84744],[81.1993082,17.8469334],[81.2002891,17.8463277],[81.2009822,17.8456859],[81.2031748,17.843747],[81.2039246,17.8430465],[81.2047308,17.842242],[81.2058627,17.8415639],[81.206834,17.8407232],[81.2083051,17.8395525],[81.2096162,17.8390188],[81.2100264,17.8387702],[81.2114788,17.8376989],[81.2130773,17.8365869],[81.214487,17.8353483],[81.2156092,17.8345076],[81.2165618,17.8341321],[81.2176135,17.8337341],[81.220283,17.8331862],[81.2232541,17.832245],[81.2259563,17.8312904],[81.2266164,17.8309106],[81.2271634,17.8307341],[81.227602,17.8306707],[81.2280077,17.8306975],[81.2287388,17.8306971],[81.2292859,17.8305704],[81.2299648,17.8301228],[81.2304551,17.8296662],[81.2313886,17.8288841],[81.2322939,17.8283641],[81.234543,17.8271521],[81.2354767,17.8267405],[81.236783,17.8263829],[81.2377168,17.8262106],[81.2388864,17.8261196],[81.2392967,17.8260154],[81.2395984,17.8258481],[81.2397729,17.8256222],[81.2402013,17.824506],[81.2408656,17.8232452],[81.2415868,17.8225717],[81.242393,17.8220246],[81.2432417,17.8216401],[81.244496,17.8212192],[81.2452362,17.8207489],[81.2454481,17.8204008],[81.2457542,17.8196552],[81.2461216,17.8189683],[81.2470407,17.8179558],[81.2483752,17.8166584],[81.2485734,17.8166224],[81.249097,17.8164149],[81.2502342,17.8157832],[81.2509938,17.8152777],[81.2520459,17.8147137],[81.2527584,17.8144024],[81.254584,17.8137304],[81.2558906,17.8135234],[81.25715,17.8133298],[81.2584425,17.8128653],[81.2596456,17.8121839],[81.2610231,17.8115884],[81.2626697,17.8107716],[81.2638443,17.8102843],[81.2662642,17.8095223],[81.2673538,17.8093151],[81.2686649,17.8093384],[81.2705655,17.8093394],[81.2721314,17.8092633],[81.2733623,17.8092414],[81.274348,17.8092419],[81.2755222,17.80936],[81.2761542,17.8093964],[81.2786633,17.809208],[81.2790691,17.8090139],[81.2798944,17.80882],[81.2811207,17.8087303],[81.2826864,17.8089524],[81.2839314,17.809093],[81.2859405,17.8091165],[81.2869639,17.809248],[81.2888031,17.8093889],[81.290949,17.8094169],[81.2943495,17.8093415],[81.2961274,17.809279],[81.2984669,17.809045],[81.3002733,17.8087476],[81.3020042,17.8086443],[81.3049707,17.8086589],[81.3060412,17.8088626],[81.3082953,17.8093377],[81.310073,17.8100656],[81.3116951,17.81092],[81.3137134,17.8117609],[81.3149065,17.8121092],[81.3157978,17.8121862],[81.3181301,17.8125196],[81.3194687,17.8127548],[81.320291,17.8129947],[81.3209773,17.813294],[81.3214391,17.813416],[81.324798,17.8138463],[81.326124,17.8139508],[81.3271506,17.8138833],[81.3286979,17.8137239],[81.3304453,17.8131869],[81.3307625,17.8130937],[81.3320366,17.8127649],[81.3330025,17.812544],[81.3352566,17.812069],[81.3369555,17.8117566],[81.3388438,17.8114061],[81.3404862,17.8110148],[81.3413618,17.8108773],[81.3425179,17.8106957],[81.3442361,17.8104278],[81.3456015,17.810299],[81.3464024,17.8104177],[81.3467277,17.8105505],[81.3475449,17.81128],[81.3481385,17.811934],[81.3484462,17.8123287],[81.3502131,17.8118567],[81.3510615,17.8116647],[81.3515172,17.8116799],[81.3526135,17.8119704],[81.3537923,17.8122888],[81.3541097,17.8122871],[81.3543328,17.8121905],[81.3551316,17.811594],[81.3560283,17.8109094],[81.3567844,17.8103521],[81.3574287,17.8099971],[81.3587801,17.8094804],[81.3608596,17.8088987],[81.3613662,17.808813],[81.3621143,17.8086956],[81.3638275,17.8085524],[81.3646542,17.8084632],[81.36771,17.8079624],[81.3692459,17.8076766],[81.3701847,17.8074158],[81.3708884,17.807162],[81.3712336,17.8070375],[81.3729968,17.8062162],[81.3745899,17.8055904],[81.375981,17.805015],[81.3773115,17.8044595],[81.37849,17.8038861],[81.3801194,17.8028526],[81.3816139,17.8015101],[81.3824455,17.8006683],[81.382874,17.8000146],[81.3832415,17.7993227],[81.3834397,17.7989136],[81.3837116,17.7987753],[81.3843576,17.7985946],[81.3849954,17.7985983],[81.3852681,17.7985473],[81.3854391,17.798439],[81.3856172,17.7980397],[81.3856607,17.7973412],[81.3858059,17.7966998],[81.3859828,17.7961842],[81.3865564,17.7948697],[81.3870927,17.794855],[81.3878012,17.7948483],[81.3886704,17.7947237],[81.3894378,17.7945419],[81.390428,17.7943677],[81.3918533,17.7941797],[81.3923287,17.7941688],[81.3925718,17.7941632],[81.3925712,17.7948237],[81.392571,17.795065],[81.3925087,17.7963166],[81.3925494,17.7971821],[81.3925528,17.7971954],[81.3927729,17.7980533],[81.392911,17.7985914],[81.3930118,17.7995311],[81.3929731,17.8006357],[81.3929313,17.8040196],[81.3928828,17.8057082],[81.3930545,17.8066094],[81.3931262,17.8076657],[81.3931145,17.8078003],[81.39309,17.808083],[81.3929638,17.80874],[81.3926196,17.8105699],[81.3925539,17.8109604],[81.392491,17.8117367],[81.392495,17.811891],[81.3925078,17.8123863],[81.3924423,17.8129008],[81.3922879,17.8136393],[81.3919191,17.8151749],[81.3918126,17.8154201],[81.3914455,17.8158457],[81.3910034,17.8165109],[81.3907545,17.8170401],[81.3902285,17.8181801],[81.389365,17.8203013],[81.3888963,17.8217665],[81.3885738,17.8231502],[81.3883784,17.8244294],[81.3883805,17.8254101],[81.3885033,17.8276063],[81.3887511,17.8287492],[81.3890698,17.8299191],[81.3895528,17.8307225],[81.3905042,17.8321035],[81.390554,17.8321645],[81.3917154,17.8335879],[81.3926374,17.8344222],[81.3941231,17.835666],[81.3947269,17.8361714],[81.3956347,17.8370057],[81.3958571,17.8373442],[81.3958579,17.8376832],[81.3957915,17.8380785],[81.3964417,17.8391643],[81.397686,17.840635],[81.3979375,17.840975],[81.3982303,17.8413707],[81.3991866,17.8428238],[81.3999207,17.8439974],[81.4008208,17.8455591],[81.4010552,17.8460559],[81.4012424,17.8464526],[81.4014514,17.8468957],[81.4020768,17.8480106],[81.4024033,17.8484031],[81.4030656,17.8491293],[81.4032551,17.8494317],[81.4033406,17.8496847],[81.4033466,17.8502541],[81.4034486,17.8515464],[81.4035675,17.8520027],[81.4036111,17.852138],[81.4037292,17.8525039],[81.4038153,17.8530053],[81.403774,17.8535388],[81.4036477,17.854027],[81.4029666,17.8553978],[81.402149,17.8570129],[81.4018761,17.8574021],[81.4010666,17.8583845],[81.399998,17.8596159],[81.3994378,17.8602543],[81.3986051,17.8613586],[81.3983558,17.8617389],[81.3981397,17.8621776],[81.3978346,17.8629736],[81.3976516,17.8633943],[81.3972046,17.8640054],[81.3961831,17.8652231],[81.3958584,17.8656622],[81.3954165,17.8663815],[81.3944951,17.868042],[81.3943971,17.8685214],[81.3942712,17.8692762],[81.3942211,17.8701078],[81.3942357,17.8705377],[81.3942465,17.8708581],[81.3944837,17.871427],[81.3949677,17.8719773],[81.3951225,17.8721533],[81.3953834,17.872781],[81.3955306,17.8731875],[81.3955269,17.8736167],[81.3954335,17.8740961],[81.3954164,17.8748958],[81.3954275,17.8756632],[81.3954332,17.8760528],[81.3954179,17.8776709],[81.3952971,17.8785794],[81.3952046,17.8794111],[81.3951402,17.8801841],[81.3951649,17.8807354],[81.3952233,17.8814493],[81.3952992,17.882005],[81.3953529,17.8823981],[81.3954773,17.8832114],[81.3957907,17.88411],[81.3967349,17.8862593],[81.3973305,17.8874641],[81.3975741,17.8879568],[81.3984235,17.8899933],[81.3987036,17.8907112],[81.399268,17.8919167],[81.4001968,17.893569],[81.400429,17.8939255],[81.4007317,17.8942639],[81.4014541,17.8947501],[81.4015685,17.894827],[81.4032887,17.895786],[81.4036857,17.8959388],[81.4044696,17.8960999],[81.4051874,17.8961933],[81.4058199,17.8962372],[81.4065043,17.8962538],[81.4072312,17.8961891],[81.40834,17.8959562],[81.409604,17.8955514],[81.4126039,17.8946186],[81.4139432,17.8940735],[81.4158576,17.8932108],[81.4166968,17.8928248],[81.4174604,17.8923442],[81.4183322,17.8917412],[81.4188458,17.8913604],[81.4191848,17.8910027],[81.4197445,17.8901654],[81.4209073,17.888902],[81.4214537,17.8883766],[81.4223163,17.8878912],[81.4235561,17.8872151],[81.4251963,17.8862128],[81.4262753,17.8854873],[81.4277451,17.8847691],[81.4281706,17.8845613],[81.4293219,17.8839881],[81.4295473,17.8838758],[81.4323705,17.8822698],[81.4333979,17.8816348],[81.4339353,17.8813489],[81.4353405,17.8808171],[81.4360021,17.8808236],[81.4360769,17.8808245],[81.4370021,17.8808991],[81.4381688,17.8812897],[81.4392887,17.8817933],[81.4406027,17.8825496],[81.4416804,17.8832024],[81.4429194,17.8841759],[81.4439222,17.8850548],[81.444632,17.8857536],[81.4455453,17.8866916],[81.4466525,17.8878505],[81.4477885,17.8891268],[81.4481111,17.8897362],[81.4483156,17.8903548],[81.4484918,17.8909736],[81.4484984,17.89176],[81.4484412,17.8933237],[81.4483673,17.8940017],[81.4482926,17.8943635],[81.4481571,17.8948745],[81.4479369,17.8955528],[81.4474497,17.897077],[81.4473664,17.8976827],[81.4474959,17.8984869],[81.447762,17.8991867],[81.4483314,17.9004101],[81.4485638,17.9008389],[81.4488386,17.9012676],[81.4502869,17.9027557],[81.4505507,17.9030131],[81.4518486,17.9042796],[81.4521469,17.9046991],[81.4523034,17.904988],[81.4524365,17.9053583],[81.4526037,17.9061126],[81.4528245,17.9075582],[81.4531203,17.9106351],[81.4532084,17.9118959],[81.4534073,17.9139924],[81.4533798,17.9144765],[81.4533712,17.9146296],[81.4532638,17.915118],[81.4528552,17.9159324],[81.4519687,17.9181985],[81.4514061,17.9197138],[81.4510548,17.9208399],[81.4505441,17.922328],[81.4501588,17.9230836],[81.4499204,17.9240287],[81.4498664,17.9250546],[81.4495681,17.9265692],[81.4492178,17.9281021],[81.4489611,17.9293094],[81.4489212,17.9302855],[81.4489424,17.9312029],[81.4491142,17.9319347],[81.4495167,17.9324263],[81.4501607,17.9331795],[81.4507951,17.9338107],[81.4518837,17.9349289],[81.4525469,17.9357996],[81.4529071,17.9363682],[81.4530687,17.9367972],[81.4531404,17.9371676],[81.4532277,17.938017],[81.4535467,17.9390783],[81.454103,17.9405999],[81.4547826,17.9423382],[81.4550487,17.943002],[81.4554099,17.9436153],[81.4559048,17.9444556],[81.4571117,17.9465945],[81.4576289,17.9475784],[81.4578626,17.9481906],[81.4579236,17.9483506],[81.4584184,17.9498091],[81.459103,17.9516015],[81.4594071,17.9523465],[81.459511,17.9524911],[81.4598383,17.9529465],[81.46034,17.9533838],[81.4608839,17.953735],[81.4622409,17.9544412],[81.4635128,17.9551342],[81.4648794,17.9559037],[81.4660521,17.9565878],[81.4678868,17.9575776],[81.470668,17.9593334],[81.4712923,17.959734],[81.4721111,17.9605004],[81.47285,17.9612895],[81.4735468,17.9622909],[81.4739789,17.963248],[81.4741646,17.9637944],[81.4746077,17.965262],[81.4749893,17.9666983],[81.4755982,17.9683869],[81.4760918,17.9693392],[81.4772478,17.9707147],[81.4780102,17.9715082],[81.4793499,17.9727929],[81.4808269,17.9741134],[81.4816458,17.9748074],[81.4823891,17.9755059],[81.4826735,17.97593],[81.48295,17.9768151],[81.4830079,17.9773075],[81.4829805,17.977615],[81.482802,17.9780086],[81.4821852,17.97867],[81.4811536,17.9796441],[81.4804621,17.9806581],[81.4795605,17.9825268],[81.478654,17.9843502],[81.4782594,17.9851511],[81.4780203,17.985789],[81.4778436,17.9868333],[81.4776164,17.9884065],[81.477653,17.9897216],[81.4776827,17.990223],[81.4781398,17.9916048],[81.4784488,17.9923362],[81.479024,17.9937537],[81.4796993,17.9954559],[81.4801759,17.997059],[81.4802818,17.9977864],[81.480432,17.9991371],[81.4803442,17.9998875],[81.4803256,18.0000052],[81.4801869,18.0008304],[81.4800142,18.0018587],[81.4799312,18.0026092],[81.4798815,18.0031041],[81.4798864,18.0033674],[81.4799058,18.0043916],[81.480294,18.0061532],[81.4807675,18.0084208],[81.4812976,18.0105437],[81.4817475,18.0126577],[81.4820083,18.0146588],[81.4823159,18.0157881],[81.4823736,18.0161913],[81.4825294,18.0172788],[81.4825369,18.0187236],[81.4826257,18.0204997],[81.482707,18.0222253],[81.4826936,18.0233728],[81.4828834,18.0249674],[81.4830351,18.0259476],[81.4830482,18.0261158],[81.4831208,18.0270453],[81.4829794,18.0275649],[81.4819414,18.0288756],[81.4812243,18.0299602],[81.4807622,18.0310808],[81.4803287,18.0325718],[81.4801546,18.0336878],[81.480132,18.0353818],[81.4801347,18.0354032],[81.4803076,18.0367912],[81.4802632,18.0372306],[81.4801432,18.0384177],[81.4800259,18.0396374],[81.4798994,18.0412639],[81.4799578,18.0420654],[81.4800185,18.0428991],[81.4802646,18.0437935],[81.4804636,18.0450492],[81.4805102,18.0456189],[81.4805826,18.0465038],[81.4805359,18.0474976],[81.480452,18.0478358],[81.4802297,18.0487311],[81.4802539,18.0496662],[81.4804056,18.0507414],[81.4807699,18.0519021],[81.4809562,18.0524194],[81.4812904,18.0533475],[81.4817302,18.0543547],[81.4826377,18.0556732],[81.4829382,18.0560292],[81.4832219,18.0563653],[81.4835829,18.0567931],[81.4849536,18.0583825],[81.4858751,18.0593848],[81.4872455,18.060423],[81.4885117,18.0611903],[81.4895983,18.0617227],[81.4906948,18.0628379],[81.4913188,18.0638178],[81.4926661,18.0655698],[81.4945901,18.0681527],[81.4954646,18.0693628],[81.4965993,18.0709522],[81.4970014,18.0719006],[81.497201,18.0736036],[81.4972738,18.0742755],[81.4973673,18.0751395],[81.4976232,18.0762687],[81.4979542,18.076779],[81.4983431,18.0772459],[81.4990524,18.0788553],[81.4996281,18.0798533],[81.5008836,18.0812636],[81.5024875,18.083619],[81.5032747,18.0848166],[81.5041391,18.0863374],[81.5048706,18.0877138],[81.5056966,18.088968],[81.5068818,18.0903568],[81.507133,18.0906318],[81.50791,18.0913121],[81.5088431,18.0921275],[81.5095829,18.0929887],[81.5102755,18.0939676],[81.511444,18.0960207],[81.5120855,18.0972165],[81.5128552,18.0986877],[81.5135175,18.1005433],[81.5139006,18.1023183],[81.5139978,18.1031857],[81.5140619,18.104112],[81.5140074,18.1048488],[81.5137058,18.1067792],[81.5134016,18.1077878],[81.5132999,18.1085744],[81.5132647,18.1094874],[81.5133247,18.1106079],[81.513617,18.111981],[81.513869,18.112527],[81.5142592,18.1134255],[81.5144452,18.1139852],[81.5145461,18.11455],[81.5145802,18.1149611],[81.514534,18.1153629],[81.5144836,18.1158019],[81.5142786,18.1168419],[81.5142522,18.1171207],[81.514219,18.1174701],[81.5142299,18.1179807],[81.5142848,18.1182435],[81.5143546,18.118577],[81.5146936,18.1197465],[81.5149682,18.1215398],[81.5150852,18.1227598],[81.5149309,18.1249293],[81.514135,18.1291658],[81.5139116,18.1303324],[81.5137013,18.1311148],[81.5132868,18.1333211],[81.5128922,18.1357534],[81.5130087,18.13677],[81.5131395,18.137428],[81.5132341,18.1379036],[81.5138231,18.1405367],[81.5138773,18.1407329],[81.5139952,18.14116],[81.5143099,18.1418233],[81.5143613,18.1419317],[81.5147648,18.142491],[81.5154671,18.1434156],[81.5162314,18.1445026],[81.5167257,18.1454547],[81.5173059,18.1466599],[81.5177334,18.1474178],[81.5183218,18.1481619],[81.518739,18.148554],[81.5193546,18.1489229],[81.5203768,18.1493223],[81.5213091,18.1496857],[81.5222267,18.1499138],[81.5233815,18.1503581],[81.5241297,18.150808],[81.524722,18.1512989],[81.524983,18.151601],[81.5253389,18.1521197],[81.5254967,18.1523594],[81.5256477,18.1525888],[81.525729,18.1529275],[81.5258155,18.1534018],[81.5258168,18.1538421],[81.5258175,18.1541113],[81.5257976,18.155456],[81.5256127,18.1567103],[81.5254201,18.1571718],[81.5253786,18.1574974],[81.5253936,18.1577502],[81.5254701,18.1580529],[81.5256198,18.1583788],[81.5256795,18.1585088],[81.5258223,18.1588293],[81.5259986,18.1593169],[81.5260328,18.1596874],[81.5260292,18.1600624],[81.5259972,18.1604196],[81.5256309,18.1612294],[81.5253252,18.1617871],[81.5252266,18.1619671],[81.5249825,18.1625688],[81.524706,18.1633242],[81.5244203,18.1642424],[81.5237255,18.1658892],[81.5231698,18.1666048],[81.5227241,18.1670534],[81.5226655,18.1671124],[81.5213364,18.1684671],[81.5208985,18.1690513],[81.520494,18.1697664],[81.5201651,18.1704542],[81.5199685,18.1710828],[81.5197302,18.1720326],[81.5192237,18.1734077],[81.5189747,18.1739416],[81.5182449,18.1749604],[81.5177641,18.1754588],[81.5170376,18.1759849],[81.5166412,18.1762029],[81.5157343,18.1764855],[81.5125326,18.177746],[81.5119612,18.177978],[81.5109183,18.1786495],[81.5104984,18.1789398],[81.5100834,18.1793115],[81.5099232,18.1794928],[81.5095845,18.1800721],[81.5090906,18.1809229],[81.5087758,18.1816242],[81.508386,18.1825516],[81.5081804,18.1831163],[81.5081093,18.1833116],[81.507687,18.1843747],[81.5074192,18.1849719],[81.5071513,18.1855149],[81.5070389,18.1858904],[81.5070019,18.1861977],[81.5070028,18.1864869],[81.5071734,18.188249],[81.5073602,18.189107],[81.508004,18.1909854],[81.5082326,18.1915813],[81.5085704,18.1922898],[81.5090228,18.1933958],[81.509266,18.1941453],[81.5094139,18.1945652],[81.5095849,18.1948585],[81.5099646,18.1953275],[81.5103261,18.1957041],[81.5103582,18.1957375],[81.5112783,18.1967384],[81.5119049,18.1975683],[81.5124751,18.198543],[81.5129035,18.1995133],[81.5132564,18.2005382],[81.5135812,18.2016581],[81.5137634,18.2025389],[81.5139221,18.2034196],[81.5140098,18.2043006],[81.5142216,18.2056241],[81.5144468,18.2065906],[81.5147242,18.2076519],[81.515001,18.2085278],[81.5152295,18.2090604],[81.5153064,18.2094668],[81.515352,18.2098565],[81.5153646,18.209964],[81.5153654,18.2102261],[81.5153053,18.2107006],[81.5152123,18.2112522],[81.5152191,18.2119255],[81.5152732,18.2126033],[81.515516,18.2132353],[81.5158396,18.2139077],[81.5158782,18.213974],[81.5161343,18.2144131],[81.5165944,18.214909],[81.5167167,18.2150088],[81.5184999,18.2164629],[81.519595,18.2173682],[81.5197183,18.217517],[81.5198322,18.2176568],[81.5199229,18.2179096],[81.5199291,18.2186262],[81.5198051,18.2196589],[81.5197307,18.2200704],[81.5196416,18.2203236],[81.5197535,18.2213943],[81.5199161,18.2219949],[81.5201111,18.2223875],[81.5206621,18.2232175],[81.5210848,18.2238084],[81.521379,18.2241556],[81.5213915,18.2241686],[81.522247,18.225057],[81.523329,18.2263149],[81.5242643,18.2275099],[81.5247068,18.2284034],[81.5250076,18.229356],[81.5252178,18.2300921],[81.5254975,18.2318764],[81.5255702,18.2325089],[81.525771,18.2331816],[81.525928,18.2335474],[81.5263036,18.2341699],[81.5266026,18.2345442],[81.5271202,18.235207],[81.528706,18.2372724],[81.5292855,18.2381024],[81.5298556,18.2390045],[81.5303078,18.2399342],[81.530446,18.2402819],[81.5305496,18.2417051],[81.5303075,18.2429755],[81.5302469,18.2432379],[81.5301157,18.2436449],[81.5294868,18.245251],[81.5293366,18.2456265],[81.5291202,18.2460247],[81.5289418,18.2464591],[81.5282377,18.2482414],[81.5280736,18.24873],[81.5276527,18.250263],[81.5276438,18.2504484],[81.527678,18.2507963],[81.5276594,18.2509364],[81.5270148,18.2520498],[81.5267576,18.2523665],[81.5265854,18.2525785],[81.5257237,18.2536396],[81.5246379,18.255857],[81.5247294,18.2564849],[81.5249442,18.2570001],[81.5252393,18.2577081],[81.5257199,18.2581969],[81.5261123,18.258596],[81.5276153,18.2598119],[81.5289049,18.2608162],[81.5296888,18.2619798],[81.5300023,18.2629448],[81.5301377,18.2633614],[81.5305852,18.2643137],[81.5309082,18.2647039],[81.5316676,18.2656212],[81.5326586,18.2664499],[81.5335597,18.267175],[81.5352709,18.2683767],[81.5362319,18.2686633],[81.5371031,18.2688959],[81.5389353,18.2694285],[81.5400482,18.2698593],[81.5412835,18.2700636],[81.5428728,18.2700907],[81.5464526,18.2697596],[81.5508359,18.2693042],[81.551589,18.2695913],[81.5545919,18.2708072],[81.557121,18.2718754],[81.5591922,18.273112],[81.5597047,18.2732771],[81.5603049,18.2734704],[81.5615661,18.2737075],[81.562064,18.2738351],[81.5643265,18.2751984],[81.5664898,18.2771351],[81.5674917,18.2780713],[81.5681154,18.278654],[81.5688908,18.2793785],[81.5692868,18.2797291],[81.5701574,18.2804999],[81.5726178,18.2821286],[81.5730138,18.2823691],[81.5733551,18.2825764],[81.5734615,18.2826411],[81.5740027,18.2832495],[81.5745162,18.2839937],[81.5750656,18.2852472],[81.5752025,18.2855597],[81.5760716,18.286592],[81.5770343,18.2873392],[81.5784187,18.2882614],[81.579063,18.2887349],[81.5795332,18.2890805],[81.5806439,18.2901753],[81.5828048,18.2927173],[81.583556,18.2938087],[81.5844257,18.2949945],[81.5855138,18.2964282],[81.5863489,18.2971623],[81.5883689,18.2985434],[81.5906254,18.2998605],[81.5910136,18.2999496],[81.5910695,18.2999594],[81.5921829,18.3001539],[81.5929038,18.3007121],[81.5933266,18.3011987],[81.5942012,18.3024071],[81.5949205,18.3038465],[81.5958849,18.3063921],[81.5964247,18.3079134],[81.5975967,18.3089084],[81.5988855,18.3094827],[81.6005375,18.3096854],[81.6019559,18.3094188],[81.6023348,18.3093233],[81.6031896,18.3091077],[81.6053228,18.3089202],[81.6070966,18.3088062],[81.608269,18.3085447],[81.6106747,18.3078276],[81.6129747,18.3071276],[81.6129981,18.3071251],[81.6165349,18.3073478],[81.6190873,18.3080129],[81.6214618,18.3091937],[81.6231471,18.3107835],[81.6242582,18.3119051],[81.6254629,18.3127144],[81.628107,18.3138445],[81.6301426,18.3140812],[81.6310559,18.3141873],[81.6326758,18.314679],[81.6357142,18.316246],[81.6370987,18.3170504],[81.6396522,18.3179365],[81.6409164,18.3181672],[81.6424491,18.3180944],[81.6445171,18.3181822],[81.6453325,18.3186178],[81.6470161,18.3196787],[81.6492442,18.3208414],[81.6513192,18.3215303],[81.654468,18.3221928],[81.6557974,18.3221206],[81.6574185,18.3216586],[81.6580199,18.3217739],[81.6586832,18.3220337],[81.6598189,18.3220614],[81.6605131,18.3216839],[81.6618976,18.3212273],[81.6622289,18.3212261],[81.6625613,18.3215729],[81.6627267,18.3221951],[81.6628589,18.3226925],[81.6626781,18.3236557],[81.6621674,18.3249815],[81.6612344,18.3259835],[81.6587381,18.3277546],[81.6575062,18.3285857],[81.6564879,18.3295653],[81.6551632,18.3308803],[81.6541435,18.3315029],[81.6519187,18.3325409],[81.651589,18.3329712],[81.6508086,18.334298],[81.6498431,18.335526],[81.6496637,18.3369048],[81.6496922,18.3370405],[81.6499672,18.3383498],[81.6502045,18.3398177],[81.6508701,18.3406198],[81.6524349,18.341482],[81.6538473,18.3420873],[81.6551097,18.34305],[81.6563447,18.3442839],[81.6564943,18.344433],[81.6565517,18.3444901],[81.6571854,18.3451215],[81.6577756,18.345556],[81.6587929,18.3463049],[81.6591405,18.3465608],[81.6593537,18.3465734],[81.6621794,18.3467401],[81.6668368,18.3469995],[81.6695158,18.3471573],[81.6716313,18.3472645],[81.6729378,18.3473306],[81.6765955,18.3475088],[81.6790766,18.3476296],[81.6837389,18.3478931],[81.6865961,18.3482144],[81.6888802,18.3484712],[81.6916012,18.3486778],[81.6946175,18.3489067],[81.6975945,18.3490044],[81.7045385,18.3494758],[81.7074879,18.3497676],[81.711038,18.3500075],[81.712874,18.349978],[81.7187959,18.3504212],[81.7213609,18.3507671],[81.7219256,18.3508432],[81.7221963,18.3508383],[81.7251101,18.3507859],[81.7278426,18.3512319],[81.7299256,18.3514455],[81.7335279,18.3516801],[81.7352515,18.3517917],[81.7371402,18.3519141],[81.7392062,18.3520478],[81.744391,18.3523834],[81.7473143,18.3525726],[81.7486962,18.3526619],[81.7500575,18.35275],[81.7503685,18.3535954],[81.7509647,18.3553607],[81.7510247,18.3555383],[81.7515576,18.3578425],[81.7519384,18.3594039],[81.752446,18.3611994],[81.7527326,18.3621167],[81.7535667,18.3651636],[81.7540599,18.3669078],[81.7549979,18.3701726],[81.7556212,18.3720523],[81.7569947,18.3768732],[81.7573486,18.3783325],[81.7578041,18.3801498],[81.7582719,18.3818041],[81.7592414,18.3849878],[81.7597465,18.3870185],[81.7617386,18.394062],[81.7625367,18.3965316],[81.7627001,18.3971391],[81.7632637,18.3992334],[81.7642462,18.4026868],[81.7648689,18.404625],[81.7654219,18.4061372],[81.7662483,18.4087307],[81.7663775,18.4093202],[81.7688743,18.4170907],[81.7739723,18.4216982],[81.7755177,18.4230948],[81.7822517,18.4291799],[81.7920933,18.4380719],[81.7950198,18.4407156],[81.8072104,18.4506035],[81.8086757,18.4517918],[81.8219256,18.4625359],[81.8220992,18.4626767],[81.8319171,18.4706361],[81.8321255,18.4709698],[81.8338861,18.4724338],[81.8359687,18.4742502],[81.8376111,18.4757096],[81.8379718,18.476028],[81.8380438,18.4760916],[81.839566,18.4774356],[81.8411517,18.4786827],[81.8428836,18.4802011],[81.8439397,18.4811271],[81.8451421,18.4820803],[81.8470545,18.4837431],[81.8493882,18.4857897],[81.8505716,18.486734],[81.8518451,18.4878635],[81.8535635,18.4892098],[81.8547197,18.4902222],[81.8551115,18.4905652],[81.8562051,18.491401],[81.8571519,18.4924988],[81.8578335,18.4947711],[81.8577339,18.4960133],[81.8575205,18.4971738],[81.8573122,18.498796],[81.8565498,18.4998078],[81.8561094,18.5009214],[81.8563176,18.5023895],[81.856592,18.5051813],[81.8569894,18.5074264],[81.8578037,18.5084881],[81.8581142,18.5088986],[81.8607628,18.5134147],[81.8631212,18.5171092],[81.8649819,18.5197758],[81.8660281,18.5215512],[81.8670501,18.523205],[81.8682478,18.524921],[81.8688359,18.5251625],[81.8690643,18.5252561],[81.8697233,18.5253888],[81.8701026,18.5254592],[81.8701824,18.5254733],[81.8718995,18.5257763],[81.8738848,18.5258891],[81.8757302,18.525501],[81.8769337,18.5255632],[81.8796795,18.5252388],[81.8814038,18.5271059],[81.8830359,18.5294661],[81.8844451,18.5317414],[81.8859343,18.5339396],[81.8876144,18.5363807],[81.8892579,18.5381534],[81.8892673,18.5381623],[81.8896371,18.5381968],[81.8913957,18.537488],[81.8922717,18.5374207],[81.8929056,18.537255],[81.8937984,18.5367582],[81.8969688,18.5351889],[81.897319,18.5351284],[81.8978968,18.5350895],[81.9022335,18.5354079],[81.9023467,18.5354162],[81.9031808,18.5354982],[81.9040206,18.5357426],[81.9055693,18.5365756],[81.9070698,18.5372779],[81.9088077,18.5380331],[81.9090094,18.538068],[81.9090411,18.538276],[81.9089175,18.5399847],[81.9082916,18.5407568],[81.9071525,18.5421621],[81.9067216,18.543095],[81.906591,18.5434978],[81.9065566,18.543688],[81.9064944,18.5440315],[81.905875,18.5451596],[81.9038319,18.5467238],[81.9025761,18.5475432],[81.9014069,18.5486105],[81.9037688,18.550027],[81.9064168,18.5517722],[81.9075286,18.5523722],[81.9086169,18.5529997],[81.9086752,18.5533022],[81.907654,18.5545903],[81.9074571,18.5549664],[81.9069798,18.5570065],[81.9062781,18.5587089],[81.9056609,18.5611564],[81.9057041,18.5630676],[81.9059158,18.5645488],[81.9083392,18.5650025],[81.910357,18.5657745],[81.9106735,18.5682897],[81.9106907,18.5706348],[81.9116699,18.571222],[81.9126284,18.571484],[81.9139913,18.5720738],[81.9155683,18.5728072],[81.9166048,18.5717133],[81.9177702,18.5707993],[81.9208365,18.5726912],[81.9220076,18.5719536],[81.9229847,18.5712348],[81.9242085,18.5706594],[81.9244634,18.5704549],[81.9249671,18.5698514],[81.9251645,18.5695478],[81.9256325,18.5684836],[81.9264018,18.5670609],[81.9267791,18.5667337],[81.9270011,18.5665881],[81.9273414,18.5664372],[81.9297134,18.5661275],[81.9314339,18.5662454],[81.9331266,18.566463],[81.9353714,18.5662937],[81.9376945,18.5665533],[81.9381022,18.566601],[81.938254,18.5666635],[81.9384014,18.566735],[81.9388018,18.5671713],[81.939126,18.5675449],[81.9396917,18.5678945],[81.9401099,18.5681229],[81.9406418,18.5683415],[81.9414918,18.5686671],[81.943443,18.5694075],[81.9439938,18.5696171],[81.9450817,18.5701358],[81.9460754,18.5699049],[81.9464734,18.5699075],[81.9501931,18.56997],[81.9505725,18.5700223],[81.9507391,18.5702722],[81.9507827,18.5703376],[81.9510536,18.5713259],[81.9510786,18.5715832],[81.9510582,18.5715952],[81.9507291,18.5717883],[81.950484,18.572011],[81.9503227,18.5722134],[81.9502574,18.5723546],[81.9501976,18.5724868],[81.9501951,18.5729162],[81.9501952,18.5729164],[81.9502762,18.573842],[81.9503697,18.5744741],[81.9505139,18.5748531],[81.9507669,18.5751861],[81.9509334,18.5753118],[81.951171,18.575428],[81.9514508,18.5754674],[81.951778,18.5755289],[81.9520959,18.5756177],[81.9524665,18.5757965],[81.9529355,18.5761421],[81.9533119,18.5767108],[81.9534913,18.5779319],[81.9534913,18.5779328],[81.9534937,18.5781636],[81.9534963,18.5786516],[81.9534603,18.5789952],[81.9533205,18.5802565],[81.9531757,18.5806233],[81.9528896,18.5811489],[81.9528012,18.5814476],[81.9527089,18.5819134],[81.952709,18.5819144],[81.9527163,18.5823607],[81.952913,18.5828206],[81.9532809,18.5833566],[81.9536479,18.5837477],[81.9540236,18.5840035],[81.9543324,18.5841283],[81.9545696,18.5841768],[81.9547308,18.5841895],[81.9550054,18.5841294],[81.9554023,18.5839557],[81.9556624,18.583864],[81.9558045,18.5838408],[81.9559467,18.5838536],[81.9560655,18.5839253],[81.9562708,18.5842045],[81.9565866,18.5847586],[81.9569688,18.5853124],[81.9575167,18.5858518],[81.9577123,18.5860993],[81.9580711,18.5866985],[81.9582099,18.5869552],[81.9588803,18.5881855],[81.9593918,18.5889827],[81.9598353,18.589482],[81.9602013,18.5897151],[81.9606238,18.5898303],[81.9611738,18.5898818],[81.962311,18.589867],[81.9628893,18.5899047],[81.9632925,18.589984],[81.9634207,18.5900285],[81.9636411,18.5904431],[81.9637598,18.5908628],[81.9637764,18.5909213],[81.9637764,18.5909223],[81.9637861,18.5918024],[81.9637218,18.5927579],[81.9636985,18.5931042],[81.9636293,18.5934254],[81.9636036,18.5935008],[81.9634009,18.5940954],[81.9630304,18.5947886],[81.9624839,18.5953561],[81.9620313,18.595756],[81.9614039,18.5962654],[81.9608467,18.5966206],[81.9604402,18.5968125],[81.9600711,18.5969092],[81.9591706,18.5968777],[81.9588289,18.5967801],[81.9583884,18.5968411],[81.9572723,18.5972443],[81.9563466,18.5977777],[81.9548586,18.5986257],[81.9541074,18.5990406],[81.9536391,18.5991921],[81.9522318,18.6000668],[81.9514912,18.600667],[81.951447,18.6006943],[81.9512031,18.6008448],[81.9509762,18.6009497],[81.9505593,18.6009699],[81.9499045,18.6008468],[81.9489129,18.6006122],[81.948429,18.6004927],[81.9477692,18.6003198],[81.9473237,18.6002995],[81.9463572,18.6003541],[81.9451543,18.6004865],[81.9443209,18.6007444],[81.9442934,18.6007529],[81.9433241,18.6011691],[81.9422134,18.6017077],[81.9409862,18.6025996],[81.9401414,18.6032453],[81.9390046,18.6042225],[81.9383062,18.6047592],[81.9372715,18.6053201],[81.9369316,18.6055703],[81.9354693,18.6068247],[81.9352102,18.6070881],[81.9350648,18.6073554],[81.9349026,18.6080385],[81.9347655,18.60897],[81.9344598,18.6102819],[81.9344097,18.610621],[81.9344097,18.6106215],[81.9344587,18.6109235],[81.9345852,18.6111592],[81.9346933,18.6113607],[81.9350274,18.6117973],[81.9351426,18.6120543],[81.93521,18.6122482],[81.9351972,18.6125014],[81.9351457,18.6126508],[81.934844,18.6129279],[81.9341637,18.6133243],[81.9336602,18.6139776],[81.9335348,18.6144527],[81.9333428,18.6148692],[81.9330041,18.6153274],[81.9327167,18.615627],[81.9325274,18.6157048],[81.931721,18.6164271],[81.9314913,18.6168892],[81.9307444,18.61814],[81.9305277,18.6183534],[81.9301402,18.6185767],[81.9290382,18.6189979],[81.9273085,18.6199011],[81.9216608,18.6228795],[81.9206449,18.6234221],[81.9188102,18.6242309],[81.9176845,18.6246566],[81.9156545,18.6252946],[81.9141733,18.6256994],[81.913686,18.625869],[81.9118716,18.6269171],[81.910005,18.6279519],[81.9092958,18.6282851],[81.9086683,18.6284937],[81.908482,18.6285556],[81.907274,18.6286969],[81.9061611,18.6288605],[81.9052803,18.6290139],[81.9044521,18.6292302],[81.9040164,18.6293091],[81.9029315,18.6294138],[81.9023297,18.6294438],[81.9005233,18.6293123],[81.8989067,18.6292478],[81.8980392,18.629252],[81.8955608,18.6293225],[81.894912,18.6294024],[81.8947037,18.6294666],[81.8945903,18.6295394],[81.8944964,18.6296845],[81.8944964,18.6296854],[81.8945075,18.6300144],[81.8946247,18.6306825],[81.8949741,18.6322397],[81.8950462,18.6324156],[81.8952142,18.6328215],[81.8954284,18.6330057],[81.8959891,18.6332922],[81.8962361,18.6333679],[81.8965348,18.6334071],[81.8968195,18.6334601],[81.897057,18.6335446],[81.8975843,18.6337681],[81.8979322,18.6340963],[81.8985087,18.6346946],[81.898824,18.6351539],[81.898867,18.6352306],[81.8988309,18.6355696],[81.8984296,18.6358923],[81.8980349,18.6362224],[81.8978209,18.6364013],[81.8975343,18.6368863],[81.8975344,18.6368871],[81.897599,18.6374598],[81.8976225,18.637849],[81.8976249,18.637889],[81.8976166,18.6381104],[81.8975606,18.6382688],[81.8973582,18.6385634],[81.8971461,18.6387768],[81.8968157,18.6390676],[81.8962064,18.6394545],[81.8958146,18.6397682],[81.8946214,18.640908],[81.8942915,18.6412893],[81.8941836,18.6415021],[81.8940759,18.6417511],[81.8940502,18.6422754],[81.8940503,18.6422756],[81.8941472,18.6426951],[81.8946585,18.6434518],[81.8948637,18.6437265],[81.8953741,18.6443657],[81.8954275,18.6444592],[81.895647,18.6448434],[81.8960441,18.6455599],[81.896044,18.6455607],[81.8959994,18.6459247],[81.8959077,18.6466721],[81.8960278,18.6469743],[81.8969825,18.6491568],[81.8976098,18.6503512],[81.8979928,18.651082],[81.897985,18.6522924],[81.8980985,18.6531368],[81.8982273,18.6541935],[81.8982047,18.6544105],[81.8981344,18.654578],[81.8980733,18.6546461],[81.8978413,18.6547014],[81.8975477,18.6547616],[81.8972348,18.6547539],[81.8968453,18.6546159],[81.8965745,18.6545041],[81.8959718,18.6543624],[81.8955589,18.6542785],[81.8952842,18.654325],[81.8950146,18.6544483],[81.8939758,18.6552214],[81.8935982,18.6555305],[81.8934807,18.6557479],[81.8934227,18.6564124],[81.8934227,18.656413],[81.8934531,18.6567919],[81.8934972,18.65709],[81.8937694,18.6574591],[81.894307,18.657809],[81.8948058,18.6580145],[81.8954708,18.6582689],[81.8963582,18.658468],[81.8967804,18.6585111],[81.8973539,18.6584722],[81.8977945,18.6584204],[81.8979604,18.6584151],[81.8983496,18.6585354],[81.8992294,18.6590462],[81.899843,18.6594589],[81.9000813,18.6596702],[81.9003147,18.6598814],[81.9004338,18.6600029],[81.9004488,18.6601564],[81.9004796,18.660572],[81.9006482,18.6610953],[81.9008914,18.6613699],[81.9010894,18.6611519],[81.9016127,18.6606073],[81.9039734,18.658793],[81.9048133,18.6580568],[81.9051248,18.657825],[81.9063391,18.657069],[81.9073259,18.6563493],[81.9084595,18.6555225],[81.9100708,18.6543706],[81.9101057,18.6543555],[81.9106666,18.6542781],[81.9108653,18.654205],[81.9110337,18.654124],[81.91209,18.6536161],[81.913465,18.6527871],[81.9145506,18.6519188],[81.9152583,18.6512964],[81.9170317,18.6496293],[81.9177105,18.6489167],[81.9187608,18.6476553],[81.9202136,18.6463062],[81.9207971,18.6455397],[81.9210881,18.644996],[81.9213552,18.64443],[81.9215445,18.6436545],[81.9217263,18.6429099],[81.9262556,18.6433756],[81.9276547,18.6435268],[81.9282901,18.6435645],[81.9297596,18.6435752],[81.9303094,18.6435725],[81.9306935,18.6435977],[81.9310924,18.6437087],[81.9317855,18.6439132],[81.9326626,18.6439494],[81.9341318,18.6439106],[81.934686,18.6438626],[81.93498,18.6438702],[81.9351939,18.643964],[81.9355842,18.6442873],[81.9361556,18.6447228],[81.9363692,18.6448032],[81.93663,18.6448108],[81.9374062,18.64459],[81.9382481,18.644265],[81.9409508,18.6435558],[81.9424374,18.6432274],[81.9430344,18.6431747],[81.9443336,18.6432496],[81.9461594,18.6434257],[81.9489435,18.6437099],[81.9495263,18.6462327],[81.9503249,18.6491883],[81.9504977,18.6495851],[81.9513749,18.6504753],[81.9519422,18.6510644],[81.9527332,18.6526374],[81.9531629,18.6540405],[81.9532043,18.6546637],[81.9532043,18.6546641],[81.9531483,18.6556671],[81.9532301,18.6569294],[81.9532727,18.6575868],[81.9530917,18.658261],[81.9528029,18.6591753],[81.9527859,18.6595413],[81.9529893,18.6603039],[81.9534316,18.6614042],[81.9539683,18.6624633],[81.954772,18.6637425],[81.9550781,18.6642199],[81.9563961,18.6659393],[81.9572179,18.6670738],[81.9580794,18.6676838],[81.95855,18.6679074],[81.9589581,18.6679821],[81.9593048,18.6680933],[81.9597713,18.6684253],[81.9600811,18.6687219],[81.9607587,18.6695001],[81.9610691,18.6699052],[81.9616022,18.6702775],[81.9620728,18.6705101],[81.9624003,18.670567],[81.9636287,18.6706693],[81.9651937,18.6707561],[81.9665449,18.6716212],[81.9677733,18.6725502],[81.969011,18.6733045],[81.9691482,18.6733881],[81.9691481,18.673389],[81.9690836,18.6736957],[81.9677105,18.6752969],[81.9674022,18.6756563],[81.9657653,18.6779376],[81.9650138,18.679184],[81.9647885,18.6795873],[81.9646636,18.6801393],[81.9644618,18.6813512],[81.9633991,18.6837289],[81.962464,18.6860788],[81.9621361,18.6869104],[81.962048,18.6871337],[81.960889,18.6884738],[81.9607536,18.6886314],[81.9620327,18.6886068],[81.9624835,18.6886632],[81.962745,18.6887929],[81.9629403,18.6889817],[81.9632473,18.6895946],[81.9642155,18.6914378],[81.9649764,18.69269],[81.9654594,18.6933968],[81.9664715,18.6946026],[81.9680509,18.6963793],[81.969276,18.6975206],[81.9701045,18.6981489],[81.9709847,18.698637],[81.9716066,18.6988054],[81.9722998,18.698969],[81.9728299,18.6987855],[81.9731897,18.6986978],[81.9734504,18.6986783],[81.973626,18.698709],[81.9741343,18.6988691],[81.9751902,18.6994465],[81.9767071,18.7001886],[81.9786328,18.7011139],[81.981523,18.7023776],[81.9849632,18.7036427],[81.9864748,18.7042855],[81.9876869,18.7047852],[81.9888988,18.7052803],[81.9897082,18.705023],[81.9905271,18.7047656],[81.992133,18.7045267],[81.9928249,18.7044327],[81.9934508,18.7044339],[81.9940535,18.7045256],[81.9947277,18.7046802],[81.9953791,18.7049749],[81.9961304,18.7053414],[81.9979591,18.7066917],[81.9982876,18.7069249],[81.998566,18.7069069],[81.998591,18.7069062],[81.9985259,18.7079042],[81.9984256,18.7094139],[81.9984257,18.709414],[81.9993046,18.7105252],[81.9999243,18.7110822],[82.0011287,18.7118802],[82.0026983,18.7126805],[82.0035262,18.7131686],[82.0058348,18.7146472],[82.0072434,18.7130853],[82.0072477,18.7130807],[82.0076344,18.7126495],[82.008046,18.7124847],[82.0087909,18.7125529],[82.0103307,18.7131276],[82.0111775,18.7136109],[82.0121759,18.7148165],[82.0132898,18.7163512],[82.0153312,18.7183057],[82.0167419,18.7194954],[82.0176832,18.7199106],[82.0186384,18.7202261],[82.0201662,18.7203714],[82.022525,18.7206749],[82.0245478,18.7211518],[82.0254546,18.721314],[82.0265686,18.7212447],[82.027597,18.7211486],[82.0281476,18.7212134],[82.0286089,18.7214414],[82.0291956,18.7220029],[82.0299276,18.7230652],[82.0303908,18.7235868],[82.0309231,18.7237872],[82.0317535,18.7238685],[82.0325546,18.7238188],[82.0331642,18.7234811],[82.0337454,18.7231119],[82.0343325,18.7229822],[82.0359219,18.723091],[82.0372273,18.7233187],[82.0392838,18.7238042],[82.0402091,18.7239075],[82.0409756,18.7236231],[82.0434795,18.722832],[82.0452069,18.7222802],[82.0466358,18.7217797],[82.0474686,18.7214904],[82.0481178,18.7213964],[82.0490482,18.7215493],[82.0500755,18.722036],[82.0506601,18.7222497],[82.0512719,18.7222508],[82.0518884,18.7230155],[82.0523843,18.7234555],[82.0527411,18.7236522],[82.0536514,18.723611],[82.0556071,18.7231572],[82.0560892,18.7228969],[82.0567677,18.7214428],[82.0582461,18.7197129],[82.0587653,18.7193439],[82.0595322,18.7191452],[82.0612105,18.719068],[82.0627704,18.719023],[82.0638949,18.7191387],[82.0646037,18.7195006],[82.0650484,18.7200719],[82.0656137,18.7217451],[82.0657783,18.7223168],[82.0659773,18.7230081],[82.0668041,18.7255427],[82.0671985,18.7264215],[82.0674218,18.7265016],[82.068445,18.726324],[82.0708638,18.7256054],[82.0735201,18.7249621],[82.0745612,18.7246219],[82.0750373,18.7241537],[82.0758685,18.7228838],[82.0762398,18.7223394],[82.0765276,18.7221119],[82.0790665,18.720918],[82.0809156,18.7201211],[82.0841409,18.7187515],[82.0849746,18.7185931],[82.0856991,18.7191898],[82.0859751,18.7195631],[82.0865075,18.7202831],[82.08688,18.7214241],[82.0870834,18.7235916],[82.0870833,18.7235918],[82.0866773,18.72457],[82.085992,18.7264356],[82.0859755,18.7275471],[82.0860634,18.7279488],[82.0873622,18.7286099],[82.0880082,18.7290864],[82.0880673,18.72913],[82.0883608,18.7297744],[82.0883924,18.7302712],[82.0883924,18.7302712],[82.0877442,18.7310591],[82.0876866,18.7311292],[82.0876868,18.7311299],[82.0882568,18.7327977],[82.0897127,18.7357578],[82.0913426,18.7384776],[82.0918187,18.7402505],[82.0922497,18.7416171],[82.0931281,18.7447296],[82.093521,18.7468147],[82.0933869,18.7473667],[82.0926463,18.748713],[82.092547,18.7494953],[82.0925408,18.7500059],[82.0923004,18.7517017],[82.0925818,18.752685],[82.0916886,18.7539372],[82.0915003,18.7541598],[82.0905676,18.7551411],[82.0900074,18.7558086],[82.0897714,18.7574592],[82.0887407,18.7601852],[82.089021,18.7617424],[82.0896746,18.763085],[82.0912211,18.7653171],[82.0915795,18.7657307],[82.0940318,18.764998],[82.0958576,18.7641921],[82.0978237,18.7638371],[82.0993717,18.7640991],[82.1011969,18.7646847],[82.102787,18.7655745],[82.1036461,18.7662353],[82.1044077,18.766821],[82.1057581,18.7673101],[82.10656,18.7673505],[82.1073554,18.7671289],[82.1082416,18.7662833],[82.1086606,18.7657928],[82.1101118,18.7657436],[82.1108978,18.7658616],[82.1110091,18.7658783],[82.1114747,18.7667295],[82.1120359,18.7676659],[82.1144993,18.7685736],[82.1153603,18.7690062],[82.116511,18.7694376],[82.119084,18.769752],[82.12082,18.7697507],[82.1225012,18.7693474],[82.1245136,18.7688157],[82.1266716,18.7680573],[82.1288962,18.7673435],[82.1296395,18.7671221],[82.1305798,18.7665832],[82.1317039,18.7658717],[82.13292,18.765426],[82.1334176,18.7653642],[82.1333473,18.7662141],[82.1334741,18.766724],[82.1337197,18.7672917],[82.1336162,18.7681147],[82.1333616,18.7685393],[82.133241,18.7687404],[82.1323823,18.7694505],[82.1317959,18.769707],[82.1313338,18.770112],[82.1314623,18.7708928],[82.1321398,18.7722036],[82.1327946,18.7736364],[82.1332933,18.7751515],[82.1335244,18.77637],[82.1336474,18.7770515],[82.1334366,18.7781418],[82.1333194,18.7784878],[82.1331575,18.7789657],[82.1331203,18.7797838],[82.1334947,18.7804457],[82.134386,18.7810729],[82.1346337,18.781172],[82.1349757,18.7813088],[82.1356695,18.7814807],[82.1361003,18.781347],[82.1364965,18.7810057],[82.137013,18.7802255],[82.1372041,18.7798359],[82.1375465,18.7791379],[82.1378666,18.778779],[82.138419,18.7783735],[82.1391815,18.7782016],[82.1405731,18.7784553],[82.1419759,18.7789662],[82.1437556,18.7797823],[82.1441647,18.7799695],[82.1451132,18.7802033],[82.146414,18.780787],[82.1473782,18.780971],[82.1485357,18.7816687],[82.149954,18.7830696],[82.1510776,18.7843594],[82.1512095,18.7845008],[82.1516222,18.7849434],[82.1521702,18.7853015],[82.1530299,18.7854408],[82.1552012,18.7852466],[82.1561597,18.7851597],[82.1563247,18.7851447],[82.1570425,18.7853392],[82.1572668,18.7854378],[82.1573565,18.7854772],[82.157986,18.7859703],[82.1586107,18.7864635],[82.1596096,18.7875326],[82.1601803,18.7884508],[82.1606618,18.7894824],[82.1608024,18.7899199],[82.1608378,18.7902449],[82.1607137,18.7908196],[82.1605023,18.7913022],[82.1602513,18.7918751],[82.1600153,18.7927397],[82.1597548,18.7942051],[82.1601746,18.7952282],[82.1609055,18.79596],[82.1631846,18.7969353],[82.1645474,18.7978034],[82.1651865,18.7983145],[82.1654354,18.7986247],[82.1655798,18.7989401],[82.1655804,18.7989449],[82.165615,18.7992291],[82.1655257,18.8000293],[82.1653508,18.800794],[82.1652248,18.8011065],[82.1647724,18.8016376],[82.1645283,18.8019242],[82.1640838,18.8021437],[82.1626012,18.8024828],[82.16207,18.8024821],[82.1614057,18.8024813],[82.1607708,18.8026162],[82.1599142,18.8029288],[82.15945,18.803031],[82.1582934,18.8031828],[82.1581091,18.8032095],[82.157772,18.8032584],[82.157062,18.8034796],[82.1568784,18.8036796],[82.1565222,18.8043279],[82.1565426,18.804531],[82.156704,18.8052485],[82.1568786,18.805794],[82.1570601,18.8059737],[82.1577884,18.8063306],[82.1587244,18.8065751],[82.1590384,18.8066572],[82.1600044,18.8077582],[82.1601961,18.8080687],[82.1602054,18.8081499],[82.1603727,18.8096084],[82.1605687,18.8111885],[82.1608049,18.8117382],[82.1611263,18.8122468],[82.1613749,18.8125163],[82.1620697,18.8128238],[82.1629763,18.8128769],[82.1636876,18.8128454],[82.1646461,18.812862],[82.1650936,18.8130669],[82.1656704,18.8134746],[82.1659522,18.8137303],[82.166149,18.814068],[82.1661275,18.8143888],[82.1660065,18.8147329],[82.1657757,18.8149693],[82.1653509,18.8152929],[82.1644928,18.8157311],[82.1644195,18.8157685],[82.1631347,18.816617],[82.1609284,18.818682],[82.1606035,18.8190363],[82.1602895,18.8195986],[82.1602914,18.8198696],[82.1608862,18.8207967],[82.1611115,18.8210504],[82.1621392,18.8222076],[82.162314,18.8224045],[82.1627505,18.8228274],[82.1628706,18.823039],[82.1629626,18.8233139],[82.1630003,18.8239598],[82.1629597,18.8242653],[82.1629102,18.8246381],[82.1631292,18.825459],[82.1635803,18.826281],[82.1639077,18.8268774],[82.1647985,18.8289139],[82.1656914,18.8309553],[82.1665908,18.8326981],[82.1674838,18.8338342],[82.1676439,18.8340379],[82.1684336,18.835009],[82.1688609,18.8357383],[82.1689626,18.8360222],[82.1688104,18.837347],[82.1685167,18.8387901],[82.1682689,18.8399981],[82.1680207,18.8404876],[82.1670955,18.841876],[82.1663037,18.8428962],[82.166183,18.8430518],[82.1658638,18.8435644],[82.1657426,18.8438679],[82.1656853,18.8445143],[82.1658638,18.844938],[82.1664729,18.8458693],[82.1667242,18.8465138],[82.1668958,18.8473125],[82.1667916,18.8487364],[82.1666341,18.8492795],[82.166615,18.8499574],[82.166665,18.8503185],[82.1672139,18.8515926],[82.167292,18.851774],[82.1674,18.8519764],[82.1674554,18.8520803],[82.1674716,18.8523512],[82.167271,18.852845],[82.1669553,18.8531812],[82.1666757,18.8533651],[82.1665111,18.8534733],[82.1657732,18.8537987],[82.1653983,18.853801],[82.164524,18.8536619],[82.1641351,18.8536779],[82.1637083,18.8537302],[82.1634241,18.8538133],[82.1630279,18.8541546],[82.1624419,18.855202],[82.1623017,18.8576513],[82.162264,18.8583116],[82.1620684,18.8588596],[82.161805,18.8592545],[82.1613544,18.8599302],[82.1607998,18.8607199],[82.1603896,18.8611245],[82.160197,18.8613968],[82.1602129,18.8616362],[82.1602827,18.8621282],[82.1606045,18.8626911],[82.1612441,18.8632111],[82.1630478,18.8639408],[82.164065,18.8642112],[82.1641937,18.8642454],[82.1645701,18.864451],[82.1650857,18.8648724],[82.1654747,18.8655523],[82.1657245,18.8666892],[82.1658036,18.8672672],[82.1659246,18.8681519],[82.1664254,18.8699064],[82.1671895,18.8712478],[82.167313,18.8714453],[82.1674006,18.8715854],[82.1674182,18.8716903],[82.1675293,18.8723528],[82.1673672,18.8736189],[82.1671574,18.8741624],[82.1669546,18.8743625],[82.1658332,18.8748438],[82.1632633,18.8759126],[82.1617163,18.8766363],[82.1610409,18.8771284],[82.1607202,18.8774151],[82.1605423,18.8777956],[82.1604547,18.8781668],[82.1604126,18.8789124],[82.160665,18.8797513],[82.1613121,18.8806645],[82.1615562,18.8809565],[82.1623481,18.88153],[82.1635575,18.8820916],[82.164769,18.8829335],[82.1650558,18.8832208],[82.1654172,18.8833405],[82.1660727,18.8833953],[82.1665557,18.883243],[82.166928,18.8828296],[82.1670974,18.8825932],[82.167572,18.8819309],[82.1678367,18.8817757],[82.1681064,18.8816565],[82.1686049,18.8816714],[82.1693231,18.8818929],[82.1706104,18.8827115],[82.1718727,18.8833587],[82.1741573,18.8849347],[82.1751957,18.8856335],[82.1756738,18.8859552],[82.1763528,18.8866784],[82.1766595,18.8870922],[82.1768233,18.8874299],[82.1768919,18.8877367],[82.1767668,18.8881803],[82.1764768,18.8885462],[82.1757881,18.8894154],[82.1752717,18.8909277],[82.1751627,18.8916108],[82.1750901,18.8941232],[82.175146,18.8952755],[82.1751842,18.896061],[82.175243,18.8970591],[82.1752704,18.8975243],[82.175395,18.8990461],[82.1753583,18.900596],[82.1753804,18.9010522],[82.1754201,18.9012915],[82.1757336,18.9020033],[82.1761464,18.9026695],[82.1767379,18.9030587],[82.1781155,18.9038768],[82.1790917,18.9043224],[82.1794448,18.9045777],[82.179813,18.9048518],[82.17986,18.9048868],[82.1798735,18.904918],[82.1800964,18.9054321],[82.1803379,18.9060088],[82.1805547,18.9064818],[82.1808228,18.9067919],[82.1810898,18.9069439],[82.1815357,18.9069274],[82.1824788,18.9068572],[82.1836437,18.9069559],[82.185873,18.9073696],[82.187407,18.9074502],[82.1890342,18.9072817],[82.1905515,18.9070551],[82.1914928,18.9072343],[82.1925106,18.9075079],[82.1933163,18.9079861],[82.1942044,18.9087304],[82.194778,18.9092599],[82.1958836,18.9098583],[82.1986298,18.9115167],[82.1992208,18.9118291],[82.1997952,18.9125167],[82.2002551,18.9130921],[82.2008472,18.9135852],[82.2038819,18.9151098],[82.2047911,18.9155931],[82.205,18.9157042],[82.2064699,18.9164855],[82.2078989,18.9171539],[82.209099,18.9176658],[82.2109676,18.9180737],[82.2124857,18.9185835],[82.2138772,18.9192973],[82.2153555,18.9202137],[82.2163633,18.9210521],[82.216885,18.9216315],[82.2174729,18.9221923],[82.2178637,18.9223931],[82.2183014,18.9225168],[82.2187098,18.9225322],[82.2190978,18.922358],[82.2216686,18.9207145],[82.2220421,18.9205087],[82.223222,18.9201983],[82.2250711,18.9198743],[82.2264963,18.9193498],[82.2272821,18.919042],[82.227785,18.9189889],[82.2280396,18.919074],[82.228951,18.9193788],[82.230069,18.9197058],[82.230909,18.9196685],[82.2315478,18.9193797],[82.2321931,18.9186841],[82.2327416,18.9177362],[82.2327966,18.917587],[82.2330907,18.9167896],[82.2336169,18.9160362],[82.234287,18.9153854],[82.2343852,18.9152901],[82.2351033,18.9148153],[82.2356759,18.9145676],[82.236301,18.9143511],[82.23696,18.9142337],[82.2378341,18.9143137],[82.2390981,18.9144996],[82.2398168,18.9147388],[82.2404802,18.9152132],[82.2410245,18.9157269],[82.2413503,18.9160343],[82.2414647,18.9160967],[82.2426181,18.9167081],[82.2437914,18.9174457],[82.2455566,18.9186175],[82.246054,18.919111],[82.2460446,18.9191506],[82.2458929,18.9197945],[82.2452748,18.9228799],[82.245133,18.9242543],[82.2451963,18.9251079],[82.2450669,18.9262156],[82.2448326,18.9272699],[82.2444604,18.9295856],[82.2442641,18.9306441],[82.2440868,18.9317026],[82.2440186,18.9321278],[82.2439508,18.9326332],[82.2438567,18.9333352],[82.2433838,18.9355357],[82.2428799,18.9379998],[82.2425583,18.9394522],[82.2422378,18.9410493],[82.2420073,18.9426321],[82.2418331,18.9440926],[82.2416739,18.9450604],[82.2413691,18.9468426],[82.2411378,18.9483442],[82.2407106,18.9515593],[82.2404944,18.953133],[82.240282,18.9545983],[82.2401279,18.9555798],[82.24001,18.9563486],[82.239983,18.9571846],[82.2396084,18.9592066],[82.2393207,18.9607447],[82.239109,18.9622914],[82.2390627,18.9631049],[82.2387818,18.9655781],[82.2386211,18.9669617],[82.2383374,18.969051],[82.2379957,18.97166],[82.237689,18.974504],[82.2376792,18.9757329],[82.2374823,18.9767372],[82.2372698,18.9788305],[82.2370183,18.9807794],[82.2369144,18.9815076],[82.236647,18.9832443],[82.2365065,18.9847903],[82.2363306,18.9860565],[82.2361182,18.9875218],[82.235957,18.9895108],[82.2358129,18.9905645],[82.2356536,18.9915098],[82.2355229,18.9930358],[82.2354438,18.99396],[82.2353361,18.9948372],[82.2350126,18.9973152],[82.2344592,19.0008701],[82.2343571,19.0011825],[82.2341025,19.0017078],[82.2340671,19.0017808],[82.2339266,19.0020755],[82.2337129,19.0046522],[82.2335926,19.0066276],[82.23359,19.006668],[82.2332023,19.0107683],[82.2330582,19.0118356],[82.2329378,19.0129027],[82.2327946,19.0147379],[82.2327773,19.0149595],[82.2327658,19.0179143],[82.2327612,19.0179369],[82.2323566,19.0191188],[82.2319276,19.0202105],[82.2318203,19.0204823],[82.2311356,19.0216887],[82.2308939,19.0223815],[82.2306314,19.0235173],[82.2305088,19.0243042],[82.2304864,19.0251177],[82.230318,19.0261126],[82.2300493,19.0270633],[82.2298762,19.0274123],[82.229392,19.0281068],[82.2286631,19.029101],[82.2285266,19.0292827],[82.225911,19.0327925],[82.2236019,19.035993],[82.2218195,19.0384671],[82.220531,19.0402783],[82.2199995,19.0410182],[82.2188656,19.0425167],[82.2174633,19.0443828],[82.2162217,19.0461169],[82.2145582,19.0484675],[82.214397,19.0486952],[82.2130106,19.050478],[82.2109325,19.0531501],[82.2094793,19.0552154],[82.2094797,19.0552606],[82.2060153,19.0597831],[82.2051051,19.0613839],[82.2035166,19.0644576],[82.2029528,19.0653466],[82.202254,19.066639],[82.2028195,19.0686186],[82.203333,19.0706214],[82.2033637,19.0707635],[82.2037557,19.0725748],[82.2043446,19.0744866],[82.2047185,19.0756046],[82.2054412,19.0763184],[82.2068463,19.077425],[82.2090448,19.0791592],[82.2105084,19.0804189],[82.2115505,19.0813158],[82.2121391,19.0818767],[82.2137059,19.083651],[82.213965,19.0846343],[82.2142969,19.0851877],[82.214949,19.0859877],[82.2153686,19.0868342],[82.2156509,19.0877451],[82.2161433,19.0894587],[82.2165883,19.0905265],[82.2175725,19.0912157],[82.2180782,19.0921431],[82.218555,19.093021],[82.2188142,19.0939996],[82.2190716,19.0953985],[82.2185047,19.0970137],[82.2184151,19.0972688],[82.2174852,19.0981333],[82.2153298,19.0992415],[82.2149979,19.0994121],[82.2142773,19.0997825],[82.2141377,19.0998543],[82.2137813,19.09856],[82.213413,19.0982281],[82.2129406,19.0979827],[82.2120993,19.097961],[82.2116679,19.0980657],[82.2115631,19.0980911],[82.2114218,19.0982121],[82.2097118,19.0996756],[82.2086436,19.0991856],[82.2078854,19.0988337],[82.2064799,19.0964031],[82.2049123,19.0971408],[82.2050051,19.0987653],[82.2049889,19.1011478],[82.2060853,19.1016149],[82.2073496,19.1022798],[82.2072867,19.102467],[82.2066983,19.1042179],[82.2066963,19.10462],[82.2060693,19.1049088],[82.2053299,19.1052493],[82.2050147,19.1053944],[82.2051646,19.1068606],[82.2051786,19.1069973],[82.2032536,19.1079696],[82.2029764,19.1081096],[82.2033728,19.1096703],[82.2039385,19.1110038],[82.2045729,19.1126261],[82.2058796,19.1145377],[82.2063302,19.1150724],[82.2062823,19.1163197],[82.2058115,19.1169418],[82.2070769,19.1183928],[82.20835,19.1195953],[82.2089983,19.1205217],[82.2082056,19.1213266],[82.2075453,19.1220402],[82.2071353,19.122591],[82.2067545,19.1231025],[82.2058161,19.1241298],[82.2052049,19.1244005],[82.2044582,19.1243511],[82.2039908,19.1241282],[82.2033826,19.1235087],[82.2018399,19.1224842],[82.2002478,19.1218621],[82.1985103,19.1215074],[82.1973894,19.1216412],[82.1963093,19.1221272],[82.1954205,19.1228016],[82.1945305,19.1239595],[82.1936901,19.1254243],[82.1928958,19.1266719],[82.1923654,19.127201],[82.1919613,19.1276041],[82.1914025,19.128126],[82.1905778,19.1288962],[82.1902318,19.1290341],[82.1892825,19.1292389],[82.1886363,19.1292793],[82.188356,19.1292992],[82.1877673,19.1293888],[82.1867989,19.1295667],[82.1860497,19.1298336],[82.1856851,19.1300347],[82.1851968,19.1303317],[82.185032,19.130432],[82.1843882,19.1308247],[82.1837305,19.1312356],[82.1830532,19.1315833],[82.1828397,19.1316479],[82.1824693,19.1316909],[82.1822882,19.1316289],[82.1820587,19.1314496],[82.1818466,19.1310263],[82.1818254,19.1307147],[82.1818266,19.1302267],[82.181918,19.1297111],[82.1818694,19.1288891],[82.181755,19.1281761],[82.1816381,19.1277791],[82.1812623,19.1270858],[82.1807242,19.1262624],[82.1792963,19.1246813],[82.1780747,19.1233247],[82.1777943,19.1226578],[82.1775177,19.1218599],[82.1773506,19.1211019],[82.1772551,19.1203435],[82.1771139,19.1192104],[82.1768574,19.118566],[82.17627,19.1181677],[82.175827,19.1180529],[82.1751953,19.1180976],[82.1736052,19.1184106],[82.1726905,19.1187913],[82.1717526,19.1192582],[82.1717057,19.1192871],[82.1708866,19.1197923],[82.1703253,19.1204148],[82.1699559,19.1212621],[82.1695999,19.1227055],[82.1694135,19.1245773],[82.1694426,19.1260182],[82.1694019,19.1265612],[82.169347,19.1272929],[82.169205,19.1280484],[82.1688777,19.1288275],[82.1685543,19.1294712],[82.16808,19.1302965],[82.1675687,19.1308064],[82.1671453,19.1312286],[82.1664235,19.1320103],[82.1660956,19.1326991],[82.1661162,19.1336117],[82.1662125,19.1351472],[82.1664692,19.1358142],[82.1668183,19.1361012],[82.1672857,19.1363241],[82.1675666,19.1363946],[82.1687185,19.1365906],[82.1704243,19.137167],[82.171454,19.1375717],[82.1720678,19.1376581],[82.1728807,19.1376575],[82.174169,19.1376808],[82.1748305,19.137767],[82.1752938,19.1380802],[82.1756003,19.1383901],[82.1757353,19.1386602],[82.1755765,19.1390588],[82.1753454,19.1393268],[82.174241,19.14045],[82.173387,19.1413725],[82.1732367,19.1416401],[82.1729896,19.1423058],[82.1729397,19.1425736],[82.1728522,19.1430432],[82.1727223,19.1435093],[82.1723019,19.1439006],[82.171515,19.1441992],[82.1705098,19.1445761],[82.1700267,19.1448321],[82.16983,19.1452537],[82.1698046,19.145692],[82.1700279,19.1463592],[82.1702263,19.1468595],[82.1706312,19.147625],[82.1709557,19.1484904],[82.1712477,19.1494328],[82.171543,19.150208],[82.1718587,19.1504636],[82.1722305,19.1506057],[82.1727101,19.1505259],[82.1731227,19.1503832],[82.1742783,19.1497614],[82.1755775,19.1492741],[82.1765612,19.1492136],[82.1781408,19.1493842],[82.1795129,19.1498136],[82.1804961,19.1503495],[82.1809319,19.1508165],[82.1808259,19.1512646],[82.1804002,19.1515408],[82.1803337,19.1515839],[82.1791472,19.1518717],[82.1780372,19.1522087],[82.1776779,19.1525092],[82.1773042,19.1534286],[82.1772912,19.1542871],[82.1773394,19.1545099],[82.1774436,19.1549911],[82.1774043,19.1554792],[82.1772103,19.1556115],[82.1769022,19.1557354],[82.1763513,19.1558248],[82.1754906,19.1558658],[82.1745359,19.1559268],[82.1742705,19.1560369],[82.1741282,19.156092],[82.1735812,19.1561843],[82.173544,19.1561906],[82.173475,19.1561844],[82.1728924,19.1561316],[82.1725027,19.1561521],[82.1720466,19.1561957],[82.1716148,19.156316],[82.1712977,19.1565257],[82.1709771,19.1569028],[82.1709041,19.1573416],[82.1706827,19.1583007],[82.1704861,19.1587447],[82.1701799,19.1591353],[82.1699941,19.1597779],[82.1699331,19.16056],[82.1701405,19.1610636],[82.1701799,19.1611593],[82.1704619,19.1613698],[82.1707431,19.1614721],[82.1715394,19.1617922],[82.1725663,19.1624634],[82.1732113,19.1629065],[82.1736828,19.1630391],[82.1741257,19.1631266],[82.1742723,19.1631107],[82.1745248,19.1630834],[82.1749226,19.1628821],[82.1755649,19.1622499],[82.1759642,19.1615697],[82.176962,19.1608133],[82.1775691,19.1606106],[82.1781134,19.1602728],[82.1786571,19.159831],[82.1787413,19.1596408],[82.1786431,19.1591987],[82.1784151,19.1585631],[82.1782135,19.1580042],[82.1781484,19.1578238],[82.1781049,19.1577337],[82.1778391,19.157139],[82.1774235,19.1561703],[82.1772395,19.1557061],[82.1772581,19.1556428],[82.1775339,19.1556681],[82.1778821,19.155815],[82.1781589,19.1559408],[82.1784211,19.15606],[82.179182,19.1567554],[82.1805448,19.1578672],[82.1810274,19.1581984],[82.1821999,19.1592887],[82.1828335,19.1601296],[82.183409,19.1614902],[82.183533,19.1622124],[82.1842319,19.1635406],[82.1846457,19.1642338],[82.1851212,19.1648994],[82.1856299,19.1655601],[82.1861395,19.1663475],[82.1860437,19.1669219],[82.1857532,19.1675248],[82.1855093,19.1677039],[82.185058,19.1680353],[82.1839533,19.1684851],[82.181726,19.1688518],[82.1803572,19.1689104],[82.1788977,19.1689424],[82.1781067,19.1693675],[82.1770627,19.1703321],[82.1762947,19.1712993],[82.1762131,19.1715536],[82.1760435,19.1720826],[82.1760102,19.172774],[82.1761696,19.1731073],[82.1767095,19.1734699],[82.1775988,19.1735003],[82.1788999,19.173257],[82.1801748,19.1733482],[82.181284,19.1735263],[82.1816986,19.1736818],[82.1820492,19.174163],[82.1820494,19.1748542],[82.1820157,19.1754599],[82.1817946,19.1771193],[82.1812183,19.1783204],[82.1811032,19.1785156],[82.1810632,19.1785834],[82.1806921,19.1789525],[82.1806242,19.17902],[82.1799578,19.1795934],[82.1796128,19.1798893],[82.1792141,19.1800003],[82.1779417,19.1802751],[82.1767632,19.1803776],[82.1760937,19.1804994],[82.1755077,19.181009],[82.1751425,19.1818157],[82.1751421,19.18243],[82.1754876,19.1828796],[82.1767845,19.1840505],[82.1778642,19.1854081],[82.1786405,19.1869256],[82.1798329,19.1887704],[82.1806342,19.1904323],[82.1805587,19.1909828],[82.1804625,19.191685],[82.1789285,19.1919749],[82.1776329,19.1923447],[82.1763567,19.192755],[82.1740615,19.1936416],[82.1721675,19.1941326],[82.1702159,19.1945427],[82.1675819,19.1952597],[82.1644288,19.1979319],[82.1617056,19.2022458],[82.1621547,19.2035268],[82.1623315,19.204031],[82.1623475,19.2040633],[82.1638896,19.2071701],[82.1644209,19.2083484],[82.1658173,19.2114454],[82.167068,19.2120972],[82.1687718,19.2129401],[82.1687397,19.2129778],[82.1680147,19.2138285],[82.1655549,19.2167151],[82.1638688,19.218402],[82.162574,19.2195713],[82.1594207,19.2229617],[82.15866,19.2243582],[82.1585112,19.2248516],[82.1583592,19.226226],[82.1578449,19.2274987],[82.1577598,19.2298885],[82.1577535,19.2300656],[82.1576947,19.2359348],[82.1576929,19.2404303],[82.1576947,19.2439455],[82.1576959,19.2462811],[82.157584,19.2500001],[82.1576773,19.2506774],[82.1576988,19.2508533],[82.1578445,19.2524057],[82.1578551,19.2537791],[82.1578615,19.2545969],[82.157868,19.254788],[82.1579513,19.2572391],[82.158007,19.2584809],[82.1581237,19.2599976],[82.1581627,19.2613979],[82.1582789,19.2630647],[82.1584256,19.2651673],[82.1589865,19.2684676],[82.1599187,19.2714649],[82.1602527,19.2726568],[82.1609114,19.275008],[82.1613648,19.2764385],[82.1620969,19.2787477],[82.1623282,19.2793238],[82.162654,19.2801355],[82.162962,19.2809027],[82.1635821,19.2824472],[82.1646087,19.2847068],[82.1656026,19.2869373],[82.1659361,19.2876855],[82.166315,19.2879844],[82.1673163,19.2887743],[82.1693965,19.2904152],[82.1708714,19.2913993],[82.1721563,19.2923948],[82.1733552,19.2933735],[82.1743333,19.294446],[82.1744141,19.2945346],[82.1766787,19.2994802],[82.1769488,19.3019711],[82.1769429,19.3019709],[82.1770627,19.3030223],[82.1771944,19.3041001],[82.1774239,19.305977],[82.1776388,19.307309],[82.1778313,19.3085021],[82.1782948,19.3122737],[82.1786251,19.3153871],[82.1791716,19.3189676],[82.1797434,19.3203475],[82.1812245,19.3233874],[82.1818051,19.3235035],[82.1855301,19.3242488],[82.1903856,19.3252701],[82.1927855,19.3256726],[82.194011,19.3259135],[82.194122,19.3259353],[82.1940605,19.3262887],[82.1936418,19.3263031],[82.1918004,19.3263407],[82.1909212,19.3264426],[82.1908396,19.3264701],[82.190476,19.3265928],[82.1901262,19.3267601],[82.1898203,19.327008],[82.1892621,19.327562],[82.1880059,19.3289204],[82.1875538,19.3295815],[82.1874328,19.3301026],[82.1874277,19.33041],[82.1874952,19.3308022],[82.1876277,19.3314104],[82.1879846,19.3330506],[82.1880405,19.3339626],[82.1880064,19.3342387],[82.1878902,19.3347553],[82.1875893,19.3353511],[82.1869754,19.3363532],[82.1865077,19.3369241],[82.1860387,19.3374092],[82.1853698,19.3379059],[82.1848593,19.3381519],[82.1842614,19.3382726],[82.1840652,19.3382863],[82.1835432,19.3383226],[82.1832153,19.3383586],[82.1828696,19.3384805],[82.1823499,19.3387538],[82.1818917,19.3390038],[82.1813277,19.3391737],[82.1809147,19.3392514],[82.1800396,19.3393079],[82.1790121,19.3393574],[82.1785805,19.339467],[82.1783306,19.3396282],[82.1778939,19.3400496],[82.1773907,19.3408107],[82.17729,19.3410178],[82.177289,19.3410199],[82.1772907,19.3411419],[82.1774451,19.3412845],[82.1784134,19.3420897],[82.1786593,19.3423636],[82.1787424,19.3424561],[82.1788895,19.3427524],[82.1789217,19.3430094],[82.1787966,19.3432416],[82.1786557,19.3433699],[82.1784476,19.343472],[82.1782589,19.3435011],[82.1781912,19.3435115],[82.1778391,19.3435251],[82.1772087,19.3434211],[82.1772044,19.3434204],[82.177202,19.3434204],[82.1768855,19.3434199],[82.1766391,19.3434998],[82.1763512,19.3436708],[82.1763368,19.3436814],[82.1756776,19.3441676],[82.1751544,19.3445358],[82.1749791,19.3445923],[82.1747226,19.3446226],[82.1744369,19.3446264],[82.1740804,19.3446627],[82.1737772,19.3447614],[82.1729916,19.3450878],[82.1726502,19.3451781],[82.1724407,19.3451807],[82.1719777,19.3450919],[82.1716444,19.3450781],[82.1714208,19.3450946],[82.1709759,19.3452676],[82.1704702,19.3455226],[82.1697315,19.3458032],[82.1690438,19.3459836],[82.1681541,19.3463566],[82.1678378,19.3465324],[82.1675886,19.3467526],[82.1671514,19.3474721],[82.1668069,19.3480233],[82.166511,19.3483027],[82.1660485,19.3485632],[82.1659114,19.3486404],[82.1650023,19.3489863],[82.1645096,19.3491045],[82.1641862,19.3491821],[82.1620589,19.3488841],[82.1604322,19.3493252],[82.1586618,19.3496958],[82.157116,19.349788],[82.1561855,19.3495112],[82.1558921,19.349424],[82.1541267,19.3498036],[82.153961,19.3502364],[82.1534381,19.3516018],[82.1524354,19.3527398],[82.1501015,19.3536596],[82.148778,19.3529762],[82.1487138,19.3545042],[82.1486366,19.3551365],[82.1485475,19.3558665],[82.1485394,19.3559353],[82.1483093,19.3578802],[82.1481142,19.3595592],[82.1481578,19.3622968],[82.1482551,19.3634659],[82.1482612,19.3635328],[82.1483132,19.364111],[82.1483852,19.3649102],[82.1472795,19.3644951],[82.1472479,19.3654378],[82.1472461,19.365494],[82.147942,19.3657667],[82.1483185,19.3659142],[82.1483732,19.3667584],[82.1478367,19.3671945],[82.1483486,19.3679596],[82.1484168,19.3680616],[82.1486101,19.3683505],[82.148071,19.3693576],[82.1488143,19.3695258],[82.14896,19.3695253],[82.1485863,19.3703706],[82.1484587,19.3705877],[82.1482182,19.370997],[82.1478571,19.3716114],[82.1477355,19.3718184],[82.1489484,19.3716276],[82.1491434,19.3718075],[82.1495017,19.37294],[82.1496481,19.3734026],[82.1512313,19.3733193],[82.1513514,19.373313],[82.1528711,19.3762531],[82.1532656,19.3770164],[82.1564788,19.3772961],[82.1578971,19.3772554],[82.1600371,19.3770743],[82.1611907,19.3758304],[82.1621609,19.3744057],[82.1621933,19.3743581],[82.1642146,19.3735279],[82.1656989,19.3731156],[82.1666129,19.372765],[82.1671923,19.3726626],[82.1680443,19.372638],[82.171448,19.3726033],[82.1719243,19.3726152],[82.1723733,19.3737119],[82.1726595,19.3740833],[82.1728736,19.3744013],[82.1732548,19.3750322],[82.1734345,19.3753295],[82.1736398,19.3757063],[82.1736613,19.3758823],[82.1736297,19.3759958],[82.1735691,19.3760959],[82.1734755,19.3762056],[82.1733882,19.3764189],[82.173349,19.3766771],[82.1733659,19.3768621],[82.1734208,19.3770332],[82.1735274,19.3771719],[82.1736955,19.3772646],[82.1738911,19.3773028],[82.1740005,19.3772922],[82.1741094,19.3772457],[82.1742372,19.3771897],[82.174723,19.3768763],[82.1750152,19.3766647],[82.1752098,19.3766169],[82.1754002,19.3766189],[82.1755291,19.37664],[82.1756545,19.3767468],[82.1757958,19.3769753],[82.1759088,19.3772224],[82.1759241,19.3773079],[82.1760228,19.3778581],[82.1761321,19.3781775],[82.1762682,19.3783745],[82.1764898,19.3785569],[82.1766859,19.3786178],[82.1769057,19.3786645],[82.1771864,19.3786518],[82.1775377,19.378584],[82.1777806,19.3785352],[82.177946,19.378502],[82.1780888,19.3784911],[82.1782422,19.3785659],[82.1785303,19.3787339],[82.1788348,19.3790508],[82.1790637,19.3794093],[82.1792164,19.3797598],[82.1792728,19.3800437],[82.1792351,19.3804012],[82.1791524,19.3806102],[82.1790679,19.3807878],[82.1790184,19.380892],[82.1787529,19.3813022],[82.1783501,19.3817727],[82.1780973,19.3820697],[82.1780008,19.3823149],[82.1780034,19.3825002],[82.1780823,19.38268],[82.1784392,19.3830052],[82.1787071,19.3830922],[82.17897,19.3831565],[82.1791891,19.3831672],[82.1796178,19.3831707],[82.1801925,19.3830819],[82.1805783,19.3830814],[82.1807503,19.3831199],[82.1809709,19.3832346],[82.1811925,19.3834079],[82.1814727,19.3836799],[82.1816905,19.3839301],[82.1818325,19.3842038],[82.1819276,19.3845281],[82.1819029,19.3847904],[82.1817971,19.3850538],[82.1815204,19.3853557],[82.181265,19.3855903],[82.1811962,19.3856535],[82.1809972,19.3860492],[82.1809896,19.3861849],[82.1810611,19.3865274],[82.1811459,19.3867838],[82.1813563,19.3871878],[82.181645,19.3877219],[82.1818993,19.3881885],[82.18221,19.3886002],[82.1822453,19.3887444],[82.1822141,19.3888848],[82.1821587,19.3890075],[82.1818826,19.3893499],[82.1816249,19.3896424],[82.1815006,19.3898836],[82.1814443,19.3899927],[82.181362,19.3902288],[82.1813781,19.390685],[82.1813823,19.3909786],[82.1813535,19.3912862],[82.1811875,19.391668],[82.1808191,19.3922149],[82.1807363,19.3924103],[82.1807819,19.3926085],[82.1808515,19.3928155],[82.1811716,19.393209],[82.1814322,19.3935063],[82.1816024,19.3937005],[82.1818987,19.3941033],[82.1821386,19.3945566],[82.1824088,19.3954704],[82.1826702,19.3964249],[82.1828506,19.3970506],[82.1832305,19.3979721],[82.1838122,19.3993382],[82.1842533,19.4002092],[82.1843145,19.400493],[82.1842903,19.4007961],[82.1841846,19.4010595],[82.183728,19.4017659],[82.1836653,19.4018393],[82.1834002,19.4021497],[82.1831978,19.4023149],[82.182308,19.402697],[82.1821383,19.4028167],[82.182078,19.4029259],[82.1821564,19.403083],[82.1822827,19.4032486],[82.1824776,19.403382],[82.1825809,19.4034526],[82.1826521,19.4041024],[82.1823884,19.40463],[82.1821929,19.4052877],[82.1821131,19.4056909],[82.1821192,19.4061201],[82.1821936,19.4066523],[82.1823052,19.4071253],[82.1824353,19.4075344],[82.1826838,19.4096192],[82.1831212,19.4105534],[82.1830834,19.4109064],[82.1831743,19.4115966],[82.1833638,19.4118561],[82.1835421,19.4120075],[82.1845314,19.412903],[82.1849872,19.4134753],[82.1852047,19.4136895],[82.1854983,19.4139025],[82.185974,19.4141992],[82.1862762,19.4143443],[82.1865914,19.4144081],[82.186715,19.4144009],[82.1872862,19.4143674],[82.1876005,19.4143723],[82.1877439,19.4143976],[82.1878348,19.4144326],[82.1889096,19.4149925],[82.1890585,19.4150764],[82.1892034,19.4152146],[82.1892722,19.4153629],[82.1892982,19.4161713],[82.1892191,19.417293],[82.189191,19.4176503],[82.1892921,19.4180557],[82.1896243,19.4189641],[82.1899542,19.4197145],[82.1900007,19.4199625],[82.1899503,19.4201076],[82.1898572,19.4202489],[82.1889403,19.4207489],[82.1887569,19.4209049],[82.1887541,19.4210405],[82.1887847,19.4211801],[82.1889057,19.4213187],[82.1890984,19.4214698],[82.1895757,19.4218657],[82.189905,19.4222411],[82.189951,19.4224618],[82.1899447,19.4226834],[82.1898244,19.4229379],[82.1894533,19.4232862],[82.1891215,19.4237199],[82.1890845,19.4238279],[82.18903,19.4239876],[82.189033,19.4241955],[82.1891181,19.424479],[82.1892538,19.4246398],[82.1895341,19.4249209],[82.1898099,19.4252202],[82.1898744,19.4254001],[82.1898791,19.4257298],[82.1897965,19.4262687],[82.1894431,19.4275294],[82.1891319,19.4270868],[82.1888985,19.4267547],[82.1878018,19.4263352],[82.1867971,19.4263573],[82.1861917,19.4266544],[82.1853793,19.4274646],[82.1846836,19.4284272],[82.1838293,19.4299701],[82.1827918,19.4300052],[82.1811374,19.4318938],[82.179516,19.4344181],[82.1794208,19.4346197],[82.1789105,19.4357002],[82.1781854,19.4366088],[82.1758836,19.4365346],[82.174155,19.4365705],[82.1728071,19.4369132],[82.1714917,19.4371878],[82.1702104,19.4368563],[82.1693354,19.4367984],[82.1689239,19.4367713],[82.168208,19.4367239],[82.1661964,19.4362286],[82.1657878,19.4361796],[82.1642235,19.4362239],[82.1607379,19.4363002],[82.1583828,19.4358153],[82.155136,19.435164],[82.1523207,19.4345734],[82.1497198,19.4342315],[82.1467433,19.4335421],[82.1464655,19.4334778],[82.1439817,19.4329897],[82.1409317,19.4325315],[82.1379582,19.4320993],[82.1361793,19.4318913],[82.1353106,19.4317897],[82.1352387,19.4317813],[82.1352389,19.4317413],[82.1352476,19.4303849],[82.1322253,19.4301972],[82.1298259,19.4302773],[82.1272952,19.4305126],[82.1271608,19.4303464],[82.1261416,19.4290857],[82.1254294,19.4302695],[82.1252197,19.4306984],[82.1244199,19.4323339],[82.1233546,19.4333743],[82.1230284,19.4336929],[82.1225357,19.434174],[82.1213175,19.4359517],[82.1197657,19.4384158],[82.1180612,19.4408502],[82.1162299,19.4437698],[82.1146937,19.4459942],[82.1135346,19.4482635],[82.1134708,19.4505327],[82.1134173,19.4538637],[82.1135128,19.4567012],[82.1136738,19.4579183],[82.1134222,19.4603615],[82.1125575,19.4608784],[82.1110959,19.4616288],[82.108996,19.462735],[82.1065514,19.4640534],[82.1039901,19.4655541],[82.1030961,19.4659765],[82.1028462,19.4660945],[82.102821,19.4661064],[82.1029991,19.4663907],[82.1034638,19.4671319],[82.1037174,19.4675366],[82.1049846,19.4695814],[82.1065564,19.4723001],[82.1073425,19.4750422],[82.1078531,19.4778464],[82.1081063,19.4802834],[82.1080702,19.4831714],[82.1079796,19.4859063],[82.1078229,19.4883439],[82.1076664,19.4914774],[82.1077921,19.4926671],[82.1079112,19.4937939],[82.1079625,19.4942798],[82.1061587,19.4954592],[82.1048129,19.4959956],[82.1016521,19.4972552],[82.099823,19.498001],[82.0987392,19.4985341],[82.0979728,19.4989277],[82.0977639,19.5008341],[82.0978518,19.5019024],[82.0980087,19.5034246],[82.0982323,19.5051681],[82.0984821,19.5075689],[82.0988056,19.5099651],[82.0990506,19.511293],[82.1000169,19.5159297],[82.1002549,19.5165892],[82.0987353,19.5168306],[82.0975396,19.5170021],[82.0958651,19.5172798],[82.095284,19.5174082],[82.0947027,19.5175346],[82.0936809,19.5177468],[82.0923732,19.5180085],[82.0917349,19.518128],[82.0903748,19.5186067],[82.0895815,19.518952],[82.0880618,19.5195818],[82.0853742,19.5205018],[82.0826806,19.5214145],[82.0795409,19.522475],[82.0781998,19.5228496],[82.0776947,19.5230437],[82.0769731,19.5233236],[82.0760273,19.5236259],[82.0760204,19.5236194],[82.0756844,19.5232983],[82.075501,19.5230883],[82.074782,19.5222435],[82.0737796,19.5211162],[82.0728223,19.5201177],[82.0717772,19.5188775],[82.0705534,19.5175109],[82.0699152,19.5168106],[82.0687653,19.5155251],[82.0680964,19.5144567],[82.0668728,19.5122972],[82.0660803,19.510838],[82.0654154,19.510575],[82.0647431,19.510433],[82.0625468,19.5104039],[82.0587969,19.5099916],[82.055463,19.5096481],[82.0545517,19.5095202],[82.0538794,19.5093073],[82.0532073,19.5088535],[82.0518927,19.5083144],[82.05134,19.5081583],[82.0505033,19.5082288],[82.0475149,19.5087378],[82.0454423,19.509008],[82.0411841,19.5091194],[82.0385143,19.5091316],[82.0366917,19.5087906],[82.0319112,19.5079379],[82.0295416,19.5075657],[82.02922,19.5075407],[82.0291478,19.5076482],[82.0291046,19.5077124],[82.0290819,19.5077462],[82.0290317,19.5079945],[82.0290267,19.5082114],[82.0291408,19.508645],[82.0291979,19.5088551],[82.0298309,19.5096345],[82.030107,19.5099148],[82.0303547,19.510152],[82.0307522,19.5103781],[82.0307728,19.5103901],[82.0310928,19.5105769],[82.0313475,19.5107827],[82.0315592,19.5110402],[82.0316543,19.5113226],[82.0317184,19.5117517],[82.0317395,19.5125038],[82.0317385,19.512512],[82.031658,19.5131677],[82.031679,19.5138227],[82.0317123,19.5141547],[82.0317812,19.5144054],[82.0318454,19.5145273],[82.0320217,19.5146516],[82.0321788,19.5147015],[82.032386,19.5146992],[82.0330482,19.5144941],[82.0334985,19.514404],[82.0337081,19.5143951],[82.0338939,19.5144493],[82.0340582,19.5145331],[82.0341913,19.5146933],[82.0343175,19.5148539],[82.0345721,19.5154863],[82.0346743,19.5158523],[82.0346789,19.5162226],[82.0345617,19.5169023],[82.0345115,19.5173517],[82.0345113,19.5176498],[82.0345493,19.5177559],[82.0347137,19.5179142],[82.0353231,19.5184091],[82.035685,19.5186916],[82.0360444,19.5191073],[82.0363158,19.5195072],[82.0364346,19.5197805],[82.0365226,19.5200379],[82.0365559,19.5202864],[82.036489,19.5205325],[82.03631,19.5213208],[82.0363333,19.5221879],[82.036835,19.5238572],[82.037205,19.5267729],[82.0371974,19.5275792],[82.0372138,19.5279767],[82.03724,19.5281528],[82.0372899,19.5282522],[82.0374042,19.5283336],[82.0376375,19.5284512],[82.0381377,19.5286207],[82.0385426,19.5287384],[82.0387021,19.5288356],[82.0388759,19.5290773],[82.0390567,19.5294455],[82.0390876,19.529642],[82.0391922,19.5298047],[82.0393566,19.5299537],[82.0396138,19.5301052],[82.0398758,19.5301844],[82.0401592,19.5301619],[82.0404904,19.5300175],[82.0408525,19.5298032],[82.0412124,19.5295684],[82.0416531,19.5294874],[82.0418722,19.5294852],[82.043094,19.529777],[82.0432584,19.5298562],[82.0434655,19.5300144],[82.0435512,19.530141],[82.0435724,19.5308455],[82.0439411,19.5317582],[82.0450125,19.5326349],[82.0462149,19.533645],[82.0464698,19.5339679],[82.0466221,19.5340787],[82.0467246,19.5341104],[82.0468508,19.5340946],[82.0469199,19.5340585],[82.0469867,19.5339547],[82.0470535,19.5337808],[82.0470726,19.5333856],[82.0471497,19.5332242],[82.0471847,19.5331508],[82.0472585,19.5330853],[82.0473896,19.5330786],[82.0474992,19.5331102],[82.0476063,19.53323],[82.0477229,19.5334514],[82.0477585,19.5337155],[82.0478461,19.5348833],[82.0478461,19.5349372],[82.0478459,19.5354139],[82.0477601,19.5356714],[82.0475596,19.5361772],[82.0475118,19.5364414],[82.047488,19.5367508],[82.0475043,19.5370738],[82.047552,19.5372453],[82.0477496,19.5374781],[82.0479997,19.5376792],[82.0481306,19.5378779],[82.0481876,19.5380835],[82.0481971,19.5382711],[82.0481635,19.5384697],[82.048011,19.5387045],[82.0477393,19.5390409],[82.0475604,19.5392983],[82.0475056,19.5394247],[82.0474912,19.5396484],[82.0475341,19.5398221],[82.0488265,19.542088],[82.0491218,19.5424043],[82.0493565,19.5427166],[82.0493884,19.542759],[82.0495288,19.5430435],[82.049793,19.5436309],[82.0499547,19.5442317],[82.0499522,19.544462],[82.0498799,19.5462168],[82.0500914,19.5475652],[82.0505983,19.5486516],[82.0502331,19.5498597],[82.0499614,19.5501668],[82.0498451,19.5503609],[82.0498112,19.5504173],[82.0497755,19.5505642],[82.0497873,19.5506659],[82.0500443,19.5510702],[82.0502158,19.5512758],[82.0503182,19.5514045],[82.0503277,19.5515537],[82.0503157,19.5516439],[82.0502466,19.551732],[82.0501823,19.5517839],[82.0500774,19.5518064],[82.0496142,19.5518024],[82.0487858,19.5524631],[82.0483611,19.5540008],[82.0477812,19.5560489],[82.0477263,19.556207],[82.0475618,19.5563696],[82.0470328,19.5567194],[82.0469364,19.556783],[82.0468516,19.556839],[82.0461343,19.5572203],[82.0460032,19.5573062],[82.0459627,19.5574461],[82.0459554,19.5577894],[82.0460043,19.5581718],[82.0460219,19.5583089],[82.0458354,19.5594605],[82.0456017,19.5599845],[82.0455206,19.5602328],[82.0455061,19.5605286],[82.0455346,19.5607274],[82.0455703,19.5609217],[82.0457369,19.5612853],[82.0458331,19.5614406],[82.0458797,19.5615158],[82.0460122,19.5616483],[82.0461204,19.5623344],[82.0459529,19.5630108],[82.0469861,19.5645312],[82.0477122,19.5656247],[82.0479264,19.5664016],[82.0481573,19.5668195],[82.048412,19.5672284],[82.0485953,19.5674476],[82.0487739,19.5676237],[82.0492145,19.5679718],[82.0494288,19.5682813],[82.0494931,19.56841],[82.049512,19.5686629],[82.0495168,19.5687533],[82.0494692,19.5687939],[82.0493834,19.5687938],[82.0489544,19.5686356],[82.048671,19.568579],[82.0484661,19.5685721],[82.0483885,19.5685721],[82.048323,19.5685722],[82.0482016,19.5686398],[82.0481444,19.5687369],[82.0481086,19.568922],[82.0481109,19.5691253],[82.0482154,19.5696922],[82.0482487,19.5698683],[82.0483242,19.5712596],[82.0482909,19.5715147],[82.048288,19.5715758],[82.0482787,19.571788],[82.0483049,19.5719529],[82.0483669,19.5720524],[82.0485263,19.5722105],[82.0486882,19.5723279],[82.0488956,19.5724341],[82.0492887,19.5725179],[82.0494793,19.5725993],[82.0496197,19.5727168],[82.0497173,19.5728591],[82.0497365,19.5729067],[82.0498269,19.5731302],[82.0498672,19.5733358],[82.0498741,19.5736834],[82.0498717,19.5738416],[82.0498455,19.5740291],[82.0497429,19.5742074],[82.0494402,19.5744737],[82.0491446,19.5747198],[82.0489229,19.5749636],[82.0488109,19.5751713],[82.0487703,19.5753272],[82.0487722,19.5760294],[82.0487817,19.5762914],[82.0488029,19.5768402],[82.0488622,19.5774614],[82.0488977,19.5778475],[82.0488595,19.5780982],[82.0487546,19.5782676],[82.0484662,19.5785],[82.0484551,19.5785077],[82.0479298,19.5788703],[82.047365,19.5792448],[82.0471338,19.5793825],[82.0465118,19.5795697],[82.0457703,19.5804457],[82.0451937,19.5814577],[82.0446086,19.5819454],[82.0440271,19.5834304],[82.0434354,19.5847829],[82.0432779,19.5851262],[82.0429747,19.5863682],[82.0429388,19.5866775],[82.0429434,19.5869575],[82.0429862,19.5872083],[82.0430693,19.5875809],[82.0432765,19.5879627],[82.0434668,19.588541],[82.0434978,19.5886562],[82.0434739,19.5887985],[82.0433689,19.5890017],[82.0432569,19.589128],[82.0430281,19.5892521],[82.0427802,19.5893424],[82.0421867,19.5895928],[82.0419114,19.5897832],[82.0417887,19.5898681],[82.0412402,19.5904234],[82.040935,19.5907711],[82.0406346,19.5912903],[82.0404818,19.591638],[82.0404658,19.5917169],[82.0404341,19.591873],[82.0404447,19.5919883],[82.040453,19.5920784],[82.0404838,19.5923585],[82.0406171,19.5928215],[82.0406717,19.5930248],[82.0406646,19.5931784],[82.0405018,19.5944294],[82.0403297,19.5949709],[82.0401033,19.5954547],[82.0398882,19.5967825],[82.0398859,19.5968145],[82.039857,19.5972138],[82.0398829,19.5976361],[82.0399377,19.5978574],[82.0403948,19.5986504],[82.040537,19.5988731],[82.0408781,19.5994071],[82.0414617,19.6000939],[82.0420589,19.6007438],[82.0426117,19.6020368],[82.0429664,19.6025496],[82.0431687,19.6028433],[82.0437236,19.6037603],[82.0438736,19.6040247],[82.0439951,19.6043726],[82.0440592,19.6047294],[82.0441352,19.6050028],[82.0442782,19.6052828],[82.0445092,19.6055427],[82.044593,19.6056021],[82.0450952,19.6059584],[82.0453978,19.6061912],[82.0461171,19.6071017],[82.0462694,19.6072846],[82.0464316,19.607384],[82.0466674,19.6074542],[82.0468813,19.6074638],[82.0471773,19.6074769],[82.0480973,19.6073938],[82.0500989,19.6079435],[82.050716,19.6083525],[82.0512371,19.6096965],[82.0512657,19.6099223],[82.0512084,19.6102024],[82.0510629,19.6105613],[82.0507766,19.6110739],[82.0505596,19.6113944],[82.0504068,19.6117173],[82.0503186,19.6119883],[82.0502995,19.6122209],[82.0503137,19.6124694],[82.0503827,19.6126839],[82.0504731,19.6128172],[82.0506137,19.612928],[82.0509496,19.6132737],[82.0510781,19.6137863],[82.0513706,19.614963],[82.0507578,19.6157577],[82.0506935,19.6158412],[82.0505286,19.6164848],[82.0506144,19.6167718],[82.0507001,19.6168914],[82.0509264,19.6171016],[82.0511789,19.6173117],[82.0513218,19.6175218],[82.0515124,19.6178313],[82.0517101,19.6181769],[82.0518623,19.6184999],[82.0519766,19.6187484],[82.0520337,19.6189222],[82.052048,19.6190736],[82.0522958,19.6194938],[82.0534203,19.6201559],[82.0539731,19.6205085],[82.0544162,19.6211545],[82.0551498,19.622232],[82.0557118,19.6231041],[82.0557606,19.6231905],[82.0559071,19.6234497],[82.0559309,19.6236145],[82.055914,19.6238924],[82.0558354,19.6241474],[82.0557875,19.6243055],[82.0556681,19.6247503],[82.0557634,19.625035],[82.0561039,19.6258255],[82.0584175,19.6276015],[82.0585057,19.6276196],[82.0586891,19.62771],[82.0588773,19.627884],[82.0589799,19.6280218],[82.0590179,19.6281754],[82.0589722,19.6289816],[82.058934,19.6293272],[82.0587885,19.6295665],[82.0587384,19.6296387],[82.058655,19.6296995],[82.0585095,19.6297357],[82.0582687,19.6297943],[82.0579399,19.6299342],[82.0578063,19.6300223],[82.057718,19.6301374],[82.0576846,19.6303542],[82.0576535,19.6305732],[82.0576708,19.6308912],[82.0576913,19.6312665],[82.057615,19.6315489],[82.0575004,19.6319057],[82.0573151,19.6323483],[82.0572594,19.6324815],[82.0570068,19.6327411],[82.0564608,19.6331157],[82.0564295,19.6333867],[82.0564748,19.6335719],[82.0566463,19.6339266],[82.0568797,19.6342971],[82.0570183,19.6345151],[82.0571583,19.6347353],[82.0574181,19.6350786],[82.0576157,19.6354151],[82.0576395,19.6355168],[82.0576275,19.6358331],[82.0575655,19.6360025],[82.0575371,19.6360468],[82.0574701,19.6361514],[82.0573245,19.6363749],[82.0569809,19.6370139],[82.0568784,19.6372781],[82.0568592,19.6377479],[82.0569161,19.6384051],[82.0569731,19.6388748],[82.0570302,19.6391459],[82.057042,19.6393491],[82.0570062,19.6395117],[82.0569537,19.6396133],[82.0568654,19.6397374],[82.056677,19.6399],[82.0565101,19.6400196],[82.0563909,19.640067],[82.0561169,19.6401347],[82.055838,19.6401097],[82.0553446,19.6401456],[82.0550775,19.6402359],[82.0549393,19.6403261],[82.0548248,19.6404187],[82.0547342,19.6405023],[82.0546529,19.6408094],[82.0546718,19.6413966],[82.0547218,19.6415749],[82.0548288,19.6421509],[82.0548047,19.6425845],[82.054714,19.6428261],[82.0544994,19.6430564],[82.0543231,19.6432009],[82.0538341,19.6435665],[82.0534931,19.6438983],[82.0534668,19.644219],[82.0534476,19.6446888],[82.0533949,19.64491],[82.0531492,19.6455423],[82.0528105,19.6459171],[82.0527795,19.645899],[82.0526008,19.6458922],[82.052398,19.6459712],[82.0522097,19.6461133],[82.0520427,19.6463367],[82.0519235,19.6465717],[82.0518661,19.6470007],[82.0518729,19.6474163],[82.0519563,19.6476082],[82.0520753,19.6479402],[82.0521254,19.6480962],[82.0521634,19.6482949],[82.0521514,19.6485433],[82.0520892,19.6490604],[82.0521509,19.6494579],[82.0522725,19.6496364],[82.0530278,19.65026],[82.053147,19.6503256],[82.0532948,19.6503437],[82.0534068,19.6502715],[82.0534413,19.6502321],[82.0535214,19.6501405],[82.0535595,19.6500435],[82.053662,19.6500073],[82.0537239,19.6500503],[82.0538194,19.650188],[82.0538646,19.650344],[82.0538716,19.6505427],[82.0538644,19.6507233],[82.0536468,19.6521348],[82.0535276,19.6524463],[82.053513,19.652801],[82.0536463,19.6530606],[82.0540014,19.6533816],[82.0542922,19.6536278],[82.0546401,19.6538312],[82.0552239,19.6541204],[82.0554337,19.6542878],[82.0554837,19.6543486],[82.0555099,19.6544639],[82.055426,19.6556744],[82.0551325,19.6564037],[82.0543594,19.6578171],[82.0542449,19.6579977],[82.0541187,19.6579863],[82.053966,19.6578779],[82.0535991,19.6575345],[82.0533966,19.6574689],[82.0528886,19.6576313],[82.0525476,19.6579496],[82.0524712,19.6581121],[82.0523634,19.6591668],[82.0520702,19.6594625],[82.0519819,19.659729],[82.0519101,19.6600632],[82.0518979,19.6606639],[82.0519407,19.660953],[82.0520884,19.6613459],[82.0527718,19.6628595],[82.0528456,19.6630492],[82.0531074,19.6640045],[82.0532026,19.6645692],[82.0532263,19.664768],[82.0533597,19.6649983],[82.0536195,19.6653937],[82.0553049,19.6656535],[82.0553176,19.6656786],[82.054961,19.6669389],[82.0547723,19.6677383],[82.0544162,19.6695223],[82.0537818,19.6724059],[82.0533724,19.6740161],[82.052909,19.6758881],[82.0525029,19.6776585],[82.0518651,19.6804676],[82.0516455,19.6808448],[82.0504788,19.6826328],[82.0493311,19.6844684],[82.049102,19.6849313],[82.048906,19.6858119],[82.0486456,19.6869252],[82.0484355,19.6876185],[82.0482038,19.6884923],[82.0476628,19.6907181],[82.0475445,19.6910508],[82.0471909,19.6923175],[82.0470882,19.6927421],[82.0467822,19.6942415],[82.0467126,19.6945476],[82.0464167,19.6958493],[82.0457956,19.6981481],[82.0453756,19.6988231],[82.0450008,19.6995095],[82.0447335,19.7001034],[82.0445877,19.7005278],[82.0445489,19.7022329],[82.0445026,19.7040395],[82.0445022,19.7046267],[82.044654,19.7064809],[82.0447175,19.7081679],[82.0447506,19.7088771],[82.0449268,19.7092228],[82.0456751,19.7103568],[82.0468713,19.7119765],[82.0479509,19.713393],[82.0488349,19.7146467],[82.0499337,19.7161153],[82.0502626,19.7165827],[82.0505795,19.7171249],[82.0510222,19.7190899],[82.050979,19.7199119],[82.0508378,19.7207091],[82.0506777,19.7214248],[82.0502404,19.723315],[82.0499919,19.724261],[82.0497625,19.7250131],[82.0495475,19.7261398],[82.0493369,19.7274044],[82.0492531,19.7282107],[82.0492408,19.7287188],[82.049355,19.7293738],[82.0496339,19.730092],[82.0501649,19.731628],[82.0503673,19.7322288],[82.0505958,19.733218],[82.0507597,19.7347425],[82.0509426,19.736416],[82.0509233,19.7369918],[82.0506821,19.7376626],[82.0503844,19.7383853],[82.0501352,19.7389902],[82.049925,19.7396157],[82.0497911,19.7404783],[82.0497437,19.7420615],[82.0501619,19.7443022],[82.0504007,19.7458054],[82.0514778,19.7475926],[82.0520464,19.7481601],[82.053274,19.7483591],[82.0540708,19.7487638],[82.0542029,19.7488542],[82.0550401,19.7494942],[82.0556387,19.7499766],[82.0557873,19.7502962],[82.0558339,19.7508204],[82.0558372,19.7518672],[82.0558749,19.7527389],[82.0559847,19.7529671],[82.0566379,19.7534099],[82.0581772,19.7543985],[82.0605083,19.755943],[82.0622062,19.7570909],[82.0632006,19.7577777],[82.0636129,19.7590155],[82.063789,19.759833],[82.063865,19.7606551],[82.0638291,19.761057],[82.0635952,19.7614454],[82.0628958,19.7624615],[82.0624496,19.7629784],[82.0619245,19.7635948],[82.0610559,19.7646469],[82.0608147,19.7651392],[82.0605186,19.7658436],[82.0604659,19.7666341],[82.0606351,19.7668622],[82.0610691,19.7673389],[82.0614768,19.7679827],[82.0616961,19.7684343],[82.0619629,19.7691458],[82.0622178,19.7699838],[82.062711,19.771899],[82.0629323,19.7731661],[82.0637972,19.7757951],[82.0642763,19.7770757],[82.0645836,19.7781779],[82.0650982,19.7801158],[82.0653388,19.7810712],[82.0658918,19.7823179],[82.0662302,19.7831536],[82.0662487,19.7847096],[82.0662297,19.7856306],[82.0662269,19.7857619],[82.0662361,19.7869725],[82.0662361,19.7869752],[82.0662571,19.7878146],[82.0662572,19.7878171],[82.0659178,19.7892579],[82.0655475,19.7906579],[82.0645977,19.7910934],[82.0631539,19.7918563],[82.0623927,19.7925403],[82.0613565,19.7942382],[82.0604013,19.79604],[82.0602223,19.7963742],[82.0599804,19.7962541],[82.059521,19.7960261],[82.0581158,19.7955153],[82.056737,19.7950382],[82.0563648,19.7948506],[82.056365,19.7947195],[82.0566563,19.7938286],[82.056709,19.7936673],[82.0567425,19.7934889],[82.0566614,19.7932744],[82.0563991,19.7930168],[82.0548913,19.7925465],[82.0539277,19.7921848],[82.0529804,19.7922883],[82.0522716,19.7925523],[82.051446,19.792981],[82.0508874,19.7933489],[82.0504339,19.7939154],[82.0500591,19.7945318],[82.0497198,19.7952657],[82.0490609,19.7963607],[82.0486836,19.7969567],[82.0475954,19.7970195],[82.0468272,19.7970462],[82.0440095,19.7970811],[82.0409722,19.7969487],[82.0397171,19.7967698],[82.0387247,19.7966451],[82.0357754,19.7970252],[82.0328165,19.7975093],[82.0310507,19.7978064],[82.0300842,19.7980634],[82.0291081,19.7983677],[82.0255191,19.7992894],[82.02382,19.7996972],[82.0223739,19.8000509],[82.020102,19.8007497],[82.0193524,19.8009999],[82.0179921,19.8015117],[82.0176627,19.8017058],[82.0158085,19.802267],[82.0148299,19.8025508],[82.0140816,19.8027076],[82.0140663,19.8027108],[82.0136917,19.8028077],[82.0128829,19.8030999],[82.0104001,19.8041304],[82.0098879,19.8042171],[82.0094282,19.8042293],[82.0090474,19.8041793],[82.0085616,19.8040173],[82.005614,19.8031831],[82.003684,19.8025725],[82.0021875,19.8017632],[82.0003502,19.8001206],[81.9982636,19.7983534],[81.9953686,19.7968217],[81.9919062,19.7995882],[81.9886376,19.8004119],[81.9886191,19.8004166],[81.9859495,19.8010893],[81.9859473,19.8011139],[81.9865569,19.8028388],[81.9866169,19.8038139],[81.9866172,19.8038189],[81.986558,19.8042797],[81.9849177,19.8063539],[81.982681,19.808697],[81.9826351,19.8087451],[81.9825879,19.8088104],[81.9801189,19.8132062],[81.9791463,19.814589],[81.9763219,19.8189653],[81.9762344,19.8191008],[81.9738683,19.8227671],[81.9687399,19.8313334],[81.965581,19.8364593],[81.9653736,19.8369043],[81.9657773,19.841886],[81.9661514,19.8451218],[81.9681284,19.8598725],[81.9681314,19.8598949],[81.9576099,19.8638886],[81.9577272,19.8650421],[81.9560257,19.8657904],[81.9559039,19.8658492],[81.953508,19.8670359],[81.9486729,19.8692262],[81.9452839,19.870822],[81.9452663,19.8708303],[81.9432912,19.8717623],[81.9410621,19.8728763],[81.9386299,19.8736541],[81.9374437,19.8739143],[81.9362886,19.8743754],[81.9349519,19.8748071],[81.9326701,19.875499],[81.9318968,19.8758062],[81.9313597,19.8760707],[81.9304694,19.8764594],[81.9285002,19.8770878],[81.926543,19.8776892],[81.9246978,19.8782701],[81.9228313,19.8788892],[81.9160904,19.8811087],[81.9155151,19.8812623],[81.9133692,19.8819132],[81.9127461,19.882182],[81.9116839,19.8825617],[81.9097838,19.8832102],[81.9083707,19.8836215],[81.906258,19.8843061],[81.9050621,19.88481],[81.9031906,19.8856955],[81.9017154,19.8862242],[81.8996768,19.8871978],[81.897693,19.8882775],[81.895621,19.8892872],[81.8937591,19.890218],[81.8906269,19.8918397],[81.8866926,19.8938859],[81.8843875,19.8951883],[81.8843578,19.8952051],[81.8831951,19.8958645],[81.8816338,19.8967813],[81.8795281,19.8979377],[81.8782555,19.8986061],[81.8769974,19.8992679],[81.8753094,19.9002367],[81.873483,19.9012868],[81.87328,19.9014245],[81.8696511,19.9025356],[81.8691901,19.9030031],[81.8691544,19.9030446],[81.8684938,19.9038132],[81.8679964,19.9043919],[81.8654916,19.9066252],[81.8641336,19.9078907],[81.8626167,19.9093282],[81.861239,19.9106922],[81.859245,19.9126635],[81.8570696,19.9146369],[81.8548631,19.9168702],[81.8531556,19.918478],[81.8526754,19.9202168],[81.8522358,19.9216101],[81.8518133,19.9231296],[81.8518082,19.9231479],[81.8527439,19.9256638],[81.8530947,19.9268585],[81.8540087,19.9304584],[81.8543762,19.9332136],[81.8547742,19.9354346],[81.8552042,19.938261],[81.8567951,19.9474468],[81.856802,19.9475387],[81.8567816,19.9475496],[81.8567204,19.9475736],[81.8512549,19.9497169],[81.8450937,19.9518124],[81.8450129,19.9518805],[81.8448823,19.9534127],[81.8450462,19.9578234],[81.8452752,19.9595329],[81.845834,19.960154],[81.8553575,19.9722801],[81.8563067,19.9829394],[81.8572382,19.9881482],[81.8572546,19.9882397],[81.8581809,19.9930726],[81.8589148,19.996181],[81.8589353,19.9962682],[81.8589469,19.9963166],[81.8600171,20.0007961],[81.8602511,20.0018462],[81.8605735,20.0035106],[81.8611301,20.0046489],[81.8616127,20.0056177],[81.86215,20.0064443],[81.8636073,20.0075351],[81.865024,20.0085401],[81.8653847,20.0089827],[81.8661181,20.0100374],[81.8665361,20.0110537],[81.8667583,20.0123115],[81.866708,20.0139398],[81.866512,20.0158435],[81.8662525,20.018277],[81.8658106,20.020562],[81.8658069,20.0205859],[81.8657761,20.021096],[81.8653613,20.0234345],[81.8653576,20.0234584],[81.8651615,20.0253509],[81.8650275,20.0267036],[81.8668959,20.0293866],[81.8670563,20.029582],[81.8670737,20.0296032],[81.8679855,20.0307144],[81.8687419,20.0317971],[81.8688203,20.0319093],[81.8688217,20.0319114],[81.8688385,20.0319777],[81.8689794,20.0325346],[81.8690439,20.0333251],[81.8690677,20.0338512],[81.8689864,20.0356465],[81.8688552,20.0371741],[81.8688454,20.0372883],[81.8688434,20.0373547],[81.8688177,20.0382152],[81.8688143,20.0383294],[81.8688519,20.0396828],[81.8688525,20.039707],[81.8694282,20.0412629],[81.870917,20.0441715],[81.8720185,20.0459919],[81.8734882,20.0477082],[81.8737272,20.0479724],[81.874327,20.0486544],[81.8747954,20.0494109],[81.8752399,20.0502712],[81.8756462,20.0514321],[81.8759661,20.0520435],[81.8759759,20.0520621],[81.8774145,20.0506959],[81.8790802,20.0490902],[81.8790942,20.0490719],[81.8791612,20.0489843],[81.8796967,20.0482839],[81.8804279,20.047051],[81.8811471,20.0457095],[81.8819142,20.0443387],[81.8820601,20.0443409],[81.8830374,20.0442437],[81.8830564,20.0442414],[81.8831287,20.0442324],[81.8845452,20.0440564],[81.8862705,20.0438077],[81.8867605,20.0438687],[81.8873005,20.0440155],[81.8873795,20.0440508],[81.8874444,20.0440799],[81.8890571,20.0448035],[81.8909689,20.0459167],[81.893232,20.0472015],[81.8952802,20.0482378],[81.8956029,20.048511],[81.8968217,20.0495926],[81.8980189,20.0514024],[81.8995252,20.0539326],[81.8996327,20.0541291],[81.9001898,20.055204],[81.9007205,20.0564888],[81.9007948,20.0568637],[81.901017,20.0572859],[81.901445,20.0579069],[81.9031826,20.0598284],[81.9047508,20.0616303],[81.9065053,20.0633914],[81.9073707,20.0641027],[81.9080759,20.0646197],[81.9091515,20.0652406],[81.9103729,20.0659222],[81.9109896,20.0663738],[81.9117905,20.067146],[81.912338,20.0677918],[81.9131654,20.0688226],[81.9132573,20.0689355],[81.9143725,20.070298],[81.9149796,20.0709302],[81.9160627,20.0719823],[81.9164876,20.0726128],[81.9165648,20.0727274],[81.9169547,20.0737797],[81.9187916,20.0766726],[81.9198885,20.0779861],[81.9213829,20.0799707],[81.9218134,20.0809575],[81.9226483,20.0833758],[81.9227298,20.0838411],[81.9228711,20.0850311],[81.9228309,20.0863275],[81.9227331,20.0869598],[81.9227618,20.0871607],[81.9233215,20.0878675],[81.9239671,20.0887863],[81.9245171,20.089615],[81.9258275,20.0912044],[81.9268318,20.0920713],[81.927408,20.0923444],[81.9276662,20.0925024],[81.9279436,20.0928005],[81.9284457,20.0934168],[81.9287351,20.0938345],[81.9290006,20.0940918],[81.9300214,20.0946991],[81.9315804,20.0956538],[81.9317812,20.0957148],[81.9325629,20.0959063],[81.9333231,20.0959062],[81.9334593,20.0958723],[81.9337176,20.0959353],[81.9338706,20.0960437],[81.9339544,20.0962943],[81.9339497,20.0965495],[81.933821,20.0976923],[81.9338427,20.0982094],[81.9340747,20.0985571],[81.9345937,20.0992615],[81.9349812,20.0996837],[81.9351939,20.0998349],[81.9358922,20.1002434],[81.9363058,20.1006068],[81.9364494,20.1008711],[81.9365571,20.1012459],[81.936617,20.1016907],[81.9368754,20.1021061],[81.9371264,20.1023499],[81.9373465,20.1024515],[81.9375138,20.1023724],[81.9376118,20.1021916],[81.9380083,20.1016744],[81.9382952,20.1015591],[81.9385198,20.1015636],[81.9386943,20.1016358],[81.9390053,20.1019382],[81.9393616,20.1024688],[81.9395531,20.1026337],[81.9402248,20.1029247],[81.9412196,20.1032247],[81.9431084,20.1041115],[81.9447797,20.1048425],[81.9456429,20.1051695],[81.9463815,20.1051332],[81.9468812,20.1050314],[81.9478348,20.1045545],[81.950404,20.1031126],[81.9517711,20.1023713],[81.9527652,20.1017973],[81.9536351,20.101054],[81.9554079,20.0993888],[81.9560601,20.0986569],[81.9565238,20.0982908],[81.957028,20.0981279],[81.9576519,20.0980689],[81.9581538,20.0978542],[81.9584572,20.0975244],[81.9590066,20.0967585],[81.9599719,20.0956245],[81.9604377,20.0950957],[81.9614458,20.0939096],[81.9618447,20.0933969],[81.9622531,20.0926853],[81.9626517,20.0917344],[81.9629908,20.0910025],[81.9633323,20.0904492],[81.9638915,20.0900355],[81.9646513,20.08964],[81.967722,20.0879109],[81.9691963,20.0870407],[81.9696168,20.0867288],[81.9704673,20.0860756],[81.9717767,20.0852304],[81.9730359,20.0844189],[81.9736595,20.0839512],[81.9741873,20.0833953],[81.9754963,20.082069],[81.9758905,20.0817097],[81.9764135,20.0810568],[81.976774,20.0803633],[81.9774043,20.0792066],[81.9775906,20.0789446],[81.979172,20.0775548],[81.9807534,20.0761222],[81.982306,20.0747527],[81.983861,20.0732432],[81.9839253,20.0730106],[81.9839505,20.071405],[81.9839615,20.0700432],[81.9839757,20.0696638],[81.9840585,20.0685369],[81.9840619,20.0685205],[81.9841633,20.0680333],[81.9843232,20.0676967],[81.9848772,20.0669759],[81.985498,20.0661716],[81.986097,20.0649202],[81.9860998,20.064906],[81.9862614,20.0640708],[81.9865879,20.0627406],[81.9870581,20.0618618],[81.9873851,20.0613309],[81.9881111,20.0604768],[81.9892311,20.0593018],[81.9901197,20.0585245],[81.9915764,20.0571505],[81.9931696,20.0558982],[81.9939743,20.055175],[81.9947218,20.0543209],[81.9953448,20.0535663],[81.997209,20.053513],[81.9982648,20.0536007],[81.9987697,20.0537091],[82.0007963,20.0535503],[82.0022779,20.0535333],[82.003368,20.0533398],[82.0032355,20.0546156],[82.0032542,20.0551306],[82.0035172,20.055203],[82.0057488,20.055611],[82.0077594,20.0547429],[82.0095161,20.0545002],[82.0110936,20.0541986],[82.0122743,20.0539148],[82.0125756,20.0536847],[82.013965,20.0524977],[82.0176803,20.0489771],[82.0177006,20.0489093],[82.0184179,20.046525],[82.0191699,20.0440775],[82.0201471,20.0408148],[82.0206357,20.0389746],[82.0212752,20.0367732],[82.0214627,20.0361965],[82.0219719,20.0346305],[82.0227201,20.0321453],[82.0227206,20.0315371],[82.0225518,20.0301346],[82.0221235,20.0273002],[82.0218617,20.0257397],[82.0215428,20.0237339],[82.0215466,20.0237092],[82.0229546,20.0226802],[82.0270088,20.019618],[82.0291482,20.0180226],[82.0316412,20.0162715],[82.0325329,20.0157379],[82.0325419,20.0157325],[82.0325614,20.0157209],[82.0326736,20.0158001],[82.0327308,20.0160055],[82.0328239,20.0163782],[82.0330227,20.0165451],[82.033311,20.0167873],[82.0338556,20.0170178],[82.0345506,20.0176754],[82.0353934,20.0187213],[82.0358994,20.0195391],[82.0360496,20.0200541],[82.0363505,20.0205511],[82.0368568,20.0208878],[82.0368678,20.020893],[82.0373154,20.0211048],[82.0378241,20.0215138],[82.0380866,20.0219927],[82.0383851,20.0224535],[82.0386861,20.0226501],[82.0391185,20.0227203],[82.03968,20.0225603],[82.0400003,20.0225966],[82.0401124,20.0228993],[82.0400738,20.0234322],[82.0400702,20.0234572],[82.0399027,20.0238817],[82.0396207,20.0241955],[82.0390587,20.0248343],[82.0383247,20.0257034],[82.0380236,20.0258997],[82.0379748,20.0260715],[82.0381966,20.0262993],[82.0387412,20.0266902],[82.0388988,20.0268913],[82.038913,20.026993],[82.0389094,20.0270179],[82.038852,20.0271399],[82.0387946,20.0271941],[82.0384743,20.0272481],[82.0379942,20.0272884],[82.0375901,20.0275999],[82.0373366,20.0279453],[82.0372672,20.0282201],[82.0373327,20.0286069],[82.0375764,20.0287831],[82.0381666,20.0288783],[82.0383457,20.0289981],[82.0383432,20.0291538],[82.0383396,20.0291788],[82.0379093,20.0294834],[82.0378578,20.0298311],[82.038044,20.0301157],[82.0386605,20.030168],[82.0397213,20.0303559],[82.0405193,20.0305776],[82.0412119,20.0309641],[82.0415392,20.0312939],[82.0420931,20.0322427],[82.0421729,20.0329854],[82.0421212,20.0333515],[82.0422523,20.0338575],[82.0423739,20.0342392],[82.0426175,20.034657],[82.0429734,20.0349057],[82.043339,20.0349329],[82.0439412,20.034818],[82.0446988,20.034649],[82.0455161,20.0344258],[82.0466058,20.0343834],[82.047356,20.0344017],[82.0478339,20.03456],[82.0481539,20.0348176],[82.0482088,20.0351022],[82.048205,20.0351272],[82.0481308,20.0354027],[82.0478869,20.0357843],[82.0476058,20.0361553],[82.0475797,20.0363801],[82.0478233,20.0367167],[82.0480837,20.0368816],[82.0486189,20.0368999],[82.0491637,20.0369973],[82.0494647,20.0371217],[82.0498111,20.0374154],[82.050112,20.037752],[82.050346,20.0381879],[82.0507018,20.0385336],[82.0511151,20.0388183],[82.0517435,20.0391731],[82.0524386,20.0395099],[82.0529332,20.0398285],[82.053516,20.0402532],[82.0540415,20.0408226],[82.0544905,20.0411502],[82.0549804,20.0412836],[82.0555324,20.0412929],[82.0559744,20.0414444],[82.0563973,20.0417449],[82.0567436,20.0421447],[82.0571471,20.042775],[82.0577394,20.0434955],[82.0584609,20.0442004],[82.0590891,20.044982],[82.0592203,20.0455218],[82.0592165,20.045547],[82.0591398,20.0459036],[82.0589149,20.04631],[82.0587689,20.0467918],[82.0587966,20.0471634],[82.0590114,20.0477506],[82.059341,20.0481685],[82.0598283,20.0485593],[82.0603349,20.0486657],[82.0611999,20.0488241],[82.0616875,20.0488875],[82.061998,20.0490118],[82.0621868,20.0492242],[82.0621867,20.0494726],[82.0621829,20.0494977],[82.0613556,20.050421],[82.0610926,20.0506942],[82.0607364,20.0509244],[82.0606492,20.0511263],[82.0608429,20.0513691],[82.0614068,20.0514935],[82.0620257,20.051575],[82.0625323,20.0516632],[82.0629647,20.052045],[82.0630194,20.0525871],[82.0630156,20.0526122],[82.062853,20.0529871],[82.0627463,20.0532826],[82.0628374,20.0537161],[82.0635398,20.0545316],[82.0645099,20.0547036],[82.0655971,20.0550223],[82.0665936,20.0554224],[82.0678982,20.0559467],[82.0685363,20.0562202],[82.0704694,20.0569479],[82.0717743,20.0566367],[82.0739231,20.0559531],[82.0752377,20.055407],[82.0764184,20.0548834],[82.0785241,20.0539242],[82.0804817,20.0529762],[82.0811868,20.0525428],[82.0824894,20.0519401],[82.0833044,20.0515677],[82.0843584,20.0511321],[82.0854337,20.0507153],[82.0858286,20.0496029],[82.0858104,20.0491614],[82.085715,20.0486465],[82.0853592,20.047883],[82.0847953,20.0470293],[82.0846282,20.0464083],[82.08459,20.0460716],[82.0845939,20.0460464],[82.0853443,20.0459044],[82.0860206,20.0456019],[82.0863959,20.0452384],[82.0866374,20.0448537],[82.0866743,20.0442882],[82.0867295,20.0432223],[82.0867678,20.0427436],[82.0867717,20.0427183],[82.0869774,20.0420972],[82.0880865,20.0405709],[82.0889327,20.0394352],[82.0894584,20.0390626],[82.0912793,20.039045],[82.0916927,20.0391873],[82.0922948,20.03963],[82.0927632,20.0397362],[82.093308,20.0395602],[82.093927,20.0393119],[82.0944909,20.0392578],[82.0956738,20.0394883],[82.0968756,20.0399153],[82.0975662,20.0400396],[82.098166,20.0399336],[82.0987491,20.0397192],[82.0991625,20.0398795],[82.0992556,20.0404125],[82.0995184,20.0407671],[82.0998936,20.0407852],[82.1005699,20.040643],[82.1020156,20.0402345],[82.1022786,20.0400403],[82.1023479,20.0398314],[82.1022581,20.0397269],[82.1020694,20.039693],[82.101753,20.0390465],[82.1020694,20.0386091],[82.1023325,20.0377915],[82.1023325,20.0373671],[82.1021438,20.0368341],[82.102108,20.0363915],[82.1021118,20.0363661],[82.1021309,20.0362938],[82.1028072,20.0359913],[82.1030127,20.0359213],[82.1034069,20.0360455],[82.1036483,20.0359823],[82.1038316,20.0356871],[82.1038503,20.0349781],[82.1037955,20.0339843],[82.1036258,20.0330448],[82.1033632,20.0319066],[82.1031936,20.0310914],[82.1031973,20.031066],[82.103367,20.0309599],[82.1037231,20.0308696],[82.1044184,20.0309939],[82.1049632,20.0309781],[82.1054698,20.0306033],[82.1055976,20.0301731],[82.1055977,20.0294047],[82.1055929,20.0289666],[82.1055966,20.0289412],[82.1057472,20.0286409],[82.1062538,20.0282141],[82.1067796,20.0275389],[82.1069493,20.0272544],[82.1072479,20.0271483],[82.1077736,20.0271845],[82.1089206,20.0272908],[82.1096899,20.0274692],[82.1102127,20.0272918],[82.1110807,20.0262092],[82.1120389,20.0250891],[82.1137379,20.0234113],[82.1149588,20.0223816],[82.1165168,20.0211577],[82.1176804,20.0204102],[82.1187509,20.0199677],[82.1193529,20.0197713],[82.1199336,20.0197012],[82.1205548,20.0194529],[82.1212859,20.0187438],[82.121888,20.0179782],[82.122581,20.0174995],[82.1232523,20.0171404],[82.1244135,20.0165306],[82.1252115,20.0160045],[82.1259713,20.0153563],[82.126786,20.0147963],[82.1273427,20.014532],[82.1281025,20.0142882],[82.1284919,20.0142001],[82.1290103,20.0144463],[82.1294189,20.0147962],[82.1296412,20.0151824],[82.1299566,20.0155844],[82.1304583,20.0160406],[82.1316984,20.0165125],[82.1325155,20.0167405],[82.133218,20.0171086],[82.1360374,20.0187548],[82.1363265,20.0189286],[82.136716,20.0190167],[82.1370386,20.0190256],[82.1387971,20.0188336],[82.1398077,20.0187273],[82.1400394,20.0186212],[82.1409736,20.0181401],[82.1417238,20.0176929],[82.1421132,20.0173857],[82.1440579,20.0158092],[82.1449371,20.0151068],[82.1458926,20.0143728],[82.1469677,20.0136003],[82.1478277,20.0130672],[82.1484393,20.0125929],[82.1495525,20.0116487],[82.1514397,20.0099163],[82.1523856,20.0089181],[82.1529207,20.0081028],[82.1534676,20.0075607],[82.1540147,20.0073573],[82.1547457,20.0072714],[82.1557062,20.0073322],[82.1561506,20.0074112],[82.1572927,20.0078671],[82.1585973,20.008454],[82.1590991,20.0086458],[82.1605828,20.0091199],[82.1612565,20.0088826],[82.1631963,20.0080534],[82.1641876,20.0076512],[82.1646319,20.0070458],[82.164854,20.0068538],[82.1651693,20.0068967],[82.1655947,20.0070095],[82.167752,20.007009],[82.1680674,20.0070089],[82.1683732,20.0069117],[82.169171,20.0065096],[82.169429,20.0063785],[82.1706235,20.0058272],[82.1712349,20.0055109],[82.1714093,20.0053527],[82.1715562,20.0051532],[82.1715573,20.0051517],[82.1715764,20.0049507],[82.1715934,20.0038784],[82.1712415,20.0034897],[82.1710193,20.0034287],[82.1707875,20.0032549],[82.1706903,20.0031558],[82.1706402,20.0030969],[82.1705015,20.002774],[82.1704998,20.0027671],[82.1704179,20.0024398],[82.1709569,20.0012756],[82.1712519,20.0007755],[82.1712731,20.0007584],[82.1712855,20.0007568],[82.171479,20.0007309],[82.1723607,20.0007616],[82.1733096,20.0002255],[82.1736918,19.9999637],[82.1738763,19.9997518],[82.174074,19.9994775],[82.1742848,19.9991285],[82.1743637,19.9985801],[82.1743635,19.9980567],[82.1744292,19.9974709],[82.1745741,19.9970721],[82.1747849,19.996748],[82.1751672,19.9966731],[82.1754836,19.9969347],[82.175945,19.9972337],[82.1763669,19.9974455],[82.1766438,19.9975202],[82.1769073,19.9973082],[82.1771656,19.9970122],[82.1772372,19.9968654],[82.1778689,19.9952641],[82.178111,19.9940169],[82.1782955,19.9937177],[82.1786513,19.9933687],[82.1789939,19.9930446],[82.1793497,19.9927578],[82.1795868,19.9924337],[82.1798635,19.9920099],[82.1801664,19.991424],[82.1803292,19.9911366],[82.1808639,19.9907218],[82.1816102,19.9901771],[82.1821168,19.9901647],[82.1828664,19.9900047],[82.1832486,19.9897989],[82.1834726,19.9895932],[82.1835845,19.9893439],[82.1836504,19.9891632],[82.1840785,19.9884963],[82.1847241,19.9878854],[82.185014,19.9875987],[82.1851918,19.9872995],[82.1852173,19.9866745],[82.1851579,19.9863443],[82.1850523,19.9860702],[82.1848875,19.9857898],[82.1845314,19.9853662],[82.1843225,19.9850585],[82.1842537,19.9841897],[82.185632,19.9842887],[82.1860039,19.9844409],[82.1874866,19.9856745],[82.1882179,19.9861914],[82.1887252,19.9864467],[82.1891138,19.986565],[82.1907881,19.9868951],[82.1935252,19.9871103],[82.1949878,19.9871894],[82.1952816,19.9871893],[82.1958548,19.9871371],[82.1964281,19.9870442],[82.1979949,19.9867636],[82.1988,19.9866187],[82.199686,19.9863903],[82.2007801,19.9861165],[82.2008856,19.9860969],[82.2011708,19.9861536],[82.2022769,19.9862153],[82.2032909,19.9862273],[82.2044946,19.9858047],[82.2049212,19.9858139],[82.2050936,19.9858252],[82.2056008,19.9859536],[82.206615,19.986364],[82.207076,19.9866502],[82.2077345,19.9867121],[82.2082612,19.986687],[82.2091959,19.9862134],[82.2097094,19.9861633],[82.2101045,19.9862503],[82.2104076,19.9865615],[82.2107106,19.9869099],[82.2115004,19.9883051],[82.2131744,19.9910934],[82.21525,19.9950676],[82.2160145,19.9962625],[82.216713,19.997059],[82.2172663,19.99737],[82.2177668,19.9975815],[82.2183201,19.9978053],[82.2189523,19.9979917],[82.2206516,19.9987005],[82.2213366,19.9990115],[82.2220347,19.9991978],[82.2233264,19.9992852],[82.224156,19.9992474],[82.2251964,19.9992717],[82.2268426,19.999333],[82.2292925,19.9998172],[82.2315301,20.0006475],[82.2323206,20.0011327],[82.2331787,20.0016345],[82.2371235,20.0033276],[82.2372869,20.0030471],[82.2375763,20.0025862],[82.2381684,20.0018636],[82.2388396,20.0011535],[82.24086,19.9988359],[82.2423471,19.9975026],[82.2437292,19.9965554],[82.2447165,19.9960317],[82.2455591,19.9957199],[82.2462041,19.9953459],[82.2475184,19.9934731],[82.2483283,19.9923008],[82.2500054,19.9890621],[82.2511138,19.9880576],[82.2516067,19.9876475],[82.2522897,19.9870793],[82.25389,19.9857202],[82.2562464,19.9834472],[82.2575554,19.9824309],[82.259442,19.9810453],[82.2614644,19.97978],[82.2645738,19.977691],[82.2665315,19.9765847],[82.2670362,19.9764193],[82.2684152,19.9759675],[82.2691695,19.9752612],[82.269332,19.9743055],[82.270096,19.9720265],[82.2708509,19.9707329],[82.2714065,19.9695994],[82.2716625,19.9690769],[82.2732433,19.9661134],[82.273995,19.9646074],[82.2748747,19.9630409],[82.2751216,19.9603893],[82.2749891,19.9598351],[82.2749946,19.958294],[82.2750788,19.9546909],[82.2751403,19.9541096],[82.2752421,19.9531474],[82.2753387,19.9509949],[82.2754079,19.9498868],[82.2758138,19.9485887],[82.2765299,19.9472641],[82.2766823,19.9469981],[82.2789282,19.9430783],[82.2798686,19.9414207],[82.2822656,19.9371671],[82.2832422,19.9353824],[82.2855057,19.9314696],[82.2859649,19.9305459],[82.288648,19.9256468],[82.2895685,19.9242649],[82.2918322,19.9200764],[82.2927131,19.9182929],[82.2948709,19.9143769],[82.2959533,19.9126539],[82.2983791,19.9084676],[82.2999083,19.9062866],[82.3015885,19.9027115],[82.302137,19.9004624],[82.3026781,19.8973998],[82.3030431,19.8950222],[82.30323,19.8944232],[82.3034914,19.8933892],[82.3033364,19.8923111],[82.3032446,19.8919328],[82.3028628,19.8907087],[82.3028992,19.8899536],[82.3031198,19.8893856],[82.3035272,19.8888423],[82.3058791,19.8864284],[82.3066609,19.8856901],[82.3085063,19.8835815],[82.3087931,19.8832839],[82.3094672,19.8826872],[82.3109565,19.880728],[82.3115351,19.8801416],[82.3133944,19.8780146],[82.3136819,19.8777712],[82.3142416,19.877185],[82.3158026,19.875243],[82.3165888,19.8741701],[82.3181116,19.872242],[82.3184676,19.8717763],[82.3202149,19.8692168],[82.3206672,19.868804],[82.3209351,19.868511],[82.3226669,19.8661959],[82.3231854,19.8654431],[82.324793,19.8634234],[82.3254071,19.8626692],[82.3263414,19.8616125],[82.3265185,19.8610089],[82.3264765,19.8601463],[82.326738,19.858823],[82.3274115,19.8569654],[82.3278745,19.8556981],[82.3282795,19.854391],[82.3283969,19.8539555],[82.3286679,19.8529439],[82.3291032,19.8523639],[82.3296084,19.8510509],[82.3297611,19.8501133],[82.3300892,19.8484682],[82.3302523,19.8475097],[82.330295,19.8472587],[82.33036,19.8468286],[82.3304592,19.8458284],[82.3304588,19.8454895],[82.3307022,19.8448534],[82.3313577,19.8443156],[82.3323172,19.843656],[82.3339511,19.842463],[82.3353443,19.8414359],[82.3359879,19.841052],[82.337368,19.8401064],[82.3393423,19.8386825],[82.3412539,19.8372145],[82.3427727,19.8359958],[82.3434421,19.8354814],[82.3439528,19.835089],[82.344243,19.8350173],[82.3455081,19.8356053],[82.3463194,19.8358787],[82.3466408,19.8359601],[82.3475709,19.8358929],[82.3482863,19.8361316],[82.34889,19.8365706],[82.3498428,19.8373257],[82.3508447,19.8381839],[82.351238,19.8386032],[82.3519578,19.8391266],[82.3532461,19.8399718],[82.3537004,19.8403134],[82.3543355,19.8409237],[82.3546773,19.8414025],[82.3553529,19.8427714],[82.3566314,19.8445162],[82.3573184,19.8453743],[82.3588608,19.8462837],[82.359851,19.8469885],[82.3600417,19.8472705],[82.3601736,19.847775],[82.3605563,19.8493332],[82.361419,19.8507493],[82.3619505,19.8511351],[82.3625101,19.851195],[82.363145,19.8511636],[82.3641495,19.8509506],[82.3644561,19.8510141],[82.3646249,19.8514231],[82.3647623,19.8525645],[82.3648423,19.8540254],[82.3648424,19.8540277],[82.3646283,19.854695],[82.3642507,19.8549849],[82.3639463,19.855181],[82.3631536,19.8556917],[82.3619864,19.8562858],[82.3609051,19.8567788],[82.3604887,19.8575054],[82.3609578,19.8579234],[82.3612988,19.8583525],[82.3613926,19.8588438],[82.3612279,19.8599217],[82.3611815,19.8601576],[82.360949,19.8613402],[82.3608857,19.8616214],[82.3606855,19.8625099],[82.3608476,19.8627968],[82.361501,19.8630362],[82.3626525,19.8630563],[82.3634693,19.8630494],[82.3637973,19.86295],[82.3638289,19.862875],[82.364069,19.8623044],[82.364368,19.8618753],[82.3651389,19.8616883],[82.3663486,19.861459],[82.3681782,19.8611621],[82.3682668,19.8611681],[82.3689575,19.8612145],[82.370065,19.8611628],[82.3713638,19.8610145],[82.3714192,19.8610082],[82.3723045,19.8608105],[82.3728251,19.8604959],[82.37333,19.8601045],[82.3740619,19.8595656],[82.3746815,19.8594756],[82.3752,19.85964],[82.3754282,19.8598763],[82.3755192,19.8600438],[82.3756937,19.8603651],[82.3759524,19.8610169],[82.3761028,19.8614757],[82.3761837,19.861663],[82.3764946,19.862383],[82.3767034,19.8626016],[82.3767209,19.8626185],[82.3771252,19.863007],[82.377602,19.8635516],[82.3783963,19.8645818],[82.3794424,19.8660656],[82.3804855,19.8673886],[82.3811313,19.8680528],[82.3813926,19.8682661],[82.3817686,19.8684822],[82.3821655,19.8685129],[82.3826905,19.8687901],[82.3836488,19.8698793],[82.383979,19.8705164],[82.3840144,19.8706385],[82.38409,19.870899],[82.3841225,19.8714455],[82.3837773,19.8719654],[82.3833935,19.8724681],[82.3830659,19.872902],[82.3829541,19.8733872],[82.382952,19.8738572],[82.3830213,19.8739517],[82.3831813,19.8741702],[82.3836716,19.874656],[82.3841155,19.8748143],[82.3841473,19.8748256],[82.3848469,19.8752722],[82.3853545,19.8756537],[82.3855301,19.876189],[82.3860175,19.8767966],[82.3867267,19.877546],[82.387266,19.8781123],[82.3875521,19.8783795],[82.388691,19.879109],[82.3902716,19.8802707],[82.3912263,19.881134],[82.391569,19.8813506],[82.3921667,19.8816901],[82.3924829,19.8820473],[82.3930579,19.8830559],[82.3933607,19.8840775],[82.3934716,19.8847538],[82.3937114,19.8857131],[82.3939138,19.8863273],[82.3939975,19.8865812],[82.3940455,19.8867227],[82.3941578,19.8870536],[82.3945158,19.8876315],[82.3948706,19.8880151],[82.3960487,19.8885],[82.3970765,19.888838],[82.3983045,19.8891551],[82.3999486,19.8894887],[82.4008159,19.8896526],[82.4017761,19.8899418],[82.4022699,19.8902841],[82.4025296,19.8904643],[82.4029762,19.8909009],[82.4031713,19.8911512],[82.403725,19.8920201],[82.403974,19.8926674],[82.40431,19.893354],[82.4047763,19.893849],[82.4052369,19.8942628],[82.4059828,19.8946001],[82.4060508,19.8946296],[82.4064881,19.8948189],[82.4083781,19.8956056],[82.4095406,19.8959956],[82.409839,19.8961361],[82.4100867,19.8963855],[82.4104817,19.8968816],[82.4107109,19.8971812],[82.4110093,19.8976153],[82.411612,19.8982574],[82.4119601,19.8985147],[82.4123438,19.8986041],[82.4130084,19.8986262],[82.413683,19.8986889],[82.4151256,19.8989666],[82.4168169,19.8992587],[82.4175224,19.8993437],[82.4176211,19.8993556],[82.418575,19.8998483],[82.4189475,19.9001321],[82.4189566,19.9004032],[82.4189081,19.9006614],[82.4184369,19.901075],[82.4178342,19.9019242],[82.4176101,19.9022482],[82.4174352,19.9026621],[82.4174799,19.9030772],[82.4175972,19.9035365],[82.4180214,19.9040727],[82.4185934,19.9042769],[82.4191159,19.904387],[82.4195507,19.9043944],[82.4200691,19.9042286],[82.4205601,19.9041629],[82.4210712,19.9041601],[82.4219584,19.9043598],[82.4224003,19.9045072],[82.4228532,19.9047448],[82.4234025,19.905026],[82.4240264,19.9051934],[82.4258026,19.9054164],[82.4262046,19.9054559],[82.4273465,19.9054485],[82.4276897,19.9054029],[82.4279266,19.9052729],[82.4280519,19.9050452],[82.4287878,19.9044516],[82.4294706,19.9041345],[82.4300563,19.9040086],[82.4308316,19.9043725],[82.4315219,19.9048145],[82.4319678,19.9052103],[82.4325964,19.9053776],[82.4333543,19.905561],[82.4337988,19.9055636],[82.4341069,19.90541],[82.4355426,19.9049556],[82.4362142,19.9048282],[82.4371096,19.9049419],[82.4371519,19.9049619],[82.4379136,19.9053235],[82.438348,19.905593],[82.4398477,19.9067373],[82.4411305,19.9077583],[82.4413974,19.9080165],[82.442248,19.9086189],[82.4430069,19.9091503],[82.4437876,19.9095683],[82.4440669,19.9097044],[82.4445721,19.9099095],[82.4452675,19.9100712],[82.445991,19.9101918],[82.4469557,19.9101641],[82.4476124,19.9099187],[82.4488578,19.9095943],[82.4497984,19.909549],[82.4506751,19.9093963],[82.4513618,19.9090798],[82.4521738,19.9087056],[82.452515,19.908529],[82.4532017,19.9081573],[82.4542939,19.9074411],[82.4546754,19.907092],[82.4558704,19.9059493],[82.4563921,19.9054175],[82.4566648,19.9051424],[82.4571288,19.9048826],[82.4586576,19.9042772],[82.46085,19.903355],[82.4612623,19.9031457],[82.4618163,19.9028393],[82.4621575,19.9023734],[82.4624812,19.9020026],[82.4627345,19.9017186],[82.4638742,19.9009879],[82.4642158,19.9008473],[82.4648804,19.9008693],[82.4658313,19.9011673],[82.4664055,19.901516],[82.4669108,19.9017346],[82.4671886,19.9017667],[82.4688402,19.9016702],[82.4691874,19.9015838],[82.4698767,19.9013613],[82.4704728,19.9012984],[82.4707796,19.9012734],[82.4711504,19.9012432],[82.4717912,19.9012791],[82.4720373,19.9014247],[82.4722787,19.9015793],[82.4724856,19.9019513],[82.4726337,19.9022475],[82.4727871,19.9034475],[82.4727404,19.9038052],[82.4726498,19.9043985],[82.4725057,19.9049384],[82.472478,19.9050278],[82.4723696,19.9053787],[82.4722997,19.9057775],[82.4722453,19.9062483],[82.4723708,19.9066171],[82.4726816,19.9069244],[82.4728984,19.9070342],[82.4732239,19.9070657],[82.4738567,19.9069026],[82.4751848,19.9066075],[82.4761715,19.906453],[82.4778869,19.9064505],[82.4786193,19.9065392],[82.4789563,19.9066969],[82.479443,19.9069429],[82.4807206,19.9073399],[82.4823885,19.9076589],[82.4830754,19.9078792],[82.4841749,19.9079082],[82.4847791,19.9077457],[82.4857791,19.9069537],[82.4861639,19.9065322],[82.4866785,19.9061496],[82.4869719,19.9059826],[82.487559,19.905653],[82.4881161,19.9055273],[82.4884886,19.9052235],[82.4886817,19.9050437],[82.4893026,19.9044657],[82.4903588,19.9038988],[82.4916128,19.9034465],[82.4921087,19.903385],[82.4930356,19.9033849],[82.4937056,19.9034474],[82.4943385,19.9035781],[82.4950247,19.9037623],[82.4955634,19.9039712],[82.4961975,19.9041789],[82.4969917,19.9042439],[82.4973386,19.9041304],[82.4983391,19.9033653],[82.4996147,19.9030799],[82.5017979,19.9023149],[82.5031742,19.9014044],[82.5043194,19.9002064],[82.5049014,19.8997229],[82.5051528,19.8990431],[82.5051565,19.8984197],[82.504294,19.8965931],[82.5032784,19.8952465],[82.5028747,19.8944729],[82.5029762,19.8930763],[82.5038932,19.8915869],[82.5043575,19.8909615],[82.5046053,19.8906278],[82.5054719,19.889857],[82.5071481,19.888849],[82.5083148,19.8885094],[82.5093115,19.88837],[82.5108854,19.8881804],[82.5118019,19.888132],[82.5137819,19.8889508],[82.5153596,19.8901571],[82.5163267,19.8909213],[82.5176957,19.8912619],[82.5191208,19.8909742],[82.5200894,19.8903969],[82.520903,19.8895813],[82.5213067,19.8888596],[82.5214624,19.8876567],[82.5217436,19.8863741],[82.521769,19.8862583],[82.5221242,19.8849588],[82.522531,19.8840474],[82.5233001,19.8830831],[82.5247216,19.8819327],[82.5256164,19.88113],[82.5268925,19.8802608],[82.5281766,19.879721],[82.5290753,19.8793431],[82.5310555,19.8784101],[82.5314189,19.8782389],[82.5316776,19.8798267],[82.532275,19.8813709],[82.5332609,19.8835894],[82.5340707,19.8853623],[82.5343015,19.8860333],[82.5343102,19.8860722],[82.5344112,19.8865201],[82.5349115,19.8868908],[82.5358297,19.8865531],[82.5375582,19.8855445],[82.5393419,19.8848244],[82.5407592,19.8842475],[82.5416329,19.8837602],[82.5421414,19.8834766],[82.5430036,19.8827554],[82.5441222,19.8814131],[82.5450815,19.8803976],[82.5458912,19.8786831],[82.5464523,19.8774856],[82.5473203,19.8763805],[82.548388,19.8757027],[82.5491463,19.8756056],[82.5502124,19.87575],[82.5511787,19.8764237],[82.5515357,19.8772923],[82.5523473,19.8787352],[82.5531786,19.8798407],[82.5533631,19.880086],[82.5542846,19.8805658],[82.5559566,19.8806642],[82.556619,19.8805184],[82.5581505,19.8794007],[82.5581977,19.8793662],[82.558906,19.8785469],[82.559614,19.8772173],[82.5600191,19.8761567],[82.5605847,19.8749096],[82.5609556,19.8744324],[82.5610373,19.8743274],[82.5617053,19.8742854],[82.5630746,19.8746663],[82.5655201,19.8752456],[82.5657204,19.875293],[82.5669368,19.875581],[82.568447,19.8762001],[82.5696674,19.8768999],[82.5701228,19.877161],[82.5713943,19.8777913],[82.5730202,19.877551],[82.57399,19.8771178],[82.575008,19.8762506],[82.576227,19.8749524],[82.5777222,19.8731262],[82.5778027,19.8730278],[82.5791751,19.871778],[82.5820216,19.8699503],[82.5828948,19.8694186],[82.5837586,19.8693703],[82.5850726,19.8694715],[82.5868673,19.869887],[82.5873649,19.8700023],[82.5900568,19.8708636],[82.5929078,19.8718771],[82.5937576,19.8721847],[82.5950598,19.8726561],[82.595294,19.872741],[82.5961609,19.8729816],[82.5971271,19.8726929],[82.5980915,19.8717312],[82.5995156,19.8704355],[82.6008862,19.8690411],[82.6023587,19.8678037],[82.6034296,19.86699],[82.603623,19.8666176],[82.6037808,19.8663138],[82.603715,19.8660898],[82.6034842,19.8653046],[82.6025591,19.8630455],[82.6023949,19.8628573],[82.6018054,19.8626322],[82.6014691,19.8623423],[82.6011312,19.862051],[82.6003813,19.861064],[82.600315,19.8607433],[82.6002006,19.8601893],[82.5998371,19.8601158],[82.5991395,19.8601148],[82.5989587,19.8601146],[82.5983096,19.8596733],[82.5978827,19.8589995],[82.5970416,19.8589122],[82.5962769,19.8588287],[82.5962096,19.8587097],[82.5958881,19.858141],[82.5959314,19.8580091],[82.5960411,19.8576744],[82.5968895,19.8571176],[82.5968995,19.8571111],[82.5971013,19.8567705],[82.5970549,19.8554746],[82.5968707,19.8552007],[82.5963035,19.8548083],[82.5952209,19.854175],[82.5948053,19.8539318],[82.5941548,19.853215],[82.5938253,19.8528519],[82.5929146,19.8524853],[82.5922442,19.8527578],[82.5918352,19.8529105],[82.5912238,19.8528888],[82.5904127,19.8524533],[82.5900494,19.851928],[82.5900509,19.8515892],[82.5901567,19.8509231],[82.5901586,19.8509108],[82.5903581,19.8503354],[82.5906167,19.8494477],[82.5906161,19.8489191],[82.5899536,19.8485321],[82.589143,19.8486297],[82.5882235,19.8488231],[82.587716,19.8486786],[82.5875573,19.8483768],[82.5874629,19.8481975],[82.5872085,19.8475718],[82.5874133,19.8465627],[82.5879737,19.8457899],[82.5879789,19.8457872],[82.5885294,19.8455048],[82.5889355,19.8450676],[82.5889353,19.8445435],[82.5888893,19.8437715],[82.5886324,19.8433809],[82.588071,19.8430923],[82.5857319,19.8435783],[82.5845653,19.8438688],[82.5842591,19.8438128],[82.5839036,19.8435766],[82.5835503,19.8430918],[82.5827809,19.8420371],[82.5814122,19.8412181],[82.5809331,19.8409404],[82.5802455,19.8405419],[82.5797352,19.8401127],[82.5795352,19.8396764],[82.5789781,19.8383759],[82.5782125,19.8372263],[82.5775173,19.8364283],[82.577049,19.8359825],[82.5765535,19.8355109],[82.5759908,19.8345988],[82.5758901,19.8340712],[82.575788,19.8333945],[82.575841,19.8324816],[82.5759972,19.8318569],[82.5760406,19.8309396],[82.5759438,19.8303171],[82.57592,19.8298656],[82.5758908,19.8293056],[82.5760398,19.8289204],[82.5762182,19.828805],[82.5765568,19.8285862],[82.5770627,19.8290695],[82.5776755,19.8297372],[82.5781786,19.8304102],[82.5786382,19.8305552],[82.5791486,19.8305101],[82.5793996,19.8303181],[82.5793973,19.8295954],[82.5788395,19.8282],[82.5779258,19.8255972],[82.5777716,19.8249752],[82.5777723,19.8245415],[82.5778228,19.824347],[82.578031,19.8241599],[82.5783205,19.8239811],[82.5789863,19.8237403],[82.5791371,19.8235448],[82.579139,19.8232556],[82.5790388,19.8227732],[82.5790194,19.8226799],[82.5788884,19.8220519],[82.5785286,19.8213819],[82.578374,19.8202224],[82.5783783,19.8196985],[82.5783906,19.8196242],[82.5785316,19.81878],[82.5785287,19.8180077],[82.5780729,19.817289],[82.5775122,19.8165667],[82.5768888,19.8160843],[82.5767041,19.8159414],[82.5762946,19.8155566],[82.5761959,19.8147398],[82.5763424,19.8141107],[82.5767496,19.8137773],[82.5777639,19.8125714],[82.5783763,19.8117529],[82.5785825,19.8113671],[82.5785844,19.8110779],[82.5784322,19.8106502],[82.5779219,19.8102166],[82.5774188,19.8100041],[82.5766559,19.8093492],[82.5764031,19.8091322],[82.5763446,19.80904],[82.5762169,19.8088391],[82.5760977,19.8086516],[82.576035,19.8083922],[82.5759931,19.8082189],[82.5763502,19.8071587],[82.5767621,19.8068209],[82.5775176,19.8064844],[82.5789571,19.8066067],[82.5792517,19.8066317],[82.5799662,19.8064899],[82.5800608,19.8063383],[82.5801165,19.8062492],[82.5806574,19.8057805],[82.5806749,19.8057654],[82.5809779,19.8055233],[82.5817936,19.8049966],[82.5825005,19.8045657],[82.5828107,19.8040841],[82.5828622,19.8035056],[82.583467,19.8028813],[82.5838375,19.8028483],[82.5840296,19.8028311],[82.5845857,19.8025913],[82.5846883,19.802351],[82.5846887,19.8019174],[82.583773,19.7995586],[82.5832413,19.7982436],[82.5831865,19.7976846],[82.5830954,19.7968583],[82.5830083,19.7960691],[82.5827018,19.7949967],[82.5827619,19.7937003],[82.5827686,19.7935552],[82.5828494,19.7934424],[82.5832959,19.7928188],[82.583566,19.7921433],[82.5836777,19.7913744],[82.5840048,19.7897046],[82.5844868,19.7882549],[82.5842963,19.7878229],[82.5836974,19.7866223],[82.5836427,19.7865585],[82.5828396,19.7856213],[82.5825678,19.7853042],[82.5816564,19.7838577],[82.5817692,19.7832063],[82.5823243,19.7823883],[82.5831789,19.7819561],[82.5835862,19.7816409],[82.583629,19.7806647],[82.5832903,19.7797146],[82.5832279,19.7791821],[82.583477,19.778796],[82.5844465,19.7784125],[82.5859235,19.778169],[82.5877983,19.777642],[82.5889178,19.7774469],[82.5905985,19.7765871],[82.5918128,19.7758627],[82.5936475,19.7756205],[82.594863,19.7753003],[82.5950382,19.7767868],[82.5950664,19.7769726],[82.5952935,19.7784694],[82.5958509,19.7788574],[82.5969184,19.7791956],[82.5990023,19.7800127],[82.6005799,19.7802967],[82.6021404,19.7811116],[82.6021531,19.7811183],[82.6029206,19.7824665],[82.6029217,19.7824744],[82.6031152,19.7837928],[82.6032662,19.785526],[82.6035245,19.7874976],[82.6036411,19.7877788],[82.6037837,19.7881231],[82.6051164,19.7886025],[82.6052541,19.788652],[82.6076935,19.789231],[82.6098785,19.790101],[82.611249,19.7906806],[82.6122536,19.7909555],[82.6126225,19.7910565],[82.6144055,19.7913476],[82.6156749,19.7913497],[82.6175168,19.7913142],[82.6189251,19.7914163],[82.6192578,19.7914823],[82.6210293,19.7918342],[82.6238238,19.7921161],[82.6258068,19.7928388],[82.6271275,19.793658],[82.6285015,19.7954882],[82.6286106,19.7956565],[82.6297184,19.7973654],[82.6311415,19.7988565],[82.6319558,19.799626],[82.6328164,19.8011856],[82.6337829,19.8047001],[82.6336363,19.8057583],[82.6335773,19.8065267],[82.6342973,19.807907],[82.6349945,19.8093347],[82.6352025,19.8097607],[82.6356675,19.810713],[82.6365801,19.8122088],[82.6365988,19.8125039],[82.6366256,19.8129266],[82.6368146,19.8129932],[82.6370377,19.8130718],[82.6394688,19.8137181],[82.6417538,19.8145372],[82.6434763,19.8158855],[82.645261,19.817712],[82.6463766,19.8185283],[82.6470168,19.8189107],[82.6471883,19.8190131],[82.6475995,19.8195424],[82.6478528,19.8205022],[82.648157,19.8217551],[82.6484713,19.822216],[82.6487141,19.8225721],[82.6494757,19.8242092],[82.6502898,19.8272415],[82.650647,19.8283182],[82.6511519,19.8298398],[82.6512394,19.830129],[82.6516963,19.831639],[82.6517203,19.8317181],[82.6521592,19.8321659],[82.6530195,19.8321253],[82.6552556,19.8320197],[82.6569358,19.8320177],[82.658908,19.8320192],[82.659131,19.8320194],[82.6596279,19.8320198],[82.6609979,19.8320206],[82.6619685,19.8317269],[82.66287,19.8312035],[82.6642377,19.8305314],[82.6659164,19.8303892],[82.6684638,19.8305297],[82.6685098,19.8305322],[82.6701378,19.8310093],[82.6724225,19.8317827],[82.675373,19.8318319],[82.6758334,19.8318818],[82.6780156,19.8321188],[82.6812678,19.8318262],[82.6821187,19.8317351],[82.6830625,19.8316341],[82.6870988,19.8312019],[82.690253,19.8306663],[82.6932476,19.8303759],[82.6967058,19.830614],[82.6970804,19.8306859],[82.6982316,19.8309068],[82.7015306,19.8314308],[82.7039234,19.8320133],[82.7055524,19.8330231],[82.7062621,19.8342222],[82.7073305,19.8350387],[82.707945,19.8358141],[82.7080761,19.8365485],[82.7081938,19.8372075],[82.7085515,19.8380712],[82.708957,19.8385011],[82.7102806,19.83908],[82.7113979,19.8399954],[82.7116025,19.8403772],[82.711501,19.8411506],[82.7113981,19.8412882],[82.7109975,19.8418238],[82.7114031,19.8422583],[82.7124168,19.8433144],[82.7127248,19.843989],[82.7129222,19.8447811],[82.7129292,19.8448091],[82.7128731,19.8450521],[82.7125187,19.8465882],[82.7122867,19.8472992],[82.7118578,19.8486136],[82.7113942,19.8496796],[82.7112522,19.850006],[82.711402,19.8506279],[82.7117113,19.8509682],[82.7127744,19.8517214],[82.7138439,19.8526371],[82.7145568,19.8527793],[82.7150623,19.8527292],[82.716434,19.8524406],[82.7177042,19.8529207],[82.7181649,19.8535937],[82.7181668,19.8546506],[82.7184689,19.8556685],[82.7187558,19.8559111],[82.7191819,19.8562715],[82.7197898,19.8568482],[82.7197895,19.8577154],[82.7194413,19.8590648],[82.7191824,19.8607476],[82.7192339,19.8632946],[82.7192807,19.8635268],[82.7195888,19.8650535],[82.7196423,19.8653187],[82.7197492,19.8663746],[82.7197155,19.8666037],[82.7195936,19.8674331],[82.7199519,19.8683465],[82.7204363,19.86892],[82.7205613,19.8690679],[82.7205887,19.8691004],[82.7213011,19.8699449],[82.7213738,19.8700311],[82.7214367,19.8702316],[82.7216309,19.8708507],[82.7216696,19.8719117],[82.7216783,19.872151],[82.7217344,19.8729184],[82.7225447,19.873692],[82.7234563,19.8745369],[82.72412,19.8751256],[82.7239171,19.8756436],[82.7216304,19.8761218],[82.7196532,19.8765068],[82.716799,19.8770356],[82.7146127,19.877522],[82.7140524,19.8778074],[82.7140524,19.8778359],[82.714054,19.8797316],[82.7139039,19.8817566],[82.7135496,19.8834448],[82.7134688,19.8836151],[82.7127885,19.8850511],[82.7118725,19.8868846],[82.7112661,19.8882274],[82.7110412,19.8891832],[82.7107548,19.8904005],[82.7104642,19.8910347],[82.7097422,19.8926099],[82.7093859,19.8941039],[82.7089798,19.8963165],[82.708963,19.8964841],[82.7087813,19.8982924],[82.7082207,19.8998785],[82.7076998,19.9012647],[82.7074082,19.9020409],[82.7075134,19.9033858],[82.7077151,19.9036688],[82.7082746,19.9044535],[82.7090891,19.9056021],[82.7089826,19.9063485],[82.7081224,19.9080776],[82.7074136,19.9110113],[82.7073769,19.912601],[82.7073681,19.9129856],[82.7079238,19.9140463],[82.7083281,19.914336],[82.7098983,19.9154025],[82.7114359,19.9164471],[82.7124014,19.9174089],[82.712762,19.9185211],[82.7128612,19.9202004],[82.7128474,19.9202794],[82.7127845,19.9206393],[82.7126589,19.9213586],[82.7120474,19.9222272],[82.7114368,19.9240579],[82.7111842,19.9254515],[82.7113889,19.9262807],[82.7116487,19.9268705],[82.711898,19.9274366],[82.7119816,19.9286505],[82.7119944,19.9288358],[82.7125103,19.9306149],[82.7126616,19.9322486],[82.7126628,19.933682],[82.7126628,19.933694],[82.7126189,19.9339778],[82.7124653,19.9349701],[82.7124618,19.9349924],[82.7126101,19.9363414],[82.7126793,19.936658],[82.7130246,19.9382369],[82.7130724,19.9384553],[82.7137329,19.9394697],[82.7149543,19.9406685],[82.7164319,19.9430299],[82.7177546,19.9443271],[82.7180928,19.9451189],[82.7181642,19.9454216],[82.7182912,19.9459603],[82.7183531,19.9462228],[82.7185536,19.9464903],[82.7186327,19.9465959],[82.7188572,19.9468955],[82.7197778,19.9476634],[82.7204828,19.9482857],[82.7204916,19.9482935],[82.7202856,19.9486749],[82.7192705,19.9497824],[82.7187647,19.9502813],[82.7166948,19.9523232],[82.7155242,19.9536263],[82.7153191,19.9545361],[82.7155247,19.9558846],[82.7153732,19.9568933],[82.7147254,19.9576582],[82.7147176,19.9576675],[82.7147154,19.9576912],[82.714709,19.9577602],[82.7146291,19.9586176],[82.7146149,19.9587706],[82.7151232,19.9593935],[82.7154618,19.9597391],[82.7156949,19.959977],[82.7158815,19.9601675],[82.7159,19.9602122],[82.7164949,19.9616568],[82.7173625,19.9645933],[82.7175164,19.9655538],[82.7175294,19.9663221],[82.717626,19.9712801],[82.7174736,19.9741921],[82.7174638,19.9743803],[82.7175736,19.9770304],[82.7177286,19.9803036],[82.7177204,19.9808489],[82.7176785,19.9836194],[82.7179851,19.9872118],[82.7181398,19.9891389],[82.7171702,19.9900563],[82.7164571,19.990822],[82.7157512,19.9922652],[82.7156486,19.9933773],[82.7154469,19.9959267],[82.7145235,19.9962609],[82.7110702,19.9977081],[82.7089969,19.9986223],[82.707267,19.99905],[82.7049798,19.999194],[82.7035973,19.9990492],[82.702392,19.9983167],[82.7020245,19.9980933],[82.7003465,19.9975628],[82.699582,19.9975656],[82.6975993,19.998479],[82.6943901,19.9995395],[82.6926653,20.0000032],[82.6922884,20.0000474],[82.6891517,20.0003077],[82.6873361,20.0003114],[82.6849489,20.0005058],[82.6826664,20.0006269],[82.6797583,20.0008171],[82.6774994,20.0010683],[82.6756115,20.0013442],[82.6745315,20.0017835],[82.6731234,20.0014166],[82.6717716,20.0010643],[82.6701232,20.0010799],[82.6681968,20.0014638],[82.6664666,20.0023338],[82.6648872,20.0029991],[82.6638913,20.0029932],[82.6631191,20.0029886],[82.6610162,20.003862],[82.6604782,20.0040741],[82.6594315,20.0044866],[82.6557076,20.0052532],[82.6546173,20.0054406],[82.6537762,20.0055851],[82.6537098,20.0055965],[82.6519822,20.0058933],[82.6500443,20.0051841],[82.6488846,20.0048697],[82.6481668,20.0045025],[82.6470638,20.0039381],[82.6427078,20.0036624],[82.6426387,20.0048238],[82.6426394,20.0048272],[82.6429848,20.0064061],[82.6424685,20.0065134],[82.6415066,20.0067133],[82.6392341,20.005819],[82.6385463,20.0055483],[82.636816,20.0050493],[82.6342651,20.0051317],[82.6332972,20.0048741],[82.6300363,20.0023656],[82.6297002,20.0017544],[82.6296161,20.0010009],[82.6295219,20.0006855],[82.6290563,20.0000078],[82.6280482,19.9990865],[82.62732,19.9986074],[82.62622,19.9978837],[82.6257602,19.9972709],[82.6254594,19.9968699],[82.6240827,19.9949448],[82.6227557,19.9932134],[82.621136,19.9922978],[82.6195048,19.9921093],[82.6165752,19.9920638],[82.6153529,19.9916775],[82.6131639,19.9911509],[82.6113367,19.9909597],[82.6083832,19.9904264],[82.6050212,19.9901362],[82.6038033,19.9901834],[82.6020236,19.9909085],[82.6002939,19.991385],[82.5981256,19.9914768],[82.595768,19.9915693],[82.5957325,19.9915706],[82.5956976,19.9915954],[82.5945133,19.9924353],[82.5935945,19.9927733],[82.5928072,19.9930052],[82.5903359,19.9937331],[82.5887578,19.9959922],[82.5884366,19.9964384],[82.5858735,19.9999975],[82.5850513,20.0009128],[82.5840925,20.0020461],[82.583282,20.0031782],[82.5816825,20.0040967],[82.5791911,20.0055273],[82.5773441,20.0067227],[82.5765808,20.0070499],[82.5764997,20.0070846],[82.5756643,20.0074423],[82.573952,20.0082434],[82.5713989,20.0095536],[82.5699905,20.0101713],[82.5679283,20.0108853],[82.5673186,20.0111079],[82.5658617,20.0116398],[82.5657028,20.0116843],[82.563865,20.0121995],[82.5631605,20.0124812],[82.5627809,20.0126479],[82.5620376,20.0129745],[82.5611,20.0133667],[82.5601474,20.0137003],[82.5595517,20.0138501],[82.5588173,20.0140147],[82.5565385,20.0145768],[82.5555619,20.014906],[82.5535548,20.0153935],[82.5518279,20.0161855],[82.5501086,20.0177725],[82.5488725,20.017445],[82.5475399,20.017524],[82.5461195,20.0169311],[82.5439288,20.0172393],[82.5428253,20.0177728],[82.5372886,20.0175632],[82.5371984,20.0175599],[82.534453,20.0178456],[82.533181,20.0152954],[82.5311356,20.0156066],[82.5234221,20.0167801],[82.5220661,20.0169001],[82.52164,20.0169294],[82.513369,20.0174986],[82.5120036,20.0176323],[82.5091125,20.0181629],[82.5083704,20.0184856],[82.5068288,20.0191562],[82.5039008,20.0204296],[82.4999977,20.0220935],[82.4993781,20.0222643],[82.4982053,20.0225874],[82.4974435,20.0227725],[82.4970106,20.0228776],[82.4967605,20.0229383],[82.4957849,20.0233713],[82.4937345,20.0243688],[82.4919562,20.0258609],[82.4903589,20.0272657],[82.4884151,20.0289534],[82.4869647,20.0302349],[82.484511,20.0325954],[82.4835681,20.0334661],[82.481673,20.0352507],[82.4815403,20.0353758],[82.4806924,20.0361959],[82.4785696,20.0381742],[82.4737779,20.0369087],[82.4722729,20.0364559],[82.4700118,20.0359146],[82.468276,20.0368596],[82.4674824,20.0373585],[82.4671103,20.0379488],[82.4670593,20.0380683],[82.4666191,20.0391003],[82.4664427,20.0392973],[82.4663258,20.0394279],[82.4660688,20.0395014],[82.4654041,20.0396914],[82.4653008,20.0397209],[82.4639573,20.0401929],[82.4628966,20.0407663],[82.4625959,20.0409795],[82.4619421,20.0414428],[82.4615495,20.0415846],[82.4607193,20.0418843],[82.4606749,20.0419003],[82.4606035,20.0418395],[82.4604886,20.0417414],[82.4599618,20.041292],[82.4588741,20.0404697],[82.4575309,20.0399704],[82.4563368,20.040039],[82.4548511,20.0401416],[82.4531651,20.0402864],[82.4505161,20.0401817],[82.449688,20.0402746],[82.449604,20.040284],[82.4480063,20.0406631],[82.4458179,20.0412772],[82.4418338,20.0425927],[82.4405247,20.0431814],[82.4386076,20.0441908],[82.437228,20.0449338],[82.435226,20.046066],[82.4327754,20.0478384],[82.4310236,20.0491581],[82.4307055,20.0493022],[82.4300286,20.0496088],[82.4289551,20.0498343],[82.4279759,20.0500365],[82.427247,20.0501869],[82.4258516,20.0502389],[82.4236342,20.0503064],[82.4217389,20.0505882],[82.4196444,20.0510386],[82.4187102,20.0513489],[82.4179104,20.0516889],[82.4168151,20.0521545],[82.416815,20.0521545],[82.4168084,20.0521539],[82.4153915,20.0520219],[82.4131082,20.0519267],[82.4095408,20.051788],[82.4088161,20.0520152],[82.4072349,20.0526557],[82.4065341,20.052928],[82.4055108,20.0533256],[82.4046491,20.0536605],[82.4045528,20.0536979],[82.4021497,20.0549502],[82.4000423,20.0561143],[82.3982919,20.0581789],[82.398394,20.0594475],[82.3984308,20.0609063],[82.3983942,20.062691],[82.3981982,20.0632436],[82.3975096,20.0643061],[82.3968742,20.0654315],[82.3961979,20.0668054],[82.3960174,20.0674846],[82.3958346,20.0689721],[82.3959506,20.0696533],[82.3962966,20.0703959],[82.396998,20.071321],[82.3975367,20.0722202],[82.397797,20.0735416],[82.3983002,20.0747573],[82.3984775,20.0751128],[82.3988163,20.0757923],[82.3994211,20.0766141],[82.4004186,20.0780336],[82.4008224,20.0788164],[82.4014923,20.0810201],[82.4012142,20.082549],[82.4008391,20.0844403],[82.4002405,20.0870424],[82.399966,20.0884314],[82.3997629,20.0897972],[82.3999548,20.0909476],[82.4003569,20.0931534],[82.4005874,20.0948726],[82.4014349,20.0960719],[82.4013769,20.0965377],[82.4012466,20.0968522],[82.4010164,20.0974079],[82.4000584,20.0988475],[82.3990934,20.1000069],[82.3981758,20.1016947],[82.3981872,20.1017625],[82.3985495,20.1039143],[82.3986049,20.1047812],[82.3985578,20.1070085],[82.3986382,20.1095917],[82.3986346,20.1113445],[82.3987174,20.1131326],[82.3986612,20.1148677],[82.3985279,20.1170912],[82.3983455,20.118615],[82.3982728,20.1189474],[82.3979271,20.1205291],[82.3977579,20.1219308],[82.3976691,20.1237745],[82.3975121,20.1244127],[82.3968709,20.1259763],[82.3961781,20.1271246],[82.3947432,20.1287397],[82.3944893,20.129243],[82.3942323,20.1299226],[82.394121,20.1309778],[82.3940735,20.1314282],[82.3937858,20.1335129],[82.3936847,20.1339744],[82.3936467,20.1340919],[82.3934753,20.1346221],[82.3933658,20.1352237],[82.3934257,20.136041],[82.3933082,20.1368278],[82.3931527,20.137606],[82.392997,20.1378646],[82.3924274,20.1383525],[82.3922215,20.1384379],[82.3914838,20.138744],[82.3909654,20.1390688],[82.3907098,20.1393644],[82.3904065,20.1402386],[82.3903366,20.1409981],[82.3900824,20.1414473],[82.3893627,20.1422751],[82.388827,20.1428123],[82.3879487,20.1435556],[82.3875113,20.1438753],[82.386388,20.1450316],[82.3860145,20.1455268],[82.3858229,20.1460343],[82.3857996,20.1464059],[82.3857977,20.1464365],[82.3859363,20.1469594],[82.3861328,20.1475632],[82.3863755,20.1479498],[82.3871984,20.14905],[82.3881195,20.1493545],[82.3885602,20.1494232],[82.3890105,20.149439],[82.3894022,20.1494527],[82.3899188,20.1494576],[82.3907494,20.1497898],[82.3920084,20.1504485],[82.3926915,20.1508903],[82.393082,20.1512215],[82.3940384,20.1522529],[82.3941468,20.152627],[82.3940744,20.1531064],[82.3935108,20.1537342],[82.3933412,20.154011],[82.3931717,20.1543377],[82.3931081,20.154704],[82.3931737,20.155083],[82.393437,20.1556501],[82.3937002,20.1562037],[82.3937861,20.1567225],[82.3937412,20.1570436],[82.3935911,20.1573926],[82.3933493,20.157625],[82.392521,20.1580831],[82.3920122,20.1584259],[82.3917566,20.1587306],[82.3916324,20.1592918],[82.3915381,20.1599791],[82.3915256,20.1607471],[82.3915282,20.1615783],[82.3914957,20.1616825],[82.3913593,20.1619365],[82.3908766,20.1621802],[82.3904367,20.1624023],[82.3901686,20.1625377],[82.3900224,20.1627692],[82.3899633,20.163113],[82.3900067,20.1636954],[82.3902002,20.1639378],[82.3905425,20.1642332],[82.3912651,20.1648102],[82.3916859,20.1653309],[82.3920516,20.1661004],[82.3928775,20.1669973],[82.3934513,20.1675033],[82.3943051,20.1682959],[82.3944073,20.168485],[82.3945148,20.1687416],[82.3945235,20.1691977],[82.394574,20.1694729],[82.3947506,20.1699684],[82.3949145,20.1701162],[82.3961528,20.1705716],[82.3966873,20.1709604],[82.3971719,20.1716567],[82.3974521,20.1719663],[82.3977746,20.1721985],[82.3982552,20.172416],[82.3988545,20.1725829],[82.3995269,20.1728666],[82.4000713,20.1733005],[82.4003624,20.1737499],[82.4009635,20.1740929],[82.4028716,20.1750986],[82.4044134,20.1757684],[82.4047119,20.1759829],[82.4047967,20.1763616],[82.4047619,20.1767368],[82.4046603,20.1771532],[82.4045388,20.1774672],[82.4044735,20.1776357],[82.4044498,20.177697],[82.4045327,20.177868],[82.4048752,20.1781995],[82.4050682,20.1783696],[82.4053612,20.1784984],[82.406004,20.1786829],[82.4062631,20.1787846],[82.4065241,20.1790536],[82.4070037,20.1797363],[82.407082,20.17993],[82.4071618,20.1802863],[82.4072552,20.1805656],[82.4075434,20.1812318],[82.4076735,20.1813302],[82.407942,20.1813958],[82.4081432,20.1814122],[82.4088077,20.1813708],[82.4094003,20.1812983],[82.4101698,20.1812063],[82.4109353,20.1812272],[82.4112613,20.1812878],[82.4115837,20.1814886],[82.4117005,20.1817135],[82.4118047,20.1821237],[82.4117028,20.1824949],[82.4116797,20.1825729],[82.4116364,20.18272],[82.4116053,20.1828255],[82.4116464,20.1831458],[82.4119133,20.1835502],[82.4122718,20.1840578],[82.4124745,20.184264],[82.4130171,20.1850004],[82.4131063,20.1853385],[82.4131442,20.1858261],[82.4130717,20.186283],[82.4129427,20.186826],[82.4129316,20.187192],[82.4129936,20.187526],[82.413012,20.187625],[82.4131458,20.1881253],[82.4133702,20.1886159],[82.4135684,20.1888311],[82.4137921,20.1892313],[82.4140801,20.1898568],[82.414047,20.1904489],[82.4137809,20.1911738],[82.4133984,20.1922655],[82.4133028,20.192813],[82.4134737,20.1931864],[82.4140549,20.1934347],[82.4143341,20.1936404],[82.4144377,20.1939737],[82.4142699,20.194472],[82.4141375,20.1951687],[82.4141217,20.1955482],[82.4142164,20.1959675],[82.4142612,20.1966946],[82.4143141,20.1977691],[82.4140539,20.1986384],[82.413467,20.1993479],[82.4137343,20.1998019],[82.4145626,20.2009111],[82.4149189,20.2011702],[82.4156504,20.2016251],[82.4169111,20.2024009],[82.4182864,20.2032094],[82.41861,20.2033997],[82.418662,20.2034303],[82.4195617,20.2039651],[82.4202265,20.2044048],[82.4203174,20.2044649],[82.4206183,20.2049187],[82.4208083,20.2058206],[82.420737,20.2074564],[82.4206549,20.2078715],[82.4205356,20.2084744],[82.4203557,20.2097271],[82.4202873,20.2106311],[82.4204818,20.2130778],[82.4207764,20.2144351],[82.4211368,20.2161848],[82.4214449,20.2174381],[82.4218262,20.2188445],[82.4220325,20.2194299],[82.422471,20.2208177],[82.4204945,20.2224011],[82.4188953,20.2233355],[82.4173871,20.2243234],[82.4161057,20.2255037],[82.415499,20.2261546],[82.4150743,20.226813],[82.4148101,20.2277638],[82.4146632,20.2289936],[82.4144217,20.229795],[82.4142144,20.2312197],[82.4141557,20.2326611],[82.4140711,20.2338904],[82.4140481,20.2339716],[82.4137464,20.2350359],[82.4134301,20.2360458],[82.4130206,20.2368124],[82.4124073,20.2377978],[82.4118219,20.2386832],[82.4110929,20.2395699],[82.4106867,20.240174],[82.4106276,20.2426453],[82.4108505,20.2438715],[82.4109047,20.2441699],[82.4112268,20.2453825],[82.41135,20.2454078],[82.4151407,20.2461863],[82.4158828,20.2463387],[82.4167356,20.2464267],[82.4187845,20.2464598],[82.4212901,20.2467331],[82.4212946,20.2467385],[82.4223103,20.2479531],[82.4223256,20.2479715],[82.4200323,20.2499956],[82.4181631,20.2518267],[82.4177845,20.2523175],[82.4171164,20.2535789],[82.4166545,20.2543685],[82.4162879,20.2556498],[82.4162666,20.256462],[82.4162559,20.2568696],[82.4160108,20.2572828],[82.4147106,20.25854],[82.4140206,20.2589973],[82.413771,20.2590977],[82.4122227,20.2597209],[82.4113886,20.2601116],[82.4112806,20.2611842],[82.4112479,20.2615085],[82.4112388,20.2631347],[82.4114264,20.2643078],[82.4116627,20.2650299],[82.4119483,20.2659026],[82.4123415,20.2670423],[82.4131658,20.2687206],[82.4133165,20.2689592],[82.4138894,20.2698666],[82.4149485,20.271037],[82.4159581,20.2720498],[82.4161085,20.2721333],[82.4173775,20.2728378],[82.4186049,20.273229],[82.4186353,20.2732387],[82.4186778,20.2732412],[82.4197656,20.2733063],[82.4200545,20.2734847],[82.4203822,20.2738221],[82.4205812,20.274027],[82.4212523,20.2744984],[82.4214966,20.27467],[82.422135,20.2748454],[82.4231463,20.2749773],[82.425025,20.2752241],[82.4253527,20.2754608],[82.4255653,20.2756803],[82.4257913,20.2759986],[82.4259193,20.2761789],[82.426378,20.2765427],[82.4266523,20.2767602],[82.4288683,20.2784442],[82.4294311,20.279091],[82.4299238,20.2795793],[82.4305438,20.2798408],[82.4309904,20.2799997],[82.4318501,20.2808193],[82.4328741,20.2818092],[82.4328945,20.2818519],[82.4334599,20.2830377],[82.4337168,20.2833946],[82.4339836,20.2837651],[82.4340457,20.2837985],[82.434662,20.28413],[82.4350548,20.2845256],[82.4352804,20.2847528],[82.4355745,20.2854821],[82.435584,20.2858115],[82.4356095,20.2866878],[82.4357934,20.2879376],[82.4358395,20.2880752],[82.4362316,20.289244],[82.4370399,20.290728],[82.437558,20.2918847],[82.4376455,20.2925434],[82.4377658,20.2936492],[82.4378111,20.2944077],[82.4377269,20.2945883],[82.4375349,20.2949997],[82.4373839,20.2953235],[82.4366486,20.2960569],[82.4364674,20.2961316],[82.4363242,20.2961906],[82.4350131,20.2967885],[82.433651,20.2975677],[82.433647,20.2975702],[82.4320466,20.298561],[82.4312391,20.2992542],[82.4308783,20.2995959],[82.4302969,20.3004137],[82.4299814,20.3009855],[82.429933,20.3014145],[82.4298973,20.3017315],[82.4298794,20.3029151],[82.4304425,20.3068857],[82.4306287,20.3081764],[82.4307647,20.3091189],[82.4308973,20.3096809],[82.4310487,20.3103226],[82.4312439,20.3111516],[82.4313725,20.3116977],[82.4313927,20.3118014],[82.4315261,20.312776],[82.4307667,20.3140245],[82.4305567,20.3142141],[82.4296724,20.3150125],[82.4290855,20.3155424],[82.4289772,20.3156048],[82.4272803,20.3165825],[82.427146,20.3167125],[82.4261222,20.3177032],[82.4260471,20.3177969],[82.424967,20.3191444],[82.4242292,20.3201398],[82.4232436,20.3218056],[82.4221092,20.3234274],[82.4210379,20.3241137],[82.4202363,20.3244184],[82.4193313,20.3244347],[82.4185307,20.3243373],[82.4176774,20.3242223],[82.4173664,20.3242518],[82.4170812,20.324489],[82.4168816,20.3246579],[82.4160238,20.325636],[82.4151849,20.3265958],[82.4139528,20.3274866],[82.413443,20.3277708],[82.4129517,20.3279962],[82.4124198,20.3279507],[82.4113583,20.327598],[82.4101679,20.3273095],[82.4095557,20.3273777],[82.4088697,20.3277761],[82.4086057,20.3282346],[82.4085845,20.3283291],[82.4085114,20.3286546],[82.4083985,20.3291576],[82.4084769,20.3298797],[82.4086284,20.3303164],[82.4087817,20.3307582],[82.4089986,20.3314295],[82.4091956,20.3320703],[82.4092354,20.3322],[82.409157,20.3325303],[82.4089535,20.3327941],[82.4084249,20.333119],[82.4068281,20.333954],[82.4064089,20.3342012],[82.4060763,20.3344931],[82.4060589,20.3345261],[82.4058456,20.3349286],[82.4057473,20.3350989],[82.4056806,20.3352146],[82.4054854,20.3353471],[82.4051556,20.335413],[82.4047678,20.3354206],[82.4042601,20.3354202],[82.4039062,20.3354682],[82.4036724,20.3355785],[82.4035876,20.3357192],[82.4035719,20.3357629],[82.4035129,20.3359276],[82.4034852,20.3361221],[82.4027076,20.3369097],[82.402364,20.3370571],[82.4015068,20.3375834],[82.4010565,20.3381019],[82.4003886,20.3394489],[82.4003515,20.3401268],[82.4003538,20.340251],[82.4003791,20.3415811],[82.4006034,20.3425775],[82.401214,20.3436924],[82.4012413,20.3437424],[82.4013193,20.3438773],[82.4016332,20.3442444],[82.4024471,20.3451962],[82.4028392,20.3456629],[82.4034687,20.3464167],[82.4041841,20.3476803],[82.4049442,20.3491242],[82.4053466,20.350187],[82.4059168,20.351795],[82.4062676,20.3529892],[82.4063079,20.3533365],[82.4063351,20.3535714],[82.4062786,20.3541952],[82.4058766,20.3552961],[82.4054115,20.3560851],[82.4051596,20.3565124],[82.4050872,20.3567309],[82.4049871,20.3570333],[82.4050255,20.3576568],[82.4050488,20.3580356],[82.4053367,20.358607],[82.4066811,20.361094],[82.4069292,20.3615167],[82.4077096,20.3620073],[82.4080697,20.3622147],[82.408692,20.3625731],[82.408846,20.3626667],[82.4091454,20.3629307],[82.4093082,20.3634715],[82.4093491,20.3636087],[82.4093727,20.3636877],[82.4094368,20.3639041],[82.4093289,20.3641489],[82.4089682,20.3645087],[82.4088296,20.3652749],[82.4088266,20.3652912],[82.4089504,20.3657239],[82.4089946,20.3657917],[82.409235,20.3661602],[82.4097371,20.3674385],[82.4103439,20.3693625],[82.4105495,20.3698621],[82.4108566,20.3705362],[82.4111996,20.3712889],[82.4116895,20.3720701],[82.4117633,20.3721877],[82.4130304,20.3740431],[82.4136802,20.3749005],[82.4162341,20.3786608],[82.4166782,20.3794448],[82.4167358,20.3795465],[82.4174182,20.3810068],[82.417537,20.381261],[82.4180431,20.3820949],[82.4180525,20.3821104],[82.4180965,20.3827335],[82.418062,20.3836778],[82.417465,20.3854399],[82.417324,20.3862767],[82.4176918,20.3877237],[82.4183104,20.3888298],[82.4185754,20.3895188],[82.4195391,20.3906492],[82.4211639,20.3928361],[82.4211737,20.3928493],[82.4210448,20.3934331],[82.4201599,20.3961867],[82.4194708,20.3983605],[82.4190948,20.400679],[82.419049,20.4009612],[82.4189338,20.4014591],[82.4185466,20.4031199],[82.4181827,20.404198],[82.4180778,20.4043846],[82.4180056,20.404513],[82.417749,20.4049694],[82.4173435,20.4056909],[82.4171879,20.4059723],[82.4166216,20.4076167],[82.4166092,20.4076528],[82.418093,20.4085083],[82.4256022,20.4128372],[82.4290419,20.4148599],[82.4303616,20.4156211],[82.4306943,20.415813],[82.4320051,20.4166378],[82.4318923,20.417343],[82.4316392,20.4189244],[82.4316382,20.418931],[82.4311752,20.4212114],[82.4307077,20.4234918],[82.4303748,20.4248],[82.4301235,20.4257655],[82.4300555,20.4260269],[82.4299351,20.4264884],[82.4298518,20.4268995],[82.4296784,20.4277555],[82.4296604,20.4278685],[82.4314708,20.4293216],[82.4335068,20.4308213],[82.4357521,20.4325257],[82.4378744,20.4341427],[82.4378622,20.4343912],[82.4368719,20.4373749],[82.4365157,20.4385129],[82.436362,20.4389885],[82.435663,20.4411217],[82.4349449,20.4428016],[82.4347417,20.4435775],[82.4339798,20.4456662],[82.4338894,20.4456633],[82.433288,20.445644],[82.4301784,20.445544],[82.4280789,20.4454889],[82.427494,20.4454711],[82.4257339,20.4453275],[82.4257464,20.4456436],[82.4257919,20.4464201],[82.4259452,20.4490116],[82.4260368,20.4516624],[82.4261715,20.4543128],[82.4263538,20.4569357],[82.4265102,20.4588135],[82.4265617,20.4612748],[82.4265908,20.4639081],[82.42653,20.4652794],[82.4265075,20.4657878],[82.426678,20.467119],[82.4268974,20.4682137],[82.4269292,20.4683727],[82.4270554,20.4690627],[82.4266448,20.4697482],[82.4257529,20.4707447],[82.4247715,20.4718301],[82.4247612,20.4718415],[82.4247349,20.4718905],[82.4242806,20.4727398],[82.4236416,20.4746323],[82.423648,20.4748183],[82.423646,20.4750884],[82.4236458,20.4751209],[82.4231252,20.4758299],[82.4213147,20.4780671],[82.4204082,20.4790501],[82.4193968,20.4800973],[82.4189125,20.4805937],[82.4176335,20.4817424],[82.4161856,20.4817045],[82.4159789,20.4816474],[82.4157956,20.4815135],[82.4157994,20.4814094],[82.4159363,20.481178],[82.4160456,20.4809282],[82.4160602,20.4808948],[82.4161147,20.4807701],[82.4161604,20.4805258],[82.4161763,20.4801644],[82.4161306,20.479889],[82.4157354,20.4791199],[82.4152309,20.4784781],[82.4147889,20.4778493],[82.4146907,20.4775971],[82.4146747,20.4774211],[82.4146311,20.4768478],[82.414582,20.4761887],[82.4145852,20.4761774],[82.4140521,20.475389],[82.4136425,20.4751439],[82.4129952,20.4746026],[82.4128114,20.4744188],[82.4127813,20.4742881],[82.412784,20.4742821],[82.4128284,20.4741839],[82.4129573,20.4741285],[82.4125751,20.4732282],[82.4122878,20.4727291],[82.4116597,20.4716592],[82.4115476,20.4714614],[82.411553,20.4714394],[82.4115799,20.4713302],[82.4119055,20.4712778],[82.4121868,20.4711175],[82.4122767,20.4709856],[82.4122747,20.470952],[82.412271,20.4708864],[82.4122126,20.4708011],[82.4121259,20.4707476],[82.4120059,20.470744],[82.411436,20.4707849],[82.411025,20.4703952],[82.4105227,20.4694461],[82.4106593,20.4686771],[82.4107875,20.4685315],[82.4108393,20.4684317],[82.4108384,20.4683323],[82.4107885,20.4681294],[82.4106725,20.468022],[82.410514,20.4679735],[82.4101401,20.4679722],[82.4094999,20.4682032],[82.4088595,20.468407],[82.4086914,20.4683633],[82.4084739,20.4681528],[82.4081219,20.4674239],[82.4081403,20.466814],[82.4081884,20.4662941],[82.4083746,20.4656918],[82.4088885,20.465272],[82.4089725,20.465032],[82.4090087,20.4647923],[82.4088622,20.4644908],[82.4083562,20.4636638],[82.4078799,20.4629494],[82.4064708,20.4624233],[82.4062156,20.4622989],[82.4058149,20.4619814],[82.4047895,20.4607236],[82.4046646,20.4603963],[82.4044804,20.4601673],[82.4042683,20.4600516],[82.403942,20.46],[82.4036403,20.460034],[82.4031481,20.460178],[82.402948,20.4603197],[82.4027082,20.4608229],[82.4026488,20.4610473],[82.4026387,20.4610856],[82.4023709,20.4616795],[82.4022807,20.4617386],[82.4022804,20.4617388],[82.4022803,20.4617388],[82.4019585,20.4619038],[82.401913,20.4619271],[82.4017262,20.4619466],[82.4015673,20.4618711],[82.4014979,20.4618026],[82.4012676,20.4615754],[82.4009148,20.4612666],[82.4006788,20.4611465],[82.4003619,20.4610723],[82.400127,20.4610652],[82.3998444,20.4610946],[82.3996964,20.4611499],[82.3993912,20.4613239],[82.3988199,20.4617396],[82.3985287,20.4618685],[82.3982176,20.4619253],[82.3979779,20.4619226],[82.3977854,20.4618338],[82.3975384,20.4615558],[82.3970866,20.4608909],[82.3970137,20.4607694],[82.3967073,20.4602841],[82.3965168,20.4600276],[82.3964287,20.4599089],[82.3963872,20.459853],[82.3962228,20.4597097],[82.3960587,20.4595711],[82.3960185,20.4597446],[82.3954029,20.4607328],[82.3952321,20.4609194],[82.3949428,20.4612514],[82.3948021,20.4615958],[82.394752,20.4618898],[82.3947795,20.4622916],[82.3949362,20.4626428],[82.3952361,20.462952],[82.3956463,20.4632694],[82.3961713,20.4635452],[82.3967826,20.4638339],[82.3971689,20.4641425],[82.3974689,20.4644562],[82.3976026,20.4647468],[82.3976449,20.4648388],[82.3976814,20.4651638],[82.3976302,20.4653358],[82.3975791,20.4655079],[82.3974406,20.4660961],[82.3972614,20.4669604],[82.3972458,20.4673309],[82.3972801,20.4674346],[82.3973632,20.4675775],[82.3974943,20.4678032],[82.3975018,20.4678133],[82.3978097,20.4682254],[82.3979127,20.4684729],[82.3979224,20.4687153],[82.397925,20.46878],[82.3978735,20.4698797],[82.3980108,20.4708391],[82.3978634,20.4724952],[82.3978429,20.4729454],[82.3976261,20.4733627],[82.3972471,20.4738491],[82.3967766,20.4742864],[82.3965546,20.4746587],[82.3963375,20.4750264],[82.3962731,20.4753339],[82.3963017,20.4763727],[82.3963135,20.4767854],[82.3963226,20.4771043],[82.3962208,20.4774936],[82.3960833,20.4776573],[82.3959306,20.4777398],[82.3957683,20.477827],[82.3937603,20.4784032],[82.3929025,20.4784101],[82.3922459,20.4784423],[82.3920983,20.4785385],[82.3920325,20.4786881],[82.392038,20.4787651],[82.3921035,20.4796893],[82.3921093,20.4797716],[82.3921256,20.4798699],[82.3921848,20.4802277],[82.3922108,20.4803851],[82.3922926,20.4806164],[82.3924273,20.4809976],[82.3926072,20.4812852],[82.3928832,20.4815856],[82.3935346,20.4820638],[82.3936411,20.4821804],[82.3936755,20.482266],[82.3937049,20.4823516],[82.3937399,20.4825003],[82.3936457,20.4827383],[82.3935614,20.4829514],[82.3934493,20.4832344],[82.3928015,20.4847529],[82.3931936,20.4862358],[82.3931767,20.4863392],[82.3931618,20.4864303],[82.3929524,20.4865946],[82.3927747,20.4865645],[82.3922976,20.4862791],[82.391595,20.4859822],[82.3911196,20.4858911],[82.3907946,20.4859931],[82.3907144,20.4860757],[82.3906046,20.4861888],[82.3904324,20.4867639],[82.3904315,20.487193],[82.3905311,20.4886557],[82.3906235,20.4899544],[82.3911971,20.4907598],[82.3912426,20.4909412],[82.3912468,20.4909582],[82.3911182,20.4921112],[82.390192,20.4925341],[82.3895875,20.4935552],[82.3893986,20.4943605],[82.3893614,20.4945192],[82.3888563,20.4947451],[82.3886929,20.4948181],[82.3884061,20.4952612],[82.388343,20.4953585],[82.388332,20.4955143],[82.3882791,20.4962579],[82.3883383,20.4964813],[82.3884392,20.4968621],[82.3885024,20.4971008],[82.3893648,20.4975547],[82.389527,20.4980051],[82.3893238,20.4982315],[82.3892043,20.4983646],[82.3890933,20.4988216],[82.3891399,20.4991962],[82.3892307,20.4997015],[82.3891184,20.5000049],[82.3888056,20.500722],[82.3886815,20.5010067],[82.3885181,20.5020242],[82.3883872,20.5045188],[82.3883079,20.5063624],[82.3881588,20.5078994],[82.3880549,20.509147],[82.3880021,20.5107284],[82.3881581,20.5120822],[82.3884567,20.5138415],[82.3888869,20.5152745],[82.3894856,20.51654],[82.3894979,20.516566],[82.3896479,20.5173398],[82.389699,20.5176032],[82.3896373,20.5176716],[82.388522,20.5184077],[82.3862933,20.5190399],[82.3850094,20.5197007],[82.3828079,20.5201563],[82.3809651,20.5210247],[82.3797929,20.5209637],[82.3792154,20.5210352],[82.3782458,20.5220266],[82.3777231,20.5221657],[82.3767246,20.5224316],[82.3739929,20.5231218],[82.3731846,20.5233495],[82.3726759,20.5232994],[82.3723177,20.5231639],[82.3709184,20.5230106],[82.3705414,20.5232124],[82.3696386,20.5235945],[82.3690551,20.5237662],[82.3685962,20.5238116],[82.3682033,20.5238505],[82.3680636,20.5238643],[82.3678102,20.5239612],[82.3675864,20.5241346],[82.3673634,20.5244074],[82.3671454,20.5246892],[82.3668235,20.5251705],[82.3665006,20.5255117],[82.3662527,20.5256854],[82.3658947,20.5258554],[82.3651148,20.5261511],[82.36461,20.5263316],[82.3639299,20.5265348],[82.3627079,20.5268395],[82.3622143,20.5271943],[82.3617144,20.5275911],[82.3609324,20.5280851],[82.3606986,20.5282271],[82.3605122,20.5282962],[82.3601628,20.5283577],[82.3597271,20.5284289],[82.3594016,20.5284947],[82.3590338,20.5286602],[82.3578304,20.5292162],[82.3577575,20.5292603],[82.3576491,20.5293259],[82.3574396,20.5294903],[82.357145,20.5297907],[82.356548,20.5306039],[82.3562022,20.5310944],[82.3551518,20.5326927],[82.3543535,20.5340676],[82.3542219,20.5343668],[82.3541202,20.5348058],[82.3540709,20.5351946],[82.3539012,20.5359736],[82.3534326,20.5373136],[82.3531314,20.5379664],[82.3527914,20.5385653],[82.3526545,20.5388013],[82.3518548,20.5400272],[82.3512244,20.5408678],[82.3510066,20.5411811],[82.350924,20.5416109],[82.3507926,20.5419372],[82.3505526,20.5424631],[82.3497962,20.5440644],[82.3496619,20.5442361],[82.3494531,20.5445042],[82.3492036,20.5450212],[82.3489943,20.5457546],[82.3488306,20.5462482],[82.3486138,20.5466656],[82.3483425,20.546907],[82.3478093,20.5473494],[82.3475661,20.5475048],[82.3469345,20.5476723],[82.3461437,20.5477281],[82.3455253,20.547751],[82.3453983,20.5477829],[82.3452286,20.5478256],[82.3452069,20.5478369],[82.3449994,20.5479449],[82.3448478,20.5481538],[82.344725,20.5483761],[82.344607,20.5485847],[82.3444459,20.5488118],[82.3443273,20.5489573],[82.3439806,20.5493304],[82.343386,20.5498997],[82.3430025,20.5504673],[82.3427713,20.5509118],[82.342658,20.5511231],[82.3425354,20.5513518],[82.3422085,20.551806],[82.3420326,20.551979],[82.3417511,20.5521438],[82.3415642,20.5521769],[82.3413822,20.5522053],[82.3411045,20.5522482],[82.3407457,20.5523458],[82.3400808,20.5525407],[82.3396889,20.5527018],[82.3394312,20.5528574],[82.3393421,20.552948],[82.3391984,20.5530941],[82.3389906,20.5534661],[82.3388392,20.5536628],[82.3387107,20.5538296],[82.3384868,20.5539984],[82.3384606,20.5540108],[82.3382242,20.5541225],[82.3373914,20.5543141],[82.3365784,20.5545869],[82.336201,20.5547615],[82.3358432,20.554972],[82.3357623,20.5550443],[82.3357004,20.5550996],[82.3356347,20.5552627],[82.3356367,20.5554886],[82.3356296,20.5557867],[82.3355649,20.5560373],[82.3354719,20.5563978],[82.3348398,20.5570575],[82.3346054,20.5575174],[82.3343823,20.5579555],[82.3339201,20.558849],[82.333759,20.5590815],[82.3334322,20.5595529],[82.3329927,20.5601769],[82.3329395,20.5602523],[82.332681,20.5605041],[82.3326637,20.560521],[82.3325611,20.5608308],[82.3324627,20.5611277],[82.3322344,20.5619065],[82.3322101,20.5624306],[82.3325164,20.5634446],[82.3326378,20.5636335],[82.3329,20.5639883],[82.3330879,20.5640862],[82.3332653,20.5640848],[82.3334521,20.5640473],[82.3337145,20.5638962],[82.3339823,20.5637948],[82.3342077,20.5638066],[82.3344097,20.5638773],[82.3346321,20.5640608],[82.334832,20.5644477],[82.3348766,20.5646009],[82.3348826,20.5647409],[82.3348308,20.5648498],[82.334533,20.5653624],[82.3341685,20.5659119],[82.3337897,20.5664109],[82.3337891,20.5664117],[82.3337857,20.5664199],[82.3334649,20.5671822],[82.3332886,20.5678745],[82.3333062,20.5682403],[82.3333712,20.5685515],[82.3335164,20.5686994],[82.333849,20.5688866],[82.3343152,20.5689959],[82.3369364,20.5692738],[82.3374736,20.5692742],[82.338217,20.5692549],[82.3386827,20.569301],[82.3390527,20.569393],[82.3412679,20.5704148],[82.3420483,20.5707972],[82.3428722,20.5712244],[82.3433498,20.5715235],[82.3437271,20.5719089],[82.3439794,20.5722322],[82.3442179,20.5726143],[82.3444076,20.5729245],[82.3445736,20.5732619],[82.3447248,20.5735453],[82.3449282,20.573819],[82.3449284,20.5738192],[82.3449285,20.5738193],[82.3452093,20.5740973],[82.3457251,20.5743914],[82.3463176,20.5746805],[82.346925,20.5750325],[82.3474025,20.575345],[82.347741,20.5756495],[82.3483568,20.5763991],[82.348464,20.576588],[82.3484941,20.5767413],[82.3484107,20.5770852],[82.3482692,20.5778904],[82.3482381,20.5781707],[82.3482834,20.5784277],[82.3483377,20.57859],[82.3485261,20.5787466],[82.3488343,20.5788979],[82.3496446,20.5796373],[82.3503662,20.5807288],[82.3505464,20.5810301],[82.3506397,20.5812687],[82.3506767,20.5816614],[82.3506745,20.5819593],[82.3506742,20.5819607],[82.3504646,20.5826298],[82.3499258,20.5835418],[82.349825,20.5836916],[82.3495896,20.5840413],[82.3495663,20.5840888],[82.3494718,20.5842817],[82.3493776,20.5844947],[82.3491731,20.5852327],[82.3490955,20.5856895],[82.3490324,20.5861417],[82.348983,20.5862788],[82.3489622,20.5863364],[82.3488964,20.5865041],[82.3488659,20.5865133],[82.3487578,20.5865459],[82.348561,20.5865384],[82.3482582,20.5864775],[82.3481518,20.5865118],[82.3481149,20.5865238],[82.3480341,20.5866283],[82.347941,20.5869542],[82.347844,20.5873615],[82.3478071,20.5875169],[82.3477867,20.587603],[82.3476774,20.588063],[82.3473465,20.5891813],[82.3470522,20.5900689],[82.346793,20.5905994],[82.3464986,20.5909541],[82.3461991,20.5912591],[82.3458032,20.5915061],[82.3452072,20.5919127],[82.3442257,20.5926792],[82.3442045,20.5927104],[82.3440836,20.5928881],[82.3440761,20.5931276],[82.3441939,20.5934383],[82.344375,20.5938435],[82.3443836,20.5942635],[82.3443176,20.5944085],[82.3440394,20.5949617],[82.343836,20.595293],[82.3437893,20.5954335],[82.3437442,20.5957726],[82.3438616,20.5960337],[82.3440407,20.596204],[82.3442242,20.5963426],[82.3444164,20.5963772],[82.3446991,20.5963389],[82.3451069,20.5963402],[82.3453949,20.596365],[82.3456021,20.596463],[82.3456989,20.5965615],[82.3456952,20.5966835],[82.3456055,20.5968558],[82.345463,20.597015],[82.3451259,20.5974287],[82.3449412,20.597683],[82.3448395,20.5981401],[82.3448521,20.5984832],[82.344975,20.5988122],[82.3451845,20.5991764],[82.3454741,20.5995337],[82.3456647,20.5997688],[82.3458738,20.6000924],[82.3462357,20.6008801],[82.3469578,20.6022523],[82.347133,20.6025399],[82.347307,20.6026967],[82.3479847,20.6029512],[82.3479906,20.6029534],[82.348495,20.6030308],[82.3504156,20.6032191],[82.3508953,20.6032197],[82.3510338,20.6031465],[82.3511814,20.6030592],[82.3514443,20.6029038],[82.3516227,20.6028115],[82.3516926,20.6027753],[82.3519996,20.6027775],[82.3521286,20.6028029],[82.3523028,20.6028371],[82.3523312,20.6028427],[82.3525627,20.6029809],[82.3526376,20.6030655],[82.3530231,20.6035012],[82.3530397,20.6035392],[82.3532577,20.6039918],[82.3535458,20.6045678],[82.3537351,20.6048102],[82.3540056,20.6050204],[82.3542469,20.6051748],[82.3543819,20.6052613],[82.3545802,20.605445],[82.3546198,20.605497],[82.3547647,20.6056875],[82.3548722,20.605908],[82.354917,20.6060838],[82.3549821,20.606404],[82.355004,20.6067065],[82.3549808,20.6073436],[82.3550421,20.6077677],[82.3551406,20.6082193],[82.355162,20.6083178],[82.3552815,20.6088001],[82.3554995,20.6090469],[82.3557656,20.60918],[82.3558996,20.6092471],[82.3562506,20.6093346],[82.3563722,20.6093271],[82.3565863,20.609314],[82.356959,20.6091529],[82.3573502,20.6088969],[82.357646,20.6087274],[82.3579571,20.6086301],[82.3584214,20.6085136],[82.3586513,20.6084756],[82.3591701,20.6085483],[82.3612246,20.6092096],[82.3615506,20.6094018],[82.3619432,20.6096332],[82.3622623,20.6099107],[82.3627969,20.6106788],[82.3630072,20.611129],[82.3631279,20.6116693],[82.3631372,20.6117107],[82.3631162,20.612054],[82.3630838,20.6122034],[82.3630699,20.6122436],[82.3628734,20.6128104],[82.362832,20.613014],[82.3627913,20.6138319],[82.3629234,20.6141154],[82.3630779,20.6142361],[82.3631979,20.6142443],[82.3632889,20.6142119],[82.3634755,20.6141472],[82.3638784,20.6141306],[82.364042,20.6142015],[82.3645145,20.6144461],[82.3647562,20.6146791],[82.3650571,20.6150337],[82.3652468,20.6153393],[82.3653836,20.6156182],[82.3654441,20.6159475],[82.3653149,20.6165221],[82.3647125,20.6178369],[82.3643609,20.6183617],[82.3642957,20.6184589],[82.3642541,20.6185552],[82.3641877,20.6187083],[82.3640519,20.6190798],[82.3640306,20.6193871],[82.3643259,20.6196829],[82.3646936,20.6200234],[82.3648293,20.6201712],[82.3648379,20.620184],[82.3649654,20.6203735],[82.3649668,20.6205451],[82.3649013,20.6206735],[82.3648396,20.6207945],[82.3645127,20.6212534],[82.3643863,20.6216157],[82.3644036,20.6219454],[82.3645161,20.6221839],[82.3647821,20.6224121],[82.3651048,20.6225541],[82.3652152,20.6225907],[82.366341,20.6233883],[82.367428,20.6237373],[82.3676919,20.6237442],[82.3678172,20.6238019],[82.3679528,20.6239363],[82.3682261,20.6244537],[82.3683046,20.6246564],[82.3683537,20.6247914],[82.3685793,20.6250436],[82.3685865,20.6250516],[82.3688473,20.6252528],[82.3689875,20.6253157],[82.3697144,20.6256414],[82.3700758,20.6258033],[82.3709459,20.625986],[82.3710973,20.626124],[82.3715602,20.6265458],[82.3725042,20.6280017],[82.3739163,20.6292481],[82.3751062,20.6302983],[82.3753626,20.6305357],[82.3764975,20.6324102],[82.3761906,20.6329729],[82.3755518,20.6339626],[82.3750021,20.6348113],[82.3746668,20.6353292],[82.3746807,20.6360702],[82.3746849,20.6362913],[82.3747156,20.6375604],[82.3748672,20.6384221],[82.3748926,20.6385662],[82.3746716,20.6390693],[82.3744732,20.6394233],[82.3735925,20.6405123],[82.3734056,20.6407434],[82.3727267,20.6415827],[82.3721589,20.6424681],[82.3717741,20.6434558],[82.3714443,20.6443574],[82.3710997,20.6452997],[82.3697211,20.647364],[82.3690471,20.6483731],[82.3688159,20.6487193],[82.3684794,20.6495618],[82.3683612,20.6519162],[82.3684582,20.65203],[82.3686678,20.6522756],[82.3692682,20.6529795],[82.3696768,20.6535861],[82.3698413,20.6542668],[82.3699429,20.6553021],[82.369968,20.6555578],[82.36976,20.6559419],[82.368632,20.6580256],[82.3687516,20.6595875],[82.3704089,20.6624472],[82.3723537,20.6652459],[82.3738177,20.6674023],[82.3731293,20.6688461],[82.3728426,20.6694473],[82.3714899,20.6717441],[82.3707305,20.6733675],[82.3704653,20.6740826],[82.3702983,20.6744159],[82.3694278,20.6761526],[82.3687537,20.6774976],[82.3677034,20.6792042],[82.3673148,20.6797901],[82.3670498,20.6801897],[82.3669292,20.6802514],[82.3659031,20.6807769],[82.3642874,20.6811442],[82.3637069,20.6812762],[82.3625884,20.6815304],[82.3614499,20.681955],[82.360341,20.6835583],[82.3587581,20.6863848],[82.3578936,20.6890251],[82.357524,20.690094],[82.3567867,20.6909864],[82.3564459,20.6913988],[82.3549978,20.6931899],[82.3540181,20.6969242],[82.3534803,20.6990831],[82.352394,20.7036208],[82.3523926,20.7036268],[82.3519046,20.7043668],[82.3504267,20.7063231],[82.3505417,20.7082035],[82.3506684,20.711125],[82.3506743,20.7139527],[82.3507843,20.7151916],[82.3507715,20.7165634],[82.3507566,20.7172809],[82.3524912,20.7185276],[82.3540136,20.719663],[82.3532861,20.7205885],[82.3527283,20.7214348],[82.3510314,20.7239233],[82.3500671,20.7250602],[82.3484838,20.7273628],[82.3466338,20.7301144],[82.3455587,20.731591],[82.3470277,20.732108],[82.3474943,20.7321992],[82.348627,20.7326962],[82.3488166,20.7328036],[82.3490517,20.7329368],[82.3496487,20.7331173],[82.3504425,20.7332963],[82.3508137,20.7334787],[82.3512871,20.7337865],[82.3516072,20.7341453],[82.3529917,20.7354174],[82.3535531,20.7359234],[82.3531108,20.7367334],[82.3526366,20.7376019],[82.3519486,20.7390798],[82.3510741,20.7411736],[82.3507329,20.7422287],[82.350387,20.7432703],[82.3500152,20.7441315],[82.3498136,20.7446706],[82.3496167,20.7452097],[82.3488653,20.7476502],[82.3486424,20.7485193],[82.3481512,20.7500002],[82.3473228,20.7524323],[82.3470094,20.7532367],[82.3469097,20.7534925],[82.3468063,20.7537508],[82.3462191,20.7551552],[82.3461715,20.755269],[82.3458142,20.756121],[82.3451265,20.7579428],[82.3445441,20.7596767],[82.3439983,20.7612016],[82.3434029,20.7625901],[82.3428604,20.763692],[82.3420665,20.7657037],[82.3419608,20.7662376],[82.3417149,20.7677571],[82.3416886,20.7680511],[82.3419032,20.7684242],[82.341952,20.7685051],[82.3426758,20.7694345],[82.34323,20.7702027],[82.3434537,20.7705215],[82.3436353,20.7709538],[82.3436264,20.7710397],[82.3434846,20.7723824],[82.3434142,20.7730966],[82.3433706,20.7735983],[82.3433756,20.7747184],[82.3433817,20.7754005],[82.3434139,20.7763398],[82.3437095,20.7777107],[82.3438197,20.7782202],[82.3439396,20.7787388],[82.3440216,20.7798764],[82.3440085,20.7800211],[82.3438186,20.7818971],[82.343549,20.782911],[82.3435227,20.7831958],[82.3436175,20.7841436],[82.3437521,20.7852312],[82.3437781,20.7854568],[82.3436887,20.7862073],[82.3437123,20.7870773],[82.3437313,20.7877699],[82.3438553,20.7920149],[82.343862,20.7922316],[82.3442097,20.7929742],[82.3444102,20.7933792],[82.3451977,20.7949856],[82.3452164,20.7950293],[82.345242,20.7950891],[82.3458358,20.7965072],[82.3459485,20.7967774],[82.3461098,20.7976345],[82.3460837,20.7979282],[82.345987,20.7981719],[82.34583,20.798567],[82.3455546,20.7989306],[82.3446143,20.800153],[82.3446074,20.8001617],[82.3441964,20.8006758],[82.3436927,20.8013075],[82.3427727,20.8026609],[82.3422536,20.8037128],[82.3420175,20.8047175],[82.3420554,20.8051915],[82.3422208,20.8059625],[82.3426064,20.8072018],[82.3430739,20.8084628],[82.3431742,20.8089318],[82.3430397,20.8094839],[82.342586,20.8100704],[82.3424795,20.8102081],[82.3423225,20.810411],[82.3417161,20.811369],[82.3411159,20.8124892],[82.3408248,20.8138015],[82.3408151,20.8138782],[82.340717,20.814656],[82.3407236,20.8146868],[82.3408332,20.8151986],[82.3408534,20.8152928],[82.3408725,20.8153821],[82.340875,20.8162041],[82.3408396,20.8170942],[82.3408236,20.8174603],[82.3408276,20.818996],[82.340957,20.8195009],[82.3410958,20.8200012],[82.3410216,20.8208284],[82.3406773,20.8215583],[82.3403378,20.8222928],[82.339632,20.824507],[82.3394838,20.8251361],[82.3393357,20.8257651],[82.3394033,20.8262306],[82.3394124,20.826293],[82.3394907,20.826464],[82.3395739,20.8266305],[82.3398428,20.8269839],[82.3405317,20.8279103],[82.3406825,20.8281215],[82.3408335,20.8283371],[82.3409845,20.8285978],[82.3411897,20.8289712],[82.3414016,20.8295613],[82.3415747,20.8328347],[82.341575,20.8344834],[82.3414518,20.8379398],[82.3413849,20.838514],[82.3412562,20.8395425],[82.3411784,20.8401644],[82.3411107,20.8406618],[82.3409128,20.8410969],[82.3406265,20.8413385],[82.3403356,20.8415757],[82.3403335,20.8415862],[82.3400905,20.8427965],[82.3400549,20.8429737],[82.3398506,20.8443123],[82.3397155,20.8453477],[82.3395292,20.8468168],[82.3395269,20.8468353],[82.3395532,20.846886],[82.3400694,20.847879],[82.340294,20.8482748],[82.3414315,20.850294],[82.3424233,20.8521291],[82.3434984,20.8541533],[82.3444599,20.856368],[82.3445272,20.8569051],[82.3450095,20.8630489],[82.34501,20.8636496],[82.344953,20.8653349],[82.3449434,20.8655152],[82.345562,20.8669075],[82.345631,20.8670189],[82.3458523,20.869741],[82.345888,20.8707614],[82.3459483,20.8724863],[82.3459619,20.8728748],[82.3459677,20.8729832],[82.345978,20.8730463],[82.3462201,20.8743363],[82.3465821,20.8761267],[82.3468283,20.8773216],[82.3472889,20.8793958],[82.3474738,20.8796519],[82.3487843,20.881087],[82.3492421,20.8817564],[82.3499666,20.8837788],[82.350595,20.8868544],[82.3511927,20.8897404],[82.3538597,20.8895286],[82.354816,20.8894527],[82.3552993,20.8894143],[82.3596744,20.8890183],[82.360412,20.8889226],[82.3615661,20.8887729],[82.3636289,20.8885053],[82.3637551,20.8884889],[82.3625129,20.8850525],[82.3618441,20.8831752],[82.3613507,20.881877],[82.3603861,20.8794547],[82.3605546,20.8773396],[82.3605803,20.8769961],[82.3605127,20.8764229],[82.3602742,20.8756354],[82.3602452,20.8755398],[82.360087,20.8750532],[82.3594841,20.8738254],[82.3594749,20.8738069],[82.3629716,20.8714393],[82.3631583,20.8713474],[82.3646083,20.8706719],[82.3655626,20.8704475],[82.3663133,20.8702718],[82.3684209,20.8697787],[82.3701132,20.8693134],[82.3709759,20.8690716],[82.3717565,20.8687628],[82.372183,20.8685908],[82.3723716,20.8685147],[82.3729679,20.8682743],[82.3732367,20.868245],[82.3759158,20.8679796],[82.3772886,20.8683118],[82.3784929,20.8686319],[82.38027,20.87009],[82.3816455,20.8712623],[82.3832004,20.8725958],[82.3841451,20.8734035],[82.3843726,20.8735981],[82.3850548,20.8740895],[82.3855836,20.8741396],[82.3863617,20.8742132],[82.3866805,20.8742434],[82.3887155,20.8744619],[82.3891809,20.8749097],[82.3895538,20.8752184],[82.3896462,20.8752934],[82.3896748,20.8753167],[82.3896664,20.8752944],[82.3893843,20.8745468],[82.3892407,20.8740917],[82.3907308,20.8730904],[82.3913428,20.8732525],[82.3916076,20.8733181],[82.3917512,20.8732491],[82.3917853,20.8727701],[82.3921371,20.8723563],[82.3955662,20.8700292],[82.3972581,20.8700696],[82.4012042,20.8701186],[82.4052823,20.8701744],[82.4055353,20.8697262],[82.4057747,20.8685951],[82.4058177,20.8684826],[82.4058874,20.8683005],[82.4060438,20.8680779],[82.4061912,20.8678929],[82.4062576,20.8678096],[82.4066039,20.8673235],[82.4069203,20.8667247],[82.4072694,20.8660262],[82.407469,20.8652702],[82.4073754,20.8634778],[82.4073384,20.8631124],[82.4072344,20.8627788],[82.4070473,20.8623016],[82.40689,20.861919],[82.4068535,20.8616212],[82.4067983,20.8603298],[82.4067914,20.860104],[82.4068067,20.8596974],[82.4068288,20.8594713],[82.4068509,20.8592769],[82.4068518,20.8592756],[82.4069741,20.8590862],[82.4076983,20.8578923],[82.407849,20.857575],[82.408002,20.8574878],[82.4083227,20.8573452],[82.4086666,20.8572163],[82.409099,20.8571129],[82.4091048,20.8571117],[82.4093771,20.8570564],[82.4094402,20.8570157],[82.4094831,20.8569879],[82.4095675,20.8569334],[82.4095825,20.8569237],[82.4098346,20.8566416],[82.4100817,20.8563596],[82.410413,20.8558013],[82.4106296,20.8553296],[82.4115427,20.8537955],[82.4121658,20.8525934],[82.4128147,20.8510794],[82.4128703,20.8508621],[82.4128541,20.850668],[82.4128151,20.8505594],[82.4127408,20.8503527],[82.4126843,20.85027],[82.4124337,20.8499036],[82.4123659,20.8498438],[82.4119978,20.8495188],[82.4116275,20.8489709],[82.4112833,20.8479009],[82.4112811,20.8478941],[82.4109912,20.8472099],[82.4107717,20.8468549],[82.410401,20.8462707],[82.4099723,20.8456264],[82.4099527,20.8455969],[82.4099066,20.8452471],[82.409901,20.8452043],[82.4099883,20.8447745],[82.4100411,20.8446585],[82.4104261,20.8438134],[82.4105216,20.843543],[82.4105526,20.8434555],[82.4105368,20.8433202],[82.410332,20.8429921],[82.4104927,20.8422584],[82.4108061,20.8423061],[82.4108404,20.8423072],[82.4113732,20.842324],[82.4118097,20.842239],[82.4121914,20.8419469],[82.4124667,20.8415877],[82.4126996,20.8407998],[82.4127405,20.8405511],[82.4127766,20.8403024],[82.4128884,20.8399266],[82.4130497,20.839704],[82.4132881,20.8395123],[82.4137056,20.8394638],[82.4139126,20.8394771],[82.4144509,20.8395117],[82.4145782,20.8394969],[82.4148129,20.8394696],[82.4148685,20.8394631],[82.4149059,20.8394516],[82.4155487,20.8392542],[82.4160131,20.8390716],[82.4161472,20.8390189],[82.41673,20.8386573],[82.4169669,20.8382985],[82.417116,20.8377784],[82.4174321,20.8372289],[82.417723,20.8370619],[82.4181316,20.8369744],[82.4183516,20.8368731],[82.4185894,20.8366003],[82.4186795,20.8359491],[82.4186469,20.8355609],[82.4187004,20.8351133],[82.4190358,20.8337904],[82.4189694,20.8330739],[82.4190946,20.8325761],[82.4192783,20.8321816],[82.419587,20.8318041],[82.4199547,20.8315617],[82.4203141,20.8314637],[82.4213942,20.8313601],[82.4222715,20.8313568],[82.4223598,20.8313564],[82.4224432,20.8313733],[82.4228315,20.8314521],[82.4233081,20.8315474],[82.4234614,20.8315531],[82.4236722,20.831561],[82.4241973,20.8315807],[82.4250715,20.8315643],[82.4262912,20.8314955],[82.4269829,20.8314762],[82.4273149,20.8315457],[82.4279651,20.8317687],[82.4280091,20.8317838],[82.4282855,20.8319484],[82.428787,20.8322471],[82.4292596,20.8324328],[82.4295962,20.8324707],[82.4299377,20.832504],[82.430274,20.8325012],[82.4306104,20.8325029],[82.4310295,20.8326394],[82.4321405,20.8332534],[82.4330349,20.8338557],[82.4342383,20.8340805],[82.4347315,20.8339092],[82.434809,20.8339012],[82.4350675,20.8338748],[82.4354035,20.8338404],[82.4361915,20.8338383],[82.4364646,20.8338885],[82.4368267,20.833955],[82.4375545,20.8341973],[82.4376512,20.8342548],[82.4380607,20.8344987],[82.4381005,20.8345224],[82.4384461,20.8349848],[82.4388092,20.8354212],[82.4388192,20.8354317],[82.4388582,20.8354724],[82.4390333,20.8355986],[82.4391572,20.8356139],[82.4393411,20.8356366],[82.440016,20.8353781],[82.440709,20.8349838],[82.4413607,20.8348112],[82.4418983,20.8347525],[82.4429834,20.8346755],[82.4433521,20.834537],[82.4434425,20.8344504],[82.4435282,20.8343683],[82.4436207,20.8341948],[82.4437718,20.8337724],[82.4436234,20.8329276],[82.4434626,20.8321617],[82.4434274,20.8317689],[82.4434274,20.8317478],[82.4434585,20.8313259],[82.4434796,20.8312377],[82.443564,20.8310753],[82.4436739,20.8309976],[82.444171,20.8307359],[82.4448041,20.8306132],[82.4459161,20.8303373],[82.4461887,20.8302176],[82.4468307,20.8300133],[82.4472817,20.8299598],[82.4475032,20.8300122],[82.4477199,20.8300646],[82.4480295,20.8302878],[82.4481564,20.8304944],[82.4483566,20.830827],[82.4483822,20.8308711],[82.4484298,20.8309529],[82.4486326,20.8310551],[82.44877,20.8310378],[82.4490164,20.8310067],[82.4492576,20.8308427],[82.449723,20.8305264],[82.4504528,20.8299428],[82.4524497,20.8288914],[82.4539876,20.8278525],[82.4543701,20.827646],[82.4547007,20.8275619],[82.4553049,20.8275145],[82.4554112,20.8275062],[82.455622,20.8275571],[82.4558446,20.8276109],[82.4565909,20.8277852],[82.4573222,20.8278874],[82.4582146,20.8277624],[82.4588333,20.8276622],[82.4606733,20.8281783],[82.463037,20.828859],[82.4644854,20.828996],[82.4665765,20.8315793],[82.4670536,20.832145],[82.4676568,20.8328987],[82.4681773,20.834055],[82.4687445,20.8351058],[82.468784,20.8351791],[82.4685328,20.8360348],[82.4680014,20.8372318],[82.4674384,20.838122],[82.4667637,20.838909],[82.4658383,20.8400959],[82.4653648,20.8408181],[82.4651616,20.8416736],[82.4651628,20.8422698],[82.4653855,20.8429544],[82.4654197,20.8429985],[82.4658814,20.8435928],[82.4660617,20.8438249],[82.4671704,20.8451795],[82.4680843,20.8462783],[82.4684483,20.8465906],[82.4686202,20.8467382],[82.4691212,20.8471682],[82.470437,20.8480783],[82.4705861,20.8481503],[82.4720062,20.8488356],[82.4722763,20.8489659],[82.4726178,20.8490626],[82.4740256,20.8494612],[82.4750128,20.8495427],[82.4754633,20.8495798],[82.4763254,20.8496338],[82.4767951,20.8496631],[82.4777094,20.8497998],[82.4787269,20.8501795],[82.4802755,20.8508119],[82.4804103,20.850895],[82.481078,20.8513065],[82.4816796,20.8519065],[82.4827939,20.8533287],[82.4833224,20.8542952],[82.4836335,20.8551416],[82.4836804,20.8557069],[82.4836878,20.8557961],[82.4836838,20.8560515],[82.48367,20.8569209],[82.4837256,20.8576747],[82.4839252,20.8584272],[82.4842366,20.8588265],[82.4845743,20.859015],[82.4848744,20.8591824],[82.4849311,20.8592293],[82.4855333,20.8597277],[82.4858394,20.8600647],[82.4859852,20.8602252],[82.4861902,20.8605622],[82.4862406,20.8606458],[82.4862908,20.8607292],[82.4863905,20.8608947],[82.4864291,20.8609944],[82.4866296,20.8615125],[82.4866814,20.8616464],[82.4867716,20.8625083],[82.4867924,20.8630467],[82.4868101,20.8635017],[82.4867929,20.8635892],[82.4866453,20.8643387],[82.4866001,20.8645021],[82.486278,20.8656665],[82.4861581,20.8660999],[82.4859966,20.8666159],[82.4857016,20.8675583],[82.4857014,20.868534],[82.485757,20.8692878],[82.4859782,20.870284],[82.486185,20.8706331],[82.4867076,20.8715157],[82.4867259,20.8715468],[82.4867884,20.8716354],[82.4873277,20.8724006],[82.4876908,20.872916],[82.4883832,20.8739127],[82.4891678,20.8752691],[82.4894049,20.8756789],[82.4901177,20.8768064],[82.4904729,20.8777381],[82.4908204,20.8788553],[82.4909962,20.8796352],[82.4910659,20.8805911],[82.4910686,20.8806284],[82.4909623,20.8815505],[82.4905592,20.8825794],[82.4902677,20.8837292],[82.4901287,20.8847377],[82.4901299,20.8848548],[82.4901442,20.8862958],[82.4900952,20.887186],[82.4899776,20.888917],[82.4899499,20.8892141],[82.4898212,20.8905939],[82.4896961,20.891907],[82.4895468,20.8934736],[82.4894942,20.8939062],[82.4893112,20.8954087],[82.4892708,20.8961996],[82.4891392,20.8977433],[82.4891158,20.8980167],[82.4886591,20.8999673],[82.488383,20.9008517],[82.4878997,20.9023994],[82.4871679,20.9043239],[82.4871501,20.9043707],[82.4869885,20.9050406],[82.4869845,20.9051375],[82.4869535,20.9058945],[82.4870753,20.9063573],[82.4871554,20.9066619],[82.4872583,20.9070527],[82.4874709,20.9075094],[82.4877002,20.9080018],[82.4887428,20.9094021],[82.488913,20.9095485],[82.4895419,20.91009],[82.4897608,20.9102785],[82.4899331,20.9103738],[82.4913122,20.9111367],[82.4929168,20.9120079],[82.4944297,20.9128438],[82.4966921,20.9141293],[82.4973382,20.9146684],[82.4999979,20.9168872],[82.500458,20.9172219],[82.5009179,20.9175521],[82.502183,20.9182885],[82.5022862,20.9183485],[82.504433,20.9195898],[82.5065516,20.9204111],[82.507871,20.9206388],[82.5094664,20.9205751],[82.5118098,20.9208209],[82.5136751,20.9212235],[82.5143826,20.9213762],[82.515944,20.9217643],[82.5175368,20.9228794],[82.518787,20.9238619],[82.5202637,20.9258677],[82.5206984,20.9267454],[82.5210588,20.927473],[82.5228417,20.9304244],[82.5230047,20.9306942],[82.523938,20.9317066],[82.5256595,20.9331818],[82.5271054,20.9340044],[82.5284949,20.9344888],[82.52995,20.9348055],[82.5320376,20.9349132],[82.5337932,20.9349406],[82.5346052,20.9349533],[82.5353324,20.9348885],[82.5371991,20.9347223],[82.5394557,20.9353794],[82.5414139,20.9359985],[82.543026,20.9366073],[82.5434707,20.9368472],[82.545008,20.9376824],[82.5461223,20.9385184],[82.5466022,20.9388784],[82.5480683,20.9398001],[82.5511756,20.9413391],[82.5521388,20.9419627],[82.5531781,20.9429785],[82.5539766,20.9437109],[82.5553575,20.9449775],[82.5566566,20.9460045],[82.5568904,20.9461668],[82.5581336,20.9470298],[82.5582304,20.9471156],[82.5591479,20.9479375],[82.5601937,20.9496876],[82.5607234,20.9505742],[82.5611639,20.9513013],[82.5617161,20.9522129],[82.5625872,20.953651],[82.5634021,20.9547908],[82.5637127,20.9555422],[82.5646196,20.957069],[82.5646572,20.9571324],[82.5655753,20.9589577],[82.5657246,20.9599003],[82.5662819,20.962149],[82.5671209,20.9646841],[82.5671839,20.9647987],[82.5683118,20.9668502],[82.5695905,20.9695754],[82.5700662,20.9704473],[82.5713834,20.9722553],[82.5720544,20.9730287],[82.5732184,20.9743702],[82.5736357,20.9747277],[82.575043,20.9754824],[82.5770628,20.9768593],[82.5787859,20.9783791],[82.5800544,20.9791938],[82.5805121,20.9797271],[82.5819363,20.9816334],[82.5831234,20.9833883],[82.5841283,20.9851946],[82.5850397,20.9872592],[82.5860447,20.9895126],[82.587077,20.9913633],[82.5871524,20.9914986],[82.5878021,20.992441],[82.5885209,20.9932538],[82.5887806,20.9935475],[82.5909666,20.9956182],[82.591644,20.9959913],[82.5928866,20.9966076],[82.5949875,20.997893],[82.595663,20.9985507],[82.5963014,20.9993306],[82.5968616,20.9999983],[82.5969491,21.0000877],[82.5977512,21.0008755],[82.5978191,21.0009422],[82.5980806,21.0011024],[82.5989843,21.0019611],[82.5993248,21.0023236],[82.5995605,21.0025782],[82.6001666,21.0032327],[82.6017447,21.0046449],[82.6025297,21.0054106],[82.6036112,21.0064657],[82.6049126,21.0076438],[82.6053971,21.0082176],[82.6055461,21.0083939],[82.6071956,21.0097153],[82.6076844,21.0100889],[82.6084856,21.0107013],[82.6100536,21.0115943],[82.6113623,21.012973],[82.6123167,21.0145085],[82.6129504,21.0161735],[82.6128149,21.0174531],[82.6126891,21.0205028],[82.6126988,21.0206856],[82.6127554,21.0217532],[82.6133253,21.0228545],[82.61341,21.022928],[82.6142575,21.023663],[82.6146069,21.0239329],[82.615771,21.024832],[82.6170584,21.0255695],[82.6186523,21.0270449],[82.6200703,21.028734],[82.6210981,21.0303636],[82.6220156,21.032026],[82.6233913,21.0333362],[82.6244085,21.034433],[82.624992,21.034992],[82.6258853,21.0356058],[82.6275073,21.0367204],[82.6287918,21.0380358],[82.6293639,21.0393266],[82.6297855,21.0409439],[82.629016,21.0427874],[82.6287728,21.0433699],[82.6280378,21.0447951],[82.627322,21.0457776],[82.6267122,21.0472196],[82.6261692,21.0483968],[82.6261012,21.0485442],[82.6246929,21.05045],[82.624068,21.0509348],[82.6228598,21.0517684],[82.6210013,21.0525222],[82.6201396,21.052928],[82.618275,21.0540207],[82.6178779,21.0546793],[82.6177404,21.0561937],[82.6177362,21.0563194],[82.6176931,21.0576306],[82.6176824,21.0579556],[82.6175705,21.0584429],[82.6172458,21.0598567],[82.6164302,21.0614001],[82.6155337,21.0630435],[82.6137921,21.0652867],[82.6127481,21.0670806],[82.6118613,21.0691936],[82.6117033,21.071047],[82.6118168,21.0726402],[82.6118458,21.0729978],[82.6119192,21.0739032],[82.6119833,21.0746936],[82.612809,21.0762982],[82.6145213,21.0780207],[82.6158874,21.0788477],[82.6165069,21.0791806],[82.6197118,21.0796333],[82.6213983,21.0794363],[82.6214805,21.0794267],[82.6215919,21.0793896],[82.6222908,21.079157],[82.6243478,21.0784823],[82.6282125,21.0780975],[82.6296352,21.0788201],[82.6304576,21.0796658],[82.6324835,21.0823156],[82.633109,21.0831857],[82.6333247,21.0848638],[82.6335359,21.0865734],[82.6335793,21.0867189],[82.6338817,21.0877328],[82.6338905,21.0877623],[82.633957,21.0878992],[82.6344092,21.0888307],[82.6345059,21.0890301],[82.6350679,21.089806],[82.6356394,21.0905952],[82.6365492,21.0919369],[82.6372583,21.0930701],[82.637333,21.0931894],[82.6382921,21.0943369],[82.6384789,21.0945604],[82.6402043,21.0961063],[82.6405283,21.09633],[82.6412115,21.0968018],[82.6415719,21.0970506],[82.6434625,21.0982969],[82.6458203,21.1000038],[82.647506,21.1018662],[82.6476109,21.1020216],[82.6484993,21.1033379],[82.6493864,21.1052126],[82.6499056,21.1064677],[82.6497301,21.1071891],[82.6495465,21.1079435],[82.6492692,21.1083536],[82.6486847,21.1092184],[82.6484525,21.1095619],[82.6477542,21.1099662],[82.6473794,21.1100196],[82.6471189,21.1100315],[82.6458833,21.1100878],[82.6458689,21.1100885],[82.6432116,21.1104318],[82.6431278,21.1104622],[82.6421464,21.111222],[82.6415367,21.1117924],[82.6409433,21.1125479],[82.6400465,21.1141555],[82.6397924,21.1154744],[82.6397414,21.1157391],[82.6399506,21.1168164],[82.6403894,21.1178142],[82.6405677,21.1182196],[82.641128,21.1192755],[82.6412483,21.1193985],[82.6415791,21.1197367],[82.6419069,21.1200719],[82.6421014,21.1202507],[82.6425338,21.1206481],[82.6426849,21.120787],[82.6430026,21.121024],[82.6430613,21.1210677],[82.6435877,21.1214603],[82.644165,21.1218637],[82.6442377,21.1219145],[82.6451048,21.1224165],[82.6477642,21.1239398],[82.6497952,21.1252207],[82.651828,21.1270887],[82.6525281,21.1281568],[82.6527557,21.1287101],[82.6527527,21.1289959],[82.6527393,21.1302729],[82.652625,21.1321122],[82.6519781,21.1332521],[82.651458,21.1336727],[82.6503369,21.1341397],[82.6487769,21.1345524],[82.6470337,21.1344971],[82.6443689,21.1346991],[82.6439521,21.1348748],[82.6427879,21.1358164],[82.6420947,21.1371194],[82.6417533,21.1384595],[82.6414318,21.1392773],[82.6412007,21.1398649],[82.6404628,21.1410645],[82.6399011,21.1416299],[82.6395878,21.1418189],[82.6391024,21.1421118],[82.6382267,21.1430327],[82.637273,21.14474],[82.6368577,21.1463791],[82.6367417,21.1480828],[82.6370109,21.1497965],[82.6372185,21.1507339],[82.6381273,21.151856],[82.6393125,21.1533194],[82.6405615,21.1548248],[82.6406101,21.154874],[82.6407979,21.1548767],[82.6411558,21.1548733],[82.6426385,21.1548589],[82.6433638,21.1548518],[82.6459408,21.1553958],[82.6472491,21.1556502],[82.6482856,21.1558518],[82.6508368,21.1562423],[82.6520059,21.1564853],[82.6538455,21.156849],[82.655488,21.1571363],[82.6559783,21.1570683],[82.6563863,21.1569514],[82.6570509,21.1566889],[82.6579346,21.15634],[82.659993,21.1557102],[82.661988,21.1550177],[82.6625925,21.1548221],[82.6630161,21.1548224],[82.6640532,21.1549974],[82.6659377,21.1556022],[82.6677672,21.1564647],[82.6680345,21.1565645],[82.6685391,21.1567528],[82.669798,21.1572225],[82.6698502,21.157242],[82.6701846,21.1573667],[82.6717634,21.1573287],[82.6733115,21.1575707],[82.6750303,21.1579963],[82.6751677,21.1580436],[82.6759728,21.1583211],[82.6765789,21.158481],[82.6779043,21.1588304],[82.6787959,21.159341],[82.679852,21.1599331],[82.6813563,21.1605001],[82.6815304,21.1605964],[82.6816884,21.1606252],[82.68316,21.1608937],[82.6836193,21.1609775],[82.683753,21.1609871],[82.6840048,21.1610054],[82.6841451,21.1610581],[82.6848281,21.1618463],[82.6852704,21.1626412],[82.6853994,21.1629876],[82.6854289,21.1634661],[82.6854825,21.1643733],[82.6854557,21.1647251],[82.6859459,21.1648971],[82.6882142,21.1645222],[82.6897453,21.1645295],[82.6906234,21.1646969],[82.6913343,21.1649653],[82.692227,21.1655479],[82.6926042,21.1656933],[82.6930044,21.1657435],[82.6940051,21.1656747],[82.6946156,21.1655963],[82.695009,21.1654795],[82.695694,21.16517],[82.6963737,21.1648064],[82.6968653,21.1644447],[82.6969005,21.1644051],[82.697084,21.1641985],[82.697126,21.1640718],[82.6970304,21.1635482],[82.6969975,21.1633684],[82.6967277,21.1625087],[82.6962093,21.1613802],[82.6957326,21.1605269],[82.6958133,21.1604358],[82.6968467,21.1598518],[82.6983366,21.1590198],[82.6992444,21.1581703],[82.6995873,21.1578462],[82.6998313,21.1576992],[82.7002017,21.1576774],[82.7013964,21.1577422],[82.704644,21.1579714],[82.7051581,21.1580603],[82.7052615,21.1580781],[82.7066626,21.1585022],[82.7075305,21.1590443],[82.7083252,21.1599079],[82.7090805,21.1606997],[82.7093897,21.1607869],[82.7104492,21.1608077],[82.711381,21.1606087],[82.7119283,21.1604813],[82.7125817,21.1603617],[82.7142567,21.1603267],[82.7147819,21.1603529],[82.7151728,21.1604438],[82.7156578,21.160326],[82.7163212,21.1598225],[82.7171432,21.1592947],[82.7182474,21.1590261],[82.7183282,21.1590217],[82.7199542,21.1584037],[82.7211878,21.1576731],[82.7211903,21.1576804],[82.7217607,21.1593291],[82.7217823,21.1611941],[82.7217728,21.161271],[82.7216326,21.162406],[82.7209701,21.1635116],[82.7207694,21.1638465],[82.7207069,21.1639509],[82.720764,21.1642835],[82.7209237,21.1652132],[82.7211524,21.1658477],[82.7224411,21.1657081],[82.7238027,21.1656175],[82.7246763,21.1657309],[82.7254636,21.1658828],[82.7263888,21.1660833],[82.7268126,21.1660926],[82.7269093,21.1658878],[82.7269348,21.1658339],[82.7269462,21.1655764],[82.7271756,21.1654341],[82.7276597,21.1654291],[82.7277196,21.1654285],[82.7282018,21.1654868],[82.7283793,21.1655306],[82.7287475,21.1656212],[82.7300848,21.1655262],[82.7303446,21.16551],[82.7310833,21.165692],[82.7316033,21.1656868],[82.7318227,21.1656778],[82.7318921,21.1656749],[82.7322023,21.1654503],[82.7322708,21.1653232],[82.7323343,21.1652051],[82.7324713,21.1649734],[82.7326192,21.164859],[82.7326692,21.1648604],[82.7329708,21.1648689],[82.7334687,21.1650399],[82.7336862,21.16511],[82.7339065,21.1650174],[82.7339444,21.1649939],[82.7343941,21.1647143],[82.7345286,21.1646904],[82.7352985,21.1649735],[82.7353409,21.1649891],[82.7360373,21.165253],[82.7365581,21.1653244],[82.7368326,21.1653307],[82.7372378,21.1649833],[82.7373756,21.1647934],[82.7375317,21.1645782],[82.7378845,21.1642901],[82.7379743,21.1642933],[82.7384722,21.1643112],[82.7392087,21.1643037],[82.7395337,21.1640926],[82.7396181,21.1640195],[82.7400246,21.1636674],[82.7405663,21.1634677],[82.7413475,21.1635771],[82.7416902,21.1636458],[82.7427053,21.1639921],[82.7436241,21.1643305],[82.7443634,21.1645667],[82.7448171,21.1646613],[82.745077,21.1646496],[82.7453073,21.1645796],[82.7453693,21.1641227],[82.7453663,21.1638563],[82.7455042,21.1637239],[82.7460768,21.1636954],[82.7468953,21.1636869],[82.7471701,21.1637202],[82.7473658,21.1640023],[82.7473659,21.1640025],[82.748281,21.1644268],[82.749172,21.1644583],[82.7500057,21.1641064],[82.751212,21.1643424],[82.7516805,21.1644639],[82.7522999,21.1647331],[82.7532743,21.165301],[82.7545153,21.1660152],[82.755058,21.1663076],[82.7553673,21.1664128],[82.7556951,21.1664456],[82.7559068,21.1664343],[82.7560353,21.1663065],[82.756168,21.1661245],[82.7564167,21.1655664],[82.7568438,21.1646407],[82.7573954,21.1636504],[82.7575001,21.1635455],[82.7576635,21.1635258],[82.7577943,21.1635876],[82.7591118,21.1642558],[82.7598532,21.1650746],[82.7599649,21.1651548],[82.7601003,21.165203],[82.7602638,21.1651832],[82.7603964,21.1650012],[82.7606291,21.1643168],[82.7609263,21.1637943],[82.7611206,21.1635439],[82.7613116,21.1634065],[82.76146,21.1633417],[82.7616233,21.1633084],[82.7617392,21.1633252],[82.7618795,21.1633825],[82.7626775,21.162873],[82.7628964,21.1626674],[82.7629825,21.1626213],[82.7630645,21.1626205],[82.7631468,21.1626648],[82.7632246,21.1627227],[82.7632691,21.1628306],[82.7632621,21.1630565],[82.7632366,21.1632563],[82.7631784,21.1637122],[82.7631951,21.1639017],[82.7632496,21.1640321],[82.7633369,21.1640854],[82.7634622,21.1640841],[82.7636106,21.1640193],[82.7639715,21.1636045],[82.7642607,21.1632222],[82.7643235,21.1631682],[82.7643989,21.1631033],[82.7645376,21.1630207],[82.7646718,21.1629786],[82.7650562,21.1629113],[82.7654122,21.1628805],[82.7658058,21.1627816],[82.765906,21.1627082],[82.7660058,21.1625988],[82.7660525,21.1624719],[82.7660609,21.1623635],[82.7660471,21.1622916],[82.7660454,21.1622823],[82.7659913,21.1621789],[82.7658462,21.1621218],[82.7655471,21.1620707],[82.765282,21.1620464],[82.7652202,21.1617128],[82.7663664,21.1609377],[82.7665721,21.1608135],[82.7669992,21.1606962],[82.767211,21.160703],[82.7674086,21.160719],[82.7676056,21.1606853],[82.7677254,21.1606344],[82.767816,21.1605567],[82.7678341,21.1604616],[82.7678285,21.160403],[82.7676815,21.1601788],[82.7673075,21.1599071],[82.7670689,21.1596883],[82.7669844,21.1594499],[82.7669871,21.1592782],[82.7670336,21.1591423],[82.7671284,21.1590103],[82.7672859,21.1589048],[82.7690768,21.1576758],[82.769354,21.1575148],[82.7696472,21.1574711],[82.7703204,21.1574053],[82.7706803,21.1573066],[82.7712017,21.1570212],[82.7716354,21.1566554],[82.7719486,21.1562638],[82.7722384,21.1559491],[82.7737395,21.1546417],[82.7743495,21.1541295],[82.7747327,21.153972],[82.7752169,21.1537909],[82.7756728,21.1536732],[82.7765958,21.1535595],[82.776827,21.1535661],[82.7779602,21.1537258],[82.7786548,21.153845],[82.7788184,21.1538342],[82.7794027,21.1535841],[82.7797368,21.1533323],[82.7800789,21.1529629],[82.7802344,21.1526768],[82.7805011,21.1520327],[82.7805701,21.1517565],[82.7805972,21.1512188],[82.7805551,21.1505011],[82.7805702,21.1501623],[82.7807664,21.1496679],[82.7810044,21.1494352],[82.7815633,21.149077],[82.7826653,21.1486364],[82.7828517,21.1485715],[82.7831064,21.1484827],[82.7834753,21.1483297],[82.7834814,21.1483241],[82.7837323,21.1480967],[82.7840021,21.1477055],[82.7842254,21.1470573],[82.7845159,21.1463949],[82.784666,21.1460682],[82.7849059,21.1455869],[82.785162,21.1452771],[82.7856385,21.1448702],[82.7861893,21.1446386],[82.7870144,21.144395],[82.7874119,21.1442147],[82.7877741,21.1439083],[82.7881735,21.143502],[82.7886029,21.1431815],[82.7889184,21.143002],[82.789313,21.1428614],[82.789441,21.1428158],[82.7899215,21.1427475],[82.7903588,21.1426888],[82.7908306,21.1426837],[82.7923748,21.1426087],[82.7929326,21.1425531],[82.7936786,21.1425452],[82.7940018,21.1425915],[82.7942532,21.1426791],[82.7944136,21.1428173],[82.7945505,21.1429875],[82.7946684,21.1431851],[82.7946895,21.1433429],[82.7946933,21.1436634],[82.7946547,21.1440522],[82.7946307,21.1444454],[82.7946941,21.1449234],[82.7947881,21.1451302],[82.7949446,21.1453408],[82.7954424,21.1459],[82.7956969,21.1462359],[82.7958496,21.146537],[82.7959344,21.1467844],[82.7964235,21.1482199],[82.7966598,21.1486509],[82.7966964,21.1488854],[82.7966319,21.14913],[82.7965011,21.149452],[82.7963509,21.1497788],[82.7961841,21.1503224],[82.7961726,21.1505619],[82.796217,21.1506517],[82.796489,21.1509912],[82.7965005,21.1510055],[82.7968896,21.1513355],[82.7971802,21.151486],[82.7975671,21.1517559],[82.7978308,21.1519398],[82.7982117,21.1523829],[82.7984087,21.1527465],[82.7987618,21.1536776],[82.7989134,21.1539916],[82.7989788,21.154127],[82.7999159,21.1555711],[82.800121,21.1558083],[82.8003153,21.1559462],[82.8004895,21.1560211],[82.800605,21.1560244],[82.8007634,21.1559867],[82.8015799,21.1558289],[82.8023009,21.1557309],[82.8034745,21.1556461],[82.8035997,21.1556447],[82.8038212,21.1556559],[82.8042358,21.1556922],[82.8046318,21.1558054],[82.8050232,21.1559186],[82.805207,21.1559935],[82.8057643,21.1562946],[82.8060848,21.1565215],[82.8063519,21.1567128],[82.807043,21.1573286],[82.808378,21.1582402],[82.8088722,21.1584969],[82.8090372,21.1585989],[82.8093332,21.1587989],[82.8094791,21.1589103],[82.8097516,21.1591558],[82.8101953,21.1596162],[82.8105416,21.1599873],[82.8107221,21.1601841],[82.8109216,21.1603581],[82.8112861,21.1606432],[82.8114561,21.1607588],[82.8119653,21.161065],[82.8123907,21.1612004],[82.8126319,21.1612475],[82.8128539,21.1612858],[82.8130756,21.1613061],[82.813543,21.1613371],[82.8139854,21.1612963],[82.8142303,21.1612575],[82.8144566,21.161237],[82.8146778,21.1612256],[82.8151207,21.1612254],[82.8151511,21.1612257],[82.8153422,21.1612275],[82.8155832,21.1612475],[82.8160267,21.1612924],[82.8162487,21.1613306],[82.8167126,21.1614792],[82.8171097,21.1616647],[82.8172699,21.1617848],[82.8174302,21.161896],[82.8176533,21.1620381],[82.81854,21.1624983],[82.8187866,21.1625859],[82.819004,21.1626468],[82.8194532,21.162764],[82.8196845,21.162784],[82.8205518,21.1628379],[82.8207776,21.1627994],[82.8209797,21.162788],[82.8215673,21.1628089],[82.8219623,21.1628317],[82.8221359,21.1628524],[82.8224162,21.1629352],[82.8227207,21.1630313],[82.8242754,21.163403],[82.824666,21.1634484],[82.8250661,21.1634892],[82.8252638,21.1635142],[82.8256305,21.1635825],[82.8260024,21.1636778],[82.8261958,21.163739],[82.826365,21.1638003],[82.8265202,21.1638845],[82.8267247,21.1640719],[82.8269735,21.1643447],[82.8273512,21.1649097],[82.827425,21.1650398],[82.8274883,21.1651069],[82.8277368,21.1653436],[82.827853,21.1653966],[82.8280173,21.1654444],[82.8282152,21.1654919],[82.8285863,21.165524],[82.8287789,21.1655128],[82.8288798,21.1655028],[82.8291488,21.1654593],[82.8293336,21.165356],[82.8294453,21.1652936],[82.8301483,21.164911],[82.8302823,21.1648418],[82.8305317,21.1647624],[82.8307766,21.16471],[82.8312575,21.1646733],[82.8318609,21.1647978],[82.8320833,21.164863],[82.8331862,21.1652982],[82.8338027,21.1657115],[82.8341284,21.1659607],[82.8345399,21.166146],[82.8348735,21.1662553],[82.8351581,21.1663064],[82.8354281,21.1663351],[82.8356786,21.1663504],[82.8362181,21.1663581],[82.8364876,21.1663597],[82.8367331,21.1663571],[82.8370074,21.1663495],[82.8372771,21.1663556],[82.8377927,21.1663816],[82.8380673,21.1664058],[82.8386024,21.1664632],[82.8388485,21.1664967],[82.8391236,21.1665568],[82.8393988,21.1666261],[82.8396502,21.1667047],[82.8399116,21.1668192],[82.8402223,21.1670192],[82.8406725,21.1672309],[82.841408,21.1675211],[82.8417893,21.1676027],[82.8427634,21.1677185],[82.843504,21.1676652],[82.8437253,21.1676448],[82.8437974,21.1676305],[82.844238,21.1674541],[82.8446774,21.1671647],[82.8450203,21.1668675],[82.8451491,21.1667667],[82.8452399,21.166707],[82.8454983,21.1665822],[82.8457237,21.166512],[82.846166,21.166453],[82.8463872,21.1664416],[82.8471009,21.1665332],[82.847323,21.1665804],[82.8475451,21.1666322],[82.8477915,21.1667062],[82.8482124,21.1668687],[82.8486046,21.1670496],[82.8497562,21.1678906],[82.8500931,21.1682752],[82.8504099,21.1685789],[82.8505258,21.1686183],[82.8508823,21.1686324],[82.8510647,21.1685897],[82.8511892,21.1685342],[82.8512897,21.1684834],[82.8515824,21.1680151],[82.85158,21.1678208],[82.8515436,21.1668278],[82.8515367,21.1666653],[82.8515082,21.1663133],[82.8514858,21.1660608],[82.851449,21.1658082],[82.8514073,21.1655512],[82.8513563,21.1653215],[82.8512953,21.1650692],[82.8509653,21.1640748],[82.8505437,21.1630814],[82.8504106,21.16283],[82.8502918,21.1625739],[82.8502072,21.162349],[82.8501417,21.1621105],[82.8501417,21.1621105],[82.8501417,21.1621104],[82.8500951,21.1618581],[82.8501016,21.1616051],[82.850147,21.1613787],[82.8501886,21.1612383],[82.8505348,21.1608191],[82.8507345,21.1606181],[82.8510537,21.1603391],[82.8515398,21.1599545],[82.851893,21.1597113],[82.8521998,21.159604],[82.8524639,21.1595379],[82.8527426,21.1594942],[82.8529833,21.1595007],[82.8532534,21.1595383],[82.8534323,21.1596042],[82.8534905,21.1596395],[82.8535387,21.1596707],[82.8537235,21.1597906],[82.8539085,21.1599511],[82.8540937,21.1601388],[82.8542743,21.1603401],[82.8544603,21.1605863],[82.8546224,21.1608421],[82.8548082,21.1610748],[82.8550182,21.1613028],[82.8551638,21.161396],[82.8553279,21.1614303],[82.855598,21.161468],[82.8558187,21.1614114],[82.8561099,21.1612231],[82.8564656,21.1607946],[82.8567116,21.1604398],[82.8572986,21.1600223],[82.8575614,21.1598659],[82.8578104,21.1597548],[82.8580841,21.1597021],[82.8583291,21.1596633],[82.8585745,21.1596515],[82.8590657,21.1596687],[82.8595869,21.1597668],[82.8600794,21.1598924],[82.8603263,21.159989],[82.860544,21.160077],[82.8622459,21.1606498],[82.865005,21.1614684],[82.8653437,21.1616002],[82.8654556,21.1616893],[82.8657882,21.1621101],[82.86594,21.1623207],[82.8660823,21.1625313],[82.8662773,21.1627188],[82.8664277,21.1628211],[82.8665038,21.162811],[82.8667642,21.1627767],[82.8669558,21.1626932],[82.8671306,21.1624385],[82.8672147,21.1622298],[82.8673343,21.1617904],[82.8674492,21.1613556],[82.867514,21.1611472],[82.8675885,21.1609387],[82.8677755,21.1604939],[82.8679078,21.1602984],[82.8681497,21.1600112],[82.8683257,21.1598377],[82.8685977,21.1596495],[82.8688173,21.1594935],[82.869027,21.1593287],[82.8692462,21.1591546],[82.8696319,21.1588116],[82.8699597,21.1584648],[82.8703063,21.1580816],[82.8707919,21.1576519],[82.8711416,21.157508],[82.8714298,21.1574596],[82.8716491,21.1574791],[82.8716998,21.1574837],[82.8717819,21.1575144],[82.8719082,21.1575988],[82.8720838,21.157782],[82.8721735,21.1580295],[82.8721912,21.1582775],[82.8721928,21.1587923],[82.8721625,21.1590682],[82.8721372,21.1593439],[82.8721245,21.1598725],[82.8721277,21.1601299],[82.8721617,21.1609108],[82.8722406,21.1614472],[82.872292,21.1616996],[82.8723578,21.1619517],[82.872546,21.1623831],[82.8728639,21.1627636],[82.8732771,21.1630931],[82.8735969,21.1632477],[82.8738632,21.1633711],[82.874139,21.1634764],[82.8744289,21.163559],[82.8747278,21.1636008],[82.8750219,21.1636247],[82.8753205,21.1636395],[82.8759077,21.1636239],[82.8762056,21.1635799],[82.876364,21.1635466],[82.8765021,21.1634277],[82.8767059,21.1631725],[82.8767624,21.1630589],[82.8767838,21.1628555],[82.8767706,21.1625756],[82.8767588,21.1623997],[82.8766072,21.1620664],[82.8764762,21.1617481],[82.8764196,21.1614687],[82.8763922,21.1611935],[82.8764464,21.160913],[82.8764886,21.1608221],[82.8766548,21.1606441],[82.8770215,21.160365],[82.8774319,21.1600439],[82.877722,21.1597698],[82.877988,21.1594777],[82.8782206,21.1592132],[82.8783895,21.1588546],[82.8785159,21.1585823],[82.8785652,21.1582927],[82.8785922,21.1581298],[82.8787871,21.1568001],[82.8788077,21.1565243],[82.8788138,21.1562443],[82.8785158,21.1551411],[82.8784064,21.1548578],[82.8783324,21.1547096],[82.8782245,21.1545618],[82.8781701,21.1544359],[82.8781103,21.1542877],[82.8780731,21.1540081],[82.8780722,21.1539403],[82.8780984,21.1537323],[82.8781518,21.1535522],[82.8781817,21.1534514],[82.8783707,21.1531739],[82.8785891,21.1529321],[82.8789364,21.1525985],[82.8792204,21.1522251],[82.8801506,21.1507831],[82.8806064,21.149902],[82.8810253,21.1491523],[82.881581,21.1485589],[82.8821763,21.1484304],[82.882972,21.1485299],[82.8843,21.1492467],[82.884749,21.1497386],[82.8849595,21.1503955],[82.8853761,21.1509824],[82.8860017,21.1513412],[82.8868434,21.151666],[82.887711,21.1521215],[82.888266,21.1526166],[82.8889123,21.1530971],[82.88899,21.1531503],[82.8895144,21.1535058],[82.8897716,21.1536746],[82.8900046,21.153821],[82.8902131,21.1539361],[82.8913858,21.1546524],[82.8934888,21.1559948],[82.8937078,21.1561819],[82.8939316,21.1563737],[82.8941124,21.1565795],[82.8943863,21.1569195],[82.8945832,21.1572605],[82.8946587,21.1575216],[82.8947329,21.1580491],[82.8947409,21.1583019],[82.8948006,21.1588295],[82.8948325,21.1590822],[82.8949261,21.1596185],[82.8951338,21.1604291],[82.8952866,21.1607028],[82.8954826,21.1609806],[82.8956735,21.1612134],[82.8959749,21.1614583],[82.8962809,21.1616626],[82.897562,21.1624611],[82.8987788,21.1631248],[82.8990065,21.1632306],[82.899704,21.1635661],[82.8999032,21.1637037],[82.9002739,21.1640834],[82.9004555,21.1643524],[82.9007342,21.1650362],[82.9009999,21.1657744],[82.9011419,21.1660833],[82.9012607,21.1663393],[82.9013797,21.1665954],[82.9015552,21.1667786],[82.901638,21.1668544],[82.9018364,21.1669289],[82.9021068,21.1669936],[82.9021937,21.1670062],[82.9023527,21.1670179],[82.902622,21.1669969],[82.9026529,21.1669887],[82.9028716,21.1669309],[82.9041993,21.1668572],[82.904445,21.1668635],[82.9047146,21.166865],[82.9049842,21.1668574],[82.9052629,21.1668226],[82.9055316,21.166752],[82.9057758,21.1666498],[82.9060485,21.1665112],[82.9063159,21.1663366],[82.9068317,21.1660237],[82.9077309,21.165562],[82.9080423,21.1654366],[82.9083156,21.1653568],[82.9085845,21.1652995],[82.9090993,21.1652756],[82.9093497,21.1652773],[82.9095713,21.1652933],[82.9096195,21.1652968],[82.909865,21.1652895],[82.9102201,21.1652043],[82.9104115,21.1651073],[82.9108843,21.1648129],[82.9110844,21.164639],[82.9113127,21.1644332],[82.9113931,21.1643491],[82.9131496,21.1627641],[82.913637,21.1624787],[82.9144697,21.1620944],[82.914983,21.1619577],[82.9154356,21.1619569],[82.9157829,21.1620119],[82.9161303,21.1620711],[82.917559,21.1623529],[82.9181859,21.1624408],[82.9186214,21.1626164],[82.9189267,21.1627664],[82.9193396,21.1630553],[82.9195773,21.1631926],[82.9198336,21.1632845],[82.9201332,21.1633669],[82.9209433,21.1634706],[82.9215117,21.1634958],[82.9217813,21.1634927],[82.9223498,21.1635269],[82.9231593,21.1635809],[82.924523,21.1636829],[82.9257038,21.1637778],[82.9266333,21.1638123],[82.9269512,21.1638221],[82.9272495,21.1638053],[82.9275428,21.1637794],[82.9278646,21.1637125],[82.92845,21.1635703],[82.9287523,21.1634902],[82.9290448,21.1633965],[82.9295099,21.1632602],[82.9304087,21.1631461],[82.9313607,21.163054],[82.9316541,21.163037],[82.9322517,21.1630844],[82.9329614,21.1632389],[82.9334409,21.1634546],[82.9337185,21.1637089],[82.9338068,21.1638747],[82.9338666,21.1639871],[82.9339412,21.1641759],[82.9339915,21.1643426],[82.934034,21.1646445],[82.9340571,21.1649424],[82.9340803,21.1652446],[82.9340897,21.1659671],[82.9343426,21.1672737],[82.9346294,21.1678621],[82.9349677,21.1683323],[82.9352991,21.1686357],[82.9360339,21.1692368],[82.9363691,21.1694723],[82.9367088,21.1696762],[82.9371589,21.1698561],[82.9376979,21.1698455],[82.9380439,21.1697917],[82.9382589,21.1696674],[82.9386117,21.1694015],[82.9388582,21.1691096],[82.9391661,21.1687087],[82.9393257,21.1684088],[82.9394374,21.168105],[82.9402377,21.1652418],[82.9403113,21.16497],[82.9403413,21.1646896],[82.940347,21.1643916],[82.9402953,21.1641122],[82.9401904,21.1638334],[82.9400516,21.1635279],[82.9399134,21.1632586],[82.9397508,21.1629805],[82.9396461,21.1627017],[82.9395655,21.1624226],[82.9395551,21.1623686],[82.9395387,21.1622107],[82.9395263,21.1620077],[82.9395426,21.1617772],[82.9396208,21.1615008],[82.9397469,21.1611968],[82.9399842,21.1609322],[82.9404817,21.1606917],[82.9412555,21.1606015],[82.9418476,21.1605856],[82.9421418,21.1606318],[82.9424366,21.1607279],[82.9427366,21.1608328],[82.9429885,21.1609654],[82.9431977,21.1611211],[82.9436544,21.161441],[82.9438777,21.1615874],[82.9444061,21.1618613],[82.9449293,21.1621128],[82.9457128,21.1623972],[82.9457583,21.1624083],[82.9460123,21.1624705],[82.9463303,21.1624894],[82.9464411,21.1624927],[82.946628,21.1624364],[82.9470304,21.1622872],[82.9471874,21.1621409],[82.9476833,21.1617784],[82.9479395,21.1629586],[82.9479229,21.1631665],[82.9478755,21.163578],[82.9477653,21.1639947],[82.9477054,21.164203],[82.9475701,21.1645343],[82.9475231,21.1646208],[82.9473863,21.164839],[82.9470166,21.1652678],[82.9468305,21.165401],[82.9467256,21.1654788],[82.9464549,21.1657619],[82.9463506,21.1658851],[82.9461886,21.1661645],[82.9460877,21.1663984],[82.9459157,21.1668906],[82.9458372,21.1671238],[82.9456469,21.1676679],[82.9455817,21.1678313],[82.9454229,21.1681988],[82.9453337,21.1683759],[82.945235,21.1685668],[82.9450135,21.1689351],[82.944957,21.1690145],[82.9449001,21.1690945],[82.9447394,21.1693175],[82.9441808,21.170051],[82.9437288,21.1704535],[82.943107,21.1711382],[82.9430644,21.1711884],[82.9430076,21.1712747],[82.9429842,21.1713203],[82.9429092,21.1714792],[82.9428585,21.1716422],[82.9428365,21.1718005],[82.9428196,21.1719859],[82.9428454,21.172496],[82.9430188,21.1728688],[82.9431412,21.1730209],[82.9434526,21.1732702],[82.9438007,21.1733835],[82.943965,21.1734313],[82.9441677,21.1734607],[82.9448819,21.1735924],[82.9450802,21.1736578],[82.9452005,21.1737014],[82.9452736,21.1737279],[82.9456655,21.173877],[82.9459129,21.174014],[82.9461714,21.1742594],[82.9467606,21.1751423],[82.9468182,21.1754983],[82.9467668,21.1756209],[82.946089,21.1760622],[82.945893,21.1761773],[82.9457542,21.1762331],[82.945692,21.1762564],[82.9453023,21.1762925],[82.9451051,21.1762993],[82.9449319,21.1763149],[82.9447351,21.1763487],[82.9446505,21.176373],[82.9445383,21.1764052],[82.9443994,21.1764655],[82.9443373,21.1764979],[82.944118,21.176663],[82.9440182,21.1767544],[82.9439707,21.1768136],[82.9438624,21.1769955],[82.9437975,21.1771814],[82.9437465,21.1773445],[82.9438042,21.1776962],[82.9438448,21.1778537],[82.9439431,21.1780196],[82.9442275,21.1784092],[82.9444997,21.1786049],[82.9449119,21.1788303],[82.9454675,21.1790732],[82.9460596,21.1793319],[82.9464372,21.1794948],[82.9466558,21.1796413],[82.9468266,21.1798153],[82.9469834,21.1800212],[82.9471067,21.1802501],[82.9471336,21.1804667],[82.9471361,21.1806517],[82.9470852,21.1808148],[82.9469319,21.1812457],[82.946854,21.18154],[82.9468529,21.1818291],[82.946894,21.1820274],[82.947037,21.1822831],[82.9474461,21.1826351],[82.9487891,21.183708],[82.9488379,21.1837472],[82.9490323,21.1839038],[82.9494837,21.1841694],[82.9499045,21.1843227],[82.9504896,21.1845192],[82.9504896,21.1845193],[82.9510331,21.1846772],[82.9519543,21.1849449],[82.9523909,21.1851716],[82.952405,21.1851789],[82.9530659,21.1856064],[82.953187,21.1856847],[82.9535811,21.1860053],[82.9537074,21.1860979],[82.9539993,21.186312],[82.9545089,21.1866177],[82.9548107,21.1867305],[82.9552588,21.1868981],[82.9559255,21.187071],[82.9563641,21.1871674],[82.9576317,21.1879273],[82.9589572,21.1887654],[82.9591609,21.1888759],[82.9594056,21.1891801],[82.9596201,21.1897421],[82.959734,21.1903504],[82.9598281,21.1909093],[82.9599735,21.1913411],[82.9601615,21.1917229],[82.9604611,21.1921709],[82.9607053,21.192439],[82.9609876,21.1926615],[82.9612294,21.1927446],[82.9617027,21.1928519],[82.9621654,21.1928827],[82.9639452,21.1931194],[82.9647995,21.1932675],[82.9649344,21.1932749],[82.965165,21.1921434],[82.9654347,21.1903294],[82.9657478,21.1892465],[82.966233,21.1880713],[82.9668216,21.1867007],[82.9669424,21.1861932],[82.9672184,21.1850342],[82.9673264,21.1840892],[82.9674332,21.1830718],[82.9672199,21.1818642],[82.9669413,21.1804585],[82.9665059,21.1795785],[82.9660141,21.1787939],[82.9655481,21.178068],[82.9654242,21.1778751],[82.9651097,21.1770298],[82.9652527,21.1761927],[82.9654846,21.1755262],[82.965559,21.1753311],[82.9667241,21.1749653],[82.9674923,21.1751687],[82.9676323,21.1755554],[82.967791,21.1759148],[82.9680534,21.1760969],[82.9682371,21.1761713],[82.9682809,21.1761891],[82.9685903,21.1762758],[82.9688168,21.1762977],[82.9689229,21.176308],[82.9692079,21.1763725],[82.9694505,21.1765231],[82.9697944,21.177043],[82.9699183,21.1773079],[82.9699171,21.1775834],[82.9698836,21.1779586],[82.969869,21.1783155],[82.9698728,21.178591],[82.9699385,21.1787215],[82.9700063,21.1788559],[82.9702009,21.1790206],[82.9704606,21.1791985],[82.9705314,21.1792471],[82.9707877,21.1793299],[82.9710146,21.1793769],[82.9713295,21.1795268],[82.9715731,21.1797362],[82.9718126,21.180018],[82.9719893,21.1802732],[82.9722477,21.180505],[82.9725634,21.1807181],[82.973123,21.1807974],[82.9733658,21.1807977],[82.9734696,21.1807978],[82.9736773,21.1808496],[82.9739006,21.180978],[82.9744262,21.1814009],[82.9747721,21.1817174],[82.9751079,21.1819755],[82.9753413,21.1821534],[82.9762353,21.1824002],[82.9767375,21.1825117],[82.9775379,21.1825972],[82.9778699,21.1825798],[82.9781477,21.1824772],[82.97843,21.1823385],[82.9785324,21.1820799],[82.9785619,21.1816948],[82.9785652,21.1816504],[82.9802978,21.180876],[82.9814308,21.1802667],[82.9819546,21.1801883],[82.982858,21.1800557],[82.9832527,21.1800556],[82.9835483,21.1802019],[82.9835824,21.1802188],[82.9842407,21.1808388],[82.984727,21.1812124],[82.9853614,21.1814894],[82.9860739,21.1818378],[82.9868404,21.1822759],[82.9872724,21.1825372],[82.9877228,21.1827306],[82.9880851,21.1828121],[82.9888001,21.1826367],[82.9893062,21.1823236],[82.9900027,21.1818323],[82.9890263,21.1804756],[82.9882088,21.1794691],[82.9872542,21.1779314],[82.9864006,21.1767403],[82.9857298,21.1759037],[82.9850022,21.1751355],[82.9844612,21.1746361],[82.9838007,21.1742104],[82.9828037,21.173459],[82.9821592,21.1727846],[82.981583,21.1721682],[82.9804948,21.1707133],[82.980388,21.1702857],[82.9805627,21.1700262],[82.980753,21.1698614],[82.9811754,21.1697617],[82.981577,21.1698236],[82.9816915,21.1698413],[82.9823953,21.1699098],[82.9827095,21.1698265],[82.982947,21.1697635],[82.9835254,21.169445],[82.9845471,21.1684532],[82.9850106,21.1681904],[82.9855149,21.1681121],[82.9860735,21.1681101],[82.9863691,21.1682601],[82.9865801,21.1685557],[82.9867728,21.1689237],[82.9869613,21.1693324],[82.9872282,21.1694964],[82.9878347,21.169855],[82.9883576,21.1700701],[82.9900579,21.1704881],[82.9914534,21.1708149],[82.9931858,21.1711106],[82.9938683,21.1710258],[82.9951023,21.1704242],[82.9957265,21.1699427],[82.9961618,21.1697298],[82.9965221,21.1696848],[82.9972553,21.1697802],[82.9978497,21.1699447],[82.9981396,21.1700225],[83.0000022,21.1703483],[83.0013533,21.170567],[83.0017849,21.169916],[83.0036603,21.1670874],[83.0037643,21.1669305],[83.000738,21.1656297],[82.9999984,21.1654036],[82.9981427,21.1648791],[82.9975898,21.164608],[82.9973963,21.1645131],[82.9966327,21.1642738],[82.9962464,21.1641926],[82.995863,21.1639623],[82.9955863,21.1634373],[82.995285,21.1625105],[82.9951142,21.1623454],[82.9948432,21.1622538],[82.9947661,21.1622277],[82.9940865,21.1621634],[82.9933174,21.161888],[82.9932842,21.1617444],[82.9931539,21.1611809],[82.9930902,21.1603825],[82.9923967,21.1585572],[82.9919118,21.1579307],[82.9915422,21.1576596],[82.9913756,21.1575102],[82.9910501,21.1572183],[82.9903755,21.1560838],[82.9890243,21.1544019],[82.9889919,21.1543529],[82.9886559,21.1538462],[82.9880842,21.1528549],[82.9875734,21.1524501],[82.9865454,21.1518886],[82.9860779,21.1514831],[82.9857639,21.1510398],[82.9856211,21.1500796],[82.9855813,21.149624],[82.9858433,21.1490475],[82.986622,21.1478867],[82.986699,21.1477736],[82.987146,21.1471174],[82.9879918,21.1452064],[82.9883721,21.1444885],[82.9887642,21.1439328],[82.9889396,21.1437321],[82.9892364,21.1436067],[82.989596,21.1435031],[82.9896707,21.1433262],[82.9898278,21.1424754],[82.9898971,21.1411831],[82.9900778,21.1402868],[82.9903222,21.1398595],[82.9903938,21.139809],[82.9904092,21.1398034],[82.9906238,21.1397251],[82.9911571,21.13966],[82.9918564,21.1397601],[82.9925521,21.1399552],[82.993122,21.1404633],[82.9935642,21.1407741],[82.9937288,21.1408399],[82.9939055,21.140743],[82.9942394,21.140152],[82.9949794,21.1389918],[82.99545,21.1385347],[82.9971758,21.1380221],[82.9976033,21.1379448],[82.998037,21.137994],[82.9981579,21.1380287],[82.9990315,21.138669],[82.9993584,21.1389086],[82.9995311,21.1387511],[83.0000004,21.1383229],[83.0005885,21.1377728],[83.0014744,21.1369439],[83.0015501,21.1368732],[83.0034894,21.1368413],[83.0045836,21.1369593],[83.0046561,21.1372415],[83.004675,21.1373148],[83.005145,21.1379008],[83.0055973,21.1382523],[83.0066135,21.1393691],[83.0075332,21.1401078],[83.0088822,21.1412794],[83.0101272,21.1425743],[83.0104751,21.1433964],[83.010438,21.1435958],[83.0103495,21.1440707],[83.0100506,21.1447427],[83.0102588,21.144835],[83.0105956,21.1449842],[83.0106462,21.1450066],[83.0107661,21.1450062],[83.0111755,21.1450048],[83.0121139,21.1449845],[83.0121283,21.1449901],[83.0127091,21.1452169],[83.0134286,21.1457456],[83.0148971,21.14613],[83.0158777,21.1462875],[83.0159971,21.1463066],[83.0165241,21.1461333],[83.0173235,21.1454508],[83.017888,21.1448345],[83.0183886,21.1444808],[83.0190107,21.1441903],[83.0194505,21.143985],[83.0202954,21.1434601],[83.0215831,21.1415211],[83.0222238,21.1404929],[83.0222875,21.139878],[83.0223572,21.1390175],[83.0223814,21.1387187],[83.0223823,21.1387073],[83.0226664,21.1372951],[83.0230367,21.1365636],[83.0235398,21.136386],[83.0242532,21.1364723],[83.0247525,21.1365902],[83.0255087,21.1367689],[83.025978,21.1365917],[83.0262641,21.1363896],[83.027042,21.1360253],[83.0279349,21.1357419],[83.0288868,21.1351388],[83.0289084,21.1351251],[83.0293473,21.135183],[83.0300204,21.1355371],[83.0323263,21.1367502],[83.0326671,21.1369294],[83.0333758,21.1373023],[83.0348153,21.1366256],[83.035157,21.1362738],[83.0352246,21.1359254],[83.0351214,21.1357731],[83.0350183,21.1356297],[83.0349668,21.135572],[83.0341776,21.1346871],[83.0339544,21.1344119],[83.0335137,21.1338684],[83.0334922,21.1338418],[83.0335574,21.1329064],[83.0335809,21.1325718],[83.0338319,21.1319322],[83.0341784,21.1315757],[83.0346818,21.1314297],[83.0358658,21.1314335],[83.0378601,21.1316456],[83.0382727,21.1316894],[83.0386517,21.1317298],[83.0389086,21.1310561],[83.0399774,21.1301152],[83.04026,21.1296738],[83.0407252,21.1288509],[83.0411153,21.1279124],[83.041261,21.1275619],[83.0417024,21.1270961],[83.0422039,21.1268281],[83.0427817,21.126618],[83.0430133,21.1265338],[83.0437817,21.126064],[83.0443475,21.1252127],[83.0446146,21.1247921],[83.0449081,21.1243299],[83.0449446,21.1242958],[83.0452504,21.1240097],[83.0460957,21.1238911],[83.046563,21.1239216],[83.0473796,21.1241555],[83.0489388,21.1248593],[83.0492643,21.1250112],[83.0510217,21.1258319],[83.052332,21.1262721],[83.052709,21.1260418],[83.0535553,21.1252774],[83.0538052,21.1248686],[83.0540588,21.124454],[83.0547116,21.123281],[83.0554262,21.1227531],[83.0560313,21.1223122],[83.0565254,21.1221979],[83.0571199,21.1223714],[83.0573368,21.1224789],[83.0576528,21.1226357],[83.0585937,21.122814],[83.0593586,21.1227867],[83.0602934,21.1225178],[83.0616627,21.1220347],[83.0619504,21.1219332],[83.0630187,21.121577],[83.0648599,21.121085],[83.0661114,21.1207581],[83.0665205,21.12041],[83.0668007,21.1201446],[83.0667819,21.1198198],[83.0662559,21.1190224],[83.0666593,21.1186111],[83.0677269,21.1175279],[83.0685117,21.1168545],[83.0705695,21.1156779],[83.0727453,21.1146803],[83.0749976,21.1136549],[83.0772506,21.1140653],[83.0775273,21.1138859],[83.0776727,21.1129222],[83.0777653,21.1122808],[83.0780315,21.112009],[83.0797549,21.1124767],[83.0813311,21.1126607],[83.08293,21.1127493],[83.0842422,21.1129815],[83.0848963,21.112951],[83.0854937,21.1126591],[83.0862772,21.1122475],[83.0877166,21.1116022],[83.0892932,21.1111312],[83.0898819,21.1111337],[83.0901065,21.1111347],[83.090634,21.1113405],[83.0921108,21.1119861],[83.0931371,21.112777],[83.0938275,21.1132788],[83.0944195,21.113276],[83.0945964,21.1131996],[83.094893,21.1130715],[83.0955126,21.1123052],[83.0963586,21.1108679],[83.0966596,21.110372],[83.0970945,21.1101633],[83.0978092,21.1101926],[83.0979421,21.1101981],[83.0998799,21.1101017],[83.1012568,21.1099916],[83.1015022,21.1108402],[83.1023388,21.1108011],[83.103405,21.1107511],[83.1039934,21.1107236],[83.1053336,21.1108965],[83.1068708,21.1117218],[83.1081783,21.1123061],[83.1093654,21.1125443],[83.1101518,21.1126879],[83.1116065,21.1127783],[83.113544,21.1126637],[83.1139566,21.1125138],[83.1141999,21.1124253],[83.1147463,21.1120232],[83.1156922,21.111327],[83.1161097,21.1110198],[83.117016,21.1104575],[83.1186895,21.1100438],[83.1200386,21.1098147],[83.1201615,21.1098217],[83.1215988,21.1099035],[83.1217389,21.1093088],[83.1220074,21.1081689],[83.1223188,21.1074064],[83.1240988,21.1066978],[83.1246623,21.1067268],[83.1249656,21.1067951],[83.1258401,21.106992],[83.1269305,21.1065178],[83.1276121,21.1064008],[83.1291783,21.1062276],[83.1304305,21.1059636],[83.1314917,21.1058148],[83.1338275,21.106964],[83.1351337,21.1077873],[83.1352728,21.1078742],[83.1362602,21.1084911],[83.1377598,21.1090456],[83.1386713,21.1095128],[83.1391984,21.1100389],[83.139671,21.1107779],[83.1398149,21.1114219],[83.1402172,21.1119541],[83.140651,21.1123371],[83.1406309,21.1124486],[83.140593,21.1126584],[83.139569,21.1130752],[83.138933,21.1133341],[83.1404964,21.113978],[83.1414307,21.114359],[83.1418102,21.1146524],[83.1420943,21.1150009],[83.1430935,21.1158868],[83.1438562,21.1163874],[83.145263,21.117503],[83.1460816,21.118206],[83.1469548,21.1183576],[83.1473423,21.1185223],[83.1474293,21.1185593],[83.1476742,21.1188541],[83.1477703,21.1191736],[83.147742,21.1195577],[83.1477413,21.1201763],[83.1478904,21.1204951],[83.1483162,21.1209998],[83.1488468,21.1214086],[83.1496915,21.1222602],[83.1508813,21.123672],[83.1528666,21.1258457],[83.1537454,21.1267241],[83.154164,21.1270035],[83.1544889,21.1272204],[83.1547541,21.1273449],[83.1551817,21.1275458],[83.1556236,21.1278064],[83.1558994,21.1282456],[83.1560868,21.1288933],[83.1564346,21.1299771],[83.1573262,21.1310675],[83.158389,21.1320067],[83.1593863,21.132739],[83.1603865,21.1333539],[83.1613564,21.1338563],[83.161921,21.134296],[83.1624862,21.1347629],[83.1635492,21.1350564],[83.164371,21.1351882],[83.1645333,21.1362043],[83.1669147,21.1387882],[83.1676642,21.1387019],[83.1680081,21.1385258],[83.1682944,21.1380209],[83.1691051,21.1371752],[83.1707001,21.1363195],[83.1710444,21.1361705],[83.1714211,21.1362605],[83.1718713,21.1364355],[83.1725946,21.1366093],[83.1726199,21.1366154],[83.1729381,21.1366739],[83.173561,21.1367885],[83.1742531,21.13673],[83.1747337,21.1366378],[83.1753138,21.1365266],[83.1763123,21.1360262],[83.1772213,21.1353191],[83.1776946,21.1351099],[83.178158,21.1352032],[83.1792687,21.1357894],[83.1796383,21.135993],[83.1801179,21.1362571],[83.1813673,21.1364624],[83.1830252,21.1366125],[83.1845896,21.1366375],[83.1863567,21.137021],[83.1878574,21.1376068],[83.1895146,21.1380945],[83.1900469,21.1382511],[83.1913577,21.1386947],[83.1916682,21.1388543],[83.1919834,21.1390163],[83.1925489,21.1395146],[83.1932358,21.1403953],[83.1945337,21.1419181],[83.1957603,21.1435052],[83.1961649,21.1438611],[83.1969761,21.1443563],[83.1976677,21.1449163],[83.1981038,21.1454434],[83.1982009,21.1458259],[83.1981671,21.146472],[83.1979032,21.1478255],[83.1975266,21.1490541],[83.1970325,21.1504647],[83.1965605,21.1514281],[83.1965898,21.1517843],[83.1975592,21.1525757],[83.1981761,21.153007],[83.1981868,21.1530145],[83.1981914,21.1530262],[83.1983617,21.1534592],[83.1983595,21.1539559],[83.1980485,21.1557163],[83.1976281,21.1582143],[83.1984388,21.1599737],[83.1982796,21.1615833],[83.198217,21.1625593],[83.1985164,21.1642577],[83.2046174,21.1656954],[83.2040908,21.1671923],[83.2036653,21.169338],[83.2034197,21.1706326],[83.2027893,21.1719503],[83.202633,21.1727695],[83.2026815,21.1740919],[83.2028449,21.1776432],[83.2040335,21.1782598],[83.2045598,21.1787],[83.2051147,21.1794334],[83.2055234,21.1803716],[83.2057746,21.1817229],[83.2060533,21.1826631],[83.2064038,21.183575],[83.2070444,21.1845735],[83.207757,21.1858646],[83.2087604,21.1879511],[83.2093266,21.1894472],[83.2098124,21.190064],[83.2104064,21.1905077],[83.2112209,21.1912059],[83.211844,21.191997],[83.212501,21.1927922],[83.2132522,21.1934416],[83.2142404,21.1942024],[83.2143187,21.1942628],[83.2146203,21.1947872],[83.2145897,21.1951476],[83.2145302,21.1958494],[83.2142767,21.1969318],[83.2137759,21.1975796],[83.2136145,21.1983673],[83.2135519,21.1993434],[83.2131645,21.2001613],[83.2121408,21.2015744],[83.211098,21.2030103],[83.2106043,21.2038025],[83.2105088,21.204183],[83.2105263,21.205036],[83.2113125,21.2064166],[83.2118426,21.2074119],[83.211868,21.2074999],[83.2122488,21.20882],[83.2127508,21.2101995],[83.2144553,21.2108455],[83.2150827,21.2112571],[83.2160211,21.2121975],[83.2170557,21.2133095],[83.2170638,21.2133312],[83.2177048,21.215634],[83.2182026,21.2180115],[83.2183311,21.219834],[83.2185254,21.2206967],[83.2185684,21.2208874],[83.2185688,21.2215646],[83.2185519,21.2215991],[83.2181949,21.2223282],[83.2179708,21.2237669],[83.2175848,21.2259663],[83.2188957,21.2286086],[83.2207765,21.2284664],[83.222148,21.2287237],[83.222147,21.2287565],[83.2220947,21.2306046],[83.2220756,21.2312803],[83.2219535,21.2321307],[83.221583,21.2331741],[83.2213574,21.2338092],[83.2204635,21.236512],[83.219683,21.2390599],[83.2189158,21.2418513],[83.218764,21.2436142],[83.2186004,21.2466395],[83.2185942,21.2467546],[83.2185352,21.247211],[83.218469,21.2477224],[83.2184973,21.2486136],[83.2185419,21.2500151],[83.2185082,21.250197],[83.2182751,21.2514549],[83.2176463,21.2548491],[83.2188705,21.2565173],[83.2209397,21.2589551],[83.2216741,21.2600653],[83.2223048,21.2623011],[83.2229542,21.2657691],[83.2280315,21.2696257],[83.2306146,21.2716857],[83.2319077,21.2727169],[83.2325123,21.2723539],[83.2353447,21.2706531],[83.2379589,21.269607],[83.2382052,21.2702765],[83.2393348,21.2736252],[83.2427296,21.276718],[83.2462654,21.2811589],[83.2479591,21.2816516],[83.2502573,21.28232],[83.2505908,21.2823834],[83.2512418,21.2824333],[83.2517852,21.2823719],[83.2529218,21.2823522],[83.253158,21.2823582],[83.253399,21.2823684],[83.2538045,21.2824263],[83.2540165,21.2824278],[83.2540696,21.2824271],[83.2541897,21.282412],[83.2548051,21.282327],[83.2552086,21.2822584],[83.2558328,21.2821192],[83.2563363,21.2819678],[83.2570939,21.2817364],[83.2574241,21.2815966],[83.2581081,21.2812759],[83.2584481,21.2811404],[83.2591098,21.2809418],[83.2601841,21.280625],[83.2605154,21.2805573],[83.2616032,21.280177],[83.2625416,21.2797986],[83.2633693,21.2794309],[83.2636515,21.2793051],[83.265676,21.2784336],[83.2677675,21.2775566],[83.2678913,21.2774555],[83.2679481,21.277387],[83.2679892,21.2772511],[83.2680158,21.2771403],[83.2681025,21.27678],[83.2682597,21.2760374],[83.2683072,21.2756801],[83.2684083,21.2753626],[83.268583,21.2748185],[83.2687332,21.2745636],[83.2689055,21.2743126],[83.2690772,21.2740623],[83.2696117,21.273414],[83.2699956,21.273016],[83.2705718,21.2725793],[83.2707878,21.2725222],[83.2708105,21.2725238],[83.2708407,21.272526],[83.2709474,21.2725697],[83.2711958,21.2727515],[83.2713047,21.2729396],[83.2716243,21.2736758],[83.2716851,21.2738647],[83.2717428,21.2741754],[83.2722794,21.2758658],[83.2725631,21.276467],[83.2728152,21.2771905],[83.2730279,21.2778739],[83.2737842,21.2806946],[83.2740659,21.2824065],[83.2742403,21.2830995],[83.2745748,21.2844856],[83.2746959,21.2851568],[83.2749082,21.2858086],[83.2751145,21.2860632],[83.2752266,21.2861474],[83.2755131,21.286297],[83.2757132,21.2864613],[83.2771647,21.2878098],[83.2784222,21.289066],[83.2785946,21.2893165],[83.2786474,21.2896092],[83.2790218,21.2917128],[83.27924,21.2930508],[83.2793132,21.293736],[83.2793568,21.2943765],[83.2793132,21.2946706],[83.2792694,21.2949557],[83.2791189,21.295197],[83.2778925,21.2968886],[83.2771973,21.2977379],[83.2770799,21.2979336],[83.2770487,21.2981056],[83.2770482,21.2983855],[83.2771693,21.2987406],[83.2772499,21.2989607],[83.2772899,21.299064],[83.277415,21.2993648],[83.2774765,21.2995988],[83.2774791,21.2997614],[83.2774729,21.2999266],[83.2774687,21.3000368],[83.2774567,21.3001283],[83.2774473,21.3001997],[83.2773827,21.3003902],[83.2768206,21.3014318],[83.2762945,21.3023012],[83.2758819,21.3021081],[83.2756381,21.3019293],[83.2755797,21.3018865],[83.2750954,21.3017169],[83.2743368,21.3015737],[83.2738929,21.301539],[83.2734935,21.3015715],[83.2724034,21.3017985],[83.2720483,21.3018845],[83.2709673,21.3023959],[83.270446,21.3026557],[83.2692995,21.3032942],[83.2692601,21.3033339],[83.269086,21.3035093],[83.2689971,21.303673],[83.2689747,21.3037452],[83.2689465,21.3038363],[83.2689282,21.3038997],[83.2689099,21.3039677],[83.2688669,21.3043024],[83.2688777,21.3044077],[83.2683499,21.3051492],[83.2673287,21.3057861],[83.2671711,21.3058785],[83.2667124,21.3061284],[83.265313,21.3066214],[83.2620794,21.3078343],[83.2619867,21.3080748],[83.2615125,21.3095171],[83.2613201,21.3101697],[83.2611087,21.3108318],[83.2600784,21.3127782],[83.2597367,21.3134237],[83.2595487,21.3137424],[83.2589708,21.3147029],[83.2585383,21.3153031],[83.2585274,21.3153183],[83.2581503,21.3158697],[83.2579702,21.3163824],[83.2576915,21.318007],[83.2576917,21.3182533],[83.2574727,21.3197753],[83.2573741,21.3202597],[83.2573442,21.3204994],[83.2574001,21.3206883],[83.2575571,21.3210337],[83.2581429,21.3223218],[83.2589633,21.3239679],[83.2596093,21.325255],[83.2599553,21.3258193],[83.2600388,21.3259219],[83.2619599,21.3283342],[83.2622568,21.3291565],[83.26257,21.3297844],[83.2627838,21.3302104],[83.2628329,21.330273],[83.2629206,21.3303351],[83.2630755,21.330378],[83.2640681,21.3303878],[83.2648055,21.3303818],[83.2662676,21.3305022],[83.2663988,21.3305771],[83.266438,21.3306172],[83.2664827,21.3307069],[83.2664955,21.3307486],[83.2665283,21.3308552],[83.2665149,21.3309232],[83.2664632,21.3310097],[83.2664116,21.3310916],[83.2659065,21.3314687],[83.2652909,21.3318608],[83.2651469,21.3318988],[83.2649165,21.3319516],[83.2637068,21.3322568],[83.2634888,21.3324076],[83.2633539,21.332501],[83.2630674,21.3326763],[83.2629862,21.3327247],[83.2627809,21.3328472],[83.2627289,21.3328678],[83.2623546,21.3330154],[83.2619989,21.33307],[83.2610997,21.333204],[83.2604062,21.3332315],[83.2597614,21.3332942],[83.258496,21.3334241],[83.2580205,21.3335208],[83.2576939,21.3335974],[83.2576272,21.3336435],[83.2575521,21.3337755],[83.2575375,21.3340781],[83.2575475,21.3343019],[83.257552,21.3344031],[83.2578009,21.335551],[83.2581608,21.336395],[83.2584236,21.3368701],[83.2585616,21.3370715],[83.2590157,21.3374671],[83.2591769,21.3376004],[83.2593956,21.3377194],[83.2602,21.3383227],[83.2603319,21.3384383],[83.260941,21.3390262],[83.2615494,21.3395913],[83.2617887,21.3397913],[83.2633655,21.3411064],[83.2641258,21.341665],[83.2643788,21.3418152],[83.2654252,21.3424874],[83.2659821,21.3429764],[83.2683477,21.3451253],[83.2686316,21.3454328],[83.2686811,21.3454864],[83.2687209,21.3455548],[83.2688295,21.3457418],[83.2690437,21.346195],[83.2698702,21.3482247],[83.2701522,21.3490154],[83.2702677,21.349628],[83.2706056,21.3521653],[83.2706479,21.3527201],[83.2708953,21.3534481],[83.2711903,21.3541304],[83.2717453,21.3554323],[83.2719914,21.3560836],[83.2721991,21.3567309],[83.272311,21.3574293],[83.2722004,21.3580719],[83.2720997,21.3587189],[83.2721114,21.3588587],[83.2721473,21.3590028],[83.2722277,21.3592049],[83.2723074,21.3593798],[83.2726005,21.3599402],[83.272703,21.3600291],[83.2732291,21.3606948],[83.2736521,21.3612534],[83.2737211,21.3613518],[83.2740622,21.361907],[83.2741218,21.36201],[83.2742722,21.3623963],[83.2745397,21.3631692],[83.2745756,21.3633042],[83.2746945,21.3638263],[83.2747088,21.3644493],[83.2746621,21.3651677],[83.2744941,21.3658383],[83.2742509,21.3666226],[83.2740281,21.367181],[83.2739717,21.3672811],[83.2738284,21.3676713],[83.2738068,21.3678387],[83.2738072,21.3684843],[83.2738336,21.3705112],[83.2738317,21.3713239],[83.2738318,21.3719515],[83.2738967,21.3724021],[83.274001,21.3726085],[83.2742067,21.3731338],[83.2744689,21.3738798],[83.2744885,21.3745205],[83.274485,21.3746065],[83.2743847,21.3749736],[83.274371,21.3750185],[83.2743433,21.3751096],[83.2742789,21.3753001],[83.2742255,21.3759058],[83.2741817,21.3765069],[83.2741785,21.3766108],[83.2742199,21.3770709],[83.2730143,21.3773851],[83.2718582,21.3774324],[83.2713335,21.3774801],[83.2702974,21.3777883],[83.2691777,21.3782167],[83.2691756,21.3782179],[83.2687284,21.3785899],[83.269188,21.3787056],[83.2694251,21.3787656],[83.2700738,21.3789419],[83.2706911,21.3792722],[83.2715245,21.3795499],[83.2724785,21.3798304],[83.2739216,21.3799553],[83.2759905,21.3800086],[83.2775953,21.3799778],[83.2781301,21.3799614],[83.2795479,21.3799964],[83.279708,21.3800575],[83.2800522,21.3801927],[83.2806425,21.3803336],[83.2812812,21.380483],[83.2821829,21.3804978],[83.2830358,21.3804862],[83.2835559,21.380452],[83.2840506,21.3803279],[83.2844711,21.3800875],[83.2846473,21.3799541],[83.2852793,21.3793766],[83.2854026,21.3792304],[83.2854732,21.3791302],[83.2855716,21.3789437],[83.2859107,21.3781263],[83.2859882,21.3778362],[83.2860569,21.3776051],[83.2865418,21.3774767],[83.2870609,21.3773838],[83.2877196,21.3772754],[83.2882437,21.3771916],[83.288922,21.3770965],[83.2892923,21.3770464],[83.2903253,21.376829],[83.2913865,21.3765617],[83.2933721,21.3759205],[83.294437,21.3755855],[83.2948688,21.3754577],[83.295949,21.3751764],[83.2968327,21.3749747],[83.2970923,21.374926],[83.2980296,21.3747596],[83.2989439,21.3746568],[83.299098,21.3746412],[83.3001756,21.3745091],[83.301021,21.3743213],[83.3011218,21.3742974],[83.3022158,21.3739753],[83.3043886,21.3732864],[83.3053762,21.3729432],[83.3059271,21.3727234],[83.3062903,21.3725243],[83.3065108,21.37244],[83.3069276,21.3722852],[83.3079396,21.3719554],[83.3083857,21.3718272],[83.3090293,21.3716739],[83.31007,21.3713391],[83.3113683,21.370838],[83.311765,21.3706204],[83.3119176,21.3705189],[83.3129971,21.3695829],[83.3136925,21.3687473],[83.3140787,21.3681686],[83.31413,21.3680639],[83.3142764,21.3678678],[83.314466,21.367662],[83.3145705,21.3675702],[83.3146901,21.3675144],[83.3148292,21.367472],[83.3153286,21.3673476],[83.3162598,21.3671045],[83.3171806,21.3668118],[83.3180824,21.366524],[83.3196523,21.3658341],[83.3201196,21.3649021],[83.3201336,21.3645633],[83.3201911,21.3642464],[83.3203178,21.3640144],[83.3204312,21.3638729],[83.3206781,21.3636392],[83.3213222,21.3632194],[83.3217808,21.3629557],[83.3222493,21.362719],[83.3229721,21.3623976],[83.3234279,21.3622693],[83.3238943,21.3621906],[83.3245487,21.3621273],[83.325059,21.3620887],[83.3268228,21.3620732],[83.3278543,21.3620726],[83.3289138,21.3620262],[83.3300299,21.3618933],[83.3303801,21.3617936],[83.3310167,21.361514],[83.3315481,21.3612808],[83.3320602,21.3610569],[83.332918,21.360747],[83.3331913,21.3606529],[83.3336146,21.3605974],[83.3343554,21.3605104],[83.3349285,21.3604799],[83.335512,21.3605079],[83.3370943,21.3602916],[83.3380928,21.3600429],[83.339671,21.3595695],[83.3405471,21.3592006],[83.3417549,21.3587729],[83.3427547,21.3585964],[83.3438497,21.3583599],[83.3448995,21.3580066],[83.3454678,21.3576691],[83.3464211,21.3570101],[83.3468059,21.3566616],[83.3471807,21.3562862],[83.3475107,21.3558165],[83.3477095,21.35529],[83.3477912,21.3549774],[83.3477913,21.3546794],[83.3477537,21.3544316],[83.3477155,21.3538542],[83.3477188,21.3537548],[83.3488376,21.3541094],[83.3493415,21.3542739],[83.3499332,21.3545094],[83.3509698,21.3548381],[83.35125,21.3548748],[83.3518366,21.3547853],[83.3528742,21.3545766],[83.3539991,21.3544027],[83.3542926,21.3543716],[83.3546142,21.3542857],[83.3549008,21.3541238],[83.3557821,21.3534839],[83.3562875,21.3528402],[83.3567499,21.3525222],[83.3574423,21.3521197],[83.3578162,21.351988],[83.3580126,21.351922],[83.3587032,21.3517047],[83.3602874,21.3513167],[83.3607243,21.3512203],[83.3612628,21.3511404],[83.3617431,21.3510433],[83.3621986,21.3508971],[83.3628885,21.350648],[83.3632084,21.3504494],[83.3641831,21.3499256],[83.364567,21.3498253],[83.3648557,21.3497941],[83.3652164,21.349753],[83.3662159,21.3495718],[83.3666576,21.3494617],[83.3668632,21.349364],[83.367212,21.3491785],[83.3674024,21.3490314],[83.367688,21.3488061],[83.3678584,21.3486141],[83.3679904,21.3484361],[83.3682977,21.3480615],[83.3686057,21.3477322],[83.368971,21.347375],[83.3696123,21.3468015],[83.3697652,21.3467091],[83.3700956,21.3465869],[83.3708256,21.3464277],[83.3713592,21.3463479],[83.3718115,21.3463009],[83.3730982,21.3463052],[83.3744682,21.3463898],[83.3748161,21.346439],[83.3750375,21.3464224],[83.3752155,21.3464064],[83.3755131,21.3463344],[83.3756471,21.3462783],[83.3759531,21.3461204],[83.3760784,21.3460384],[83.3762773,21.3459082],[83.3765542,21.3457508],[83.3769936,21.3455053],[83.3782883,21.3447963],[83.3787765,21.3445907],[83.3788819,21.344553],[83.3790212,21.344533],[83.3792333,21.3445345],[83.3793781,21.3445505],[83.3796253,21.3446374],[83.3797372,21.3447034],[83.3800791,21.344983],[83.3804561,21.3453524],[83.3808619,21.3457123],[83.3810083,21.3458186],[83.3810959,21.345876],[83.381237,21.3459644],[83.3815763,21.3460859],[83.3822355,21.3463159],[83.3826168,21.3463511],[83.3829975,21.3463547],[83.3837494,21.3463576],[83.3842794,21.3463501],[83.3852187,21.3463323],[83.3854881,21.3462968],[83.3856992,21.3462441],[83.386,21.3460684],[83.3867012,21.345616],[83.3875099,21.3449679],[83.3880612,21.3444995],[83.3886219,21.3440039],[83.388893,21.3437878],[83.3894355,21.3433603],[83.3895783,21.3432499],[83.3897879,21.3431024],[83.3902077,21.3428346],[83.390419,21.3427865],[83.3906881,21.3427419],[83.3912072,21.3426623],[83.3918333,21.3426354],[83.3924387,21.3428254],[83.3925557,21.3429095],[83.3926244,21.3429852],[83.3926931,21.3430611],[83.3929582,21.3433552],[83.3932387,21.3437215],[83.3934452,21.3439713],[83.3938279,21.3443857],[83.3940825,21.3446395],[83.3943111,21.3447672],[83.3947418,21.3448784],[83.3959546,21.3453757],[83.3964274,21.3457077],[83.3973855,21.3459467],[83.3976656,21.3459744],[83.3992213,21.3462276],[83.3995743,21.3462946],[83.3997967,21.3463413],[83.3999806,21.3463928],[83.4001999,21.3465387],[83.4003853,21.3466849],[83.4008497,21.3470846],[83.4014778,21.3477754],[83.4016602,21.3480256],[83.4018082,21.3482313],[83.401996,21.3485265],[83.4020568,21.3487017],[83.4020574,21.3487028],[83.4022308,21.3490289],[83.40235,21.3492528],[83.4026377,21.3497543],[83.4026765,21.3497719],[83.4027445,21.3498025],[83.40381,21.3501258],[83.4049879,21.3505378],[83.4058749,21.3508547],[83.4065512,21.3512513],[83.4067468,21.3514246],[83.4068802,21.3516258],[83.4071129,21.3522998],[83.4074941,21.3543937],[83.4077741,21.3561819],[83.4077333,21.3575278],[83.407755,21.3576765],[83.4078013,21.3578519],[83.4078853,21.3579817],[83.4080323,21.358124],[83.4081159,21.3582312],[83.4081947,21.358334],[83.4084862,21.3587632],[83.4085751,21.3589018],[83.4086356,21.3590635],[83.4086335,21.3592305],[83.4086188,21.3598041],[83.4086116,21.3599532],[83.4085582,21.3602248],[83.4084529,21.3605694],[83.4083789,21.3607511],[83.4080178,21.3613659],[83.4078426,21.3615579],[83.407757,21.3616269],[83.4062496,21.3619917],[83.4057394,21.362035],[83.4053452,21.3620949],[83.4050048,21.362208],[83.4042714,21.3624533],[83.4040614,21.3625737],[83.4038134,21.3627399],[83.4027979,21.363418],[83.4025733,21.3635341],[83.4019354,21.3637238],[83.4010071,21.3638319],[83.4007855,21.3638485],[83.4006227,21.3639051],[83.4004652,21.3640067],[83.3998699,21.3644486],[83.3988134,21.3652719],[83.398198,21.3656599],[83.3979549,21.3658305],[83.3977979,21.3659547],[83.3973433,21.3664532],[83.3969917,21.3670542],[83.3969368,21.36724],[83.3968698,21.367557],[83.3970942,21.3692062],[83.3971528,21.369553],[83.3971982,21.3696743],[83.397507,21.3702883],[83.3978038,21.3707491],[83.3979761,21.3709679],[83.398674,21.3718004],[83.3989075,21.3719342],[83.3990735,21.3720628],[83.3993977,21.3724374],[83.3995259,21.3726161],[83.3998987,21.3733061],[83.4000212,21.3737197],[83.400246,21.3745066],[83.4005094,21.3758798],[83.4005037,21.3761191],[83.4003678,21.3769473],[83.4002267,21.3774594],[83.3999975,21.3781805],[83.3995889,21.3794324],[83.3989583,21.3815543],[83.3988911,21.3818623],[83.3987422,21.3824919],[83.3986871,21.3826508],[83.3985829,21.3827697],[83.3984172,21.3829572],[83.3979465,21.3833567],[83.3977962,21.384483],[83.397707,21.3858115],[83.3973821,21.3868771],[83.3972032,21.3880309],[83.397208,21.3883243],[83.3972451,21.3894118],[83.3972681,21.3896417],[83.3973214,21.389957],[83.3974547,21.3901493],[83.3975821,21.3902782],[83.3977496,21.3904926],[83.3981352,21.3910876],[83.398262,21.3914695],[83.3983333,21.3916987],[83.3984161,21.3923477],[83.3984529,21.3928302],[83.398616,21.3939656],[83.3987816,21.3949519],[83.3989903,21.3962222],[83.3989881,21.3966782],[83.3989724,21.3968951],[83.3988627,21.3975557],[83.3986574,21.3979786],[83.3984778,21.3984914],[83.3984383,21.3987312],[83.3984446,21.3988168],[83.3985478,21.4001157],[83.3986233,21.4006066],[83.3987348,21.4021263],[83.398892,21.404666],[83.3989271,21.4053427],[83.3987197,21.4053411],[83.3984495,21.4053155],[83.3981404,21.4052862],[83.3979283,21.4052847],[83.3977161,21.4052878],[83.3965397,21.40558],[83.3960336,21.4058807],[83.3955068,21.4063893],[83.3946663,21.4071734],[83.3934649,21.4077142],[83.3928999,21.4082416],[83.3921993,21.4093305],[83.3920959,21.4095243],[83.3918717,21.4099447],[83.3908835,21.4114306],[83.3908383,21.4114511],[83.3907495,21.4114913],[83.3899919,21.4117504],[83.3895082,21.4119513],[83.3892263,21.4120999],[83.3886182,21.4125015],[83.3881434,21.4128151],[83.3869105,21.4137898],[83.3864548,21.4142297],[83.3852922,21.4153749],[83.3844734,21.4169081],[83.3842581,21.417313],[83.383671,21.4185584],[83.382356,21.4195386],[83.3822846,21.4195938],[83.3813929,21.4205004],[83.3810404,21.4216567],[83.3807999,21.4222923],[83.3807165,21.4224965],[83.3806328,21.4226919],[83.3793902,21.4236666],[83.3787996,21.4244064],[83.3785547,21.4247756],[83.3784249,21.425992],[83.3781541,21.4268309],[83.3776962,21.4273104],[83.3775946,21.4274168],[83.3766141,21.4277822],[83.3758692,21.4280598],[83.3757308,21.4284501],[83.375731,21.429353],[83.3752757,21.4304204],[83.375731,21.4323282],[83.3750438,21.4333627],[83.3742838,21.4349764],[83.3738334,21.4349971],[83.373431,21.4350156],[83.3729733,21.4350401],[83.3712715,21.4353666],[83.3712449,21.4355115],[83.3713183,21.4361696],[83.3713718,21.4364984],[83.371425,21.4368137],[83.371496,21.4370249],[83.3715858,21.4372087],[83.3717302,21.4374911],[83.3719273,21.4377547],[83.3722161,21.4380124],[83.3728241,21.4389384],[83.3734956,21.440202],[83.3735856,21.4403993],[83.3737019,21.4407363],[83.3738183,21.4410733],[83.3738216,21.4412777],[83.3738249,21.4414795],[83.373823,21.4416601],[83.3737341,21.4421264],[83.3736178,21.4423899],[83.372934,21.4430452],[83.3724628,21.4434311],[83.3719266,21.4436691],[83.371179,21.443964],[83.3706372,21.4441477],[83.36997,21.4443467],[83.3692549,21.4445601],[83.3687473,21.444775],[83.3677558,21.4451953],[83.3668645,21.4455512],[83.3662924,21.4456541],[83.3658205,21.4457013],[83.3656802,21.4457113],[83.3656616,21.4457126],[83.3652441,21.4457052],[83.365237,21.4457051],[83.3652327,21.4457049],[83.3643984,21.4456808],[83.3625032,21.4457346],[83.3622392,21.4458061],[83.3619378,21.4459593],[83.3616369,21.4461441],[83.3612408,21.4463981],[83.3608739,21.4466697],[83.3606554,21.4468758],[83.3600426,21.4471599],[83.3592897,21.4474233],[83.3588428,21.4475244],[83.3572649,21.447759],[83.3562214,21.4478514],[83.3549679,21.4479627],[83.3545008,21.4480145],[83.3543715,21.4480705],[83.3539139,21.4496076],[83.353339,21.4519452],[83.352883,21.4538794],[83.352746,21.4543599],[83.3522676,21.4555043],[83.3520708,21.4558638],[83.3519928,21.4561132],[83.3519197,21.4563625],[83.3515475,21.4578126],[83.3515226,21.4589596],[83.3515082,21.4595692],[83.3514993,21.4599171],[83.3514721,21.4600303],[83.3508956,21.4616728],[83.3507847,21.4619724],[83.3507153,21.4621585],[83.3506714,21.4622606],[83.3505806,21.4624719],[83.3503239,21.4630128],[83.3501267,21.4633405],[83.349891,21.4636824],[83.3497828,21.46386],[83.3495951,21.4641787],[83.3492056,21.464857],[83.3486678,21.4659073],[83.3485657,21.4661617],[83.348428,21.4665924],[83.3483919,21.466751],[83.3483607,21.4669095],[83.3482217,21.4672635],[83.3481143,21.4674863],[83.3476511,21.4683777],[83.3475052,21.4685965],[83.347312,21.4688881],[83.3472287,21.469106],[83.347104,21.4694553],[83.347012,21.469732],[83.3468697,21.4701765],[83.3467066,21.4708379],[83.34655,21.4716032],[83.3465514,21.4716844],[83.3465697,21.4728219],[83.3465785,21.4736795],[83.3465846,21.4743612],[83.3465358,21.4752333],[83.3465075,21.4755632],[83.3463359,21.4766039],[83.3463007,21.4768122],[83.3462051,21.4771657],[83.3459919,21.478013],[83.3457367,21.47924],[83.3457428,21.4796193],[83.3458056,21.4805348],[83.3458931,21.4811747],[83.3461887,21.4824662],[83.3463576,21.4830735],[83.3463827,21.4831317],[83.3465121,21.4833828],[83.3467261,21.483786],[83.3470632,21.4843548],[83.3471181,21.4844713],[83.3471959,21.4848133],[83.3472324,21.4870837],[83.3472328,21.4877158],[83.3471343,21.4884892],[83.347117,21.4886159],[83.3470601,21.4889778],[83.3468348,21.4896627],[83.3466207,21.4901443],[83.3465594,21.4902355],[83.3465026,21.490304],[83.3463505,21.4904461],[83.3461205,21.4906339],[83.3445572,21.492029],[83.3442476,21.492277],[83.3429462,21.4932434],[83.3424869,21.4934847],[83.3419175,21.493777],[83.3417261,21.4938745],[83.3416928,21.4938975],[83.3415117,21.4940446],[83.3414498,21.4940951],[83.3413212,21.4942007],[83.340613,21.4951678],[83.3404253,21.4954911],[83.3395871,21.4967715],[83.3391492,21.4974322],[83.3389524,21.4978051],[83.338812,21.498078],[83.3386093,21.498554],[83.338547,21.4987002],[83.3383717,21.4991992],[83.3382783,21.4999997],[83.3380044,21.5009788],[83.3379434,21.5010744],[83.337836,21.5013018],[83.3378323,21.501672],[83.3378826,21.5021002],[83.3379577,21.5022661],[83.3383399,21.502947],[83.338695,21.5034296],[83.3389868,21.5038771],[83.3392253,21.5043071],[83.3396345,21.5051593],[83.3398775,21.5055712],[83.3401103,21.5059471],[83.3407618,21.506679],[83.3414236,21.507518],[83.3417128,21.5081007],[83.3419289,21.508346],[83.3432397,21.5097543],[83.3442991,21.5105341],[83.3446739,21.5107319],[83.3461184,21.5111631],[83.3471878,21.5113512],[83.3475892,21.5114177],[83.3479427,21.5114941],[83.3485745,21.5117832],[83.3492729,21.5123016],[83.3496209,21.5126489],[83.3501091,21.5136036],[83.3507863,21.5146843],[83.3512297,21.51608],[83.3515411,21.5171456],[83.3515974,21.5173434],[83.3515965,21.5175873],[83.3515779,21.5179262],[83.3517077,21.5197031],[83.3519624,21.5208327],[83.3522255,21.521294],[83.3528719,21.5221788],[83.3531086,21.5225005],[83.3534377,21.5228571],[83.3538972,21.5235277],[83.3542891,21.524195],[83.3544014,21.5245771],[83.3545694,21.5251166],[83.3548223,21.5255419],[83.355029,21.5257962],[83.3554964,21.5263541],[83.3564028,21.527199],[83.3568254,21.5276806],[83.3570926,21.5280832],[83.3571199,21.528584],[83.3570879,21.5288218],[83.3570165,21.5293529],[83.357024,21.5305087],[83.3570264,21.5308563],[83.3570388,21.5310321],[83.3570849,21.5315009],[83.3572041,21.5323074],[83.3572815,21.5338142],[83.3573103,21.5347032],[83.3580216,21.536314],[83.358298,21.536797],[83.3583444,21.5368782],[83.3585446,21.5376158],[83.3586246,21.5380932],[83.3586607,21.5382417],[83.3589878,21.5387743],[83.3592805,21.5389688],[83.3594804,21.5390879],[83.3598999,21.539073],[83.3604155,21.5390251],[83.3609805,21.5390531],[83.3613236,21.539089],[83.3613973,21.5391646],[83.3614377,21.5392814],[83.361408,21.5395302],[83.3613521,21.5396483],[83.3613133,21.5397128],[83.3612863,21.5397576],[83.3612296,21.5397991],[83.3611098,21.5398866],[83.361076,21.5398933],[83.3608405,21.53994],[83.3605999,21.5399841],[83.3603838,21.5400458],[83.3601388,21.540117],[83.3599353,21.5403727],[83.3599745,21.5406972],[83.3600316,21.5409537],[83.3601716,21.5418456],[83.360083,21.542339],[83.3601026,21.5426503],[83.3601443,21.5428483],[83.360421,21.5429528],[83.3606485,21.5429947],[83.3606658,21.5429942],[83.3610297,21.5429848],[83.3611062,21.5435436],[83.3610458,21.5436072],[83.3609497,21.5437082],[83.3609068,21.5440429],[83.3609858,21.5441547],[83.3614941,21.5445493],[83.3621301,21.5447976],[83.3624112,21.5448659],[83.3627055,21.5448527],[83.36351,21.5447645],[83.3640705,21.5448153],[83.3642665,21.5449977],[83.3644881,21.5452698],[83.364578,21.5454583],[83.3645753,21.5455982],[83.3645632,21.5457383],[83.3645319,21.5458922],[83.3644514,21.5461499],[83.3644355,21.5462006],[83.3644368,21.5468688],[83.3645071,21.5470438],[83.3646286,21.5470874],[83.3647871,21.5470489],[83.3649055,21.5469118],[83.3651047,21.5466922],[83.3653198,21.5465719],[83.3655019,21.5464925],[83.3659608,21.5465266],[83.3661991,21.5466316],[83.3663104,21.5469461],[83.3663333,21.547167],[83.3663134,21.547429],[83.3663047,21.5474693],[83.3662371,21.5477823],[83.3661896,21.5481262],[83.3662082,21.5483831],[83.366292,21.5484903],[83.3663107,21.5484997],[83.3665644,21.5486264],[83.3668451,21.5486721],[83.3673717,21.5490077],[83.3675037,21.5491097],[83.3676215,21.5492345],[83.3676616,21.5493241],[83.3676346,21.5494464],[83.3674776,21.5495841],[83.3673537,21.5496807],[83.3670989,21.549743],[83.3668481,21.5497509],[83.366458,21.5498017],[83.366444,21.5498069],[83.3661414,21.5499191],[83.3659892,21.5500477],[83.3659143,21.5501977],[83.3659048,21.5505048],[83.3659822,21.5508107],[83.3661895,21.5510921],[83.3665121,21.5513495],[83.3677731,21.5517334],[83.368647,21.5517616],[83.3692792,21.5519836],[83.3699865,21.5525236],[83.3701789,21.5527782],[83.3701736,21.5530401],[83.3701079,21.5531585],[83.3699487,21.5531651],[83.3697153,21.5530512],[83.3695979,21.5529535],[83.3695941,21.5529541],[83.3693715,21.5529883],[83.3692996,21.5533053],[83.3692707,21.5539108],[83.36922,21.5552388],[83.3693603,21.555562],[83.3697802,21.5564588],[83.3699591,21.5564834],[83.3700928,21.5563867],[83.3709176,21.5563614],[83.3712418,21.5567089],[83.3720083,21.5572488],[83.372911,21.5578545],[83.3731622,21.5581624],[83.3731895,21.5583561],[83.3731251,21.5585558],[83.3721738,21.5593726],[83.3716516,21.5590553],[83.3716814,21.558811],[83.3716592,21.5586353],[83.3715403,21.5584383],[83.3713307,21.5583149],[83.3711751,21.5582494],[83.3709048,21.5582443],[83.370722,21.5582739],[83.3704694,21.5584761],[83.370329,21.5587491],[83.3702522,21.5590616],[83.3703046,21.5596162],[83.3703476,21.5598819],[83.3704492,21.5604945],[83.3706539,21.5606225],[83.3712027,21.5612986],[83.3720491,21.5624265],[83.3722088,21.5627494],[83.3721665,21.5631111],[83.3718643,21.5644157],[83.3716925,21.5648335],[83.3714949,21.5651478],[83.3712591,21.5654853],[83.3706197,21.5665327],[83.3704876,21.5667197],[83.3703835,21.5668475],[83.3700943,21.5668652],[83.3700699,21.5668472],[83.369806,21.5666525],[83.3695537,21.5665614],[83.3692997,21.566678],[83.3691779,21.5669053],[83.369184,21.5669775],[83.3692601,21.5672112],[83.3695473,21.5673651],[83.3695895,21.5673974],[83.3697673,21.5675336],[83.3698863,21.5677305],[83.3698948,21.5679516],[83.3698868,21.5680555],[83.3696394,21.5682758],[83.3694097,21.5684009],[83.3692134,21.5684986],[83.3687996,21.5685721],[83.3683703,21.5685918],[83.3680518,21.5685918],[83.3675988,21.5686344],[83.3674846,21.5687398],[83.3674009,21.5689351],[83.3673497,21.5693467],[83.3668424,21.5704962],[83.3668331,21.5708213],[83.3668308,21.5709793],[83.3672064,21.5712223],[83.3675385,21.5714615],[83.3677843,21.5717333],[83.3678113,21.571909],[83.3677515,21.5720949],[83.3677429,21.5721033],[83.3676185,21.5722232],[83.3674217,21.5722892],[83.3671948,21.572288],[83.366915,21.5722965],[83.3667908,21.5723795],[83.366715,21.5724574],[83.3666173,21.5726844],[83.3666161,21.5729057],[83.3667801,21.5732059],[83.3668017,21.5732861],[83.3668418,21.5734352],[83.3668496,21.5736157],[83.3668415,21.5740131],[83.3667529,21.5741949],[83.366689,21.5743046],[83.3665885,21.5744772],[83.3663361,21.574693],[83.3657435,21.5750535],[83.3652374,21.5753948],[83.3650077,21.5758179],[83.3649751,21.5758906],[83.3649734,21.5760758],[83.3651112,21.5762364],[83.3653839,21.576395],[83.3656805,21.5765218],[83.3659349,21.5767392],[83.3659946,21.5767995],[83.3663668,21.5771756],[83.3664553,21.5772783],[83.366441,21.5775854],[83.3664286,21.5777121],[83.3661843,21.5778194],[83.3659586,21.5778992],[83.3657182,21.5779568],[83.3655266,21.5780409],[83.3654408,21.5781143],[83.365421,21.5783809],[83.3654587,21.5786242],[83.3655493,21.5788531],[83.3665763,21.5808612],[83.3671858,21.5815296],[83.3675687,21.582224],[83.3677776,21.5826048],[83.3678609,21.5829007],[83.3678852,21.582987],[83.3679546,21.5833968],[83.3685471,21.5845035],[83.3687636,21.5847623],[83.3689461,21.584999],[83.3688729,21.5852483],[83.3687504,21.5854306],[83.3686028,21.5855592],[83.3683336,21.5856307],[83.3678468,21.5856648],[83.367353,21.5858839],[83.3671829,21.5861076],[83.3670804,21.5863348],[83.3670676,21.5863637],[83.3669361,21.5866619],[83.3668993,21.5870642],[83.3669622,21.5873748],[83.3670034,21.5875413],[83.3671051,21.5878559],[83.3672494,21.5881203],[83.3676049,21.5883183],[83.368266,21.5885888],[83.368767,21.58883],[83.3689289,21.5889812],[83.3689324,21.5892023],[83.368908,21.5894736],[83.3686934,21.5899461],[83.3683578,21.5903799],[83.367977,21.5907013],[83.3678163,21.5909922],[83.3676628,21.5912701],[83.3677375,21.5917159],[83.3678852,21.5918854],[83.3680733,21.5918737],[83.3683661,21.5917793],[83.3687966,21.5915293],[83.3691361,21.591335],[83.3701361,21.5910859],[83.370455,21.5911039],[83.3705058,21.5912612],[83.3704899,21.5914646],[83.3704098,21.5915876],[83.3702861,21.5917274],[83.3702154,21.5918072],[83.3698984,21.5921998],[83.3695957,21.5925879],[83.369495,21.5929235],[83.3694545,21.5931046],[83.3694782,21.5933661],[83.3701501,21.5943182],[83.3705098,21.594769],[83.3705365,21.5955136],[83.3702472,21.5961317],[83.3699783,21.5963723],[83.369919,21.5964254],[83.3696381,21.5966731],[83.3694812,21.5977001],[83.3694499,21.599046],[83.3695311,21.600178],[83.3696571,21.6005058],[83.3709146,21.6021268],[83.3716236,21.6026809],[83.3724322,21.6031163],[83.3730586,21.6033467],[83.3736051,21.6037],[83.3741041,21.6041082],[83.3742062,21.604215],[83.37516,21.6052128],[83.3771872,21.6069537],[83.3775235,21.6071474],[83.3778874,21.6072597],[83.3782696,21.6073039],[83.3787187,21.6073153],[83.3789333,21.6073308],[83.3790861,21.6073418],[83.3795687,21.6076239],[83.3798859,21.6078315],[83.3801369,21.6081258],[83.3806505,21.6091252],[83.3814741,21.6106288],[83.3815363,21.6107424],[83.3815764,21.6107971],[83.3820054,21.6113812],[83.3823969,21.6122921],[83.382684,21.6130193],[83.3830424,21.6142557],[83.3830177,21.6145269],[83.3828877,21.6151337],[83.3825924,21.6156752],[83.3823774,21.6161072],[83.3822224,21.6172562],[83.3822057,21.6180058],[83.382217,21.6192833],[83.3823501,21.6197419],[83.3826848,21.6201299],[83.3830552,21.6203412],[83.383549,21.620429],[83.3840365,21.6204175],[83.3843592,21.6203632],[83.3847749,21.6201],[83.3851128,21.6198062],[83.3855216,21.619412],[83.3859061,21.6190226],[83.3865263,21.6182689],[83.3870112,21.617797],[83.3874452,21.6174792],[83.3880082,21.6173673],[83.3884713,21.617338],[83.3889751,21.6174437],[83.3894331,21.6176945],[83.389663,21.6178718],[83.3900312,21.6185391],[83.3899975,21.6188465],[83.3899732,21.6191269],[83.3899287,21.620238],[83.3900724,21.6210486],[83.3901049,21.6212092],[83.3901861,21.6216111],[83.3902406,21.6218769],[83.3903179,21.6221737],[83.3904456,21.6226009],[83.3909065,21.6233255],[83.3913041,21.6240106],[83.3915855,21.624977],[83.3916849,21.6254362],[83.3918509,21.6264315],[83.3919728,21.6267043],[83.3920314,21.6268352],[83.3921895,21.627076],[83.3921899,21.6270767],[83.3924639,21.627294],[83.3927451,21.6273667],[83.3929912,21.6273586],[83.3932321,21.6273236],[83.3934118,21.6272468],[83.3935821,21.6271741],[83.3942607,21.6270424],[83.3947286,21.6270132],[83.3947972,21.6270156],[83.395086,21.627026],[83.3955892,21.6270864],[83.3959656,21.6273609],[83.3965933,21.6279422],[83.3968824,21.62821],[83.3976904,21.6288982],[83.3982086,21.6292834],[83.3985603,21.6295221],[83.3989354,21.6297243],[83.3994883,21.6298699],[83.3999262,21.6299464],[83.4001564,21.6299866],[83.4015903,21.6302594],[83.4028231,21.6306478],[83.4034651,21.6309365],[83.4038416,21.63122],[83.4040338,21.631452],[83.404489,21.632109],[83.4049779,21.6327656],[83.4053071,21.6331131],[83.405836,21.6335658],[83.4067654,21.6342882],[83.4073572,21.6347447],[83.408114,21.6355373],[83.4083371,21.6358861],[83.4085009,21.63615],[83.4086616,21.6365315],[83.408823,21.63694],[83.4090736,21.6371982],[83.4091414,21.6372418],[83.4096103,21.6375426],[83.4099464,21.6377183],[83.4104467,21.6378961],[83.4104918,21.6379087],[83.4109076,21.6380249],[83.4114313,21.6381572],[83.4120325,21.6383066],[83.412627,21.6386319],[83.4129149,21.6388129],[83.4138514,21.6396615],[83.4140401,21.6398878],[83.4142308,21.6401165],[83.4147369,21.6406464],[83.4150436,21.6407999],[83.4153492,21.6409262],[83.4155396,21.641005],[83.4158544,21.6410635],[83.4161931,21.6411038],[83.4164105,21.6411097],[83.4169899,21.6411058],[83.4174738,21.6411663],[83.41865,21.6413389],[83.4190667,21.6414231],[83.4195427,21.6415832],[83.4207104,21.6418235],[83.4211799,21.6418934],[83.4218181,21.6419428],[83.4228801,21.6419182],[83.423527,21.6419088],[83.4240541,21.6419553],[83.4243112,21.6420283],[83.4251711,21.6423363],[83.4268952,21.6432026],[83.4275715,21.6435246],[83.4280301,21.6438024],[83.4281775,21.6439537],[83.4282679,21.6441555],[83.4283546,21.6444386],[83.4284251,21.6448981],[83.4284154,21.645467],[83.4284853,21.6464773],[83.4286048,21.6469765],[83.4288407,21.6472259],[83.429212,21.647487],[83.4297687,21.6478536],[83.4302745,21.6480628],[83.4306578,21.6481791],[83.4309444,21.6482697],[83.4312356,21.6483647],[83.4323569,21.6492872],[83.4327388,21.6496023],[83.4340325,21.6501477],[83.4346576,21.6502784],[83.4355467,21.6505949],[83.4359432,21.6509097],[83.4364349,21.6513364],[83.4368792,21.651722],[83.4371159,21.6519263],[83.4374965,21.6522548],[83.4389132,21.6532226],[83.4394698,21.6535846],[83.4402785,21.6540016],[83.4408318,21.6541696],[83.4416425,21.6546993],[83.4420541,21.6550635],[83.4423873,21.6553385],[83.4426491,21.6554068],[83.4428374,21.6554041],[83.443043,21.655341],[83.4430537,21.6553377],[83.4431779,21.6552591],[83.4441888,21.6547837],[83.4456812,21.6542245],[83.4459642,21.654112],[83.4466313,21.6537008],[83.446662,21.6536819],[83.4468661,21.6534623],[83.4473403,21.6529496],[83.4484557,21.6520889],[83.4493413,21.6515477],[83.4506376,21.6508965],[83.4507559,21.6507457],[83.4507436,21.650597],[83.4505711,21.6503919],[83.4503199,21.6500976],[83.4499468,21.649453],[83.4498024,21.6491889],[83.4496947,21.6479626],[83.4497341,21.6477226],[83.4497643,21.6475056],[83.4496711,21.6471276],[83.4490759,21.6459175],[83.4481474,21.6441164],[83.4476497,21.6432389],[83.4473937,21.6429448],[83.4471897,21.6428755],[83.4471541,21.6428796],[83.4468716,21.6429118],[83.4461776,21.6426164],[83.4453579,21.6416339],[83.4450097,21.6410206],[83.4447416,21.6402978],[83.4443818,21.6392873],[83.4443788,21.6391202],[83.4444289,21.6390653],[83.4449993,21.6383979],[83.4447251,21.6373139],[83.4441174,21.6362078],[83.4438734,21.6357734],[83.4436381,21.635784],[83.4433555,21.634833],[83.4431838,21.6340952],[83.4429713,21.6316559],[83.4435464,21.6310432],[83.444104,21.6308222],[83.4444727,21.6306407],[83.4445628,21.63054],[83.4446284,21.6304262],[83.4446399,21.630241],[83.4445465,21.6298541],[83.4444885,21.6295795],[83.4444758,21.6291057],[83.444657,21.6281053],[83.4445286,21.6276468],[83.4445345,21.6274301],[83.4445859,21.6270365],[83.4448533,21.6265675],[83.4449121,21.626341],[83.4449417,21.6260923],[83.4449212,21.6257314],[83.4445253,21.6251548],[83.4443373,21.6248912],[83.4441312,21.6246957],[83.4440127,21.6245394],[83.4440017,21.6244871],[83.4439708,21.6243413],[83.4439725,21.6241969],[83.4439728,21.6241698],[83.4439748,21.6240027],[83.4440883,21.6238702],[83.4441843,21.6238235],[83.4449428,21.6237781],[83.4450813,21.6237698],[83.4454526,21.6237417],[83.4456984,21.6237155],[83.4458159,21.6235676],[83.4458544,21.6235191],[83.4462135,21.6233332],[83.4467593,21.6230633],[83.4476302,21.622888],[83.4482558,21.6227705],[83.4487661,21.6226726],[83.450187,21.6221913],[83.4504855,21.6221371],[83.4507141,21.6222376],[83.4508706,21.6223573],[83.4509322,21.6224499],[83.4510341,21.6226032],[83.4512955,21.6226489],[83.4519135,21.6226488],[83.4522313,21.622599],[83.4524695,21.6224149],[83.4525971,21.6216726],[83.452627,21.6214419],[83.4526727,21.6210034],[83.4526436,21.6201326],[83.4524698,21.618704],[83.4522758,21.6169252],[83.4526214,21.6145259],[83.4522652,21.6128699],[83.452335,21.6127199],[83.4538185,21.6125173],[83.4545608,21.6124476],[83.4556289,21.6116599],[83.4553891,21.6109021],[83.4552717,21.610812],[83.4552355,21.6106635],[83.4554441,21.6104392],[83.4561078,21.6099961],[83.4574261,21.6097329],[83.4586493,21.6095568],[83.4592026,21.6094537],[83.4593988,21.6093515],[83.4600591,21.6087097],[83.4602583,21.6079304],[83.4603339,21.6078435],[83.460476,21.6078199],[83.4606036,21.6077988],[83.4610188,21.6078016],[83.4613349,21.607937],[83.4620351,21.608229],[83.4629147,21.6085772],[83.4641235,21.6089746],[83.4650849,21.6090191],[83.4655589,21.6090616],[83.4659576,21.6092363],[83.4661585,21.6094413],[83.4662671,21.6095522],[83.4664763,21.6099283],[83.4664573,21.6102356],[83.4664886,21.6112238],[83.4665559,21.6114937],[83.4675132,21.612432],[83.4677423,21.612564],[83.467747,21.6125658],[83.4680194,21.6126683],[83.4681607,21.6130274],[83.46838,21.6137239],[83.468539,21.6142722],[83.4686495,21.6150877],[83.4686262,21.61572],[83.4685623,21.616782],[83.4685507,21.6169027],[83.4692533,21.6179589],[83.4694635,21.6183892],[83.4695891,21.6192495],[83.4695825,21.6205679],[83.4697062,21.6210265],[83.4698646,21.6215433],[83.4707956,21.6237641],[83.4714473,21.6251765],[83.4716477,21.6256069],[83.4718261,21.6255906],[83.4719652,21.6255817],[83.4721926,21.6255671],[83.472765,21.6262899],[83.4731857,21.6268976],[83.4734883,21.6273671],[83.4735877,21.6278216],[83.4736971,21.6285785],[83.4738067,21.6293397],[83.4737848,21.6294665],[83.4734194,21.6295622],[83.47335,21.6303082],[83.4737168,21.6302936],[83.4737375,21.6312323],[83.4734058,21.6313185],[83.4734122,21.6314088],[83.4735015,21.6320819],[83.4735562,21.6324946],[83.4742145,21.6323086],[83.4747152,21.6321224],[83.4758074,21.6317161],[83.4771795,21.631199],[83.4778919,21.6310711],[83.4782647,21.6311332],[83.4806682,21.6307904],[83.4814478,21.6306343],[83.4835254,21.6304407],[83.4861942,21.6300894],[83.4871012,21.6300485],[83.4882749,21.6300718],[83.4887714,21.6303125],[83.4890519,21.6306154],[83.4894727,21.6312229],[83.489612,21.6314647],[83.4896244,21.6319069],[83.4895112,21.632342],[83.4893856,21.6331836],[83.4893338,21.6338254],[83.4894577,21.6345683],[83.4895496,21.634865],[83.4900023,21.6353592],[83.490878,21.6360277],[83.491671,21.6366569],[83.4916862,21.6366882],[83.4918663,21.6370603],[83.4919425,21.6372804],[83.4920008,21.6375774],[83.491929,21.6381835],[83.4917099,21.6383582],[83.4914793,21.6384339],[83.4904462,21.6387203],[83.4891486,21.6390738],[83.4880481,21.6393747],[83.487425,21.6396458],[83.4871444,21.6398983],[83.4870132,21.6401349],[83.4868917,21.6409314],[83.4868868,21.6409727],[83.486761,21.642044],[83.486715,21.6427398],[83.4866126,21.6441297],[83.4865464,21.6441599],[83.4860064,21.6442086],[83.4855478,21.6442154],[83.4846912,21.6443818],[83.484483,21.6444415],[83.483927,21.6446009],[83.4818117,21.6451381],[83.4809614,21.6453945],[83.4794738,21.6459405],[83.4785947,21.6462064],[83.476504,21.6467838],[83.4741146,21.6474018],[83.4714964,21.6481946],[83.4697623,21.6487261],[83.4686011,21.6491633],[83.4680764,21.6494372],[83.4658058,21.6506222],[83.4625945,21.6521178],[83.4618958,21.6524726],[83.461667,21.6525887],[83.4597492,21.6534073],[83.4568107,21.6544033],[83.4558916,21.654593],[83.4538907,21.6553585],[83.4508885,21.6563102],[83.448133,21.657538],[83.4481329,21.657538],[83.4481328,21.6575381],[83.4481326,21.6575382],[83.4469565,21.6582462],[83.4458505,21.6588182],[83.4448356,21.6593429],[83.4424826,21.6612872],[83.4405595,21.6632296],[83.4391739,21.6652679],[83.4384413,21.666502],[83.4378859,21.667368],[83.4362837,21.6694502],[83.4353374,21.6706153],[83.4332911,21.672433],[83.431273,21.6742097],[83.4289753,21.6760085],[83.4278376,21.676725],[83.4260225,21.6775715],[83.42432,21.6783655],[83.4219703,21.6793841],[83.4206222,21.6799273],[83.4188271,21.6806082],[83.4188019,21.68083],[83.4194577,21.6822152],[83.4205545,21.6842578],[83.4214124,21.6856746],[83.4218834,21.6866085],[83.4221564,21.6870469],[83.4226208,21.6873225],[83.4228963,21.6874397],[83.4232103,21.6874397],[83.4234422,21.6873222],[83.4233582,21.6878509],[83.4230102,21.688136],[83.4228906,21.6884944],[83.4228675,21.6888377],[83.4230581,21.6892593],[83.4232513,21.6895455],[83.4236722,21.6898933],[83.4239505,21.6901805],[83.4241865,21.6905826],[83.4242081,21.6907278],[83.4242038,21.6910439],[83.424209,21.6913599],[83.424217,21.6915448],[83.4247501,21.6922278],[83.4253912,21.6933064],[83.4256434,21.6936503],[83.4262399,21.6937905],[83.4267815,21.6938277],[83.4272315,21.6938753],[83.4278126,21.693957],[83.4280558,21.6940573],[83.4283673,21.6941883],[83.4288236,21.694624],[83.4291891,21.6950925],[83.4296362,21.6957672],[83.4297444,21.6959468],[83.4298949,21.6965676],[83.4300882,21.6971471],[83.4301847,21.6974301],[83.4304663,21.6978006],[83.4308434,21.6981067],[83.4309062,21.6981656],[83.4312352,21.6989883],[83.4314246,21.699633],[83.4316465,21.6999052],[83.4319325,21.6999597],[83.4326853,21.6999857],[83.4331346,21.6999946],[83.4334729,21.6999945],[83.4339947,21.6999537],[83.4346701,21.6998788],[83.436173,21.699631],[83.439001,21.6991741],[83.4407693,21.6988997],[83.4423615,21.6985015],[83.4426588,21.6983752],[83.4430017,21.6980858],[83.4433051,21.6978069],[83.4433062,21.697806],[83.4442279,21.6974674],[83.4449275,21.6973094],[83.4454696,21.6971872],[83.4470867,21.6968383],[83.4475309,21.6966872],[83.4482106,21.696456],[83.449396,21.6960006],[83.4503803,21.6956474],[83.4511982,21.6954639],[83.4516952,21.6954248],[83.4522129,21.6954713],[83.452217,21.6954734],[83.4528558,21.6957869],[83.4542424,21.6964182],[83.4546229,21.6965913],[83.4558134,21.6970026],[83.4573887,21.6976023],[83.4592973,21.6984904],[83.4591972,21.6991374],[83.4591344,21.6994228],[83.4591406,21.6997884],[83.4596619,21.7026021],[83.4599765,21.704349],[83.4604345,21.7062834],[83.4606357,21.7067544],[83.4608261,21.7071489],[83.460986,21.7077469],[83.4609839,21.7084738],[83.4610237,21.7088253],[83.461062,21.7090865],[83.4627096,21.7108047],[83.4644207,21.712278],[83.4656237,21.7131314],[83.4663494,21.7137616],[83.466478,21.7139001],[83.4672009,21.7146789],[83.4676371,21.7150471],[83.4678747,21.7150977],[83.4680829,21.7151262],[83.4683393,21.7151494],[83.4685726,21.7152273],[83.4689112,21.7154482],[83.4689243,21.7154568],[83.4692757,21.7159481],[83.4708621,21.7177482],[83.4720638,21.7190801],[83.4728183,21.7199761],[83.473356,21.7206363],[83.4735865,21.7211203],[83.4739645,21.7223111],[83.4741745,21.7229986],[83.4745114,21.724059],[83.4752401,21.725416],[83.4762736,21.7267999],[83.4770233,21.7279805],[83.4775851,21.7289111],[83.4778266,21.7294673],[83.4778816,21.7298547],[83.4778722,21.73024],[83.4778702,21.7303197],[83.4778403,21.7305416],[83.4782573,21.73063],[83.4797539,21.7308909],[83.480678,21.7309232],[83.4812953,21.7311261],[83.4814743,21.7314259],[83.4815619,21.7317407],[83.481515,21.7321115],[83.4813279,21.7324665],[83.4810663,21.7327098],[83.4806415,21.7330139],[83.4801955,21.7334902],[83.4801651,21.7336394],[83.480142,21.7337527],[83.4801793,21.7339553],[83.4806416,21.7344269],[83.4809924,21.7348777],[83.4812439,21.7354517],[83.4816908,21.7370576],[83.4816574,21.7381496],[83.481744,21.7384102],[83.4823737,21.7390643],[83.4827566,21.7391308],[83.4834067,21.7398524],[83.4835781,21.7408204],[83.4838802,21.741809],[83.4851991,21.7451658],[83.4853693,21.7452311],[83.4855772,21.745237],[83.4856297,21.745228],[83.4869925,21.7452067],[83.4878081,21.7448649],[83.4879225,21.7447117],[83.4879309,21.7447005],[83.4881714,21.7446427],[83.4884668,21.7446788],[83.4887737,21.7448277],[83.4893152,21.7453929],[83.4893871,21.7456446],[83.4893578,21.7459069],[83.4892545,21.7460943],[83.4891971,21.7461985],[83.4886877,21.7471223],[83.4882709,21.7478698],[83.4880455,21.748274],[83.4874436,21.7489513],[83.4866956,21.7492965],[83.484627,21.7501086],[83.4833604,21.7503624],[83.481905,21.7505919],[83.4813133,21.7507362],[83.4805344,21.7509781],[83.4795877,21.7512766],[83.4779524,21.7514412],[83.4770603,21.7515538],[83.4766707,21.75165],[83.4762237,21.752081],[83.4760548,21.752377],[83.4759892,21.7527752],[83.4759892,21.7527767],[83.4759957,21.7534342],[83.4761489,21.7539149],[83.4764989,21.7546003],[83.4772122,21.7564677],[83.478293,21.7580586],[83.4792615,21.759579],[83.4798651,21.760387],[83.4809393,21.7615852],[83.4815919,21.7624467],[83.482003,21.7635962],[83.4821163,21.7642692],[83.4821538,21.7644923],[83.4822518,21.7651318],[83.4821777,21.7655979],[83.4814094,21.7672887],[83.4802701,21.7690484],[83.4795751,21.7705079],[83.4789986,21.7723901],[83.4787121,21.774006],[83.4786578,21.774203],[83.4784744,21.774867],[83.4783254,21.7754066],[83.4781875,21.7758974],[83.4781638,21.7759818],[83.4778107,21.7772382],[83.4772283,21.7787817],[83.4761656,21.780784],[83.4749686,21.7825761],[83.4734476,21.7840705],[83.472852,21.784567],[83.4714746,21.7857027],[83.4703824,21.7865587],[83.4696074,21.7870261],[83.4693554,21.7872691],[83.4693942,21.787562],[83.4696147,21.7877349],[83.4698448,21.7878027],[83.4699645,21.787838],[83.4701911,21.787803],[83.4703919,21.7876826],[83.4706205,21.787476],[83.470894,21.7873545],[83.4710624,21.7873159],[83.4713389,21.7873705],[83.4722462,21.7875943],[83.4725456,21.7878399],[83.4723861,21.7881223],[83.4723846,21.7883119],[83.4724561,21.7885365],[83.4725899,21.7887285],[83.4729008,21.7890987],[83.4729797,21.7891923],[83.4731456,21.7892801],[83.4739785,21.7896558],[83.4747884,21.7904156],[83.4754091,21.7910017],[83.4754658,21.7912587],[83.4757477,21.7913448],[83.4762437,21.7912426],[83.4765653,21.7911023],[83.4769102,21.7906502],[83.4776143,21.7908292],[83.4784436,21.7915526],[83.4797269,21.7916914],[83.4804429,21.7920102],[83.4810083,21.7925705],[83.4819148,21.7927149],[83.4828192,21.7933107],[83.4836513,21.7941875],[83.4842469,21.7952757],[83.4845947,21.7959113],[83.4853871,21.7967345],[83.486215,21.797652],[83.4864815,21.7988126],[83.4871222,21.8003605],[83.4873517,21.8021718],[83.4872467,21.8029346],[83.4870467,21.8043883],[83.4875392,21.8060376],[83.487803,21.8073066],[83.488182,21.8076983],[83.4901862,21.8089817],[83.4915013,21.8098241],[83.4927289,21.8114894],[83.4937364,21.8129955],[83.493844,21.8133094],[83.4939196,21.8135298],[83.4939778,21.8138224],[83.4940312,21.8141151],[83.4939822,21.8146349],[83.4936278,21.8156559],[83.493475,21.8160511],[83.4929595,21.8167089],[83.4926791,21.816984],[83.4923771,21.8172804],[83.4920756,21.8175934],[83.4924455,21.8180123],[83.4929061,21.8183664],[83.4933066,21.8181867],[83.4936976,21.8180113],[83.4951671,21.8168877],[83.4952901,21.8167278],[83.4960704,21.8157274],[83.4973537,21.8144621],[83.498145,21.8138136],[83.4985921,21.8136714],[83.5009325,21.8117882],[83.5053208,21.8083599],[83.5059279,21.8079625],[83.507827,21.8068051],[83.5100925,21.8056059],[83.5130108,21.804415],[83.5135917,21.8042608],[83.5148243,21.8039338],[83.5151231,21.8038545],[83.5158289,21.803582],[83.5160493,21.8031905],[83.5173609,21.8021773],[83.5184313,21.8017457],[83.5195685,21.8015388],[83.5203344,21.801387],[83.5205933,21.8012658],[83.5209118,21.8009585],[83.5209688,21.8008929],[83.5214093,21.8003866],[83.5221087,21.7997439],[83.5225917,21.7994476],[83.523467,21.799195],[83.5251376,21.7985375],[83.525868,21.7982961],[83.5260558,21.798409],[83.5261612,21.7984723],[83.5266589,21.7988208],[83.5271009,21.7991304],[83.5280106,21.7994596],[83.5287033,21.7995483],[83.529228,21.7994183],[83.5294001,21.7993051],[83.5303555,21.7990126],[83.5307921,21.7990286],[83.5329721,21.7990269],[83.5335898,21.7989992],[83.534646,21.7989518],[83.5351841,21.7989277],[83.5358797,21.7988965],[83.5379174,21.7990503],[83.5385233,21.7990182],[83.5391247,21.7989865],[83.5404261,21.7990522],[83.5410446,21.7993137],[83.541609,21.7997925],[83.5418489,21.8002402],[83.5418991,21.8006186],[83.5416065,21.8010204],[83.5413963,21.8013462],[83.5413947,21.8013486],[83.5414099,21.8019308],[83.5416083,21.8024965],[83.5421735,21.803724],[83.5421965,21.803774],[83.5425013,21.8046089],[83.5427714,21.8053992],[83.5427337,21.8057293],[83.5424779,21.8060221],[83.5419051,21.8064328],[83.5413379,21.8068928],[83.5408022,21.8077588],[83.5403851,21.8082392],[83.5398487,21.8085228],[83.5394568,21.8087726],[83.5392012,21.8093544],[83.5388927,21.8099549],[83.5380625,21.8113898],[83.537471,21.8126672],[83.5374058,21.8130791],[83.5374183,21.8148846],[83.5376114,21.8154188],[83.5378283,21.8156991],[83.5383189,21.8163332],[83.5387351,21.8169138],[83.5392167,21.8181748],[83.5398514,21.8207156],[83.540102,21.8220434],[83.538793,21.8226548],[83.5384863,21.8228086],[83.5364088,21.823987],[83.5348227,21.8250587],[83.5342458,21.8252437],[83.5333688,21.825406],[83.5325914,21.8254712],[83.5323114,21.8254946],[83.5317643,21.8257152],[83.5311936,21.8262521],[83.5307064,21.826869],[83.5304525,21.8275545],[83.5305616,21.8285278],[83.5310576,21.8297932],[83.5318546,21.8309354],[83.5318711,21.830959],[83.5323679,21.8314389],[83.5327071,21.8317586],[83.5339513,21.8323987],[83.5366874,21.8345685],[83.5382043,21.8358678],[83.5400779,21.8373647],[83.541631,21.8382571],[83.5422093,21.838445],[83.5426523,21.838589],[83.5435952,21.8385879],[83.5448706,21.8385276],[83.545074,21.8385436],[83.5456404,21.8385881],[83.5460278,21.8386226],[83.5465091,21.8387687],[83.5470358,21.8390269],[83.5476731,21.8395181],[83.5482976,21.8398334],[83.5489507,21.8401348],[83.5507152,21.8406583],[83.5517703,21.8407141],[83.5539451,21.8403871],[83.5549416,21.8398661],[83.5564641,21.8392963],[83.558655,21.8385175],[83.5606567,21.8379718],[83.5627531,21.8375916],[83.5631849,21.8373999],[83.5644443,21.8367122],[83.565496,21.8349951],[83.565552,21.8348487],[83.565762,21.8346965],[83.5666714,21.8341813],[83.5674229,21.8337587],[83.568481,21.8331735],[83.5690246,21.833025],[83.5695376,21.8330533],[83.570034,21.833235],[83.5702421,21.8332454],[83.5706389,21.8329954],[83.5710729,21.8326637],[83.5713142,21.8323664],[83.5716323,21.832041],[83.5719594,21.8319456],[83.5738408,21.8314423],[83.5751903,21.831209],[83.5761472,21.8311896],[83.5769131,21.8312995],[83.5779032,21.8317851],[83.578853,21.8324474],[83.5788318,21.8325661],[83.5787875,21.8328044],[83.5787105,21.8331953],[83.5783523,21.8350466],[83.578032,21.8369302],[83.5779116,21.8375188],[83.5786996,21.8377111],[83.5797054,21.8378854],[83.5799608,21.8379132],[83.5807903,21.8379846],[83.5811363,21.8380639],[83.5814526,21.8381743],[83.5818172,21.838687],[83.5822786,21.8394049],[83.5829592,21.8403974],[83.5830632,21.8405492],[83.5834584,21.8409995],[83.5839359,21.8414469],[83.5842836,21.8416571],[83.5846895,21.8418937],[83.5850224,21.8420875],[83.5856853,21.8424578],[83.58608,21.8427231],[83.5870807,21.8435197],[83.5877128,21.8443721],[83.5882703,21.8453324],[83.5883675,21.8454999],[83.5887039,21.8463513],[83.5891151,21.8473923],[83.589357,21.8479737],[83.5898963,21.8492698],[83.5899974,21.8495128],[83.5907777,21.8509055],[83.5907778,21.8509055],[83.5908875,21.8511013],[83.5899475,21.8528324],[83.5893864,21.854278],[83.5891034,21.8547485],[83.5888933,21.8550978],[83.5873574,21.8572947],[83.5857373,21.8597741],[83.5849681,21.8608229],[83.5831248,21.8635412],[83.5818597,21.865315],[83.5804047,21.8671524],[83.5789813,21.8688733],[83.5773749,21.8705634],[83.5761346,21.8719046],[83.5751269,21.873422],[83.5742166,21.8751038],[83.5749064,21.8759754],[83.5752583,21.8764158],[83.5756784,21.8772411],[83.575815,21.8775959],[83.5759812,21.8781272],[83.5761381,21.8788433],[83.5764148,21.8802071],[83.5764026,21.8803683],[83.576395,21.880469],[83.5763654,21.8808602],[83.5763687,21.8817354],[83.5764355,21.882373],[83.5766197,21.8825572],[83.5768908,21.8827433],[83.5772339,21.882949],[83.5779601,21.8831039],[83.5785815,21.8831981],[83.5791195,21.8831371],[83.5801332,21.8829913],[83.5805395,21.8829772],[83.5807066,21.8830664],[83.5808082,21.883267],[83.5808168,21.8835152],[83.5807464,21.8838296],[83.5807416,21.8838444],[83.5806108,21.8842463],[83.5803626,21.8847194],[83.5800756,21.8852007],[83.5794867,21.886181],[83.5791227,21.8866472],[83.5790529,21.886723],[83.5786015,21.8872138],[83.5780991,21.8878124],[83.5778696,21.8881776],[83.5777774,21.8883244],[83.5777364,21.8886258],[83.5777229,21.8887835],[83.5777425,21.8889779],[83.5778339,21.8892008],[83.577989,21.8893845],[83.5782095,21.8894569],[83.5784209,21.8895109],[83.5791434,21.8896251],[83.5800988,21.8896946],[83.5805336,21.8897082],[83.5812134,21.8897855],[83.5815453,21.889851],[83.5818358,21.890033],[83.5821293,21.8902963],[83.5824551,21.8908173],[83.5825979,21.8910535],[83.5829714,21.8916717],[83.5833369,21.8921531],[83.583656,21.8925566],[83.5839751,21.8928461],[83.5839921,21.8928614],[83.5842597,21.8929888],[83.5845099,21.893039],[83.5848766,21.8930647],[83.5852568,21.8931403],[83.5858382,21.8932878],[83.5862153,21.8934895],[83.5865423,21.8937626],[83.5867772,21.8940472],[83.5870847,21.8945318],[83.5872068,21.8950847],[83.5872235,21.8956039],[83.5872122,21.8956856],[83.5871944,21.8958152],[83.5871106,21.8960843],[83.5870015,21.8964022],[83.586186,21.8979643],[83.5855376,21.8990021],[83.5852322,21.8996409],[83.5852312,21.899889],[83.58525,21.9003179],[83.5853233,21.9008925],[83.5855593,21.9015335],[83.5859657,21.902133],[83.5863587,21.902475],[83.5869131,21.9027482],[83.5871485,21.9028116],[83.5886427,21.902996],[83.5894911,21.9030994],[83.5902516,21.9032368],[83.5908768,21.9033808],[83.5913326,21.9035211],[83.5916426,21.9037035],[83.5920367,21.9037974],[83.5927195,21.9037529],[83.5928992,21.903716],[83.5930864,21.903571],[83.5932155,21.9034293],[83.5937305,21.9033227],[83.5943592,21.9033132],[83.5946997,21.9034285],[83.594947,21.9036005],[83.5949754,21.9036318],[83.5952438,21.9039269],[83.5955746,21.9044481],[83.5956009,21.9044963],[83.5960102,21.9052467],[83.596333,21.9057],[83.5965659,21.9058672],[83.5970025,21.9060026],[83.5973363,21.9060004],[83.5976188,21.9059116],[83.5978545,21.9057541],[83.5980533,21.9055281],[83.598792,21.9053629],[83.5992655,21.9059862],[83.599435,21.9061876],[83.5995477,21.9063215],[83.5997839,21.9065565],[83.600432,21.9071563],[83.6008737,21.9074904],[83.6013088,21.9077183],[83.6013129,21.9077205],[83.6018868,21.9079895],[83.6026372,21.9083523],[83.6029364,21.9085752],[83.6030912,21.9087768],[83.6030952,21.9087852],[83.6033257,21.9092824],[83.6035909,21.9097255],[83.6043541,21.9107744],[83.6048607,21.9116331],[83.6052907,21.9124586],[83.6055297,21.9129824],[83.6058795,21.9139326],[83.6059233,21.9141184],[83.6058605,21.9143247],[83.6057634,21.9145437],[83.6055884,21.9147838],[83.6053768,21.9149417],[83.6050628,21.9151383],[83.6050429,21.9151481],[83.6044316,21.9154501],[83.6039174,21.9157281],[83.6034787,21.9160801],[83.6019532,21.9176096],[83.6015654,21.9180616],[83.6015219,21.9181454],[83.6013778,21.9184232],[83.6012985,21.9187104],[83.6012677,21.9191925],[83.6012292,21.9195977],[83.6010935,21.9200145],[83.6009337,21.9204262],[83.6008053,21.9207439],[83.6006687,21.9210027],[83.6003324,21.9215191],[83.6000589,21.9218466],[83.5998695,21.9220735],[83.599425,21.9224703],[83.5990418,21.9227241],[83.5986818,21.9228158],[83.5974095,21.9234469],[83.596618,21.9237972],[83.5958416,21.9249315],[83.5956193,21.92513],[83.5948732,21.9255973],[83.5941212,21.925902],[83.5937635,21.9261066],[83.5936406,21.9261897],[83.5934918,21.9264441],[83.593333,21.9267157],[83.5929154,21.9273973],[83.5924691,21.9280739],[83.5915596,21.9288987],[83.5912884,21.9291185],[83.5908549,21.929457],[83.5903558,21.9297038],[83.5894767,21.929866],[83.5869539,21.9304226],[83.5854879,21.9306629],[83.5850514,21.9307169],[83.5831689,21.930989],[83.5806219,21.9315406],[83.5786895,21.9318703],[83.5757043,21.9323449],[83.5729701,21.9328383],[83.5696368,21.9333146],[83.5663131,21.933791],[83.5641117,21.9342412],[83.5610534,21.9347456],[83.5582086,21.9352048],[83.5567208,21.9353451],[83.5567425,21.9354492],[83.5567757,21.9355758],[83.5568886,21.9360073],[83.5572105,21.9371013],[83.5574524,21.9377462],[83.5576693,21.9383244],[83.5578416,21.9388018],[83.5579206,21.9393403],[83.5579196,21.9394008],[83.5579042,21.9404181],[83.5579975,21.9411645],[83.5581674,21.9417365],[83.5588038,21.9438251],[83.5591467,21.9450458],[83.5593397,21.9454694],[83.5598978,21.9459909],[83.560575,21.9465781],[83.5610352,21.9471516],[83.5616915,21.948009],[83.5597399,21.9497321],[83.5587857,21.9503933],[83.5581067,21.9508798],[83.5571527,21.951735],[83.5562926,21.9525064],[83.5555314,21.9529913],[83.5549771,21.953115],[83.5544576,21.9531987],[83.5540224,21.9533972],[83.5534441,21.9537144],[83.5528916,21.9541673],[83.5520402,21.9547766],[83.550904,21.9553618],[83.5496029,21.9563766],[83.5482266,21.9574935],[83.5456157,21.959464],[83.544381,21.9603268],[83.54385,21.960681],[83.5420404,21.9621137],[83.5417483,21.9623962],[83.5412367,21.9631479],[83.5405685,21.9641804],[83.5395293,21.9653449],[83.5390108,21.9659882],[83.5380985,21.9681073],[83.537961,21.9685961],[83.5378064,21.9693823],[83.5379126,21.969989],[83.5380221,21.9704561],[83.5380239,21.9704615],[83.5381923,21.9709826],[83.5382291,21.9710964],[83.5385451,21.9718295],[83.5385566,21.9725471],[83.5385122,21.9727852],[83.5379228,21.9749517],[83.537595,21.9760996],[83.5372163,21.9773548],[83.5371581,21.9779581],[83.5372105,21.9781938],[83.5375396,21.9793783],[83.5380446,21.9804897],[83.5383442,21.980902],[83.5390152,21.9817508],[83.5417154,21.9851118],[83.5432278,21.9869601],[83.5435021,21.9875265],[83.5435457,21.9876164],[83.5435759,21.9881629],[83.5434432,21.9898474],[83.5432327,21.9915392],[83.543084,21.9932864],[83.5433074,21.9938505],[83.543919,21.9945582],[83.5448708,21.9954084],[83.5454639,21.9958855],[83.5458474,21.9962275],[83.5471336,21.9974501],[83.5479002,21.9985535],[83.5480891,21.9989612],[83.5485713,22.0000023],[83.5500656,22.0006246],[83.5518498,22.0020652],[83.5530545,22.0032545],[83.5535154,22.0038793],[83.5536495,22.004061],[83.5537778,22.0042842],[83.5542484,22.0051022],[83.5549042,22.0061897],[83.5555163,22.0069884],[83.5561517,22.0078175],[83.5551269,22.008581],[83.5544926,22.0090053],[83.5533343,22.0098876],[83.5520445,22.0109899],[83.5506336,22.0121316],[83.5489405,22.0135169],[83.5474646,22.0147265],[83.5463014,22.0158072],[83.5456479,22.0164205],[83.5437731,22.0181133],[83.5423499,22.0191389],[83.5410726,22.0201404],[83.5403182,22.020914],[83.5400678,22.0212724],[83.539787,22.0216743],[83.5393481,22.0226124],[83.5389547,22.0238672],[83.5382945,22.0257435],[83.537944,22.0264308],[83.5376604,22.0267496],[83.5373849,22.0269377],[83.5367522,22.0280793],[83.5364684,22.0296025],[83.5364433,22.0302336],[83.536525,22.0320443],[83.5366134,22.0341755],[83.5367202,22.0359553],[83.5366788,22.0368611],[83.5366366,22.0377987],[83.5365595,22.03957],[83.5366232,22.0409247],[83.5366962,22.0417066],[83.5367206,22.0434846],[83.5369611,22.0445408],[83.5371615,22.0450504],[83.5378857,22.0465093],[83.5389881,22.0489327],[83.5395331,22.0496029],[83.5398851,22.0500569],[83.540191,22.0506093],[83.5415341,22.0530829],[83.5416962,22.0533886],[83.5420502,22.0541494],[83.5430569,22.0559392],[83.5437383,22.0569686],[83.5441567,22.0574781],[83.5443788,22.0576995],[83.5452015,22.0576987],[83.5465596,22.058174],[83.5467191,22.0581819],[83.5469062,22.0582491],[83.5471067,22.0583616],[83.5472864,22.0585323],[83.5475626,22.0589216],[83.5476653,22.0590771],[83.5478086,22.0591524],[83.5479918,22.0591788],[83.5482547,22.0591167],[83.5484579,22.0589224],[83.5485746,22.0586948],[83.5485978,22.058542],[83.5485435,22.0583874],[83.5484298,22.0582813],[83.5483843,22.0582599],[83.5481284,22.0581395],[83.5476906,22.058031],[83.5474947,22.0579321],[83.5472278,22.0577596],[83.5469778,22.0574927],[83.5468814,22.0572786],[83.5468843,22.0571569],[83.5468977,22.0570038],[83.5470817,22.0568047],[83.5472681,22.056683],[83.5473226,22.0566474],[83.5475976,22.0564862],[83.5479041,22.056416],[83.5481734,22.0562908],[83.5484104,22.0561018],[83.5487173,22.0558106],[83.5489018,22.0555934],[83.5490781,22.0553085],[83.5492264,22.0549777],[83.5494844,22.054514],[83.5499387,22.0537477],[83.5500588,22.0535787],[83.5501923,22.0534688],[83.55035,22.0533503],[83.5506081,22.0532836],[83.5509318,22.0533084],[83.551387,22.053494],[83.5520246,22.053539],[83.5528881,22.053458],[83.5531462,22.0533913],[83.5534159,22.0532481],[83.554079,22.0534425],[83.5540431,22.053726],[83.5540326,22.0539557],[83.554082,22.0541147],[83.5541842,22.0542928],[83.5542936,22.0543673],[83.5544377,22.0544154],[83.5546798,22.054407],[83.5558834,22.0542654],[83.5569433,22.0538683],[83.5576377,22.05437],[83.5577194,22.0545928],[83.5578416,22.0547442],[83.5580038,22.0548425],[83.5582165,22.0548515],[83.5584315,22.0547613],[83.5587311,22.0545825],[83.5589835,22.0543533],[83.5592445,22.0541647],[83.5595672,22.0540273],[83.5599852,22.0539593],[83.5605024,22.0539838],[83.5610513,22.0540946],[83.5619548,22.0541586],[83.5633916,22.0541844],[83.5658245,22.0542355],[83.5684224,22.0542765],[83.570277,22.0542387],[83.5731109,22.0543162],[83.5740187,22.0544074],[83.5759333,22.0544835],[83.5765621,22.0544645],[83.5769891,22.0544516],[83.5797501,22.0545499],[83.5813066,22.0546276],[83.5817771,22.0545833],[83.5822471,22.052951],[83.5824714,22.0520759],[83.5826562,22.0512361],[83.5828419,22.0505588],[83.5830724,22.0502253],[83.583542,22.0498246],[83.5843857,22.0493504],[83.5846898,22.0491808],[83.5854296,22.0487992],[83.5859506,22.0486703],[83.5862937,22.0486909],[83.5867088,22.0487312],[83.5872952,22.0489059],[83.58752,22.0490144],[83.5876996,22.0491986],[83.5879071,22.0496225],[83.5882277,22.050378],[83.5884531,22.051073],[83.5885869,22.051739],[83.5886511,22.0522952],[83.5887768,22.0527039],[83.5889701,22.0531185],[83.589877,22.0544502],[83.5901727,22.0546278],[83.5906218,22.0546732],[83.5910487,22.054628],[83.5915323,22.0546471],[83.5919328,22.054696],[83.5924822,22.0547933],[83.5927166,22.0549019],[83.5932088,22.0551693],[83.5935367,22.0554198],[83.5939766,22.0558484],[83.5943399,22.056235],[83.5950916,22.05718],[83.5954091,22.0574664],[83.5958101,22.0576958],[83.5961684,22.0578883],[83.5966835,22.0580027],[83.598776,22.0583349],[83.5995961,22.0584468],[83.6003509,22.0584579],[83.6009745,22.058489],[83.6012579,22.0585806],[83.6015195,22.058771],[83.6018161,22.0591156],[83.6019203,22.0594155],[83.6023407,22.0606604],[83.6026594,22.0617002],[83.6029385,22.0625767],[83.6034022,22.0638314],[83.6034683,22.063896],[83.6037412,22.0640234],[83.604061,22.0642106],[83.6043875,22.0645242],[83.6047459,22.0651227],[83.604887,22.0652924],[83.6055455,22.0658882],[83.6057923,22.0660785],[83.6061347,22.0663425],[83.6064242,22.0665877],[83.6064751,22.0666879],[83.6064584,22.0667778],[83.6063642,22.0668706],[83.6052297,22.0673524],[83.6044133,22.0676962],[83.6039031,22.0679789],[83.6016925,22.0693405],[83.5998751,22.0704441],[83.5990858,22.0708654],[83.5982384,22.0712854],[83.5971406,22.0718534],[83.5960768,22.0724133],[83.594087,22.0738381],[83.5935796,22.074211],[83.5933258,22.0745034],[83.5925516,22.0752949],[83.5919987,22.0757479],[83.5907254,22.0769711],[83.5903086,22.0773865],[83.5897767,22.0779754],[83.5893798,22.0783732],[83.5889048,22.0788054],[83.5884149,22.0792507],[83.5878556,22.0795595],[83.5870624,22.0801383],[83.5863617,22.0806922],[83.5856943,22.0812526],[83.5855861,22.0813436],[83.5848939,22.0819472],[83.584264,22.0825702],[83.5838756,22.0830223],[83.5833454,22.0835344],[83.5825831,22.0842358],[83.5817854,22.0849905],[83.5807994,22.0859353],[83.580124,22.0866431],[83.5794927,22.0873337],[83.5789306,22.087958],[83.577945,22.0891003],[83.5772351,22.0900157],[83.5769373,22.0903208],[83.576647,22.0905086],[83.5759539,22.0907468],[83.575408,22.0909022],[83.5750022,22.0910651],[83.5747644,22.0912903],[83.5745398,22.0915698],[83.574253,22.0918254],[83.5737935,22.0920098],[83.5724906,22.092438],[83.5718362,22.0926769],[83.571151,22.0929875],[83.5704205,22.0933645],[83.5689294,22.0939649],[83.5680354,22.0943025],[83.5663159,22.094943],[83.5650258,22.0954392],[83.5639962,22.0957784],[83.5635768,22.0959095],[83.5633036,22.0959939],[83.5630595,22.0960791],[83.5628435,22.0962008],[83.5626422,22.0963183],[83.5624835,22.0964775],[83.5624182,22.0965676],[83.5623132,22.0967129],[83.5618803,22.0979896],[83.561788,22.0984072],[83.5617813,22.0986823],[83.5618143,22.0989175],[83.5620544,22.0991933],[83.5622081,22.0994446],[83.5622875,22.0997666],[83.562344,22.1002324],[83.562418,22.1009739],[83.5624714,22.1015659],[83.5624958,22.1023515],[83.5625355,22.1027177],[83.5625814,22.1030209],[83.5632831,22.1042267],[83.5639062,22.1052865],[83.5643489,22.105995],[83.5655908,22.107492],[83.5671237,22.1094929],[83.5677587,22.1103256],[83.5683941,22.1112819],[83.5693403,22.1125965],[83.5697623,22.1131603],[83.5701535,22.1136016],[83.570667,22.1141899],[83.5709253,22.1145156],[83.5718594,22.1157352],[83.5725868,22.1166844],[83.5729535,22.1171387],[83.5740929,22.1184755],[83.5744985,22.1189171],[83.5750587,22.1195784],[83.5754759,22.1201422],[83.5756963,22.1204445],[83.5758387,22.1207378],[83.5759177,22.1209003],[83.5769493,22.1214903],[83.5785287,22.1222499],[83.5801478,22.1231726],[83.5812807,22.1237828],[83.5818516,22.1240023],[83.5824426,22.1243847],[83.5828463,22.1247178],[83.5832105,22.1250684],[83.5841564,22.1266086],[83.5847205,22.1277121],[83.5852388,22.1288498],[83.5854332,22.129279],[83.5859451,22.1303408],[83.5862037,22.1306621],[83.5867954,22.1312249],[83.5872707,22.1315913],[83.5876386,22.1317975],[83.5887566,22.1328269],[83.5899444,22.1341781],[83.5905743,22.1347598],[83.5912762,22.1355729],[83.5914822,22.135866],[83.5919497,22.1367645],[83.5927646,22.1384417],[83.5934235,22.1398315],[83.5936934,22.1402928],[83.5941038,22.1407435],[83.5954023,22.1419977],[83.5958087,22.1424168],[83.5962063,22.1427995],[83.5965876,22.1430512],[83.5972814,22.143404],[83.597673,22.1438363],[83.5982758,22.1445436],[83.5988902,22.1451744],[83.5995157,22.1457425],[83.599773,22.1459127],[83.6010672,22.1468035],[83.6014242,22.1470589],[83.6017836,22.1474229],[83.6040521,22.1497576],[83.6053266,22.151133],[83.6060594,22.1518791],[83.6066779,22.1525416],[83.607291,22.1532312],[83.6077387,22.1537458],[83.6081548,22.154368],[83.6084184,22.1548878],[83.6085736,22.1552836],[83.608815,22.1559157],[83.6089601,22.1563293],[83.6091186,22.1567927],[83.6094502,22.1579095],[83.6098799,22.1597816],[83.6101028,22.1613879],[83.6103564,22.1629361],[83.6107376,22.1652178],[83.6109499,22.1664584],[83.6112935,22.1686942],[83.6114695,22.169916],[83.6116806,22.1708047],[83.6118579,22.1714941],[83.6122337,22.1729907],[83.6129209,22.1758472],[83.613193,22.1772244],[83.6133317,22.177701],[83.613749,22.1784812],[83.6139114,22.1787822],[83.6146958,22.1802061],[83.6152128,22.1808665],[83.6156191,22.1814976],[83.6169049,22.1838343],[83.6174688,22.1849603],[83.6179383,22.1859942],[83.6184146,22.187141],[83.6190342,22.1885704],[83.6192519,22.1889945],[83.6193978,22.1892709],[83.6196179,22.189688],[83.6202045,22.1906836],[83.6206508,22.1914643],[83.6210552,22.1921765],[83.621862,22.1936055],[83.6220354,22.1939153],[83.6229989,22.1955781],[83.6235217,22.1965995],[83.6243357,22.198218],[83.6244453,22.1984999],[83.6249486,22.1995299],[83.6256562,22.2009433],[83.6272549,22.2037825],[83.6276154,22.2043044],[83.6282315,22.2050796],[83.6293162,22.2063202],[83.6296232,22.206656],[83.6303705,22.2074158],[83.6311435,22.2081175],[83.6326706,22.2094982],[83.6361147,22.2123756],[83.6376309,22.2136071],[83.6399345,22.2153511],[83.6419125,22.2169305],[83.6433956,22.2181295],[83.6456238,22.2199982],[83.6466872,22.2209225],[83.6471747,22.2214063],[83.6475297,22.2217609],[83.6484611,22.2225336],[83.6488414,22.2228437],[83.6495128,22.2233404],[83.6508351,22.2225465],[83.6513328,22.2221958],[83.6526405,22.2214107],[83.6537644,22.2208067],[83.6551085,22.220117],[83.655309,22.2200399],[83.6557541,22.2204732],[83.6570195,22.2218842],[83.658093,22.2231967],[83.6591673,22.224279],[83.6603962,22.2253826],[83.6606905,22.2256413],[83.6622353,22.2269091],[83.6631784,22.2276007],[83.6642746,22.2285797],[83.6644731,22.2287914],[83.6645896,22.2289923],[83.6649565,22.229663],[83.6652561,22.2303143],[83.6654231,22.2308321],[83.6656833,22.2319202],[83.6657393,22.2324177],[83.6657659,22.2327295],[83.6676048,22.2332455],[83.6684403,22.2335694],[83.6698048,22.2340521],[83.6706607,22.2343549],[83.6724298,22.2349596],[83.6733969,22.2352501],[83.6747758,22.2358521],[83.676138,22.2363574],[83.6772602,22.2368586],[83.6781025,22.2373089],[83.6784862,22.2374793],[83.679284,22.2377572],[83.679689,22.2378467],[83.6807841,22.2382661],[83.682042,22.2387701],[83.682755,22.2391501],[83.6840111,22.2397306],[83.6855461,22.2404071],[83.6876713,22.2413303],[83.6888662,22.2418329],[83.6910456,22.2427255],[83.6914148,22.2428909],[83.6914448,22.2434736],[83.691456,22.2438258],[83.691473,22.2441239],[83.6927017,22.2444286],[83.6931799,22.2445015],[83.6937064,22.2445754],[83.6948562,22.2447342],[83.6958776,22.2449941],[83.6970043,22.2453057],[83.6980547,22.2455707],[83.6992806,22.2457897],[83.6997389,22.2458802],[83.7018948,22.24633],[83.7025119,22.2464689],[83.7039456,22.2467146],[83.7046995,22.2468065],[83.7051638,22.2468476],[83.7055886,22.2467164],[83.7062239,22.2462825],[83.7070563,22.2457175],[83.7074055,22.2454944],[83.7085307,22.2448404],[83.7090511,22.2445577],[83.709963,22.2441114],[83.7107488,22.2436672],[83.7114034,22.2432382],[83.7116938,22.2430502],[83.7120021,22.2429211],[83.7124213,22.2428168],[83.7130634,22.242717],[83.7135193,22.2427082],[83.7143432,22.2427067],[83.7151589,22.2428496],[83.7159273,22.2429418],[83.7174319,22.243058],[83.7180311,22.2431377],[83.7184997,22.2431969],[83.7192906,22.2431586],[83.7207271,22.2430749],[83.7212029,22.2430438],[83.7229313,22.2427087],[83.7238325,22.2425105],[83.7243197,22.242403],[83.7256824,22.2419521],[83.7279114,22.2413429],[83.7282072,22.2413353],[83.728288,22.2414046],[83.7291094,22.242346],[83.729491,22.2428229],[83.7317166,22.242358],[83.734058,22.2419177],[83.7345785,22.241838],[83.7353499,22.2418039],[83.7356847,22.2417836],[83.7360597,22.2417098],[83.7372802,22.2413282],[83.738213,22.2410221],[83.7388533,22.2407869],[83.7403079,22.2403424],[83.7408624,22.2402497],[83.7412325,22.2401804],[83.7421973,22.2399515],[83.7431821,22.2397052],[83.7443614,22.2396341],[83.7453932,22.2396592],[83.7456883,22.2396832],[83.7469397,22.2398436],[83.7474859,22.2399132],[83.7479694,22.2399634],[83.7487152,22.2399875],[83.7491101,22.2398871],[83.7491208,22.239884],[83.7496419,22.2397353],[83.7498222,22.2396893],[83.7500055,22.239729],[83.750507,22.2398383],[83.7514269,22.2400868],[83.752174,22.2402687],[83.7525699,22.2403353],[83.7527056,22.2403335],[83.7532215,22.24024],[83.7541736,22.2399387],[83.7546184,22.2397762],[83.7551646,22.2396291],[83.7560563,22.2396289],[83.7564944,22.2397595],[83.7570231,22.239946],[83.7577508,22.2403395],[83.7578946,22.2406176],[83.7579955,22.2410798],[83.7579457,22.2417691],[83.7578342,22.2434499],[83.7579225,22.2440383],[83.758119,22.2443399],[83.7583438,22.2444708],[83.7584715,22.2448207],[83.7584181,22.2450362],[83.7581605,22.245911],[83.7576766,22.2471376],[83.7579758,22.2476173],[83.758906,22.248475],[83.759256,22.2488521],[83.7596545,22.2496496],[83.7598107,22.2499992],[83.7596692,22.2508966],[83.7596467,22.2510391],[83.7597106,22.2512074],[83.7599373,22.251257],[83.7605604,22.2513552],[83.7606493,22.2513547],[83.7608796,22.2513841],[83.7613763,22.2514887],[83.7617471,22.2515954],[83.7621891,22.2517667],[83.7626476,22.25206],[83.763061,22.2524247],[83.7635963,22.2529678],[83.7639798,22.2533635],[83.7643912,22.2538093],[83.7647567,22.2543536],[83.7650525,22.2547746],[83.7654035,22.2551018],[83.7657868,22.2553036],[83.7664531,22.2556281],[83.766948,22.255814],[83.7672433,22.2558334],[83.7680915,22.2556202],[83.7685578,22.2555798],[83.7695569,22.2555546],[83.7716268,22.2555461],[83.7724537,22.2556347],[83.7728932,22.2557067],[83.7731631,22.2557751],[83.7734746,22.2559302],[83.7741116,22.2562632],[83.7746514,22.2566078],[83.7751995,22.2570114],[83.7755797,22.2573437],[83.7758516,22.2577506],[83.7761752,22.2586459],[83.776222,22.2593553],[83.776209,22.2597115],[83.7763114,22.2601061],[83.7766971,22.2610432],[83.7767251,22.261301],[83.776669,22.2614261],[83.7765277,22.261455],[83.7762326,22.2614403],[83.7762275,22.26144],[83.7756655,22.2614287],[83.7752385,22.2616595],[83.7751585,22.2618007],[83.7750414,22.2620075],[83.7749729,22.2622543],[83.7749991,22.2623721],[83.7752947,22.2630097],[83.7753406,22.2631234],[83.7750185,22.2638524],[83.7747379,22.264465],[83.7747211,22.2647715],[83.7749226,22.2650778],[83.7750649,22.2652114],[83.7753463,22.2654066],[83.7759245,22.2655669],[83.7759768,22.2655896],[83.776318,22.2657372],[83.7765889,22.2659726],[83.7767905,22.2662745],[83.776849,22.2666773],[83.7768661,22.2669934],[83.7767783,22.2680746],[83.7766777,22.2690787],[83.7766453,22.2698542],[83.7772577,22.2706334],[83.7778201,22.2712672],[83.778272,22.2718491],[83.7790302,22.2730374],[83.7794235,22.2736453],[83.779538,22.2737288],[83.7797539,22.2738277],[83.7800243,22.2738737],[83.7803489,22.2738801],[83.7811112,22.2738321],[83.782412,22.2737632],[83.783663,22.2737519],[83.7841813,22.2737712],[83.7858027,22.2740921],[83.7862172,22.2742041],[83.7865535,22.2743326],[83.7898442,22.27544],[83.7905485,22.2755893],[83.7916419,22.2761118],[83.7922251,22.2764752],[83.7924004,22.2766591],[83.7925211,22.2768917],[83.792611,22.2772003],[83.7934767,22.2781378],[83.7943466,22.278895],[83.7943821,22.2794688],[83.7946512,22.2808503],[83.7947521,22.2811005],[83.7953025,22.2816301],[83.7956594,22.2819214],[83.7959532,22.2822205],[83.7960396,22.2824705],[83.7959995,22.2827404],[83.795883,22.2829592],[83.7956733,22.2832258],[83.795248,22.2835919],[83.7949775,22.2843986],[83.7948376,22.2850051],[83.7947573,22.285766],[83.7948451,22.2859482],[83.7954189,22.2861404],[83.7954466,22.2861496],[83.79684,22.2869125],[83.7974121,22.287551],[83.7974638,22.2876382],[83.7977016,22.2880396],[83.7979133,22.288108],[83.798207,22.2882029],[83.7992037,22.2882903],[83.7997921,22.2882162],[83.8000734,22.2882127],[83.8003527,22.288295],[83.8012839,22.2889224],[83.8021944,22.2895662],[83.8024043,22.2897769],[83.8027783,22.2901522],[83.8034316,22.2897815],[83.8042235,22.2894947],[83.8050663,22.2893264],[83.8066995,22.289142],[83.808332,22.2889892],[83.8092637,22.2889534],[83.8096518,22.2891595],[83.8100457,22.28955],[83.8101069,22.2896107],[83.8108879,22.2900276],[83.8113957,22.2902948],[83.8118375,22.2904839],[83.812308,22.2904707],[83.8128669,22.2904139],[83.8134878,22.290399],[83.8139079,22.2904795],[83.8146937,22.2906799],[83.8154951,22.290831],[83.8161729,22.2908715],[83.816905,22.2908768],[83.8173335,22.2907994],[83.8174371,22.2907157],[83.8177445,22.2902074],[83.8179554,22.2898867],[83.8181243,22.2897005],[83.8184558,22.2896257],[83.8189564,22.2895724],[83.8190584,22.2895654],[83.8192746,22.2900841],[83.8195958,22.2908844],[83.8197905,22.2911978],[83.8198484,22.291291],[83.8200213,22.2913666],[83.820865,22.2912214],[83.8216143,22.2916776],[83.8229596,22.2922229],[83.8233926,22.2923667],[83.8237257,22.2924319],[83.8242461,22.2923654],[83.8244551,22.2923424],[83.8246686,22.2923284],[83.8252066,22.2923435],[83.8258363,22.2925814],[83.8263594,22.2928219],[83.8267381,22.2932309],[83.8272667,22.2938729],[83.8268775,22.2941451],[83.8262165,22.2946374],[83.8256188,22.2951266],[83.8254882,22.2953271],[83.8254636,22.2955204],[83.8254412,22.2956962],[83.8254316,22.2961155],[83.8254337,22.2964495],[83.8254358,22.296788],[83.8252973,22.2984097],[83.8251149,22.29897],[83.8248436,22.2993845],[83.8245752,22.2996814],[83.8244671,22.2997488],[83.8241473,22.2999484],[83.8237595,22.3001574],[83.8234089,22.3004347],[83.8230958,22.3007715],[83.8228615,22.3010556],[83.8228516,22.3012766],[83.8229169,22.3014696],[83.8229515,22.3015718],[83.8231479,22.3021126],[83.8231998,22.3021768],[83.8233348,22.3022065],[83.8238424,22.3022797],[83.8245502,22.302501],[83.8247689,22.3026903],[83.8249606,22.3030009],[83.8251519,22.3033385],[83.8252368,22.3036516],[83.8252107,22.3041655],[83.8251744,22.3044851],[83.8252933,22.3047987],[83.8260049,22.305503],[83.8252871,22.3065764],[83.8249543,22.3069264],[83.8242027,22.3075705],[83.8240641,22.3076569],[83.8238176,22.3085104],[83.8238215,22.3089843],[83.8237584,22.3096282],[83.8236107,22.3101579],[83.8234036,22.3105237],[83.8229214,22.3110468],[83.8228905,22.3110679],[83.8226012,22.3112661],[83.8224887,22.3113148],[83.8220429,22.3115077],[83.821984,22.3115337],[83.8221926,22.311962],[83.8222204,22.3120166],[83.8222575,22.3120895],[83.8224534,22.3124409],[83.8226491,22.3127876],[83.8228496,22.3131389],[83.8230301,22.3133095],[83.8232849,22.3134091],[83.8236867,22.3134397],[83.8240916,22.3135469],[83.8241812,22.3136613],[83.8243758,22.3144864],[83.8249926,22.3155137],[83.8254197,22.3157162],[83.8258944,22.3159555],[83.8263779,22.3162358],[83.8268946,22.3165482],[83.8278921,22.3172536],[83.8281479,22.3175247],[83.8284027,22.3180487],[83.8286075,22.3188558],[83.8286978,22.3193675],[83.8287593,22.3196529],[83.828878,22.3201923],[83.8290732,22.3207872],[83.8298695,22.3222421],[83.8305562,22.3234016],[83.8318356,22.3230325],[83.8342554,22.322382],[83.8345569,22.3223429],[83.8352373,22.3222794],[83.8359149,22.3223423],[83.8373036,22.3224822],[83.8382257,22.3226672],[83.8395628,22.3229414],[83.8410978,22.3234813],[83.8413803,22.3236446],[83.8415895,22.3238293],[83.8417239,22.3241072],[83.8418557,22.3242812],[83.8421772,22.3244363],[83.8431668,22.3246406],[83.843887,22.3247494],[83.8449694,22.3244953],[83.84537,22.3243676],[83.8459523,22.3243519],[83.8462722,22.3243627],[83.8465661,22.3244407],[83.846904,22.3247269],[83.8472707,22.3250319],[83.8476172,22.3251469],[83.8481831,22.3252212],[83.8486823,22.3252308],[83.8493533,22.3251582],[83.8498443,22.3251046],[83.8500765,22.3251271],[83.8502877,22.325226],[83.8505307,22.3254248],[83.8507291,22.3256541],[83.8510464,22.3259943],[83.8515308,22.3264594],[83.8519537,22.3266256],[83.8527555,22.326993],[83.8528787,22.3271219],[83.8529332,22.3275019],[83.8528513,22.3281276],[83.8527968,22.3286093],[83.8527915,22.3297057],[83.8528811,22.3302578],[83.8530086,22.3306304],[83.853215,22.3311533],[83.8535806,22.3317198],[83.8542284,22.3328922],[83.8548678,22.3342267],[83.8549337,22.3345347],[83.8549767,22.3349958],[83.8549612,22.3352528],[83.8548423,22.3355798],[83.8545932,22.3360849],[83.8544371,22.3365601],[83.8543411,22.3369463],[83.8542958,22.3374552],[83.8543042,22.3376127],[83.854306,22.337645],[83.8557863,22.3378226],[83.8566924,22.3378629],[83.8575487,22.3379606],[83.8578432,22.3380161],[83.8587543,22.3382683],[83.8591494,22.3383888],[83.8598139,22.3386047],[83.8602375,22.3387529],[83.8602193,22.3393481],[83.8602508,22.3401068],[83.8602757,22.3402923],[83.8604125,22.3404663],[83.8612522,22.3413039],[83.8614943,22.3415387],[83.8631556,22.3416102],[83.8632098,22.3416125],[83.8639854,22.3416321],[83.8640681,22.3420533],[83.8641705,22.3428947],[83.8642559,22.3432429],[83.8642639,22.3432754],[83.8644621,22.3432966],[83.8646077,22.3432957],[83.8650496,22.3432771],[83.8656539,22.3431489],[83.8668178,22.3425128],[83.8676518,22.3420912],[83.8687798,22.34154],[83.8693196,22.3412526],[83.869552,22.341054],[83.8697481,22.3407465],[83.8701566,22.3400504],[83.8703677,22.3395894],[83.8704269,22.3394601],[83.8708745,22.3387468],[83.8711995,22.3383109],[83.8716129,22.3380435],[83.8720651,22.3377771],[83.873035,22.337349],[83.874173,22.3369966],[83.8749222,22.3368982],[83.8757525,22.3367692],[83.8773227,22.3362632],[83.8779733,22.3360184],[83.8785561,22.3357635],[83.8792096,22.3353836],[83.8800219,22.3352864],[83.880766,22.3354136],[83.8812682,22.3357256],[83.8817082,22.3362304],[83.8820339,22.3364126],[83.88247,22.3366512],[83.8828809,22.3367132],[83.8835986,22.3367224],[83.8840844,22.3366868],[83.8849742,22.3363654],[83.885423,22.3362523],[83.8864627,22.3361775],[83.8896729,22.3364331],[83.8903348,22.3365451],[83.8912041,22.3367153],[83.8921391,22.3372025],[83.892594,22.3374685],[83.8930646,22.3376805],[83.8934612,22.3377378],[83.8951221,22.3378644],[83.8962567,22.3378817],[83.8973464,22.3379522],[83.8989215,22.3382728],[83.8996134,22.338528],[83.8997384,22.3385846],[83.9006838,22.3390405],[83.901317,22.3393594],[83.9016317,22.3396046],[83.9017824,22.339806],[83.9019278,22.3402555],[83.9019457,22.3403236],[83.9019588,22.3403869],[83.9021245,22.3414506],[83.9022088,22.3435549],[83.9022951,22.345357],[83.9024342,22.3463027],[83.9025152,22.3465931],[83.9025897,22.3467344],[83.9027629,22.3468999],[83.9029127,22.347043],[83.9031567,22.3471424],[83.9034704,22.3472702],[83.9040508,22.3475656],[83.9047264,22.3481606],[83.9052733,22.3486629],[83.9054888,22.349001],[83.9057417,22.3496375],[83.9058666,22.3501273],[83.9059948,22.3504727],[83.9061329,22.3508046],[83.9062404,22.3509962],[83.9065249,22.351286],[83.9070137,22.3515616],[83.9073926,22.3517582],[83.9093542,22.3523328],[83.9108824,22.3527725],[83.9114666,22.3528965],[83.9122351,22.353024],[83.9127539,22.3534762],[83.9132856,22.3540051],[83.9137476,22.354393],[83.91445,22.3546547],[83.9146499,22.3547068],[83.9150289,22.3548056],[83.9168416,22.3553139],[83.9171058,22.3554371],[83.9184638,22.3560703],[83.9186353,22.3561502],[83.9190313,22.3563348],[83.9192691,22.3564223],[83.9204943,22.3568726],[83.9218662,22.35758],[83.9231989,22.3583605],[83.9232838,22.3584102],[83.9237431,22.3580445],[83.9241374,22.3577586],[83.9246664,22.3575295],[83.9258423,22.357218],[83.9264175,22.3570981],[83.9272327,22.3568654],[83.928755,22.3562534],[83.929304,22.3559932],[83.9296876,22.3557567],[83.9300663,22.3555203],[83.9305739,22.3551553],[83.9317438,22.3544555],[83.9322696,22.3541541],[83.932691,22.3539591],[83.9330167,22.3539292],[83.9332272,22.3539299],[83.9333126,22.3539302],[83.9338875,22.3540405],[83.9350136,22.3542288],[83.9365849,22.3544705],[83.9378617,22.3546527],[83.9387626,22.3547194],[83.9394407,22.3547683],[83.9399066,22.354759],[83.9410189,22.3547188],[83.942455,22.3546899],[83.9432938,22.3547103],[83.9445453,22.354937],[83.9448551,22.3551955],[83.9452364,22.3555051],[83.9455519,22.3557186],[83.9463927,22.3558654],[83.9472832,22.3559679],[83.9475823,22.3560457],[83.9482167,22.3563193],[83.9485712,22.3567502],[83.9489323,22.3573167],[83.9493376,22.3578658],[83.9497636,22.3582541],[83.9499797,22.358451],[83.9506594,22.3588789],[83.9519811,22.3598875],[83.9533696,22.3609607],[83.9540547,22.3613616],[83.9549892,22.3616635],[83.9557194,22.3617765],[83.9566965,22.3619123],[83.9574275,22.3619846],[83.9579961,22.3619367],[83.9583226,22.3618705],[83.9590902,22.3615963],[83.9606407,22.3610207],[83.9620154,22.3604914],[83.9629258,22.360125],[83.9636299,22.3598674],[83.964137,22.3597552],[83.9650029,22.3596406],[83.9654773,22.35969],[83.9661796,22.3597439],[83.9667568,22.3597546],[83.9670296,22.3597011],[83.9676195,22.3595633],[83.9684798,22.3592726],[83.9699642,22.3588265],[83.9702461,22.3588047],[83.971708,22.3594051],[83.9724065,22.3598559],[83.9737835,22.3607933],[83.9756327,22.3621049],[83.9762029,22.362657],[83.9765903,22.363107],[83.9766051,22.3631248],[83.9768442,22.363513],[83.9770477,22.3637514],[83.9773241,22.3639777],[83.9777344,22.3640756],[83.9783688,22.364137],[83.979123,22.3641586],[83.97955,22.3647007],[83.98022,22.3653584],[83.9820351,22.3664528],[83.9825113,22.3670979],[83.9825257,22.3673283],[83.9826893,22.3673901],[83.9833069,22.3675506],[83.9834517,22.3675803],[83.9845435,22.3678037],[83.9849473,22.3677526],[83.9856306,22.3677925],[83.9866035,22.3678962],[83.9873557,22.3681133],[83.9878372,22.3682847],[83.9882253,22.3685132],[83.9882908,22.3685758],[83.9886389,22.3689089],[83.9888843,22.3692294],[83.9892711,22.3695164],[83.9899278,22.3696594],[83.9905534,22.3696801],[83.9911539,22.3696955],[83.9911837,22.3696963],[83.9928429,22.369763],[83.9946092,22.3705949],[83.9954281,22.3710974],[83.9960388,22.3715459],[83.9960587,22.3715605],[83.9962974,22.3717408],[83.9965361,22.3719214],[83.9966706,22.3719869],[83.9988606,22.3725827],[84.0000053,22.3728251],[84.000201,22.3728455],[84.002709,22.373107],[84.0037844,22.3734276],[84.0044172,22.3736163],[84.0057827,22.3736814],[84.0071482,22.3733632],[84.007835,22.372854],[84.0083161,22.3722192],[84.0095448,22.3713936],[84.0098881,22.3714567],[84.0102923,22.3715844],[84.0102918,22.3720287],[84.0094669,22.3736838],[84.0088556,22.3751461],[84.0075264,22.3775428],[84.0074807,22.3776249],[84.0067323,22.3790244],[84.0063192,22.3805517],[84.0063134,22.3810108],[84.0063112,22.3811867],[84.0063791,22.3822049],[84.0069275,22.3832861],[84.0075372,22.3841139],[84.0087637,22.3860856],[84.0103939,22.3890777],[84.0116203,22.3913679],[84.0125117,22.392966],[84.013182,22.3942704],[84.0131205,22.3948748],[84.0130851,22.3950874],[84.0129827,22.3957023],[84.0130507,22.3965299],[84.0132857,22.3971547],[84.0133856,22.3974205],[84.0139343,22.3981832],[84.0143076,22.3988241],[84.0147496,22.399583],[84.0156332,22.4011105],[84.0174011,22.4036563],[84.018102,22.4048253],[84.0186962,22.4058187],[84.0195113,22.4073482],[84.0200596,22.4085553],[84.0206007,22.4091923],[84.0212184,22.4093831],[84.0220347,22.4091296],[84.0229197,22.4091296],[84.0234686,22.4094481],[84.0237429,22.4098925],[84.0238798,22.4104017],[84.0238719,22.410783],[84.0238728,22.4107893],[84.0240086,22.4117384],[84.0243511,22.4125641],[84.0246251,22.4133935],[84.024599,22.4137833],[84.0245481,22.4145453],[84.0246846,22.4155006],[84.0248139,22.4156547],[84.0251648,22.4160727],[84.0256377,22.4162634],[84.0266597,22.4163913],[84.0277577,22.4169636],[84.0281615,22.4175376],[84.028916,22.4184281],[84.0297316,22.4192558],[84.0302725,22.4200835],[84.0304727,22.4204549],[84.0307526,22.420974],[84.0311561,22.4218016],[84.0311556,22.4225644],[84.03107,22.4231172],[84.0310177,22.4234548],[84.0309347,22.4236192],[84.0305364,22.4244082],[84.0301926,22.425108],[84.0301311,22.4258744],[84.0301874,22.4260841],[84.0303365,22.4266392],[84.0307482,22.4269558],[84.0316329,22.4270207],[84.0328611,22.4269578],[84.033822,22.4270859],[84.0345695,22.4273414],[84.0353165,22.4277878],[84.0358653,22.428295],[84.0360173,22.4285828],[84.0362692,22.4290597],[84.0366121,22.429504],[84.036766,22.4295041],[84.0371613,22.4295042],[84.038252,22.4296321],[84.0387936,22.429697],[84.039068,22.4299507],[84.0391768,22.4302881],[84.0398147,22.4310318],[84.0403635,22.4315411],[84.0408437,22.4321151],[84.0411104,22.4326243],[84.0412471,22.4330686],[84.041247,22.4334518],[84.0411825,22.4335312],[84.0410408,22.4337054],[84.0410407,22.4338962],[84.0411777,22.4342146],[84.0417188,22.434985],[84.0428774,22.4360663],[84.0436035,22.4366058],[84.0439066,22.4368311],[84.0451345,22.4371517],[84.046225,22.4373424],[84.0467665,22.4375332],[84.0472467,22.4382331],[84.0472464,22.4386144],[84.0471774,22.4391236],[84.0471712,22.4391467],[84.0470397,22.4396326],[84.0467643,22.4407137],[84.0464199,22.442367],[84.0462812,22.4440201],[84.0461345,22.4465008],[84.0461338,22.4476468],[84.0460644,22.4486651],[84.0459265,22.4494927],[84.045921,22.4495078],[84.0455138,22.4506368],[84.0449634,22.4520992],[84.0448942,22.4528619],[84.044945,22.4529386],[84.0452371,22.4533787],[84.0453667,22.4535694],[84.0459154,22.4543341],[84.0463951,22.4553524],[84.0463851,22.4587236],[84.0463156,22.459742],[84.0461965,22.4600096],[84.0458343,22.460823],[84.0454217,22.4619022],[84.0454212,22.462604],[84.0454894,22.463176],[84.0456874,22.463748],[84.0460988,22.4643201],[84.0464413,22.4653384],[84.0466392,22.4659754],[84.0467151,22.4664197],[84.0467759,22.466801],[84.0471102,22.468664],[84.0472472,22.4692209],[84.0469112,22.4694745],[84.0462934,22.4696003],[84.0456754,22.4696001],[84.0452709,22.4700463],[84.0449957,22.4709995],[84.0445471,22.4714146],[84.0443773,22.4715717],[84.0434846,22.4720806],[84.0413708,22.4728383],[84.0407454,22.4731041],[84.0397155,22.4733595],[84.0387619,22.4735482],[84.0386017,22.473571],[84.0373964,22.4737387],[84.0355503,22.4738662],[84.0339102,22.4741824],[84.0323387,22.474373],[84.0322318,22.4743882],[84.0317741,22.4744549],[84.0310418,22.4745634],[84.029127,22.4748797],[84.0276241,22.475198],[84.0266018,22.4753236],[84.0262584,22.475705],[84.0259147,22.4762141],[84.025502,22.4772952],[84.0254725,22.4773784],[84.0252754,22.4779336],[84.0250388,22.4786],[84.0250282,22.4786299],[84.0239283,22.4804757],[84.0233964,22.4810051],[84.0225925,22.4820247],[84.0217376,22.4827006],[84.0213252,22.4832725],[84.0208517,22.4841629],[84.0200618,22.4857193],[84.0198203,22.48639],[84.0191329,22.4877246],[84.0190528,22.4878729],[84.018858,22.4882338],[84.0185831,22.4885502],[84.0180413,22.4889334],[84.0174232,22.4892498],[84.0164694,22.489633],[84.014623,22.4903306],[84.0123645,22.491156],[84.0101824,22.4918554],[84.009041,22.4920911],[84.0083362,22.4922366],[84.0064214,22.4926159],[84.0045066,22.4928692],[84.0028664,22.4933151],[84.0017066,22.4938222],[84.0008212,22.4944589],[84.0000657,22.4951568],[83.9993175,22.4960472],[83.9986304,22.4968746],[83.9978478,22.4976164],[83.9955699,22.498392],[83.9921556,22.4993044],[83.9873319,22.5002234],[83.9860309,22.5005622],[83.9848671,22.5009163],[83.984775,22.5011467],[83.9845905,22.5014358],[83.9842554,22.5016844],[83.9838815,22.5019104],[83.9833908,22.5020913],[83.9829098,22.5022136],[83.9823413,22.5022365],[83.982074,22.5022366],[83.9813548,22.5021559],[83.9807084,22.502048],[83.9804995,22.5020978],[83.9802275,22.5022153],[83.9800737,22.5023897],[83.980072,22.5023916],[83.9800236,22.5025451],[83.9800579,22.5029198],[83.9801602,22.5031636],[83.9805299,22.5037954],[83.9806571,22.5049151],[83.9806146,22.506473],[83.9805811,22.5072496],[83.9804794,22.5075703],[83.980358,22.5077419],[83.9801783,22.5078458],[83.9793038,22.5080903],[83.9788956,22.5081944],[83.9786625,22.5083074],[83.9785313,22.5084114],[83.9784731,22.5085333],[83.977624,22.5104212],[83.9775561,22.5105974],[83.977425,22.51076],[83.9771968,22.5109137],[83.9770024,22.5109544],[83.9759965,22.5111627],[83.9756516,22.5112127],[83.9752677,22.5113393],[83.974816,22.5115743],[83.9746607,22.511886],[83.9746511,22.512026],[83.9747824,22.5122381],[83.9750936,22.5124005],[83.9754484,22.5125357],[83.9757985,22.5126935],[83.97592,22.512838],[83.9760806,22.5130862],[83.9762412,22.5134112],[83.9763338,22.5137452],[83.9763388,22.5139169],[83.9764364,22.5144315],[83.9766553,22.5148377],[83.9773168,22.5156635],[83.9776572,22.5158079],[83.9777835,22.5157356],[83.9779924,22.5156225],[83.9783325,22.5154869],[83.9786337,22.5153828],[83.978811,22.5153307],[83.9790362,22.5152644],[83.9799823,22.5154082],[83.9809886,22.5161521],[83.9809953,22.5172752],[83.9807964,22.5182133],[83.9802003,22.5197139],[83.9801922,22.5198744],[83.9801925,22.5201409],[83.9802755,22.5206736],[83.9803903,22.5209278],[83.9804507,22.5210618],[83.9806648,22.5213055],[83.9809129,22.5215491],[83.98119,22.5217656],[83.9815158,22.5219912],[83.9826343,22.5228754],[83.9839957,22.5235924],[83.9844188,22.5237818],[83.984759,22.5239622],[83.9851189,22.5241877],[83.9855421,22.5246209],[83.9859993,22.5250495],[83.9863591,22.5253246],[83.9867287,22.5255411],[83.9869621,22.5256448],[83.9874385,22.5258251],[83.9878906,22.5259061],[83.9888482,22.5261717],[83.989208,22.5262844],[83.9903311,22.5266719],[83.9906714,22.5268071],[83.9911527,22.5270009],[83.9913958,22.5271226],[83.9917314,22.5273392],[83.9920961,22.5275511],[83.992344,22.5276909],[83.9927233,22.52779],[83.9931315,22.5278439],[83.9941328,22.5279695],[83.9945023,22.5279828],[83.9948912,22.5280999],[83.9954845,22.5284878],[83.9957714,22.5287404],[83.9960537,22.5291014],[83.9964041,22.5296294],[83.9967253,22.5300942],[83.9970805,22.530559],[83.9974308,22.5309245],[83.9976058,22.5310282],[83.9977517,22.5310417],[83.9980092,22.5309692],[83.9985327,22.5307596],[84.000766,22.5308276],[84.0029214,22.5303334],[84.0036738,22.5294269],[84.0036738,22.5294269],[84.003868,22.5283895],[84.0040046,22.527931],[84.0043889,22.5275709],[84.0050721,22.5271329],[84.0065064,22.5264782],[84.0076816,22.5261235],[84.0083735,22.5259696],[84.0090089,22.5259703],[84.0093165,22.5260234],[84.0100074,22.5263997],[84.0104649,22.5266403],[84.0119722,22.5272915],[84.0122006,22.527373],[84.0123277,22.5275271],[84.0123422,22.5276929],[84.0122796,22.5277995],[84.0121887,22.5279069],[84.0121774,22.5279105],[84.0119463,22.5279833],[84.0117491,22.5279973],[84.0115795,22.527993],[84.0112119,22.5279765],[84.0106567,22.5279825],[84.0102342,22.5280199],[84.0099451,22.5281063],[84.0097005,22.5284189],[84.0096153,22.5287099],[84.0096064,22.5290338],[84.0096453,22.5293827],[84.0097807,22.5298078],[84.0099155,22.5302153],[84.0100154,22.5310175],[84.0100169,22.5316823],[84.0095713,22.532499],[84.0087746,22.5335348],[84.0077479,22.5350491],[84.0067232,22.5366334],[84.0035552,22.5438556],[84.0028459,22.5459039],[84.0030294,22.5460565],[84.0036533,22.5465371],[84.0038201,22.5466655],[84.0049534,22.5477029],[84.0055257,22.5483582],[84.0055583,22.5483955],[84.0069342,22.5502836],[84.007313,22.5512797],[84.0076505,22.5524605],[84.0077433,22.553954],[84.0077397,22.5550651],[84.007548,22.558027],[84.0074877,22.5588247],[84.0075102,22.5598652],[84.0076167,22.5611921],[84.0077739,22.562019],[84.0084371,22.5643022],[84.0087625,22.5653959],[84.0092355,22.5670018],[84.0095478,22.5689008],[84.0095888,22.569932],[84.0095072,22.5709577],[84.0092496,22.5723817],[84.009317,22.5727386],[84.0095054,22.5730486],[84.009961,22.5734739],[84.012362,22.5759212],[84.0126527,22.5762081],[84.0146097,22.5781397],[84.014848,22.5783749],[84.0152422,22.5786204],[84.0156215,22.5788566],[84.0179202,22.5802881],[84.0218216,22.5834391],[84.0241735,22.5858088],[84.0247456,22.5872633],[84.0248731,22.5883447],[84.024736,22.5893981],[84.0243768,22.5911923],[84.0244333,22.5918032],[84.0246403,22.5917977],[84.0253786,22.5917781],[84.03023,22.5916492],[84.0329358,22.5920497],[84.0342248,22.5923129],[84.0367737,22.5931199],[84.0392348,22.5944365],[84.0418255,22.5953735],[84.042901,22.5954323],[84.0430043,22.5954332],[84.043909,22.5954404],[84.0451315,22.5953816],[84.046859,22.5952043],[84.0474984,22.5951698],[84.0488493,22.5952999],[84.0498598,22.5956929],[84.0509311,22.5962241],[84.0531727,22.5974415],[84.053355,22.5975688],[84.0541257,22.5981072],[84.0548183,22.598876],[84.0550736,22.5995166],[84.055491,22.6008264],[84.0562162,22.6032565],[84.0571774,22.6050942],[84.05766,22.6057724],[84.0582417,22.606308],[84.0586961,22.6066097],[84.0590015,22.6068126],[84.0595369,22.6070694],[84.0612988,22.6076958],[84.0617272,22.6078418],[84.0622295,22.6079421],[84.0628727,22.6080298],[84.0632742,22.6082203],[84.063534,22.608397],[84.0637473,22.6085925],[84.0639962,22.6090233],[84.0640193,22.6090775],[84.06424,22.6095942],[84.0644734,22.6104365],[84.064607,22.6110978],[84.0650045,22.6123732],[84.0654926,22.6132262],[84.0658106,22.6137601],[84.0663471,22.6146555],[84.0674933,22.6163745],[84.0680647,22.6171815],[84.0686261,22.6182687],[84.0691386,22.6196022],[84.0695976,22.6204298],[84.0704435,22.6215793],[84.0717328,22.6230495],[84.0777709,22.6299909],[84.081229,22.6346087],[84.0812901,22.6346904],[84.0840162,22.6381164],[84.0843019,22.6382137],[84.0845649,22.6381892],[84.0899446,22.6360845],[84.0916725,22.635303],[84.0934323,22.6349406],[84.0945845,22.635032],[84.0956664,22.6352827],[84.0971999,22.6361162],[84.0984201,22.6365731],[84.0994062,22.636774],[84.1022754,22.6369414],[84.1045627,22.6371769],[84.1074982,22.6382523],[84.1099659,22.6394277],[84.1108052,22.6397549],[84.1115206,22.6397356],[84.1119326,22.6396544],[84.112472,22.6394298],[84.1140232,22.6384254],[84.1150111,22.6380837],[84.1158008,22.6380273],[84.1197801,22.6381273],[84.1198174,22.6381282],[84.1223219,22.6380777],[84.1225741,22.6379033],[84.1226907,22.6378227],[84.1230922,22.6374094],[84.1234765,22.637049],[84.1265729,22.6372447],[84.1291636,22.6375143],[84.1292385,22.6375221],[84.1325673,22.6378135],[84.1348897,22.6380681],[84.1349626,22.6380731],[84.1367026,22.6381936],[84.139794,22.6382318],[84.1411225,22.637933],[84.1429575,22.637568],[84.1430164,22.6375595],[84.1448894,22.6372878],[84.147509,22.6367088],[84.1494797,22.6364624],[84.1506668,22.6364649],[84.1524675,22.6368006],[84.1538961,22.6372863],[84.1553885,22.6379978],[84.1562723,22.6385335],[84.1563916,22.6386455],[84.1568161,22.6390435],[84.1578528,22.6402399],[84.1584875,22.6412374],[84.1598344,22.6427052],[84.1617141,22.6443334],[84.1632753,22.6454279],[84.1635036,22.6455297],[84.164384,22.6459224],[84.1673706,22.6473976],[84.1673707,22.6473976],[84.1699941,22.6487078],[84.1726829,22.6497012],[84.1746999,22.6503107],[84.1756874,22.6505459],[84.176275,22.6505943],[84.1768021,22.6506377],[84.1788932,22.6506152],[84.1801338,22.6511059],[84.1816669,22.6519035],[84.1836166,22.6533546],[84.1849516,22.6544376],[84.1856988,22.6546587],[84.1859791,22.6547416],[84.1873642,22.6550359],[84.1880299,22.6552275],[84.1882466,22.655417],[84.1885147,22.6556515],[84.1890643,22.6563362],[84.1897353,22.6572801],[84.1908357,22.6586845],[84.1917675,22.6595336],[84.1927269,22.660067],[84.1940851,22.6606944],[84.195429,22.6614621],[84.1965657,22.6622355],[84.1971559,22.6630066],[84.1983131,22.6650043],[84.1991298,22.6657866],[84.1994994,22.6660208],[84.200188,22.6664572],[84.2015544,22.6667518],[84.2023487,22.6668348],[84.2043001,22.6676819],[84.2043774,22.6677155],[84.2045085,22.6677724],[84.2047608,22.6678364],[84.2065608,22.6682929],[84.2079017,22.6683782],[84.2091593,22.6682209],[84.2123304,22.6677829],[84.2130819,22.6677096],[84.2132469,22.667565],[84.2130855,22.6672371],[84.2128284,22.6668593],[84.212703,22.6664778],[84.2126923,22.6661456],[84.2129098,22.6658771],[84.2131888,22.6657644],[84.2137726,22.6657482],[84.2161269,22.6657003],[84.2175442,22.6658184],[84.2186966,22.6664863],[84.2195865,22.6671964],[84.2207006,22.6677285],[84.221941,22.6683208],[84.2241214,22.6698874],[84.2261237,22.6717739],[84.2272235,22.673143],[84.2280597,22.6745196],[84.2321965,22.6782887],[84.2332074,22.6792404],[84.233731,22.6802757],[84.2338439,22.6808499],[84.2339674,22.6823338],[84.2343948,22.6844741],[84.2344387,22.6849541],[84.2344825,22.685434],[84.234616,22.6857715],[84.2347494,22.6861089],[84.2365697,22.6893477],[84.2382026,22.6914543],[84.2382117,22.691734],[84.2366276,22.693458],[84.2351901,22.6950554],[84.2340807,22.6968887],[84.2335554,22.6981281],[84.2329291,22.7003329],[84.2329509,22.7021695],[84.2330597,22.7031989],[84.2332895,22.7038924],[84.2337352,22.7042649],[84.2342186,22.7046364],[84.2344343,22.7048928],[84.2344467,22.7052774],[84.234127,22.7105356],[84.2334014,22.7154902],[84.2334014,22.7154902],[84.2322898,22.7230801],[84.232258,22.7244284],[84.232087,22.725553],[84.2316724,22.726142],[84.2306783,22.7268871],[84.2299503,22.7276948],[84.2298491,22.728065],[84.2298672,22.7286245],[84.2300216,22.7298975],[84.2302312,22.7317114],[84.2302382,22.7317985],[84.2303149,22.7327441],[84.2300196,22.735272],[84.2300431,22.7371611],[84.2302655,22.7382048],[84.2310415,22.7395685],[84.2312652,22.7399617],[84.2326441,22.7417781],[84.2346226,22.7434727],[84.2354944,22.7440489],[84.2361861,22.744506],[84.237599,22.7456994],[84.2382009,22.7459217],[84.2387442,22.7461223],[84.2403805,22.7465666],[84.2416547,22.7474759],[84.2431713,22.749444],[84.2440082,22.750863],[84.2444322,22.751445],[84.2453211,22.7526651],[84.2478178,22.7548138],[84.2498999,22.7562198],[84.2501977,22.7564209],[84.2513269,22.7571834],[84.2531448,22.7585293],[84.2537858,22.7590038],[84.2546764,22.7595525],[84.2555668,22.7601011],[84.2567016,22.7614525],[84.2576036,22.7634684],[84.2586262,22.765835],[84.2596454,22.7669872],[84.2602841,22.7672423],[84.2607507,22.7674286],[84.2637746,22.7676136],[84.2686908,22.7678467],[84.2711017,22.7681837],[84.2735935,22.7687714],[84.2759547,22.768705],[84.278513,22.767992],[84.2794475,22.7676619],[84.2806869,22.7666486],[84.2834518,22.7644789],[84.2853379,22.7632281],[84.2861018,22.7632402],[84.2873998,22.7640133],[84.2885683,22.7652678],[84.2893595,22.7661171],[84.2895107,22.7685083],[84.2894799,22.7697828],[84.2898594,22.7713747],[84.2909881,22.7730802],[84.2915177,22.7737063],[84.2921323,22.7747011],[84.2922382,22.7757103],[84.291687,22.7777501],[84.2910918,22.779555],[84.2907639,22.7806439],[84.2907283,22.7817752],[84.2911448,22.7833828],[84.2923178,22.78588],[84.2926394,22.7863762],[84.2937353,22.7880666],[84.2964881,22.7921555],[84.2979398,22.7942737],[84.2993385,22.7958872],[84.3000629,22.796023],[84.3010584,22.7962097],[84.3045291,22.7966849],[84.3057784,22.7970712],[84.3060017,22.7975928],[84.3064953,22.7987462],[84.3066059,22.7990046],[84.3075005,22.8007673],[84.3082236,22.8007845],[84.3100848,22.8008289],[84.3126932,22.8005187],[84.3142545,22.8004407],[84.315098,22.8006529],[84.3151918,22.8012207],[84.3153255,22.8020297],[84.3149987,22.8042489],[84.3150303,22.806306],[84.3150931,22.8093069],[84.3157251,22.8119205],[84.3164348,22.8135873],[84.3176457,22.8150037],[84.3200678,22.8178532],[84.3220743,22.8202253],[84.3224281,22.821025],[84.3226968,22.8236489],[84.3228442,22.8270016],[84.3236184,22.82951],[84.3245663,22.8324711],[84.3245924,22.8325525],[84.3253276,22.8349776],[84.3256171,22.8371287],[84.3251976,22.8376467],[84.3242074,22.8374049],[84.323324,22.8370927],[84.3219825,22.8372321],[84.3217448,22.8377449],[84.3223715,22.8401901],[84.3224147,22.8403325],[84.3228817,22.8418709],[84.3230008,22.8432677],[84.3230802,22.8445643],[84.3230199,22.8460422],[84.3228756,22.8471765],[84.3229943,22.8480165],[84.3238189,22.8487439],[84.3241343,22.8494771],[84.3242193,22.8509423],[84.3253033,22.8512657],[84.3261751,22.8523206],[84.3276498,22.8545475],[84.3291569,22.8561071],[84.3301383,22.8571757],[84.3336168,22.8605685],[84.3347772,22.8615475],[84.3350998,22.8614825],[84.3357532,22.861351],[84.3372033,22.860095],[84.3380259,22.8596667],[84.3402216,22.8600425],[84.3416349,22.8598672],[84.3429189,22.8590883],[84.3442253,22.8589835],[84.3462482,22.8596341],[84.3476101,22.8601013],[84.3492405,22.8609824],[84.3494592,22.8612495],[84.3508335,22.8629274],[84.3519938,22.864986],[84.3524741,22.8643664],[84.3527962,22.8639509],[84.3545392,22.8627538],[84.3552472,22.86216],[84.3574737,22.862366],[84.3582259,22.8620071],[84.3588896,22.8611784],[84.3594498,22.8605212],[84.3647191,22.8624956],[84.366251,22.8626034],[84.3697042,22.8635838],[84.3725115,22.8652687],[84.3726008,22.8653223],[84.3734694,22.8673555],[84.3732937,22.8687784],[84.3730973,22.8703689],[84.3733566,22.8715929],[84.3737552,22.8720387],[84.3746799,22.8730732],[84.3765066,22.8743701],[84.3805139,22.8766671],[84.3809203,22.8790171],[84.3802884,22.8807898],[84.3794383,22.8825687],[84.3791875,22.8837737],[84.379677,22.8853454],[84.3804653,22.8871446],[84.3817218,22.8887953],[84.3826079,22.8902543],[84.3829361,22.8913583],[84.3831511,22.893427],[84.3828851,22.8952567],[84.3827233,22.8956934],[84.3824179,22.8965185],[84.3814656,22.8974232],[84.3791802,22.8987374],[84.3782824,22.8991006],[84.3773177,22.8996345],[84.3756788,22.9006939],[84.3750627,22.9018587],[84.3748967,22.9023359],[84.3749524,22.9027504],[84.3751878,22.9045037],[84.3762737,22.9075765],[84.3775438,22.9096318],[84.3791529,22.910935],[84.381359,22.9126766],[84.381604,22.9127686],[84.3832761,22.9133973],[84.3855399,22.913602],[84.38789,22.9142089],[84.3893082,22.9152477],[84.390673,22.9168615],[84.3928345,22.919431],[84.3948529,22.9231515],[84.3952051,22.9249633],[84.3955505,22.9287322],[84.395039,22.9329982],[84.3950993,22.9369441],[84.3948839,22.9377352],[84.3943216,22.9398007],[84.3936827,22.9424509],[84.3931856,22.9428939],[84.3914911,22.9444036],[84.3887901,22.946371],[84.3873804,22.9477613],[84.3856774,22.9490926],[84.3845655,22.9506766],[84.3836081,22.9525262],[84.383526,22.954418],[84.3834098,22.957458],[84.3834452,22.9595995],[84.382715,22.9627922],[84.3814924,22.9665051],[84.3800951,22.9704422],[84.3796049,22.9713178],[84.3787896,22.9727741],[84.377343,22.9752451],[84.3753222,22.9768891],[84.3728955,22.9783759],[84.3704382,22.9767764],[84.3691806,22.9760007],[84.3685045,22.9755836],[84.3671641,22.9747111],[84.3649993,22.9742334],[84.3628606,22.9745309],[84.3614075,22.9746401],[84.358408,22.9753333],[84.3550642,22.9766271],[84.3534141,22.9773828],[84.3521905,22.9778227],[84.3510716,22.9781247],[84.349971,22.9778862],[84.3490765,22.9772707],[84.3481012,22.9764214],[84.3468153,22.976087],[84.3451019,22.9760347],[84.343758,22.9761406],[84.3430393,22.9764311],[84.3424398,22.9770218],[84.3415729,22.9783286],[84.3408654,22.9789561],[84.3395522,22.9799889],[84.3380715,22.9803685],[84.3370427,22.9800942],[84.3353746,22.9803105],[84.3341442,22.9805479],[84.3329776,22.9805137],[84.3319952,22.9805417],[84.331025,22.9809404],[84.3300219,22.9814414],[84.3292292,22.9817001],[84.3281069,22.9819008],[84.3276102,22.9817288],[84.3272963,22.9816202],[84.3266677,22.9813343],[84.3256684,22.9808567],[84.3243849,22.9799163],[84.32425,22.9798174],[84.3224671,22.9787715],[84.3213202,22.9782305],[84.3205227,22.9778305],[84.3192832,22.9772087],[84.3191451,22.9763354],[84.3192331,22.9759201],[84.319397,22.9751473],[84.3193873,22.9751111],[84.3189819,22.973607],[84.3186091,22.9733477],[84.3173687,22.9732818],[84.3147951,22.9725451],[84.3132852,22.9719918],[84.3129149,22.9718561],[84.312015,22.9710719],[84.3113742,22.9704152],[84.3110619,22.9696773],[84.3107816,22.9690149],[84.3095565,22.9683074],[84.3076339,22.9674342],[84.3060595,22.967175],[84.303516,22.9673483],[84.302053,22.9671534],[84.3003991,22.9666941],[84.2986294,22.9660356],[84.2973824,22.9657673],[84.2955076,22.9652297],[84.2939607,22.9646999],[84.2920874,22.9642129],[84.2905494,22.9639526],[84.2892331,22.9637873],[84.2871571,22.9637783],[84.2856566,22.9635507],[84.2841582,22.9633906],[84.2823415,22.9635092],[84.2810911,22.9636879],[84.280536,22.9639734],[84.2799986,22.9647983],[84.2787751,22.9669077],[84.2787801,22.9676161],[84.2791716,22.9690053],[84.2791277,22.9709971],[84.278593,22.9713495],[84.2777959,22.9714732],[84.2770771,22.9717633],[84.2770717,22.9727082],[84.2771236,22.9742925],[84.2767086,22.9749621],[84.2758851,22.9753901],[84.2755644,22.9767149],[84.275721,22.9781613],[84.2754322,22.9793503],[84.2746616,22.9802829],[84.2739989,22.9811788],[84.2738469,22.982094],[84.2736793,22.9836508],[84.2741734,22.984278],[84.274607,22.9841713],[84.2752573,22.9840113],[84.276065,22.9842079],[84.2760629,22.9852539],[84.2765636,22.9859483],[84.2766352,22.9860476],[84.2774049,22.9861946],[84.2780591,22.9865828],[84.2781106,22.9866134],[84.2785253,22.9870404],[84.2781482,22.9877595],[84.2780568,22.9883019],[84.2783633,22.9887656],[84.2782366,22.9893428],[84.2776302,22.989731],[84.2769145,22.9901222],[84.2767139,22.9906677],[84.2772499,22.9914624],[84.2785038,22.9919332],[84.2785247,22.9925702],[84.2785348,22.992877],[84.2780081,22.993241],[84.2778224,22.9933694],[84.2770218,22.9933919],[84.2761264,22.9927423],[84.2752461,22.9923809],[84.2752033,22.9923634],[84.2747931,22.9920713],[84.2745516,22.9913695],[84.2747478,22.9906893],[84.2742218,22.9901979],[84.2734896,22.9900835],[84.2725854,22.9902776],[84.2716215,22.9900363],[84.2713735,22.9899742],[84.2705476,22.9892215],[84.2703324,22.9882153],[84.2701979,22.987443],[84.2680048,22.9855392],[84.2676139,22.9852803],[84.2674545,22.984863],[84.267382,22.9841713],[84.2673752,22.9841061],[84.2673581,22.9835836],[84.267127,22.9832021],[84.2664468,22.9829685],[84.265977,22.9820028],[84.2658225,22.981901],[84.2654372,22.9816468],[84.2649724,22.9813562],[84.2646026,22.981181],[84.2645107,22.9811998],[84.2639333,22.9813179],[84.2631795,22.9811028],[84.2628979,22.9808408],[84.2627166,22.980306],[84.262629,22.979853],[84.2626877,22.9796585],[84.2627932,22.9793086],[84.2626499,22.9788234],[84.2617343,22.9786634],[84.261313,22.9785909],[84.2611411,22.9783427],[84.2612464,22.977665],[84.2611354,22.9772663],[84.2611019,22.977146],[84.2607116,22.9769039],[84.2602353,22.9769068],[84.259947,22.9769085],[84.2594133,22.9767378],[84.258034,22.9757643],[84.2579583,22.9753547],[84.2579456,22.9752859],[84.2574345,22.974693],[84.256638,22.9742767],[84.2555642,22.9737331],[84.255354,22.9736838],[84.2541512,22.9734015],[84.253025,22.9729269],[84.252293,22.9728039],[84.2505641,22.9728354],[84.2497194,22.9731794],[84.2488124,22.9738232],[84.2481976,22.9745122],[84.2476068,22.9751686],[84.2465994,22.976055],[84.2455254,22.9768268],[84.244403,22.9780362],[84.243481,22.9796183],[84.2431508,22.9810529],[84.2426306,22.9824347],[84.2420305,22.983295],[84.2412953,22.9835306],[84.2410359,22.9836137],[84.2402164,22.9835202],[84.2399787,22.9834541],[84.2397411,22.983388],[84.237203,22.9827961],[84.2371781,22.9827903],[84.2351625,22.9826137],[84.2343141,22.9824769],[84.2339314,22.9824152],[84.2328352,22.982504],[84.2313433,22.9829818],[84.2303497,22.9833294],[84.2295587,22.9831477],[84.2283533,22.982774],[84.2267203,22.9818013],[84.2224697,22.9799994],[84.2203764,22.9793593],[84.2191757,22.9791308],[84.2187098,22.9792892],[84.2185774,22.9800492],[84.2181459,22.9822429],[84.2176483,22.9833621],[84.2175234,22.9843547],[84.2171092,22.9861115],[84.2168762,22.9873519],[84.2165599,22.9890358],[84.2160196,22.9898071],[84.2143675,22.991162],[84.2120837,22.9933779],[84.2105731,22.9952233],[84.209747,22.9968752],[84.2076776,22.9998997],[84.206337,23.000926],[84.2028663,23.0031164],[84.2008472,23.0053429],[84.2006687,23.0077069],[84.2013816,23.0105622],[84.2018352,23.0110436],[84.2021435,23.0113708],[84.2028981,23.0121716],[84.2034493,23.0144564],[84.2025017,23.0166647],[84.2021534,23.0191954],[84.2019546,23.0199688],[84.2016724,23.0210664],[84.1995025,23.0228956],[84.1967427,23.0242103],[84.1954,23.0245422],[84.1917838,23.0254675],[84.1899355,23.0259164],[84.1859876,23.0270389],[84.1858018,23.0270917],[84.1857665,23.0269356],[84.185709,23.0266814],[84.1856162,23.0262712],[84.184961,23.0256994],[84.1841918,23.0255436],[84.1824458,23.0257096],[84.1815801,23.025527],[84.1811275,23.0251611],[84.1802398,23.0244433],[84.1796182,23.0230802],[84.179589,23.0230163],[84.17943,23.0215314],[84.179368,23.0205896],[84.1794685,23.0187586],[84.1795532,23.0174293],[84.179112,23.0155838],[84.1785747,23.0147139],[84.1780953,23.0136655],[84.1781223,23.0120281],[84.1781069,23.0120071],[84.1774896,23.0111609],[84.1765135,23.0105094],[84.1764131,23.01048],[84.1758707,23.0103207],[84.1752408,23.0095418],[84.1753845,23.0080635],[84.1757928,23.0058997],[84.1767591,23.0037648],[84.1774838,23.002536],[84.1780916,23.0016347],[84.1786034,23.000897],[84.1786863,23.0005456],[84.1786843,23.0004949],[84.1786673,23.0000735],[84.1783895,22.999492],[84.1779544,22.9991123],[84.1778968,22.999062],[84.1767665,22.9984603],[84.1763208,22.998364],[84.1756914,22.998228],[84.1751383,22.9976322],[84.1749961,22.9971125],[84.1749663,22.9961825],[84.1752805,22.9942249],[84.1753197,22.9940773],[84.175841,22.9921151],[84.1762472,22.9896024],[84.1762681,22.9882928],[84.176011,22.9861472],[84.1760974,22.9849232],[84.1774844,22.9821507],[84.1780793,22.9811162],[84.1779933,22.9803914],[84.1770452,22.9787302],[84.1755135,22.9760089],[84.174319,22.9740054],[84.1724305,22.9714101],[84.1717816,22.9707588],[84.1705442,22.9703565],[84.1685927,22.9702063],[84.1671617,22.9701292],[84.164664,22.9695868],[84.1646639,22.9695868],[84.1631596,22.968897],[84.1626883,22.9686809],[84.1606048,22.9678363],[84.1583,22.9674338],[84.157753,22.9672623],[84.156508,22.9668719],[84.1557608,22.9664052],[84.1552586,22.9660915],[84.1539716,22.9660977],[84.1519685,22.9662977],[84.1507358,22.9662102],[84.1504895,22.9661927],[84.1504126,22.9661606],[84.1492484,22.9656739],[84.1488371,22.9675468],[84.1484821,22.969709],[84.1481703,22.9717537],[84.1475466,22.9728761],[84.1467716,22.9741771],[84.1464745,22.9756978],[84.1462984,22.9770698],[84.1461757,22.9791384],[84.1462598,22.9812887],[84.146521,22.9825906],[84.1474042,22.98469],[84.1475279,22.9866065],[84.1473213,22.9880084],[84.1470095,22.9890641],[84.146575,22.9902103],[84.145522,22.992159],[84.1443137,22.9941554],[84.1435284,22.9953839],[84.1425611,22.9970684],[84.1416888,22.9985591],[84.1409526,22.9998174],[84.1405124,23.0007893],[84.1400856,23.0018484],[84.1389143,23.0030599],[84.1381808,23.0040234],[84.1400707,23.0073925],[84.1401247,23.0082786],[84.1402035,23.0095709],[84.138772,23.0106125],[84.1378008,23.0121132],[84.1364703,23.0143315],[84.1355308,23.0158314],[84.1345913,23.0173313],[84.1339502,23.020209],[84.1332728,23.0209351],[84.1318898,23.0215035],[84.131216,23.0223474],[84.1310157,23.0240631],[84.1304878,23.0254928],[84.1289905,23.0264771],[84.12853,23.0280229],[84.1281512,23.0287943],[84.1269745,23.0311907],[84.1258848,23.0349946],[84.1255495,23.0364782],[84.1258252,23.0401565],[84.12648,23.0427337],[84.1269721,23.0441948],[84.1263001,23.0450976],[84.1257657,23.0453185],[84.1252313,23.0455394],[84.1247312,23.0478529],[84.1254066,23.0510783],[84.1261776,23.0532984],[84.1268231,23.0555809],[84.126894,23.05782],[84.1273787,23.0590454],[84.1290184,23.0605343],[84.1311814,23.0634539],[84.1325796,23.0653621],[84.1338936,23.068629],[84.1341538,23.070804],[84.1327963,23.0742025],[84.133107,23.0759633],[84.1341253,23.0779408],[84.1344267,23.079407],[84.1338344,23.0817356],[84.133747,23.0820794],[84.1334605,23.0830897],[84.1319484,23.0846347],[84.1310778,23.0853071],[84.1302071,23.0859794],[84.1296154,23.0864083],[84.1290237,23.0868371],[84.127977,23.087986],[84.1261718,23.0893325],[84.1244432,23.0892113],[84.1237452,23.0891623],[84.1230283,23.0886509],[84.1229123,23.0885642],[84.1225714,23.0883095],[84.1221146,23.087968],[84.1204631,23.0881307],[84.11863,23.0885931],[84.1157444,23.0900275],[84.1140776,23.0917239],[84.1133151,23.0938086],[84.1131873,23.0958172],[84.1129662,23.0968848],[84.1119742,23.0972508],[84.1102636,23.0975624],[84.1089807,23.0983047],[84.1086321,23.0993756],[84.1084026,23.100178],[84.107821,23.1009309],[84.1069173,23.1015745],[84.106667,23.1027313],[84.106366,23.1043023],[84.105658,23.105088],[84.1044332,23.1056518],[84.1026381,23.1063194],[84.1014596,23.1068378],[84.0991455,23.108227],[84.0986864,23.1088291],[84.0970232,23.1096405],[84.0951214,23.1099571],[84.0942946,23.1100088],[84.0932252,23.1104504],[84.0926351,23.110938],[84.0928238,23.1118766],[84.0935428,23.112447],[84.093171,23.1127814],[84.0922149,23.1127776],[84.0918378,23.1127381],[84.0906484,23.1126133],[84.0895014,23.1126146],[84.0878642,23.1127324],[84.0841292,23.1125082],[84.0820468,23.1121512],[84.0802464,23.1116392],[84.0781886,23.1110456],[84.0765446,23.110441],[84.0755075,23.109879],[84.0736224,23.109207],[84.0724052,23.1090036],[84.0704734,23.1093797],[84.0675348,23.1101659],[84.0664033,23.1106679],[84.0651902,23.1116144],[84.0637861,23.112566],[84.0625855,23.1134089],[84.0618648,23.1153301],[84.0610085,23.1175056],[84.0600494,23.1194479],[84.059224,23.121593],[84.0587559,23.1229324],[84.0588263,23.124169],[84.0582994,23.1261735],[84.057026,23.1272395],[84.0554642,23.1282542],[84.0535115,23.1300164],[84.0512811,23.1320809],[84.0502152,23.1336721],[84.0494225,23.13433],[84.0492056,23.1345099],[84.0479919,23.1344242],[84.0464289,23.1343773],[84.0448487,23.1348026],[84.0436306,23.1356016],[84.0422487,23.1362575],[84.0408286,23.1367081],[84.0399825,23.1371728],[84.0385096,23.1384946],[84.037469,23.1398786],[84.0369706,23.1412777],[84.0370909,23.1431027],[84.0369,23.145172],[84.0368648,23.1471191],[84.0366902,23.1481705],[84.0357086,23.1494055],[84.0346614,23.1505833],[84.0333103,23.1522408],[84.032477,23.1541501],[84.0320185,23.1560716],[84.0318977,23.1578294],[84.0321653,23.1597833],[84.0323943,23.1604848],[84.0334641,23.1618352],[84.0343761,23.1629758],[84.0350551,23.1643142],[84.0355876,23.1660694],[84.0360244,23.166795],[84.036505,23.1679765],[84.0371535,23.1692359],[84.0376483,23.1700004],[84.0382905,23.1710858],[84.0390704,23.1724068],[84.0393893,23.1731442],[84.0394686,23.1733276],[84.0398014,23.173934],[84.0400325,23.1742356],[84.0402799,23.1753655],[84.0402516,23.1762379],[84.040393,23.1766272],[84.0407989,23.1772061],[84.0410254,23.1776616],[84.0411681,23.1789823],[84.0413169,23.1796108],[84.0416529,23.1800206],[84.0420157,23.1803998],[84.0423263,23.1807334],[84.0425121,23.1812155],[84.0426475,23.1817118],[84.0429353,23.1826485],[84.0433781,23.1832264],[84.0437152,23.1833712],[84.044133,23.1835866],[84.0448866,23.184058],[84.0457706,23.1848548],[84.0463313,23.1853612],[84.0473685,23.1864872],[84.0477297,23.1867852],[84.0478853,23.1869136],[84.0484509,23.1871293],[84.0486977,23.187145],[84.0488765,23.1871564],[84.0493055,23.1874355],[84.0496375,23.1878625],[84.0498735,23.1886211],[84.0501512,23.1889342],[84.0509777,23.1893694],[84.05248,23.1901499],[84.0534366,23.1906072],[84.0546616,23.1915275],[84.0562951,23.192958],[84.0565327,23.1931697],[84.0566206,23.1933211],[84.0564893,23.1935554],[84.0564788,23.193812],[84.0566395,23.1942265],[84.0569699,23.1947475],[84.0571113,23.1951368],[84.0575236,23.1970999],[84.0576495,23.1977505],[84.0581032,23.199174],[84.058434,23.1999383],[84.0589596,23.2003818],[84.0596165,23.2006641],[84.0601737,23.2010197],[84.0603996,23.2011638],[84.0617238,23.2020594],[84.0622017,23.2026146],[84.0624965,23.2033167],[84.0631663,23.2056496],[84.0632527,23.2062309],[84.0631862,23.2068322],[84.0628101,23.2078993],[84.0622636,23.2089709],[84.061168,23.2104832],[84.0610896,23.2105892],[84.0602515,23.2117224],[84.0594453,23.2126747],[84.0587283,23.2137508],[84.0579383,23.2152234],[84.0574167,23.2165468],[84.0567645,23.2180629],[84.0559707,23.2194093],[84.0557591,23.2202827],[84.0556932,23.2214519],[84.055807,23.2229162],[84.0560657,23.2251969],[84.056392,23.2269079],[84.0568566,23.2286782],[84.0574557,23.2309341],[84.0578881,23.2322163],[84.0586518,23.2342783],[84.0590783,23.2353713],[84.0590805,23.2359866],[84.0576841,23.2382641],[84.0570312,23.2392123],[84.056126,23.2402777],[84.0553407,23.2413556],[84.0538284,23.2437466],[84.0536236,23.2448407],[84.0537342,23.2472989],[84.0540194,23.2482379],[84.0544239,23.2491738],[84.0550663,23.2503752],[84.0555436,23.2517534],[84.0568177,23.2555339],[84.0597758,23.2680377],[84.0598544,23.2687886],[84.0601837,23.2691626],[84.0607767,23.2695807],[84.0610697,23.269696],[84.0614756,23.2698556],[84.0621234,23.2702595],[84.0627547,23.2710211],[84.0633073,23.2719124],[84.0640101,23.2731954],[84.0645963,23.2747239],[84.0647132,23.2753716],[84.0646371,23.2764712],[84.0645364,23.2772268],[84.0642818,23.2783565],[84.063772,23.2806034],[84.0633841,23.2823365],[84.0628031,23.2849553],[84.0625592,23.286876],[84.0624836,23.288435],[84.0627945,23.289103],[84.0633829,23.2898148],[84.064386,23.290439],[84.0644251,23.2904633],[84.0647197,23.2906086],[84.0649129,23.2906035],[84.0652109,23.2904169],[84.0654166,23.2903731],[84.0659462,23.2905249],[84.0664537,23.2908559],[84.066542,23.2910027],[84.0670655,23.2918732],[84.0678983,23.2933313],[84.0681196,23.2937848],[84.0680342,23.2941444],[84.067758,23.2945857],[84.066223,23.2980595],[84.0641277,23.3026074],[84.0628277,23.3052298],[84.0621788,23.3065388],[84.0621862,23.3076616],[84.0628309,23.308844],[84.0636956,23.309995],[84.0659593,23.3134823],[84.0708888,23.3235854],[84.0719167,23.325753],[84.0725469,23.3271271],[84.0732675,23.3285244],[84.0736818,23.32896],[84.074017,23.3290787],[84.0742825,23.3291737],[84.0746429,23.3300956],[84.0747653,23.3304752],[84.0748415,23.3313664],[84.0748205,23.3331217],[84.0747175,23.3333605],[84.0745928,23.333568],[84.0743507,23.3337787],[84.0742713,23.3338409],[84.0739125,23.3341222],[84.0726947,23.3349331],[84.0693927,23.3375735],[84.0687229,23.3382422],[84.068458,23.3386066],[84.0683091,23.3391465],[84.067964,23.340483],[84.0675769,23.3422416],[84.0670456,23.343366],[84.0665836,23.3440547],[84.0658593,23.3447503],[84.0643369,23.3459905],[84.0633097,23.3467197],[84.0617735,23.3484068],[84.0601577,23.3501981],[84.0585784,23.3513886],[84.0578306,23.3517786],[84.057062,23.3519394],[84.0562092,23.3520642],[84.0554792,23.3521346],[84.0548717,23.3521508],[84.054473,23.3522124],[84.0543267,23.352395],[84.0543642,23.352713],[84.0543872,23.3530059],[84.0543581,23.3534023],[84.0542178,23.3537761],[84.0537079,23.3547084],[84.0526174,23.3569579],[84.0521015,23.3585795],[84.0520543,23.3592826],[84.052283,23.3604123],[84.0527898,23.362045],[84.0531638,23.3628482],[84.0534413,23.3634442],[84.0534814,23.3642854],[84.0534981,23.3648209],[84.0529225,23.3663037],[84.0526792,23.3669225],[84.0523582,23.3672629],[84.0515977,23.3676914],[84.0505355,23.3681918],[84.0493368,23.3687468],[84.0485685,23.369367],[84.0482195,23.3696953],[84.0482038,23.3700785],[84.0482713,23.3704723],[84.0483929,23.3708264],[84.0487022,23.3709968],[84.0491085,23.3711775],[84.049988,23.371907],[84.0501076,23.3720421],[84.0505179,23.3725054],[84.0510775,23.3736136],[84.0511258,23.3742759],[84.0508371,23.3747685],[84.0501223,23.3748895],[84.0482131,23.3754494],[84.0461768,23.3759896],[84.0440135,23.3766339],[84.0402319,23.3776785],[84.0364164,23.3785196],[84.0340067,23.3783537],[84.0330295,23.3782548],[84.0318532,23.3781357],[84.0302083,23.3779692],[84.0267138,23.3775765],[84.0265923,23.3775308],[84.0238615,23.3765033],[84.022055,23.3753352],[84.0216618,23.375081],[84.0194401,23.3729446],[84.0175892,23.3711813],[84.017354,23.3708948],[84.0162969,23.3696075],[84.015017,23.365749],[84.0138322,23.3622837],[84.0128118,23.3574231],[84.0122704,23.355102],[84.0118918,23.3544739],[84.0113929,23.3539766],[84.0107768,23.3537121],[84.0097675,23.3536876],[84.0090082,23.3537075],[84.0057111,23.3538707],[84.0048035,23.3540094],[84.0042312,23.3542669],[84.0036813,23.3548046],[84.0035404,23.3551656],[84.0035048,23.3558045],[84.003255,23.3566661],[84.0030325,23.3570675],[84.002599,23.3573469],[84.0017473,23.3575096],[84.0009044,23.3575062],[84.0005559,23.3574069],[84.0002075,23.3573075],[83.9995602,23.3573755],[83.9988927,23.3576865],[83.9983669,23.3581087],[83.9980003,23.3583621],[83.9969368,23.3587238],[83.9968788,23.3587436],[83.9944586,23.3595598],[83.9932234,23.3597102],[83.9926944,23.3597867],[83.9925617,23.3598058],[83.9915265,23.3601875],[83.9909665,23.360817],[83.9899657,23.3611509],[83.9889655,23.3620768],[83.9881654,23.3629286],[83.987041,23.3630151],[83.9856645,23.3631914],[83.9846205,23.3634096],[83.9841059,23.363573],[83.9837531,23.3638043],[83.9832533,23.3640765],[83.9830018,23.3641431],[83.9826358,23.36424],[83.9820181,23.3643355],[83.9805182,23.3645268],[83.9802782,23.3645915],[83.9802783,23.3647405],[83.9805279,23.3650293],[83.9806308,23.365273],[83.9805871,23.3656252],[83.9802795,23.366262],[83.9802406,23.3664787],[83.9802706,23.3673185],[83.9803003,23.3677925],[83.9802565,23.3681086],[83.9800512,23.3682577],[83.9796846,23.3683934],[83.9792253,23.368949],[83.9788247,23.3694369],[83.9784875,23.3697351],[83.9780718,23.3697489],[83.9776175,23.3703903],[83.9770164,23.3710408],[83.976127,23.3718405],[83.9751255,23.3732271],[83.9750376,23.3734845],[83.975038,23.3739586],[83.9751949,23.3744461],[83.9752489,23.3747711],[83.9750779,23.375015],[83.9747358,23.3753313],[83.973885,23.3755756],[83.9735477,23.3757519],[83.9734011,23.3759822],[83.9731669,23.3766054],[83.9730108,23.3772015],[83.9728496,23.3774725],[83.9717742,23.3781955],[83.9707478,23.3791442],[83.9706208,23.379361],[83.9705771,23.3798622],[83.9704161,23.3803092],[83.9697513,23.3808424],[83.9694141,23.3812399],[83.9694289,23.3813708],[83.9695464,23.3815468],[83.9698692,23.381655],[83.9700161,23.3817903],[83.9700407,23.3820205],[83.9698796,23.3823999],[83.9693321,23.3828065],[83.9689606,23.3831363],[83.9688189,23.3834073],[83.9689217,23.3835427],[83.9691565,23.3835696],[83.9695722,23.3834475],[83.9698657,23.383515],[83.9699832,23.3836504],[83.9699393,23.3838265],[83.9692701,23.3850594],[83.9690794,23.385195],[83.96883,23.3852764],[83.968331,23.3850871],[83.9681256,23.3850872],[83.967979,23.3852769],[83.9679498,23.3854124],[83.9680673,23.3855658],[83.9683167,23.3856063],[83.968757,23.3856737],[83.9690214,23.3861205],[83.969139,23.3864184],[83.9691392,23.3866668],[83.9688752,23.3868927],[83.9686698,23.3868792],[83.968523,23.3867574],[83.9684494,23.3864866],[83.9683466,23.386297],[83.9682439,23.3863106],[83.9671636,23.3873406],[83.9670024,23.3875845],[83.9670466,23.3878825],[83.9672376,23.3881578],[83.96759,23.3884555],[83.968045,23.3886449],[83.9683532,23.3888479],[83.9684758,23.3891864],[83.9683929,23.389525],[83.9678649,23.3900129],[83.9675894,23.3901949],[83.9674543,23.3902841],[83.9674399,23.390722],[83.9674988,23.3910064],[83.967675,23.3912366],[83.9678511,23.3912635],[83.9680711,23.390979],[83.9683643,23.3907079],[83.9687165,23.3907077],[83.9688927,23.390816],[83.9689809,23.3911003],[83.9689521,23.391913],[83.9688157,23.3926174],[83.9686987,23.3931592],[83.9688016,23.3934887],[83.9697018,23.3937455],[83.9700662,23.393821],[83.9700932,23.3938265],[83.9703282,23.3940973],[83.9704411,23.3947473],[83.9703976,23.3953238],[83.9703927,23.3953885],[83.9702953,23.396007],[83.9704277,23.3964991],[83.9706775,23.3969323],[83.971118,23.3973113],[83.9716416,23.3976089],[83.971994,23.3979338],[83.9720969,23.3982046],[83.9720482,23.3984078],[83.9719945,23.3986155],[83.9716868,23.3992794],[83.9716723,23.3995096],[83.9718192,23.399645],[83.9723035,23.3996582],[83.9726997,23.3997257],[83.9728368,23.3998881],[83.9727978,23.4000101],[83.9724017,23.4002406],[83.9717709,23.4005796],[83.9714777,23.4008777],[83.9714778,23.4010448],[83.9718007,23.4011935],[83.9721237,23.4012746],[83.9721971,23.4014235],[83.972227,23.4021278],[83.972154,23.4026741],[83.9723156,23.4029043],[83.9726239,23.4030531],[83.9729614,23.4030393],[83.9734063,23.4026192],[83.9735676,23.4025378],[83.9738465,23.4025647],[83.9748299,23.4028892],[83.9750943,23.4031328],[83.9752119,23.4034578],[83.9754868,23.4047172],[83.9754926,23.4059407],[83.9755223,23.4064328],[83.9756401,23.4069474],[83.9758164,23.4071324],[83.976286,23.4071546],[83.9765258,23.407299],[83.9770061,23.4083777],[83.9770454,23.4086982],[83.9769286,23.4093845],[83.9769733,23.410319],[83.977189,23.4108697],[83.9774142,23.4110907],[83.9784371,23.4116905],[83.9788043,23.4121327],[83.9792057,23.4124033],[83.9799493,23.4124751],[83.9801647,23.41266],[83.9802041,23.4129173],[83.9801113,23.4131883],[83.9797789,23.4135452],[83.9794072,23.4136402],[83.9788349,23.4136542],[83.9784631,23.4137176],[83.9781942,23.413939],[83.9781406,23.4141512],[83.9781553,23.4142551],[83.9783365,23.4144401],[83.9793745,23.415568],[83.9797466,23.4159831],[83.9798104,23.416245],[83.9798597,23.4167235],[83.9798066,23.4176039],[83.9798999,23.4180463],[83.9803358,23.4185877],[83.9808057,23.4189937],[83.9809038,23.4192871],[83.9808942,23.4195219],[83.9807087,23.4200232],[83.9804794,23.4207863],[83.980426,23.4212875],[83.9804751,23.4215222],[83.9805927,23.4217208],[83.9807787,23.4218787],[83.9816302,23.4222212],[83.9817771,23.422334],[83.9819783,23.423142],[83.9823113,23.4234487],[83.982835,23.4237554],[83.9828656,23.4237732],[83.9840979,23.4244904],[83.9851992,23.425072],[83.9856154,23.4254735],[83.9857624,23.4258301],[83.9857186,23.426101],[83.985479,23.4262592],[83.9851367,23.4264084],[83.9846719,23.4264087],[83.9841238,23.4262601],[83.9837476,23.4268744],[83.9836413,23.4285314],[83.9837688,23.4289241],[83.9840478,23.4290593],[83.9851,23.4293746],[83.9856042,23.4296812],[83.9860987,23.4300872],[83.9861625,23.4303445],[83.9861627,23.4305612],[83.9861627,23.4305657],[83.9859525,23.430751],[83.9856052,23.4308596],[83.9846756,23.4308738],[83.983839,23.4309466],[83.9835113,23.4311455],[83.9833158,23.4313894],[83.9833258,23.431579],[83.9834581,23.4318363],[83.9839917,23.4322287],[83.984354,23.4325354],[83.9852754,23.4343632],[83.9853687,23.4347334],[83.9853053,23.4350404],[83.9851979,23.4352843],[83.9848116,23.4356277],[83.9844939,23.435962],[83.9843815,23.4361698],[83.9842644,23.4365491],[83.9841278,23.4371135],[83.9838248,23.4374343],[83.9833846,23.4377054],[83.9830133,23.4383333],[83.9821681,23.4399998],[83.9818605,23.4407314],[83.9818036,23.4408722],[83.9814161,23.4418333],[83.980825,23.4431339],[83.9801216,23.4445926],[83.9793888,23.446101],[83.9786852,23.4473746],[83.9779276,23.4485309],[83.9771698,23.4493666],[83.9766318,23.4497823],[83.9759032,23.4503562],[83.9750741,23.4513053],[83.9748322,23.4512418],[83.9744659,23.4522036],[83.9743497,23.4538786],[83.9739846,23.4564026],[83.9738187,23.4571025],[83.973791,23.4593418],[83.9739431,23.4598519],[83.9743766,23.4606817],[83.9746303,23.4609677],[83.9754758,23.4614354],[83.9767722,23.4619808],[83.9780966,23.4624742],[83.9797311,23.4630714],[83.9811682,23.4635127],[83.9824081,23.4639541],[83.9834227,23.4644476],[83.984256,23.4650592],[83.98482,23.4657092],[83.9854123,23.4665412],[83.9858364,23.4682838],[83.9862324,23.4702085],[83.9863985,23.47105],[83.9866245,23.4717262],[83.9869915,23.4726364],[83.9873305,23.4736767],[83.9875849,23.474665],[83.9878359,23.4756969],[83.9880339,23.4766333],[83.9882035,23.4771794],[83.9885141,23.4780377],[83.9889092,23.4787398],[83.9902628,23.4800915],[83.9909959,23.4807673],[83.9914996,23.4812226],[83.9920636,23.4817164],[83.9926557,23.4821842],[83.9933041,23.482626],[83.9943191,23.4832755],[83.996208,23.4844707],[83.996941,23.4849384],[83.9974397,23.485449],[83.9977025,23.4857182],[83.9982007,23.486278],[83.9985204,23.48678],[83.9986384,23.487466],[83.9986556,23.488027],[83.9986891,23.4886642],[83.9988789,23.4894376],[83.9993257,23.4900257],[84.0001467,23.4915355],[84.0006618,23.4925429],[84.0011263,23.4937047],[84.0010662,23.4944463],[84.0008512,23.4955494],[84.0007097,23.4963442],[84.0007831,23.4969293],[84.0010089,23.4970765],[84.0026254,23.497468],[84.0034996,23.4975631],[84.0038025,23.497378],[84.0041377,23.4971732],[84.0065527,23.4974416],[84.0073621,23.4976756],[84.0082647,23.4982389],[84.0088056,23.4987351],[84.0092714,23.4994885],[84.0103831,23.5003959],[84.0105687,23.5005474],[84.0114003,23.5012387],[84.0121489,23.5017855],[84.0131224,23.502486],[84.0142624,23.5032949],[84.0146489,23.5034984],[84.0147368,23.5037332],[84.0151075,23.5055032],[84.0151653,23.5065281],[84.015189,23.5075936],[84.0150904,23.508388],[84.0151633,23.5089976],[84.0153781,23.5096885],[84.0156371,23.5102801],[84.0161703,23.5108628],[84.0165516,23.511459],[84.0168198,23.5127369],[84.0169514,23.5135135],[84.0170245,23.5138747],[84.0174598,23.5145387],[84.0177873,23.51518],[84.0180803,23.5159568],[84.0182904,23.5165212],[84.0185835,23.5173973],[84.0186856,23.5181693],[84.0185434,23.518553],[84.0183719,23.5188056],[84.0181464,23.5191667],[84.0180826,23.5193834],[84.0178318,23.520566],[84.0175518,23.5218661],[84.0174681,23.5223265],[84.0174679,23.5226064],[84.017551,23.5227915],[84.0178689,23.5231755],[84.0187741,23.5238668],[84.0189698,23.5241018],[84.0191507,23.5244495],[84.0192874,23.5249462],[84.0195609,23.5258133],[84.0196782,23.5260661],[84.0198005,23.5262559],[84.0198836,23.5263462],[84.0201381,23.5266172],[84.0205343,23.5269155],[84.0208574,23.5271053],[84.0212587,23.5273403],[84.0215865,23.5276746],[84.0215323,23.5280718],[84.0212181,23.5290694],[84.0210555,23.5304102],[84.0213144,23.5311462],[84.0220922,23.5321264],[84.0230217,23.5332241],[84.0231439,23.5334092],[84.0232711,23.5336847],[84.0233052,23.5338518],[84.0233635,23.5344613],[84.023495,23.5354772],[84.0237342,23.5363441],[84.0238369,23.5365158],[84.0243406,23.5374416],[84.024864,23.5381824],[84.0251674,23.5382819],[84.0253828,23.5384129],[84.0256129,23.5386208],[84.0261256,23.5404495],[84.0262526,23.5409146],[84.0263794,23.5414926],[84.0264574,23.5419801],[84.0264914,23.5424452],[84.0265936,23.5432218],[84.0266961,23.5437545],[84.0268084,23.5442061],[84.0269209,23.5444275],[84.0271459,23.5446849],[84.0273808,23.5448927],[84.0277185,23.5451638],[84.0279386,23.5454212],[84.028056,23.5456019],[84.0280998,23.546058],[84.0281045,23.546383],[84.0279719,23.5468299],[84.0277218,23.5472992],[84.0276384,23.5475204],[84.0275697,23.5477777],[84.0275499,23.5481253],[84.0276326,23.5487755],[84.0275832,23.5493894],[84.0274751,23.549886],[84.0273034,23.5503012],[84.0268125,23.5518449],[84.0266307,23.5526213],[84.0265375,23.5529463],[84.0263413,23.5533616],[84.0262334,23.553542],[84.0260079,23.5538579],[84.0254002,23.5545077],[84.0247189,23.555189],[84.0243759,23.5555634],[84.0249536,23.555803],[84.0257808,23.5562822],[84.0264416,23.5567656],[84.0267691,23.5581416],[84.0270666,23.5593033],[84.0275454,23.560965],[84.0278187,23.5621434],[84.0280923,23.5631549],[84.0285569,23.5639542],[84.0290557,23.5649478],[84.0293051,23.5655664],[84.0295396,23.5664018],[84.0296467,23.5673003],[84.0296824,23.567611],[84.0297343,23.5680633],[84.029636,23.5685328],[84.0293762,23.5689254],[84.0291699,23.5697424],[84.0290467,23.5707265],[84.0287521,23.5716112],[84.0285943,23.5731144],[84.0285104,23.5740534],[84.0284609,23.5747487],[84.0284461,23.5750421],[84.0284163,23.5755794],[84.0283915,23.5759541],[84.0282882,23.5765364],[84.0281752,23.5769877],[84.0280917,23.5774257],[84.0280522,23.5777687],[84.028096,23.5781028],[84.0282183,23.5783737],[84.0284239,23.5786041],[84.0287762,23.5789249],[84.0291578,23.5796836],[84.0292066,23.579932],[84.0291178,23.5807265],[84.0290146,23.5812501],[84.0289114,23.5817692],[84.0286611,23.5824282],[84.0284401,23.5830737],[84.0283813,23.5833084],[84.02842,23.5838592],[84.0285618,23.5841031],[84.029164,23.5846722],[84.02958,23.5850337],[84.0297758,23.585395],[84.0297706,23.5857607],[84.0293038,23.5878281],[84.0291906,23.5884601],[84.0291316,23.5887806],[84.0290039,23.5892635],[84.028891,23.5895434],[84.0287242,23.5898819],[84.0284937,23.5902204],[84.0282046,23.5905361],[84.0281259,23.590789],[84.0281062,23.590983],[84.0281257,23.5911636],[84.0282625,23.59157],[84.0283604,23.5917733],[84.0285022,23.5920081],[84.0286638,23.5921843],[84.0287225,23.592252],[84.0287468,23.5924598],[84.0286977,23.5927667],[84.028325,23.593263],[84.0281926,23.5934391],[84.0281483,23.5937099],[84.0281628,23.5940214],[84.0282067,23.5942471],[84.0284703,23.5955837],[84.0286608,23.5963107],[84.0291937,23.5978099],[84.0297366,23.5990517],[84.0299226,23.5993272],[84.0299234,23.5993292],[84.0300203,23.5995485],[84.0300692,23.5997832],[84.0300593,23.5999954],[84.0299612,23.6001488],[84.029329,23.6004826],[84.0289367,23.6008119],[84.0286719,23.6012993],[84.0285295,23.601683],[84.0285047,23.6020712],[84.0285095,23.6023285],[84.0282351,23.6023284],[84.027853,23.6023236],[84.0271524,23.6023007],[84.0267115,23.6023409],[84.0262901,23.6024265],[84.0261382,23.602467],[84.0256089,23.602724],[84.0247072,23.6031433],[84.0244621,23.603256],[84.0226097,23.6040584],[84.021899,23.6043288],[84.0215168,23.604473],[84.0212964,23.6044638],[84.0204926,23.6049193],[84.019453,23.6060608],[84.0185359,23.6072295],[84.0184771,23.6073423],[84.0183397,23.6075273],[84.0182417,23.6076536],[84.0181093,23.6077754],[84.0178495,23.6079513],[84.0170408,23.6083571],[84.0168938,23.6083886],[84.0167272,23.60842],[84.0166338,23.6087315],[84.0165404,23.6091468],[84.0163534,23.6101354],[84.0162254,23.6108621],[84.0160877,23.611494],[84.0160631,23.6116069],[84.0159845,23.611959],[84.0155576,23.6127758],[84.015013,23.6136964],[84.0147481,23.6140303],[84.0138058,23.6159484],[84.0133789,23.6167471],[84.0127557,23.6178347],[84.0123044,23.6185296],[84.0118187,23.6192064],[84.0110875,23.6206055],[84.0107835,23.6209167],[84.0097442,23.6214487],[84.0079945,23.6220073],[84.0077051,23.6222959],[84.0076655,23.6228016],[84.007758,23.6234833],[84.0081003,23.6242781],[84.0085012,23.6252174],[84.008623,23.6260392],[84.0086815,23.626441],[84.0086223,23.6269286],[84.0085336,23.6273575],[84.0086999,23.6278541],[84.0089299,23.628071],[84.0090964,23.6281795],[84.0100221,23.6286768],[84.0107177,23.6289617],[84.0122019,23.629509],[84.0130984,23.629758],[84.013931,23.6302101],[84.014215,23.6304586],[84.0147095,23.6309059],[84.015243,23.6316105],[84.0162901,23.6335706],[84.0165933,23.6343789],[84.0161279,23.6342026],[84.015251,23.633931],[84.014183,23.6336458],[84.0136782,23.6336139],[84.0119484,23.6336984],[84.0111545,23.6337204],[84.01039,23.6338914],[84.0096744,23.6341076],[84.008851,23.6343507],[84.0085128,23.634373],[84.0082823,23.6343754],[84.0072828,23.6343857],[84.0062391,23.6343669],[84.004975,23.6342078],[84.0040392,23.6339904],[84.0032847,23.6339131],[84.001756,23.6337765],[84.0013689,23.6337717],[84.0004966,23.6338207],[84.0004604,23.6338174],[83.9991246,23.6336976],[83.9979823,23.6342023],[83.9971355,23.6344773],[83.9967847,23.6343983],[83.9963376,23.6342452],[83.994976,23.6338218],[83.9930787,23.6332616],[83.9911664,23.6329358],[83.9901469,23.6329701],[83.9895524,23.6328413],[83.9883331,23.6324561],[83.9879089,23.6323221],[83.9873611,23.6322934],[83.9861786,23.6326042],[83.9851608,23.6329906],[83.983693,23.6333591],[83.9809626,23.6336849],[83.9806499,23.6336518],[83.9804581,23.6334676],[83.980369,23.6330869],[83.9804759,23.6322677],[83.9801643,23.6309081],[83.9797457,23.6295102],[83.9795093,23.6287204],[83.9796286,23.6277842],[83.9805212,23.6260239],[83.9807377,23.6251257],[83.9806626,23.6249798],[83.9805855,23.6249241],[83.9804493,23.6248854],[83.9799684,23.6249302],[83.9789513,23.6252894],[83.9772277,23.6257071],[83.9770313,23.6257143],[83.9761102,23.6257485],[83.9755038,23.6257095],[83.9751354,23.625549],[83.9742228,23.6247731],[83.9735923,23.624075],[83.9734862,23.6240098],[83.9734157,23.6240895],[83.9732197,23.6249521],[83.9730403,23.6255081],[83.9727469,23.6259174],[83.972192,23.6261954],[83.9715807,23.626373],[83.9693501,23.6266903],[83.9680309,23.6265563],[83.9665663,23.625932],[83.9654122,23.6258643],[83.9640835,23.625721],[83.9624621,23.6255269],[83.9618299,23.625334],[83.9615828,23.6252557],[83.9613438,23.6251801],[83.9584229,23.6252763],[83.9574531,23.6257085],[83.9562867,23.6261728],[83.9553616,23.6263667],[83.9552237,23.6263956],[83.9542047,23.6264117],[83.9533461,23.6262685],[83.9526946,23.626092],[83.9523047,23.6259864],[83.9512159,23.6260552],[83.9495179,23.6262114],[83.948781,23.6263141],[83.9482227,23.6265238],[83.9477535,23.6267],[83.9471484,23.6266069],[83.94632,23.6264282],[83.9445196,23.6263565],[83.9436499,23.6262672],[83.9425202,23.6259923],[83.9420072,23.6257295],[83.9414141,23.6251223],[83.9410413,23.6247269],[83.9406256,23.6244931],[83.939488,23.6241367],[83.9387026,23.6237964],[83.9375013,23.6232312],[83.9365235,23.6227427],[83.9354911,23.6224967],[83.9351238,23.6222818],[83.9335234,23.6211945],[83.9319061,23.6204135],[83.9305568,23.6182586],[83.9305519,23.6180477],[83.9306052,23.6169281],[83.9308485,23.6162055],[83.9310944,23.6157191],[83.9313002,23.6153121],[83.931178,23.6142538],[83.9310049,23.6132758],[83.9308688,23.6128129],[83.9307255,23.6118174],[83.9306509,23.6112384],[83.9311192,23.6104716],[83.9319968,23.60937],[83.9325409,23.608713],[83.9329939,23.6081805],[83.9335231,23.6077488],[83.9338161,23.6073575],[83.9337863,23.6065358],[83.933522,23.604428],[83.9335045,23.603074],[83.9333724,23.6024398],[83.9329428,23.6011228],[83.9329906,23.6007538],[83.9339625,23.5993833],[83.9345773,23.5986284],[83.9354856,23.5974642],[83.9362215,23.5964092],[83.9368157,23.5955572],[83.9370253,23.5952566],[83.9371903,23.5948989],[83.9371698,23.5940954],[83.9373008,23.5926722],[83.9373856,23.5923941],[83.9375959,23.5921908],[83.9386104,23.5910918],[83.9390837,23.5905236],[83.9391182,23.5903077],[83.9390778,23.5899369],[83.9388708,23.5895718],[83.9385363,23.5887982],[83.93825,23.5872134],[83.9380788,23.5861542],[83.9380543,23.5855221],[83.9380349,23.5842493],[83.9381314,23.5834661],[83.9384326,23.5806114],[83.9385699,23.5784936],[83.9390778,23.5772763],[83.9394915,23.5763279],[83.9396649,23.5760245],[83.9398074,23.5753685],[83.9399147,23.5745404],[83.9399093,23.5726634],[83.9398044,23.5708565],[83.9397542,23.5704855],[83.9389233,23.5695848],[83.9385084,23.569324],[83.9376938,23.5689921],[83.9372145,23.5689736],[83.9367615,23.569091],[83.9355985,23.5690049],[83.934912,23.5694786],[83.9341357,23.5700228],[83.9336991,23.5702759],[83.9332167,23.5703927],[83.9325287,23.5705055],[83.9311427,23.5707488],[83.9306188,23.570964],[83.9303207,23.5711567],[83.9298886,23.5716355],[83.9290479,23.5724219],[83.9280034,23.5731322],[83.9270306,23.5737086],[83.9263605,23.5738939],[83.9254746,23.5741019],[83.9249146,23.5741811],[83.9244431,23.5742529],[83.9240485,23.5743805],[83.9235452,23.574551],[83.9226667,23.5748585],[83.9209872,23.575511],[83.9193172,23.5761727],[83.9187939,23.5763609],[83.918548,23.5764101],[83.9178137,23.5764137],[83.9158682,23.5762938],[83.9153026,23.576212],[83.9146388,23.576116],[83.9135912,23.5761132],[83.9117595,23.576158],[83.9105842,23.5761798],[83.9101924,23.5761367],[83.9101733,23.5761364],[83.909459,23.5761484],[83.9085657,23.5762479],[83.9081647,23.5764691],[83.9081392,23.5764831],[83.9072757,23.5769892],[83.9072387,23.577012],[83.9068485,23.5772515],[83.9055329,23.5778299],[83.9043877,23.5782311],[83.9027869,23.578867],[83.900172,23.5801504],[83.8996941,23.5804927],[83.8995424,23.5806972],[83.8994837,23.5811111],[83.8995044,23.5823117],[83.8993944,23.5824088],[83.8990117,23.5824463],[83.8973462,23.5824942],[83.8957563,23.5826275],[83.8954332,23.5826545],[83.8944542,23.582653],[83.8941534,23.5825387],[83.8931812,23.5818335],[83.8922392,23.5810927],[83.8914761,23.5806533],[83.8902543,23.5801506],[83.8898865,23.5799718],[83.8889084,23.5791039],[83.8886015,23.5788271],[83.8883587,23.5787501],[83.8880646,23.5787622],[83.8869002,23.5791539],[83.8852655,23.5795543],[83.8846559,23.5796685],[83.8839791,23.579718],[83.8834396,23.5797614],[83.8826798,23.5800168],[83.8822011,23.5803862],[83.8819827,23.5805172],[83.8818273,23.5805559],[83.8818152,23.5805589],[83.881688,23.5805564],[83.8807378,23.5804872],[83.8791271,23.5803786],[83.8789697,23.5804115],[83.878076,23.5809441],[83.8778102,23.5810018],[83.8776341,23.5809983],[83.8773412,23.5809654],[83.8762156,23.5809517],[83.8758121,23.5810429],[83.8750004,23.5814146],[83.8741201,23.5817939],[83.873547,23.582017],[83.8735401,23.5820178],[83.8731483,23.5820685],[83.8731247,23.5820716],[83.8727466,23.5819832],[83.8723547,23.5820099],[83.8723429,23.5820107],[83.8719306,23.5820566],[83.8715122,23.582142],[83.8714879,23.582147],[83.8704934,23.5826177],[83.8697111,23.5831759],[83.8691106,23.5833082],[83.8676257,23.5835851],[83.8667127,23.5836929],[83.8649932,23.583947],[83.8642544,23.5841396],[83.8631439,23.5845188],[83.8620335,23.5848979],[83.8606727,23.5853035],[83.8592669,23.5855457],[83.8584215,23.5856911],[83.8561554,23.5862859],[83.8544013,23.5867647],[83.8530531,23.5870533],[83.851008,23.5874178],[83.850147,23.5874646],[83.850047,23.5874694],[83.8470502,23.587518],[83.8465427,23.5874445],[83.8462126,23.5873295],[83.8457194,23.5870759],[83.845654,23.587044],[83.8450613,23.5867557],[83.8448578,23.5866703],[83.844682,23.5866488],[83.8443421,23.5867567],[83.8442243,23.5867952],[83.8431303,23.5872579],[83.8408727,23.5879068],[83.8400912,23.5882428],[83.8398333,23.5883819],[83.8395819,23.5886564],[83.8386048,23.5893945],[83.8383867,23.5894342],[83.8380246,23.5895],[83.8372033,23.5894563],[83.8363958,23.5892413],[83.8357973,23.5892922],[83.8344588,23.5895808],[83.8328264,23.5898813],[83.8316893,23.5899394],[83.8303838,23.5900751],[83.8297441,23.5902155],[83.8285517,23.590534],[83.828119,23.5906154],[83.8277875,23.5905545],[83.8265732,23.5905658],[83.8258746,23.5907139],[83.8256866,23.5907913],[83.8253372,23.5910729],[83.825021,23.5914062],[83.823363,23.5923817],[83.8232182,23.5924643],[83.8223096,23.5927885],[83.8216227,23.5928557],[83.8192638,23.5936375],[83.8178207,23.5942034],[83.8169875,23.5946466],[83.8165007,23.5950407],[83.8161287,23.5953418],[83.8154871,23.5959602],[83.8152899,23.5960194],[83.8149363,23.5952542],[83.8144644,23.5941166],[83.8135899,23.5922218],[83.8127643,23.590328],[83.8122729,23.58919],[83.8120535,23.5889509],[83.8118517,23.5887934],[83.8107388,23.5886622],[83.8099407,23.5884654],[83.8090182,23.5881486],[83.8084342,23.5878419],[83.8080764,23.5876539],[83.8077132,23.5874631],[83.8072235,23.5874711],[83.8069768,23.5875472],[83.806409,23.5879507],[83.8057503,23.5884695],[83.8054186,23.5888235],[83.8053144,23.5890831],[83.8052465,23.5898667],[83.8052188,23.5918152],[83.8048081,23.5938188],[83.8043788,23.5953711],[83.8038324,23.5965057],[83.8028024,23.598605],[83.8020723,23.6000427],[83.8014166,23.6012383],[83.8010747,23.6016102],[83.8006439,23.6020163],[83.7999013,23.602353],[83.7987458,23.6027622],[83.7976326,23.603037],[83.7970495,23.6032596],[83.7963448,23.6036511],[83.7951901,23.6044303],[83.7948621,23.6047866],[83.7942852,23.6049981],[83.7927192,23.6045687],[83.79136,23.6044955],[83.7898699,23.6045639],[83.7890989,23.6048638],[83.7878226,23.6054059],[83.7863687,23.6056013],[83.784637,23.6059444],[83.7823137,23.6064556],[83.7811755,23.6069554],[83.7805945,23.6070877],[83.7796636,23.6071135],[83.7793478,23.6072153],[83.7771164,23.607972],[83.7753201,23.6089542],[83.7742128,23.6097884],[83.7727207,23.6107409],[83.7724817,23.6108983],[83.7726524,23.6111274],[83.7734453,23.611938],[83.7739911,23.6128425],[83.7748366,23.6143038],[83.7753598,23.6153343],[83.7760206,23.6167376],[83.7763718,23.617593],[83.7762454,23.6195574],[83.7759453,23.6206159],[83.775338,23.6216161],[83.7751391,23.6219435],[83.7745838,23.6226268],[83.7738064,23.6231791],[83.7730228,23.6235868],[83.7723522,23.6237804],[83.7722262,23.6237878],[83.7715578,23.623827],[83.7694603,23.6239007],[83.7668045,23.6243777],[83.7646567,23.6249013],[83.7635396,23.6249321],[83.7619698,23.6250528],[83.7604209,23.6255166],[83.759449,23.6260107],[83.7586782,23.6266893],[83.7578888,23.6277285],[83.7572033,23.6289232],[83.7566576,23.6300035],[83.7561837,23.6313471],[83.7558356,23.6327563],[83.7555358,23.6341938],[83.7553863,23.6346959],[83.7551954,23.6349961],[83.7550806,23.6351767],[83.7541963,23.6360876],[83.7541532,23.636124],[83.7529861,23.6371089],[83.7519193,23.6386656],[83.7517944,23.6391637],[83.7516694,23.6396618],[83.7516721,23.6407446],[83.751794,23.6413607],[83.753213,23.6433935],[83.7542804,23.6441918],[83.7568136,23.6459232],[83.7589548,23.6468702],[83.7595638,23.6471988],[83.760575,23.6478966],[83.7611638,23.6486488],[83.7615078,23.6493958],[83.7616645,23.6501931],[83.7615821,23.6507509],[83.7611238,23.651463],[83.7609506,23.6516371],[83.7601296,23.6524619],[83.7589283,23.6535105],[83.7573448,23.6541721],[83.7565193,23.6546781],[83.7560981,23.6550754],[83.7556023,23.6557146],[83.7552388,23.6561581],[83.7544609,23.6567193],[83.7528399,23.657705],[83.7508983,23.6589815],[83.7494366,23.6602592],[83.7483609,23.6613823],[83.7480246,23.6617286],[83.7465434,23.6627715],[83.7462345,23.662989],[83.7437611,23.6639746],[83.7425919,23.6645095],[83.7413874,23.6652871],[83.7388528,23.6667676],[83.7380081,23.6676431],[83.7364513,23.6695863],[83.7351111,23.6706949],[83.7334353,23.6726897],[83.7325631,23.6734923],[83.7315268,23.6741922],[83.7300066,23.6758384],[83.7291436,23.6770562],[83.7272065,23.679307],[83.726152,23.6807374],[83.7254606,23.6815652],[83.7243747,23.6828652],[83.7236049,23.6838775],[83.7228596,23.6858647],[83.7226908,23.6871334],[83.7230224,23.6887645],[83.7241764,23.690025],[83.724934,23.6906816],[83.727716,23.6922743],[83.7296362,23.6934608],[83.7321158,23.6950019],[83.7329563,23.6958768],[83.7332691,23.6962985],[83.7341586,23.6979594],[83.73465,23.6990795],[83.7350702,23.7003065],[83.7354459,23.700567],[83.7376499,23.7013804],[83.7404401,23.7022604],[83.7410498,23.7025709],[83.7421159,23.7038294],[83.7426402,23.704815],[83.7430161,23.705856],[83.7431851,23.706324],[83.7433919,23.706897],[83.7440628,23.7086886],[83.7445467,23.7105123],[83.7447189,23.7118604],[83.7451942,23.7136388],[83.74563,23.7154255],[83.7459719,23.7170477],[83.7460318,23.7181858],[83.746068,23.7194949],[83.7455807,23.7205673],[83.7448739,23.7225917],[83.7442001,23.7236782],[83.7432205,23.7252366],[83.7428641,23.7261674],[83.7422381,23.7276971],[83.7418225,23.7286448],[83.7408484,23.7307716],[83.7400642,23.7323521],[83.7398315,23.7334299],[83.7396633,23.7338865],[83.7394762,23.7343156],[83.7392757,23.7360708],[83.7392092,23.7367731],[83.7392344,23.7385151],[83.7392684,23.7393143],[83.7392507,23.7414027],[83.7391084,23.7439712],[83.7390437,23.7453863],[83.7391318,23.7465702],[83.7391052,23.7492132],[83.7388475,23.750507],[83.7388472,23.7505089],[83.7386213,23.7521083],[83.7385953,23.7535424],[83.7382355,23.7565754],[83.7380818,23.7576278],[83.7379854,23.7591325],[83.7377646,23.7603338],[83.737736,23.7604897],[83.7372721,23.7614002],[83.7363299,23.7626254],[83.7354725,23.7635907],[83.7341117,23.7646988],[83.7320523,23.7659004],[83.7305532,23.7666536],[83.7276829,23.7677477],[83.7254898,23.7684139],[83.7248387,23.7685805],[83.7243057,23.7687227],[83.7235584,23.769203],[83.7227168,23.769925],[83.7218871,23.7709539],[83.7215894,23.771489],[83.7212713,23.7724476],[83.7210257,23.7740304],[83.7211007,23.7753403],[83.7214993,23.7770359],[83.7221918,23.7791348],[83.7226415,23.7807504],[83.722997,23.7822106],[83.7231158,23.7837289],[83.7226227,23.7865785],[83.7220484,23.7879738],[83.7211802,23.7893629],[83.7199431,23.7909878],[83.7191283,23.7918095],[83.7180274,23.7930854],[83.7172626,23.7942601],[83.7162302,23.7959342],[83.7154043,23.7971888],[83.7143265,23.7987177],[83.7135954,23.7997127],[83.7126592,23.8006762],[83.7120104,23.8011526],[83.7116802,23.8013952],[83.7101525,23.8020934],[83.7084182,23.8024262],[83.7066842,23.8027501],[83.7059501,23.8030863],[83.7055016,23.8033745],[83.705136,23.803872],[83.7046907,23.8048098],[83.7044213,23.8057694],[83.7043903,23.8066078],[83.7045896,23.8076497],[83.7053265,23.809921],[83.7060432,23.8110552],[83.7066687,23.8119166],[83.7072153,23.8131824],[83.7073952,23.8138268],[83.7075408,23.8150479],[83.7076381,23.8174139],[83.7074482,23.8179422],[83.7069178,23.8187518],[83.7062612,23.8195138],[83.705347,23.8207573],[83.7045606,23.8216067],[83.7038282,23.8222587],[83.7025941,23.8229721],[83.7008368,23.8234308],[83.6995481,23.8235836],[83.6986483,23.8238711],[83.6978252,23.8242323],[83.6967592,23.8248862],[83.6956976,23.8253687],[83.6939478,23.8259176],[83.6931229,23.8261747],[83.6927022,23.8263058],[83.6914931,23.8264152],[83.6898746,23.8260376],[83.688729,23.82558],[83.6878867,23.8247589],[83.6873194,23.8239257],[83.6870505,23.8233154],[83.6867297,23.8224334],[83.6863086,23.8216394],[83.6852828,23.8203271],[83.6845445,23.8196616],[83.6840697,23.8194348],[83.6828158,23.8193808],[83.6821753,23.8195023],[83.6809536,23.8201076],[83.6799075,23.8207527],[83.6786873,23.8216828],[83.67798,23.8224975],[83.6776117,23.8234821],[83.676806,23.8250797],[83.6765815,23.8254267],[83.6757764,23.8262303],[83.6749877,23.8267727],[83.67434,23.8271738],[83.6728154,23.8273483],[83.6714258,23.8272281],[83.6698885,23.8271318],[83.6683986,23.8270995],[83.6672187,23.8272183],[83.6647796,23.8274813],[83.6646352,23.8275684],[83.6644908,23.8276555],[83.664057,23.8281243],[83.6636398,23.8290987],[83.6633021,23.8300297],[83.6633508,23.8311946],[83.6636401,23.8317692],[83.6638926,23.8322529],[83.6647179,23.8329654],[83.6651018,23.8332895],[83.6658647,23.8337571],[83.6672267,23.8349595],[83.6682472,23.8360913],[83.6684876,23.8366649],[83.6680779,23.8381086],[83.66753,23.8392065],[83.6672541,23.8400215],[83.6672741,23.8403919],[83.6671706,23.8417519],[83.6668775,23.8432433],[83.6665566,23.8442829],[83.666131,23.844815],[83.665017,23.8458014],[83.6636804,23.8466656],[83.6626521,23.8473742],[83.6615763,23.8483604],[83.661537,23.8483965],[83.660871,23.848743],[83.6594941,23.8492635],[83.6560827,23.8499472],[83.6546419,23.8498978],[83.65182,23.8490156],[83.6499269,23.8482526],[83.6474724,23.8471977],[83.6463356,23.846776],[83.6453774,23.8466559],[83.6433793,23.8469281],[83.6414242,23.8474268],[83.6385949,23.8483574],[83.635151,23.8495363],[83.634774,23.8496994],[83.6324028,23.8499814],[83.630784,23.8503701],[83.6278248,23.8513878],[83.6254098,23.8522191],[83.6227953,23.8531812],[83.6211616,23.8541468],[83.6191249,23.8551396],[83.6188371,23.8552357],[83.6180859,23.8554866],[83.6174074,23.8555529],[83.6161483,23.8553087],[83.6152611,23.8550997],[83.6136209,23.8544231],[83.6121988,23.8538161],[83.6121948,23.8538144],[83.6115287,23.8537816],[83.6102878,23.8539709],[83.608851,23.8545257],[83.6077549,23.8551871],[83.6069415,23.8559089],[83.6058464,23.8565253],[83.6045987,23.856976],[83.6033808,23.8574093],[83.6003438,23.8583887],[83.5995578,23.8588134],[83.5975491,23.8598516],[83.5959836,23.8604485],[83.5943165,23.8611784],[83.5927913,23.86211],[83.591518,23.8627855],[83.5896991,23.8633136],[83.5874573,23.8636585],[83.5871876,23.8637],[83.5857694,23.863912],[83.5843903,23.8637551],[83.5824152,23.8635129],[83.5807262,23.8632046],[83.578535,23.8625966],[83.5761171,23.8616587],[83.5746575,23.8612113],[83.5737849,23.8611918],[83.5730183,23.8612469],[83.5719179,23.8616915],[83.5711901,23.8621354],[83.570623,23.8628085],[83.5694105,23.8648925],[83.5689351,23.8661809],[83.5689215,23.8666949],[83.5692077,23.8681176],[83.5694865,23.8690801],[83.5700947,23.8698244],[83.5707029,23.8705687],[83.5723357,23.8718952],[83.5744186,23.8732678],[83.577348,23.8745329],[83.5790637,23.8749499],[83.5809157,23.8754061],[83.5813622,23.8755874],[83.5818473,23.8761665],[83.5835315,23.8777827],[83.5842155,23.878637],[83.5852388,23.8807617],[83.5860341,23.8826107],[83.5861463,23.8839394],[83.5858964,23.8856119],[83.5858689,23.885769],[83.5857579,23.8864027],[83.5853768,23.8870889],[83.5842102,23.8881726],[83.5827652,23.8893945],[83.5822171,23.8898048],[83.5806934,23.8909453],[83.5805734,23.8910328],[83.5790786,23.8919107],[83.5763343,23.8929142],[83.5740972,23.8936582],[83.5720724,23.8941394],[83.5718065,23.8942026],[83.5704262,23.8944514],[83.5689008,23.8942551],[83.5671058,23.8938631],[83.5640885,23.8929386],[83.5628528,23.8925502],[83.5616076,23.8925133],[83.560644,23.892591],[83.5591542,23.8929005],[83.5578563,23.8933766],[83.5565495,23.8941863],[83.5555618,23.8948047],[83.554746,23.8955984],[83.554418,23.8961233],[83.5534441,23.8980682],[83.5525534,23.9005742],[83.5516314,23.9035215],[83.5506968,23.9061979],[83.5497914,23.9085141],[83.5493084,23.9097031],[83.548863,23.9102163],[83.5483585,23.9107372],[83.5476082,23.9123803],[83.5469193,23.9143045],[83.5469334,23.9167225],[83.5470656,23.9178396],[83.5471978,23.9189567],[83.5475515,23.9215266],[83.5482183,23.9241307],[83.5488296,23.9266073],[83.5491277,23.9290498],[83.5492422,23.931019],[83.5491752,23.9320639],[83.5488709,23.9339065],[83.5473902,23.9375448],[83.5460033,23.9394984],[83.5452288,23.9402368],[83.5447646,23.9406793],[83.54399,23.9413836],[83.5425585,23.9424339],[83.541799,23.94294],[83.5413733,23.9434447],[83.5406898,23.9447824],[83.5394128,23.947027],[83.5386849,23.9481834],[83.5369697,23.9506616],[83.535361,23.9524566],[83.534402,23.9534453],[83.5333,23.9542775],[83.5322193,23.9550469],[83.5311792,23.9557631],[83.5301823,23.9566968],[83.5283936,23.9582441],[83.5264876,23.9605013],[83.5254677,23.9622915],[83.5250175,23.9629759],[83.5244945,23.9641729],[83.5241523,23.9655815],[83.5237052,23.9676101],[83.5232547,23.9690342],[83.5226015,23.9703275],[83.5214492,23.9719252],[83.519889,23.973721],[83.5186926,23.9747674],[83.5175325,23.9759229],[83.5164673,23.9779284],[83.5156663,23.9795971],[83.5153032,23.9806894],[83.5151739,23.9814803],[83.5153106,23.9826021],[83.5155615,23.9834918],[83.5157015,23.9855879],[83.5156227,23.9885089],[83.5154946,23.9899855],[83.5146066,23.9919679],[83.5142112,23.9927979],[83.5139581,23.9941723],[83.513798,23.9953776],[83.5138012,23.9963519],[83.5143855,23.9983498],[83.515214,23.9993069],[83.5163902,24.0004793],[83.5169435,24.0009811],[83.5173805,24.0013155],[83.5183185,24.0020248],[83.5188097,24.002287],[83.5195662,24.0026803],[83.5199935,24.002965],[83.5212016,24.0039951],[83.5215747,24.0044377],[83.5221047,24.0052823],[83.5228752,24.0063077],[83.5229294,24.0063618],[83.5236451,24.0086014],[83.5238753,24.0097437],[83.5239034,24.0113779],[83.5238684,24.0123168],[83.5231548,24.0134811],[83.5228793,24.0139369],[83.5225298,24.0145822],[83.5220868,24.0154622],[83.5219564,24.0157126],[83.5218259,24.0159631],[83.5212012,24.0167031],[83.5205667,24.0173708],[83.5195091,24.0185167],[83.519337,24.0187333],[83.5187022,24.0195274],[83.5179005,24.0203394],[83.5172462,24.0210432],[83.5164148,24.0219996],[83.5162968,24.0222117],[83.5161688,24.0224509],[83.5159323,24.0230963],[83.5158977,24.0233129],[83.5159217,24.0240036],[83.5159846,24.0251278],[83.5159992,24.0253626],[83.5160774,24.0258186],[83.5161902,24.0262701],[83.5161849,24.0266041],[83.5161651,24.026726],[83.5159438,24.0269605],[83.5157225,24.0271636],[83.5147636,24.0277136],[83.5132931,24.0286787],[83.5131506,24.0287643],[83.5129145,24.0288951],[83.5124228,24.0291069],[83.5119312,24.0292509],[83.5116706,24.0293095],[83.5113363,24.0294221],[83.5109676,24.0295618],[83.5103184,24.0299495],[83.5099495,24.0302517],[83.5094872,24.0305629],[83.5089905,24.0308604],[83.5085819,24.0310274],[83.5082628,24.0311578],[83.5069895,24.0314097],[83.5062177,24.0315174],[83.5055345,24.0316072],[83.5047824,24.0316201],[83.5028062,24.0319527],[83.5013216,24.0321907],[83.50083,24.0322715],[83.5003365,24.0323867],[83.4997501,24.0325589],[83.4935334,24.0363084],[83.4901965,24.0375877],[83.4889877,24.0378961],[83.4870623,24.0383872],[83.4857412,24.0387242],[83.4811244,24.0401488],[83.4790887,24.0407909],[83.4778092,24.0411945],[83.4741512,24.0415621],[83.4705511,24.04198],[83.4662079,24.0415218],[83.4609881,24.0415103],[83.4608349,24.0415213],[83.4573273,24.041774],[83.4544074,24.0419164],[83.4528894,24.0419904],[83.4505946,24.04375],[83.4492929,24.0467812],[83.4479272,24.0489986],[83.4448688,24.0528197],[83.4444245,24.0529804],[83.4420461,24.0538405],[83.4404244,24.0554555],[83.4377735,24.0581674],[83.4369666,24.0607216],[83.4367974,24.0628474],[83.4368464,24.0629934],[83.4379007,24.0661351],[83.4382542,24.067227],[83.4386181,24.0713594],[83.4377313,24.0762185],[83.4372828,24.0779235],[83.4347228,24.0835447],[83.4326785,24.0855565],[83.4322474,24.0859808],[83.4303802,24.0863461],[83.4267148,24.0864797],[83.4244344,24.0845639],[83.4212247,24.0827205],[83.4163355,24.0819366],[83.4108639,24.0809974],[83.4066442,24.0804442],[83.4049157,24.0817894],[83.4030158,24.0857391],[83.4021159,24.088541],[83.4011069,24.092031],[83.3980913,24.0943492],[83.3936052,24.0971009],[83.3891503,24.0994981],[83.3882891,24.0999615],[83.3830811,24.1001144],[83.3829725,24.1001176],[83.376796,24.1011873],[83.3756106,24.1013926],[83.373794,24.1016181],[83.3721921,24.101817],[83.3689975,24.1026404],[83.3683508,24.1028071],[83.3642422,24.1032854],[83.3633657,24.1028251],[83.3608367,24.1014968],[83.3589792,24.1011622],[83.3546445,24.1002316],[83.3544944,24.1001994],[83.349341,24.0963009],[83.3477461,24.0962928],[83.3460259,24.0974426]]]}}]}
