{"type":"FeatureCollection","features":[{"type":"Feature","id":"in-manipur","properties":{"id":"in-manipur","name":"Manipur","region":"in-manipur","level":"region","parent":"","source":"LGD via Bharatlas · 2024 snapshot","state_lgd":14,"center":[93.87881684054287,24.733857812855288],"bbox":[92.9694338,23.8328484,94.7448901,25.6920902]},"geometry":{"type":"Polygon","coordinates":[[[94.5727205,25.6427222],[94.5722765,25.6472233],[94.576845,25.6517754],[94.5775409,25.6549989],[94.5807105,25.6561577],[94.5789318,25.6596095],[94.5810978,25.6643922],[94.582875,25.6661816],[94.5808414,25.6692365],[94.5836398,25.6716514],[94.5854794,25.6756321],[94.5924525,25.681285],[94.5911319,25.6856605],[94.5825665,25.6862911],[94.5785209,25.6876063],[94.5749946,25.6898813],[94.5741475,25.6904277],[94.5685691,25.6920902],[94.5635477,25.6866692],[94.5606291,25.6752637],[94.5477608,25.661874],[94.5473118,25.6569204],[94.5402754,25.652021],[94.535072,25.6455615],[94.527091,25.6446265],[94.5261986,25.6370778],[94.5237263,25.6387992],[94.5197385,25.6379288],[94.51004,25.6250116],[94.5064281,25.6244341],[94.5042088,25.6214365],[94.5033226,25.61348],[94.5009109,25.6115225],[94.4973705,25.6145693],[94.4954669,25.6133552],[94.4948321,25.6110509],[94.4889741,25.6088885],[94.4866619,25.6132264],[94.486731,25.6143716],[94.4696238,25.6162487],[94.4448542,25.5957436],[94.4433961,25.5926926],[94.4421125,25.5919586],[94.4398561,25.5906684],[94.4333327,25.5905366],[94.4256033,25.5874132],[94.4212387,25.5761682],[94.417956,25.5706875],[94.4206771,25.5676957],[94.4219414,25.5561203],[94.4211338,25.547592],[94.4158171,25.5373328],[94.4123369,25.5366301],[94.4064404,25.5382291],[94.4000475,25.5356186],[94.3841418,25.5313359],[94.3840995,25.5313245],[94.3602531,25.5162862],[94.324627,25.503224],[94.31629,25.494162],[94.3091398,25.4893518],[94.3077448,25.4891548],[94.3045881,25.4887089],[94.301344,25.4891415],[94.2982567,25.4895533],[94.2946445,25.4956502],[94.2864058,25.504487],[94.2824105,25.5066736],[94.2755181,25.5004273],[94.2698273,25.4979875],[94.2644896,25.4975889],[94.262622,25.4974494],[94.2529336,25.4984486],[94.2477549,25.4941108],[94.2274395,25.4934042],[94.2248482,25.4910987],[94.2187026,25.4918764],[94.2155984,25.4947471],[94.2105916,25.4953643],[94.2085663,25.4979508],[94.2086848,25.5033095],[94.202658,25.5068044],[94.2026499,25.5091083],[94.1950366,25.5179468],[94.1865322,25.5259786],[94.1859527,25.529838],[94.1897316,25.5374047],[94.1907079,25.5476332],[94.1876891,25.5461617],[94.1786242,25.5484909],[94.175408,25.5454278],[94.1637662,25.5422804],[94.162734,25.5429695],[94.1593907,25.5452012],[94.1560075,25.5505378],[94.1487577,25.5431444],[94.1476994,25.5371504],[94.1440639,25.5269938],[94.1411021,25.5229497],[94.1346005,25.519016],[94.1243965,25.5212195],[94.1019852,25.5242947],[94.0880491,25.5281536],[94.0884658,25.533397],[94.0921275,25.5371471],[94.0909065,25.5418689],[94.0819238,25.5551863],[94.0760335,25.5570585],[94.0654148,25.5544768],[94.0636012,25.5573252],[94.0607052,25.5618736],[94.0501655,25.5723011],[94.0420593,25.5765139],[94.0396878,25.5730388],[94.0350722,25.5754318],[94.0352432,25.5786024],[94.0339847,25.5775003],[94.0309598,25.5770716],[94.029494,25.5802888],[94.0233568,25.5835915],[94.0216167,25.5889975],[94.0108563,25.5917657],[94.0065145,25.5910486],[94.00378,25.586584],[94.0039406,25.5831754],[94.0078599,25.574724],[94.0083753,25.5709272],[94.0076976,25.5683805],[94.0065037,25.5669348],[94.0035349,25.5654832],[93.996715,25.569531],[93.9765984,25.5669369],[93.9764025,25.5665565],[93.9739813,25.5618555],[93.9687665,25.5568836],[93.9613512,25.5522949],[93.9535319,25.552482],[93.939683,25.5591952],[93.9263053,25.5611852],[93.921501,25.5605905],[93.9155311,25.5598514],[93.9133069,25.5625435],[93.9071222,25.563372],[93.9010666,25.5632824],[93.8964521,25.5645798],[93.8881889,25.5642994],[93.8746129,25.5578781],[93.8584987,25.5534585],[93.8485872,25.5546044],[93.840494,25.5576631],[93.8327954,25.5590539],[93.8297778,25.5573631],[93.8295614,25.552412],[93.8213578,25.5520118],[93.8196458,25.5441704],[93.816367,25.5407666],[93.8160162,25.5404025],[93.8122287,25.5414757],[93.8041636,25.5405583],[93.7758328,25.5341448],[93.7681773,25.5369157],[93.7669891,25.536388],[93.7673292,25.5321319],[93.7652929,25.5268203],[93.7645089,25.5214019],[93.765641,25.5138158],[93.7606118,25.5115952],[93.7621021,25.4960015],[93.7656601,25.49286],[93.7696872,25.4939212],[93.784747,25.5025489],[93.7935294,25.5004209],[93.8003052,25.4950544],[93.8038608,25.49157],[93.810114,25.4807287],[93.8052089,25.4615894],[93.8014404,25.4594288],[93.7986293,25.4564198],[93.7945672,25.4499435],[93.7899439,25.4446777],[93.7863951,25.4394085],[93.7842963,25.4319108],[93.7806682,25.4279756],[93.7767231,25.4255343],[93.777261,25.4207562],[93.760617,25.4141973],[93.7565451,25.4101948],[93.7428787,25.4018111],[93.7381975,25.3960174],[93.7362781,25.3912866],[93.7375222,25.3855397],[93.7359843,25.3805208],[93.7271926,25.3764838],[93.7193045,25.3717095],[93.7151869,25.3664986],[93.7142401,25.3577373],[93.7077881,25.3542361],[93.6968674,25.3555091],[93.6961937,25.3555876],[93.6889949,25.3577835],[93.6876573,25.3436054],[93.6833097,25.3274004],[93.6801188,25.3258242],[93.668286,25.3249246],[93.6701486,25.3134825],[93.6691247,25.3077195],[93.6622901,25.3045048],[93.6609314,25.3004589],[93.661795,25.294649],[93.6477956,25.2752597],[93.6475331,25.2699009],[93.6460605,25.2653517],[93.6397269,25.2621335],[93.639272,25.2562552],[93.6342514,25.2466603],[93.6280289,25.2391826],[93.6250645,25.2320277],[93.6172962,25.221195],[93.6087158,25.2024853],[93.6041545,25.1983559],[93.6004326,25.2006305],[93.5971731,25.1987028],[93.593266,25.2006236],[93.5891807,25.2002482],[93.589027,25.2030082],[93.5910051,25.2074625],[93.5881507,25.2102522],[93.5864651,25.2162912],[93.5842366,25.218517],[93.5820412,25.2186639],[93.5804656,25.220061],[93.5802591,25.2202441],[93.5778559,25.2223749],[93.5744067,25.2220587],[93.571052,25.2239256],[93.5669792,25.2288424],[93.5663235,25.2320025],[93.5593726,25.2429976],[93.5509775,25.2469571],[93.5434426,25.2449364],[93.5375012,25.2418325],[93.5256447,25.2448409],[93.5169014,25.2452782],[93.5127207,25.2412703],[93.5047416,25.2402299],[93.501467,25.2406549],[93.5005039,25.2499165],[93.5071439,25.2721338],[93.5007301,25.2723061],[93.4912663,25.2752781],[93.4839308,25.272502],[93.4797658,25.2732169],[93.4731409,25.2756303],[93.4689915,25.2820392],[93.4710606,25.2890248],[93.4715621,25.2962857],[93.4705556,25.3050505],[93.4705033,25.3050604],[93.469877,25.304122],[93.4678992,25.3020696],[93.467631,25.3018757],[93.4673031,25.3016638],[93.4670647,25.3015781],[93.4668895,25.3015555],[93.4667171,25.3015333],[93.4666095,25.3015206],[93.46648,25.3015053],[93.4663351,25.3014906],[93.4660567,25.301475],[93.465868,25.3014944],[93.4656679,25.3015179],[93.465471,25.3015538],[93.4652574,25.3015928],[93.4650866,25.3015985],[93.4648427,25.3016067],[93.4647062,25.3016112],[93.4636039,25.3015893],[93.4634003,25.3015624],[93.463162,25.3014722],[93.4615126,25.3001959],[93.4612044,25.2998444],[93.4610853,25.2997086],[93.4609028,25.2994401],[93.4607572,25.2992258],[93.4607379,25.2991936],[93.4605186,25.2988288],[93.460126,25.298319],[93.4598477,25.2980077],[93.4595923,25.2977837],[93.4594097,25.2976531],[93.4589756,25.2968704],[93.4589429,25.2963427],[93.4588186,25.2960449],[93.4586298,25.2957697],[93.4582571,25.2955171],[93.4574725,25.2951068],[93.4569907,25.2948182],[93.4566578,25.294507],[93.4564094,25.2942273],[93.4560152,25.2938736],[93.4556493,25.2936319],[93.4553563,25.2934741],[93.4550782,25.293393],[93.4547776,25.2933862],[93.454686,25.2933841],[93.4543583,25.2933572],[93.454095,25.2932264],[93.4537623,25.2929875],[93.4535888,25.2928066],[93.4533251,25.2925318],[93.4530333,25.2923323],[93.4529426,25.2922702],[93.4526992,25.292171],[93.4524112,25.2921396],[93.4518236,25.292162],[93.4512001,25.2922193],[93.4510807,25.2922306],[93.4507829,25.2922262],[93.4503558,25.2921001],[93.4500872,25.2919388],[93.4500479,25.2919151],[93.4495895,25.2916231],[93.449432,25.2915228],[93.44923,25.2914636],[93.4490547,25.2914327],[93.4487192,25.2915051],[93.4484888,25.2915639],[93.4481314,25.2918394],[93.4456885,25.2913802],[93.4448638,25.2906358],[93.4447445,25.2903606],[93.4445955,25.2901756],[93.444563,25.290152],[93.444223,25.2899049],[93.4440889,25.2898463],[93.4439102,25.2898103],[93.4437266,25.289851],[93.4437264,25.2898511],[93.4434932,25.2900182],[93.4434231,25.2900938],[93.4425647,25.2898561],[93.4419687,25.2893825],[93.4409011,25.2888277],[93.4403151,25.2886384],[93.440091,25.2886072],[93.4389314,25.288089],[93.4377917,25.2880226],[93.4376885,25.2880798],[93.4376158,25.2881166],[93.4375545,25.2881476],[93.4374574,25.2881953],[93.4374255,25.2882109],[93.4372567,25.2882652],[93.4370283,25.2882382],[93.4360599,25.2878233],[93.4358563,25.2876879],[93.4356477,25.2874398],[93.4344309,25.2865601],[93.4336013,25.2854231],[93.4326129,25.284444],[93.4313085,25.283451],[93.4301909,25.2829923],[93.4291905,25.2827022],[93.4282898,25.2828985],[93.4282584,25.2829426],[93.42804,25.283218],[93.4278415,25.2832993],[93.4277273,25.2833084],[93.4275237,25.2832407],[93.4273797,25.2830557],[93.4273648,25.2828327],[93.4273472,25.2825697],[93.4273215,25.2823401],[93.4273049,25.2822027],[93.4271955,25.28195],[93.4270316,25.2817063],[93.4268301,25.28155],[93.4266244,25.2813905],[93.4263959,25.2811378],[93.4263909,25.2810204],[93.4264107,25.2807586],[93.4266587,25.2805013],[93.426709,25.2804556],[93.4268175,25.2803568],[93.426892,25.2802034],[93.4268893,25.279965],[93.4268272,25.2797474],[93.426703,25.2796392],[93.42644,25.2796754],[93.4261025,25.2797703],[93.42576,25.2798652],[93.4255962,25.2798923],[93.4252982,25.279915],[93.4251493,25.2798834],[93.4249706,25.2797255],[93.4248151,25.2795202],[93.4246484,25.2793001],[93.4244341,25.2790171],[93.4241064,25.278796],[93.4235652,25.2785841],[93.4232822,25.2785165],[93.4230565,25.2784581],[93.422463,25.2783046],[93.421043,25.277777],[93.4206906,25.2776191],[93.4205316,25.2774612],[93.4204471,25.2772987],[93.4203427,25.2768609],[93.4203176,25.2760845],[93.4202182,25.2756242],[93.4201536,25.2754346],[93.4200641,25.2752496],[93.4199053,25.2752316],[93.4197464,25.2751865],[93.419657,25.2751234],[93.419518,25.274997],[93.4194782,25.2749203],[93.4194401,25.2748075],[93.4193988,25.2746856],[93.4193042,25.2741124],[93.4193138,25.2731793],[93.4193383,25.2723837],[93.4192662,25.2714579],[93.4192434,25.2713024],[93.4190895,25.2707273],[93.4189852,25.2705016],[93.4188213,25.2703121],[93.418454,25.2699972],[93.418115,25.2697095],[93.4179474,25.2695676],[93.4175899,25.2691931],[93.4174657,25.2690306],[93.4172769,25.2687102],[93.4171797,25.2684413],[93.4170633,25.268119],[93.4167999,25.2671305],[93.4168035,25.2668244],[93.4168069,25.2665332],[93.4168096,25.2663046],[93.4167597,25.2658171],[93.416546,25.2650589],[93.4162779,25.2646347],[93.4159352,25.2642692],[93.4157439,25.2641394],[93.4156025,25.2640436],[93.4152862,25.2639071],[93.4152054,25.2638722],[93.4147611,25.2637514],[93.4145749,25.2637008],[93.4140438,25.263561],[93.4135573,25.2634574],[93.4130734,25.2633596],[93.4122567,25.2632185],[93.4114427,25.2630788],[93.4109811,25.2630067],[93.4094571,25.2626324],[93.4089806,25.2624565],[93.4081566,25.2621136],[93.4077147,25.2617933],[93.4074615,25.2614683],[93.4071288,25.2610306],[93.4069202,25.2608501],[93.4066771,25.2607779],[93.4063643,25.2607373],[93.406023,25.2608306],[93.4056694,25.2609271],[93.4052079,25.2611213],[93.4045925,25.2613019],[93.4042599,25.2613742],[93.4038182,25.261451],[93.403431,25.2614376],[93.4029297,25.2613699],[93.4024829,25.2612617],[93.4019865,25.2611038],[93.4015746,25.2609053],[93.4011625,25.2606165],[93.4009688,25.2604089],[93.4007802,25.2602013],[93.4006682,25.2600383],[93.4006645,25.260033],[93.4005568,25.2598764],[93.4000851,25.2594432],[93.3996285,25.2591363],[93.3995332,25.2590846],[93.3992959,25.2589558],[93.3987151,25.25864],[93.3984669,25.2584955],[93.3974294,25.2577645],[93.397196,25.2575614],[93.3968932,25.2572455],[93.3966996,25.2569612],[93.3965705,25.2567085],[93.3963918,25.2564467],[93.3959202,25.2559277],[93.3955975,25.2556614],[93.3951359,25.2554358],[93.3946643,25.2552914],[93.3943119,25.2552283],[93.3940985,25.2551336],[93.3936617,25.2547409],[93.3934879,25.2544205],[93.393175,25.2533914],[93.3931153,25.2523171],[93.3930805,25.251762],[93.3930258,25.2510217],[93.392843,25.250574],[93.3925927,25.2499688],[93.3923655,25.2497518],[93.3921869,25.2496344],[93.3919783,25.2495488],[93.3917649,25.2494721],[93.3915068,25.2493908],[93.3913828,25.2493502],[93.3911991,25.249269],[93.3910452,25.2491923],[93.3909162,25.249084],[93.3907872,25.2489666],[93.3907176,25.2488447],[93.390658,25.2487048],[93.3906233,25.2485559],[93.3905886,25.2483979],[93.3905041,25.2480955],[93.3904544,25.2479195],[93.3903602,25.2476352],[93.3901615,25.2471161],[93.390097,25.2469536],[93.3900523,25.2468543],[93.3899332,25.2466558],[93.3898687,25.2465609],[93.38969,25.2463713],[93.3893525,25.2461231],[93.3892532,25.2460645],[93.388769,25.2458009],[93.3881017,25.2454327],[93.3879478,25.2452747],[93.3878188,25.2451393],[93.3876997,25.245004],[93.3875111,25.2447422],[93.3873969,25.2445661],[93.3873126,25.2443269],[93.3872825,25.2442397],[93.3872628,25.2441825],[93.3872032,25.2439387],[93.3871735,25.2437492],[93.3871039,25.2435596],[93.3870195,25.2433926],[93.3868261,25.2430857],[93.3867218,25.2429368],[93.3865977,25.2427788],[93.3864984,25.242684],[93.3860418,25.2423772],[93.3858384,25.2422598],[93.3857093,25.2421921],[93.3854959,25.2421154],[93.3853272,25.2420974],[93.3850989,25.2420793],[93.3849649,25.2420702],[93.3847614,25.242129],[93.3843544,25.2422644],[93.3841261,25.2423366],[93.3838483,25.2423909],[93.3835604,25.2423502],[93.3833371,25.2422781],[93.3831386,25.2420433],[93.3829946,25.2418492],[93.382806,25.2415558],[93.382672,25.2413482],[93.3824536,25.2410278],[93.3823692,25.2409149],[93.3816347,25.2401432],[93.3814511,25.2399626],[93.3810987,25.2394977],[93.3809001,25.2385544],[93.3808902,25.2383964],[93.3808803,25.2381527],[93.3808902,25.238085],[93.3809596,25.237945],[93.3810689,25.2378728],[93.3812029,25.2378051],[93.3817636,25.2377283],[93.3820763,25.2377103],[93.3822648,25.2376742],[93.3824435,25.2376335],[93.3825278,25.2375432],[93.3826073,25.2374574],[93.3826667,25.2373265],[93.3826866,25.2372453],[93.3826667,25.2370286],[93.3826121,25.2368617],[93.3825228,25.236663],[93.3823293,25.2363788],[93.382096,25.2360177],[93.3819421,25.2357243],[93.3818677,25.2355799],[93.3817585,25.2353316],[93.3816642,25.2350562],[93.3815997,25.2348577],[93.3815898,25.2346049],[93.3816095,25.234456],[93.3816394,25.2343069],[93.3817386,25.234149],[93.3819221,25.2340136],[93.3821852,25.2339187],[93.3824035,25.2339052],[93.3826615,25.2339143],[93.3829097,25.2339007],[93.3831976,25.2338735],[93.3837185,25.2338239],[93.3838286,25.2337892],[93.3839767,25.2337426],[93.3841404,25.2336343],[93.3842595,25.2335214],[93.3843686,25.2333996],[93.3845224,25.2329392],[93.384567,25.2324292],[93.3846463,25.2313593],[93.3846216,25.2310209],[93.3845619,25.2307591],[93.3845073,25.2305785],[93.3844131,25.2303619],[93.3842542,25.2300369],[93.3839862,25.2296081],[93.3837579,25.2293283],[93.3832865,25.2288815],[93.3830136,25.2286242],[93.3827505,25.2284121],[93.3825074,25.228227],[93.3820508,25.2279337],[93.3817382,25.2277441],[93.381495,25.2275816],[93.3814305,25.227532],[93.3813065,25.2274056],[93.3812717,25.227356],[93.3812618,25.2271799],[93.3813064,25.2270039],[93.3813313,25.2269542],[93.3813908,25.2269272],[93.3815844,25.2269091],[93.3818374,25.226882],[93.3820011,25.2268279],[93.3820905,25.2267736],[93.3821798,25.226706],[93.3822344,25.2265886],[93.3822393,25.2264893],[93.3822194,25.226372],[93.3821847,25.226232],[93.3821152,25.2260334],[93.382011,25.2258528],[93.3818969,25.2255685],[93.3818423,25.2254015],[93.3815246,25.2240158],[93.3815097,25.2239121],[93.3815246,25.2238128],[93.3815664,25.2237423],[93.3816239,25.2236457],[93.3817082,25.2235329],[93.3817777,25.2234381],[93.3818025,25.2232034],[93.3818074,25.2231311],[93.3817776,25.222901],[93.3817032,25.2227655],[93.3816287,25.2226527],[93.3815592,25.2225714],[93.3814849,25.2224902],[93.3813855,25.2224135],[93.3813211,25.2223728],[93.3810382,25.2223458],[93.380686,25.2223323],[93.3803684,25.2223323],[93.3800756,25.2223368],[93.3797531,25.2223278],[93.3795298,25.2223143],[93.3793958,25.222224],[93.3793214,25.2220886],[93.3792519,25.2219351],[93.3791576,25.2216869],[93.378974,25.2211226],[93.3789419,25.2209651],[93.3789409,25.22096],[93.3789196,25.2208706],[93.3787855,25.2206352],[93.3786515,25.2205404],[93.3785423,25.2204637],[93.3782744,25.220396],[93.3782443,25.220396],[93.378239,25.220396],[93.3780908,25.220396],[93.3778973,25.2204456],[93.377674,25.2205449],[93.37754,25.2206307],[93.3772721,25.2208113],[93.3769744,25.2209963],[93.3768552,25.2210415],[93.3767808,25.2210685],[93.376622,25.2210821],[93.3764384,25.2210234],[93.3763442,25.2209512],[93.3762003,25.2208158],[93.3760613,25.2206624],[93.375714,25.2202742],[93.3756148,25.2201432],[93.3755751,25.2199131],[93.3756098,25.2196377],[93.3756842,25.2194617],[93.3758827,25.2191999],[93.3760216,25.219051],[93.3762053,25.2188524],[93.3764136,25.2186221],[93.3765773,25.2184055],[93.3766093,25.2183557],[93.3766468,25.2182972],[93.3766866,25.2181798],[93.3767212,25.2180624],[93.3767262,25.2179767],[93.3767063,25.2178774],[93.3765575,25.2177555],[93.3762896,25.2176472],[93.3761755,25.2176066],[93.3759653,25.2175649],[93.3759025,25.2175524],[93.3756742,25.2175073],[93.3754212,25.2174351],[93.3751434,25.2173493],[93.374925,25.2172545],[93.3747018,25.2169882],[93.3745976,25.2167626],[93.374543,25.2166136],[93.3745529,25.2163699],[93.3745976,25.2161802],[93.3746323,25.2160088],[93.3746572,25.2158237],[93.3746422,25.2156567],[93.3746273,25.2155709],[93.374548,25.2154535],[93.3745133,25.2154085],[93.3743594,25.2153182],[93.3741411,25.215246],[93.3735605,25.2150067],[93.3734118,25.2149029],[93.373377,25.2148397],[93.3733273,25.2147043],[93.3733075,25.2146276],[93.3733175,25.214447],[93.3733274,25.2142755],[93.3733968,25.2140047],[93.3734713,25.2137745],[93.3735408,25.2135759],[93.3735804,25.2134631],[93.3736946,25.213111],[93.373759,25.2128943],[93.3737988,25.2126642],[93.3738335,25.2124475],[93.3738533,25.21196],[93.3738533,25.2118832],[93.3738285,25.2118246],[93.3737095,25.2117975],[93.3734961,25.21182],[93.3732232,25.2118698],[93.3717149,25.2117252],[93.3699685,25.2113099],[93.3697055,25.2112964],[93.3694326,25.2112422],[93.369254,25.2111836],[93.3690407,25.2110797],[93.3689365,25.2109669],[93.368867,25.2107141],[93.3688918,25.2103982],[93.3689216,25.2101951],[93.3690308,25.2097347],[93.36914,25.2095361],[93.369264,25.2093736],[93.3694625,25.2091524],[93.3698743,25.2088861],[93.3701425,25.2087176],[93.3701472,25.2087146],[93.3703704,25.2085295],[93.3706086,25.2082588],[93.3707227,25.2080962],[93.3707178,25.2078932],[93.370678,25.2077939],[93.3705491,25.2076584],[93.3704151,25.2075366],[93.3703109,25.2074507],[93.370058,25.207347],[93.3697453,25.2073379],[93.3695022,25.2073379],[93.3687609,25.2074176],[93.3686885,25.2074281],[93.3681676,25.2074191],[93.3677906,25.2073379],[93.3673243,25.2071167],[93.3670811,25.2069542],[93.366714,25.2067014],[93.366332,25.2064305],[93.3661037,25.206101],[93.3660095,25.2058572],[93.3660093,25.2058523],[93.3659997,25.2056181],[93.3660592,25.2053653],[93.3661088,25.2052073],[93.3661535,25.205081],[93.3661846,25.2049933],[93.366186,25.2049892],[93.3662576,25.2047875],[93.3663172,25.2044129],[93.3662975,25.2036041],[93.3662912,25.2034195],[93.3661635,25.2029098],[93.3660743,25.2025893],[93.3660048,25.2023456],[93.3659156,25.2021515],[93.3657965,25.2017814],[93.3657469,25.2015196],[93.3657321,25.2013977],[93.3656577,25.2006575],[93.3656477,25.2004905],[93.3656527,25.2002377],[93.3656726,25.2000436],[93.3657768,25.1995562],[93.3658413,25.1993034],[93.3659356,25.1989333],[93.3659306,25.1987392],[93.3659009,25.1986353],[93.365757,25.1983284],[93.3656231,25.1980757],[93.3654445,25.1977822],[93.3652511,25.1975205],[93.3649187,25.1971864],[93.3641399,25.196577],[93.3639167,25.1964055],[93.3638273,25.1963468],[93.3634355,25.1961527],[93.3633214,25.1960985],[93.3619919,25.1956922],[93.3612577,25.1956379],[93.3610047,25.1956199],[93.3607169,25.1956018],[93.3602854,25.1955747],[93.3600572,25.1955566],[93.3596355,25.1954482],[93.3593775,25.1953128],[93.3592734,25.1951954],[93.3592436,25.1949923],[93.3592436,25.1948253],[93.3592585,25.1947576],[93.359328,25.1946086],[93.3595165,25.1943288],[93.3596356,25.1941754],[93.360044,25.1933543],[93.3602411,25.1929296],[93.3603204,25.1927536],[93.3603602,25.1924242],[93.3603304,25.1921849],[93.3601915,25.1920269],[93.3599882,25.1918508],[93.3598245,25.1917741],[93.3597252,25.191729],[93.359492,25.1917109],[93.3590754,25.191774],[93.3587827,25.1919184],[93.3585367,25.1920478],[93.358532,25.1920503],[93.3584652,25.1920854],[93.3582023,25.1922163],[93.3579988,25.1922929],[93.3576764,25.1923471],[93.3573391,25.1922974],[93.357091,25.1922207],[93.3568777,25.1920988],[93.356714,25.1918775],[93.3566248,25.1917015],[93.3565504,25.1914442],[93.3565356,25.1911734],[93.3567092,25.1908981],[93.3567688,25.1908213],[93.3570218,25.190668],[93.3573542,25.1904874],[93.3575923,25.1902708],[93.3576915,25.190009],[93.3576718,25.1894764],[93.357652,25.1892236],[93.3576124,25.1888083],[93.357543,25.1881674],[93.3575034,25.1879959],[93.3574191,25.1877025],[93.3573695,25.1875987],[93.3573249,25.1875399],[93.3572405,25.1875219],[93.3571959,25.1875174],[93.3571115,25.1875355],[93.3570421,25.1876392],[93.3569677,25.1878333],[93.3568485,25.1881763],[93.3568374,25.1882078],[93.3567492,25.1884562],[93.3565954,25.1887315],[93.3563524,25.188903],[93.3561638,25.1889571],[93.3559059,25.188903],[93.3550874,25.1884244],[93.3545716,25.1880858],[93.354408,25.1879774],[93.3542244,25.1877924],[93.3541203,25.1876659],[93.354036,25.1874854],[93.3540559,25.18735],[93.3542146,25.1871514],[93.3545917,25.186831],[93.354805,25.1866415],[93.3549638,25.1864474],[93.3550332,25.1861765],[93.3549589,25.1859329],[93.3547208,25.1856801],[93.3543687,25.1854588],[93.3539768,25.1852466],[93.3534561,25.1850073],[93.352712,25.1845693],[93.3525087,25.1844294],[93.3520722,25.1840863],[93.351864,25.1838786],[93.3515714,25.1835852],[93.3513382,25.183197],[93.3511597,25.1828359],[93.3510804,25.1826508],[93.3509962,25.1823483],[93.3509614,25.1821769],[93.3509417,25.1817887],[93.3511799,25.1811658],[93.3513536,25.1807777],[93.3514329,25.1806152],[93.3515323,25.1802541],[93.351567,25.1799833],[93.3514977,25.1796628],[93.3513935,25.1795364],[93.3512694,25.1794867],[93.351076,25.1794822],[93.3508677,25.1795634],[93.3505998,25.1797664],[93.3505205,25.1798387],[93.3504697,25.1798569],[93.3503319,25.1799064],[93.3501236,25.1799153],[93.3499203,25.1796942],[93.3498062,25.1794955],[93.3496923,25.1791344],[93.3496823,25.1788455],[93.3496626,25.178155],[93.3496925,25.1778525],[93.3497322,25.1775682],[93.3496976,25.1770627],[93.3496083,25.1767421],[93.349415,25.1764532],[93.3491076,25.1760334],[93.3489835,25.1758799],[93.3487753,25.1756858],[93.3487436,25.1756554],[93.3484975,25.1754195],[93.3478083,25.1746113],[93.3476199,25.1740381],[93.347496,25.1736589],[93.347387,25.1732571],[93.3472879,25.1727426],[93.3471244,25.1722551],[93.3469509,25.1718488],[93.346579,25.1711085],[93.3464303,25.1708331],[93.346222,25.170472],[93.3459593,25.170007],[93.3458701,25.1698084],[93.3457659,25.1694699],[93.3457958,25.169172],[93.3458405,25.1689373],[93.3460689,25.1678089],[93.3461632,25.1674613],[93.3462576,25.1671635],[93.3462427,25.1668881],[93.3461634,25.1665225],[93.3460147,25.1660666],[93.345623,25.1653714],[93.3454992,25.1651863],[93.3453156,25.1649425],[93.3450529,25.1645814],[93.3447406,25.1641435],[93.3445572,25.1638771],[93.3443538,25.1634934],[93.3440862,25.1628028],[93.3441211,25.1623244],[93.344141,25.1617601],[93.3441227,25.1612236],[93.3440768,25.1606498],[93.3440075,25.1600043],[93.3439878,25.1596432],[93.3440078,25.1591332],[93.3440326,25.1589751],[93.3444246,25.1582034],[93.3445635,25.1580635],[93.3449008,25.1579191],[93.3453227,25.1578006],[93.3455456,25.1577342],[93.3458728,25.1576305],[93.3460217,25.1575582],[93.3462349,25.1574544],[93.3464829,25.1572288],[93.3465673,25.1570844],[93.3465822,25.1569174],[93.3465525,25.1567774],[93.3464236,25.1565021],[93.3462203,25.1561139],[93.3460271,25.1557212],[93.3459458,25.1555454],[93.3458478,25.1553299],[93.3457693,25.1551461],[93.3456202,25.1546955],[93.3456292,25.1543517],[93.3455511,25.1538816],[93.3453253,25.1532635],[93.3452105,25.1529746],[93.3451706,25.1526526],[93.3451265,25.1521804],[93.345183,25.150735],[93.3451969,25.1504774],[93.3452969,25.1500073],[93.345354,25.1497466],[93.3454018,25.1495332],[93.3456586,25.1488936],[93.3458685,25.1484272],[93.3462937,25.1474601],[93.3462981,25.1470739],[93.3462736,25.1461836],[93.3462526,25.1452615],[93.3463039,25.1450075],[93.3463824,25.144628],[93.3464371,25.1444618],[93.3465565,25.1441431],[93.346597,25.144032],[93.3467168,25.1436905],[93.346762,25.1435609],[93.3468161,25.1432592],[93.3468589,25.1430182],[93.346862,25.1425911],[93.3467229,25.1420317],[93.3464406,25.1415542],[93.346348,25.1413185],[93.3461694,25.1408482],[93.3461409,25.1405801],[93.3462066,25.1403735],[93.3463398,25.140192],[93.3463765,25.1401488],[93.3465882,25.1400082],[93.3468619,25.1397877],[93.3472376,25.1394302],[93.3473469,25.1392442],[93.3474209,25.1391051],[93.347478,25.1389451],[93.347509,25.1387729],[93.3474805,25.1386043],[93.3474365,25.138479],[93.3473914,25.1383774],[93.3472129,25.1382141],[93.3470275,25.1380843],[93.3468944,25.1379914],[93.3465823,25.1378509],[93.3462471,25.1377644],[93.3458349,25.1377085],[93.3454664,25.1378144],[93.3453043,25.1378839],[93.3451288,25.1379592],[93.3446418,25.1381665],[93.3443352,25.1382637],[93.3439619,25.1382874],[93.3435103,25.1382189],[93.3431418,25.1380567],[93.3426545,25.1377017],[93.3423818,25.137485],[93.3423075,25.1371464],[93.3422382,25.1367583],[93.3422729,25.1365372],[93.3423374,25.1363747],[93.3426202,25.1360813],[93.3427392,25.135982],[93.3429475,25.1358602],[93.3431706,25.1357339],[93.3434087,25.1355489],[93.3434633,25.1355038],[93.3436914,25.1352104],[93.3438253,25.1349531],[93.3439394,25.1347139],[93.3440287,25.1344837],[93.3440536,25.1343303],[93.3440734,25.1341723],[93.3440835,25.1338247],[93.3440438,25.1336307],[93.344005,25.1334536],[93.344003,25.1334446],[93.3439943,25.133405],[93.3439398,25.1331071],[93.3439796,25.1329175],[93.3440639,25.1326783],[93.3441433,25.1324977],[93.3442673,25.1323623],[93.3445203,25.1321051],[93.3448029,25.1318344],[93.3449517,25.1316719],[93.3451005,25.1315004],[93.3451798,25.1313921],[93.3452642,25.1310852],[93.3453039,25.1309091],[93.3453189,25.1307421],[93.3453387,25.1303359],[93.3452844,25.1298168],[93.345215,25.1293293],[93.3450862,25.1291352],[93.344992,25.1289998],[93.344645,25.1287831],[93.3443128,25.1286114],[93.3438666,25.1283857],[93.3434998,25.1282682],[93.3433937,25.1282424],[93.3433676,25.1282361],[93.343128,25.1281779],[93.3429098,25.1281192],[93.3425826,25.1279205],[93.3421117,25.127627],[93.3419481,25.1272659],[93.3418094,25.1269273],[93.3417202,25.1267061],[93.3417649,25.1264127],[93.3420427,25.1260697],[93.342484,25.1258125],[93.3428153,25.125758],[93.3430592,25.1257179],[93.3436046,25.1256232],[93.3442145,25.1252893],[93.3446955,25.1248381],[93.3451171,25.123967],[93.3451965,25.1237819],[93.3452561,25.1234615],[93.3452016,25.1232945],[93.345167,25.1232087],[93.3449637,25.1231409],[93.3445918,25.1231996],[93.3441158,25.1232762],[93.343729,25.1234296],[93.3428663,25.1237319],[93.3424101,25.1237588],[93.3419937,25.1237632],[93.3416714,25.1236142],[93.3414683,25.1234291],[93.3413542,25.1233026],[93.3411758,25.1230634],[93.3412057,25.1227655],[93.3413396,25.122445],[93.3414834,25.1221382],[93.3416669,25.1218132],[93.3418059,25.121556],[93.3419696,25.1210776],[93.3421979,25.1201929],[93.342203,25.1198905],[93.3419948,25.1195655],[93.3416776,25.1191546],[93.3415141,25.1189469],[93.3410134,25.1185677],[93.3409353,25.1184965],[93.3406615,25.1182471],[93.3403741,25.1179628],[93.3396606,25.1165046],[93.3395267,25.1161796],[93.3393633,25.1157597],[93.3393435,25.1156605],[93.3393286,25.1154889],[93.3397651,25.115128],[93.3399188,25.1150106],[93.3401468,25.1148707],[93.3405138,25.1146542],[93.3407255,25.1144865],[93.3407815,25.1144421],[93.3412824,25.114045],[93.3414063,25.1138329],[93.341332,25.1135891],[93.3413073,25.1135621],[93.3410743,25.113413],[93.3392947,25.1128665],[93.3381347,25.1126946],[93.3373515,25.1123966],[93.336955,25.1120354],[93.3367469,25.111602],[93.3368413,25.1111326],[93.3370099,25.1108212],[93.3377733,25.1106272],[93.3380759,25.110352],[93.3380761,25.1099007],[93.3377342,25.1091287],[93.3373378,25.1084696],[93.3363864,25.1073093],[93.3361554,25.1069737],[93.3355539,25.1060995],[93.3346968,25.1044878],[93.3335772,25.1023796],[93.3327397,25.101427],[93.3324574,25.1007317],[93.3325716,25.1001315],[93.3332064,25.0989278],[93.3334447,25.0983307],[93.3335389,25.0979877],[93.3334994,25.0976086],[93.3332566,25.0973828],[93.3324933,25.0971028],[93.3318839,25.0965293],[93.3317006,25.0960463],[93.3317009,25.0953872],[93.331934,25.0946967],[93.3322565,25.0941777],[93.3324053,25.0937625],[93.3323706,25.0935187],[93.3321626,25.0932389],[93.3315529,25.0930852],[93.3306756,25.0930669],[93.3294809,25.0932923],[93.3282615,25.0934634],[93.3275428,25.0934],[93.3261155,25.0928082],[93.3252979,25.0920451],[93.3245993,25.0913272],[93.3238213,25.0909794],[93.3228101,25.090961],[93.3218783,25.0908207],[93.3208329,25.0896242],[93.3196043,25.0882606],[93.3184252,25.0870279],[93.3174245,25.0859939],[93.315824,25.0851763],[93.3149222,25.0846162],[93.3144864,25.0839525],[93.3138774,25.0826703],[93.3130949,25.0812888],[93.3129815,25.0801242],[93.312739,25.0793523],[93.3122091,25.0785892],[93.3105346,25.0773743],[93.3100245,25.0764803],[93.3094811,25.0752337],[93.3090413,25.0746793],[93.3079544,25.0736403],[93.3068151,25.0724933],[93.3061119,25.0716354],[93.3059041,25.0709717],[93.306058,25.0705069],[93.3062468,25.0697081],[93.3063415,25.0687738],[93.3063345,25.0686686],[93.3063071,25.0682546],[93.3056782,25.0673696],[93.3044649,25.0657667],[93.3043962,25.0657166],[93.3043934,25.0657145],[93.3033255,25.0649356],[93.3028155,25.0643621],[93.3024346,25.0633373],[93.3024601,25.0619606],[93.3025893,25.0613694],[93.303105,25.0607648],[93.304399,25.0596596],[93.3050833,25.0588609],[93.3054801,25.0582427],[93.3055599,25.0574257],[93.3052927,25.0566809],[93.3049384,25.0561924],[93.3048768,25.0561074],[93.3042279,25.0556151],[93.3036383,25.0554388],[93.3031427,25.0555424],[93.3025181,25.0560295],[93.3020619,25.0564627],[93.3015267,25.0564805],[93.3011305,25.0562546],[93.3007888,25.0558572],[93.3007493,25.0555593],[93.3012798,25.0551262],[93.3017359,25.0547788],[93.3020036,25.0545217],[93.3020979,25.0542419],[93.3019495,25.0538446],[93.3018101,25.0535495],[93.301702,25.0533209],[93.3011331,25.0519485],[93.3007723,25.0503369],[93.3005255,25.048775],[93.3003182,25.0473936],[93.3001106,25.0464592],[93.2999572,25.0460394],[93.2994421,25.0457638],[93.2987974,25.0457975],[93.2987584,25.0457995],[93.298,25.0461106],[93.2975439,25.0465798],[93.297618,25.0470131],[93.2979249,25.0474963],[93.2985291,25.0480518],[93.2987763,25.0483284],[93.2991183,25.0487111],[93.2994053,25.0493521],[93.2992904,25.0508642],[93.2991958,25.0515999],[93.2987991,25.0519473],[93.2983583,25.0518433],[93.2980364,25.0514594],[93.2977345,25.0509402],[93.297353,25.050782],[93.2966098,25.0507816],[93.2959457,25.0509573],[93.2952518,25.051133],[93.294796,25.051065],[93.2944347,25.0505773],[93.2941877,25.0493269],[93.2940351,25.047765],[93.2940008,25.047115],[93.2938872,25.0465237],[93.2936793,25.0463339],[93.2933918,25.0463519],[93.2929557,25.0466992],[93.2923456,25.0476874],[93.2919488,25.0481701],[93.2916066,25.0485355],[93.2913589,25.0486393],[93.2909181,25.0483772],[93.2905417,25.047894],[93.2900666,25.0472167],[93.2893835,25.0461826],[93.2889677,25.0456813],[93.2885862,25.0455412],[93.2881106,25.045577],[93.2876743,25.0459063],[93.2875598,25.0467007],[93.2874258,25.046994],[93.287178,25.0470119],[93.286326,25.0466639],[93.2851076,25.0460041],[93.2844441,25.0453808],[93.2839934,25.0450464],[93.2834633,25.0449965],[93.2830421,25.0451181],[93.2826056,25.0458084],[93.2825108,25.0465713],[93.2826984,25.0475779],[93.2829653,25.0484809],[93.2830047,25.0488194],[93.2826973,25.0490088],[93.2822613,25.0489408],[93.2816919,25.0484214],[93.2811878,25.0478308],[93.2810829,25.0477078],[93.2805334,25.047238],[93.2800974,25.0470482],[93.2796612,25.0472239],[93.2793932,25.0477789],[93.2794524,25.0483067],[93.2794671,25.048438],[93.2798875,25.0493907],[93.2801496,25.0501537],[93.2802284,25.0507451],[93.2800746,25.0509977],[93.2796038,25.0510155],[93.2789353,25.0504779],[93.278366,25.0499224],[93.2777963,25.0496421],[93.2773058,25.0495741],[93.2770034,25.0497996],[93.2768295,25.0503908],[93.2763931,25.0508735],[93.2755159,25.0510128],[93.2745101,25.0509444],[93.2737821,25.0504384],[93.2734952,25.0498288],[93.2732877,25.04912],[93.2728521,25.0485962],[93.2721486,25.0484422],[93.2715389,25.0487713],[93.2710626,25.0495157],[93.2707397,25.050486],[93.2704521,25.0507656],[93.2698427,25.0506433],[93.2689512,25.0502094],[93.2680597,25.0496851],[93.2673711,25.0495131],[93.2668806,25.049427],[93.265949,25.0495301],[93.2650918,25.0495115],[93.2647004,25.049448],[93.2642049,25.0493619],[93.2637495,25.0489102],[93.263369,25.0477814],[93.2627257,25.0468601],[93.2623843,25.0463453],[93.2622707,25.0459119],[93.2623651,25.0456321],[93.2627071,25.0455285],[93.2632966,25.045705],[93.2638266,25.0457912],[93.2642233,25.0457219],[93.2646246,25.0456518],[93.2650658,25.0453768],[93.265517,25.0449799],[93.2658592,25.0445333],[93.2661074,25.0440821],[93.2660531,25.0438383],[93.2658054,25.0437344],[93.2657109,25.0437186],[93.2657089,25.0437183],[93.2648543,25.0435757],[93.2639827,25.0431146],[93.2633391,25.0425589],[93.2629233,25.0419538],[93.2625278,25.041123],[93.2621862,25.0407209],[93.2618048,25.040671],[93.2613092,25.0407925],[93.2607391,25.0411396],[93.2602633,25.041365],[93.2599016,25.0413466],[93.2596193,25.0412065],[93.2591788,25.040651],[93.2587831,25.0400278],[93.2583481,25.0388358],[93.2583489,25.0380233],[93.2587658,25.0372427],[93.2594163,25.0365154],[93.2600405,25.0357723],[93.26014,25.0354067],[93.2598926,25.0349732],[93.2589423,25.0339659],[93.2584326,25.0333335],[93.2576708,25.0321368],[93.2570869,25.0313058],[93.2566861,25.0308225],[93.2559085,25.030542],[93.2550716,25.0302299],[93.2548439,25.0299859],[93.2546165,25.0294848],[93.2544094,25.0286044],[93.2541824,25.0276834],[93.2537865,25.027164],[93.2535935,25.0270239],[93.2531375,25.0271093],[93.2524931,25.0275782],[93.2522253,25.0278398],[93.2519032,25.0278892],[93.2516953,25.0277536],[93.251354,25.027144],[93.2511073,25.0262681],[93.2511671,25.0258484],[93.2514545,25.0257132],[93.2521927,25.0257635],[93.253124,25.0258184],[93.2535452,25.0257646],[93.2540358,25.0254715],[93.2541701,25.0250248],[93.2541159,25.0246907],[93.2536951,25.0243473],[93.2532846,25.0240217],[93.2529774,25.023778],[93.2526162,25.0233083],[93.2525027,25.022929],[93.2527111,25.0225455],[93.25343,25.0219638],[93.2539655,25.0214272],[93.2540799,25.0209262],[93.2539465,25.0205785],[93.2535306,25.0203164],[93.2523863,25.0203154],[93.2510587,25.0203821],[93.2498797,25.0203314],[93.2490823,25.0200871],[93.2486467,25.0197617],[93.2481328,25.0185154],[93.2478112,25.0181134],[93.2472813,25.0179911],[93.2467065,25.0181486],[93.2459929,25.0184775],[93.2452694,25.0186664],[93.2445857,25.018738],[93.2441251,25.0186158],[93.2438828,25.0182861],[93.2436357,25.0176991],[93.2436221,25.0164894],[93.2437364,25.0161239],[93.2439843,25.0159164],[93.2444401,25.015831],[93.2451832,25.0158317],[93.2453929,25.0158607],[93.2453974,25.0158613],[93.245941,25.0159362],[93.2466841,25.0158691],[93.2471798,25.0156258],[93.2473831,25.0154003],[93.2476709,25.0148995],[93.2476712,25.0145338],[93.247424,25.0141364],[93.2468919,25.0136853],[93.2465132,25.0133913],[93.2459726,25.0129849],[93.2455608,25.0126565],[93.245372,25.0124924],[93.2449115,25.0120656],[93.2447226,25.0117136],[93.2446023,25.0114634],[93.2444819,25.0110721],[93.2442081,25.0101709],[93.2441738,25.0100145],[93.2441221,25.009772],[93.2440358,25.0092713],[93.2439579,25.0087993],[93.2438199,25.0079543],[93.2437744,25.0074516],[93.2436368,25.0069432],[93.2433876,25.0064034],[93.2432588,25.0061923],[93.2428811,25.0056527],[93.2424552,25.0050944],[93.2421718,25.0047111],[93.2419143,25.004281],[93.2417844,25.0039252],[93.2418525,25.0034634],[93.242161,25.0032989],[93.2426497,25.0033455],[93.2432376,25.0034717],[93.2437007,25.003487],[93.2439749,25.0034164],[93.2441976,25.0032596],[93.2443604,25.0027396],[93.244343,25.0024736],[93.2442481,25.0018477],[93.2441456,25.0013045],[93.2440509,25.0008742],[93.2438503,25.000505],[93.2437908,25.0002905],[93.2437258,25.0000563],[93.2437253,24.9995351],[93.2438906,24.9988623],[93.2441116,24.9983912],[93.2443881,24.9980883],[93.2447014,24.9978358],[93.2450148,24.9976001],[93.2452915,24.997499],[93.2456972,24.9973978],[93.2468624,24.9973802],[93.2476388,24.997862],[93.2488809,24.9989058],[93.2494051,24.9997593],[93.2495729,25.0003688],[93.2493346,25.0009374],[93.2487089,25.0025483],[93.2487827,25.0029862],[93.2490695,25.00351],[93.2499753,25.004075],[93.2505001,25.0043192],[93.2508866,25.0042292],[93.251338,25.0035119],[93.251641,25.0026185],[93.2518251,25.001788],[93.2519097,25.001445],[93.2520833,25.0011203],[93.2523411,25.0009308],[93.2525887,25.0009311],[93.2530193,25.0012925],[93.2539199,25.002214],[93.2544988,25.0028104],[93.2549242,25.0034607],[93.255617,25.0040616],[93.2565378,25.0045634],[93.2570132,25.0047352],[93.2573846,25.0047445],[93.2576869,25.0046139],[93.2579845,25.0041176],[93.2587424,25.0029904],[93.2588671,25.0028659],[93.2591451,25.0025883],[93.2595516,25.0021102],[93.2597799,25.0015912],[93.2598696,25.0011264],[93.259756,25.0006524],[93.2594148,25.000124],[93.2590586,24.9996904],[93.2587253,24.999524],[93.2586328,24.9994779],[93.2578552,24.9994773],[93.2568495,24.9997338],[93.255705,25.0001121],[93.2550857,25.0002605],[93.2545855,25.0002692],[93.2541595,25.0002326],[93.2535457,24.9998982],[93.2530509,24.9993381],[93.2527739,24.998909],[93.2526558,24.9982138],[93.252701,24.9976406],[93.2529786,24.9973384],[93.2534096,24.9972891],[93.2539196,24.9974475],[93.2544297,24.9974569],[93.2553662,24.9970243],[93.2562481,24.9967452],[93.2567782,24.9965876],[93.2569963,24.9963983],[93.2570412,24.9960733],[93.2568586,24.9954051],[93.2565025,24.9947729],[93.2557601,24.9942577],[93.2548101,24.9933857],[93.2543352,24.9927851],[93.2540683,24.9921935],[93.2539552,24.9913584],[93.2538915,24.9906587],[93.253709,24.9899544],[93.2533185,24.9891551],[93.2525025,24.9879403],[93.2516965,24.9866622],[93.2514099,24.986012],[93.2513856,24.9855741],[93.2515249,24.9849333],[93.2520704,24.9841754],[93.2527593,24.9836433],[93.2532402,24.9830975],[93.2534982,24.9825561],[93.2534344,24.9820685],[93.253004,24.9816123],[93.2514941,24.9810288],[93.2503902,24.9804998],[93.2496728,24.9798853],[93.2494356,24.9793389],[93.2492238,24.9783141],[93.2491999,24.9775016],[93.2493389,24.9770413],[93.2495233,24.9769048],[93.2496314,24.9768248],[93.2502255,24.9769383],[93.2511313,24.9773046],[93.2515969,24.9773185],[93.2518247,24.9772917],[93.2519933,24.9770751],[93.2520285,24.9764522],[93.2519498,24.9758519],[93.2518116,24.975459],[93.2512377,24.9749078],[93.2505153,24.9742528],[93.2498723,24.9735525],[93.249612,24.9731245],[93.2496114,24.973123],[93.252438,24.974285],[93.2571558,24.9736233],[93.2609234,24.9714582],[93.2623279,24.9686556],[93.2627821,24.9643496],[93.2630056,24.9613358],[93.26087,24.9585454],[93.2580327,24.9572637],[93.2549605,24.9561981],[93.2500003,24.9551387],[93.2468717,24.9522721],[93.2453626,24.9508062],[93.2452485,24.9505535],[93.2454116,24.9502779],[93.2460994,24.9499208],[93.246817,24.9495817],[93.2475791,24.9492651],[93.2480641,24.9490571],[93.2487121,24.948551],[93.2491277,24.9481715],[93.2492858,24.9478328],[93.2493547,24.9473904],[93.2491709,24.9468444],[93.248502,24.9463168],[93.2477837,24.945875],[93.2474367,24.9455187],[93.2473071,24.9453505],[93.2472732,24.9453067],[93.2473225,24.9451171],[93.2474808,24.944968],[93.247946,24.94476],[93.2486388,24.944484],[93.24949,24.9442306],[93.250366,24.9438281],[93.2509695,24.9434079],[93.2514293,24.9427755],[93.2516366,24.9422472],[93.2515913,24.9415025],[93.2514771,24.941164],[93.2512687,24.9406406],[93.2509664,24.9403881],[93.2506644,24.9402619],[93.25009,24.9402625],[93.249882,24.9402299],[93.2488868,24.9400738],[93.248055,24.9398398],[93.2476192,24.9397996],[93.2471787,24.9399038],[93.2465999,24.9402653],[93.246115,24.9406223],[93.2456303,24.9409613],[93.245264,24.9411286],[93.2449176,24.941192],[93.2438777,24.9409401],[93.2435755,24.9407508],[93.2435101,24.9406912],[93.2429511,24.9401825],[93.2422575,24.9395105],[93.241658,24.9390867],[93.2407567,24.9386902],[93.2399743,24.9385418],[93.2387463,24.9382268],[93.2375925,24.9378891],[93.2372946,24.9376864],[93.2370229,24.9375014],[93.2368146,24.937163],[93.2368114,24.9345648],[93.2367422,24.9337506],[93.2368554,24.9329515],[93.2371322,24.9325315],[93.2374341,24.9324862],[93.2377559,24.9325311],[93.238058,24.9326753],[93.2387963,24.9333518],[93.2394205,24.9338749],[93.240322,24.9345287],[93.2420311,24.9357507],[93.2426354,24.9361068],[93.2431653,24.9362959],[93.2436008,24.936255],[93.2441799,24.9360829],[93.2449171,24.93564],[93.2451049,24.935387],[93.2453569,24.9347549],[93.245242,24.9338297],[93.2447061,24.932503],[93.2442006,24.9318941],[93.2436655,24.9314297],[93.2429077,24.9310285],[93.2422145,24.9308214],[93.2417045,24.9305871],[93.2412634,24.9300819],[93.2411046,24.9296396],[93.2411483,24.9288001],[93.2411516,24.9287843],[93.2412616,24.9282673],[93.2411921,24.927992],[93.240964,24.9276356],[93.2405926,24.927338],[93.2401765,24.9271081],[93.2393891,24.9266889],[93.2387699,24.9262651],[93.2385617,24.9259718],[93.2384922,24.9256785],[93.2386303,24.9251277],[93.238813,24.9247078],[93.2390899,24.9244322],[93.2393423,24.9243688],[93.2411197,24.9246653],[93.2420455,24.924791],[93.2432436,24.9250428],[93.2441943,24.9253581],[93.244838,24.9255652],[93.2451846,24.9256281],[93.2456003,24.9255466],[93.2459712,24.9252483],[93.2463864,24.9245348],[93.2465835,24.9237221],[93.2467211,24.9226477],[93.2468144,24.9219299],[93.2474366,24.9204534],[93.2480589,24.9189588],[93.248725,24.9168729],[93.2488629,24.9162363],[93.2489314,24.9155005],[93.2488368,24.914846],[93.248678,24.9144895],[93.248351,24.9141513],[93.2482939,24.9141047],[93.2476823,24.9136057],[93.2472415,24.9133081],[93.2467362,24.9128662],[93.2459866,24.9120048],[93.245116,24.9110575],[93.2446801,24.9107418],[93.2440563,24.9105527],[93.2425318,24.910554],[93.2400223,24.9104341],[93.2394929,24.9105203],[93.2390327,24.9106245],[93.2383599,24.9110041],[93.237623,24.9116817],[93.2369998,24.9121652],[93.2365148,24.9122693],[93.2360297,24.9121253],[93.2355444,24.9117871],[93.2354705,24.9117064],[93.2351975,24.9114082],[93.2349694,24.9109254],[93.2349195,24.9104199],[93.2352456,24.9098915],[93.2361209,24.908943],[93.2367884,24.9083105],[93.2372976,24.907615],[93.2375937,24.9066669],[93.2376873,24.9061613],[93.237781,24.9058227],[93.2379392,24.9056555],[93.2381272,24.905529],[93.238424,24.9054249],[93.2387705,24.9053615],[93.2391416,24.9053161],[93.239293,24.9053094],[93.2395573,24.9052977],[93.2399729,24.9052522],[93.2403193,24.9051256],[93.2406852,24.9047461],[93.2408925,24.904114],[93.2408027,24.9033558],[93.2396476,24.9013299],[93.2394836,24.9005717],[93.2394001,24.9002802],[93.2392056,24.8996014],[93.2388586,24.8989923],[93.2384872,24.8986992],[93.2379575,24.8986545],[93.2370818,24.8988447],[93.2361368,24.8991208],[93.2355577,24.8991438],[93.2348202,24.8989729],[93.2347203,24.8989481],[93.2347189,24.8989478],[93.234147,24.8988063],[93.2335234,24.8987661],[93.2326773,24.8989563],[93.232168,24.8990221],[93.2320093,24.8990426],[93.2312223,24.8989573],[93.2301579,24.8984751],[93.229608,24.897821],[93.2293997,24.8973382],[93.2292901,24.8965167],[93.2292651,24.8962053],[93.2294231,24.8957764],[93.2296554,24.8954873],[93.2302341,24.8950581],[93.2309909,24.8946739],[93.231728,24.8942671],[93.2320641,24.8938832],[93.232326,24.893382],[93.2324344,24.8928583],[93.2323546,24.8921407],[93.2321169,24.891879],[93.2318791,24.8917347],[93.2315674,24.8916853],[93.2311468,24.8917352],[93.2303355,24.8920698],[93.2296383,24.8923773],[93.2296281,24.8923818],[93.2288959,24.8926442],[93.2282132,24.8928342],[93.2275847,24.892934],[93.2270601,24.8928621],[93.2262233,24.8922171],[93.2260151,24.8919284],[93.2259853,24.8916892],[93.2260147,24.8913868],[93.2260788,24.8911024],[93.2261875,24.8907773],[93.2263011,24.890565],[93.2264839,24.8902534],[93.2267855,24.8898109],[93.2275713,24.8887361],[93.2279916,24.8883385],[93.2282785,24.8881487],[93.2286198,24.8880176],[93.2290008,24.8879451],[93.2295106,24.8879448],[93.2300852,24.8880243],[93.2300945,24.8880256],[93.2304508,24.8880254],[93.2307873,24.8880161],[93.2310791,24.8879211],[93.2313117,24.8877765],[93.231549,24.8875371],[93.2317714,24.8871668],[93.2320875,24.8865933],[93.2326605,24.8854147],[93.2327789,24.8849588],[93.2327885,24.8846609],[93.2326992,24.8843991],[93.2325654,24.8842412],[93.2323822,24.8841014],[93.2320307,24.8839212],[93.2315706,24.8839079],[93.231244,24.8839217],[93.2306948,24.8840665],[93.2303316,24.8842402],[93.2300518,24.8843739],[93.2290973,24.8849885],[93.2287016,24.8851783],[93.228479,24.8852598],[93.228286,24.8852508],[93.2280088,24.8851653],[93.2277365,24.8850346],[93.227474,24.8848181],[93.2273304,24.8845925],[93.227251,24.8843172],[93.2271814,24.8839471],[93.2271711,24.8834326],[93.2271411,24.8830173],[93.2270764,24.8826697],[93.2269325,24.8822275],[93.226701,24.8818058],[93.2265708,24.8815687],[93.2260062,24.8809462],[93.2256793,24.8806124],[93.2252981,24.8803373],[93.2249219,24.8801841],[93.2245112,24.8802069],[93.2242256,24.8803219],[93.2240956,24.8803742],[93.2234529,24.8809705],[93.2231266,24.8813408],[93.2228101,24.8815803],[93.2224986,24.8818107],[93.2221027,24.8819058],[93.2217662,24.8818337],[93.2215136,24.8815224],[93.2213202,24.8809854],[93.2212705,24.8807011],[93.2211909,24.8800647],[93.2212695,24.8793469],[93.2215311,24.8785839],[93.2219609,24.8776628],[93.2224305,24.8771479],[93.2232958,24.8762762],[93.2243291,24.8753231],[93.2250461,24.8746923],[93.2250634,24.8746771],[93.2256641,24.8741486],[93.2261586,24.8736968],[93.2263958,24.8733626],[93.2264846,24.8730601],[93.2264449,24.8728344],[93.2261972,24.8725954],[93.2257518,24.8724152],[93.2253065,24.8723928],[93.2248366,24.8725241],[93.2234265,24.8731617],[93.2234071,24.8731705],[93.2223486,24.8736271],[93.2219182,24.8737583],[93.2214185,24.8738174],[93.2209979,24.873795],[93.220696,24.8737005],[93.2203595,24.8735201],[93.2201613,24.873281],[93.2200968,24.8730057],[93.2202004,24.8726355],[93.2204624,24.8722878],[93.2207887,24.8719309],[93.2210173,24.8717292],[93.2210755,24.8716779],[93.2213375,24.8714159],[93.2214808,24.8711541],[93.2216536,24.8707206],[93.2217719,24.8702421],[93.2216677,24.8698088],[93.2214548,24.8695111],[93.2210735,24.8691998],[93.2195441,24.8684515],[93.2189402,24.8680818],[93.2183363,24.8676398],[93.2178261,24.8670894],[93.2175537,24.866575],[93.2173207,24.8659523],[93.2171125,24.8654964],[93.2168997,24.8653521],[93.2167017,24.8653072],[93.2163753,24.8653525],[93.2159845,24.8655332],[93.2157075,24.8656418],[93.215381,24.8656781],[93.2150296,24.86557],[93.2147128,24.8652948],[93.2143612,24.8648798],[93.214069,24.8644602],[93.2139153,24.8639953],[93.2138605,24.8636117],[93.2138058,24.8631196],[93.2138746,24.8625599],[93.2138841,24.8619596],[93.2138838,24.8614495],[93.2138736,24.8611561],[93.2137943,24.8609305],[93.213611,24.8606281],[93.2128239,24.859938],[93.2122843,24.8594959],[93.2116308,24.8588463],[93.2111059,24.8581379],[93.2108185,24.8574565],[93.2106104,24.856906],[93.2103875,24.8565269],[93.2102141,24.8562878],[93.2100309,24.8560802],[93.2097934,24.8559133],[93.2095311,24.8558683],[93.2091254,24.855846],[93.2086406,24.8559501],[93.2078443,24.8561086],[93.2075928,24.8561415],[93.2075672,24.8561448],[93.2073743,24.8561088],[93.2071862,24.8560502],[93.2070426,24.8559284],[93.2068744,24.8557615],[93.2066911,24.8554501],[93.2064533,24.8548409],[93.2063093,24.8542181],[93.2061803,24.8535456],[93.2058928,24.8527693],[93.2054076,24.8521828],[93.2051305,24.8518851],[93.2045414,24.8513482],[93.2040712,24.8510505],[93.2035616,24.8508792],[93.203185,24.8508365],[93.2028146,24.8509293],[93.2023942,24.851241],[93.2020137,24.8518145],[93.2017816,24.8523878],[93.2017721,24.8524355],[93.2017674,24.8524592],[93.2016484,24.8530604],[93.2014805,24.8536474],[93.2013472,24.8540176],[93.2011247,24.8543562],[93.200744,24.8546634],[93.2000367,24.8549752],[93.1995521,24.855147],[93.1985529,24.8553371],[93.1979196,24.8553644],[93.1974149,24.855297],[93.1968706,24.8550941],[93.1962372,24.8548281],[93.1955593,24.8544673],[93.1955104,24.8544333],[93.1950743,24.854129],[93.1948267,24.8538493],[93.1947227,24.8536056],[93.1947078,24.8534701],[93.1947226,24.8533754],[93.1948115,24.8532715],[93.194955,24.8532308],[93.1952221,24.8532172],[93.1960482,24.8531896],[93.1965183,24.8532707],[93.1971367,24.8532974],[93.1975918,24.8532295],[93.1981211,24.8530126],[93.1985364,24.8526377],[93.2000339,24.8503801],[93.201067,24.8488493],[93.2012597,24.8485422],[93.2013289,24.848312],[93.2013583,24.8479238],[93.201214,24.8466465],[93.2010501,24.8456264],[93.2008717,24.8450216],[93.2007824,24.8446426],[93.2008265,24.8440466],[93.2011032,24.8434417],[93.2013995,24.8426064],[93.2015476,24.8420557],[93.2014732,24.8417081],[93.2012949,24.8414509],[93.2011019,24.8413427],[93.2008545,24.8412886],[93.2006023,24.8413023],[93.1999692,24.8415193],[93.1990593,24.8419756],[93.1984412,24.8423551],[93.1978263,24.8428476],[93.1977193,24.8429333],[93.196498,24.8439405],[93.1959096,24.8442477],[93.1954297,24.8443292],[93.1948856,24.8443295],[93.1944898,24.8442755],[93.1940496,24.8441538],[93.1935448,24.8439825],[93.1931638,24.843766],[93.1927382,24.8434141],[93.1926186,24.8432325],[93.1923075,24.8427598],[93.19203,24.8417894],[93.191762,24.8404354],[93.191752,24.8400246],[93.1919695,24.8397176],[93.1928843,24.8391529],[93.1943281,24.8381727],[93.1951262,24.8374276],[93.1952229,24.8373373],[93.196108,24.8366913],[93.1963257,24.8366371],[93.1965779,24.8366505],[93.1967858,24.8367452],[93.1970778,24.8370384],[93.1974787,24.8375043],[93.1986271,24.8388387],[93.1991715,24.8393124],[93.1996861,24.8394837],[93.1999482,24.8395107],[93.2000521,24.839497],[93.2002301,24.8394157],[93.2004081,24.8392576],[93.2005218,24.8390139],[93.2006106,24.838761],[93.2005952,24.837953],[93.2004367,24.8373618],[93.2000057,24.8364547],[93.1993274,24.8354755],[93.1982189,24.8344289],[93.1977933,24.8341582],[93.1973975,24.8340094],[93.197071,24.8339826],[93.196705,24.834064],[93.1960572,24.8344163],[93.1958023,24.8345564],[93.1952018,24.8348862],[93.194381,24.8353019],[93.1938914,24.8354782],[93.193273,24.8355732],[93.192907,24.8355463],[93.1925854,24.8354381],[93.1920114,24.8350367],[93.1917951,24.8346959],[93.1916104,24.8344048],[93.1914469,24.833773],[93.1914762,24.8331952],[93.1916542,24.832992],[93.1924355,24.83259],[93.1933009,24.8322646],[93.1948785,24.831686],[93.1950713,24.8316453],[93.1954521,24.8315142],[93.1958032,24.8312703],[93.195907,24.8311483],[93.1959069,24.8309091],[93.1958621,24.8305976],[93.1956739,24.8301825],[93.1939662,24.8278316],[93.1923129,24.8253858],[93.191887,24.824578],[93.1909757,24.8221273],[93.1904309,24.82062],[93.1902226,24.8197217],[93.1901184,24.8190628],[93.1900589,24.818643],[93.1901626,24.8184399],[93.1905185,24.818065],[93.1915765,24.8172836],[93.1924168,24.8164888],[93.1935191,24.8153734],[93.1952936,24.8136844],[93.1964108,24.812754],[93.1967765,24.8124333],[93.1969248,24.8121894],[93.1969691,24.8118689],[93.1969689,24.811571],[93.196954,24.8113589],[93.1968055,24.8111423],[93.1966124,24.8109167],[93.1959792,24.8104701],[93.1953064,24.8100822],[93.1946731,24.8095589],[93.1942178,24.8090174],[93.193614,24.8081466],[93.1931141,24.8074065],[93.1926142,24.8066168],[93.1922873,24.8058496],[93.1918616,24.8049741],[93.1915349,24.8043964],[93.1911242,24.8039542],[93.1906394,24.8037243],[93.1899619,24.8036072],[93.1894572,24.8035595],[93.1889629,24.8035128],[93.1875387,24.8034141],[93.1860699,24.8032522],[93.1846554,24.8030903],[93.1836713,24.8027973],[93.1827266,24.8025404],[93.1822271,24.8024864],[93.1819898,24.8025542],[93.1815349,24.8027169],[93.1811097,24.8029698],[93.1805808,24.8032138],[93.1801208,24.8031733],[93.1799477,24.8030651],[93.1798339,24.8028123],[93.1797297,24.8020992],[93.1797228,24.8019786],[93.1796399,24.8005283],[93.179669,24.7991968],[93.1795944,24.7982849],[93.1793467,24.7972062],[93.1790052,24.7964525],[93.1784016,24.7957305],[93.1778871,24.7951529],[93.1772985,24.794625],[93.1767099,24.7941963],[93.1761509,24.793849],[93.1757207,24.7937272],[93.1752496,24.7936841],[93.1751322,24.7936733],[93.1746921,24.7937953],[93.1744451,24.794143],[93.1744452,24.794468],[93.1743712,24.7948697],[93.1741637,24.7951812],[93.1738127,24.7955696],[93.1735903,24.7959985],[93.1735164,24.7966034],[93.1735618,24.7988739],[93.1736711,24.8001558],[93.1737158,24.800571],[93.1736862,24.8009096],[93.1735677,24.8012301],[93.1734045,24.8013791],[93.1731722,24.8015688],[93.1724651,24.8018489],[93.1718619,24.8019574],[93.1712141,24.8019305],[93.170685,24.8018494],[93.1695226,24.8013804],[93.1677618,24.8004104],[93.1658082,24.7992148],[93.1642304,24.7982492],[93.1619109,24.7968595],[93.1610898,24.7962278],[93.1606742,24.7956907],[93.1605261,24.7952695],[93.1603377,24.7947339],[93.1602485,24.7938627],[93.1598676,24.7933798],[93.1589229,24.7927209],[93.157924,24.792157],[93.1566827,24.7916427],[93.1561832,24.7913312],[93.1554314,24.7906046],[93.1549021,24.7897743],[93.1546795,24.7892236],[93.1542393,24.7887136],[93.153725,24.7885106],[93.1513712,24.7877165],[93.1503378,24.7874233],[93.1494626,24.7873739],[93.1489928,24.7874552],[93.1487407,24.7875997],[93.148449,24.7879788],[93.1484046,24.7884348],[93.1485036,24.7890802],[93.1488004,24.7897799],[93.1491772,24.7901987],[93.1493445,24.7903846],[93.1502445,24.7909894],[93.1507292,24.7914993],[93.1511547,24.7922801],[93.1513329,24.7934493],[93.1513034,24.7943024],[93.15117,24.7946771],[93.150908,24.7950292],[93.1505075,24.7953227],[93.1499043,24.7955395],[93.1488313,24.7957518],[93.1484209,24.7958873],[93.1479216,24.7961582],[93.1473629,24.7966819],[93.1469031,24.7971243],[93.1462553,24.7974404],[93.1457212,24.7974541],[93.1450042,24.7972104],[93.1440448,24.7966463],[93.143397,24.7964477],[93.1428975,24.7964342],[93.1425613,24.7965697],[93.142146,24.7968497],[93.1417505,24.7972784],[93.1415131,24.7976577],[93.1413699,24.7980188],[93.1413254,24.7984747],[93.1413255,24.799215],[93.1413108,24.8008265],[93.1411032,24.8012598],[93.1402973,24.8017881],[93.1394615,24.8023118],[93.1390611,24.8027406],[93.1386062,24.8036434],[93.1383393,24.8044875],[93.1380328,24.8052414],[93.1371229,24.8065686],[93.1367422,24.806853],[93.1361241,24.8071058],[93.1354911,24.8072684],[93.1349916,24.8075889],[93.1347543,24.8079952],[93.1347098,24.8081261],[93.1348285,24.8084105],[93.1351648,24.8086361],[93.1354467,24.8086632],[93.1358274,24.8086632],[93.1362281,24.8086631],[93.136594,24.8086766],[93.1371677,24.8087037],[93.1376375,24.8087308],[93.1380677,24.8088255],[93.1383596,24.8089609],[93.1386118,24.8091775],[93.138686,24.8094844],[93.1386861,24.8097823],[93.1385674,24.8099945],[93.13788,24.8103512],[93.1373063,24.8105002],[93.1363617,24.8106718],[93.1356842,24.8106854],[93.1348336,24.8105772],[93.1343885,24.8102296],[93.133978,24.8096248],[93.1336267,24.8084828],[93.1334863,24.8079834],[93.1333893,24.8076387],[93.1331519,24.8066682],[93.1327711,24.8056887],[93.1322616,24.8053457],[93.1317572,24.8052103],[93.1312726,24.8051561],[93.1307731,24.8051697],[93.1303923,24.8053458],[93.1297149,24.8060589],[93.1290078,24.8068625],[93.1279643,24.808167],[93.1276231,24.8084785],[93.1273313,24.8086771],[93.1270346,24.8087584],[93.1266983,24.8087855],[93.1265351,24.8087854],[93.1256499,24.8084785],[93.1246509,24.8080723],[93.1243245,24.8079549],[93.1228558,24.8079008],[93.1223414,24.8079685],[93.1220299,24.8079684],[93.1216788,24.8078465],[93.121298,24.8075621],[93.1209865,24.8074809],[93.1201606,24.8074177],[93.1193841,24.8074673],[93.1188648,24.8076569],[93.1182912,24.8080089],[93.1180142,24.8084107],[93.1179104,24.808853],[93.1178955,24.8092548],[93.1179994,24.8096881],[93.1183059,24.8104646],[93.1185581,24.8110288],[93.1192504,24.8122566],[93.120012,24.813358],[93.1209862,24.8146896],[93.1215747,24.8156015],[93.1219407,24.8166216],[93.122094,24.8173574],[93.1221236,24.817732],[93.1220791,24.8182015],[93.1219901,24.8186168],[93.1218566,24.8190501],[93.1216489,24.819172],[93.1213718,24.8192216],[93.1210306,24.819181],[93.1206053,24.8189418],[93.1201948,24.8186574],[93.1198832,24.8183639],[93.1193095,24.8178132],[93.1189437,24.8174117],[93.1188601,24.8173211],[93.1184441,24.8168698],[93.1179841,24.8164951],[93.1174995,24.8162153],[93.1170593,24.815985],[93.1165302,24.8155561],[93.1160158,24.8150957],[93.1156895,24.8146533],[93.115279,24.8142786],[93.1146757,24.8140755],[93.1138646,24.8139129],[93.1129496,24.813809],[93.1120694,24.8136058],[93.1112287,24.8132582],[93.1102842,24.812563],[93.1100023,24.8122154],[93.1094287,24.811475],[93.1092953,24.8110191],[93.1093249,24.8106941],[93.1093607,24.8105529],[93.1095624,24.8097552],[93.1100176,24.8085455],[93.1101758,24.8079633],[93.1102353,24.8070244],[93.110176,24.8064736],[93.1101614,24.8051556],[93.1104137,24.803797],[93.1106314,24.8026956],[93.1110172,24.8019959],[93.1112992,24.8012422],[93.1113981,24.8008133],[93.1113982,24.8005831],[93.1112844,24.8000594],[93.1109581,24.7994139],[93.1105775,24.798782],[93.1103995,24.798448],[93.1101078,24.797509],[93.1099596,24.7969944],[93.1097519,24.7966333],[93.1094899,24.7963263],[93.1088273,24.7957214],[93.1081647,24.7951841],[93.1079769,24.7948681],[93.1079027,24.79448],[93.1079918,24.7938751],[93.1082739,24.7932025],[93.1084469,24.7927692],[93.1084766,24.7923404],[93.1083877,24.7918438],[93.1082295,24.7916542],[93.1079032,24.7913608],[93.1075225,24.7912524],[93.1071071,24.7913201],[93.1065483,24.7914554],[93.1061973,24.7915863],[93.1058561,24.7916946],[93.1053715,24.7917081],[93.1051094,24.7916268],[93.1048127,24.7912792],[93.1047238,24.790891],[93.1047387,24.7904441],[93.1050355,24.7899476],[93.1053272,24.7897626],[93.1053817,24.7896997],[93.1058861,24.7891172],[93.106079,24.7887335],[93.1061087,24.7884401],[93.1059901,24.78793],[93.1056194,24.7875643],[93.1049272,24.7871489],[93.104591,24.786851],[93.1043982,24.7865982],[93.1042994,24.7863138],[93.1042697,24.7859798],[93.104339,24.7854832],[93.1044875,24.7849867],[93.105076,24.7837861],[93.105269,24.7831541],[93.1054322,24.7826171],[93.1054175,24.7818542],[93.1053286,24.7814073],[93.1052248,24.7811138],[93.1050369,24.7808294],[93.1047552,24.7806038],[93.1043892,24.7805224],[93.1038998,24.7804411],[93.1034152,24.7804546],[93.103235,24.7804581],[93.1027231,24.780468],[93.1019765,24.7804544],[93.101314,24.7802511],[93.1007258,24.779741],[93.1005181,24.7794204],[93.1004737,24.7789736],[93.1004911,24.7780397],[93.1003506,24.7761117],[93.1002916,24.774744],[93.100277,24.773602],[93.1006282,24.772618],[93.1015233,24.7713949],[93.1025666,24.7701988],[93.1032886,24.769418],[93.103526,24.7689621],[93.1036348,24.768592],[93.1036108,24.7671999],[93.1033197,24.7652278],[93.1030021,24.7637882],[93.1026741,24.7614109],[93.1026429,24.76076],[93.102617,24.7600949],[93.102539,24.7597624],[93.1023832,24.7592161],[93.1020453,24.7585984],[93.1017335,24.7581471],[93.1013436,24.7576483],[93.1004858,24.7567931],[93.09981,24.7562467],[93.0994462,24.7559379],[93.0990043,24.7554627],[93.0986664,24.7550826],[93.0983545,24.7546551],[93.0982506,24.75437],[93.0982507,24.7541088],[93.0984327,24.7538],[93.0991902,24.7526921],[93.1001004,24.7512433],[93.100728,24.7505988],[93.1010183,24.7501151],[93.1010721,24.7499029],[93.1011206,24.7495823],[93.1010803,24.7493386],[93.1009611,24.7490906],[93.100743,24.7489061],[93.1004557,24.74869],[93.0998963,24.7484025],[93.0991735,24.7479934],[93.0986877,24.7474844],[93.0984346,24.7471375],[93.0983298,24.7467495],[93.0983487,24.7464651],[93.0984269,24.7461219],[93.0985493,24.7457334],[93.0987949,24.7451596],[93.0990456,24.7446669],[93.0995373,24.743754],[93.0998768,24.7431709],[93.1000837,24.7429357],[93.1004094,24.7427454],[93.1008093,24.7425954],[93.1010959,24.7425677],[93.1013778,24.7426212],[93.1015957,24.7427741],[93.1017348,24.7430131],[93.1018246,24.7433198],[93.1018553,24.7436944],[93.1018719,24.7443308],[93.101829,24.7448771],[93.1017813,24.7454911],[93.1017679,24.7460057],[93.1018233,24.7463802],[93.1019673,24.7466101],[93.1022001,24.7467811],[93.102487,24.7468436],[93.1027193,24.7468476],[93.102991,24.7467522],[93.1032228,24.7465711],[93.1033802,24.7463224],[93.1036162,24.745884],[93.1038919,24.7454771],[93.1041528,24.7451199],[93.1044881,24.7448076],[93.104863,24.7445495],[93.1052627,24.7443093],[93.1060372,24.7437568],[93.1065451,24.7433764],[93.1070431,24.7429374],[93.1073191,24.7426523],[93.10759,24.7422996],[93.1077229,24.7420961],[93.1077764,24.7418251],[93.1077605,24.7414415],[93.1075961,24.7410131],[93.107209,24.7404679],[93.1066637,24.7398598],[93.1063464,24.7395671],[93.105856,24.7391846],[93.105222,24.7387167],[93.1040042,24.7380154],[93.1032417,24.7375703],[93.1025681,24.7370843],[93.1021895,24.7367794],[93.1016963,24.7363823],[93.1000416,24.7349914],[93.0996501,24.7346311],[93.0990209,24.7340503],[93.0984608,24.7335099],[93.0979751,24.7330145],[93.0974644,24.7324334],[93.0970974,24.7319513],[93.0967743,24.7313425],[93.0964015,24.7305536],[93.0963013,24.7300437],[93.0962159,24.729552],[93.0961446,24.7288164],[93.0961277,24.728031],[93.0961495,24.7270063],[93.0962013,24.7260763],[93.0962495,24.7256293],[93.096238,24.7250605],[93.0961775,24.7246364],[93.0960633,24.7244155],[93.0958897,24.7242083],[93.0956818,24.7240823],[93.0955236,24.7240465],[93.0953259,24.7240786],[93.0950495,24.7241785],[93.0946299,24.7243601],[93.094319,24.7244872],[93.0939092,24.7246371],[93.0934499,24.7247781],[93.0928325,24.7249149],[93.0923485,24.7250199],[93.0918249,24.7251113],[93.0912617,24.7251849],[93.0908762,24.7251993],[93.0907377,24.7251409],[93.0906535,24.7250779],[93.0905739,24.7249065],[93.0904942,24.7246494],[93.0904289,24.7242659],[93.0903784,24.7238507],[93.0903314,24.7229751],[93.0903297,24.7223251],[93.0903526,24.7216796],[93.0903717,24.7213906],[93.0904404,24.721228],[93.0905635,24.7210652],[93.0907656,24.7208842],[93.0910074,24.7207618],[93.0915803,24.7206295],[93.09241,24.720411],[93.0927258,24.7202523],[93.0929527,24.7200757],[93.0930807,24.7199084],[93.0932184,24.7196508],[93.0932816,24.7192805],[93.093246,24.718906],[93.0931862,24.71873],[93.0931117,24.7186128],[93.0929979,24.7185409],[93.0927803,24.7184962],[93.0925974,24.7184696],[93.0922564,24.7184884],[93.0913867,24.7184949],[93.0911296,24.7184368],[93.0909693,24.7183572],[93.0909217,24.7183335],[93.0907928,24.7181803],[93.0907032,24.7179277],[93.0906282,24.7175983],[93.0905427,24.717075],[93.0905059,24.716258],[93.0904797,24.7157164],[93.0903745,24.7151569],[93.0902247,24.7146111],[93.0901004,24.7143224],[93.0898472,24.7139077],[93.0894356,24.7133761],[93.0888657,24.712786],[93.0883456,24.7123132],[93.0881025,24.7119933],[93.08781,24.7116057],[93.0872188,24.710447],[93.0869554,24.7098924],[93.0866233,24.709532],[93.086153,24.709208],[93.0856483,24.7089474],[93.0852822,24.7088082],[93.084689,24.7086967],[93.0841008,24.7086394],[93.0833448,24.708623],[93.0829248,24.7086691],[93.0824691,24.7088418],[93.0817207,24.7092631],[93.0812422,24.7095531],[93.0809413,24.7097703],[93.0797182,24.7107029],[93.0792548,24.7111102],[93.0788458,24.7115399],[93.0783435,24.7122001],[93.0782158,24.7124892],[93.0781769,24.7127015],[93.0781277,24.7128189],[93.0780292,24.7129139],[93.0778612,24.7129595],[93.0775994,24.7129826],[93.0773769,24.712956],[93.0771594,24.7128842],[93.076996,24.7127628],[93.0767136,24.7125015],[93.0764609,24.7122403],[93.0760247,24.7117583],[93.0753887,24.7109255],[93.0746035,24.7098419],[93.0739961,24.7089524],[93.0736998,24.7083159],[93.0735468,24.7078057],[93.0735816,24.7072957],[93.0736509,24.7070745],[93.0739623,24.7067812],[93.074343,24.7064608],[93.0765175,24.7054143],[93.0777036,24.7050626],[93.0790082,24.7045529],[93.0797743,24.7040792],[93.0808419,24.7031586],[93.0818355,24.7021568],[93.0824089,24.7014889],[93.0826165,24.7011233],[93.0827204,24.7006314],[93.0827405,24.6999316],[93.0829829,24.6990876],[93.0834179,24.6981308],[93.0847575,24.6965242],[93.0861662,24.6948047],[93.087649,24.693198],[93.0889785,24.6914966],[93.0899176,24.6901923],[93.0905997,24.6892219],[93.0912571,24.6880304],[93.0918848,24.6868524],[93.0921667,24.6861528],[93.0922853,24.6854847],[93.0921819,24.6846451],[93.0920586,24.6838596],[93.0917278,24.6828756],[93.0912587,24.6818237],[93.0906168,24.6809343],[93.0901129,24.6802977],[93.0898513,24.6797244],[93.0897132,24.679151],[93.089659,24.6785777],[93.089758,24.6778736],[93.0901089,24.677174],[93.0904202,24.6768761],[93.0906969,24.6767453],[93.0909439,24.6766822],[93.0911316,24.6766822],[93.0918973,24.6767771],[93.0922827,24.6768585],[93.0933446,24.677432],[93.0946043,24.6781409],[93.0959231,24.6787777],[93.096916,24.6793511],[93.0985511,24.6801143],[93.0999441,24.6805569],[93.1008136,24.6807331],[93.1014756,24.6807332],[93.1019104,24.6807017],[93.1022068,24.6806069],[93.1025872,24.680431],[93.1027799,24.6802865],[93.1028837,24.6801466],[93.1031457,24.6796682],[93.1035113,24.6788737],[93.1039117,24.6778536],[93.1042579,24.6753529],[93.1041543,24.6741567],[93.1040161,24.6736962],[93.1035123,24.6729152],[93.102327,24.6715157],[93.1011614,24.6703419],[93.1005045,24.6694706],[93.0988846,24.6675654],[93.0978624,24.6661975],[93.0964698,24.6642563],[93.0964007,24.6639809],[93.0963517,24.6621843],[93.0962141,24.6593359],[93.0962492,24.6566907],[93.0962001,24.6553546],[93.0960078,24.654086],[93.095677,24.6533187],[93.095366,24.6528265],[93.0948227,24.6524609],[93.0944078,24.6522711],[93.0940424,24.6522214],[93.0929607,24.6522754],[93.0924691,24.6523421],[93.0924495,24.6523448],[93.0918988,24.6524196],[93.090491,24.6525953],[93.0870977,24.6528789],[93.0862481,24.6527342],[93.085532,24.6525129],[93.0849098,24.65226],[93.0845592,24.6519619],[93.0838976,24.6510544],[93.0831868,24.6498129],[93.082945,24.6491763],[93.0829117,24.648893],[93.082876,24.6485895],[93.0829256,24.6481426],[93.0832717,24.6468968],[93.0842651,24.6448613],[93.0852388,24.6426948],[93.0858863,24.64093],[93.0867214,24.6393232],[93.0872255,24.6383393],[93.0876259,24.6369897],[93.0878336,24.6358883],[93.0879574,24.6346831],[93.0878147,24.632882],[93.0876965,24.6319927],[93.0874697,24.6305301],[93.0872823,24.6296679],[93.0869664,24.6291758],[93.0865518,24.6287332],[93.0855444,24.6282861],[93.0852137,24.6281732],[93.0839939,24.6282361],[93.0825518,24.6286194],[93.0808134,24.6290161],[93.0796133,24.629097],[93.0787196,24.6288485],[93.0776778,24.6282252],[93.0768782,24.6273673],[93.0762859,24.6265862],[93.0759405,24.625936],[93.075763,24.6251235],[93.0756793,24.6245366],[93.0757289,24.6239634],[93.0757833,24.6235841],[93.0759712,24.6231464],[93.0763865,24.6219232],[93.0765645,24.6211423],[93.0767177,24.6207],[93.0769994,24.6202667],[93.0771377,24.6200772],[93.0780761,24.6194907],[93.0799382,24.6183627],[93.083272,24.6157636],[93.0837907,24.6152401],[93.0840871,24.6148249],[93.0842452,24.6144277],[93.0842947,24.6140169],[93.0842109,24.6136017],[93.0841419,24.6133939],[93.0839493,24.6131547],[93.0837914,24.6129966],[93.0834458,24.6127437],[93.0821229,24.6118857],[93.0820286,24.6118286],[93.0819883,24.6118041],[93.0808048,24.6110864],[93.0792597,24.6099845],[93.0780997,24.6092213],[93.0766386,24.6079343],[93.0751776,24.6067872],[93.0739437,24.6056087],[93.0729024,24.6044166],[93.072557,24.6039696],[93.0718416,24.6029492],[93.0716541,24.6025519],[93.0714962,24.602123],[93.0712892,24.6014368],[93.0711513,24.6006423],[93.0711663,24.6002631],[93.0711862,24.5999426],[93.0712555,24.5996267],[93.0713937,24.5993874],[93.071947,24.5986835],[93.0720343,24.5985912],[93.0738733,24.5966483],[93.0756513,24.594753],[93.0766737,24.5936248],[93.0776566,24.5924288],[93.0784221,24.591585],[93.0796764,24.59052],[93.0800764,24.5902177],[93.080269,24.5901094],[93.0804566,24.5900779],[93.0807529,24.5900599],[93.0811034,24.5900916],[93.0813946,24.5901549],[93.0828754,24.5906338],[93.0844748,24.5911579],[93.0861581,24.591682],[93.0876933,24.5921112],[93.0892088,24.5923823],[93.090443,24.5924142],[93.091781,24.5922114],[93.093588,24.5917017],[93.0955678,24.5909843],[93.0974637,24.5901767],[93.0995226,24.5889582],[93.1006384,24.5882587],[93.1015766,24.5875908],[93.1022184,24.5870176],[93.1031072,24.5861421],[93.1036453,24.5855372],[93.1039564,24.5850633],[93.1042724,24.5845036],[93.1044107,24.5837362],[93.1043961,24.5830049],[93.1043616,24.582382],[93.1042186,24.581908],[93.1040459,24.5816371],[93.1036312,24.5813346],[93.1029698,24.5810456],[93.1029127,24.5810274],[93.1024317,24.5808741],[93.1018394,24.5807927],[93.1008225,24.580788],[93.0986355,24.5811713],[93.0977124,24.5813924],[93.0963203,24.5816178],[93.0936447,24.5816173],[93.0932104,24.5815043],[93.0928797,24.5813148],[93.0925688,24.5810574],[93.0923418,24.5807413],[93.0921839,24.5804072],[93.0920458,24.5799152],[93.0915969,24.5787143],[93.0908668,24.5769808],[93.0902057,24.5754188],[93.0896878,24.5743533],[93.0892881,24.5735769],[93.0891648,24.5733691],[93.0884542,24.5726512],[93.088168,24.5724209],[93.0870526,24.5719467],[93.0863073,24.5716757],[93.0854189,24.5714046],[93.0843973,24.5711335],[93.0837161,24.5710205],[93.0830744,24.5710203],[93.0823785,24.5711014],[93.0819637,24.571178],[93.0816676,24.5713223],[93.0812331,24.5716246],[93.080765,24.5720431],[93.0805566,24.5722294],[93.0795839,24.5732041],[93.0787297,24.5737907],[93.0779299,24.5743185],[93.0770461,24.5747155],[93.0761575,24.5749996],[93.0757429,24.5750491],[93.0751653,24.5750625],[93.0734624,24.5749671],[93.0700712,24.5750788],[93.0687187,24.5751866],[93.0673266,24.5753937],[93.0662751,24.575574],[93.0648187,24.5759074],[93.0633032,24.576128],[93.062158,24.5762403],[93.0611313,24.5761271],[93.0605045,24.5759191],[93.0599172,24.5756481],[93.0596013,24.5754764],[93.0592708,24.575219],[93.0588563,24.5748396],[93.058511,24.5744558],[93.0582842,24.5740585],[93.0581806,24.5738372],[93.0581463,24.5734851],[93.0581613,24.5731375],[93.0582651,24.5726907],[93.0587691,24.5718783],[93.059589,24.5709353],[93.0612039,24.5692206],[93.0629965,24.5672804],[93.0652778,24.5652409],[93.0663741,24.5643159],[93.067485,24.5633955],[93.0691737,24.5618839],[93.0703737,24.5603405],[93.0707046,24.5598125],[93.0708923,24.5594785],[93.0709615,24.5592077],[93.0709617,24.5587608],[93.0709125,24.5584583],[93.070809,24.5580475],[93.0705638,24.5574838],[93.0700941,24.556535],[93.0696256,24.5556772],[93.0691422,24.5549457],[93.0681558,24.5532391],[93.0675296,24.5522503],[93.0668539,24.5511215],[93.0665778,24.5505662],[93.0662278,24.549609],[93.0657102,24.5484397],[93.0652615,24.5475818],[93.0649655,24.5471213],[93.0646203,24.5467871],[93.06427,24.5466109],[93.0639394,24.5465476],[93.0633867,24.5465609],[93.0627944,24.5466735],[93.0627647,24.546685],[93.0623403,24.5468494],[93.061975,24.5470569],[93.0616984,24.5473095],[93.061491,24.5476751],[93.0612983,24.5482167],[93.0611648,24.5488441],[93.0610755,24.5496069],[93.0610257,24.5505143],[93.0610249,24.5520716],[93.0609011,24.5528524],[93.0607627,24.5532812],[93.0605207,24.5535836],[93.0603282,24.5537099],[93.0601011,24.553791],[93.0588325,24.5542194],[93.0582402,24.5544087],[93.0576182,24.5544897],[93.0570063,24.5544081],[93.056661,24.55425],[93.0564882,24.554137],[93.0560887,24.5537442],[93.0557583,24.5533603],[93.0551518,24.5524076],[93.0546144,24.5514684],[93.0540574,24.5502448],[93.0534166,24.5487323],[93.0527904,24.5476487],[93.0526524,24.5475087],[93.0523416,24.5472287],[93.0513848,24.5461628],[93.0506402,24.5451468],[93.0499943,24.5442075],[93.0495802,24.5434896],[93.0493535,24.5428395],[93.0492837,24.5425972],[93.0492157,24.5423609],[93.0491616,24.5419004],[93.0492314,24.5407359],[93.0494101,24.5391605],[93.0494452,24.5380455],[93.0493916,24.537075],[93.0493226,24.5367274],[93.049234,24.5364565],[93.0488547,24.5354497],[93.0482634,24.5339055],[93.0477759,24.5322486],[93.0474313,24.5307724],[93.047205,24.5297521],[93.0471909,24.5285693],[93.0472113,24.5275492],[93.047404,24.5270256],[93.047577,24.5266601],[93.0478041,24.5263894],[93.0482188,24.5260059],[93.0490877,24.5251667],[93.0494877,24.5246839],[93.0501642,24.523795],[93.0505494,24.5232038],[93.0506186,24.5229646],[93.0506336,24.5226486],[93.0505652,24.5215336],[93.0503932,24.5203869],[93.0501322,24.5194344],[93.0499647,24.5190009],[93.0497922,24.5187299],[93.0495654,24.5185538],[93.0493582,24.5184092],[93.0489421,24.518241],[93.0488551,24.5182058],[93.0479177,24.5179165],[93.0468329,24.5175783],[93.0464218,24.517345],[93.0458734,24.5171654],[93.045051,24.5169139],[93.0438173,24.5165546],[93.0427208,24.5161236],[93.0413109,24.515567],[93.0408803,24.5152978],[93.0405475,24.5150644],[93.0400777,24.5146339],[93.039608,24.5140418],[93.0387393,24.5128718],[93.038309,24.5121722],[93.0381133,24.5118493],[93.0374678,24.5107192],[93.0373114,24.5103784],[93.0372137,24.5100377],[93.0371355,24.509661],[93.0372141,24.5093921],[93.0375278,24.5089977],[93.0379392,24.5086932],[93.0387229,24.5082632],[93.03942,24.5079474],[93.0403799,24.5075714],[93.0410067,24.5073386],[93.041712,24.5070163],[93.0421821,24.5067654],[93.0423781,24.50664],[93.0427308,24.5063533],[93.0428484,24.5060844],[93.0429076,24.5055824],[93.0428882,24.5052057],[93.042771,24.5047932],[93.0425754,24.5043627],[93.0422428,24.5039142],[93.0419101,24.5035017],[93.0408729,24.5024073],[93.0405793,24.5021739],[93.0394636,24.5013485],[93.0383997,24.5005948],[93.0368566,24.4994492],[93.0344034,24.4976278],[93.0330181,24.4962773],[93.0327867,24.4958303],[93.0325552,24.4952974],[93.0325427,24.4950039],[93.0325261,24.4946113],[93.0326745,24.4939794],[93.0328475,24.4935281],[93.0333362,24.4930002],[93.0337706,24.4926303],[93.0342642,24.4922334],[93.0351871,24.4914936],[93.0358782,24.4909388],[93.0369788,24.489987],[93.0379611,24.4890621],[93.0386226,24.4884034],[93.0393433,24.4875552],[93.0402419,24.4863144],[93.040874,24.4852584],[93.0413383,24.4842023],[93.0421483,24.4827718],[93.0425235,24.4821671],[93.0435655,24.4802627],[93.0440841,24.4791796],[93.0445484,24.4781235],[93.045215,24.4769593],[93.0456446,24.4761063],[93.0459608,24.475312],[93.0461636,24.4744409],[93.0463663,24.4735653],[93.0464259,24.4728792],[93.0462784,24.4721929],[93.0463677,24.4713443],[93.046452,24.4705814],[93.0465411,24.4700759],[93.046655,24.4692048],[93.046774,24.4682253],[93.0467744,24.467512],[93.0467157,24.4669297],[93.0465142,24.465792],[93.0464256,24.4653135],[93.0461106,24.4644421],[93.0458791,24.4638867],[93.0455639,24.4632771],[93.0451597,24.4627759],[93.044726,24.4623513],[93.0443326,24.46204],[93.0442922,24.462008],[93.0436562,24.4617729],[93.0427931,24.4618221],[93.0410866,24.4619792],[93.0399324,24.4622178],[93.0391532,24.4622174],[93.0381128,24.4619279],[93.0374521,24.461607],[93.0366142,24.4609746],[93.0360672,24.4604732],[93.0357224,24.4597552],[93.0356931,24.459385],[93.0356819,24.4589643],[93.0356643,24.4583016],[93.035808,24.4571687],[93.0359815,24.4560583],[93.0361546,24.4552097],[93.0363581,24.4534944],[93.0364231,24.4521945],[93.0364239,24.4509757],[93.0364796,24.448863],[93.0365393,24.4480957],[93.0366533,24.4472742],[93.0365708,24.4452924],[93.0363702,24.4430984],[93.036425,24.4422182],[93.0363119,24.4417668],[93.0359671,24.4412113],[93.0357061,24.4407101],[93.0355044,24.4400464],[93.0350175,24.4383578],[93.0341813,24.4353689],[93.033729,24.4336126],[93.0334388,24.4325832],[93.0331789,24.4306781],[93.0329239,24.4287504],[93.0330081,24.428114],[93.0332107,24.4275859],[93.0335612,24.4270039],[93.0343111,24.426264],[93.036097,24.4246716],[93.037281,24.4236159],[93.0386968,24.4225062],[93.0403144,24.4216856],[93.0412956,24.4215281],[93.0421883,24.4209463],[93.042652,24.4205493],[93.0431703,24.4195971],[93.0432895,24.418252],[93.0432013,24.4174032],[93.0430885,24.4165048],[93.042562,24.4149111],[93.0421879,24.4140938],[93.0419319,24.4135385],[93.0416413,24.4130101],[93.0399118,24.4118174],[93.0372309,24.4104933],[93.0352103,24.4095938],[93.0352035,24.4095913],[93.0324701,24.4085629],[93.0308534,24.4081918],[93.0295227,24.4078885],[93.0279061,24.4075173],[93.0261465,24.4070647],[93.0246481,24.4067748],[93.0234354,24.4067469],[93.0217887,24.4069851],[93.0197674,24.4072997],[93.0182685,24.4076959],[93.017228,24.4080654],[93.0161676,24.4087056],[93.015536,24.4093416],[93.0149536,24.4101853],[93.0148691,24.4109527],[93.0150112,24.4119053],[93.0151828,24.413043],[93.0152997,24.4146817],[93.0150673,24.4155257],[93.0144303,24.4166899],[93.0139962,24.4169559],[93.0130447,24.4170319],[93.0119505,24.4167152],[93.0106497,24.4158926],[93.0100737,24.415048],[93.0094141,24.4138829],[93.0088633,24.4124018],[93.0088474,24.4116752],[93.0078583,24.4116923],[93.0074768,24.411701],[93.0069463,24.4117006],[93.0067745,24.4116389],[93.0064014,24.4112282],[93.0061849,24.4109681],[93.0059835,24.4106533],[93.0058344,24.4102359],[93.0056859,24.4095596],[93.0057085,24.4094364],[93.0057758,24.4093134],[93.0059626,24.4092793],[93.0061941,24.4094095],[93.0066271,24.4097518],[93.0069257,24.4099641],[93.0071125,24.4100395],[93.0072469,24.4100327],[93.0074188,24.4099097],[93.0074714,24.4097251],[93.0075314,24.4094516],[93.007457,24.4090822],[93.0069657,24.4081203],[93.0067494,24.4077508],[93.0064733,24.4074359],[93.0062119,24.4072715],[93.005846,24.4072097],[93.0053155,24.4071409],[93.004815,24.4071131],[93.0041352,24.407092],[93.0040008,24.4070578],[93.0037768,24.406825],[93.0037023,24.406654],[93.0036754,24.4062132],[93.0036751,24.4062092],[93.003706,24.4056954],[93.0036466,24.4053123],[93.0028271,24.4046517],[93.0022783,24.4043154],[93.0018491,24.4040148],[93.0017073,24.4038505],[93.0011438,24.403148],[93.0004714,24.4021666],[93.0000987,24.4015706],[92.9995326,24.4006891],[92.9992714,24.4003829],[92.9989578,24.4001364],[92.9986121,24.3999155],[92.9983829,24.3997871],[92.998308,24.3997562],[93.0203546,24.3878502],[93.013094,24.377354],[93.0181057,24.3716095],[93.016101,24.3633672],[93.0153102,24.3562472],[93.0175457,24.3442192],[93.0277282,24.3418633],[93.0393172,24.3407418],[93.0311619,24.3157654],[93.0198431,24.2981337],[93.0141492,24.2905631],[93.0070144,24.285498],[93.0041495,24.2779066],[93.0098354,24.2690855],[93.0026609,24.2602162],[93.0026122,24.2513918],[93.0139037,24.2337792],[93.022453,24.2300174],[93.0152813,24.2262552],[93.0152748,24.2224968],[93.0195355,24.2149682],[93.0181164,24.2074599],[93.013847,24.2049676],[93.0124624,24.197447],[93.0082186,24.1949548],[92.9988949,24.1949673],[92.9989443,24.191759],[93.0067339,24.1796451],[92.9991488,24.1714997],[93.0013258,24.1606576],[93.0012651,24.1580573],[92.9964859,24.1541886],[92.9889195,24.1506578],[92.9869644,24.1478069],[92.9867311,24.1443404],[92.9887037,24.1378643],[92.9855131,24.1299947],[92.9852178,24.1292666],[92.9818986,24.1263717],[92.9733777,24.1238992],[92.9694338,24.1214015],[92.9706882,24.1145403],[92.9721952,24.1123458],[92.9805862,24.1123349],[92.9850983,24.1138225],[92.9922036,24.1141997],[92.9964709,24.1126561],[93.0054406,24.1073931],[93.0098749,24.1019672],[93.0172386,24.0988697],[93.0230495,24.1010478],[93.0260296,24.0982373],[93.0304413,24.0966364],[93.0334151,24.092571],[93.0493871,24.0880471],[93.0608683,24.0916059],[93.0694492,24.0978022],[93.0751646,24.1002709],[93.0808798,24.0876379],[93.0851509,24.0813333],[93.090841,24.0775521],[93.0979482,24.0712633],[93.0965215,24.0637097],[93.0979366,24.0599403],[93.0965125,24.0536511],[93.0993581,24.0498886],[93.0950871,24.0461065],[93.0965069,24.0423367],[93.1022026,24.0461169],[93.1064557,24.0473894],[93.1078832,24.0524205],[93.1149819,24.0536964],[93.1164031,24.0574727],[93.1249428,24.0612764],[93.1306401,24.0701004],[93.1306509,24.0763905],[93.1377723,24.0839545],[93.1434687,24.0852386],[93.1540116,24.0809525],[93.1568617,24.0746752],[93.1653945,24.0721702],[93.1653827,24.0684025],[93.1625076,24.0583403],[93.1653358,24.0520555],[93.1710137,24.0508015],[93.189466,24.0533341],[93.1937178,24.0495593],[93.2042014,24.0481411],[93.2104202,24.0472995],[93.2121692,24.0470628],[93.2164297,24.0583712],[93.2178646,24.0646588],[93.2207047,24.0709452],[93.2178663,24.0784853],[93.2192921,24.0809957],[93.2221391,24.0835127],[93.2320712,24.0810009],[93.2377647,24.0835213],[93.2434493,24.0822732],[93.2591076,24.0697144],[93.2591098,24.0646898],[93.2619862,24.0571523],[93.259129,24.0546368],[93.2577032,24.0546309],[93.2477527,24.0307546],[93.2520656,24.0257357],[93.2506385,24.0207124],[93.2692925,24.0308042],[93.2721234,24.0370814],[93.2807073,24.0433772],[93.2835305,24.048397],[93.2935936,24.048413],[93.3078476,24.0509265],[93.3222909,24.0504663],[93.3258009,24.0503542],[93.3259725,24.0510494],[93.3261554,24.0519408],[93.3267807,24.0526282],[93.3279641,24.0534721],[93.3289502,24.0538605],[93.329871,24.0537906],[93.3308363,24.053429],[93.3316159,24.0530235],[93.3317452,24.0530515],[93.3321198,24.0531327],[93.3329148,24.0542277],[93.33348,24.0555943],[93.3342385,24.056327],[93.3353111,24.0569796],[93.3358656,24.0579592],[93.3359169,24.0588537],[93.3359985,24.0598927],[93.3361119,24.0601806],[93.3368064,24.0605032],[93.3378663,24.0606962],[93.338456,24.0610455],[93.3385228,24.0615523],[93.3384221,24.0626682],[93.3381214,24.0632321],[93.3376505,24.0633642],[93.3369331,24.0631631],[93.3363784,24.0631277],[93.3360433,24.0634019],[93.3360595,24.0639825],[93.3366712,24.0651216],[93.3374266,24.066686],[93.3371603,24.0675395],[93.336565,24.0679408],[93.3355476,24.0683278],[93.3344787,24.0687644],[93.3335733,24.0693908],[93.3332246,24.0701252],[93.3331698,24.070998],[93.3336906,24.071712],[93.3342344,24.0723045],[93.3346471,24.0729243],[93.3346639,24.0735291],[93.3344483,24.0743088],[93.3341395,24.0745823],[93.3335645,24.0747652],[93.3330748,24.0747767],[93.3330375,24.0747776],[93.3324734,24.0744035],[93.3322335,24.0740029],[93.3320587,24.0737111],[93.3313555,24.073074],[93.3309049,24.0729877],[93.3305684,24.0732135],[93.3303703,24.073678],[93.3302445,24.074843],[93.3300538,24.0755737],[93.3297254,24.0760898],[93.3289977,24.0764699],[93.3284827,24.0769177],[93.3282847,24.0773823],[93.3282622,24.0784722],[93.3283679,24.0803822],[93.3285475,24.0811527],[93.3288414,24.081291],[93.329261,24.0812086],[93.3298354,24.0810015],[93.3303847,24.0808434],[93.3306826,24.0811269],[93.3312723,24.0824204],[93.3311256,24.0828353],[93.3307235,24.0835468],[93.3306024,24.083937],[93.3306456,24.0845412],[93.3308529,24.0853594],[93.3314278,24.0861206],[93.3325845,24.0869408],[93.3333445,24.0877219],[93.3335715,24.0882976],[93.3338335,24.0891872],[93.3344821,24.089753],[93.3349659,24.0900806],[93.3360585,24.0904907],[93.3372538,24.0908016],[93.3381147,24.0908675],[93.3387072,24.0909128],[93.3392164,24.0908641],[93.3400485,24.0907845],[93.340604,24.0908441],[93.3413783,24.091189],[93.3429223,24.0917095],[93.3438487,24.091833],[93.3445319,24.0917443],[93.345184,24.0914869],[93.3461935,24.0908096],[93.3467537,24.0900943],[93.3469213,24.0894852],[93.3470321,24.0887321],[93.3470348,24.0878848],[93.3471578,24.0875671],[93.3475288,24.087631],[93.3480903,24.0879083],[93.3492322,24.0891403],[93.3501309,24.0901601],[93.3511512,24.090814],[93.3516283,24.0908996],[93.3524919,24.0906613],[93.3530594,24.0902122],[93.3534561,24.0902513],[93.3538068,24.0905335],[93.3540595,24.0910844],[93.3538636,24.0916216],[93.3528716,24.0919839],[93.3519074,24.0923939],[93.3511661,24.0932345],[93.3504674,24.0937109],[93.350014,24.094472],[93.3496647,24.0951823],[93.349195,24.0953628],[93.3487186,24.0953014],[93.3484945,24.0952283],[93.3480267,24.0950756],[93.347303,24.0946569],[93.3467962,24.0944509],[93.3462231,24.0947065],[93.3459204,24.0951978],[93.3458906,24.0960215],[93.3457764,24.0966537],[93.3452338,24.0970538],[93.3445506,24.0971424],[93.343941,24.0970357],[93.3433092,24.0970748],[93.3428652,24.0972305],[93.3424151,24.0990567],[93.3420467,24.1009778],[93.3419425,24.1019728],[93.3423459,24.1022538],[93.3429075,24.1025312],[93.343811,24.1027762],[93.3443699,24.1029568],[93.3446692,24.1032887],[93.3451288,24.1036894],[93.3456038,24.1037025],[93.3462533,24.1033483],[93.3466358,24.1028793],[93.3470325,24.1029184],[93.3472629,24.103615],[93.3475494,24.1044314],[93.348086,24.1047577],[93.3485617,24.1047949],[93.348824,24.1047403],[93.3488152,24.1044258],[93.3485428,24.1041175],[93.3486618,24.1036547],[93.3493159,24.1025257],[93.3495221,24.1023514],[93.3499606,24.1020022],[93.3499735,24.1015177],[93.3497065,24.101403],[93.3492126,24.1016567],[93.3487686,24.1018124],[93.3484476,24.1016505],[93.3484361,24.1012392],[93.3487949,24.1008676],[93.3496842,24.1006046],[93.3505486,24.1003906],[93.3507803,24.1001914],[93.3505107,24.0999799],[93.3498404,24.0995841],[93.3490936,24.099287],[93.3484314,24.0991815],[93.3482915,24.0988943],[93.3485733,24.0985972],[93.349439,24.0984316],[93.3503026,24.0981934],[93.3512703,24.0979043],[93.3519041,24.0979378],[93.3529961,24.0983236],[93.3539882,24.0989054],[93.3544889,24.0988936],[93.3545855,24.0985767],[93.354251,24.0979309],[93.3541219,24.0970866],[93.3542368,24.0964787],[93.3545145,24.0960364],[93.355247,24.0958255],[93.3561403,24.0957076],[93.356816,24.0953527],[93.3570404,24.0948875],[93.3569484,24.0944297],[93.3570444,24.0940885],[93.3578877,24.0940686],[93.3587109,24.0940566],[93.3591804,24.0940865],[93.3593871,24.0939364],[93.3594324,24.093669],[93.3593134,24.0931876],[93.3593045,24.0931768],[93.3589039,24.0926889],[93.358097,24.0921269],[93.3578199,24.0916493],[93.3580929,24.0910377],[93.358747,24.0908528],[93.3594051,24.090813],[93.3599146,24.0911157],[93.3603414,24.0916397],[93.3603789,24.0916857],[93.3610938,24.0917899],[93.3636312,24.0919963],[93.3650515,24.0918658],[93.3661807,24.0916939],[93.366628,24.0916591],[93.3668002,24.0913795],[93.3669306,24.0911678],[93.3671238,24.0905338],[93.3677961,24.0900579],[93.3684549,24.0900423],[93.3690441,24.0903673],[93.3695855,24.0908628],[93.3700112,24.090998],[93.3705903,24.0909601],[93.3712659,24.0906052],[93.3717112,24.0904978],[93.3720863,24.0907068],[93.3725384,24.0908413],[93.3729316,24.0907594],[93.3736822,24.0902574],[93.3746228,24.0899446],[93.3753295,24.0897584],[93.376972,24.08909],[93.3777901,24.0881748],[93.3779927,24.0878795],[93.3783346,24.0878472],[93.3788414,24.088053],[93.3793281,24.0884772],[93.3797463,24.0883463],[93.3802813,24.0876799],[93.380719,24.0873064],[93.381267,24.0870997],[93.3822283,24.0865927],[93.382791,24.0859741],[93.3839037,24.0852214],[93.3844043,24.0852095],[93.384418,24.0856933],[93.383906,24.0862381],[93.3838906,24.0866258],[93.3843717,24.0868564],[93.3848163,24.0867248],[93.385254,24.0863513],[93.3857363,24.0856862],[93.3862085,24.0856023],[93.3868694,24.0856592],[93.3872869,24.085504],[93.3873759,24.0849209],[93.3875953,24.0842862],[93.3880012,24.0837198],[93.3888814,24.083142],[93.3900542,24.0826541],[93.3914016,24.082743],[93.3921421,24.0828222],[93.392395,24.0830077],[93.3926537,24.0831974],[93.3931383,24.0835489],[93.3941527,24.0839847],[93.3948412,24.0840893],[93.3954384,24.0837604],[93.3960017,24.0831659],[93.3964408,24.0828407],[93.396553,24.0830801],[93.3966235,24.0837079],[93.3971129,24.0842288],[93.3975455,24.0846058],[93.3985633,24.0851625],[93.3989856,24.0851766],[93.3994254,24.0848756],[93.3999873,24.0842328],[93.4005067,24.0839541],[93.4012641,24.0836939],[93.4018078,24.083342],[93.4017996,24.0830516],[93.4018697,24.0827353],[93.4020737,24.0824883],[93.4027957,24.0819142],[93.4027563,24.0814552],[93.4029859,24.0811834],[93.4038223,24.0809213],[93.4042682,24.080838],[93.4047979,24.0809222],[93.4051093,24.0807453],[93.4054402,24.0803258],[93.4053697,24.0796981],[93.4055181,24.0793556],[93.4058337,24.0793238],[93.4061331,24.0796556],[93.4068778,24.0798798],[93.4072155,24.0797023],[93.4071809,24.0794126],[93.4073636,24.0784157],[93.4072646,24.077716],[93.4071436,24.0775128],[93.4067385,24.0768329],[93.4067248,24.076349],[93.4069544,24.0760772],[93.4072997,24.0761658],[93.4076532,24.0765447],[93.4082168,24.0768943],[93.408404,24.0768803],[93.4086905,24.0768588],[93.4095788,24.0765712],[93.4095982,24.0763286],[93.4095521,24.0763041],[93.4092502,24.0761433],[93.408923,24.0757638],[93.4090951,24.0753239],[93.409532,24.0749261],[93.4100265,24.0746964],[93.4101749,24.0743539],[93.4101341,24.0738465],[93.4101224,24.0734352],[93.4102709,24.0730927],[93.4105614,24.07311],[93.4108325,24.0733698],[93.4108449,24.0738052],[93.4111741,24.0742573],[93.4115444,24.0742969],[93.4118725,24.0737806],[93.4118012,24.0731287],[93.4119982,24.0726398],[93.4123941,24.0726545],[93.4128856,24.0732479],[93.4132176,24.0737968],[93.413389,24.0739285],[93.4136759,24.0741489],[93.4140954,24.0740662],[93.4141891,24.0736524],[93.4142021,24.0733888],[93.4142225,24.0729738],[93.4144154,24.0723397],[93.414828,24.0720151],[93.4154867,24.0719993],[93.416219,24.071788],[93.4169464,24.0714074],[93.416959,24.070923],[93.4169044,24.0699317],[93.4167117,24.0696458],[93.4160225,24.0695171],[93.4158825,24.06923],[93.4163908,24.0685642],[93.4171828,24.0676736],[93.4177022,24.0673949],[93.4188039,24.0671989],[93.4200424,24.0662492],[93.419942,24.0655012],[93.4197964,24.0650205],[93.4199435,24.0646296],[93.4202264,24.0643807],[93.4207998,24.0641491],[93.4214571,24.0640848],[93.4216665,24.0640314],[93.4217095,24.0636914],[93.4214864,24.0632611],[93.4213908,24.0626823],[93.4214803,24.0621234],[93.4218201,24.0610985],[93.4222161,24.0601932],[93.4222218,24.0594668],[93.4224132,24.0587844],[93.4227939,24.0582668],[93.4236689,24.0575195],[93.4241169,24.0565888],[93.4242765,24.0557135],[93.4244688,24.0552061],[93.4246933,24.054614],[93.424728,24.0539838],[93.4245034,24.053505],[93.4245015,24.0534387],[93.4244896,24.0530212],[93.4249147,24.0522121],[93.4252516,24.0520103],[93.4257654,24.0515379],[93.4259263,24.050711],[93.4256685,24.0499909],[93.4252352,24.0495898],[93.4247972,24.0490194],[93.4247723,24.0481484],[93.4247731,24.0472527],[93.4249444,24.0467886],[93.4254331,24.0463653],[93.4255316,24.0461209],[93.4252287,24.0456682],[93.4258042,24.0445892],[93.4263477,24.0442372],[93.4266535,24.0438667],[93.4273641,24.0429054],[93.4272227,24.0425699],[93.4267888,24.0421446],[93.4269919,24.0418734],[93.4278488,24.041417],[93.4279972,24.0410745],[93.4283079,24.0390335],[93.428346,24.0385242],[93.4282262,24.0380187],[93.4275968,24.0372108],[93.4279296,24.0368639],[93.428665,24.0367735],[93.4294553,24.0367545],[93.4299232,24.0365253],[93.4299142,24.0362108],[93.4295371,24.0359294],[93.4288516,24.0359217],[93.4285279,24.0356632],[93.4286208,24.0352253],[93.4290617,24.0349725],[93.4296592,24.0346676],[93.4297015,24.0343035],[93.4294742,24.033728],[93.4289883,24.0333281],[93.4289786,24.0329895],[93.4293932,24.0327374],[93.4299255,24.0319983],[93.4299096,24.0314419],[93.430031,24.0310758],[93.4306091,24.0300936],[93.4309702,24.0298186],[93.4314624,24.0295162],[93.4314513,24.0291291],[93.4311533,24.0288458],[93.431145,24.0285555],[93.4314534,24.0282818],[93.4324668,24.0277732],[93.4330158,24.0276147],[93.4332653,24.0271245],[93.4331413,24.0264738],[93.4329895,24.0257755],[93.4327359,24.0252006],[93.4327199,24.0246442],[93.4330707,24.0240063],[93.4338123,24.0232137],[93.4349054,24.0218075],[93.4356969,24.0209168],[93.4365508,24.0194437],[93.4372141,24.0186772],[93.4372778,24.0181431],[93.4374456,24.0175581],[93.4379231,24.0167476],[93.4385655,24.0161753],[93.4399087,24.0152229],[93.4407902,24.0147174],[93.4414451,24.0145806],[93.4425152,24.0142157],[93.4429497,24.0137453],[93.4432124,24.0137147],[93.4437446,24.0138955],[93.4445437,24.0141908],[93.4457517,24.0140405],[93.4464919,24.0141194],[93.4473991,24.014509],[93.4486473,24.0148418],[93.4496883,24.0153008],[93.4502414,24.0152874],[93.4507625,24.015081],[93.4522635,24.0141247],[93.4530924,24.0136204],[93.453691,24.0124439],[93.4540582,24.0114666],[93.4540608,24.0106435],[93.453981,24.0097013],[93.4539268,24.0087343],[93.4538983,24.0077424],[93.4539439,24.0065793],[93.4540029,24.0059373],[93.4540843,24.0050508],[93.4538839,24.003579],[93.4535448,24.0018684],[93.4532647,24.0012943],[93.4528267,24.0007239],[93.4528263,24.0007235],[93.452722,24.000332],[93.4531089,23.9994966],[93.453276,23.9992567],[93.453466,23.9990385],[93.4536631,23.998856],[93.4538812,23.9988022],[93.4550297,23.9987904],[93.4555101,23.998826],[93.4558815,23.9988884],[93.4560824,23.9989341],[93.4562981,23.9990228],[93.4565834,23.9991267],[93.456607,23.9991288],[93.4570559,23.9991692],[93.4575906,23.9992056],[93.4581486,23.9992422],[93.4586461,23.9991853],[93.459191,23.9990863],[93.459409,23.9990396],[93.4611385,23.99863],[93.4613278,23.9984474],[93.4614704,23.9982784],[93.4620046,23.9974451],[93.4620719,23.9971396],[93.4623161,23.9960241],[93.4628072,23.9949906],[93.4635183,23.9942454],[93.4636223,23.9940616],[93.463648,23.9939194],[93.4636355,23.9937482],[93.4635616,23.9935333],[93.4635125,23.992328],[93.4637634,23.9912767],[93.4637907,23.9910419],[93.4636291,23.990641],[93.4635237,23.9903844],[93.4633556,23.9897312],[93.4633238,23.9893244],[93.4632871,23.9887537],[93.4632606,23.9884896],[93.4631568,23.9882101],[93.4628794,23.9876501],[93.4626981,23.9864642],[93.462727,23.9856877],[93.4627306,23.985481],[93.4627264,23.9848252],[93.4626931,23.9840549],[93.4626459,23.9836408],[93.4625859,23.9835259],[93.4619381,23.9823974],[93.4612615,23.9815964],[93.4609955,23.9813799],[93.4606127,23.9809586],[93.4605389,23.9807138],[93.4605416,23.9805562],[93.4605597,23.9804131],[93.4607825,23.9792551],[93.4609592,23.9780535],[93.4610283,23.9776675],[93.4610961,23.9773531],[93.4612244,23.9771543],[93.4616259,23.9764863],[93.461951,23.9757313],[93.4625125,23.9748363],[93.4626083,23.9747087],[93.4627821,23.9745822],[93.4634086,23.9735305],[93.4635049,23.9733742],[93.4636946,23.9732336],[93.4640097,23.9730518],[93.4642922,23.9729556],[93.4646205,23.9729173],[93.4648376,23.9729922],[93.465023,23.9730952],[93.4652548,23.9732276],[93.465719,23.9734494],[93.4660304,23.9734826],[93.4661567,23.9733984],[93.4661904,23.9732555],[93.4662253,23.973041],[93.4661542,23.9726386],[93.4661131,23.9723083],[93.4661343,23.9719789],[93.4662172,23.9716934],[93.4663145,23.9714797],[93.4665675,23.9712827],[93.4669443,23.9711448],[93.4685638,23.9695054],[93.4691094,23.9686245],[93.4691145,23.9683236],[93.4691828,23.9679805],[93.4703487,23.9664062],[93.47068,23.9661959],[93.4711835,23.9659452],[93.4717189,23.9656519],[93.4717986,23.9655527],[93.4718637,23.965396],[93.4717633,23.9652687],[93.4717263,23.9652219],[93.4714956,23.965163],[93.4713691,23.9651307],[93.4713418,23.964901],[93.4714698,23.9647165],[93.4723696,23.9640987],[93.472637,23.9639736],[93.4731217,23.9639089],[93.4733885,23.9638125],[93.4736269,23.9635579],[93.4737127,23.9631004],[93.4739385,23.9626736],[93.4741459,23.9624042],[93.4747179,23.9617961],[93.4750662,23.9615],[93.4752553,23.9613881],[93.4756145,23.9613646],[93.475894,23.9614404],[93.4762032,23.9616025],[93.4766092,23.9615797],[93.4768132,23.961511],[93.4769567,23.9613267],[93.4774072,23.9605304],[93.4780871,23.9599955],[93.4789484,23.9596624],[93.4794443,23.9590833],[93.4794794,23.9588544],[93.4795631,23.9585259],[93.4796428,23.9584267],[93.4798324,23.9582861],[93.4800215,23.9581742],[93.4803339,23.95815],[93.4806933,23.9581122],[93.4809753,23.9580446],[93.4811178,23.9579176],[93.4812309,23.9576899],[93.481314,23.95739],[93.4814583,23.9571627],[93.4816467,23.9570938],[93.4819108,23.9571549],[93.4822829,23.9572893],[93.4825295,23.9574649],[93.4829031,23.9575133],[93.483293,23.957519],[93.4841863,23.9572738],[93.4847373,23.9569807],[93.4858144,23.9569389],[93.486264,23.9571031],[93.4870179,23.9567985],[93.4870823,23.9566848],[93.4870845,23.9565558],[93.4870077,23.956483],[93.4868527,23.9564234],[93.4866032,23.9564198],[93.4863861,23.956345],[93.4862945,23.956229],[93.4862964,23.9561144],[93.4863301,23.9559715],[93.4864115,23.955772],[93.4868055,23.9555339],[93.4869756,23.9555089],[93.4870714,23.9554948],[93.4884353,23.9550987],[93.4893791,23.9546392],[93.4894823,23.9546618],[93.4895189,23.9546699],[93.4897687,23.9546591],[93.4901164,23.9543918],[93.4902302,23.954121],[93.490251,23.9538203],[93.4902554,23.9535623],[93.4901981,23.9532604],[93.4900916,23.9531012],[93.4899079,23.9528978],[93.4897588,23.9526671],[93.4896647,23.9525216],[93.4894104,23.9518872],[93.4894136,23.9517008],[93.4894652,23.9514149],[93.4895456,23.9512727],[93.4896726,23.9511455],[93.4899394,23.951049],[93.4903598,23.951098],[93.4906875,23.9510884],[93.490782,23.9510324],[93.4909246,23.9509054],[93.4911149,23.9507218],[93.4912587,23.9505232],[93.4914322,23.950411],[93.4918072,23.9503734],[93.4920406,23.9504054],[93.4924139,23.9504681],[93.4927709,23.9505736],[93.4929068,23.9507313],[93.4929086,23.9507333],[93.4930131,23.9510072],[93.4930718,23.9512231],[93.4930674,23.951481],[93.4930633,23.9517247],[93.4930745,23.9519829],[93.4931481,23.952242],[93.493421,23.9527047],[93.4936337,23.9530374],[93.4940009,23.9534585],[93.4941707,23.9535613],[93.4945216,23.9535663],[93.4945762,23.9535671],[93.4949369,23.9534576],[93.496676,23.952092],[93.4968207,23.951836],[93.4968122,23.9514201],[93.4966959,23.9509167],[93.496482,23.9506556],[93.4960051,23.9502617],[93.4955862,23.9494211],[93.4961282,23.9493416],[93.4964774,23.94914],[93.4969152,23.9488126],[93.4982753,23.9471161],[93.498639,23.9460567],[93.4989245,23.9455364],[93.4996029,23.944855],[93.5000681,23.9444232],[93.5003418,23.9443977],[93.5005354,23.9444116],[93.5006784,23.9444362],[93.501284,23.9446361],[93.5021614,23.9447453],[93.5023448,23.9447595],[93.5025683,23.944754],[93.5027877,23.9446084],[93.5029176,23.9441848],[93.5030329,23.943257],[93.5030881,23.9430594],[93.5032663,23.9428962],[93.5035255,23.9427216],[93.5047603,23.9421867],[93.5053681,23.9421156],[93.5056638,23.9421457],[93.5058274,23.9421791],[93.5068379,23.942668],[93.5081449,23.9428693],[93.5082899,23.9429592],[93.5085265,23.9430561],[93.5090476,23.943146],[93.5104148,23.9433178],[93.5109438,23.9433328],[93.5115212,23.9432624],[93.5121565,23.9430879],[93.5129398,23.9427602],[93.5135452,23.9426051],[93.5144386,23.9425644],[93.5149106,23.9426576],[93.515888,23.9441133],[93.5164073,23.9445338],[93.5173607,23.9455005],[93.5173827,23.9457977],[93.5180881,23.9470802],[93.5183497,23.9480267],[93.5184839,23.9484438],[93.5186593,23.9488786],[93.5194932,23.9506238],[93.5197875,23.9509528],[93.5202498,23.9514646],[93.5221074,23.953446],[93.5225266,23.9538748],[93.5227232,23.9539914],[93.5231603,23.9539899],[93.5235647,23.9542601],[93.5239285,23.9545314],[93.5243974,23.9552672],[93.5246111,23.9558647],[93.5247186,23.9561655],[93.5248034,23.9562849],[93.5249174,23.9563568],[93.5250703,23.9563717],[93.525131,23.9563609],[93.5253633,23.9563084],[93.5256793,23.9559922],[93.525966,23.9557142],[93.5262631,23.9554452],[93.5266206,23.955156],[93.5270173,23.9551003],[93.5275255,23.9551777],[93.5283061,23.9550833],[93.529084,23.9548991],[93.5296332,23.9547054],[93.5305744,23.9549735],[93.5312456,23.9559794],[93.5317387,23.9570913],[93.5318019,23.9572322],[93.5318513,23.9573423],[93.5329771,23.9580517],[93.534082,23.958943],[93.5344866,23.9592835],[93.5346735,23.9593755],[93.5358437,23.9598058],[93.5365734,23.9600173],[93.5371969,23.9601952],[93.5375802,23.9602582],[93.5379268,23.9603287],[93.5383212,23.960409],[93.5388111,23.9605177],[93.5392261,23.9607612],[93.5396219,23.9607997],[93.5399753,23.9607425],[93.5407416,23.9604092],[93.5410027,23.9603422],[93.5415938,23.9603154],[93.5419669,23.9604753],[93.5429122,23.9608628],[93.5431492,23.960869],[93.543583,23.9608582],[93.5437766,23.9607324],[93.5441605,23.9603723],[93.5445291,23.9599074],[93.5446298,23.9597804],[93.5451828,23.9589083],[93.5460407,23.9584057],[93.5469852,23.9583131],[93.5480865,23.9584376],[93.5496366,23.9589931],[93.5501077,23.9591609],[93.5504465,23.9594288],[93.5505756,23.9597296],[93.5506906,23.9600584],[93.5506959,23.9602373],[93.5506984,23.9603207],[93.5506176,23.9606405],[93.5502546,23.961078],[93.5500983,23.9613859],[93.5500765,23.9616628],[93.55023,23.9617695],[93.5504858,23.9617769],[93.5507855,23.9617418],[93.5508753,23.9617257],[93.5510966,23.961582],[93.5513479,23.9614376],[93.5516902,23.9613185],[93.5522011,23.9613057],[93.5524444,23.9613964],[93.5526462,23.9616124],[93.5527584,23.9618445],[93.5527686,23.9621897],[93.5527461,23.9622702],[93.5527414,23.9622871],[93.5526594,23.9625655],[93.5524702,23.9627775],[93.5521007,23.962994],[93.5515943,23.9631587],[93.5512524,23.9632916],[93.5512102,23.9633894],[93.5512313,23.9635961],[93.5514157,23.9637297],[93.5517662,23.9638867],[93.5522637,23.9639296],[93.5527482,23.9640418],[93.5531275,23.9641567],[93.5533716,23.964275],[93.5533952,23.9645646],[93.5534005,23.9647441],[93.5530981,23.9651938],[93.5528813,23.9654894],[93.5527717,23.9658514],[93.5527786,23.9660861],[93.5527919,23.9661816],[93.5528168,23.9663616],[93.5530261,23.9668261],[93.55333,23.9674404],[93.5535104,23.9679471],[93.5535011,23.9685758],[93.5535004,23.9686245],[93.5536007,23.9689674],[93.5538063,23.9693077],[93.5541877,23.9694916],[93.5546584,23.9696457],[93.5550373,23.9697468],[93.5552518,23.9698796],[93.5553014,23.9700303],[93.5552628,23.9702524],[93.5552497,23.9702841],[93.5550664,23.9707271],[93.5546185,23.9713463],[93.5544309,23.9715742],[93.5542702,23.9717696],[93.5540716,23.9721753],[93.5541233,23.9723951],[93.55438,23.9729414],[93.5551283,23.9738346],[93.5556706,23.9743738],[93.5557085,23.9746354],[93.5556687,23.974816],[93.5554791,23.9750142],[93.5554232,23.9750505],[93.555125,23.9752442],[93.5547725,23.9755294],[93.5547482,23.9757234],[93.5547709,23.9759854],[93.5548108,23.976316],[93.5549701,23.9766161],[93.5555953,23.9774157],[93.5558732,23.9776575],[93.5562249,23.9778559],[93.5566482,23.9779283],[93.5570885,23.9780693],[93.5573033,23.9782159],[93.5573613,23.9785919],[93.5572987,23.9793313],[93.5572349,23.9806924],[93.5572477,23.9811255],[93.557445,23.9814152],[93.5579286,23.9813157],[93.5585472,23.9814064],[93.5588972,23.9815273],[93.5591062,23.9816517],[93.5593818,23.981857],[93.5597731,23.9820713],[93.5599408,23.9821024],[93.5600986,23.9820519],[93.5602204,23.9820129],[93.5604588,23.9818301],[93.5605693,23.9816623],[93.5607255,23.9813047],[93.5608862,23.9811002],[93.5610241,23.9809907],[93.5611891,23.9809276],[93.5613319,23.9809829],[93.5616192,23.9811526],[93.5617481,23.9811729],[93.5618614,23.9811701],[93.5618763,23.9811697],[93.5620274,23.9810716],[93.5620023,23.9806596],[93.5619312,23.9804256],[93.5618791,23.9799671],[93.5618732,23.9797669],[93.5618918,23.9795306],[93.5619874,23.9792924],[93.5623016,23.9790723],[93.5627576,23.9788723],[93.5631544,23.9788388],[93.5632954,23.9788352],[93.5636045,23.9788746],[93.5639026,23.9789733],[93.5640863,23.9791101],[93.5640919,23.9792986],[93.5639336,23.9794936],[93.5639062,23.9795273],[93.563769,23.9796604],[93.5636817,23.9797451],[93.5636824,23.9797672],[93.5636852,23.9798629],[93.5637417,23.9800384],[93.5640298,23.9802316],[93.5642359,23.9802618],[93.5646078,23.9802524],[93.5648001,23.9802476],[93.5675653,23.9787399],[93.5683517,23.978001],[93.5687193,23.9778503],[93.56901,23.9777016],[93.5693927,23.9771968],[93.5694812,23.9769605],[93.5694997,23.9769112],[93.5695856,23.9767793],[93.5697876,23.9766681],[93.5698895,23.976642],[93.5700326,23.9767091],[93.570165,23.9768473],[93.5701931,23.9769291],[93.5702518,23.9771752],[93.5703346,23.9773736],[93.5704549,23.9775356],[93.5705728,23.9776152],[93.5708285,23.9775852],[93.5709414,23.9774998],[93.5710498,23.9772613],[93.5710802,23.9769894],[93.5709224,23.9764274],[93.5709027,23.9757677],[93.5709806,23.9753649],[93.5709978,23.9750815],[93.5710133,23.9747392],[93.5710077,23.9745508],[93.5708586,23.9742833],[93.5706607,23.9740997],[93.5704603,23.9738335],[93.5703822,23.9733639],[93.5703825,23.9733634],[93.5704674,23.9732085],[93.5707438,23.9730129],[93.5709537,23.9727365],[93.5711127,23.9724732],[93.571184,23.9722827],[93.5712151,23.9720344],[93.5711426,23.9717532],[93.5708746,23.9713709],[93.5704905,23.9709679],[93.5704219,23.9708164],[93.5704291,23.9706276],[93.5704352,23.9705003],[93.570437,23.9704623],[93.5705357,23.9703302],[93.5706629,23.9702916],[93.5709325,23.9702966],[93.5713683,23.9702857],[93.5714567,23.9702363],[93.571555,23.9700924],[93.5715609,23.9698564],[93.5715636,23.9695514],[93.5715639,23.9695262],[93.5715849,23.9693724],[93.5717089,23.9692279],[93.5722221,23.9692267],[93.5729934,23.9692781],[93.5733396,23.9692694],[93.5737016,23.9689302],[93.5738826,23.9685484],[93.5739543,23.9675091],[93.5738732,23.9673697],[93.573597,23.9671408],[93.5734959,23.9670009],[93.5734632,23.9669556],[93.5734732,23.966861],[93.5735459,23.9667177],[93.5737489,23.9666418],[93.5739537,23.9666249],[93.5748151,23.9666858],[93.5758528,23.9666361],[93.5765806,23.9660873],[93.5766097,23.9660079],[93.5766636,23.9658612],[93.5773695,23.9650064],[93.5774129,23.964959],[93.5775274,23.9648342],[93.5778789,23.9644512],[93.5784491,23.9642129],[93.5790513,23.9640077],[93.579643,23.9629449],[93.5797146,23.9627663],[93.579788,23.9626465],[93.5799896,23.9625236],[93.5810456,23.9622258],[93.5813279,23.9622305],[93.5814308,23.9622397],[93.5817275,23.9622912],[93.5818966,23.9623694],[93.5821946,23.962468],[93.5825133,23.962401],[93.5832203,23.9620177],[93.5836532,23.9614763],[93.5839794,23.9610439],[93.5840974,23.9608874],[93.5847298,23.9601523],[93.5851728,23.9599525],[93.5856724,23.9599281],[93.5859801,23.9599204],[93.5861991,23.9599502],[93.5871874,23.9598985],[93.5880629,23.9596438],[93.5891967,23.9598038],[93.5895342,23.9599368],[93.5897307,23.9600733],[93.5900583,23.9603008],[93.5913112,23.9605875],[93.5916515,23.9612391],[93.591798,23.9618484],[93.5928198,23.9625536],[93.5928509,23.9631658],[93.5924787,23.9635879],[93.592493,23.9636823],[93.5924947,23.9636936],[93.5925235,23.963799],[93.5945146,23.9646636],[93.5961404,23.9653803],[93.596415,23.9655387],[93.5965257,23.9657288],[93.5969063,23.9664219],[93.597133,23.9669811],[93.5973284,23.9674997],[93.5972775,23.9683001],[93.5972593,23.9691962],[93.5974048,23.9700468],[93.5974393,23.9701975],[93.5975608,23.9702495],[93.5978422,23.9701322],[93.5979154,23.9700752],[93.5979823,23.9699725],[93.5980158,23.9699211],[93.5980373,23.9698056],[93.5980416,23.9697827],[93.5981512,23.9694354],[93.5984009,23.9692638],[93.5985807,23.9692592],[93.598686,23.9692703],[93.5988991,23.9693752],[93.5989469,23.9694704],[93.5990213,23.9699508],[93.5990722,23.9711482],[93.5989102,23.971718],[93.5988552,23.9719115],[93.5988646,23.9722259],[93.5988647,23.9722282],[93.5988648,23.9722285],[93.5989595,23.9723911],[93.5991414,23.9724554],[93.5994731,23.9725159],[93.5996978,23.9725102],[93.5998614,23.9724648],[93.6001786,23.9723225],[93.6001869,23.9723187],[93.6001939,23.9723145],[93.6004521,23.9721605],[93.6007043,23.9720714],[93.6008837,23.9720531],[93.601004,23.9720638],[93.6012608,23.9721262],[93.6014297,23.9722597],[93.6015687,23.972394],[93.6017235,23.9725554],[93.6018758,23.9726342],[93.6020111,23.9726445],[93.602086,23.9726426],[93.6035053,23.9724689],[93.6040207,23.9721291],[93.6043578,23.9719069],[93.6045052,23.9718097],[93.6051782,23.9717513],[93.6055973,23.9717269],[93.6064926,23.9715802],[93.6074587,23.9712939],[93.6076534,23.971289],[93.6078515,23.9713942],[93.6081582,23.9716206],[93.608179,23.971813],[93.6081819,23.9719094],[93.6081852,23.9720173],[93.6081856,23.9720333],[93.608144,23.9721446],[93.6078758,23.9731985],[93.607839,23.9739711],[93.6079621,23.9745742],[93.6083631,23.9759419],[93.6089515,23.9770568],[93.6089684,23.9776213],[93.6089284,23.9777877],[93.6086907,23.9783586],[93.6083593,23.978808],[93.6080345,23.9794776],[93.607815,23.9801583],[93.6078235,23.9804383],[93.6078291,23.9806264],[93.6081291,23.9811286],[93.6082077,23.9811754],[93.6083734,23.981274],[93.6084866,23.9815467],[93.6085381,23.9818645],[93.6086155,23.9823426],[93.6086806,23.9829833],[93.6092575,23.9843177],[93.6096329,23.9850713],[93.6103405,23.9858335],[93.610503,23.9862629],[93.6112637,23.9876215],[93.6117554,23.9884267],[93.6118597,23.9885974],[93.6120839,23.9889647],[93.6123174,23.9897442],[93.612339,23.9904634],[93.6123443,23.9906391],[93.6123951,23.9907367],[93.612599,23.9911287],[93.613147,23.9917236],[93.6131571,23.9917345],[93.6135842,23.9919717],[93.6135867,23.9919727],[93.6136857,23.9923549],[93.6135328,23.9932544],[93.6130386,23.9942728],[93.6126184,23.9952618],[93.6120502,23.9964425],[93.6119093,23.9966164],[93.6118006,23.9969911],[93.6118555,23.9973204],[93.6120399,23.9974673],[93.6121553,23.9975147],[93.6124195,23.997623],[93.6128757,23.9978319],[93.6131517,23.9980316],[93.6134647,23.9984645],[93.6138418,23.9996369],[93.6143043,24.0012144],[93.614722,24.002882],[93.6148675,24.0032554],[93.6152811,24.0039295],[93.6156786,24.0043434],[93.6161876,24.0047403],[93.6164158,24.0050034],[93.6165843,24.0052099],[93.616641,24.0054521],[93.6167348,24.005899],[93.6169356,24.0066073],[93.617242,24.0070293],[93.6175713,24.0072938],[93.6181414,24.0076636],[93.618362,24.0077688],[93.6186776,24.0078853],[93.619412,24.0084608],[93.619861,24.0088198],[93.6202892,24.0090878],[93.6203613,24.009133],[93.6205721,24.009212],[93.6212352,24.0094605],[93.6217661,24.0097556],[93.6222359,24.0100776],[93.6227141,24.0104966],[93.6227741,24.0105492],[93.6231537,24.0108236],[93.6233543,24.0109192],[93.6243347,24.0109139],[93.625374,24.0110209],[93.6258376,24.0111015],[93.6261603,24.011143],[93.6263828,24.0111368],[93.6264009,24.0111306],[93.6265657,24.0110743],[93.6267388,24.0109931],[93.6269227,24.0108749],[93.6269842,24.0105643],[93.6269887,24.0105416],[93.6271473,24.0101074],[93.6274995,24.0095737],[93.6279092,24.0092357],[93.6282876,24.0089624],[93.628735,24.008792],[93.6289989,24.0087214],[93.6293326,24.0087073],[93.6298064,24.008788],[93.6313685,24.0090599],[93.6335534,24.0097722],[93.6343232,24.0100738],[93.6347539,24.0103261],[93.6351795,24.0105469],[93.6355035,24.010611],[93.6361152,24.0105834],[93.6362293,24.0105705],[93.636493,24.0105408],[93.6367409,24.0104202],[93.6368993,24.0103432],[93.6376434,24.0101621],[93.6384655,24.0099821],[93.6391032,24.0099549],[93.6398087,24.0097495],[93.6408151,24.0094286],[93.6415877,24.0090926],[93.6421129,24.0087772],[93.6424525,24.0086862],[93.6428295,24.0086913],[93.6432192,24.0087204],[93.6435423,24.0088443],[93.6441893,24.0090441],[93.6445403,24.0090489],[93.646545,24.0089206],[93.6471048,24.0088804],[93.6481888,24.0085844],[93.6494238,24.008613],[93.6505654,24.0087837],[93.6509675,24.0088488],[93.651576,24.0090123],[93.6523026,24.0091177],[93.652602,24.0090978],[93.6528476,24.0090468],[93.6529803,24.0090193],[93.6537392,24.0087308],[93.6540009,24.0086268],[93.6542263,24.0083551],[93.6543198,24.0082011],[93.6543213,24.0081055],[93.6536375,24.0069496],[93.6536097,24.0054321],[93.6537511,24.0046489],[93.6539352,24.0045883],[93.6540138,24.0045094],[93.6540409,24.0044822],[93.6541734,24.0043287],[93.6546381,24.0037257],[93.6549574,24.0032761],[93.65496,24.0031089],[93.6547679,24.0029271],[93.6546159,24.0026742],[93.6546457,24.0024357],[93.654933,24.002356],[93.6553078,24.0025043],[93.6562227,24.002206],[93.6566575,24.0018535],[93.6569314,24.0017975],[93.6571528,24.0017765],[93.6574906,24.001793],[93.6577359,24.0019038],[93.6580711,24.0020875],[93.6584174,24.0023908],[93.6587502,24.0027178],[93.6589558,24.0028759],[93.6592544,24.0029038],[93.6593543,24.0028931],[93.659554,24.0028719],[93.6600641,24.0026876],[93.6603389,24.0025222],[93.6605104,24.0024189],[93.6615709,24.0019672],[93.6622769,24.0017258],[93.662695,24.0016],[93.6632169,24.0014876],[93.6636327,24.0015051],[93.6639692,24.0016051],[93.6641753,24.0017274],[93.6646631,24.0021281],[93.664869,24.0022623],[93.6651663,24.0023737],[93.6652958,24.0024113],[93.6654527,24.0023537],[93.6655594,24.0021879],[93.6661117,24.0018011],[93.6672067,24.0016246],[93.6675321,24.001605],[93.6677271,24.0016076],[93.6679072,24.0017295],[93.6680463,24.0019822],[93.6680792,24.0023649],[93.6681531,24.0026287],[93.6682559,24.0027018],[93.6685278,24.0027771],[93.668706,24.0027482],[93.6691405,24.0026777],[93.669794,24.0024714],[93.6705501,24.0023501],[93.6711223,24.0023458],[93.6716423,24.0023528],[93.6721974,24.002611],[93.6728159,24.0029657],[93.6732775,24.003378],[93.6735569,24.0037999],[93.6738848,24.0044493],[93.6740869,24.0048223],[93.6744331,24.0051375],[93.6748059,24.0054053],[93.675335,24.0056632],[93.6757233,24.0057759],[93.6762419,24.0058783],[93.6766183,24.0059192],[93.6768864,24.0059125],[93.6769305,24.0059114],[93.677127,24.0058185],[93.6784418,24.0057284],[93.679701,24.0058647],[93.6798821,24.0059268],[93.6805896,24.006414],[93.681013,24.006778],[93.6815159,24.0070475],[93.6820604,24.0071503],[93.6826072,24.0071098],[93.68262,24.0071057],[93.6830385,24.0069722],[93.683474,24.0065718],[93.6838169,24.0062658],[93.6838246,24.0062596],[93.6840671,24.006066],[93.6844313,24.0060589],[93.6847036,24.0061103],[93.6851431,24.0062714],[93.6856466,24.0065051],[93.6861103,24.006786],[93.6865222,24.0070542],[93.6867792,24.0072488],[93.6870598,24.0075989],[93.6872147,24.0076726],[93.6873445,24.0076863],[93.6879166,24.0076939],[93.6883848,24.0076881],[93.6885923,24.0077267],[93.6889271,24.0079342],[93.689466,24.0083953],[93.6898274,24.0085673],[93.6903085,24.0085737],[93.6909077,24.00851],[93.690973,24.0084904],[93.6914041,24.0083612],[93.691813,24.0079963],[93.6922502,24.0074765],[93.6927009,24.006933],[93.6931216,24.0066399],[93.6935542,24.0064186],[93.6947774,24.0063631],[93.6954014,24.0063714],[93.695923,24.0062827],[93.6961319,24.0062257],[93.696607,24.0057781],[93.6971739,24.0052838],[93.6975666,24.0051218],[93.6981003,24.005081],[93.6983219,24.0050376],[93.6985569,24.0049915],[93.6987994,24.0048868],[93.6990936,24.0047597],[93.6994499,24.0045857],[93.6996178,24.0045038],[93.7001339,24.0041908],[93.7001525,24.0041795],[93.7008861,24.0040546],[93.7014851,24.0040028],[93.7029035,24.0039378],[93.7033102,24.003911],[93.7036584,24.003888],[93.7039857,24.003749],[93.7054018,24.0031942],[93.7072545,24.0025974],[93.7099294,24.0019994],[93.7111364,24.0018796],[93.7124154,24.0016724],[93.7133948,24.0014499],[93.7134622,24.0014246],[93.7149647,24.0009664],[93.7157995,24.0007982],[93.7160796,24.0007478],[93.7167905,24.00062],[93.7174043,24.0004489],[93.7180718,24.0001709],[93.7189773,23.9996333],[93.7206959,23.9986523],[93.7212751,23.998194],[93.7218014,23.9977947],[93.7222464,23.9976094],[93.7237341,23.9972585],[93.724034,23.9972026],[93.7243596,23.9971711],[93.7247752,23.9972004],[93.725021,23.9972872],[93.7256006,23.9976412],[93.7259596,23.9979684],[93.7268192,23.9987202],[93.7271805,23.9989041],[93.7276986,23.9990303],[93.7283353,23.9990625],[93.7292971,23.999087],[93.7301952,23.999027],[93.7307933,23.9990348],[93.7315846,23.9991526],[93.7319733,23.9992412],[93.7324254,23.9994382],[93.7326583,23.9995129],[93.7329436,23.9995644],[93.733533,23.9994664],[93.7335433,23.9994647],[93.7335874,23.999446],[93.7338443,23.9993372],[93.7339114,23.9993246],[93.734379,23.9992366],[93.7350416,23.9992691],[93.7353141,23.9993085],[93.7357028,23.9993972],[93.7360364,23.9996882],[93.7362938,23.9998588],[93.7366824,23.9999594],[93.7373567,24.0000756],[93.7380317,24.0001561],[93.738509,24.0004012],[93.7388681,24.0007284],[93.7393159,24.0012],[93.7396331,24.0017178],[93.740031,24.0020574],[93.7403801,24.0021814],[93.7406471,24.0021645],[93.7408487,24.0021517],[93.7411761,24.0020006],[93.7414134,24.0017886],[93.7415097,24.0014435],[93.7417052,23.9999514],[93.7418734,23.9989276],[93.7419322,23.9984864],[93.7416438,23.9977898],[93.741518,23.9975135],[93.7414442,23.9972378],[93.7416178,23.9969414],[93.7417077,23.9968841],[93.7418016,23.9968243],[93.7420851,23.9969952],[93.7424157,23.9974773],[93.7429151,23.9979855],[93.7436206,23.9986158],[93.74409,23.9993744],[93.7442257,23.999854],[93.744307,24.0004882],[93.7442679,24.0013477],[93.7441902,24.002171],[93.7441405,24.0023229],[93.7440784,24.0025123],[93.7442461,24.0027507],[93.7448142,24.002968],[93.7455829,24.0031354],[93.7463287,24.0029351],[93.7473022,24.0027911],[93.7475108,24.0028487],[93.7476978,24.0029005],[93.7483464,24.0031695],[93.7491338,24.0036359],[93.7498355,24.0041402],[93.7503684,24.0045512],[93.7513479,24.0049412],[93.7524767,24.0049302],[93.7533591,24.0047461],[93.753893,24.0050919],[93.7539186,24.0052747],[93.7540167,24.0053541],[93.7542002,24.0054217],[93.7544713,24.0053209],[93.7545837,24.0051458],[93.7546457,24.0050494],[93.7547787,24.0046992],[93.7549379,24.0044927],[93.7551825,24.0042743],[93.7556108,24.0040973],[93.756038,24.0039985],[93.7570519,24.0035684],[93.7573404,24.0032593],[93.7575839,24.003106],[93.7577693,24.0030432],[93.7579675,24.0030718],[93.758023,24.0030879],[93.75825,24.0031537],[93.7584598,24.0033519],[93.7588531,24.0036176],[93.7589816,24.0036557],[93.7590367,24.0036721],[93.7592349,24.0037007],[93.7593915,24.0036636],[93.7594802,24.0034301],[93.7595255,24.0032482],[93.7595157,24.0029614],[93.7593706,24.0022426],[93.7592768,24.0018764],[93.7592824,24.0015116],[93.7595007,24.0011494],[93.7597328,24.0008135],[93.7603748,24.0005871],[93.760377,24.0005865],[93.7609733,24.0004123],[93.7611627,24.0002875],[93.7613731,24.0000266],[93.7615142,23.9996816],[93.7615997,23.9993544],[93.7617357,23.998355],[93.7619124,23.9967528],[93.7619274,23.9964358],[93.7619922,23.9961754],[93.762087,23.9959528],[93.7625291,23.9955946],[93.7629178,23.9954037],[93.763113,23.995257],[93.763259,23.9949976],[93.7633535,23.9947936],[93.7634063,23.9946637],[93.7633884,23.9945049],[93.763293,23.9943984],[93.7632785,23.9943822],[93.7631356,23.9944363],[93.7630321,23.9945656],[93.762919,23.9946574],[93.7627869,23.9946651],[93.7625544,23.9945968],[93.7623934,23.9945015],[93.7622845,23.9943135],[93.7622289,23.9939676],[93.7622533,23.9936974],[93.7623069,23.9935115],[93.7623417,23.9934992],[93.762511,23.9934395],[93.7626123,23.9934595],[93.7627841,23.9935083],[93.7628856,23.9928473],[93.762294,23.991683],[93.7621963,23.9914299],[93.7621693,23.9912056],[93.7623235,23.991077],[93.7634988,23.990579],[93.7643251,23.9903191],[93.7645079,23.9903214],[93.7646914,23.9902678],[93.764845,23.9901858],[93.7649485,23.9900565],[93.7649715,23.9898796],[93.764914,23.989655],[93.7647872,23.9893082],[93.7646002,23.9889233],[93.7645646,23.988587],[93.7646199,23.9882892],[93.764819,23.9878813],[93.7649654,23.9876033],[93.765029,23.9867553],[93.7649892,23.9860365],[93.7654804,23.9851099],[93.7654847,23.9848301],[93.7655586,23.9846445],[93.7659368,23.9844721],[93.7670188,23.9840102],[93.7673256,23.9832771],[93.7677747,23.9826123],[93.7680572,23.9825682],[93.7683627,23.9825068],[93.7686188,23.9823608],[93.7686522,23.9821654],[93.7684316,23.9819853],[93.76826,23.9819178],[93.7680175,23.9818401],[93.7678671,23.9817169],[93.7678287,23.9815671],[93.7678827,23.9813533],[93.7681324,23.9809553],[93.7689389,23.9799955],[93.7692995,23.9789739],[93.7700086,23.9784139],[93.7701439,23.9781918],[93.7702822,23.9777738],[93.7701257,23.97738],[93.770014,23.9767162],[93.7700784,23.9764838],[93.7701397,23.9764622],[93.7703846,23.9763758],[93.7708815,23.9764101],[93.7710747,23.9763939],[93.7712286,23.976284],[93.7712107,23.9761251],[93.771021,23.9759175],[93.7706509,23.9755489],[93.7705119,23.9753419],[93.7704342,23.9751077],[93.7704495,23.9747721],[93.7705249,23.9744839],[93.7708451,23.9741241],[93.7713716,23.9735432],[93.7720717,23.9728991],[93.7722793,23.9726032],[93.7724369,23.9722508],[93.7728733,23.9715847],[93.7733023,23.9714129],[93.7735283,23.9712385],[93.7735916,23.9710808],[93.7735018,23.970977],[93.7732895,23.9709183],[93.772985,23.9709144],[93.7726806,23.9709012],[93.7724169,23.9708885],[93.7721742,23.9708201],[93.772125,23.9707169],[93.772117,23.9705768],[93.7722821,23.9704017],[93.7728229,23.970222],[93.7731199,23.9700486],[93.7731425,23.9698996],[93.7730632,23.969768],[93.7728114,23.9696342],[93.7725987,23.9696035],[93.7721131,23.9694947],[93.7718604,23.9694168],[93.7717606,23.9693036],[93.7716415,23.9691248],[93.771736,23.9689208],[93.7721138,23.9687764],[93.7722101,23.9687543],[93.7724952,23.968689],[93.7726537,23.9686526],[93.7728693,23.9684968],[93.7728748,23.9684854],[93.772995,23.9682372],[93.773103,23.9678095],[93.7735816,23.967713],[93.7738211,23.9679866],[93.7740909,23.9682699],[93.7742021,23.9682993],[93.7743745,23.9683108],[93.7745689,23.9682107],[93.7746313,23.9681182],[93.7746652,23.9678854],[93.7747411,23.9675692],[93.7748262,23.9673091],[93.7749926,23.96705],[93.7750514,23.9670225],[93.7751868,23.9669592],[93.775442,23.9668691],[93.7757466,23.9668637],[93.776102,23.9668589],[93.7763366,23.9667872],[93.7764014,23.9667218],[93.7765737,23.9665477],[93.7767094,23.9662976],[93.7768156,23.9659911],[93.7771451,23.9656781],[93.7773815,23.9654852],[93.7780792,23.9649997],[93.7784472,23.9648271],[93.7788749,23.9647393],[93.7794137,23.9646902],[93.7798107,23.9646206],[93.7800358,23.9645022],[93.7800894,23.9643163],[93.7800131,23.9639888],[93.7797242,23.9636213],[93.7795546,23.9634232],[93.7794669,23.9631796],[93.7794695,23.9630117],[93.7795845,23.9627893],[93.779942,23.9626446],[93.7801662,23.9625821],[93.7804022,23.9624172],[93.7807818,23.9621515],[93.7811211,23.9618666],[93.7816776,23.961314],[93.7822491,23.961116],[93.7827976,23.961095],[93.7836263,23.9613387],[93.7840389,23.9615772],[93.784534,23.9617328],[93.7848891,23.9617466],[93.7851841,23.9617037],[93.7853283,23.9615656],[93.7853991,23.9614092],[93.7854123,23.9613801],[93.7854683,23.9610356],[93.7854457,23.9605129],[93.7854913,23.9601777],[93.786037,23.9589905],[93.7866305,23.9586809],[93.7873249,23.9585881],[93.7876096,23.9576951],[93.7880297,23.9567582],[93.7882162,23.9565087],[93.7890306,23.9556795],[93.7896542,23.9553888],[93.7905122,23.9543549],[93.7908494,23.9535289],[93.7918229,23.9529162],[93.792447,23.9519166],[93.7925283,23.9512273],[93.7926039,23.9511837],[93.7927024,23.9511268],[93.7931495,23.9510952],[93.793656,23.9511669],[93.7938589,23.9511695],[93.7941549,23.9510613],[93.7948212,23.9506312],[93.7952551,23.9501236],[93.7954421,23.9498368],[93.795629,23.9495593],[93.795877,23.9492639],[93.7968665,23.9482595],[93.7976264,23.9476721],[93.7977003,23.9474771],[93.7977051,23.94716],[93.7976531,23.9465623],[93.7976773,23.9463014],[93.7979163,23.9459313],[93.7980173,23.9458229],[93.7983805,23.9454334],[93.7984749,23.9452293],[93.7984616,23.9451956],[93.798338,23.9448824],[93.7981192,23.9445811],[93.7979415,23.944243],[93.7979267,23.943879],[93.7980011,23.9436561],[93.798223,23.9434164],[93.7982487,23.9433887],[93.7985047,23.9432333],[93.7989935,23.9431275],[93.7991184,23.9429239],[93.7990824,23.9427647],[93.7990803,23.9427555],[93.7987818,23.9423505],[93.7984806,23.9421322],[93.7983723,23.9419069],[93.7983741,23.9417857],[93.7985892,23.9416578],[93.7990568,23.9416077],[93.7994632,23.9415848],[93.7996375,23.9414658],[93.7996803,23.941317],[93.799718,23.9408324],[93.7997197,23.9400395],[93.7997385,23.9394613],[93.7999259,23.9391465],[93.8000982,23.9390453],[93.8003457,23.9388999],[93.8007979,23.9385231],[93.800842,23.9382904],[93.8006442,23.9379428],[93.8004465,23.9375858],[93.8003228,23.9370338],[93.8002376,23.9359413],[93.8001301,23.9349883],[93.7997224,23.9337424],[93.7996863,23.9333577],[93.7996669,23.9329154],[93.7997749,23.932642],[93.8001573,23.9322765],[93.8008401,23.9318073],[93.8015789,23.9310759],[93.8021444,23.9306291],[93.8037171,23.9297529],[93.8043234,23.9291871],[93.8044706,23.9289023],[93.8046956,23.9286303],[93.8049921,23.9284109],[93.8050767,23.9283484],[93.8057036,23.9281412],[93.806016,23.9281093],[93.8063159,23.9280414],[93.8067079,23.927903],[93.8069832,23.9277392],[93.8070341,23.9276691],[93.8071292,23.927538],[93.8072365,23.9273123],[93.807383,23.9270752],[93.8077488,23.9269484],[93.8080738,23.9269406],[93.8083326,23.9270155],[93.8087992,23.927105],[93.8090722,23.9270965],[93.8096732,23.926889],[93.8104544,23.9267913],[93.8112614,23.9267058],[93.8119019,23.926463],[93.812425,23.9262426],[93.8129221,23.9260218],[93.8133006,23.9259191],[93.8135478,23.9258983],[93.813886,23.9258786],[93.8150516,23.926156],[93.8162099,23.9262044],[93.8166203,23.9254919],[93.8173567,23.9249544],[93.8174831,23.9249027],[93.8175267,23.9248849],[93.817722,23.9248634],[93.8185508,23.9243779],[93.8186174,23.9240742],[93.8188027,23.9238495],[93.8191166,23.9237101],[93.8193897,23.9237016],[93.8196625,23.923705],[93.8199217,23.923756],[93.8214516,23.9240021],[93.8218406,23.9240667],[93.822328,23.9245029],[93.8227762,23.9249505],[93.8232873,23.9255422],[93.8237883,23.9259427],[93.8245872,23.9264067],[93.8248063,23.9265289],[93.8253377,23.926631],[93.8256239,23.9266107],[93.8261061,23.9265212],[93.8265755,23.9264195],[93.826888,23.9263756],[93.8274206,23.9263942],[93.8284975,23.9265151],[93.829081,23.926606],[93.8292882,23.9266564],[93.8299114,23.9267],[93.8308087,23.9266633],[93.8312907,23.9265857],[93.831601,23.9266971],[93.8330812,23.9272774],[93.8332711,23.92734],[93.8334897,23.9274798],[93.8336772,23.9277069],[93.8338694,23.9280162],[93.8341546,23.9284967],[93.8341843,23.9289081],[93.8343154,23.9293209],[93.834605,23.929973],[93.8347424,23.9301754],[93.8350048,23.9303578],[93.8355468,23.9306226],[93.8358505,23.930655],[93.8363417,23.9306611],[93.8372128,23.9308153],[93.8380124,23.9310617],[93.838392,23.9312313],[93.8388023,23.9314371],[93.8391105,23.9316846],[93.8393425,23.9318237],[93.8396683,23.9319352],[93.8399868,23.932018],[93.8401816,23.9320348],[93.8404314,23.9320164],[93.8406828,23.9318905],[93.8409581,23.931729],[93.8412257,23.9315603],[93.8415312,23.9314637],[93.8418122,23.9314457],[93.8421939,23.9314719],[93.8427927,23.9315868],[93.8435524,23.9318973],[93.8439621,23.9321389],[93.8444898,23.9323174],[93.8446157,23.9323345],[93.8453614,23.9324357],[93.8455962,23.9324577],[93.8462414,23.9325183],[93.8473488,23.9325176],[93.8487089,23.9322979],[93.849445,23.9320847],[93.8498052,23.9319817],[93.8500788,23.9319349],[93.8501284,23.9319342],[93.8503674,23.9319312],[93.8504518,23.9319604],[93.8505614,23.9319981],[93.8511501,23.9322706],[93.8517701,23.9325363],[93.8524536,23.9327239],[93.8529656,23.9328126],[93.8538895,23.9327404],[93.8549462,23.9324667],[93.8556377,23.932284],[93.8564841,23.932175],[93.8574994,23.932068],[93.8589955,23.9319669],[93.8591837,23.9319635],[93.8593701,23.9319718],[93.8596647,23.9320995],[93.8598507,23.9321936],[93.8599536,23.9323336],[93.860107,23.9326101],[93.8601178,23.9326241],[93.8603277,23.932896],[93.8607024,23.93318],[93.8612458,23.9334458],[93.8618658,23.9337115],[93.8626255,23.9340218],[93.8631675,23.9342865],[93.8641558,23.9349724],[93.8652665,23.9358175],[93.8666747,23.9365801],[93.8677283,23.9370661],[93.8692122,23.9379874],[93.8697996,23.9383529],[93.8702132,23.9388741],[93.8706075,23.939653],[93.871432,23.9408816],[93.8717561,23.9411149],[93.871988,23.9412611],[93.8727375,23.9411986],[93.8734692,23.9412935],[93.8741063,23.9414589],[93.8753338,23.9417893],[93.8759083,23.9419683],[93.8762651,23.9421017],[93.8767943,23.9421798],[93.8774326,23.9422592],[93.8783049,23.9423415],[93.8793493,23.9423829],[93.8797554,23.9423448],[93.8811645,23.9419749],[93.8823527,23.9417743],[93.8828823,23.9418237],[93.8835605,23.942391],[93.884697,23.9436233],[93.8852776,23.9444618],[93.8857258,23.944754],[93.8865031,23.9449354],[93.8868293,23.9450254],[93.8873238,23.9453467],[93.8886804,23.946467],[93.8895389,23.9475095],[93.8900624,23.9479889],[93.8907116,23.9483982],[93.8923136,23.9498081],[93.8934774,23.9513273],[93.8937374,23.9516889],[93.8938236,23.9520881],[93.8938398,23.9521632],[93.893848,23.9526793],[93.8940916,23.9529325],[93.8956179,23.9521703],[93.8983793,23.9510424],[93.8989126,23.9508338],[93.8993039,23.9507382],[93.9002569,23.950635],[93.9008183,23.9506417],[93.9013986,23.9504193],[93.9021833,23.9500847],[93.9025908,23.9499463],[93.9028869,23.9499642],[93.9041777,23.9502377],[93.9051419,23.9504356],[93.9057653,23.9504718],[93.9064052,23.9504508],[93.9072814,23.9502606],[93.9091234,23.9501537],[93.9102147,23.9501954],[93.9121619,23.9503764],[93.9127687,23.9504841],[93.9135926,23.9506803],[93.9141832,23.9508307],[93.9146329,23.9510224],[93.9150413,23.9512575],[93.916176,23.9510982],[93.9176537,23.9513882],[93.9190069,23.9516624],[93.9201334,23.9514178],[93.9208081,23.9511391],[93.9224323,23.9510008],[93.9234766,23.9510562],[93.9249772,23.9508304],[93.9261047,23.9505141],[93.9268105,23.9502358],[93.9274078,23.9499131],[93.9277693,23.9497167],[93.9280358,23.9496196],[93.928223,23.9496218],[93.9286432,23.9496841],[93.9291547,23.9499196],[93.9296353,23.950126],[93.9300238,23.9502309],[93.9304603,23.9502504],[93.9312289,23.9499442],[93.9319983,23.9495806],[93.9325303,23.9494579],[93.9332017,23.9494085],[93.9338897,23.9492876],[93.9348795,23.9487833],[93.9357742,23.9483781],[93.9371678,23.9479932],[93.9377287,23.9480428],[93.9380252,23.948032],[93.9385268,23.9478516],[93.9389351,23.9476557],[93.9392346,23.9474299],[93.9393691,23.9471669],[93.939395,23.9471164],[93.9396153,23.9469757],[93.9400062,23.9469086],[93.9409437,23.9467906],[93.9422435,23.9464189],[93.942573,23.9462795],[93.943182,23.9462293],[93.9435721,23.9462196],[93.9439772,23.946253],[93.9442267,23.9462559],[93.944619,23.9460885],[93.9446243,23.9459987],[93.9446393,23.9457447],[93.9445658,23.9454285],[93.9445544,23.9451273],[93.9447445,23.9449145],[93.9450365,23.9447154],[93.9450752,23.9446891],[93.945545,23.9445512],[93.9455478,23.9445505],[93.9465699,23.9437605],[93.9468554,23.9434198],[93.9471881,23.943051],[93.9475507,23.9427686],[93.947613,23.942735],[93.9481479,23.9424459],[93.9486798,23.9423375],[93.9496354,23.9420333],[93.9498021,23.9419125],[93.9499663,23.9417935],[93.950667,23.9407553],[93.9510244,23.9397273],[93.9511899,23.9390412],[93.9512857,23.9388846],[93.951888,23.9381892],[93.9530529,23.9362963],[93.9537044,23.9354295],[93.954069,23.9350037],[93.9546668,23.934638],[93.9551393,23.9342994],[93.9552045,23.9340995],[93.9551447,23.9339124],[93.9547439,23.933578],[93.9545123,23.9334033],[93.9544107,23.9328574],[93.9544163,23.932456],[93.9546848,23.9322155],[93.9561015,23.9312716],[93.9568254,23.930807],[93.9571373,23.9308107],[93.9575279,23.9307579],[93.9578261,23.930618],[93.9579845,23.9304478],[93.9581,23.9299905],[93.9582133,23.9296907],[93.9583256,23.9294627],[93.9587326,23.9293528],[93.9596756,23.9288334],[93.9603364,23.928411],[93.9607606,23.9281866],[93.9615908,23.927924],[93.9619025,23.9279419],[93.962073,23.9280156],[93.9622096,23.9282896],[93.9621433,23.9285755],[93.9619366,23.9288598],[93.9618073,23.929188],[93.9618209,23.9293315],[93.9619435,23.9294907],[93.9621918,23.9295796],[93.9626902,23.9296284],[93.9634854,23.9296377],[93.9640936,23.9296448],[93.9642243,23.929589],[93.9644858,23.9294773],[93.964769,23.9292943],[93.9651,23.9290401],[93.9654297,23.9288863],[93.9660868,23.9287362],[93.966462,23.9286689],[93.9668522,23.9286448],[93.9676049,23.9283525],[93.9679205,23.9280838],[93.9681439,23.9277137],[93.9691583,23.9265357],[93.9693002,23.9264226],[93.9695503,23.9263825],[93.9709116,23.9260543],[93.9720972,23.9260251],[93.9733447,23.9260396],[93.9740971,23.9257616],[93.9750557,23.925228],[93.9752961,23.9247577],[93.9757337,23.9246911],[93.9759506,23.924794],[93.9763312,23.9254722],[93.9766496,23.9261353],[93.9769865,23.9265836],[93.9771877,23.9267006],[93.9776991,23.9269359],[93.9789831,23.9276963],[93.9801418,23.9284981],[93.9804355,23.9286879],[93.9806998,23.9287483],[93.9810433,23.9287236],[93.9813419,23.928555],[93.9830541,23.9276574],[93.9838509,23.9275519],[93.9848413,23.9269756],[93.9851084,23.9268353],[93.9852955,23.9268375],[93.9854358,23.9268391],[93.9858397,23.9269584],[93.9862878,23.9272647],[93.9869984,23.9277603],[93.9876342,23.9280256],[93.9887543,23.9282249],[93.9895052,23.9280615],[93.9911963,23.9275649],[93.9912873,23.9275038],[93.9915111,23.9273535],[93.9915456,23.9271102],[93.9915329,23.9268951],[93.9914279,23.9265928],[93.9913078,23.9262474],[93.9913119,23.9259464],[93.9914691,23.9258055],[93.9916119,23.9256774],[93.9923946,23.9254571],[93.9931137,23.9253363],[93.9934733,23.9252688],[93.9935568,23.9251939],[93.993568,23.9251839],[93.9936013,23.9250266],[93.9935883,23.92484],[93.9942368,23.9241737],[93.9946126,23.9240634],[93.9953961,23.9237857],[93.9961708,23.9230061],[93.9967648,23.9222648],[93.997061,23.921881],[93.9984971,23.9200193],[94.0052623,23.9189497],[94.0193365,23.911976],[94.0331484,23.8972365],[94.0468232,23.888179],[94.0483785,23.8874077],[94.0501104,23.8865487],[94.0621703,23.8805669],[94.0690205,23.8812676],[94.0814215,23.881397],[94.0827123,23.8814104],[94.0843045,23.8814269],[94.0953453,23.8715436],[94.1022941,23.8560982],[94.1085019,23.847549],[94.1206723,23.8328484],[94.1255622,23.8333043],[94.1331401,23.8414872],[94.1357096,23.8491397],[94.1376346,23.852417],[94.1408136,23.8538395],[94.1454008,23.8530997],[94.1514743,23.8524677],[94.153969,23.8531524],[94.1550298,23.8552426],[94.1569635,23.8635195],[94.1584602,23.8877188],[94.1622008,23.9195803],[94.1653519,23.92964],[94.1693672,23.9313406],[94.1760281,23.9332663],[94.1806062,23.9369199],[94.184792,23.9387665],[94.186858,23.9412816],[94.1868083,23.9493139],[94.1873416,23.9646024],[94.1926798,23.9758096],[94.1985451,23.9879103],[94.2074305,24.0014369],[94.2157757,24.0136153],[94.2248031,24.0263792],[94.2301896,24.0340988],[94.2340026,24.039289],[94.2344658,24.0430636],[94.2329724,24.0475026],[94.2299532,24.0554722],[94.230682,24.0574205],[94.2321216,24.0573776],[94.2331547,24.0573469],[94.2366059,24.0569411],[94.2389459,24.0577806],[94.2402015,24.0606224],[94.2427312,24.0685382],[94.2458335,24.0715548],[94.2515404,24.0819078],[94.2541168,24.0921151],[94.2548899,24.1065619],[94.2540792,24.1141095],[94.2539106,24.1156797],[94.2535607,24.1241808],[94.2551871,24.1406353],[94.2579377,24.1520335],[94.2598651,24.1622605],[94.2611237,24.1655288],[94.2617319,24.1671078],[94.2643998,24.1688218],[94.2707477,24.1713821],[94.2793821,24.1759064],[94.2831878,24.1793498],[94.2840471,24.185154],[94.2831666,24.1992731],[94.2829076,24.203426],[94.2842048,24.2123564],[94.288492,24.2228412],[94.2911086,24.2321804],[94.2927134,24.2360188],[94.2955461,24.2377273],[94.3009847,24.2393572],[94.3037854,24.2401695],[94.3108404,24.245936],[94.3153224,24.252677],[94.3194724,24.2637633],[94.3238993,24.2779806],[94.3248572,24.2909577],[94.3236032,24.3104304],[94.3253168,24.3217402],[94.3271624,24.3276642],[94.3285418,24.3297153],[94.3288702,24.3298462],[94.3351637,24.3323546],[94.3405942,24.3322851],[94.3436442,24.3322459],[94.3515215,24.3335007],[94.3540043,24.3344714],[94.354716,24.3360942],[94.355281,24.3381699],[94.3562889,24.3438811],[94.3565144,24.3451588],[94.3618395,24.352471],[94.3622909,24.3530031],[94.3717303,24.3641283],[94.380112,24.3746353],[94.3805693,24.3782094],[94.3740491,24.3873797],[94.3670709,24.3929756],[94.3671309,24.3946184],[94.3701751,24.3975152],[94.3804439,24.4015358],[94.3954537,24.4057088],[94.3976341,24.4072862],[94.3991859,24.4139661],[94.4029956,24.424314],[94.4086938,24.4371452],[94.4082818,24.438352],[94.407662,24.4401672],[94.4049824,24.4427916],[94.402156,24.445869],[94.4013091,24.4494833],[94.401562,24.4563529],[94.4021962,24.4647058],[94.402409,24.4672668],[94.4030761,24.4752938],[94.4051278,24.4777721],[94.4060903,24.4783455],[94.406798,24.4787671],[94.4091046,24.4792939],[94.414506,24.4795755],[94.4207399,24.4802796],[94.4212571,24.4810112],[94.4228196,24.4835044],[94.4252037,24.4861218],[94.4283513,24.4917056],[94.4320441,24.4987675],[94.4386729,24.510074],[94.4469998,24.5274574],[94.449831,24.5352557],[94.4520992,24.5415023],[94.457246,24.5524059],[94.4615398,24.5579534],[94.4665779,24.5615338],[94.4668326,24.5616303],[94.479347,24.566367],[94.4863512,24.5700346],[94.4922463,24.5746339],[94.4984398,24.5821919],[94.5001297,24.5842539],[94.5078058,24.592684],[94.5185362,24.6040075],[94.5292072,24.6180236],[94.5346514,24.6278689],[94.5373674,24.6325859],[94.5444598,24.6449019],[94.5500658,24.6589282],[94.5511351,24.6698094],[94.5531016,24.6827554],[94.5527213,24.6899447],[94.5504068,24.697111],[94.5500864,24.6981029],[94.5482744,24.7063844],[94.5480669,24.709531],[94.5496636,24.7127698],[94.5536558,24.714437],[94.5553078,24.714833],[94.5620111,24.7146193],[94.5679025,24.7145808],[94.571098,24.7125348],[94.5727501,24.7129306],[94.5750129,24.7164468],[94.5776716,24.7217447],[94.5781008,24.7232883],[94.578144,24.7234438],[94.5794317,24.7237084],[94.5792006,24.7229623],[94.5794774,24.7207554],[94.5795482,24.7201913],[94.5796142,24.7176529],[94.5796472,24.7163871],[94.5781592,24.714823],[94.5781974,24.7117161],[94.5801197,24.7090404],[94.5801671,24.7090038],[94.5816042,24.7078936],[94.5851245,24.70542],[94.5863068,24.7061304],[94.5878035,24.7071175],[94.5915208,24.7095134],[94.5932197,24.7094708],[94.5956903,24.7094194],[94.5998347,24.7094422],[94.6016262,24.7094837],[94.6022997,24.709929],[94.6025465,24.7102948],[94.6027511,24.7106793],[94.6027737,24.7107498],[94.6028923,24.7111205],[94.602925,24.7118857],[94.6029427,24.7121536],[94.6032568,24.7121376],[94.603741,24.7119131],[94.6047033,24.711961],[94.6051178,24.7123093],[94.6054232,24.7130199],[94.6062028,24.71502],[94.606747,24.7163864],[94.6072137,24.7175398],[94.6073517,24.7180534],[94.6073801,24.718361],[94.6073665,24.7184626],[94.6073625,24.7184925],[94.6071822,24.7188272],[94.606754,24.7192703],[94.606405,24.719568],[94.6062779,24.7196958],[94.6061968,24.7199101],[94.606129,24.7203253],[94.6061232,24.7208038],[94.60612,24.721071],[94.6062083,24.7215595],[94.6064377,24.7220637],[94.606746,24.7225401],[94.6070253,24.7228153],[94.6072945,24.7229541],[94.6081465,24.7235867],[94.6091095,24.7244568],[94.6094504,24.7248331],[94.6095105,24.7250632],[94.6095101,24.7250644],[94.6094775,24.7251919],[94.6094137,24.7252773],[94.6091922,24.7254185],[94.6089077,24.7255734],[94.6086703,24.7257288],[94.6085588,24.7258568],[94.6084153,24.7260417],[94.6084125,24.7262712],[94.6084408,24.7265296],[94.6086366,24.72722],[94.6088502,24.7277384],[94.609064,24.7282425],[94.6094539,24.7284615],[94.609986,24.7286102],[94.6104079,24.7286046],[94.6105984,24.728602],[94.6108186,24.7285756],[94.6109438,24.7286055],[94.6110669,24.7288219],[94.6111402,24.7292528],[94.6111371,24.7295109],[94.6110381,24.7299115],[94.6108638,24.7305783],[94.6106233,24.7317574],[94.6105664,24.7325743],[94.6106375,24.7331917],[94.6106814,24.7334646],[94.6109585,24.7339263],[94.6113451,24.7344178],[94.6119828,24.7349261],[94.6125255,24.7355052],[94.6129104,24.73614],[94.6132141,24.7370036],[94.613348,24.7376216],[94.6133884,24.7379542],[94.6134195,24.7382103],[94.6133841,24.7385398],[94.6131904,24.7389824],[94.612807,24.7395236],[94.6126945,24.7397376],[94.6126133,24.7399662],[94.6126735,24.7401819],[94.6127663,24.7402976],[94.613015,24.7405152],[94.6133121,24.7406186],[94.6137823,24.740695],[94.6142327,24.7411154],[94.6144182,24.741361],[94.6146328,24.7417934],[94.6147825,24.7424116],[94.6149632,24.7430588],[94.6151302,24.7435337],[94.6154686,24.7441251],[94.6156857,24.7443567],[94.6166626,24.745399],[94.6168013,24.7456155],[94.6170662,24.7457903],[94.6175677,24.7458813],[94.6180857,24.7459008],[94.6182894,24.7459315],[94.6185238,24.7460343],[94.6189607,24.7462681],[94.6191,24.7464416],[94.6191769,24.7465714],[94.6192841,24.7468019],[94.6193906,24.7470898],[94.6194643,24.7474921],[94.6196026,24.7477516],[94.6198965,24.7481274],[94.6199392,24.7481728],[94.6202377,24.7484894],[94.6208142,24.748868],[94.6212674,24.7490589],[94.6218939,24.7491942],[94.6222693,24.749327],[94.6226888,24.7497041],[94.6231234,24.7501386],[94.6235257,24.7506446],[94.6240833,24.7512955],[94.6242229,24.7514323],[94.6243938,24.7515997],[94.6245185,24.7516727],[94.6248154,24.7518047],[94.6252533,24.7519524],[94.6256918,24.7520572],[94.6259569,24.7522176],[94.6261121,24.7523768],[94.6263434,24.7527377],[94.6265021,24.7531502],[94.6265262,24.7532128],[94.6270161,24.7542789],[94.627187,24.7544383],[94.6275159,24.7545133],[94.6278291,24.7545881],[94.6282045,24.7547209],[94.6284074,24.7548233],[94.6285062,24.7549878],[94.628546,24.7550541],[94.6286816,24.7555431],[94.6292178,24.7566813],[94.6293557,24.7569695],[94.6293835,24.7574372],[94.629395,24.7576296],[94.6293485,24.7589056],[94.6292965,24.7606404],[94.6292465,24.7608837],[94.6291161,24.7612839],[94.6287112,24.7623125],[94.6285881,24.7625463],[94.6282453,24.7631971],[94.6279568,24.7636819],[94.6276265,24.7637216],[94.6271535,24.7638747],[94.6269638,24.7639732],[94.6269466,24.7641016],[94.6269466,24.7641021],[94.6270053,24.7644469],[94.627177,24.7645346],[94.6276152,24.764668],[94.6277706,24.764813],[94.6277689,24.7649564],[94.6277668,24.7651285],[94.6275927,24.7652415],[94.6271658,24.7654811],[94.6265018,24.7658474],[94.62609,24.7661301],[94.6258666,24.7664291],[94.6257694,24.7666719],[94.6256723,24.7669148],[94.6250485,24.7677974],[94.625018,24.7677831],[94.6248306,24.7676952],[94.6246892,24.7676938],[94.6244683,24.7677777],[94.6242437,24.768177],[94.6241924,24.7685207],[94.6241737,24.7687787],[94.6241825,24.7687937],[94.624343,24.7690672],[94.6245598,24.7693275],[94.6246986,24.769544],[94.6247283,24.7696877],[94.6246635,24.7698591],[94.6245359,24.7700156],[94.6243138,24.7701999],[94.62395,24.7704114],[94.6235109,24.7706298],[94.6234128,24.7706785],[94.6231451,24.7707332],[94.6228283,24.7709596],[94.6224954,24.7712144],[94.6224462,24.771386],[94.6223421,24.7727042],[94.6220749,24.7748673],[94.6219431,24.7753823],[94.6217496,24.7757963],[94.6213337,24.7764232],[94.6207562,24.7774357],[94.6199428,24.7784602],[94.6196249,24.7787726],[94.6186073,24.7797951],[94.6186517,24.780025],[94.6187586,24.7802842],[94.6188506,24.7804715],[94.6190838,24.7806746],[94.6193942,24.7809932],[94.619471,24.7811374],[94.6195323,24.7812671],[94.6196081,24.7814973],[94.6195741,24.7817121],[94.6195082,24.7819696],[94.619381,24.782137],[94.619173,24.7824109],[94.6189977,24.7826243],[94.6188363,24.7829812],[94.6187866,24.7831958],[94.6187972,24.7836262],[94.6188407,24.7839278],[94.6188892,24.7842021],[94.6189143,24.7843444],[94.6190208,24.7846323],[94.6194046,24.7853819],[94.6195738,24.7856848],[94.620043,24.7858615],[94.620449,24.7860664],[94.6208218,24.7864143],[94.6215019,24.7873532],[94.622026,24.7881903],[94.6221333,24.7884208],[94.6226943,24.7914381],[94.6227971,24.7920415],[94.6228558,24.7923863],[94.6230725,24.7931732],[94.6232939,24.7938535],[94.6234638,24.794099],[94.6238974,24.7946339],[94.624238,24.7950532],[94.6246103,24.7954585],[94.6249835,24.7957777],[94.6252883,24.7965695],[94.6254957,24.7975359],[94.6257306,24.799012],[94.6259285,24.7995446],[94.6261768,24.7998052],[94.6264412,24.8000373],[94.626694,24.8001484],[94.6271758,24.8003601],[94.6281592,24.8009005],[94.6291244,24.8016558],[94.6292326,24.8018003],[94.6295523,24.802664],[94.6296587,24.8029662],[94.6296555,24.8032387],[94.6296071,24.804337],[94.6298912,24.8055063],[94.6299122,24.8070483],[94.6297548,24.8077351],[94.6293718,24.8082333],[94.6292511,24.8084688],[94.6291777,24.8086975],[94.6291893,24.809049],[94.6294143,24.8099476],[94.6294977,24.8101994],[94.6297811,24.8108189],[94.6299508,24.8110787],[94.6300625,24.8116033],[94.6300686,24.8117197],[94.6300753,24.8118472],[94.6300097,24.8120761],[94.6299133,24.8122544],[94.6298252,24.8123969],[94.6297683,24.8125613],[94.6297732,24.8128123],[94.6298234,24.8132144],[94.6299431,24.8137247],[94.6295705,24.8146604],[94.629396,24.8148021],[94.6292927,24.8149015],[94.6291551,24.8152444],[94.6290933,24.8158174],[94.6290558,24.8163262],[94.629096,24.8169146],[94.6291931,24.8173387],[94.6293623,24.8176487],[94.629625,24.818017],[94.6302323,24.8184891],[94.6308308,24.8190328],[94.6310317,24.8193217],[94.6311069,24.8196021],[94.6311325,24.8200971],[94.631167,24.820499],[94.6312419,24.8208153],[94.6317102,24.8217378],[94.6319342,24.8220627],[94.6321199,24.8223083],[94.6322903,24.822518],[94.6324216,24.8227057],[94.6326413,24.8233963],[94.6326818,24.8239632],[94.6327329,24.8249533],[94.6327716,24.8263305],[94.6326811,24.826681],[94.632521,24.8269232],[94.6324947,24.8271596],[94.6324913,24.8281062],[94.6325714,24.8286448],[94.6325224,24.8301287],[94.6324648,24.8303504],[94.6324612,24.8306516],[94.6324804,24.8310175],[94.6325202,24.8312129],[94.632577,24.8314917],[94.6329871,24.8326933],[94.6336222,24.8351341],[94.6336569,24.8355289],[94.6336783,24.8359355],[94.6335926,24.8365322],[94.6334557,24.8370328],[94.6331748,24.837532],[94.6328147,24.8380783],[94.6325354,24.8384341],[94.6320562,24.8390867],[94.6318554,24.8394552],[94.6321295,24.8395296],[94.6328218,24.8396918],[94.6335764,24.8401176],[94.6345517,24.8407128],[94.6354728,24.8414629],[94.6364359,24.8420776],[94.6364997,24.8421184],[94.6374224,24.842737],[94.6379681,24.8431128],[94.6383941,24.8436429],[94.6385716,24.8441346],[94.6386709,24.8446017],[94.6387571,24.8450687],[94.6389896,24.8453459],[94.6393804,24.845529],[94.6399933,24.8457621],[94.6406582,24.8460196],[94.6411006,24.8462749],[94.6415402,24.8467573],[94.6418364,24.8471904],[94.6420675,24.8475871],[94.6423121,24.8479481],[94.6425973,24.8482018],[94.642949,24.8483726],[94.6435621,24.8485818],[94.644711,24.8489037],[94.645192,24.8492192],[94.645879,24.8498354],[94.6466021,24.8507269],[94.647027,24.8513525],[94.6473586,24.8521207],[94.6476031,24.8524936],[94.6487421,24.853664],[94.6494815,24.8542807],[94.6501039,24.8548246],[94.650453,24.8552224],[94.6505936,24.8555226],[94.6506692,24.8557743],[94.650666,24.8560492],[94.650597,24.8563473],[94.6502516,24.8567623],[94.6498942,24.8570815],[94.6489528,24.8580524],[94.6484184,24.8589436],[94.6483222,24.8593251],[94.6482784,24.8597071],[94.6483658,24.8600785],[94.6485298,24.8606179],[94.6486709,24.8608703],[94.648929,24.8612074],[94.6493456,24.8614266],[94.6499584,24.8616716],[94.6509095,24.8621231],[94.6523159,24.8628419],[94.6527445,24.8631568],[94.6529519,24.8633501],[94.6530929,24.8636144],[94.6531155,24.8639253],[94.6530327,24.8642831],[94.6530259,24.8648687],[94.6530748,24.8651679],[94.6532264,24.8656475],[94.6534297,24.8661873],[94.6541981,24.8677007],[94.6544429,24.8680497],[94.6554509,24.8692427],[94.6562911,24.8702189],[94.6572896,24.8711011],[94.6581991,24.8717553],[94.6589412,24.8721568],[94.6594635,24.8723053],[94.6597001,24.872323],[94.65983,24.8723327],[94.6603284,24.8722898],[94.660775,24.8721865],[94.6611046,24.8720104],[94.6616599,24.8715735],[94.662097,24.8711594],[94.6624346,24.8708277],[94.6624946,24.8707688],[94.6627319,24.8706397],[94.6629677,24.8706419],[94.6631243,24.8706912],[94.6633576,24.8709086],[94.6636158,24.8712458],[94.6639748,24.8719185],[94.6643715,24.8727351],[94.6646143,24.8732633],[94.6650156,24.8736855],[94.6652882,24.8739032],[94.6656138,24.8740737],[94.6659011,24.8741482],[94.6663596,24.8741526],[94.6672766,24.8741614],[94.667708,24.8741419],[94.6692787,24.8743718],[94.6707422,24.8747085],[94.6722709,24.8750698],[94.6726764,24.8751214],[94.6731224,24.8750779],[94.6736603,24.8750113],[94.6738407,24.8750164],[94.6739936,24.8750896],[94.6740771,24.8752493],[94.6742167,24.8755724],[94.6743593,24.8759731],[94.6745218,24.8764299],[94.6747491,24.8771731],[94.67519,24.8787191],[94.6754287,24.8796058],[94.6755529,24.8802046],[94.6759658,24.8807583],[94.6763697,24.8809534],[94.6768232,24.8813999],[94.6780658,24.8827265],[94.6788553,24.8835826],[94.6795148,24.8843418],[94.6804365,24.8850916],[94.681592,24.8860229],[94.6827619,24.8868467],[94.6834254,24.8872594],[94.6840255,24.8874922],[94.6844045,24.8875794],[94.685856,24.8878322],[94.6868242,24.8879609],[94.6872698,24.8879532],[94.6875187,24.8879555],[94.6877803,24.8879939],[94.68795,24.8880552],[94.687987,24.8882587],[94.6879459,24.8884137],[94.6877008,24.8892242],[94.6874739,24.8895925],[94.6870727,24.8903058],[94.6868701,24.8908418],[94.6868491,24.8915348],[94.6871901,24.8926615],[94.6873429,24.8930454],[94.6878936,24.8941741],[94.6885366,24.8952439],[94.6888985,24.8956896],[94.6891659,24.8963733],[94.6894704,24.8972487],[94.689869,24.8979218],[94.6906064,24.8987654],[94.6907731,24.8990897],[94.6908226,24.8993411],[94.6908821,24.8998795],[94.6907563,24.9005716],[94.6905236,24.9014419],[94.6903592,24.9020738],[94.6903523,24.9026833],[94.6904254,24.903174],[94.6907209,24.9036907],[94.6910186,24.9040162],[94.6915906,24.904428],[94.6921766,24.9047562],[94.6926449,24.9050594],[94.6929162,24.9054086],[94.6932257,24.9058537],[94.6933329,24.906799],[94.693367,24.9072654],[94.6932977,24.9075994],[94.693241,24.9079694],[94.6931823,24.9085306],[94.6932793,24.9092247],[94.6935992,24.9110684],[94.6939797,24.9121835],[94.6944754,24.9123913],[94.6945277,24.91244],[94.6945808,24.9124895],[94.6949034,24.9127898],[94.6953892,24.91387],[94.6954871,24.9144805],[94.6956094,24.9152586],[94.6960793,24.9165897],[94.696453,24.9176415],[94.6964726,24.9178193],[94.6965774,24.9181261],[94.6968006,24.9184835],[94.6971854,24.9189015],[94.6976679,24.9192909],[94.6986757,24.9201193],[94.6998432,24.9211762],[94.7000783,24.9214349],[94.7003873,24.9218621],[94.7007922,24.9224284],[94.700951,24.9227357],[94.7011612,24.9232903],[94.7016004,24.9246462],[94.7017988,24.9252895],[94.7018487,24.9256649],[94.7018572,24.9258722],[94.7017567,24.9261475],[94.7017212,24.9264136],[94.7017286,24.9267196],[94.7018294,24.9270803],[94.701944,24.9273802],[94.7020066,24.9276438],[94.7021038,24.9283259],[94.7020341,24.9286958],[94.7019351,24.9292225],[94.7019347,24.9293762],[94.7020902,24.929533],[94.7022292,24.929614],[94.7022985,24.9296545],[94.7027179,24.9296584],[94.7032562,24.9295797],[94.703599,24.9294037],[94.7053062,24.9291208],[94.7062898,24.9290702],[94.707261,24.9289597],[94.7084028,24.9288269],[94.7096479,24.9288385],[94.710237,24.9289037],[94.7104976,24.9290495],[94.7107699,24.929315],[94.7114148,24.9302533],[94.7121611,24.9315032],[94.7123735,24.9324375],[94.7128348,24.933386],[94.7132862,24.9340475],[94.7134006,24.9343713],[94.7134231,24.9347062],[94.7134049,24.9351602],[94.713375,24.9354946],[94.713146,24.9360422],[94.7129189,24.9364226],[94.7123884,24.9369795],[94.7111335,24.9378403],[94.7099319,24.938618],[94.7095221,24.938925],[94.7091109,24.9393634],[94.7088962,24.9398036],[94.7087726,24.9403045],[94.7086628,24.9407457],[94.7084087,24.9411975],[94.7080893,24.9416248],[94.707745,24.9419324],[94.7074405,24.9422045],[94.7072659,24.9425734],[94.7072472,24.9430752],[94.7072543,24.9436131],[94.7069614,24.9446617],[94.7068464,24.9448721],[94.7067532,24.9450427],[94.7065492,24.9456982],[94.7065115,24.9459719],[94.7065064,24.9460085],[94.7065894,24.9467982],[94.7067136,24.9474089],[94.7067592,24.9480189],[94.706661,24.9485917],[94.706446,24.9490678],[94.706032,24.9497452],[94.7053809,24.950516],[94.7052751,24.9506223],[94.7047445,24.9511555],[94.7039637,24.9518056],[94.7030534,24.9523111],[94.7021312,24.9527089],[94.701879,24.9527657],[94.7018392,24.9527746],[94.7017082,24.9530157],[94.7016333,24.9538516],[94.7016127,24.9545208],[94.7017485,24.9552631],[94.7017453,24.9555499],[94.7016371,24.9558477],[94.7011863,24.9562977],[94.7008157,24.956605],[94.6993976,24.9574838],[94.698136,24.9582174],[94.697516,24.9585582],[94.697132,24.9588892],[94.6971153,24.9589058],[94.6968801,24.9591379],[94.6966525,24.9595541],[94.6964225,24.9601854],[94.6964067,24.9604243],[94.6964955,24.9606881],[94.6968011,24.9614918],[94.6971417,24.9626782],[94.6970347,24.9628685],[94.6967444,24.9630331],[94.6967174,24.963048],[94.6964673,24.9631859],[94.6962951,24.9633396],[94.6961493,24.9634817],[94.6960689,24.9636363],[94.6960671,24.9637917],[94.6961442,24.9639358],[94.6962864,24.9641165],[94.6966624,24.9644905],[94.6970251,24.9648764],[94.6973099,24.9652018],[94.6974756,24.9656217],[94.6975366,24.9660286],[94.6974921,24.9664824],[94.6973569,24.9668517],[94.6968606,24.9678391],[94.6966999,24.9681364],[94.6965912,24.96847],[94.6966683,24.9686142],[94.6970851,24.9688571],[94.6978773,24.9695339],[94.6991702,24.9711596],[94.699479,24.9716884],[94.6996428,24.9722756],[94.6997038,24.9726825],[94.6998438,24.9730544],[94.7006584,24.974078],[94.7010472,24.974488],[94.7012268,24.9748363],[94.7013266,24.9752914],[94.7013752,24.9756385],[94.701423,24.9772167],[94.7014009,24.9780173],[94.7014216,24.9785075],[94.701497,24.9787951],[94.7016638,24.9791194],[94.7020264,24.9795291],[94.7023507,24.9798429],[94.7025302,24.9802032],[94.7026287,24.9807778],[94.7025822,24.9814109],[94.7025504,24.9819126],[94.7025993,24.9822238],[94.7026491,24.9824633],[94.7029089,24.9826809],[94.7033907,24.9829842],[94.7039508,24.9833241],[94.7044567,24.9838189],[94.7049734,24.9845169],[94.7051912,24.9849731],[94.7053813,24.9855606],[94.7055867,24.9859569],[94.705897,24.9863543],[94.7065724,24.9869343],[94.7069371,24.9871648],[94.7073791,24.9875035],[94.7077814,24.9878898],[94.7080662,24.9882151],[94.7083239,24.9886239],[94.7085566,24.9889249],[94.7089593,24.9892753],[94.7095451,24.9896632],[94.7098837,24.9898695],[94.7111426,24.9905912],[94.7125603,24.9914075],[94.7137024,24.9924891],[94.7138274,24.9925667],[94.7139734,24.9926446],[94.7144547,24.9927638],[94.7148949,24.9928061],[94.715649,24.9929278],[94.7160048,24.9930076],[94.716485,24.9932224],[94.7173188,24.9937273],[94.7178148,24.9940997],[94.7180435,24.9942847],[94.7184325,24.9944895],[94.7189018,24.994695],[94.7192915,24.9948449],[94.7197616,24.9949772],[94.7202402,24.9952468],[94.7206472,24.9956438],[94.7212509,24.9963992],[94.7219148,24.9971551],[94.7224026,24.9975071],[94.7232687,24.9981277],[94.7239362,24.9985545],[94.7246438,24.9989908],[94.7251441,24.9991234],[94.7256053,24.999155],[94.7260068,24.9991404],[94.7261467,24.9991966],[94.7263661,24.9993175],[94.7266342,24.999576],[94.7269008,24.9999625],[94.7269469,25.0003287],[94.7268373,25.0011689],[94.7267524,25.0015888],[94.7265577,25.0019619],[94.7265447,25.002227],[94.7265829,25.0024011],[94.7267603,25.0026953],[94.7273453,25.0033317],[94.7279693,25.0040781],[94.7282763,25.0044467],[94.7287016,25.0050084],[94.7289289,25.0053213],[94.7291058,25.0056613],[94.7291014,25.0060636],[94.7288578,25.0072227],[94.7287636,25.0075785],[94.7285781,25.0080157],[94.7283436,25.0083519],[94.7280083,25.0087329],[94.727794,25.009051],[94.7276395,25.0094154],[94.7276262,25.0097079],[94.7277215,25.010166],[94.7279477,25.0105887],[94.7283021,25.0112138],[94.7287071,25.0117936],[94.7290445,25.012135],[94.7294318,25.0125134],[94.7299883,25.0130032],[94.7313417,25.0140397],[94.7318394,25.01441],[94.732198,25.0146602],[94.7325165,25.0149009],[94.7327151,25.0150856],[94.7328229,25.0153243],[94.7329393,25.0156911],[94.7330623,25.016369],[94.7334407,25.017552],[94.7335087,25.017763],[94.7336469,25.0179654],[94.7337862,25.0180764],[94.7339745,25.0182976],[94.7341717,25.0186194],[94.7343388,25.018941],[94.7345032,25.0195003],[94.7347794,25.0199418],[94.7353158,25.0204496],[94.736639,25.0215041],[94.7378305,25.0226763],[94.7383465,25.0232113],[94.7385836,25.023561],[94.7385789,25.0239907],[94.7384014,25.0246201],[94.7381018,25.0254038],[94.7378037,25.0260412],[94.737586,25.0266793],[94.7375006,25.0271449],[94.7376456,25.0276492],[94.7380795,25.0283573],[94.7392137,25.0301873],[94.7398966,25.0310714],[94.7403311,25.0317246],[94.7407751,25.0324236],[94.7409643,25.0327726],[94.7411049,25.0331086],[94.7411799,25.0334559],[94.741137,25.0337782],[94.741145,25.0342444],[94.7412066,25.0346155],[94.7413351,25.0348557],[94.7414518,25.0349883],[94.741726,25.0351103],[94.7421625,25.0351939],[94.7423151,25.0352232],[94.7426277,25.0354292],[94.7430174,25.0357913],[94.7431763,25.0359496],[94.7433808,25.0361532],[94.7440539,25.036996],[94.7441558,25.0372718],[94.7441473,25.0373],[94.7440877,25.0374983],[94.7436778,25.0377934],[94.742913,25.038314],[94.742898,25.0383242],[94.7424489,25.0385951],[94.7421182,25.0388431],[94.7421018,25.0391418],[94.7421626,25.0395846],[94.7423926,25.0401484],[94.7425593,25.0405085],[94.7428158,25.0410487],[94.7427589,25.0414546],[94.7427468,25.0414794],[94.7425844,25.0418116],[94.7422509,25.0423226],[94.7420936,25.0427648],[94.7432383,25.0435853],[94.7430661,25.0439746],[94.7426036,25.0445155],[94.7425063,25.0447728],[94.742551,25.0450027],[94.742894,25.0453213],[94.7434563,25.045728],[94.7436906,25.0459023],[94.7441113,25.0463077],[94.7442009,25.0467531],[94.7442274,25.0472124],[94.7442218,25.0477287],[94.7440133,25.0480854],[94.7434541,25.0488262],[94.7430552,25.0493103],[94.7426396,25.0498802],[94.7422382,25.0505938],[94.7419772,25.0514233],[94.741985,25.0521549],[94.7421182,25.0529307],[94.7424733,25.0535794],[94.743189,25.0543747],[94.7434534,25.0546783],[94.7435433,25.0550951],[94.7435392,25.055468],[94.7440798,25.0564339],[94.7442468,25.0570091],[94.7446864,25.0600252],[94.7445545,25.0605691],[94.7442485,25.0611974],[94.743719,25.0620963],[94.7433662,25.0626812],[94.7425402,25.0633335],[94.7419375,25.0637297],[94.7412889,25.0640654],[94.7412565,25.0640821],[94.740245,25.0644172],[94.7397077,25.0644884],[94.7395354,25.0645112],[94.7389984,25.0646497],[94.7384925,25.0648316],[94.7380635,25.0651863],[94.7378561,25.0654283],[94.737883,25.0658445],[94.7384435,25.0664377],[94.7391926,25.0673142],[94.7398975,25.0684716],[94.7405145,25.069833],[94.7414204,25.0712263],[94.7418421,25.0718349],[94.7422511,25.0729358],[94.7428021,25.0741377],[94.743365,25.0754918],[94.7434899,25.0760787],[94.7436636,25.0770006],[94.7438528,25.0777075],[94.7440716,25.078104],[94.7444336,25.0786093],[94.7446375,25.0791609],[94.7448901,25.0806418],[94.7445108,25.081156],[94.744218,25.0815358],[94.7440696,25.081905],[94.7440269,25.0822035],[94.7442172,25.0828148],[94.7444744,25.0832952],[94.7442864,25.083688],[94.7438221,25.084138],[94.7427446,25.0846985],[94.7420655,25.0863454],[94.7415447,25.0871654],[94.7408949,25.0882568],[94.7409516,25.0888311],[94.7408401,25.089423],[94.7404904,25.090682],[94.7402296,25.0914829],[94.7398647,25.0920649],[94.7396573,25.092314],[94.739631,25.0925504],[94.740038,25.093508],[94.7403991,25.0950604],[94.7404199,25.0953187],[94.7402511,25.0956256],[94.7399003,25.0960169],[94.7395967,25.0964158],[94.7394675,25.0967086],[94.7394001,25.0971096],[94.7394718,25.0977558],[94.7398173,25.0992937],[94.7401465,25.1001573],[94.7402683,25.1005457],[94.7404308,25.1015369],[94.7407583,25.1032754],[94.7408019,25.1036129],[94.7407917,25.103828],[94.7405608,25.1040554],[94.7402665,25.1043181],[94.7400429,25.1045957],[94.7398904,25.1048525],[94.7397291,25.1052025],[94.739699,25.1057903],[94.7398256,25.1063377],[94.7398019,25.1065861],[94.7397266,25.1067724],[94.739694,25.1068529],[94.7388697,25.1073236],[94.7384897,25.1074923],[94.7384274,25.1075415],[94.7379389,25.1079271],[94.7376841,25.1081735],[94.7373855,25.1085915],[94.7369019,25.109264],[94.7365561,25.1095211],[94.7363641,25.1097871],[94.736257,25.1099774],[94.7361902,25.110321],[94.7363133,25.1105899],[94.7364975,25.1110314],[94.7364925,25.1114904],[94.7363835,25.1118528],[94.7363161,25.1122538],[94.7364165,25.1126755],[94.7367671,25.1132715],[94.7378037,25.1145241],[94.7384256,25.1152756],[94.7388825,25.1157579],[94.739295,25.1164501],[94.7396042,25.1169884],[94.7398271,25.1177363],[94.7400061,25.1186559],[94.740186,25.1194991],[94.7405784,25.1201146],[94.7407225,25.1203837],[94.7407606,25.1207474],[94.7406509,25.1211672],[94.7404567,25.1216435],[94.7402412,25.1221388],[94.7401937,25.1226357],[94.7401873,25.1232285],[94.7404442,25.1238779],[94.740453,25.1239003],[94.7406759,25.1246482],[94.7406818,25.1250982],[94.7406873,25.125528],[94.7405103,25.1263488],[94.7403356,25.1269593],[94.7398903,25.1273377],[94.7395595,25.1275441],[94.7394672,25.1276016],[94.7393313,25.1276537],[94.7386866,25.1279006],[94.7382422,25.1282026],[94.7380932,25.1283733],[94.7380697,25.1286026],[94.7386054,25.1295637],[94.7383003,25.1305746],[94.7376852,25.1313529],[94.7373996,25.1316474],[94.7372327,25.1319829],[94.7371905,25.1324053],[94.737184,25.1329936],[94.7371842,25.133553],[94.7370062,25.1342207],[94.7368455,25.1345061],[94.7366061,25.1347789],[94.7364344,25.134873],[94.7364037,25.134882],[94.7362368,25.1349309],[94.7359354,25.1348804],[94.7355302,25.1347094],[94.7350198,25.1345493],[94.7338676,25.134252],[94.7333294,25.1342351],[94.7328424,25.1343383],[94.7318439,25.1343889],[94.7310296,25.1344054],[94.73036,25.1343993],[94.7296114,25.1344044],[94.7288708,25.1344804],[94.7288621,25.1344813],[94.7278883,25.1346756],[94.7254763,25.1354902],[94.7232711,25.1366056],[94.7225576,25.1370054],[94.7219889,25.1373708],[94.7217992,25.1374782],[94.7216981,25.1375355],[94.7212365,25.1377225],[94.720842,25.1377667],[94.7204748,25.1377274],[94.7197776,25.1378405],[94.7194342,25.1380167],[94.7192362,25.1382305],[94.7191817,25.1382893],[94.7189438,25.1384305],[94.7186147,25.1384992],[94.7181557,25.1384472],[94.7175924,25.1383225],[94.7171351,25.138115],[94.7166773,25.1379554],[94.7162449,25.1378678],[94.7158642,25.1378642],[94.7154692,25.1379562],[94.7151395,25.1380847],[94.7145445,25.1384497],[94.7134979,25.1392768],[94.7129673,25.13975],[94.7125964,25.1400454],[94.712196,25.1403291],[94.7120801,25.1404112],[94.7118289,25.1405643],[94.7109191,25.1409025],[94.7107912,25.1409288],[94.7104189,25.1410054],[94.7101818,25.1410749],[94.7098772,25.1412992],[94.7094341,25.1421677],[94.7092593,25.1425367],[94.7081417,25.1438292],[94.7077702,25.1441724],[94.7074928,25.1443133],[94.7071766,25.144406],[94.7036736,25.1452818],[94.7030421,25.1453835],[94.7029104,25.1454182],[94.702588,25.1460606],[94.7020732,25.1474663],[94.7012229,25.1495024],[94.7007757,25.1507295],[94.7006281,25.151003],[94.7003476,25.1514188],[94.6997897,25.1519873],[94.6992229,25.1523969],[94.6984233,25.1531938],[94.6980635,25.1536566],[94.6974119,25.1543677],[94.6969075,25.1548411],[94.6967093,25.1549469],[94.6965249,25.1549929],[94.6963802,25.1550155],[94.6958804,25.1550825],[94.6948258,25.1554313],[94.6940989,25.1558308],[94.6939669,25.1558894],[94.6937166,25.1559587],[94.6935195,25.1559689],[94.6932442,25.1559185],[94.6929436,25.1557961],[94.6927336,25.1557822],[94.6925235,25.1557802],[94.6923001,25.15579],[94.6917993,25.1559407],[94.6914419,25.1561884],[94.6909908,25.1565906],[94.6907491,25.1570545],[94.6903489,25.1576006],[94.6900441,25.1578368],[94.6898593,25.1579187],[94.6895836,25.1579161],[94.6892302,25.1578052],[94.6886565,25.1574412],[94.6882927,25.1570911],[94.687969,25.1566817],[94.6876975,25.1563085],[94.6874676,25.1557326],[94.687319,25.1549423],[94.6872855,25.154428],[94.6871453,25.1540561],[94.6867693,25.1536222],[94.6856668,25.1524164],[94.6845486,25.1514257],[94.6827352,25.1503686],[94.6818327,25.1500493],[94.6808658,25.1496217],[94.6805525,25.1494514],[94.6801868,25.1492806],[94.6799501,25.1493023],[94.6796837,25.1496344],[94.679257,25.1501922],[94.6785295,25.1506515],[94.6781201,25.1508508],[94.6777763,25.1510507],[94.6775628,25.1513475],[94.677465,25.1518606],[94.6774589,25.1523865],[94.6775522,25.1534154],[94.6775039,25.1541919],[94.6773419,25.1545729],[94.6768259,25.1549027],[94.6754489,25.1558697],[94.6747488,25.1562217],[94.6737726,25.1565949],[94.6729423,25.1568499],[94.6724029,25.1569285],[94.6715878,25.1570044],[94.6705218,25.1571854],[94.6693763,25.1574375],[94.6690331,25.1575896],[94.6683962,25.1581453],[94.6680507,25.1585006],[94.6676366,25.1590943],[94.66729,25.1595452],[94.6668393,25.1598995],[94.6664803,25.1602786],[94.6663193,25.1605759],[94.6662623,25.1609578],[94.66614,25.1613153],[94.666006,25.1615411],[94.6649048,25.1624988],[94.6646001,25.162723],[94.6641128,25.1628378],[94.6633496,25.162962],[94.6623495,25.1631197],[94.6617175,25.1632571],[94.6610322,25.1634537],[94.6586848,25.1642679],[94.6567727,25.1649188],[94.655823,25.1652683],[94.6554798,25.1654084],[94.6549801,25.1654633],[94.6543095,25.1655286],[94.6540075,25.1655137],[94.6536128,25.1655696],[94.6532834,25.1656621],[94.6530307,25.1659346],[94.6527908,25.1662311],[94.6525257,25.1664317],[94.6522618,25.1665367],[94.6517877,25.1666397],[94.6506158,25.1668914],[94.6498108,25.1672182],[94.6495064,25.1674065],[94.6489562,25.1679558],[94.6486114,25.1682394],[94.6482956,25.1682841],[94.6471667,25.1680268],[94.6460691,25.1677365],[94.6452063,25.1673934],[94.6421318,25.1664803],[94.6407959,25.1661158],[94.6407952,25.1661158],[94.6401353,25.1661509],[94.6393929,25.1665751],[94.6390629,25.1670206],[94.6386686,25.1675528],[94.6386655,25.1675559],[94.6375875,25.1684324],[94.6370425,25.1688655],[94.636923,25.1691038],[94.6367918,25.1696407],[94.6365996,25.1701157],[94.6360595,25.1706765],[94.6348494,25.1718991],[94.6335392,25.1726969],[94.6327398,25.1732128],[94.6310454,25.17441],[94.6295919,25.175051],[94.628833,25.1754057],[94.6285514,25.1756918],[94.6275921,25.1772143],[94.6270371,25.1785959],[94.6264299,25.1798407],[94.6251034,25.1808978],[94.6244623,25.1812953],[94.6242741,25.1813058],[94.6238084,25.1813741],[94.6236346,25.1814223],[94.6228808,25.182512],[94.6227041,25.182784],[94.6225428,25.1831515],[94.6224358,25.1834106],[94.6224255,25.1840502],[94.6222646,25.1844283],[94.6219849,25.1850659],[94.6215375,25.1856023],[94.6209613,25.1861429],[94.620402,25.1865125],[94.6200448,25.1866625],[94.6197642,25.1866715],[94.6195143,25.1866729],[94.6193662,25.1866737],[94.6193097,25.1866509],[94.6189498,25.1865059],[94.6174767,25.1856584],[94.6156278,25.1847803],[94.6147638,25.1845417],[94.6135681,25.1836],[94.6122643,25.1825871],[94.6112936,25.182011],[94.6108426,25.1818551],[94.6103582,25.1817428],[94.6090649,25.1816032],[94.6085897,25.181469],[94.6080824,25.1813258],[94.6077721,25.1811759],[94.6071963,25.1811198],[94.6068153,25.181114],[94.6062942,25.1811062],[94.6058331,25.1812914],[94.6055703,25.1814597],[94.6050169,25.1822871],[94.6047477,25.1828924],[94.6046579,25.1830965],[94.6045432,25.183357],[94.60447,25.1844887],[94.6043148,25.1850157],[94.604155,25.1854257],[94.6039058,25.1859451],[94.6035848,25.1864242],[94.6030919,25.1866957],[94.6029855,25.1867318],[94.6023638,25.1869428],[94.6017506,25.1871329],[94.6009014,25.1872773],[94.6002761,25.1874571],[94.5997038,25.1877951],[94.5988969,25.1884282],[94.5984573,25.1888685],[94.5976345,25.1896939],[94.597087,25.1903719],[94.5963813,25.1908953],[94.594891,25.1917207],[94.5942671,25.191795],[94.5939119,25.1918373],[94.5934035,25.1920134],[94.5923691,25.1925152],[94.5919362,25.1928274],[94.5917464,25.1930678],[94.591356,25.1956905],[94.5913037,25.1964593],[94.5913602,25.1976188],[94.5913326,25.1984187],[94.5912372,25.1986775],[94.5903892,25.199461],[94.589731,25.2000041],[94.5894489,25.2002795],[94.589192,25.2009056],[94.5890925,25.201196],[94.5889079,25.201735],[94.5888634,25.2020987],[94.588857,25.2022374],[94.5889015,25.202481],[94.5889787,25.2026597],[94.588984,25.202798],[94.5889894,25.2029363],[94.5888677,25.2031213],[94.5886118,25.2034704],[94.5877328,25.2043615],[94.5869509,25.2050364],[94.5860355,25.2058966],[94.5858667,25.2060656],[94.5856106,25.206322],[94.5855958,25.2063368],[94.585207,25.2068819],[94.5849681,25.207369],[94.5847594,25.2077272],[94.583529,25.2089719],[94.5835196,25.2089814],[94.5834985,25.2089947],[94.5832338,25.209161],[94.5824948,25.2097385],[94.5823588,25.2098713],[94.5820321,25.2101901],[94.5819308,25.2102937],[94.5817955,25.2104321],[94.5818025,25.210613],[94.5818073,25.2107383],[94.5818136,25.2109003],[94.5817504,25.2110834],[94.581344,25.2114799],[94.580649,25.2119815],[94.5803824,25.2120539],[94.5800775,25.2120423],[94.5790556,25.2122667],[94.5778184,25.212679],[94.5775268,25.2127097],[94.5769994,25.2130035],[94.5760059,25.2136637],[94.5756446,25.214118],[94.5756401,25.2141238],[94.575882,25.2145836],[94.5762293,25.2149031],[94.5769016,25.2153291],[94.5775906,25.2155842],[94.5781962,25.2157993],[94.5785288,25.2162255],[94.5796187,25.2180658],[94.5797855,25.218444],[94.5798399,25.218943],[94.5799191,25.2191749],[94.5801177,25.2194669],[94.5805827,25.2199847],[94.5807717,25.2203303],[94.5810012,25.2208131],[94.5812702,25.2214117],[94.5811838,25.2215637],[94.5814949,25.2220758],[94.5819275,25.2223603],[94.5823687,25.2228682],[94.5826751,25.223828],[94.5826842,25.2240621],[94.5826919,25.2242643],[94.5825223,25.2244465],[94.5823026,25.225406],[94.5825267,25.2263577],[94.5825596,25.227209],[94.5826497,25.2274192],[94.5836789,25.2282919],[94.5842685,25.2286993],[94.5849472,25.2289866],[94.5852467,25.2291581],[94.5854302,25.229331],[94.5854655,25.2293642],[94.5855168,25.2294798],[94.5854628,25.2295987],[94.5853152,25.2297206],[94.5852108,25.2303525],[94.5853789,25.2307626],[94.5853818,25.2314444],[94.5851622,25.2318243],[94.584881,25.2324299],[94.5849344,25.2325987],[94.5852695,25.2330887],[94.5855817,25.2335901],[94.5856427,25.2348667],[94.5856337,25.2352398],[94.5856097,25.2355283],[94.5854973,25.2358147],[94.5852918,25.2366997],[94.5850674,25.2384754],[94.585128,25.239134],[94.5852105,25.239451],[94.5855703,25.2399722],[94.5859946,25.2403422],[94.5860868,25.2406056],[94.585969,25.2411954],[94.5858544,25.2418702],[94.5860254,25.2423549],[94.5863633,25.2432177],[94.5865378,25.2434891],[94.5868514,25.2437242],[94.5871973,25.2438836],[94.5873418,25.2439855],[94.5874252,25.2455383],[94.5873289,25.2457758],[94.586941,25.2460439],[94.5864301,25.246465],[94.5862561,25.2466206],[94.5861583,25.2467081],[94.5857314,25.2483944],[94.5857478,25.24882],[94.5859078,25.2490174],[94.5861988,25.2492744],[94.5870047,25.249515],[94.5872381,25.2497952],[94.5872361,25.2503493],[94.58725,25.2507086],[94.5873784,25.2510495],[94.5877305,25.2515307],[94.5882962,25.2521227],[94.5885315,25.2524073],[94.5889202,25.253051],[94.5892575,25.253935],[94.5893909,25.2545893],[94.5894336,25.2564301],[94.5894486,25.2569843],[94.5894254,25.2571209],[94.5893782,25.2573992],[94.5891798,25.2576404],[94.5889585,25.2579094],[94.5887599,25.258135],[94.5882703,25.2590205],[94.5881009,25.2595333],[94.5880092,25.2599083],[94.5878962,25.2602535],[94.5872909,25.2617018],[94.5869578,25.2622426],[94.5866141,25.2627635],[94.5858288,25.2638043],[94.5849414,25.2649624],[94.5847883,25.2652482],[94.5846849,25.2656924],[94.5846463,25.2661769],[94.5847941,25.2665444],[94.5850089,25.2667742],[94.5855913,25.2671957],[94.5861068,25.2677451],[94.5865448,25.2684125],[94.5872802,25.2696666],[94.5879995,25.271346],[94.588126,25.2716837],[94.5881658,25.271981],[94.5880952,25.2724156],[94.5880803,25.272742],[94.5883351,25.2732591],[94.5895727,25.2752801],[94.5900838,25.2763008],[94.5903292,25.2768771],[94.5905765,25.2772956],[94.5907472,25.2775268],[94.5909807,25.2777874],[94.5911686,25.277904],[94.5914201,25.2779783],[94.5916562,25.2780237],[94.591916,25.2787149],[94.591926,25.2791884],[94.592014,25.2797344],[94.5921347,25.2801803],[94.5923955,25.2807855],[94.5926842,25.2816921],[94.5930635,25.2829296],[94.5932969,25.2844956],[94.5932893,25.2851123],[94.5932991,25.2856002],[94.5933431,25.2858732],[94.5936231,25.2862059],[94.5944489,25.2870606],[94.5957107,25.2883931],[94.5963777,25.2893322],[94.5969329,25.290385],[94.5971636,25.2908751],[94.5973941,25.2913795],[94.5976578,25.2917551],[94.598142,25.2921616],[94.5985617,25.2926823],[94.5988082,25.2931725],[94.599404,25.2947851],[94.5996577,25.2959783],[94.600038,25.2971441],[94.6006198,25.2986131],[94.6007576,25.2989588],[94.6012512,25.2998962],[94.601841,25.3007054],[94.6021818,25.3012253],[94.6026461,25.3019759],[94.6030171,25.3026108],[94.6032174,25.3030145],[94.6033079,25.3033597],[94.603363,25.3040201],[94.6032596,25.3047363],[94.603254,25.3051953],[94.603408,25.3055124],[94.6039245,25.3058619],[94.6051053,25.3060889],[94.6057349,25.3062243],[94.6060174,25.3063562],[94.6060465,25.3065574],[94.6059182,25.3067282],[94.6053463,25.3070381],[94.6048856,25.3072917],[94.6045648,25.3077188],[94.6042908,25.3081895],[94.6041252,25.3088333],[94.6041177,25.3094501],[94.604253,25.3100109],[94.6045777,25.3105593],[94.6052311,25.3113405],[94.6057289,25.3119336],[94.6059143,25.3122654],[94.6058905,25.312925],[94.6059408,25.3139871],[94.6062179,25.3145637],[94.6066349,25.3153138],[94.6076937,25.3165007],[94.6083945,25.3172823],[94.6094379,25.3184403],[94.610682,25.3199733],[94.6115087,25.3207849],[94.6118668,25.3211902],[94.6121589,25.3218386],[94.6121653,25.3226133],[94.6121149,25.322871],[94.6120153,25.3232717],[94.6119482,25.323601],[94.6119292,25.3238733],[94.612084,25.3241187],[94.6121696,25.3241489],[94.6125347,25.3242775],[94.6129642,25.3244287],[94.6133733,25.3245332],[94.6137037,25.3245867],[94.6139404,25.324625],[94.6144912,25.3247595],[94.6146162,25.3248612],[94.6146608,25.3250912],[94.6146742,25.3252921],[94.6148263,25.325767],[94.615135,25.3263439],[94.6157246,25.3271961],[94.6168124,25.3286128],[94.6176543,25.3294818],[94.6180121,25.3299157],[94.618274,25.3304491],[94.6186869,25.3315578],[94.6188071,25.3320611],[94.6189111,25.3326072],[94.6189035,25.3332383],[94.6189891,25.3339995],[94.6190915,25.3346747],[94.6193362,25.3353227],[94.6197847,25.3361018],[94.6202792,25.3369817],[94.6205064,25.3377873],[94.6204969,25.3385762],[94.6207124,25.3390374],[94.6209373,25.3392824],[94.6225599,25.3416235],[94.6236099,25.3435848],[94.6236811,25.344231],[94.6235483,25.3447749],[94.6232586,25.345231],[94.6232083,25.3452702],[94.6228762,25.3455285],[94.6224619,25.3458544],[94.6224439,25.3460407],[94.624249,25.3469049],[94.6249255,25.347098],[94.6253182,25.3472597],[94.6256771,25.3476075],[94.6259419,25.3479114],[94.6263955,25.3482602],[94.6266615,25.3484636],[94.6274022,25.3485713],[94.6278601,25.3485615],[94.6284582,25.3487108],[94.6290397,25.3489317],[94.6295874,25.3493388],[94.6299769,25.349773],[94.6301607,25.3502482],[94.6301247,25.3506208],[94.630024,25.3511219],[94.63002,25.3514518],[94.6303167,25.3517273],[94.6308196,25.3519187],[94.6311957,25.3521519],[94.631239,25.3524967],[94.6311411,25.3527683],[94.631011,25.3530826],[94.6310378,25.3534845],[94.6312481,25.3543903],[94.6314349,25.3546073],[94.631623,25.354724],[94.6320796,25.3548289],[94.6326299,25.3550207],[94.6328643,25.3552239],[94.6336885,25.3562792],[94.6339835,25.3566981],[94.6343852,25.3574336],[94.6345531,25.357923],[94.6346262,25.3584115],[94.6345118,25.3587403],[94.6342176,25.3591273],[94.6340788,25.3593099],[94.6334106,25.3597337],[94.6328221,25.3601009],[94.6326142,25.3602626],[94.6325671,25.3602992],[94.6324867,25.3604275],[94.6324047,25.3606849],[94.6325264,25.3610735],[94.632755,25.3617643],[94.6329704,25.3622398],[94.6333039,25.363405],[94.6336645,25.3649435],[94.6337217,25.3667803],[94.6336958,25.3676264],[94.6336585,25.3681138],[94.6334119,25.3689291],[94.6331675,25.3695722],[94.6330357,25.37003],[94.6329831,25.3704742],[94.632944,25.371105],[94.6330961,25.3715942],[94.6333928,25.3718697],[94.6335644,25.3720435],[94.6336403,25.3723025],[94.6336057,25.3725604],[94.6335994,25.3725688],[94.6333007,25.3729734],[94.6331693,25.3734025],[94.632855,25.3759385],[94.6326967,25.3772998],[94.6325509,25.3789338],[94.6325875,25.3798379],[94.6325814,25.3803543],[94.6325284,25.3808271],[94.6323033,25.3811692],[94.6320163,25.3813959],[94.6319504,25.3816248],[94.6319621,25.3819692],[94.632128,25.3826307],[94.6325709,25.3838975],[94.6326883,25.3846446],[94.6326944,25.3854624],[94.6326706,25.3861364],[94.6324384,25.3870665],[94.6323056,25.3876104],[94.6322499,25.3883127],[94.6322731,25.3890159],[94.6324546,25.3896919],[94.6325909,25.390181],[94.6328561,25.3904562],[94.6333723,25.3908773],[94.633668,25.3912388],[94.6338167,25.3920149],[94.6340851,25.3933517],[94.6346025,25.3950065],[94.6347262,25.3952229],[94.6353518,25.3957454],[94.636531,25.3961873],[94.6369064,25.3964923],[94.6372184,25.3968253],[94.6376108,25.3970299],[94.6383504,25.3972523],[94.6390425,25.3974886],[94.6400001,25.3979857],[94.6409391,25.3987122],[94.6412178,25.3991883],[94.6416048,25.3998519],[94.6419787,25.400286],[94.6425732,25.4007651],[94.6431548,25.4010003],[94.6438298,25.4013512],[94.6451163,25.402081],[94.645947,25.4026198],[94.646554,25.4033861],[94.647254,25.4042966],[94.6477333,25.4051763],[94.648278,25.4058702],[94.6483133,25.4059004],[94.6486689,25.406204],[94.6489665,25.406422],[94.649203,25.406453],[94.6496155,25.4062992],[94.6509128,25.4061109],[94.6517657,25.4061192],[94.6524476,25.4058819],[94.6528717,25.4055588],[94.6528938,25.4055419],[94.6538842,25.4051109],[94.6543505,25.4052404],[94.6547604,25.4053017],[94.6550608,25.4052759],[94.6554894,25.4050936],[94.6564865,25.4049167],[94.6568309,25.4051782],[94.6573805,25.4054561],[94.6579778,25.4057057],[94.6583869,25.4058387],[94.6586542,25.4058413],[94.658908,25.4058438],[94.6598808,25.4063982],[94.6606126,25.407309],[94.6611128,25.4077586],[94.66225,25.409118],[94.6629341,25.410057],[94.6631008,25.4106611],[94.6630526,25.4110564],[94.6630484,25.411091],[94.6630049,25.411168],[94.6628549,25.4114334],[94.6634086,25.4119325],[94.6641596,25.4119767],[94.6644115,25.4120508],[94.6648814,25.4123853],[94.6660693,25.4136355],[94.6670982,25.4146444],[94.6678432,25.4157848],[94.6683079,25.4165783],[94.668531,25.4168167],[94.6691648,25.417494],[94.6697087,25.418252],[94.6700376,25.4188288],[94.6701716,25.4191885],[94.6701664,25.4196366],[94.6701214,25.4201202],[94.6699375,25.4206561],[94.6698345,25.4210316],[94.6697869,25.4212495],[94.669772,25.4213178],[94.6698094,25.4214974],[94.6702963,25.4220577],[94.6712152,25.4228193],[94.6719197,25.4233459],[94.6725241,25.4239969],[94.6728921,25.4246099],[94.6730446,25.4250774],[94.6730542,25.4259558],[94.6729759,25.4276041],[94.6728439,25.4287859],[94.6728145,25.4289904],[94.6725863,25.430576],[94.6724262,25.4312351],[94.6723169,25.4316848],[94.6722498,25.4323653],[94.6722035,25.4329564],[94.6721944,25.433745],[94.6720679,25.4344429],[94.6719575,25.4348269],[94.6718211,25.4353009],[94.6713585,25.4360494],[94.6711378,25.436352],[94.6709357,25.4367623],[94.6708707,25.4372636],[94.670818,25.4384596],[94.6710016,25.4395951],[94.6711725,25.4401883],[94.6712431,25.440906],[94.6712585,25.4412825],[94.671153,25.4418731],[94.671147,25.4423928],[94.6711811,25.4428592],[94.6713768,25.4430045],[94.6719669,25.4431893],[94.672791,25.4436274],[94.6735933,25.4442445],[94.6752358,25.4456224],[94.6762388,25.4471171],[94.6763128,25.4473206],[94.676645,25.4482339],[94.6768902,25.4487785],[94.6786249,25.4517886],[94.6792253,25.4527124],[94.6798483,25.4535025],[94.6802783,25.4540123],[94.6775365,25.4537],[94.6757993,25.4531045],[94.6648726,25.4493588],[94.6610819,25.4494083],[94.6538645,25.451078],[94.6515873,25.4526355],[94.6433708,25.4556808],[94.6281331,25.4597603],[94.6205328,25.4632087],[94.6053976,25.4745963],[94.6027134,25.4766158],[94.5925885,25.4804629],[94.5901299,25.4823604],[94.5860744,25.4839781],[94.5824694,25.4866821],[94.5802593,25.4911096],[94.5698889,25.499512],[94.5634902,25.5008825],[94.5527404,25.5070939],[94.5543282,25.5186719],[94.5566132,25.5250168],[94.5536361,25.5292151],[94.5588285,25.5340051],[94.5552313,25.540052],[94.5582611,25.5438519],[94.5567606,25.5548597],[94.5600477,25.5622898],[94.5558059,25.5623465],[94.55695,25.5727122],[94.5511392,25.5801975],[94.5550002,25.5884942],[94.5605866,25.5969757],[94.5623543,25.5984701],[94.5640725,25.6021619],[94.56825,25.6056777],[94.572373,25.6147313],[94.5739589,25.620605],[94.5792297,25.6288472],[94.5859535,25.6346209],[94.5900112,25.6369865],[94.5906397,25.6381948],[94.5824127,25.6409496],[94.571565,25.6390933],[94.5727205,25.6427222]]]}}]}
