{"type":"FeatureCollection","features":[{"type":"Feature","id":"in-tripura-d-269","properties":{"id":"in-tripura-d-269","name":"Dhalai","region":"in-tripura","level":"district","parent":"","source":"LGD via Bharatlas · 2024 snapshot","state_lgd":16,"district_lgd":269,"center":[91.92276099176057,23.83666956943559],"bbox":[91.7450285,23.4000448,92.1735677,24.2469748]},"geometry":{"type":"Polygon","coordinates":[[[91.7882991,24.2219253],[91.7865781,24.2230741],[91.7845457,24.2242461],[91.7828397,24.2252216],[91.7817753,24.22583],[91.7812653,24.2261218],[91.7808605,24.2263539],[91.7806638,24.2264667],[91.7794895,24.2271417],[91.7781531,24.2279119],[91.7775267,24.2282728],[91.7763695,24.228944],[91.7729382,24.2309257],[91.7712024,24.2319256],[91.7682822,24.2336048],[91.763879,24.2361279],[91.7608161,24.237884],[91.7578798,24.2395757],[91.7571406,24.2400029],[91.75526,24.24109],[91.7511073,24.2434801],[91.7479682,24.2452861],[91.7450285,24.2469748],[91.7454315,24.244199],[91.7457493,24.2419048],[91.7459832,24.2402401],[91.7464142,24.2371754],[91.7466294,24.2356647],[91.7471524,24.2319453],[91.7479024,24.2266753],[91.7480211,24.2257374],[91.7483185,24.223627],[91.7486446,24.2213498],[91.7491182,24.2179997],[91.7497445,24.2135582],[91.750102,24.2110485],[91.7504315,24.2088167],[91.7509654,24.2049455],[91.7515378,24.2008838],[91.7518832,24.1984361],[91.7523131,24.1953983],[91.7527241,24.1924692],[91.7529063,24.1911709],[91.7533941,24.1877883],[91.75382,24.1848637],[91.7540111,24.1835464],[91.754426,24.1806597],[91.7546155,24.1792354],[91.7548454,24.177452],[91.7553761,24.1735698],[91.7556994,24.1712123],[91.7561956,24.1677147],[91.7565533,24.1651412],[91.7571316,24.1610642],[91.7581576,24.1538456],[91.7585053,24.1514374],[91.7587827,24.1496244],[91.7589271,24.1485397],[91.7590463,24.1477295],[91.7591192,24.1472361],[91.7592719,24.1468889],[91.7594693,24.1464431],[91.7595584,24.1462236],[91.7596397,24.1459775],[91.7598348,24.1453713],[91.7597405,24.1440757],[91.7597167,24.1437774],[91.7597921,24.1424597],[91.7598123,24.1421809],[91.7595348,24.14172],[91.7595123,24.1416907],[91.7594741,24.141646],[91.7602604,24.1410642],[91.7605313,24.1406807],[91.7606303,24.1401029],[91.7603702,24.1393308],[91.7602129,24.13929],[91.7600164,24.1389693],[91.7598702,24.1375021],[91.7595511,24.1368202],[91.7592807,24.1365716],[91.7581497,24.1362322],[91.7573336,24.1356852],[91.7562817,24.1348448],[91.7561589,24.1347092],[91.756159,24.1345964],[91.7564543,24.1343935],[91.7584724,24.1329912],[91.7590883,24.1320617],[91.7590884,24.1319262],[91.7589906,24.131249],[91.7592866,24.1303328],[91.7587462,24.1296056],[91.7585497,24.1294249],[91.758501,24.1288831],[91.7583793,24.1274791],[91.7579866,24.1266887],[91.7573973,24.1256365],[91.7573975,24.1254784],[91.7575699,24.1251355],[91.7581115,24.124549],[91.7582842,24.1240527],[91.75826,24.1236463],[91.7576706,24.1227385],[91.757721,24.12147],[91.7575983,24.1211539],[91.757451,24.1209054],[91.7571315,24.1207021],[91.757058,24.1203635],[91.7572604,24.1195645],[91.757138,24.1189956],[91.7567402,24.1183633],[91.756298,24.1178663],[91.7546511,24.1171608],[91.754184,24.1170024],[91.7541349,24.116867],[91.7544301,24.1167543],[91.7560291,24.1163268],[91.7562506,24.1160335],[91.7565216,24.1155778],[91.7568436,24.1131945],[91.7568445,24.1122013],[91.7568949,24.110978],[91.7570922,24.1103326],[91.7570933,24.1092447],[91.7567083,24.1081905],[91.756333,24.107163],[91.7557931,24.1060745],[91.7557688,24.1057359],[91.7560642,24.1053434],[91.7565319,24.1048653],[91.7577869,24.1039183],[91.7581328,24.1021534],[91.7579616,24.1011557],[91.7574216,24.1001846],[91.7574219,24.0998867],[91.7577618,24.0992505],[91.7581316,24.0982079],[91.7579361,24.0969618],[91.7577892,24.0963071],[91.7577649,24.0959911],[91.7584602,24.0940234],[91.7591493,24.0933648],[91.7595877,24.0925706],[91.7598094,24.0920066],[91.7594412,24.09146],[91.7592692,24.0912793],[91.7585068,24.0915044],[91.7583838,24.0915043],[91.7581874,24.091301],[91.7572307,24.0889483],[91.7573293,24.0887226],[91.7576493,24.0883256],[91.7574785,24.0869215],[91.757376,24.0860818],[91.7572779,24.0859012],[91.7570813,24.0857655],[91.7566143,24.0856071],[91.7560981,24.0854035],[91.7549242,24.0841883],[91.7540853,24.0835035],[91.7531751,24.0827603],[91.7526107,24.0816042],[91.7525619,24.081243],[91.7529518,24.0797897],[91.7534444,24.0789053],[91.7543275,24.0788778],[91.7549243,24.0789742],[91.7551949,24.0787938],[91.7558902,24.0773493],[91.7562296,24.0766459],[91.7563526,24.0764653],[91.7565248,24.0763527],[91.7569674,24.0762853],[91.7570907,24.0758881],[91.7566244,24.0750932],[91.7564034,24.0747996],[91.7563544,24.0745739],[91.7566748,24.0737615],[91.7566262,24.0731926],[91.7563568,24.0721135],[91.7560866,24.0718651],[91.7560868,24.071707],[91.756738,24.0708501],[91.756776,24.0708002],[91.7571212,24.0697396],[91.7570971,24.0691933],[91.7570974,24.0689676],[91.757417,24.0688234],[91.7586704,24.0691856],[91.7591424,24.0692086],[91.7593637,24.0691636],[91.7596344,24.0688703],[91.7597334,24.0681661],[91.7594634,24.0677822],[91.7591931,24.0675338],[91.7587461,24.0671948],[91.7586972,24.066969],[91.7586973,24.0667162],[91.7595631,24.0663106],[91.7596124,24.0661526],[91.7595879,24.0660172],[91.7594405,24.0658817],[91.7581876,24.0651222],[91.7564874,24.0641457],[91.7556773,24.0629669],[91.7555793,24.0626508],[91.7555798,24.0621316],[91.7559247,24.0613825],[91.7569591,24.0592751],[91.7578696,24.0582556],[91.7578948,24.0576237],[91.7577729,24.0565356],[91.757503,24.0560163],[91.7573311,24.0558129],[91.7571849,24.0544991],[91.757212,24.0518628],[91.7569915,24.0511132],[91.7569674,24.0505941],[91.7573876,24.0481205],[91.7575388,24.0474474],[91.7577332,24.0465814],[91.7579304,24.0459495],[91.7582995,24.0455615],[91.7583245,24.0450425],[91.7580555,24.0436834],[91.7578098,24.0435026],[91.7575887,24.0434347],[91.7573184,24.0434345],[91.7570479,24.0435246],[91.7567726,24.0435243],[91.7564531,24.0434789],[91.7560162,24.0428827],[91.7554469,24.0419523],[91.7553737,24.0414782],[91.755547,24.0400608],[91.755235,24.037379],[91.7549361,24.0363811],[91.7546916,24.0351124],[91.7548656,24.0330675],[91.7549641,24.032887],[91.7551117,24.0327969],[91.7574513,24.032889],[91.7577463,24.0327989],[91.7586329,24.0307141],[91.7586089,24.030082],[91.7584127,24.0296981],[91.7574552,24.0286906],[91.7572834,24.0284648],[91.7573082,24.0282571],[91.7577755,24.0278738],[91.7585878,24.0264479],[91.759454,24.0252748],[91.7595032,24.0250673],[91.7594053,24.0247511],[91.759209,24.0244124],[91.7590601,24.0237669],[91.7592822,24.0231107],[91.7590611,24.0227031],[91.7587171,24.0222049],[91.7584713,24.0219105],[91.7576105,24.0215024],[91.757119,24.0208682],[91.7563103,24.0186419],[91.7560901,24.0173515],[91.756263,24.0167179],[91.7567067,24.0158807],[91.756707,24.0155413],[91.7564868,24.014761],[91.7560698,24.0134478],[91.7558244,24.0127233],[91.7559975,24.0118181],[91.7558503,24.0113653],[91.755654,24.0108219],[91.7554825,24.0101201],[91.7555324,24.0094763],[91.7555094,24.0078919],[91.7553697,24.0069993],[91.7551172,24.0063976],[91.7549953,24.0052206],[91.75507,24.0042189],[91.7548751,24.002159],[91.7544626,24.0006996],[91.7544458,24.0006183],[91.7554218,23.9995077],[91.7557902,23.9985469],[91.7563907,23.9975226],[91.7565924,23.9972474],[91.7564711,23.9956447],[91.7563031,23.995425],[91.7561325,23.9952019],[91.7559755,23.9948904],[91.75554,23.9931338],[91.7550947,23.9911201],[91.7549478,23.9906009],[91.7551505,23.9894092],[91.7551514,23.988416],[91.7549266,23.9871292],[91.7549267,23.9870073],[91.7549613,23.9868629],[91.7550253,23.9867456],[91.7564561,23.9856091],[91.7567462,23.9854694],[91.7570607,23.9854019],[91.7574981,23.9853256],[91.7577143,23.9852941],[91.757975,23.9849331],[91.7579409,23.9846533],[91.7577055,23.9842919],[91.7572099,23.983497],[91.7571069,23.9833028],[91.7570678,23.9831086],[91.7571172,23.9828288],[91.7571637,23.9827787],[91.7575107,23.9824047],[91.7580763,23.9817641],[91.758278,23.9814393],[91.7583029,23.9811503],[91.7582097,23.9809561],[91.7580233,23.9805813],[91.7577632,23.9803554],[91.7575817,23.9801385],[91.7575376,23.9799805],[91.7577491,23.9797053],[91.7580442,23.9793805],[91.7581328,23.9791142],[91.7580988,23.9786944],[91.7579812,23.9783737],[91.7578783,23.9781253],[91.7578883,23.9779042],[91.7583507,23.977408],[91.7591619,23.9768714],[91.7597175,23.9763662],[91.7602588,23.9754006],[91.7605295,23.9748545],[91.7610362,23.9741913],[91.7614148,23.9737988],[91.7603746,23.9723715],[91.7600261,23.9719874],[91.7596186,23.9717885],[91.7593289,23.9716031],[91.7591668,23.9714992],[91.7590787,23.9711787],[91.7591238,23.9702893],[91.7591587,23.9697115],[91.7591938,23.9688854],[91.7591403,23.9683617],[91.7590132,23.9677476],[91.7588612,23.9673547],[91.7584116,23.9648263],[91.7584025,23.9641491],[91.7582458,23.9636208],[91.7577698,23.9629342],[91.757191,23.9620399],[91.7570684,23.9618277],[91.7570047,23.961638],[91.757005,23.9613717],[91.7571626,23.960979],[91.7576547,23.9601127],[91.759406,23.9573557],[91.760119,23.9566249],[91.7608223,23.9557723],[91.7613878,23.9550278],[91.7615402,23.9549061],[91.7621297,23.9548342],[91.7628029,23.9546452],[91.7637268,23.9542215],[91.7645082,23.9537932],[91.7648032,23.9535452],[91.7650245,23.9532564],[91.765074,23.9528457],[91.7649808,23.9526334],[91.7649319,23.9524392],[91.7651583,23.9519293],[91.7656994,23.9510539],[91.7661323,23.9503905],[91.7666399,23.9485039],[91.7667685,23.9474567],[91.7668379,23.9467525],[91.7668234,23.9464952],[91.7667253,23.9463642],[91.7665633,23.9461879],[91.76593,23.9459211],[91.7652572,23.9456723],[91.7647417,23.945392],[91.7645257,23.9451661],[91.7642462,23.9446919],[91.7641433,23.9443713],[91.7641341,23.9437844],[91.7642133,23.9430487],[91.7643564,23.9422768],[91.7646668,23.9412568],[91.765075,23.9407108],[91.765547,23.9401334],[91.7661811,23.9396011],[91.7667561,23.9391862],[91.766879,23.9390554],[91.7668791,23.9389515],[91.7668792,23.9388477],[91.7668793,23.9386807],[91.7668012,23.9381524],[91.7668015,23.9379177],[91.7668211,23.9377913],[91.7668557,23.9376604],[91.7676915,23.9367581],[91.768405,23.9350974],[91.7686266,23.9345422],[91.7686759,23.9342082],[91.7686271,23.9339689],[91.7685634,23.9337431],[91.7683034,23.933287],[91.7680287,23.9329256],[91.7676264,23.9324242],[91.7671651,23.9319679],[91.7667479,23.9317012],[91.7661441,23.9314119],[91.7656138,23.9311948],[91.7651669,23.9311087],[91.7648429,23.9310092],[91.7646269,23.9309322],[91.7644896,23.930729],[91.7644455,23.9305303],[91.7643233,23.9298304],[91.7642454,23.9290765],[91.764291,23.9276365],[91.764454,23.9265531],[91.7647791,23.9253796],[91.7650847,23.9242015],[91.7652334,23.9226803],[91.7652443,23.9213576],[91.7652298,23.9211408],[91.766865,23.9213317],[91.7686819,23.9215903],[91.7692859,23.921663],[91.7695904,23.9216496],[91.7697819,23.9216092],[91.7701308,23.9213611],[91.7703225,23.9212168],[91.7704453,23.921095],[91.7705584,23.9210319],[91.7706517,23.9209913],[91.7708532,23.9209373],[91.7710692,23.9209375],[91.7713344,23.9209421],[91.77157,23.9210732],[91.7719332,23.9213714],[91.7722815,23.9218412],[91.7723501,23.9219541],[91.7724631,23.9219723],[91.7728559,23.9220177],[91.7735385,23.9220181],[91.7738921,23.9220183],[91.7743391,23.9219013],[91.7744669,23.9217795],[91.7745752,23.9215719],[91.7746539,23.9213056],[91.7747131,23.9210438],[91.7748018,23.9205609],[91.7748268,23.9200507],[91.7749508,23.9196008],[91.774995,23.9194572],[91.7750385,23.9194549],[91.7753332,23.9194416],[91.7766594,23.919104],[91.7773371,23.9190954],[91.7784077,23.9190871],[91.779763,23.919255],[91.7800723,23.9193771],[91.781265,23.9202491],[91.7818881,23.9209854],[91.7821677,23.9213061],[91.7826538,23.9215502],[91.7828674,23.9215696],[91.7831216,23.9215159],[91.7834527,23.9213326],[91.7836984,23.9211432],[91.7838608,23.9208093],[91.7838512,23.9204346],[91.7837779,23.9198792],[91.7836905,23.918579],[91.7838628,23.9181232],[91.7842118,23.9176223],[91.7847275,23.917424],[91.7857049,23.9173659],[91.7866233,23.9172987],[91.7875123,23.9171503],[91.7877627,23.9170376],[91.7878218,23.9168345],[91.7876993,23.9165725],[91.7876749,23.9162836],[91.7877487,23.9160354],[91.7878717,23.9158413],[91.7881811,23.915715],[91.7885642,23.9156837],[91.7886919,23.9156026],[91.7887661,23.9148847],[91.7887873,23.9126907],[91.7887042,23.9121129],[91.7890886,23.9101087],[91.789423,23.9096078],[91.7896833,23.9094815],[91.7901007,23.9095044],[91.7913522,23.9105208],[91.7914895,23.9108595],[91.7914892,23.91118],[91.7914642,23.9118527],[91.7914639,23.9122951],[91.7915472,23.9125795],[91.7917828,23.9127874],[91.7921657,23.9129681],[91.7925732,23.9131264],[91.7929855,23.9133884],[91.7933437,23.9137453],[91.793481,23.9140749],[91.7936378,23.9144949],[91.7939569,23.9147433],[91.7942515,23.9148699],[91.7946394,23.9148792],[91.7948604,23.9147889],[91.7951209,23.914446],[91.7951704,23.9138997],[91.7949501,23.91292],[91.794676,23.9115655],[91.7947401,23.9111909],[91.7950349,23.9108931],[91.7954426,23.9106766],[91.7961501,23.9101668],[91.7966171,23.9093546],[91.7966468,23.9089211],[91.7966815,23.9083523],[91.7966966,23.9079415],[91.7968687,23.907576],[91.7974631,23.9070751],[91.7977582,23.906371],[91.7979355,23.9056127],[91.7977247,23.9050755],[91.7972292,23.9043934],[91.7966254,23.9040636],[91.79557,23.9036973],[91.7943228,23.9035251],[91.793493,23.9035608],[91.7930461,23.9035831],[91.7926238,23.903628],[91.7922653,23.9036277],[91.7919314,23.9035599],[91.7915878,23.9034559],[91.7908319,23.9030897],[91.7900562,23.902701],[91.7896343,23.9022087],[91.7894143,23.9008543],[91.789415,23.8999107],[91.7896512,23.8992247],[91.7898185,23.8986605],[91.7898096,23.8972609],[91.7897219,23.8963489],[91.789723,23.8947057],[91.7897241,23.8930895],[91.7897101,23.892155],[91.7898231,23.8919158],[91.7899608,23.8917353],[91.7902799,23.8916543],[91.7906875,23.8916545],[91.7911411,23.8915721],[91.7912571,23.891551],[91.7918415,23.8913618],[91.7925094,23.8911092],[91.7931529,23.8908117],[91.7943759,23.8900811],[91.7958006,23.8885789],[91.7960614,23.8882005],[91.7962408,23.8865608],[91.7958665,23.8855132],[91.7957668,23.8849681],[91.7965366,23.8836623],[91.7970101,23.883023],[91.7971505,23.8827238],[91.7974615,23.8818532],[91.7979578,23.8811323],[91.797884,23.8807785],[91.7973816,23.8802613],[91.7973213,23.8800796],[91.797308,23.8797849],[91.7976334,23.8795538],[91.7980031,23.8794316],[91.7983776,23.879399],[91.7987573,23.8794184],[91.7991049,23.879411],[91.7992291,23.8791594],[91.7993182,23.8783839],[91.7994959,23.8780167],[91.8003392,23.877868],[91.8003945,23.8777477],[91.8004008,23.8767606],[91.8009041,23.8758221],[91.8016143,23.8750605],[91.8021175,23.8743668],[91.802206,23.8738791],[91.8023251,23.8731776],[91.8024732,23.8728376],[91.8028135,23.8726064],[91.8028579,23.8724432],[91.8026882,23.8718648],[91.8025185,23.8712865],[91.8024745,23.8710185],[91.8027553,23.8710145],[91.803258,23.8710147],[91.8038347,23.8709198],[91.8048109,23.870308],[91.8060487,23.8690406],[91.8062354,23.8687789],[91.8063828,23.8685261],[91.8064714,23.8682101],[91.8064716,23.8679483],[91.8062367,23.8665442],[91.8062767,23.8652711],[91.8064883,23.864278],[91.8069456,23.8630097],[91.8070443,23.8620211],[91.8071089,23.8605268],[91.8070112,23.8598676],[91.8067125,23.858635],[91.8060703,23.857154],[91.8058746,23.8558221],[91.805939,23.8549689],[91.8061603,23.8542692],[91.806406,23.8536644],[91.8064062,23.8533259],[91.8063819,23.8529466],[91.8061761,23.8523235],[91.8057789,23.851592],[91.8055336,23.8512533],[91.8054876,23.8510261],[91.8055054,23.8507869],[91.8056586,23.8504772],[91.8060337,23.8501746],[91.8062698,23.8499226],[91.806715,23.8493934],[91.8068146,23.8490765],[91.8067382,23.848809],[91.8064782,23.8486399],[91.806157,23.8485693],[91.805851,23.8486114],[91.8054607,23.8486886],[91.8050552,23.8488645],[91.8047032,23.8489629],[91.8043972,23.8489909],[91.8041983,23.8489556],[91.8039918,23.8488288],[91.8039537,23.8486246],[91.8039572,23.8467205],[91.8039955,23.846467],[91.8041078,23.8462232],[91.804215,23.8460472],[91.8042381,23.8459416],[91.8039551,23.845688],[91.8035889,23.8454553],[91.803092,23.8454746],[91.8028472,23.845404],[91.8025566,23.8452842],[91.8023959,23.8451856],[91.8023272,23.8450377],[91.8023273,23.844911],[91.8025722,23.844735],[91.8028859,23.8445522],[91.8032533,23.8443763],[91.8034522,23.8442356],[91.8036207,23.8440667],[91.8037048,23.8439259],[91.8036667,23.8436935],[91.8033999,23.8429558],[91.8032371,23.8419658],[91.8034496,23.8395597],[91.8035137,23.8389909],[91.80317,23.8386846],[91.801998,23.8384495],[91.8011127,23.8382465],[91.8003024,23.8377274],[91.7993375,23.8368585],[91.7976134,23.8355296],[91.7973326,23.8351804],[91.7971526,23.8349359],[91.7969288,23.8347264],[91.7957874,23.8341342],[91.794654,23.8337507],[91.7942303,23.833681],[91.79346,23.8331377],[91.7933159,23.8329798],[91.7927946,23.8325933],[91.7921465,23.8321358],[91.7918991,23.8323311],[91.7909649,23.8329116],[91.7896421,23.8337268],[91.7886056,23.8339581],[91.7877953,23.8340804],[91.7873909,23.8341137],[91.7859392,23.8341644],[91.7856282,23.8341577],[91.7852344,23.8339838],[91.7847788,23.8336792],[91.7845687,23.8333258],[91.7836589,23.8327698],[91.7834872,23.8326178],[91.7834285,23.8323779],[91.7832136,23.8314925],[91.7828776,23.8309499],[91.7822198,23.8301382],[91.7814244,23.8295394],[91.7806442,23.8292157],[91.7797939,23.8290905],[91.7788307,23.8288347],[91.7787363,23.8288097],[91.7790226,23.8273933],[91.7793801,23.82647],[91.7794866,23.8263319],[91.7800041,23.8256812],[91.7808395,23.8249672],[91.7817218,23.8245763],[91.7820518,23.8244709],[91.7823135,23.8243488],[91.7825067,23.82421],[91.782808,23.8239006],[91.7828948,23.8236626],[91.7828742,23.8232519],[91.7829987,23.8226193],[91.7830374,23.8224761],[91.7831811,23.8222631],[91.7834963,23.8220703],[91.783775,23.8219487],[91.7839335,23.8218233],[91.7840415,23.8216527],[91.7841164,23.8214375],[91.78416,23.8211198],[91.7841866,23.820656],[91.7840015,23.8198256],[91.7840115,23.8196931],[91.7840362,23.8194101],[91.7841145,23.8190789],[91.7843529,23.8185643],[91.7843822,23.8183735],[91.7842997,23.8181504],[91.7840258,23.81785],[91.7838399,23.8175669],[91.78364,23.8171666],[91.7836563,23.8170475],[91.7837169,23.8167302],[91.7836036,23.8160283],[91.7834301,23.8153459],[91.7829416,23.8145708],[91.7827366,23.8143594],[91.7826392,23.814079],[91.782637,23.8135688],[91.7826852,23.8131334],[91.7827499,23.8127313],[91.7825682,23.8123315],[91.7820524,23.8119343],[91.7818676,23.8116512],[91.7813111,23.8103063],[91.781285,23.8099995],[91.7813265,23.8097825],[91.7816886,23.8092702],[91.7820856,23.8086981],[91.7824184,23.8078593],[91.7826322,23.8071819],[91.7828145,23.8051992],[91.7828248,23.8048499],[91.782744,23.8045994],[91.7825757,23.8043316],[91.7823512,23.8041785],[91.7820297,23.8037455],[91.7818118,23.8033888],[91.7814657,23.8026202],[91.781071,23.8011718],[91.7809591,23.8008043],[91.7807884,23.8006532],[91.7804154,23.799637],[91.7803385,23.7992706],[91.7801837,23.7985735],[91.7800889,23.7982213],[91.7798767,23.7977053],[91.7793487,23.7972523],[91.7791492,23.7969114],[91.7788794,23.7959864],[91.7788401,23.7955341],[91.7787757,23.7947808],[91.7788583,23.7943323],[91.7788356,23.7939096],[91.7787589,23.7935436],[91.7784843,23.7927933],[91.7783301,23.7920904],[91.7784335,23.7915311],[91.7786666,23.7906798],[91.7786811,23.7901711],[91.7786947,23.7896913],[91.7785625,23.7894402],[91.778393,23.7889524],[91.7782893,23.7886539],[91.7782333,23.7881723],[91.7781785,23.787647],[91.7780568,23.7870326],[91.7777843,23.7862101],[91.777581,23.7854043],[91.7772491,23.7836281],[91.777184,23.7828555],[91.7771804,23.7823611],[91.7772164,23.7810584],[91.7775389,23.7794678],[91.7776375,23.7790488],[91.777802,23.7787623],[91.7786418,23.7773073],[91.7794106,23.7759886],[91.7796945,23.7751954],[91.7798395,23.7743628],[91.7796546,23.7734706],[91.7796035,23.7728],[91.779633,23.7723642],[91.7798064,23.7717717],[91.7802351,23.7689215],[91.7801056,23.7685401],[91.7797704,23.7680231],[91.7794279,23.7677825],[91.7791939,23.7674134],[91.7790151,23.7669437],[91.7786274,23.76521],[91.7784952,23.7643195],[91.7784244,23.7637215],[91.7784004,23.7633281],[91.7783075,23.7616469],[91.7783895,23.7611831],[91.7787299,23.760812],[91.778916,23.7603647],[91.7789945,23.7600316],[91.7788485,23.7596357],[91.778517,23.7590323],[91.7782008,23.7585167],[91.7781068,23.7581595],[91.7781044,23.7576066],[91.778319,23.7554283],[91.7785814,23.7540505],[91.7789633,23.7514302],[91.7791147,23.7502969],[91.7793513,23.7492159],[91.7795092,23.7490064],[91.7801697,23.7493334],[91.7808581,23.7495899],[91.7817412,23.7498843],[91.7824317,23.7500701],[91.7827559,23.7500589],[91.7833506,23.7484747],[91.7834342,23.7481904],[91.7834441,23.7480549],[91.7834246,23.7478833],[91.7833707,23.7477524],[91.783209,23.7475131],[91.783111,23.7474363],[91.7824883,23.7472643],[91.7822872,23.7471377],[91.7809445,23.7456787],[91.7801459,23.7447301],[91.7792052,23.7435332],[91.7791072,23.743366],[91.7790436,23.743199],[91.7781276,23.7417492],[91.7773144,23.7406155],[91.7771283,23.7403039],[91.7768443,23.7397619],[91.7764134,23.7388046],[91.7762373,23.7383078],[91.7761395,23.737924],[91.7759635,23.7372783],[91.7758901,23.7370616],[91.775616,23.7364023],[91.7752388,23.7359009],[91.7748519,23.7352099],[91.7744504,23.7344782],[91.7738185,23.7335026],[91.7733728,23.7329245],[91.7732683,23.7328403],[91.7732283,23.7328082],[91.7728288,23.7324862],[91.7726524,23.7322875],[91.7726134,23.7320979],[91.7726821,23.7319579],[91.773124,23.7312404],[91.7736496,23.7302656],[91.7737577,23.7299361],[91.7742051,23.7284602],[91.7743036,23.7280133],[91.7743532,23.7273678],[91.7743879,23.7268622],[91.7743003,23.7259998],[91.7741634,23.7254805],[91.7739921,23.7250515],[91.7736199,23.7245456],[91.7732965,23.7241843],[91.7729976,23.7239358],[91.7723947,23.7236239],[91.7718849,23.7234971],[91.7713749,23.7234922],[91.7704579,23.7236089],[91.7684666,23.7240139],[91.7677948,23.724072],[91.7659069,23.7240411],[91.7647251,23.7241916],[91.7637441,23.7243489],[91.7634892,23.7243307],[91.7633471,23.7242177],[91.7633032,23.7238971],[91.7631864,23.7229805],[91.763202,23.7218881],[91.7630172,23.7201588],[91.7627977,23.7189759],[91.7625581,23.7182173],[91.7625586,23.7176845],[91.7626819,23.7169487],[91.7628697,23.7152514],[91.7629397,23.7137255],[91.7629403,23.7130167],[91.763036,23.7101862],[91.7630075,23.7091929],[91.7629002,23.708448],[91.7627831,23.7079242],[91.7624845,23.7073642],[91.7615441,23.7063386],[91.76102,23.7056926],[91.7608585,23.7054036],[91.7606823,23.7049971],[91.760415,23.7024462],[91.7603864,23.7015388],[91.7603873,23.7005862],[91.7605254,23.6997782],[91.7606189,23.6993583],[91.7608646,23.6987084],[91.7612282,23.6978284],[91.7624702,23.6959603],[91.7628091,23.6952653],[91.7630009,23.6946424],[91.7630405,23.6941594],[91.7630666,23.6923672],[91.7629361,23.6902904],[91.76279,23.6892564],[91.7626385,23.68871],[91.7617518,23.6880051],[91.7606886,23.6873948],[91.7605907,23.6872457],[91.7604295,23.6866],[91.7601997,23.6859272],[91.7598669,23.6853671],[91.7594751,23.6849424],[91.7591764,23.6846578],[91.7588139,23.684373],[91.7586227,23.6843097],[91.7582992,23.6842598],[91.7580739,23.6841242],[91.7575056,23.6836994],[91.7554444,23.6810476],[91.7536825,23.6781614],[91.7528745,23.6772669],[91.7524289,23.6768285],[91.7521643,23.6766861],[91.7513829,23.6746818],[91.7506033,23.6735245],[91.7504712,23.6733438],[91.7504371,23.6731586],[91.7503055,23.6722781],[91.7502423,23.6718222],[91.7502968,23.671294],[91.7506893,23.6709331],[91.7510332,23.6700757],[91.7513627,23.6689834],[91.7513977,23.6681979],[91.7513984,23.6675613],[91.7515271,23.6662838],[91.7518613,23.6652637],[91.7519603,23.6643835],[91.7520589,23.6636568],[91.7529126,23.6628358],[91.7532118,23.6626555],[91.7533736,23.6625337],[91.753668,23.6621682],[91.7536389,23.6619379],[91.7535067,23.6617527],[91.7531442,23.6615719],[91.752914,23.6613595],[91.7527821,23.6609666],[91.7527285,23.6606641],[91.7527535,23.6601134],[91.7526508,23.6599101],[91.7521956,23.6592776],[91.751863,23.6585054],[91.7517653,23.6582029],[91.7516342,23.6570199],[91.7516444,23.6566271],[91.7517329,23.6563519],[91.7518899,23.6561488],[91.7521598,23.6558195],[91.7528515,23.65503],[91.7530899,23.6540355],[91.7526245,23.6519158],[91.7524704,23.6516829],[91.7525943,23.6514393],[91.752825,23.6511054],[91.7531908,23.6509015],[91.753622,23.6508387],[91.7548019,23.6509243],[91.7551933,23.6507837],[91.7556986,23.6503642],[91.7555518,23.650161],[91.7553217,23.6497951],[91.7552583,23.6495558],[91.7550888,23.6488892],[91.7550586,23.6487402],[91.7550633,23.6483722],[91.7554121,23.648217],[91.7557348,23.648269],[91.7560712,23.6485409],[91.7564077,23.6486834],[91.7567445,23.6486837],[91.7570752,23.6486823],[91.7572421,23.6484702],[91.7574947,23.6477968],[91.7577362,23.6468681],[91.7580356,23.6464123],[91.7583533,23.6462285],[91.7585151,23.6461971],[91.75902,23.6462703],[91.7597977,23.6464171],[91.7601365,23.6461127],[91.7601694,23.6460292],[91.7601795,23.6456868],[91.7602289,23.6452805],[91.7604794,23.6446578],[91.7607395,23.6442923],[91.761171,23.6439901],[91.7623034,23.6436072],[91.7635383,23.6436894],[91.7660082,23.6436913],[91.7665324,23.6438407],[91.7666645,23.6439943],[91.7666986,23.6443456],[91.7666984,23.6445992],[91.7668991,23.6448793],[91.7671588,23.6448749],[91.7675855,23.6445412],[91.7679484,23.6441487],[91.7687033,23.6438738],[91.7692326,23.6439373],[91.7694873,23.6440188],[91.7700751,23.644394],[91.7708496,23.6441101],[91.7717265,23.6435458],[91.7719473,23.6432932],[91.7722818,23.6416932],[91.7724087,23.6409174],[91.7725634,23.6403613],[91.7730127,23.6399218],[91.7732203,23.6396198],[91.7731568,23.6393759],[91.7728286,23.6391002],[91.7724663,23.6387975],[91.7722019,23.6384949],[91.7723002,23.638188],[91.7728932,23.6380394],[91.7730253,23.6382517],[91.7737159,23.63883],[91.7740442,23.6388302],[91.7741767,23.6385865],[91.7741131,23.638433],[91.7737166,23.637918],[91.7734866,23.6375522],[91.7733545,23.63734],[91.7729289,23.6363961],[91.7733263,23.635823],[91.7735224,23.6357012],[91.7734834,23.6354664],[91.7733218,23.6352857],[91.772891,23.6348611],[91.7725543,23.6345346],[91.7727603,23.6342368],[91.7733513,23.634083],[91.7739123,23.6342386],[91.7742095,23.6343024],[91.7745603,23.6341345],[91.7749629,23.6332348],[91.7752436,23.633041],[91.7754976,23.6326578],[91.7757212,23.6321748],[91.7757073,23.6320714],[91.7755954,23.6316056],[91.7754553,23.6313339],[91.7752953,23.6311401],[91.7741956,23.6308292],[91.7739816,23.6306308],[91.7736243,23.630543],[91.7728854,23.6304101],[91.7725596,23.6303796],[91.7722386,23.6302224],[91.7716101,23.6294888],[91.7708633,23.6286269],[91.7705663,23.6285007],[91.7701668,23.6285382],[91.7691708,23.6296076],[91.7690014,23.6297137],[91.7688289,23.6298146],[91.7684949,23.6299521],[91.7678495,23.6298589],[91.7677085,23.6297976],[91.7667137,23.6291139],[91.7660056,23.6281989],[91.7660083,23.6279818],[91.7658909,23.6270788],[91.7654399,23.6259373],[91.7653346,23.6258395],[91.7649138,23.6252533],[91.7649892,23.6244193],[91.7650139,23.6242297],[91.7653193,23.6240361],[91.7653767,23.6239998],[91.7656958,23.6239322],[91.7657017,23.623931],[91.7669498,23.6236668],[91.7674359,23.6235319],[91.7683123,23.6232886],[91.7692487,23.6226075],[91.7695234,23.6223324],[91.7693194,23.6201697],[91.7691191,23.619384],[91.7688455,23.6185847],[91.767754,23.6172205],[91.7672986,23.6168003],[91.7670344,23.6163667],[91.7670692,23.6157798],[91.7679572,23.6144758],[91.7683449,23.6137853],[91.7684139,23.6132391],[91.7687132,23.6127743],[91.769532,23.6119803],[91.7699833,23.6114434],[91.7703075,23.6103511],[91.7708287,23.6082115],[91.7711673,23.6074623],[91.7713306,23.6055934],[91.7710126,23.6049295],[91.7707143,23.6043424],[91.7696229,23.6030775],[91.7700597,23.6019898],[91.7693057,23.6015062],[91.7694929,23.6002377],[91.7689889,23.5995241],[91.769176,23.5984542],[91.7689019,23.5981154],[91.7682166,23.5975912],[91.7675358,23.5973785],[91.7665413,23.5974049],[91.7659928,23.5973007],[91.7652438,23.5966274],[91.7645392,23.5956608],[91.7639715,23.5949696],[91.7632666,23.5944228],[91.7632179,23.5941474],[91.7633554,23.5937276],[91.7635418,23.5934433],[91.7633607,23.5933394],[91.7624253,23.592982],[91.7619262,23.5923722],[91.7617208,23.5920153],[91.7616524,23.5917625],[91.7622703,23.591009],[91.7627269,23.5898175],[91.7624534,23.588955],[91.762092,23.587799],[91.7620242,23.5869004],[91.7618654,23.586869],[91.7608484,23.5870215],[91.7599569,23.587084],[91.7592918,23.585869],[91.7587052,23.5845909],[91.7585926,23.5844463],[91.7582938,23.5844642],[91.7580879,23.5845498],[91.7579067,23.5844865],[91.75777,23.5841523],[91.7577948,23.5837324],[91.7579764,23.5833939],[91.757957,23.5831005],[91.757502,23.582599],[91.7569348,23.5814428],[91.7567742,23.5803727],[91.7570739,23.5793255],[91.7573247,23.5783506],[91.7571882,23.5776146],[91.7568899,23.5771088],[91.7564346,23.5769187],[91.7542993,23.5766235],[91.7536429,23.5766095],[91.7531609,23.5763217],[91.7533104,23.5760901],[91.7533251,23.5760314],[91.7533449,23.5758507],[91.7530166,23.5756114],[91.7526449,23.5753582],[91.7524835,23.5751774],[91.752482,23.5750273],[91.7524838,23.5748614],[91.7525966,23.5746538],[91.7530906,23.5741383],[91.7536065,23.5737336],[91.7539796,23.5728084],[91.7543284,23.5718245],[91.7544363,23.5715718],[91.7545345,23.5713597],[91.7546474,23.5711521],[91.7547747,23.571107],[91.7549808,23.5711154],[91.7557493,23.5711665],[91.756293,23.5712076],[91.7569005,23.5711088],[91.7571773,23.5709774],[91.7580128,23.5705588],[91.7585372,23.57018],[91.7586939,23.5701124],[91.7594581,23.5700363],[91.7600556,23.5700503],[91.7607363,23.5701863],[91.7612995,23.5702996],[91.761319,23.570426],[91.761402,23.5706518],[91.7614802,23.5708144],[91.7620331,23.5714739],[91.7621995,23.5715869],[91.7623905,23.571596],[91.762469,23.5715194],[91.7625523,23.5714156],[91.7626163,23.5711448],[91.7626514,23.5702645],[91.7627796,23.5692442],[91.7628729,23.568847],[91.7629025,23.5687297],[91.7630201,23.5686711],[91.7637306,23.5682201],[91.7640886,23.5677419],[91.7643976,23.5673403],[91.7647209,23.5671148],[91.7652502,23.5668081],[91.7655784,23.5667316],[91.7673272,23.566417],[91.7682479,23.566553],[91.7684583,23.5666886],[91.7685563,23.5667474],[91.7687031,23.5667475],[91.7688796,23.5666438],[91.7692864,23.5662694],[91.7697226,23.5658679],[91.7700166,23.5656739],[91.7703057,23.5655387],[91.7705212,23.5655524],[91.7708248,23.5656881],[91.7711673,23.5660765],[91.771265,23.5663159],[91.7713283,23.5667674],[91.7713134,23.5670202],[91.7712153,23.5672279],[91.7711515,23.5674084],[91.7711514,23.5674851],[91.7711592,23.5675769],[91.7712769,23.567592],[91.7713986,23.5675397],[91.772342,23.5669803],[91.7729545,23.5666918],[91.7738461,23.5663041],[91.7742675,23.5661239],[91.7745419,23.5659886],[91.7746891,23.5655869],[91.7747384,23.5652439],[91.7749394,23.5650227],[91.775346,23.5648334],[91.7761151,23.5646443],[91.7771241,23.5645411],[91.7777891,23.5644855],[91.7778196,23.5644829],[91.779098,23.564407],[91.7792548,23.5642446],[91.7793676,23.5639693],[91.77955,23.5625157],[91.7794131,23.5621996],[91.7788845,23.5617161],[91.778674,23.5616708],[91.7784389,23.5616481],[91.7783361,23.5615803],[91.7782383,23.5613725],[91.7782382,23.5594016],[91.7782956,23.5594246],[91.7782973,23.5594253],[91.7786168,23.5595534],[91.778847,23.5596348],[91.7791212,23.5596621],[91.7793318,23.5596623],[91.7794199,23.5596262],[91.7794641,23.5595314],[91.7793958,23.5592063],[91.7792797,23.5588113],[91.7792637,23.5587557],[91.7791809,23.5584658],[91.7791671,23.558353],[91.7791614,23.5582942],[91.7792693,23.5581588],[91.7802291,23.5581324],[91.7803908,23.5581189],[91.780572,23.5580604],[91.7807878,23.5576857],[91.7809596,23.5572525],[91.7810088,23.5568326],[91.7809895,23.556512],[91.7809406,23.5564218],[91.7808655,23.5563755],[91.7808378,23.5563585],[91.7807399,23.5563584],[91.7804215,23.5564034],[91.7800689,23.5564031],[91.7798485,23.5563488],[91.7796919,23.5562449],[91.77955,23.5559875],[91.7795307,23.5557572],[91.7796339,23.5553239],[91.7798839,23.555017],[91.7806924,23.5543675],[91.780722,23.5543602],[91.7812459,23.5542324],[91.782005,23.5541335],[91.7822216,23.552567],[91.7821532,23.5524406],[91.7820064,23.5522689],[91.7818938,23.5521876],[91.7818008,23.552165],[91.7816131,23.5522514],[91.781497,23.5523048],[91.7812423,23.55244],[91.7810415,23.5524264],[91.7809193,23.5522005],[91.7807293,23.5509137],[91.7808423,23.550363],[91.781391,23.550088],[91.7817878,23.5499393],[91.7820279,23.549822],[91.7821505,23.5495603],[91.7824106,23.5487568],[91.7825531,23.5480887],[91.7824995,23.5477771],[91.7825831,23.5472445],[91.7826617,23.5469195],[91.7828235,23.5467028],[91.7830047,23.5466082],[91.7833329,23.5465858],[91.7840428,23.5466991],[91.7842486,23.5465186],[91.7844595,23.5460673],[91.7849497,23.5453633],[91.7855379,23.544691],[91.7863318,23.5437298],[91.7863417,23.5436622],[91.7863172,23.5435402],[91.7862096,23.5433822],[91.7860824,23.5431969],[91.7860581,23.5430254],[91.7861073,23.5427862],[91.7863033,23.5424928],[91.7865631,23.5421363],[91.786715,23.5420371],[91.7868912,23.5420507],[91.7870625,23.5422224],[91.787361,23.5425431],[91.7875225,23.5426696],[91.7876205,23.5426787],[91.7878337,23.5426399],[91.7879392,23.5420423],[91.7879642,23.5412568],[91.787999,23.5404713],[91.7881169,23.540065],[91.7877301,23.5400061],[91.7868977,23.5399063],[91.785953,23.5394587],[91.7850916,23.5387133],[91.785038,23.5383656],[91.7853617,23.5377428],[91.785847,23.5369214],[91.7860087,23.5367726],[91.786332,23.5366734],[91.7865228,23.5368],[91.786738,23.5371477],[91.7869776,23.5376941],[91.7876528,23.5384169],[91.7880837,23.5383674],[91.788461,23.5380923],[91.7885689,23.5377447],[91.7884908,23.5374196],[91.7882216,23.5372705],[91.7875549,23.5371764],[91.7873109,23.53713],[91.7871201,23.5369809],[91.7868365,23.5364661],[91.7874052,23.5355183],[91.7874446,23.5350804],[91.7874448,23.5347193],[91.7874451,23.5343688],[91.7875486,23.5334643],[91.787872,23.5330175],[91.7881708,23.5330176],[91.788572,23.5333429],[91.788978,23.5339166],[91.7891933,23.534165],[91.7908775,23.5343962],[91.7919842,23.5343697],[91.7923075,23.5342977],[91.792332,23.5341487],[91.7921999,23.5339726],[91.7917936,23.5338459],[91.791309,23.5336245],[91.7910399,23.5332992],[91.7910693,23.5331503],[91.7911233,23.5330781],[91.7916325,23.5330286],[91.7927392,23.5330293],[91.7930084,23.5331513],[91.7933557,23.5335489],[91.7937079,23.5341495],[91.7940846,23.5346192],[91.7945154,23.5348452],[91.7950541,23.5347687],[91.795353,23.5345206],[91.7956225,23.5341009],[91.7957549,23.5338256],[91.7955689,23.5335997],[91.7951629,23.5330532],[91.794356,23.5314862],[91.7943857,23.5310392],[91.7944642,23.5308406],[91.7946552,23.5307415],[91.7950321,23.5308635],[91.7959471,23.5319115],[91.7968379,23.5324808],[91.7971318,23.5323816],[91.7975087,23.5324089],[91.7976703,23.5324812],[91.7977778,23.532707],[91.7976994,23.5329552],[91.7976698,23.5332532],[91.7976697,23.5334293],[91.7976695,23.5336505],[91.7977772,23.5337499],[91.7978604,23.533777],[91.7982619,23.5338766],[91.7986682,23.5339986],[91.7989129,23.5342516],[91.7989125,23.5347211],[91.7987751,23.5353937],[91.7988827,23.5355925],[91.7990197,23.5356693],[91.7993136,23.5355927],[91.7998522,23.5355207],[91.8000431,23.5356428],[91.8003122,23.5360176],[91.8004338,23.5361779],[91.8006889,23.5365144],[91.800875,23.5365642],[91.8011737,23.5365372],[91.801306,23.5364154],[91.8014726,23.5361175],[91.8016588,23.5359686],[91.8019576,23.5358198],[91.8023592,23.535671],[91.8027363,23.5355718],[91.8031429,23.5352199],[91.8037064,23.5345746],[91.8039043,23.5341131],[91.8039442,23.5336798],[91.8039054,23.5333908],[91.8035981,23.5333196],[91.8035921,23.5333182],[91.8033572,23.5332456],[91.8032009,23.5329926],[91.8032402,23.5328843],[91.8034364,23.5326678],[91.8038429,23.5325962],[91.8042592,23.5325967],[91.8050423,23.5328144],[91.8053556,23.5328509],[91.8054732,23.5327427],[91.8054735,23.532526],[91.8053954,23.5324175],[91.8050825,23.5320921],[91.8050176,23.5320321],[91.8048478,23.5318751],[91.8047698,23.5316583],[91.8047699,23.53155],[91.8048486,23.5313334],[91.8050447,23.5311891],[91.8054364,23.5311897],[91.8057108,23.5310817],[91.8058678,23.5308651],[91.8059858,23.5305402],[91.8059476,23.5298901],[91.8060656,23.5295651],[91.8064188,23.5291322],[91.8070863,23.5280495],[91.8075975,23.526786],[91.8077551,23.5261362],[91.8077162,23.5259555],[91.8076823,23.5259399],[91.8068841,23.5259802],[91.8067716,23.5259169],[91.8067026,23.5257928],[91.8066184,23.5256413],[91.8064132,23.5252721],[91.8062922,23.5250544],[91.806162,23.524792],[91.8057542,23.5239706],[91.805368,23.5228598],[91.8050943,23.5220877],[91.8044095,23.5210129],[91.8040719,23.520656],[91.8038419,23.5204708],[91.803504,23.5205112],[91.8033179,23.5205924],[91.8029115,23.5206554],[91.80275,23.5206373],[91.802432,23.5202805],[91.801472,23.5191082],[91.8012528,23.5189616],[91.8010277,23.5186274],[91.8009439,23.5181346],[91.8010811,23.5178819],[91.8011648,23.5177777],[91.8012312,23.5176952],[91.801669,23.5171508],[91.8020168,23.5166273],[91.8021296,23.5163338],[91.8021983,23.5161262],[91.8021054,23.5158508],[91.8018559,23.5154714],[91.8018121,23.5151599],[91.8019689,23.5147582],[91.8023364,23.5141714],[91.8026547,23.5139187],[91.8029241,23.513815],[91.8032228,23.5136888],[91.8034726,23.5135624],[91.803835,23.5132917],[91.8039966,23.5131428],[91.8041779,23.512881],[91.8043348,23.512398],[91.8042908,23.5122716],[91.8039974,23.5117659],[91.8033125,23.5106955],[91.8025883,23.5100948],[91.8013845,23.509277],[91.7994518,23.5072987],[91.7994319,23.5072698],[91.7996183,23.5072355],[91.7999708,23.5070867],[91.8000198,23.5070281],[91.8000394,23.5069378],[91.8000053,23.5067752],[91.7998732,23.5066397],[91.7995012,23.5064726],[91.7991292,23.5064272],[91.7988404,23.5063684],[91.79863,23.5061155],[91.7986301,23.50598],[91.7986939,23.5057091],[91.7991935,23.5052399],[91.8002171,23.5043329],[91.8003641,23.5043149],[91.8005745,23.5043602],[91.8009317,23.5045409],[91.8013872,23.5043606],[91.8015489,23.5039588],[91.8015785,23.503548],[91.8014074,23.5030739],[91.8010263,23.501796],[91.8009631,23.5011504],[91.8009524,23.5005874],[91.8008081,23.4987842],[91.8000645,23.4983723],[91.7996354,23.4981609],[91.7991203,23.4980549],[91.7986549,23.4980535],[91.7981684,23.4974671],[91.7990801,23.4969152],[91.7993937,23.4964946],[91.7996506,23.4956007],[91.7999072,23.4949959],[91.80062,23.4937339],[91.8007627,23.4931554],[91.800763,23.4926557],[91.8005639,23.4920771],[91.7997098,23.4914718],[91.7987704,23.4906561],[91.7978809,23.4893127],[91.7981306,23.4891007],[91.7988652,23.4886225],[91.7996732,23.4878734],[91.8000553,23.4874493],[91.8002954,23.487025],[91.8004429,23.4859415],[91.8005359,23.4856707],[91.8007761,23.4850974],[91.8012856,23.4843167],[91.8014717,23.4841677],[91.8020933,23.4841003],[91.803121,23.4845071],[91.8042565,23.4846746],[91.8045893,23.4846748],[91.8049565,23.4845396],[91.8051917,23.4842371],[91.8052506,23.4837947],[91.8053241,23.4836096],[91.805574,23.4831448],[91.8059607,23.4829734],[91.8065433,23.4828743],[91.8067832,23.4827706],[91.8069695,23.4822154],[91.8068031,23.4820121],[91.8063627,23.481723],[91.8060889,23.4813662],[91.8060351,23.4811991],[91.8055905,23.4796188],[91.8056298,23.4792802],[91.8056837,23.4791448],[91.8058305,23.4791268],[91.8070199,23.4790776],[91.8077541,23.4791637],[91.8081945,23.4792317],[91.8086889,23.4792815],[91.8088357,23.4792635],[91.808968,23.4791462],[91.8089288,23.4789926],[91.8082878,23.4788254],[91.8078278,23.4785182],[91.8078132,23.4784323],[91.807921,23.478148],[91.8083815,23.4772814],[91.8088222,23.4767939],[91.8096251,23.4764602],[91.8104474,23.4763252],[91.810834,23.4764111],[91.8110543,23.4764112],[91.811255,23.4762894],[91.8112551,23.4760861],[91.8110007,23.4757655],[91.8103943,23.474903],[91.8104482,23.4746501],[91.8108888,23.4745465],[91.811623,23.4743437],[91.8123182,23.4738428],[91.812759,23.4731657],[91.8128521,23.4729987],[91.8128669,23.4727008],[91.8132149,23.4716535],[91.8134893,23.4709764],[91.8136019,23.4706694],[91.8135437,23.4699109],[91.8134317,23.4687087],[91.8156179,23.4683505],[91.8166559,23.4683787],[91.8174141,23.4679396],[91.8178084,23.4678639],[91.8181205,23.4680309],[91.8182683,23.4681523],[91.8186624,23.4684862],[91.819188,23.4685774],[91.8195329,23.4685775],[91.8199109,23.468517],[91.8206502,23.4682745],[91.8210445,23.4681381],[91.8211925,23.467774],[91.8220206,23.4672811],[91.8227963,23.4669271],[91.8230098,23.4669423],[91.8231576,23.4669878],[91.8232561,23.4671396],[91.8234207,23.4675476],[91.8236008,23.4676707],[91.8237323,23.4676708],[91.8238637,23.4676708],[91.8248494,23.4671704],[91.8249488,23.4668503],[91.8248803,23.466452],[91.824716,23.4662698],[91.824552,23.4659209],[91.824552,23.465663],[91.8246178,23.465572],[91.8250382,23.4651138],[91.8254722,23.4650109],[91.8260145,23.4642829],[91.8260146,23.4640401],[91.8266584,23.4630574],[91.8269025,23.4629824],[91.8271468,23.4629072],[91.8271197,23.4627569],[91.8269027,23.4625064],[91.8267671,23.4624311],[91.8264686,23.4622807],[91.8262517,23.4621303],[91.8261976,23.4615792],[91.826632,23.4607025],[91.826822,23.460427],[91.827229,23.460402],[91.8275004,23.4602519],[91.8277791,23.4597631],[91.8276111,23.458994],[91.8277469,23.4586935],[91.8281541,23.4582426],[91.8282085,23.4578919],[91.8281003,23.4570151],[91.828046,23.4567645],[91.8278834,23.4564889],[91.8278292,23.4562133],[91.8279676,23.4559672],[91.8283449,23.4557124],[91.8288062,23.4555873],[91.8292404,23.4553619],[91.8292947,23.4550112],[91.8292135,23.4545853],[91.8288881,23.4541843],[91.8287589,23.4537904],[91.8291055,23.4531824],[91.829184,23.4527241],[91.8291842,23.452198],[91.8293472,23.4517722],[91.8299714,23.4512964],[91.8310568,23.4507456],[91.8318508,23.4504219],[91.8316618,23.4497709],[91.8312234,23.4489155],[91.8302002,23.4477223],[91.8293718,23.4471144],[91.8282998,23.4462363],[91.8284701,23.4449861],[91.8287876,23.4427354],[91.8291533,23.4424655],[91.8305182,23.4420382],[91.8309277,23.4423282],[91.831878,23.4428237],[91.8325848,23.4424187],[91.8350347,23.4419724],[91.8357802,23.4397372],[91.8358716,23.4394375],[91.835962,23.4389656],[91.8363622,23.436852],[91.8370873,23.4359551],[91.8375234,23.4353177],[91.8375517,23.4351182],[91.8375892,23.4348417],[91.8375706,23.4343408],[91.8375894,23.4340817],[91.8378513,23.43384],[91.8379635,23.4338746],[91.8384309,23.4341683],[91.8387116,23.4341683],[91.8388986,23.4339093],[91.8391232,23.4334257],[91.8395721,23.4329076],[91.8400586,23.4324068],[91.8400399,23.432044],[91.8397221,23.4317158],[91.8382085,23.4298748],[91.8381356,23.4294063],[91.8381755,23.4287201],[91.8382934,23.428359],[91.8384893,23.4281787],[91.8390764,23.4282154],[91.8400548,23.4283248],[91.8406416,23.4285421],[91.8411505,23.4285425],[91.8413856,23.4283622],[91.8416994,23.4277486],[91.8417785,23.4270263],[91.8421709,23.4262321],[91.8426023,23.4255102],[91.8431902,23.4247523],[91.843269,23.4243911],[91.8431127,23.4241021],[91.8427219,23.4235961],[91.8422134,23.4233788],[91.8415482,23.4232698],[91.8405308,23.4230881],[91.8396309,23.4227622],[91.8390833,23.4224726],[91.8388097,23.4222195],[91.8388888,23.4215335],[91.8389287,23.4208473],[91.8387336,23.4203413],[91.8386558,23.4200523],[91.8386952,23.4197996],[91.8389485,23.4193982],[91.8395615,23.4184713],[91.8398851,23.41767],[91.8401229,23.4157936],[91.840106,23.4154007],[91.8396977,23.4148664],[91.8391362,23.4143477],[91.8389491,23.4139235],[91.8388812,23.4136092],[91.8390516,23.4128236],[91.8395111,23.412258],[91.8399537,23.411991],[91.840158,23.4117082],[91.8409237,23.410322],[91.8415877,23.4090807],[91.8416899,23.4085622],[91.84169,23.4081852],[91.8415882,23.4071795],[91.8416713,23.4062948],[91.8418587,23.4053677],[91.8422674,23.4045036],[91.8426081,23.4029638],[91.8427793,23.4019693],[91.8427797,23.4006965],[91.8428961,23.4000448],[91.8431199,23.4000781],[91.8431365,23.4001592],[91.8439578,23.4003039],[91.8448904,23.4004649],[91.8453971,23.4005607],[91.8453533,23.402197],[91.8453066,23.4028971],[91.8450924,23.4036595],[91.8450241,23.4039501],[91.8449668,23.4042052],[91.8449329,23.4044918],[91.8449895,23.4046854],[91.8452853,23.4047557],[91.8458539,23.4048896],[91.8465747,23.4049685],[91.8479559,23.4051766],[91.849219,23.405418],[91.8495982,23.4054307],[91.8498803,23.4053529],[91.8507294,23.4050627],[91.8508406,23.404821],[91.8508597,23.4040753],[91.85107,23.4040584],[91.8514042,23.4041353],[91.8517209,23.4043149],[91.8522818,23.4051943],[91.8532706,23.4062695],[91.8547352,23.4066707],[91.855417,23.4064462],[91.8553966,23.4058671],[91.8562769,23.4058591],[91.8565403,23.4053187],[91.8566684,23.4051863],[91.8568471,23.4051062],[91.8571693,23.4051479],[91.8573595,23.405322],[91.8582746,23.4053348],[91.8589708,23.4050571],[91.860251,23.4051639],[91.8605179,23.4055879],[91.86085,23.4065198],[91.8618552,23.4074145],[91.8619638,23.4075049],[91.862192,23.4076574],[91.8625104,23.4077027],[91.8629475,23.4077464],[91.8631389,23.4077474],[91.8634718,23.4079832],[91.8636758,23.4081783],[91.8640041,23.408492],[91.8641078,23.4087627],[91.8641365,23.4091368],[91.8641619,23.4095392],[91.8642783,23.4098874],[91.8646682,23.409854],[91.8651864,23.4096953],[91.8655869,23.4096017],[91.8658128,23.4098496],[91.866392,23.4109159],[91.8663917,23.4111456],[91.8663189,23.4113868],[91.8663979,23.4115412],[91.8670215,23.4122607],[91.867293,23.4124903],[91.8677623,23.4123852],[91.8681558,23.4123376],[91.8685918,23.4123107],[91.8685709,23.4126925],[91.8686903,23.4129842],[91.8688338,23.4131024],[91.869007,23.4131637],[91.8691371,23.413162],[91.8693436,23.4131486],[91.8693619,23.4130919],[91.8693099,23.4129512],[91.8692923,23.4128031],[91.8693294,23.4127214],[91.8694359,23.4126775],[91.870073,23.4127822],[91.8703649,23.412849],[91.8705768,23.412931],[91.8707062,23.4131306],[91.8709496,23.4135231],[91.8712004,23.4138978],[91.8714283,23.4140255],[91.8723581,23.4139991],[91.8725764,23.4139997],[91.8734727,23.4140338],[91.8734604,23.4144756],[91.8733637,23.415399],[91.8735525,23.4159688],[91.8736052,23.4161589],[91.873686,23.4169209],[91.873729,23.4174715],[91.8737459,23.4180648],[91.8740688,23.4191381],[91.8748266,23.4198629],[91.8752439,23.4201082],[91.8759358,23.4206877],[91.8760548,23.4212926],[91.8761139,23.4215762],[91.8762619,23.4218459],[91.8765012,23.422266],[91.8765432,23.4223223],[91.8766936,23.4223077],[91.8773972,23.4222099],[91.8777732,23.4221733],[91.878122,23.4221497],[91.8783617,23.4221592],[91.8785272,23.4222328],[91.8794046,23.4227455],[91.8800577,23.423356],[91.8801014,23.423526],[91.8802474,23.423663],[91.8805236,23.4238173],[91.8808249,23.4238196],[91.8812083,23.4238209],[91.8817353,23.4238075],[91.8819207,23.423843],[91.8820042,23.4239303],[91.8821103,23.42415],[91.8823901,23.4249676],[91.8827764,23.425152],[91.8838013,23.4254606],[91.8852722,23.4258327],[91.8865903,23.4264975],[91.8868128,23.4267156],[91.8870146,23.4269214],[91.887155,23.4271407],[91.8872333,23.4273355],[91.8875282,23.4278054],[91.8880678,23.4285942],[91.8886855,23.4291293],[91.8887827,23.4292165],[91.888827,23.429418],[91.8888303,23.4296328],[91.8887861,23.4298671],[91.8887008,23.4301084],[91.8885203,23.4303824],[91.888231,23.4307085],[91.8879052,23.431332],[91.8878324,23.4319268],[91.887423,23.4328926],[91.8886872,23.4331727],[91.890659,23.4336012],[91.8908644,23.4335985],[91.8911313,23.4335949],[91.8914311,23.4335025],[91.8916826,23.4333854],[91.8919477,23.4332618],[91.8923007,23.4330676],[91.8933714,23.4323583],[91.8937075,23.4319621],[91.8943839,23.431435],[91.8952177,23.4313417],[91.8953491,23.4314221],[91.8955848,23.4316084],[91.8958138,23.4318012],[91.8959811,23.4319948],[91.8960874,23.4322209],[91.8960899,23.4323788],[91.896025,23.4326071],[91.8958782,23.4328491],[91.8961276,23.4334712],[91.8971871,23.4342278],[91.8973783,23.4346296],[91.8974832,23.4347672],[91.8977612,23.4350351],[91.8978859,23.4351219],[91.8983436,23.4350589],[91.8985358,23.4350879],[91.898939,23.4354742],[91.8990163,23.4355995],[91.8991802,23.436008],[91.8992373,23.4361525],[91.8995318,23.4370268],[91.8998771,23.4389554],[91.8993782,23.4394486],[91.8991386,23.4403236],[91.8997113,23.4406002],[91.90014,23.4404302],[91.9023109,23.4395798],[91.902783,23.4391249],[91.9035717,23.4383372],[91.9052167,23.4375758],[91.906027,23.4372933],[91.9064582,23.4368515],[91.9068508,23.4369979],[91.9071756,23.437183],[91.9077909,23.4371242],[91.9090573,23.4366712],[91.9103796,23.4367229],[91.9117757,23.4366787],[91.9125145,23.4366372],[91.9130418,23.4366427],[91.9134606,23.4367128],[91.9135741,23.436964],[91.9150268,23.4374624],[91.9155555,23.437986],[91.9164702,23.4386686],[91.9168019,23.4388599],[91.9170843,23.4389635],[91.9171766,23.4387411],[91.9173374,23.4385178],[91.9174728,23.4384212],[91.9175481,23.4384202],[91.9176802,23.4385448],[91.9182107,23.439182],[91.9189218,23.4391218],[91.9195843,23.4385822],[91.9197648,23.4387377],[91.9199642,23.4387918],[91.9201904,23.4388077],[91.9203941,23.4386975],[91.9216092,23.4380366],[91.9216929,23.4368477],[91.9224965,23.4357123],[91.922785,23.4353419],[91.9231015,23.4350091],[91.9237694,23.4339576],[91.9238611,23.4336973],[91.9240044,23.4336638],[91.9242239,23.4336924],[91.9245002,23.4338402],[91.9249493,23.4340995],[91.9254296,23.4341624],[91.9260876,23.434204],[91.9267584,23.4337653],[91.9270527,23.433755],[91.9278421,23.4338832],[91.9282061,23.4339478],[91.928461,23.4340454],[91.9292267,23.4344014],[91.9299588,23.4347957],[91.9300503,23.4349524],[91.9303202,23.435132],[91.9304997,23.4352243],[91.9309363,23.434694],[91.9311589,23.4344887],[91.9313159,23.434455],[91.9314605,23.4345099],[91.9325245,23.4351082],[91.932793,23.4356226],[91.9327954,23.4357742],[91.9327972,23.4358879],[91.9328669,23.4359628],[91.9329973,23.4359799],[91.9331749,23.4359586],[91.9345897,23.4353706],[91.9348612,23.4352216],[91.9348936,23.4351074],[91.9348976,23.4349305],[91.9348944,23.4347284],[91.9345923,23.4342523],[91.9343115,23.4338202],[91.9342403,23.4336506],[91.934218,23.4335435],[91.9342921,23.4334667],[91.9344551,23.4333824],[91.9346796,23.4332908],[91.9348571,23.4332631],[91.9351376,23.4332467],[91.9354584,23.4331854],[91.935615,23.4331264],[91.936335,23.4327691],[91.9365915,23.4325381],[91.9368765,23.4323826],[91.9370126,23.4323302],[91.9372386,23.4323334],[91.9374305,23.4323434],[91.9376574,23.4324035],[91.937771,23.4326547],[91.9378713,23.4329313],[91.9379845,23.4331572],[91.9382462,23.433678],[91.9385199,23.4340912],[91.9386854,23.4341648],[91.9393329,23.4344086],[91.939842,23.4345596],[91.9400977,23.4347077],[91.94025,23.4348067],[91.9404319,23.4350506],[91.9405802,23.4353329],[91.9411998,23.4351159],[91.9414578,23.4349797],[91.9416479,23.434876],[91.941914,23.4348218],[91.9421743,23.4348309],[91.9424358,23.4349094],[91.9426081,23.4349765],[91.9429677,23.435199],[91.9430857,23.4352985],[91.943108,23.4354056],[91.9430963,23.4368083],[91.9430307,23.4374094],[91.9428108,23.4382085],[91.9425833,23.4389634],[91.9424227,23.440046],[91.9423224,23.4406223],[91.9419849,23.4421938],[91.9413867,23.4441668],[91.941208,23.444978],[91.9411454,23.4457686],[91.9410481,23.446528],[91.9409425,23.4467759],[91.9407679,23.4469868],[91.9406628,23.4476895],[91.9407056,23.4490725],[91.9406787,23.4503807],[91.9406001,23.4510262],[91.9401793,23.4521123],[91.9396886,23.453111],[91.9390178,23.4552556],[91.938842,23.4562499],[91.9386775,23.4570925],[91.938389,23.4574629],[91.938058,23.4585983],[91.9379905,23.4590857],[91.9379971,23.4594963],[91.9380382,23.4603487],[91.9385548,23.4605311],[91.9387525,23.4604779],[91.9389512,23.4604815],[91.9390888,23.4605238],[91.9391519,23.4606114],[91.9391752,23.4606775],[91.9390982,23.4614285],[91.9387848,23.4628782],[91.9381178,23.4632968],[91.9378954,23.4632706],[91.9376918,23.4632588],[91.9375286,23.4632976],[91.937392,23.4633506],[91.9369486,23.463871],[91.9368917,23.4639473],[91.9367718,23.4647046],[91.9368848,23.4649955],[91.9366809,23.4659562],[91.936651,23.4660687],[91.9366318,23.4661909],[91.9366352,23.466398],[91.9366622,23.4666024],[91.936751,23.4667035],[91.9369106,23.4667672],[91.9370167,23.466795],[91.9377051,23.4668806],[91.9378532,23.4668883],[91.9379951,23.4668401],[91.9381444,23.4665967],[91.9393989,23.4662334],[91.9405596,23.4659567],[91.9413703,23.4659286],[91.9425996,23.4661311],[91.9436301,23.4667945],[91.9446173,23.4675488],[91.9448944,23.4676936],[91.945003,23.4677092],[91.9450943,23.4676373],[91.9455155,23.4672122],[91.9456008,23.4670965],[91.9456335,23.4669913],[91.9456215,23.4669061],[91.9455488,23.4668194],[91.9454991,23.4666909],[91.9454847,23.4662865],[91.9455028,23.4660985],[91.9455269,23.4659544],[91.9455724,23.465827],[91.9456667,23.4657794],[91.9460715,23.465808],[91.9466886,23.4659043],[91.9470463,23.4661285],[91.9477789,23.466662],[91.947785,23.4668788],[91.9477463,23.4677544],[91.9476963,23.468089],[91.9476613,23.4683795],[91.9476181,23.468814],[91.9476017,23.46927],[91.9476174,23.4694233],[91.9477042,23.4695586],[91.9478922,23.4695853],[91.948133,23.4696088],[91.9485224,23.4696668],[91.948904,23.4697371],[91.9492438,23.4698348],[91.9495203,23.4699383],[91.949643,23.4700146],[91.9496972,23.4700943],[91.9498944,23.4706887],[91.9497942,23.4710265],[91.9495586,23.4711638],[91.9493705,23.4713004],[91.9495588,23.4715074],[91.9497812,23.4716969],[91.9500295,23.4718568],[91.9501225,23.4718872],[91.9506186,23.472012],[91.9517111,23.4724137],[91.9520872,23.4727937],[91.9521206,23.4730613],[91.9522131,23.4732209],[91.9524125,23.4734595],[91.9525786,23.4736034],[91.9535702,23.4741382],[91.9543511,23.4743882],[91.9547767,23.4752111],[91.9549097,23.4754262],[91.9552987,23.4756255],[91.9554395,23.4756723],[91.9555482,23.4756928],[91.9562835,23.4757387],[91.9564866,23.4757164],[91.956659,23.4755946],[91.956734,23.4754912],[91.9570093,23.4747074],[91.9570237,23.4739711],[91.9570336,23.4737662],[91.9570938,23.4735679],[91.9572224,23.4733492],[91.9574437,23.4729879],[91.9575713,23.4728691],[91.9577741,23.4728273],[91.9580517,23.4728381],[91.9586364,23.4728836],[91.9587297,23.4732577],[91.9587718,23.4738982],[91.9587324,23.4740766],[91.9585761,23.4751878],[91.9584802,23.4759569],[91.9583991,23.4773084],[91.9582825,23.4787481],[91.9582843,23.4793501],[91.9583323,23.4794055],[91.9584095,23.4794069],[91.9589238,23.4793461],[91.9592493,23.4792125],[91.9594928,23.4790775],[91.9600105,23.4787388],[91.9618988,23.4778644],[91.9626399,23.4779346],[91.9638395,23.4782592],[91.9649953,23.4783212],[91.9657872,23.4782712],[91.966465,23.4780254],[91.9672854,23.4774558],[91.9675199,23.4770894],[91.9686967,23.4764978],[91.9689255,23.4764312],[91.9691255,23.4763821],[91.9694395,23.47668],[91.9696946,23.4769251],[91.9703012,23.4781524],[91.969816,23.478537],[91.9698177,23.4797727],[91.9698396,23.4801405],[91.9699089,23.4814679],[91.9700974,23.4821673],[91.9698781,23.4833037],[91.9697842,23.4846749],[91.9692171,23.4860331],[91.968906,23.4868808],[91.9689946,23.4874523],[91.9691881,23.4874911],[91.9694379,23.4875778],[91.9696139,23.4876729],[91.9696623,23.4877234],[91.9696744,23.4879791],[91.9696745,23.4884715],[91.9694875,23.48883],[91.9695092,23.4890295],[91.9697122,23.4894825],[91.9699725,23.4897226],[91.9703047,23.4899983],[91.9705298,23.4905119],[91.9706557,23.4911025],[91.9708626,23.4917943],[91.971263,23.4920373],[91.9718755,23.4921604],[91.9728251,23.4923763],[91.9725094,23.4932704],[91.9725815,23.4938007],[91.9726198,23.4942],[91.9725825,23.4945076],[91.9725171,23.4947084],[91.9723023,23.4945018],[91.9719613,23.4943334],[91.9717032,23.4942322],[91.9710411,23.4941439],[91.9706564,23.4951852],[91.969868,23.4957763],[91.9694716,23.4962644],[91.9692415,23.4965796],[91.9686396,23.4977531],[91.9686017,23.4980193],[91.9685254,23.4990124],[91.9685576,23.4992045],[91.9687831,23.4994183],[91.9690548,23.4995462],[91.9693975,23.4996535],[91.9698064,23.4997721],[91.9700337,23.4999299],[91.9701218,23.500148],[91.9701249,23.5006623],[91.9700777,23.5008433],[91.9699386,23.5012279],[91.9699493,23.501396],[91.9701326,23.5016152],[91.9704416,23.5019253],[91.9707358,23.5021382],[91.9709295,23.5023476],[91.9710408,23.5025288],[91.9710782,23.5027111],[91.9710489,23.5030186],[91.9708476,23.5036406],[91.9707224,23.5039055],[91.9706288,23.5040304],[91.9705672,23.5041124],[91.9701503,23.5046374],[91.9698081,23.5050468],[91.9695065,23.5059967],[91.9694607,23.5061895],[91.9694595,23.5061948],[91.9693499,23.5066083],[91.9690591,23.5074118],[91.9689441,23.5076547],[91.9686634,23.5081047],[91.9683057,23.5086971],[91.9681831,23.5089596],[91.9682114,23.5090713],[91.9683068,23.5092479],[91.9683599,23.5094251],[91.9683459,23.5098641],[91.968248,23.5101823],[91.9679068,23.5104917],[91.9677526,23.5105987],[91.9674833,23.5107804],[91.9670655,23.51093],[91.9666609,23.5110794],[91.9661282,23.5113135],[91.9658247,23.5115078],[91.9648809,23.5123082],[91.9647362,23.5125101],[91.96467,23.5126646],[91.9645995,23.5128776],[91.9646032,23.5131067],[91.9647594,23.5136067],[91.9648189,23.5136887],[91.9650314,23.5137516],[91.9653036,23.5139111],[91.9659288,23.5144826],[91.9660769,23.5146536],[91.9662096,23.51501],[91.9662302,23.5150654],[91.9662511,23.5151216],[91.9661445,23.5152303],[91.9658376,23.5155393],[91.9649918,23.5158654],[91.9646393,23.5159702],[91.9642045,23.5158055],[91.9635666,23.5158364],[91.9634325,23.5158773],[91.9632762,23.516016],[91.9631384,23.5163226],[91.963107,23.5166667],[91.9632726,23.5175833],[91.9633882,23.5177011],[91.9635246,23.5177968],[91.9644261,23.5187763],[91.9643938,23.5190693],[91.9643398,23.5191578],[91.9641747,23.5192454],[91.9638044,23.5193943],[91.9634731,23.5195013],[91.9619717,23.5191808],[91.9617482,23.5190913],[91.9612415,23.5187283],[91.960842,23.5184725],[91.960667,23.5184384],[91.960175,23.518416],[91.960083,23.5184513],[91.9599896,23.5185575],[91.9597344,23.5189583],[91.9596627,23.5191007],[91.9596613,23.5193396],[91.9596276,23.5198665],[91.9593116,23.5202658],[91.9590279,23.5205378],[91.9588141,23.5207187],[91.9582458,23.5213676],[91.9576103,23.5227682],[91.9574365,23.523458],[91.9574268,23.5236775],[91.9572118,23.5244295],[91.9564329,23.5254706],[91.9563368,23.5255743],[91.9562808,23.5257067],[91.956265,23.5266892],[91.9565947,23.5281033],[91.9570573,23.529245],[91.9577884,23.5298099],[91.9585225,23.5309729],[91.9588812,23.5321338],[91.9588754,23.5322614],[91.9590259,23.532529],[91.95917,23.5326399],[91.9599501,23.5329862],[91.9603345,23.5330501],[91.9607575,23.5330661],[91.9612318,23.5330741],[91.9614599,23.5330054],[91.9624449,23.5330719],[91.9632229,23.533287],[91.9637436,23.5334729],[91.9640829,23.5341677],[91.964407,23.5348955],[91.9644546,23.535394],[91.9642989,23.5357787],[91.9634483,23.5366868],[91.9631768,23.537248],[91.963236,23.5377281],[91.9627007,23.5385845],[91.9626487,23.5395142],[91.9624122,23.540279],[91.9614375,23.541094],[91.9610825,23.5423486],[91.9608409,23.5430406],[91.9600186,23.5442397],[91.9595894,23.5448177],[91.9594475,23.5450856],[91.9594143,23.5452318],[91.9594914,23.5453546],[91.9596363,23.5455129],[91.9599243,23.5458703],[91.9601992,23.5463468],[91.9590717,23.5474918],[91.9581651,23.5481237],[91.9581946,23.5484804],[91.9582744,23.5487708],[91.9581563,23.549042],[91.9578452,23.5495965],[91.9576243,23.5498618],[91.9573174,23.5501903],[91.9572,23.5502612],[91.9570632,23.5503542],[91.9569443,23.5505744],[91.9568479,23.5509656],[91.9567975,23.5512723],[91.9568596,23.5516868],[91.9569491,23.5518459],[91.9572003,23.5519809],[91.958084,23.5523695],[91.9587719,23.5526259],[91.9588021,23.5527822],[91.9586333,23.5540706],[91.958463,23.5545321],[91.9582395,23.5548849],[91.9579495,23.5560111],[91.9580634,23.5562063],[91.9580666,23.556403],[91.9579833,23.55663],[91.9579144,23.5567658],[91.9577035,23.5569217],[91.9574527,23.5570564],[91.9572586,23.5572704],[91.9566601,23.5581385],[91.9565447,23.5583332],[91.9564872,23.5594161],[91.9564857,23.5595691],[91.9566266,23.5602121],[91.9580889,23.5616675],[91.9584865,23.5620518],[91.9589103,23.5625961],[91.9593451,23.5633225],[91.9594293,23.5636419],[91.959451,23.5637619],[91.9594691,23.5639037],[91.9594676,23.5640495],[91.9593244,23.5642373],[91.95914,23.5643236],[91.958591,23.5645899],[91.9580562,23.5652458],[91.9577657,23.5656142],[91.9577359,23.5657239],[91.9577496,23.5658403],[91.9581505,23.566425],[91.9578858,23.5669242],[91.9576106,23.5672559],[91.9573802,23.5674267],[91.9572949,23.5675298],[91.9576096,23.5686513],[91.9582931,23.5696074],[91.9586279,23.5700181],[91.9588029,23.5705695],[91.9584991,23.5713352],[91.9579886,23.5722714],[91.9574815,23.5726901],[91.9569367,23.573215],[91.9571546,23.573733],[91.9571179,23.5739084],[91.9566778,23.5745557],[91.9564631,23.5747226],[91.9562468,23.5747876],[91.9559907,23.5748385],[91.9556171,23.5752043],[91.9554779,23.5753957],[91.9554322,23.575502],[91.9554845,23.5758037],[91.9555868,23.5760172],[91.9557757,23.5764482],[91.9559212,23.5773789],[91.9556402,23.5778455],[91.9554086,23.5781839],[91.9553394,23.5783088],[91.9554052,23.5784645],[91.955991,23.5796684],[91.9563896,23.5806828],[91.9565886,23.5815335],[91.9561264,23.5820258],[91.9559136,23.5820812],[91.9557914,23.5821573],[91.9557274,23.582307],[91.9556688,23.5825004],[91.9555689,23.5830795],[91.9555146,23.5838287],[91.9555908,23.5841341],[91.9557498,23.5842763],[91.9557704,23.5843723],[91.955716,23.5845307],[91.9555822,23.5847732],[91.9551402,23.5853396],[91.9549947,23.5854423],[91.9546651,23.5859108],[91.9543502,23.5866986],[91.9548461,23.5871119],[91.9549233,23.5871897],[91.9549436,23.5878503],[91.9548977,23.5879516],[91.9548006,23.5881105],[91.9547551,23.5882337],[91.9547537,23.5884394],[91.954785,23.5886141],[91.9548692,23.5888274],[91.9550098,23.5890049],[91.955189,23.5892213],[91.9553934,23.5895205],[91.9555303,23.5897637],[91.9555799,23.5898943],[91.9555674,23.5899995],[91.9554473,23.5902113],[91.9548786,23.5911646],[91.9547254,23.5913768],[91.9536396,23.594123],[91.9533024,23.5955851],[91.9531441,23.5963708],[91.9528661,23.5973813],[91.9524778,23.5983321],[91.9525392,23.5991935],[91.9528565,23.5994299],[91.952901,23.5995343],[91.952923,23.5997179],[91.9528516,23.6000034],[91.9527829,23.6001619],[91.9527315,23.6002107],[91.952442,23.6002279],[91.9522478,23.6002612],[91.9520589,23.6003294],[91.9519277,23.6004363],[91.9519488,23.6005673],[91.9525269,23.6016536],[91.9526444,23.6018708],[91.9527706,23.6020398],[91.9530728,23.6022238],[91.9534778,23.6025947],[91.9532037,23.603557],[91.9531402,23.6040306],[91.9531902,23.6041875],[91.9532329,23.6044758],[91.9533824,23.6054936],[91.9533878,23.6058261],[91.9533241,23.6059977],[91.9532881,23.6061252],[91.9532792,23.6064536],[91.9533345,23.6072231],[91.9537089,23.608054],[91.9538848,23.6083536],[91.9541514,23.6089758],[91.9542601,23.6092326],[91.9542907,23.6093678],[91.9542938,23.609556],[91.9542166,23.6097759],[91.9539114,23.6099946],[91.9535683,23.6102182],[91.9532494,23.6104721],[91.9529544,23.61073],[91.9526786,23.6110052],[91.9525243,23.6111605],[91.9524804,23.6112339],[91.9524318,23.611315],[91.9524095,23.6114028],[91.9524829,23.6115331],[91.9526053,23.611759],[91.9526993,23.6119897],[91.9527511,23.612256],[91.9527454,23.6124924],[91.9527004,23.6132328],[91.9521903,23.6142859],[91.951758,23.6148696],[91.951627,23.614994],[91.9515198,23.6151224],[91.9515043,23.6153415],[91.9515645,23.6155332],[91.9517186,23.6159557],[91.9518525,23.616304],[91.9513868,23.6168794],[91.9512203,23.6168686],[91.9511112,23.6168745],[91.9509318,23.6169426],[91.9507909,23.6170452],[91.9505771,23.6173326],[91.9500778,23.6181843],[91.949768,23.6189983],[91.9495076,23.6196365],[91.9493732,23.6198485],[91.9486085,23.6210277],[91.9484209,23.6214723],[91.9479005,23.6221886],[91.9476954,23.6224321],[91.9475873,23.6225036],[91.9474361,23.6225539],[91.9470569,23.6226072],[91.9467725,23.6226461],[91.9465742,23.6227189],[91.9465093,23.6228205],[91.9464757,23.6230923],[91.9464724,23.6234732],[91.9465134,23.6239541],[91.9466569,23.624311],[91.9469664,23.6246482],[91.9472224,23.6249073],[91.9475782,23.6251694],[91.9477474,23.6253509],[91.9477918,23.6254553],[91.9477843,23.625578],[91.9475116,23.626339],[91.9472372,23.6269993],[91.9471979,23.6277965],[91.9473044,23.6279219],[91.9473532,23.6280001],[91.9472897,23.6281892],[91.9472118,23.6283653],[91.9471139,23.6284805],[91.9470437,23.6285471],[91.9469063,23.6285665],[91.9462754,23.6286277],[91.9455654,23.628493],[91.9450903,23.628784],[91.9446045,23.6298849],[91.944406,23.6299533],[91.9442645,23.6300165],[91.9442036,23.6300699],[91.9439169,23.6308442],[91.9439606,23.6314914],[91.9439487,23.6316404],[91.9434078,23.6325626],[91.9430914,23.6329784],[91.942802,23.6332975],[91.9425856,23.6334274],[91.9424828,23.6335382],[91.9424182,23.6336573],[91.9423635,23.6337981],[91.9423519,23.6339602],[91.9423191,23.634674],[91.9423764,23.634803],[91.9425887,23.6349841],[91.9426435,23.6350308],[91.9429216,23.6351794],[91.9431495,23.6352553],[91.9442091,23.6359971],[91.9448471,23.6366241],[91.9457617,23.6372836],[91.9460081,23.6372967],[91.9464207,23.6373529],[91.9466187,23.6374161],[91.9467363,23.637497],[91.9467605,23.637608],[91.9467264,23.6377156],[91.9465853,23.6378454],[91.9465718,23.6378577],[91.9463648,23.6380463],[91.9459203,23.63851],[91.9457355,23.6387063],[91.9456214,23.638844],[91.9455698,23.6389725],[91.9455365,23.6391296],[91.9455973,23.6392896],[91.945695,23.6395191],[91.9459168,23.6399531],[91.9458274,23.6410675],[91.9457658,23.6422393],[91.9455083,23.6429231],[91.9450858,23.6430856],[91.9449449,23.6432277],[91.9449151,23.643327],[91.9449227,23.6435207],[91.9449613,23.6436933],[91.9451066,23.6438192],[91.9454332,23.6440909],[91.9456367,23.6442201],[91.945798,23.6442343],[91.9457585,23.6451131],[91.9456657,23.6454607],[91.9456421,23.6456589],[91.9456443,23.6457949],[91.9457534,23.6459006],[91.9459288,23.6459559],[91.9460989,23.6459577],[91.9463393,23.6458802],[91.9464505,23.6458333],[91.946585,23.6458521],[91.9466351,23.6459009],[91.9466543,23.6459831],[91.94658,23.6460913],[91.9462719,23.6464171],[91.9458398,23.6468188],[91.9455485,23.6470702],[91.9449735,23.6477666],[91.9448464,23.6479333],[91.9447402,23.6482852],[91.9448047,23.6483998],[91.9449804,23.6484716],[91.9451419,23.6484982],[91.9452318,23.6485176],[91.9452999,23.6485826],[91.9455728,23.6488469],[91.9456548,23.6489406],[91.9455719,23.6490737],[91.9449767,23.6499064],[91.9448747,23.6499655],[91.9447456,23.6500044],[91.944593,23.6499818],[91.944448,23.6498724],[91.9443579,23.6498324],[91.9442685,23.6498378],[91.9441856,23.6499709],[91.9440942,23.6501329],[91.9440438,23.6503356],[91.9440343,23.6505831],[91.9440169,23.6511647],[91.9440222,23.6514945],[91.9438141,23.6519137],[91.9433606,23.6523776],[91.9432724,23.6524571],[91.9428959,23.6524252],[91.9426985,23.6523949],[91.9424775,23.6522907],[91.9423741,23.6522633],[91.9422041,23.6522697],[91.9420081,23.6523219],[91.9417661,23.652585],[91.9416874,23.6526974],[91.9412447,23.6535528],[91.9409176,23.6543653],[91.9401946,23.6550473],[91.940741,23.6556253],[91.9408552,23.6566008],[91.9406351,23.6568306],[91.9404467,23.6570806],[91.9400218,23.6576553],[91.939965,23.6577427],[91.9399664,23.6578293],[91.9400878,23.6578647],[91.9402312,23.6578751],[91.9403411,23.6580303],[91.9399885,23.6586453],[91.9398532,23.6588574],[91.9395056,23.6589529],[91.9393899,23.6589957],[91.9392796,23.6590962],[91.9392017,23.6592621],[91.9392006,23.6594724],[91.9392603,23.6595664],[91.9397372,23.6599928],[91.9398896,23.6600072],[91.9403489,23.6601783],[91.940445,23.6603089],[91.940456,23.6604324],[91.940433,23.6609391],[91.9405139,23.6614709],[91.9406032,23.6616229],[91.9408073,23.6617267],[91.9410413,23.6618834],[91.941131,23.6620037],[91.9411676,23.6621651],[91.9411586,23.6623063],[91.9408082,23.6634339],[91.9406859,23.6647804],[91.9409006,23.6657906],[91.9410684,23.6663471],[91.9412687,23.6664645],[91.941379,23.6666196],[91.9414108,23.6668386],[91.9413916,23.6670529],[91.9412474,23.6672481],[91.9410575,23.6674283],[91.9408968,23.6676603],[91.9408211,23.6678911],[91.9408011,23.6680585],[91.9408248,23.6681209],[91.9412754,23.668637],[91.9416999,23.6689393],[91.9420385,23.6691905],[91.9421133,23.6692574],[91.9421206,23.6693618],[91.9420545,23.6694776],[91.9418819,23.6696784],[91.9417365,23.6698005],[91.9405395,23.6701198],[91.9401161,23.6709351],[91.9400641,23.6715781],[91.9392473,23.6726181],[91.9387068,23.6732105],[91.9386804,23.6733309],[91.9386836,23.6735293],[91.9387445,23.6737896],[91.9388674,23.674023],[91.9391584,23.674489],[91.9395284,23.6749279],[91.9390592,23.6764279],[91.9389276,23.6767065],[91.9386948,23.6770387],[91.9383094,23.6773991],[91.9381371,23.6776156],[91.9379599,23.6778844],[91.9376009,23.6784794],[91.9375418,23.6786839],[91.9374469,23.6801841],[91.9371369,23.681003],[91.9359788,23.6826848],[91.9354488,23.68323],[91.9348889,23.6836763],[91.9345869,23.6839416],[91.9341294,23.6844074],[91.9340184,23.6845552],[91.9340106,23.6847746],[91.9340154,23.6850722],[91.9341164,23.6853633],[91.9342219,23.685576],[91.9343556,23.6857779],[91.9345416,23.6860573],[91.9347128,23.6861281],[91.9349631,23.6861717],[91.9352926,23.686209],[91.9355647,23.6862053],[91.9357917,23.6862126],[91.9360196,23.6862774],[91.9361738,23.6863484],[91.9362382,23.6864729],[91.9362881,23.6867542],[91.9363085,23.6869629],[91.9362721,23.6871722],[91.936275,23.6873498],[91.9364044,23.6876353],[91.9365382,23.6878476],[91.9366761,23.6879606],[91.9374763,23.6879966],[91.9384921,23.6876851],[91.9387231,23.6875931],[91.9389329,23.6875903],[91.9391733,23.687728],[91.9402157,23.6883666],[91.9406764,23.688799],[91.9409489,23.6895212],[91.9409906,23.6896459],[91.9410152,23.6897657],[91.9409601,23.6898657],[91.9405579,23.690242],[91.9411317,23.6910071],[91.9413609,23.6911554],[91.941465,23.6912793],[91.9415102,23.6916234],[91.9414475,23.6919533],[91.9412552,23.6923372],[91.9411007,23.6926056],[91.9409217,23.6927595],[91.9407822,23.6928972],[91.9406595,23.6930243],[91.9406671,23.6931443],[91.9407659,23.6932944],[91.9410122,23.6934477],[91.941338,23.6935999],[91.941545,23.6936684],[91.9418682,23.6937754],[91.942329,23.6938631],[91.9426525,23.6938744],[91.9428445,23.6938247],[91.9434679,23.6937953],[91.9439063,23.6939042],[91.9445794,23.6941457],[91.9447795,23.6942421],[91.9457887,23.6942231],[91.9459515,23.6941216],[91.9459772,23.6939594],[91.9460866,23.6933573],[91.9470692,23.6930983],[91.9473464,23.6930527],[91.9475561,23.6930446],[91.9476875,23.6931055],[91.9478091,23.6932605],[91.9479374,23.6934781],[91.9481158,23.6936376],[91.9484766,23.6938572],[91.9488945,23.6940969],[91.9494591,23.6942876],[91.9506265,23.6945849],[91.9507172,23.6945837],[91.9508074,23.6945511],[91.9516513,23.6941321],[91.9519593,23.6938876],[91.952398,23.6929624],[91.9524361,23.6928627],[91.952492,23.6928149],[91.9527411,23.6927854],[91.9530756,23.6927807],[91.9534619,23.6928224],[91.9537578,23.692881],[91.9545266,23.6930793],[91.9550126,23.6933181],[91.9558533,23.6937504],[91.9561008,23.6936269],[91.9564688,23.6935905],[91.9568494,23.693627],[91.9571572,23.693722],[91.9573634,23.6938445],[91.9575936,23.6940502],[91.9578943,23.6944064],[91.957908,23.6945525],[91.9577434,23.6948942],[91.9572491,23.6958829],[91.9570058,23.6962675],[91.9571697,23.6972784],[91.9572295,23.6974708],[91.9572093,23.6976226],[91.9570073,23.6977559],[91.9565616,23.6978979],[91.9557418,23.6980554],[91.9552754,23.6979783],[91.9547965,23.697823],[91.9544777,23.697749],[91.9542792,23.6977465],[91.9534825,23.6979351],[91.952832,23.698388],[91.9526397,23.6985466],[91.9525746,23.6986004],[91.9523216,23.6987397],[91.9516968,23.6990303],[91.9510628,23.6991069],[91.9509673,23.6991604],[91.9506622,23.6995824],[91.950637,23.6997813],[91.9506594,23.7015096],[91.9512827,23.7025247],[91.9515417,23.7027562],[91.9517401,23.7030981],[91.9518886,23.7035139],[91.9522883,23.7047253],[91.9523014,23.7048347],[91.9522178,23.7049247],[91.9518755,23.705154],[91.9509761,23.705652],[91.9498513,23.706242],[91.949587,23.7063814],[91.9494359,23.7065088],[91.949427,23.7066604],[91.9495917,23.7069988],[91.9498673,23.7075788],[91.9499386,23.7077763],[91.9499318,23.7080584],[91.9498279,23.7083],[91.9498162,23.7096738],[91.9499142,23.7104715],[91.94976,23.7111055],[91.9492573,23.7119376],[91.9489958,23.7122546],[91.9488186,23.7125181],[91.9487199,23.7127284],[91.9482954,23.7138362],[91.9482466,23.7139727],[91.9482776,23.7141394],[91.9484212,23.7145316],[91.9486438,23.7147758],[91.9494512,23.7150706],[91.9500706,23.715173],[91.9504584,23.7154095],[91.9507752,23.7162129],[91.9511993,23.7162668],[91.9513129,23.7163218],[91.9514452,23.7164803],[91.951594,23.7168145],[91.9517962,23.7172863],[91.951898,23.7176715],[91.9520683,23.7180714],[91.9536641,23.7190143],[91.954088,23.7196842],[91.9546476,23.7209305],[91.9546833,23.7210211],[91.9546326,23.7210533],[91.9544756,23.7210554],[91.9541294,23.720969],[91.9535495,23.7207822],[91.9533707,23.7207029],[91.9532532,23.7206134],[91.9528797,23.7205305],[91.9521993,23.7206719],[91.9518667,23.7207896],[91.951406,23.7210097],[91.9511862,23.7211353],[91.9511275,23.7213058],[91.9511765,23.7215942],[91.9513148,23.7221203],[91.9514218,23.7224049],[91.9515334,23.7225479],[91.9516414,23.7226816],[91.9516925,23.7228852],[91.9516626,23.7235707],[91.9512389,23.7248085],[91.9508018,23.7256411],[91.9506618,23.7258473],[91.9505677,23.7259429],[91.9505629,23.7260656],[91.950668,23.7262338],[91.9508544,23.7263601],[91.9511188,23.7264508],[91.9515339,23.7265802],[91.9516844,23.7265939],[91.9518275,23.7265793],[91.9520478,23.7264789],[91.9521256,23.7262295],[91.9522558,23.7260454],[91.9524021,23.7260183],[91.9539695,23.7262576],[91.9541577,23.7264907],[91.954111,23.7267679],[91.9541223,23.7270443],[91.9542044,23.7272663],[91.9543232,23.7274344],[91.9549391,23.7281488],[91.9553258,23.7286275],[91.9553142,23.7287565],[91.9552767,23.7289707],[91.9551304,23.7292116],[91.9549837,23.7294273],[91.9548152,23.7295616],[91.9545691,23.7297536],[91.9543063,23.7299647],[91.9542101,23.7301388],[91.9542004,23.730381],[91.9542239,23.7305692],[91.9542812,23.7307287],[91.954486,23.7309428],[91.9548084,23.7312432],[91.9549395,23.7313262],[91.9550661,23.7313465],[91.9552263,23.7313286],[91.9554469,23.731247],[91.9555884,23.7311319],[91.9557097,23.7310359],[91.9558768,23.731021],[91.9560623,23.7310908],[91.9564507,23.7312551],[91.9567745,23.7314329],[91.9569516,23.7316159],[91.9570985,23.7318308],[91.9571578,23.7321191],[91.9571697,23.7322226],[91.9571115,23.7324215],[91.9568309,23.733013],[91.9568018,23.7331109],[91.9568512,23.7334182],[91.957021,23.733991],[91.9573181,23.7339995],[91.9578063,23.7339959],[91.9586942,23.7340119],[91.9587449,23.7340188],[91.9589884,23.7340519],[91.9594747,23.7341426],[91.9595608,23.7341885],[91.9596144,23.7343386],[91.9596611,23.7344794],[91.9597369,23.7347298],[91.9598026,23.7347823],[91.9601052,23.7347027],[91.9605351,23.7344799],[91.9607957,23.734338],[91.9610466,23.7340266],[91.9612177,23.7338388],[91.9614583,23.7337286],[91.9617402,23.733643],[91.9627496,23.7333587],[91.9629778,23.7333273],[91.9634009,23.7333152],[91.9636209,23.7334064],[91.9646105,23.7335907],[91.9658197,23.7336274],[91.9659665,23.7336254],[91.9662463,23.7336215],[91.9664734,23.7335178],[91.9668766,23.733144],[91.966867,23.7330394],[91.966573,23.7318821],[91.9663199,23.7314361],[91.9660824,23.7309051],[91.9660398,23.730802],[91.9663866,23.7300869],[91.9664603,23.730001],[91.9670815,23.7295807],[91.9673318,23.729439],[91.9689663,23.729806],[91.9703533,23.7306982],[91.9718348,23.7313188],[91.9720392,23.7314982],[91.9723393,23.7316889],[91.9725895,23.7317451],[91.9731707,23.7317968],[91.9740728,23.7318502],[91.9748172,23.7317908],[91.975524,23.7321938],[91.9757507,23.7325717],[91.9758895,23.7327112],[91.9760588,23.7328346],[91.9763844,23.7329118],[91.9767643,23.7329662],[91.9770892,23.7329994],[91.9782684,23.7330835],[91.9782617,23.7328555],[91.9782369,23.7319997],[91.9783741,23.731212],[91.9786421,23.7304854],[91.9789846,23.7295126],[91.979183,23.7289159],[91.9793488,23.7284138],[91.980032,23.7257423],[91.9804895,23.7238784],[91.9805634,23.7236008],[91.9806826,23.723376],[91.9809138,23.7231088],[91.9809736,23.723052],[91.9810448,23.7229844],[91.9812049,23.7229633],[91.9824139,23.7232041],[91.9831181,23.7234709],[91.9835182,23.7237167],[91.9837968,23.7238448],[91.9841812,23.7239714],[91.9844965,23.723219],[91.9848905,23.7228929],[91.9853142,23.7227113],[91.9855644,23.7221481],[91.9856754,23.7218385],[91.9856792,23.7216593],[91.9854505,23.7216594],[91.9853506,23.7216011],[91.9853388,23.7215101],[91.9853512,23.7214345],[91.9854947,23.7210302],[91.9856033,23.7207804],[91.985848,23.7205098],[91.986214,23.7199358],[91.9861907,23.7197664],[91.9859241,23.719327],[91.985751,23.7191849],[91.9854882,23.7189811],[91.9853611,23.718722],[91.9853502,23.7184802],[91.9853725,23.7181719],[91.9854004,23.7177975],[91.9853828,23.7171409],[91.9853287,23.7167613],[91.9852174,23.7164266],[91.9851706,23.7162796],[91.9854433,23.7160495],[91.9859289,23.7156907],[91.9862443,23.7151551],[91.9860201,23.7131274],[91.9859589,23.7129519],[91.9859549,23.7127065],[91.9860597,23.712498],[91.9866299,23.7117153],[91.9867617,23.7111229],[91.987218,23.7100045],[91.9873623,23.7088282],[91.9874266,23.7080074],[91.9880025,23.7065652],[91.9886197,23.7056131],[91.9886842,23.7054819],[91.9888506,23.7049657],[91.9888638,23.7047584],[91.9887839,23.7044604],[91.9887946,23.7035936],[91.9888932,23.7030093],[91.9887514,23.7019913],[91.9886907,23.7018464],[91.9887433,23.7009943],[91.9888402,23.7008089],[91.9889264,23.7007095],[91.989069,23.7005449],[91.9893879,23.7001877],[91.9897491,23.6998681],[91.9902368,23.6986342],[91.9905756,23.6979698],[91.9909093,23.6974973],[91.9915835,23.6964678],[91.9916804,23.6962824],[91.9917196,23.6961361],[91.9917583,23.6959591],[91.9919616,23.6956648],[91.9924461,23.6952439],[91.9928422,23.6950236],[91.9930564,23.6948825],[91.9931864,23.6946889],[91.9932586,23.6945192],[91.9935358,23.6936563],[91.9938185,23.6926246],[91.9941262,23.6915926],[91.9941397,23.6914007],[91.9941366,23.6912166],[91.9940084,23.691019],[91.9937557,23.69034],[91.9937775,23.6891432],[91.9936835,23.6885003],[91.9936141,23.6883326],[91.9936638,23.6878103],[91.9938029,23.6876627],[91.994308,23.6874868],[91.9947478,23.6873886],[91.9948648,23.6869115],[91.9946435,23.6866231],[91.9945826,23.6864706],[91.9946688,23.6861396],[91.994814,23.6858615],[91.9948979,23.6857406],[91.995115,23.6854277],[91.9954971,23.684364],[91.9960672,23.6830905],[91.9962133,23.6828583],[91.9966911,23.6810416],[91.9967733,23.6804729],[91.9968461,23.679843],[91.9979393,23.6789763],[91.9982113,23.6788114],[91.9985863,23.6783229],[91.999132,23.6775866],[91.9991872,23.6774018],[91.9992108,23.6768186],[91.9991813,23.6760444],[91.9992102,23.6757755],[91.9994577,23.674637],[91.9999233,23.6740935],[92.0003403,23.6736275],[92.0004185,23.6733273],[92.0001599,23.6722956],[92.000012,23.6714157],[92.0000096,23.67127],[92.0004081,23.6706968],[92.0006393,23.6705785],[92.0010307,23.6705807],[92.0016391,23.6706104],[92.0017986,23.6706925],[92.0023062,23.6711685],[92.0032392,23.6716922],[92.0034654,23.6717734],[92.0036326,23.6718171],[92.0039404,23.6717974],[92.0048981,23.6717147],[92.0054841,23.6714918],[92.0061691,23.6711216],[92.0064557,23.6708338],[92.0064961,23.6707565],[92.0064847,23.6705726],[92.0065503,23.6700118],[92.00667,23.6697034],[92.0070005,23.6690468],[92.0071406,23.6684619],[92.0069225,23.6683653],[92.00682,23.6682134],[92.0067743,23.6674701],[92.0068034,23.6672166],[92.0075464,23.6653347],[92.0078277,23.6647867],[92.0084599,23.6636959],[92.0086732,23.6635011],[92.0089625,23.6633743],[92.0091119,23.6633492],[92.0092386,23.6634548],[92.0095148,23.6635429],[92.0100901,23.6635884],[92.0102398,23.6635786],[92.0105868,23.6634126],[92.0109737,23.6631464],[92.0112801,23.66305],[92.0115127,23.663016],[92.011646,23.6630218],[92.0118679,23.663188],[92.0119074,23.6632175],[92.0121598,23.663375],[92.0126443,23.6634678],[92.0130361,23.6634929],[92.0132348,23.6634288],[92.0135469,23.6631712],[92.0137433,23.6629614],[92.0137748,23.6628536],[92.0138035,23.6620862],[92.014186,23.6610608],[92.014566,23.6603804],[92.0147532,23.6601247],[92.0150503,23.6599671],[92.0153404,23.6598863],[92.015747,23.6598038],[92.0159551,23.6598008],[92.0160805,23.6598297],[92.0165395,23.6603908],[92.0166595,23.6605961],[92.0167233,23.660925],[92.0167918,23.6610391],[92.0180546,23.6618647],[92.0184078,23.6620745],[92.0193651,23.6625593],[92.0197262,23.6627383],[92.0199354,23.6628043],[92.0200516,23.6627796],[92.020221,23.6624551],[92.0204327,23.6621683],[92.0206396,23.6620964],[92.0208001,23.6622321],[92.0211051,23.6625422],[92.0212484,23.6626476],[92.0219917,23.6627827],[92.0222746,23.662771],[92.0223907,23.6627463],[92.0224147,23.6626846],[92.0223209,23.6625556],[92.022227,23.6624189],[92.0222334,23.6623037],[92.0225395,23.6621843],[92.0227801,23.6621349],[92.0229396,23.6622093],[92.0230837,23.6623606],[92.0231795,23.6626124],[92.023283,23.6628256],[92.0234079,23.6628238],[92.0237977,23.6627339],[92.0239296,23.6626553],[92.0242238,23.662329],[92.0242788,23.6621288],[92.0242468,23.6612166],[92.0239633,23.6606992],[92.0237658,23.6603415],[92.0234446,23.6600547],[92.0231409,23.6598212],[92.0228634,23.6596565],[92.0226693,23.6595058],[92.0225575,23.6592927],[92.0223754,23.6583673],[92.02247,23.6580515],[92.0241158,23.6573915],[92.0247666,23.6574742],[92.0257492,23.657974],[92.0264905,23.6584849],[92.026502,23.6586765],[92.0266199,23.6587515],[92.0267874,23.6588105],[92.0272274,23.6587352],[92.0280031,23.6583253],[92.0288562,23.65806],[92.029189,23.6580399],[92.0294162,23.6581824],[92.0298969,23.6580528],[92.0303352,23.6578778],[92.0309574,23.6572476],[92.0313817,23.6567354],[92.0314335,23.6558603],[92.0322205,23.6556266],[92.0329056,23.6552717],[92.0332291,23.6547072],[92.0332256,23.6545002],[92.0333379,23.6542531],[92.0335186,23.6541048],[92.0342823,23.6534803],[92.0347767,23.6531741],[92.0350584,23.6530934],[92.0353244,23.6530666],[92.0354576,23.6530646],[92.0359574,23.6530805],[92.0366336,23.652695],[92.0367482,23.6525783],[92.036779,23.6524321],[92.0375146,23.6521148],[92.037971,23.6520239],[92.0382026,23.6519362],[92.0387733,23.6517132],[92.0389469,23.6516417],[92.0392427,23.6514074],[92.0393074,23.6512991],[92.0392968,23.6511612],[92.0390845,23.6509188],[92.0389875,23.6505981],[92.0389759,23.6504065],[92.0391615,23.6500587],[92.0401234,23.6488485],[92.0402873,23.6486927],[92.0413446,23.648202],[92.041956,23.6479248],[92.0420976,23.6479304],[92.0421499,23.6480677],[92.0422612,23.6482502],[92.0425057,23.6484307],[92.0428409,23.6485562],[92.0431331,23.6486057],[92.043407,23.6485558],[92.0446,23.6482088],[92.0448982,23.6481201],[92.0450373,23.6479801],[92.045297,23.6476167],[92.0452975,23.6476159],[92.046082,23.6467456],[92.046296,23.6466044],[92.0465373,23.6465933],[92.047573,23.6467931],[92.0477158,23.6468677],[92.0477104,23.6470365],[92.0482596,23.6480026],[92.048623,23.6478286],[92.0493766,23.6480862],[92.0494955,23.6482225],[92.0495162,23.6484599],[92.0498041,23.6492304],[92.0498646,23.6493599],[92.050123,23.6493792],[92.0506472,23.6493639],[92.0509622,23.6492827],[92.0518993,23.6490697],[92.0532612,23.6488659],[92.0541836,23.6487605],[92.0556699,23.6486475],[92.0579065,23.6483614],[92.0589322,23.6479708],[92.0603796,23.6474129],[92.0612519,23.6468173],[92.0612397,23.6465951],[92.0619704,23.6455107],[92.062922,23.6451671],[92.0648737,23.6458673],[92.0657757,23.6460306],[92.0668202,23.6467439],[92.0676737,23.6474754],[92.067987,23.6478564],[92.068939,23.6480717],[92.0692285,23.6479355],[92.0694527,23.6477906],[92.0697705,23.6476371],[92.069957,23.6475672],[92.0705247,23.6475469],[92.0712984,23.647538],[92.0713691,23.6475561],[92.071522,23.6475083],[92.0718428,23.6473764],[92.0721529,23.6472254],[92.0723153,23.6471222],[92.0723507,23.6470593],[92.0724127,23.646876],[92.0724516,23.6467146],[92.0725384,23.6466125],[92.0726623,23.6465435],[92.0728183,23.6465196],[92.073266,23.6466475],[92.0733946,23.6467008],[92.0734714,23.6467669],[92.0738399,23.6472872],[92.0750356,23.6478722],[92.0753552,23.6481196],[92.0757635,23.6483777],[92.0765941,23.6487928],[92.0767374,23.6487907],[92.0774617,23.648636],[92.0779401,23.6484202],[92.0781096,23.6482809],[92.0782939,23.6482374],[92.0784738,23.6482443],[92.0791256,23.6484148],[92.079181,23.6484524],[92.0792045,23.6486105],[92.0791897,23.6488052],[92.0791656,23.6490696],[92.0790568,23.6495584],[92.0787387,23.65],[92.078473,23.6507648],[92.0781127,23.6519271],[92.0779819,23.6520491],[92.0778516,23.6521998],[92.0778361,23.6523585],[92.0778516,23.6525047],[92.0779383,23.652693],[92.0783655,23.6532869],[92.0784647,23.6534487],[92.0785165,23.6535847],[92.0785289,23.653695],[92.0785174,23.6537839],[92.0784535,23.6538569],[92.078297,23.6540008],[92.0780972,23.654503],[92.0789512,23.6553643],[92.0792145,23.6556725],[92.0792552,23.6557679],[92.0792737,23.6563822],[92.0792394,23.6566587],[92.0790119,23.6573726],[92.0789074,23.6575037],[92.0787197,23.6576529],[92.0787116,23.6579363],[92.0787628,23.6581876],[92.0789889,23.6587532],[92.079557,23.6595082],[92.0799982,23.6615133],[92.0800225,23.661861],[92.0800345,23.6621057],[92.0800112,23.6622669],[92.0798825,23.6625088],[92.0795067,23.6633809],[92.079442,23.6635595],[92.0793559,23.6638536],[92.0795062,23.663957],[92.0795726,23.664028],[92.0795629,23.6642226],[92.0794934,23.6645741],[92.0794742,23.6646704],[92.0794077,23.6647434],[92.0791988,23.6648665],[92.0787868,23.6650069],[92.0784787,23.6651243],[92.0783884,23.6651784],[92.0780212,23.6657959],[92.0778904,23.6660715],[92.0778612,23.6661895],[92.0778892,23.6666044],[92.0771717,23.6671598],[92.0770864,23.6671995],[92.076965,23.6672661],[92.0763086,23.668039],[92.0767218,23.6685731],[92.077009,23.6689074],[92.0780622,23.6705843],[92.0788056,23.6710751],[92.0791003,23.6710828],[92.0794237,23.6710972],[92.0795385,23.6711051],[92.0805053,23.671247],[92.0805865,23.6712722],[92.0806797,23.6713837],[92.0808734,23.6717361],[92.0811086,23.6723736],[92.081507,23.6738608],[92.0818137,23.6753158],[92.0822822,23.6763339],[92.0828814,23.6769205],[92.0829108,23.677717],[92.082852,23.6779339],[92.0828298,23.6783087],[92.0828085,23.6787339],[92.082873,23.6791458],[92.0829837,23.6798212],[92.0830127,23.6799888],[92.0830294,23.6800533],[92.0831007,23.6801027],[92.083213,23.6801154],[92.0832936,23.6801047],[92.0835855,23.6799563],[92.0846989,23.680132],[92.0854491,23.680253],[92.0861439,23.6795875],[92.0863013,23.6794939],[92.0864155,23.6794707],[92.086491,23.6794623],[92.0865407,23.6794712],[92.0865752,23.6795115],[92.0865849,23.679617],[92.0865775,23.6797899],[92.0865663,23.680047],[92.0865685,23.6801742],[92.0865781,23.6802772],[92.0866969,23.6803643],[92.0869305,23.6804593],[92.087109,23.6805311],[92.0873262,23.6805807],[92.0874589,23.6805643],[92.087567,23.6804859],[92.0876382,23.6803841],[92.0876434,23.6802328],[92.0881537,23.6793011],[92.0886047,23.6791552],[92.0890924,23.6788719],[92.0899423,23.6782857],[92.0902709,23.6779952],[92.0906098,23.6776974],[92.0914152,23.6771022],[92.0916681,23.676952],[92.0917613,23.676917],[92.0917983,23.6769477],[92.091844,23.6770262],[92.0918458,23.6771294],[92.0917853,23.6772503],[92.0921959,23.677782],[92.093002,23.6782694],[92.0931229,23.6783252],[92.0932641,23.678352],[92.0934456,23.6783013],[92.0935773,23.6782297],[92.0936254,23.6781474],[92.0947017,23.6776898],[92.0975036,23.676945],[92.0984222,23.6767106],[92.0996001,23.676698],[92.0996941,23.6767086],[92.0998264,23.6768195],[92.0999844,23.677062],[92.1005441,23.6782203],[92.1008225,23.6787899],[92.1008627,23.6788493],[92.1009879,23.6788547],[92.1011647,23.6788329],[92.1016892,23.6787171],[92.102333,23.6787195],[92.1024038,23.6787449],[92.1024935,23.678806],[92.102582,23.6789463],[92.1025945,23.6790637],[92.1025391,23.6791774],[92.1023828,23.6793333],[92.1022143,23.6795303],[92.1021867,23.6795955],[92.1022059,23.6796504],[92.1023755,23.6798087],[92.102775,23.6801485],[92.1031951,23.6803223],[92.1039896,23.680889],[92.1036707,23.6814387],[92.1037804,23.682342],[92.1040598,23.6829668],[92.1045277,23.6836416],[92.1049713,23.6842664],[92.1041942,23.6851397],[92.1039862,23.6859865],[92.1048764,23.6871249],[92.1049983,23.6871856],[92.1051884,23.6872615],[92.1053827,23.687408],[92.1059423,23.6878669],[92.1063321,23.6882359],[92.1064349,23.6883784],[92.1070791,23.6891239],[92.1079654,23.6893769],[92.108748,23.6895988],[92.1089205,23.6896832],[92.1090457,23.6897574],[92.109593,23.6901866],[92.1098249,23.6902972],[92.1099845,23.6903138],[92.1101696,23.690273],[92.1104127,23.6901771],[92.1106182,23.6901197],[92.1108712,23.6900861],[92.1115581,23.6900677],[92.1119668,23.6910041],[92.1121541,23.6910882],[92.1129405,23.6915274],[92.1138817,23.692388],[92.1140327,23.692584],[92.1142476,23.6928959],[92.1142886,23.6930501],[92.1143111,23.6933214],[92.114258,23.693659],[92.1141253,23.6938293],[92.1139853,23.6939183],[92.1141681,23.694247],[92.1144742,23.6942098],[92.1148267,23.6941312],[92.115181,23.6939847],[92.1154275,23.6937447],[92.115553,23.6934984],[92.1157411,23.6929605],[92.115786,23.6928268],[92.1159135,23.6921974],[92.1162502,23.6912173],[92.1169414,23.6912749],[92.1181587,23.6910612],[92.1183909,23.6911826],[92.1186717,23.6913849],[92.1188398,23.6915508],[92.1195876,23.6921426],[92.1198328,23.6923318],[92.1206906,23.6926367],[92.1208396,23.6927269],[92.1209343,23.6929101],[92.1210415,23.6933051],[92.1210671,23.6934134],[92.1210508,23.6934951],[92.1210396,23.6938619],[92.1210529,23.6942827],[92.1211885,23.6946121],[92.121339,23.6949521],[92.121391,23.6950599],[92.1218394,23.6950641],[92.1219867,23.6950537],[92.1223271,23.6949536],[92.1228101,23.694911],[92.123772,23.6954345],[92.1238557,23.6954984],[92.1239075,23.6955872],[92.1235741,23.6960839],[92.1232837,23.6966749],[92.1237199,23.6969916],[92.1238617,23.6976739],[92.1238005,23.6977129],[92.1235503,23.6979095],[92.1234602,23.6981526],[92.1233684,23.6996397],[92.123863,23.7000859],[92.1244273,23.700474],[92.1247516,23.7009662],[92.1247151,23.7017381],[92.1245737,23.7024166],[92.1243563,23.7026317],[92.1242117,23.7027941],[92.124146,23.7029146],[92.1241458,23.7030748],[92.1244747,23.703825],[92.1246215,23.7041189],[92.1248753,23.70446],[92.1253475,23.7054742],[92.1253698,23.705569],[92.1254208,23.7057855],[92.1254508,23.7061463],[92.1254161,23.7063532],[92.1263453,23.7068554],[92.1272681,23.7069937],[92.12822,23.7074398],[92.1291051,23.7082821],[92.1296086,23.7092306],[92.1306356,23.7102528],[92.1311039,23.7107129],[92.1315601,23.7109886],[92.1316658,23.7111228],[92.1318088,23.7113705],[92.131907,23.7115836],[92.1319196,23.7116296],[92.1319092,23.7117113],[92.1318461,23.7118127],[92.1317683,23.7119144],[92.1315326,23.7122656],[92.1315522,23.7123739],[92.1318125,23.7129133],[92.1319246,23.71308],[92.132388,23.7135918],[92.1325727,23.713695],[92.1327477,23.7137467],[92.133068,23.7138424],[92.1333232,23.7139254],[92.133517,23.7140447],[92.13411,23.714541],[92.1341008,23.714859],[92.1340672,23.7150525],[92.1340393,23.715213],[92.134327,23.7157981],[92.1348293,23.7161762],[92.1355138,23.7168477],[92.1361457,23.7177101],[92.1366948,23.7183944],[92.1371828,23.7189656],[92.1383446,23.7194316],[92.1390892,23.7201565],[92.1389391,23.7206748],[92.1390078,23.7213881],[92.1394555,23.7215145],[92.1400166,23.7220438],[92.1405271,23.7225468],[92.1406295,23.7229934],[92.141319,23.7241075],[92.1418821,23.7247482],[92.1423012,23.7254182],[92.1424531,23.7259945],[92.1425675,23.7266202],[92.1426284,23.7280534],[92.142469,23.7290391],[92.14246,23.7291968],[92.1424706,23.7292971],[92.1425075,23.729378],[92.1426174,23.7294198],[92.1427978,23.7294443],[92.1429778,23.7294497],[92.1430693,23.729451],[92.1431138,23.7294639],[92.1431651,23.7295256],[92.1434404,23.7299099],[92.1434803,23.7299989],[92.1436733,23.7312265],[92.1442212,23.7328289],[92.1446697,23.733493],[92.1458026,23.7341495],[92.1469805,23.7346831],[92.1478562,23.7351452],[92.1479704,23.7352575],[92.1481707,23.7354066],[92.1487236,23.7356346],[92.148895,23.7356483],[92.149163,23.7356225],[92.1493335,23.7355846],[92.150544,23.7356314],[92.1510209,23.7347441],[92.1510825,23.7343955],[92.1513585,23.734155],[92.1515102,23.734055],[92.15168,23.7339818],[92.1518921,23.7339623],[92.1520545,23.7339707],[92.1521588,23.7340315],[92.1526452,23.7343365],[92.1534825,23.7346253],[92.1541078,23.7344529],[92.1542483,23.7343883],[92.1544893,23.7343384],[92.1546987,23.7343325],[92.1548611,23.7343355],[92.1549293,23.7343589],[92.1559091,23.7351942],[92.1559635,23.7352667],[92.1559855,23.7353397],[92.1559865,23.7358884],[92.1558638,23.7362868],[92.1566836,23.7369208],[92.1577089,23.7376603],[92.1584064,23.738049],[92.1584837,23.7380832],[92.15862,23.7381164],[92.159137,23.738152],[92.1599227,23.7381971],[92.1600947,23.7382461],[92.160793,23.7385179],[92.1609035,23.7385923],[92.1610128,23.7387645],[92.1611378,23.738988],[92.1614745,23.739173],[92.1623505,23.7394802],[92.1626515,23.7394838],[92.1631385,23.7394872],[92.1633981,23.739486],[92.1634981,23.7394681],[92.1636395,23.7392894],[92.1637838,23.7391107],[92.1638771,23.7390495],[92.1646329,23.7389103],[92.1648215,23.7388938],[92.1649576,23.7389189],[92.1652125,23.7389829],[92.1654335,23.7391263],[92.1654992,23.7391714],[92.1656544,23.7394352],[92.165908,23.7397546],[92.1660438,23.7399209],[92.1664216,23.740089],[92.1666873,23.7400845],[92.166808,23.7400798],[92.1669966,23.7400656],[92.1690141,23.739781],[92.1694624,23.7397371],[92.1697339,23.7396816],[92.1701859,23.7394979],[92.1707881,23.7392264],[92.1708866,23.7391563],[92.1710721,23.7396519],[92.1712267,23.7406868],[92.1714703,23.7418701],[92.1716341,23.7424085],[92.1718915,23.7428823],[92.1721022,23.7433776],[92.1722629,23.7440375],[92.1724738,23.7452866],[92.1723804,23.7458897],[92.1723572,23.7463635],[92.1724275,23.7468804],[92.1727784,23.747311],[92.1730592,23.7478709],[92.173174,23.7482301],[92.1732912,23.749027],[92.1733381,23.7494146],[92.1732681,23.7496516],[92.1731513,23.750147],[92.1731663,23.7507799],[92.1735677,23.7518916],[92.1734648,23.7522482],[92.173009,23.7531648],[92.1726216,23.753675],[92.1720676,23.7539777],[92.1714839,23.7542125],[92.1712289,23.7542171],[92.1703068,23.7541316],[92.1697132,23.7539151],[92.1690216,23.7537483],[92.1683251,23.7535859],[92.1673099,23.7535455],[92.1665251,23.753663],[92.1658385,23.7539386],[92.165457,23.7540927],[92.164426,23.7542007],[92.1639355,23.7541377],[92.1632981,23.7547157],[92.1627539,23.7555013],[92.1622685,23.7563501],[92.1621067,23.7564811],[92.1604294,23.7572444],[92.1599046,23.7575515],[92.1597625,23.7579036],[92.1594099,23.7604273],[92.1590912,23.7611227],[92.1590276,23.7616328],[92.1592386,23.7622242],[92.1597686,23.7631947],[92.1598866,23.764698],[92.1602975,23.7655665],[92.1602988,23.7655692],[92.1605344,23.7659665],[92.1607699,23.7663592],[92.160922,23.7665262],[92.1612949,23.766806],[92.1616678,23.7671852],[92.1616679,23.7676818],[92.1613542,23.768359],[92.1609275,23.7687654],[92.1602899,23.7692667],[92.1596081,23.7697499],[92.1592648,23.7699621],[92.1591619,23.770224],[92.1592503,23.7709441],[92.1594811,23.7717453],[92.1595597,23.7724044],[92.1595501,23.7731132],[92.1594177,23.7737046],[92.1591775,23.7742961],[92.1590501,23.7749101],[92.1591091,23.7753119],[92.1591729,23.7757092],[92.1594527,23.776436],[92.159492,23.7767881],[92.1592227,23.77877],[92.1590561,23.7797361],[92.1586786,23.7810319],[92.1582668,23.7821154],[92.1581347,23.7840206],[92.1582821,23.7851808],[92.158459,23.786183],[92.1580765,23.7873207],[92.1581061,23.7882101],[92.1582976,23.7888195],[92.1588523,23.7902234],[92.1589997,23.791009],[92.1585632,23.7921422],[92.1580189,23.7932664],[92.1574598,23.79421],[92.157254,23.7950498],[92.157269,23.7970361],[92.1573576,23.7981421],[92.1575343,23.7984672],[92.15777,23.799334],[92.1578878,23.7998215],[92.1575642,23.8007109],[92.1573142,23.8015101],[92.1574567,23.8027244],[92.1577514,23.8044579],[92.1580904,23.80639],[92.1584736,23.8086067],[92.1585917,23.8097939],[92.1585034,23.8103086],[92.1580178,23.810891],[92.1574635,23.812083],[92.1573459,23.812837],[92.1571843,23.8139882],[92.1570668,23.8156902],[92.1570231,23.8178932],[92.1569057,23.8194869],[92.1568764,23.8205117],[92.1569503,23.8216087],[92.1571862,23.8238253],[92.1572899,23.8264888],[92.158463,23.8278927],[92.1593418,23.8291882],[92.1581839,23.8303125],[92.1580418,23.8313644],[92.1581842,23.8319602],[92.1581549,23.8326104],[92.1578654,23.8329897],[92.1573944,23.8337166],[92.157321,23.8343531],[92.1579397,23.8362446],[92.1579692,23.8366238],[92.1579988,23.8375132],[92.1577488,23.8385832],[92.1572484,23.8397434],[92.1570719,23.8402852],[92.1569542,23.840827],[92.1570427,23.8418788],[92.1573373,23.8425289],[92.1576172,23.843057],[92.1578298,23.843411],[92.1585255,23.8445693],[92.1583834,23.8456527],[92.1576795,23.8477269],[92.1570318,23.8494309],[92.1568431,23.849883],[92.156732,23.8504716],[92.156652,23.8510885],[92.1566521,23.8515986],[92.1567397,23.8520011],[92.1569469,23.8529529],[92.1568972,23.853363],[92.1567999,23.8541673],[92.1563435,23.8552102],[92.1560888,23.8557016],[92.1557842,23.8562893],[92.1555945,23.8565364],[92.1549941,23.8573187],[92.1544904,23.8578702],[92.153677,23.8587698],[92.1528147,23.8597964],[92.1521182,23.8605922],[92.1514114,23.8608902],[92.1508371,23.8609942],[92.1505917,23.8611973],[92.1504298,23.861387],[92.1503217,23.8615676],[92.1502728,23.8617843],[92.1502826,23.8622718],[92.1503317,23.8624975],[92.1504545,23.8626962],[92.1506804,23.862958],[92.1512155,23.8635312],[92.1515543,23.8641],[92.1516328,23.8643076],[92.1516608,23.864556],[92.1516533,23.8647523],[92.1516448,23.8649765],[92.1516201,23.8656304],[92.1516037,23.8661993],[92.1516627,23.8668223],[92.1517034,23.8670935],[92.1517793,23.8675999],[92.1517938,23.8677479],[92.1517703,23.8683501],[92.1517514,23.8688357],[92.1516724,23.869209],[92.1516239,23.8694135],[92.1515454,23.8696664],[92.1514326,23.8699463],[92.1511337,23.8704978],[92.1509663,23.8707861],[92.1501812,23.8720333],[92.1492338,23.8736439],[92.148365,23.8749036],[92.1479478,23.8755989],[92.1475945,23.8763393],[92.1473932,23.8768405],[92.1471774,23.8781813],[92.1469076,23.8804656],[92.1484497,23.8816868],[92.14822,23.8820793],[92.1473455,23.8820151],[92.1464709,23.8819509],[92.1462437,23.8826059],[92.145828,23.8836258],[92.1451015,23.8853143],[92.1445567,23.8863798],[92.1443555,23.8867274],[92.1436682,23.8876981],[92.1433932,23.8881631],[92.1430448,23.8887726],[92.1426962,23.8893324],[92.142274,23.8898787],[92.1418223,23.8904386],[92.1412087,23.8915311],[92.1405313,23.8929713],[92.1403742,23.8934272],[92.1403497,23.8938064],[92.1403693,23.8941044],[92.1404332,23.8942444],[92.1406492,23.8946552],[92.1408162,23.8950614],[92.1408801,23.8953368],[92.1408458,23.8967814],[92.1406643,23.8984789],[92.1405808,23.8987362],[92.1405023,23.8988627],[92.1403549,23.89898],[92.1398689,23.8993638],[92.1396283,23.8996437],[92.1394369,23.8999417],[92.1390637,23.900655],[92.1384304,23.901603],[92.1382782,23.9017972],[92.138121,23.9021223],[92.1379836,23.9025331],[92.1379541,23.9028356],[92.1379296,23.9032148],[92.137969,23.904718],[92.1380918,23.9061266],[92.1377825,23.9075125],[92.1376548,23.9077698],[92.1373995,23.9081852],[92.1369724,23.9086953],[92.136776,23.9089707],[92.1366974,23.9091739],[92.136668,23.9093454],[92.1366483,23.9096479],[92.1366484,23.9109345],[92.1365894,23.9113905],[92.1365866,23.9114036],[92.136506,23.9117742],[92.1363754,23.9121827],[92.1361329,23.9128983],[92.1359266,23.9134671],[92.135637,23.9141398],[92.1347187,23.9156702],[92.1344044,23.9163881],[92.1340754,23.9172548],[92.1336973,23.9185641],[92.1335303,23.9193631],[92.1333045,23.9209883],[92.1331719,23.9216745],[92.1329951,23.9223743],[92.1326169,23.9233584],[92.1320915,23.9245232],[92.1313156,23.9259498],[92.1307312,23.9268707],[92.1295082,23.9287262],[92.1288893,23.9297464],[92.128359,23.9304326],[92.1280496,23.9307215],[92.127691,23.9309427],[92.1274012,23.931042],[92.1270034,23.9310059],[92.1265073,23.9309246],[92.1259425,23.9307847],[92.1251518,23.9304235],[92.1244643,23.9300036],[92.1239076,23.929563],[92.1238783,23.9295399],[92.1229468,23.9288027],[92.1221511,23.9282203],[92.1213653,23.9278456],[92.1198969,23.9273533],[92.1194795,23.9271773],[92.1192094,23.9270328],[92.1189736,23.9268567],[92.1185956,23.9264775],[92.1176772,23.9258364],[92.1171419,23.925579],[92.1167637,23.9254977],[92.1164985,23.9254796],[92.1162088,23.9254796],[92.1159092,23.9255427],[92.1154034,23.9256872],[92.1150105,23.9257594],[92.1148288,23.9257503],[92.1146224,23.9256781],[92.1144997,23.9255968],[92.1142149,23.925195],[92.113935,23.924897],[92.1137091,23.924739],[92.1133014,23.9246938],[92.1128447,23.924775],[92.1121423,23.9252128],[92.1115235,23.9255061],[92.1110766,23.9256732],[92.1106394,23.9257634],[92.109667,23.9259348],[92.1092986,23.9260386],[92.1090384,23.926183],[92.1085505,23.9267631],[92.1083654,23.9272754],[92.1083358,23.9277766],[92.1081589,23.9283183],[92.1077801,23.9286494],[92.1069456,23.9293789],[92.1065771,23.9300786],[92.1059583,23.9305119],[92.1050201,23.9308233],[92.103807,23.9307734],[92.103203,23.9306108],[92.1025105,23.9304075],[92.1004429,23.9299738],[92.0994066,23.9298426],[92.098115,23.929883],[92.0965433,23.9300452],[92.0958801,23.9303024],[92.0953791,23.9306544],[92.0945047,23.9315796],[92.0932126,23.9328207],[92.092343,23.9336557],[92.0917779,23.93473],[92.0916696,23.9357232],[92.0918951,23.936897],[92.0919342,23.9376013],[92.0919141,23.9393258],[92.0920363,23.9411722],[92.0923897,23.9419714],[92.0935434,23.94394],[92.0941033,23.9443554],[92.0946434,23.9447347],[92.0952034,23.9450599],[92.0956207,23.945543],[92.0960184,23.9461526],[92.0965634,23.9471911],[92.0969218,23.9477825],[92.0974669,23.9482837],[92.0977861,23.9487668],[92.0977712,23.9493357],[92.0974665,23.9498502],[92.0975546,23.9510466],[92.0978247,23.9516245],[92.0985024,23.9522747],[92.0998384,23.952758],[92.1002509,23.9531373],[92.1003588,23.9535933],[92.1002995,23.9553223],[92.1002304,23.9565186],[92.1001222,23.9577194],[92.1000922,23.9595432],[92.1003623,23.9600805],[92.1013837,23.9621573],[92.1016193,23.9626811],[92.1016193,23.9628707],[92.1015013,23.9631415],[92.1008676,23.9632633],[92.0997082,23.9632902],[92.0984309,23.963317],[92.0978414,23.9634523],[92.0975955,23.9639624],[92.0969466,23.9657319],[92.0968728,23.9663909],[92.0966515,23.9674699],[92.0961502,23.968323],[92.0954966,23.9687337],[92.0949365,23.9689231],[92.0938656,23.9687468],[92.0933497,23.9687467],[92.0930105,23.9692342],[92.0928631,23.9697624],[92.0928334,23.9704033],[92.0930831,23.9734507],[92.0934365,23.9745613],[92.0940062,23.975505],[92.09433,23.976769],[92.0942414,23.9773785],[92.0935239,23.9782225],[92.0925265,23.9784119],[92.0919958,23.9785472],[92.0919221,23.9786961],[92.0920398,23.9791431],[92.0922313,23.9796939],[92.092349,23.9801679],[92.0922605,23.9807322],[92.0920685,23.9818247],[92.091916,23.982416],[92.0916598,23.9847499],[92.0915661,23.9859868],[92.0915068,23.9872825],[92.0914721,23.9883478],[92.0915603,23.9891153],[92.0917959,23.9898603],[92.0918449,23.9902891],[92.0919003,23.9915531],[92.0919034,23.9916254],[92.0919967,23.9922169],[92.0927925,23.992989],[92.0933329,23.9932148],[92.0940847,23.9933234],[92.0954359,23.9935404],[92.095937,23.9938249],[92.0962514,23.9942268],[92.0965461,23.9947821],[92.0967375,23.995509],[92.0966786,23.9965378],[92.0962083,23.998429],[92.0960317,23.9997258],[92.0968339,24.0002697],[92.0982048,24.0003207],[92.099262,24.0006451],[92.0994822,24.0007656],[92.0994999,24.0008578],[92.0994703,24.0009663],[92.0991635,24.0014831],[92.0990452,24.003176],[92.0990204,24.0040293],[92.0990546,24.0049863],[92.0989758,24.0057086],[92.0986758,24.0065979],[92.0982725,24.0081508],[92.0982134,24.008548],[92.0982572,24.0098707],[92.0981884,24.0100426],[92.0978689,24.0106291],[92.0974656,24.0115815],[92.0969885,24.0130441],[92.096792,24.0130396],[92.0958484,24.0129129],[92.0947573,24.0129307],[92.0946246,24.0134002],[92.0943538,24.0148538],[92.0938571,24.0160319],[92.0927755,24.0174311],[92.0918955,24.0187536],[92.0910942,24.0194486],[92.0902734,24.0195026],[92.0897033,24.0192948],[92.0893792,24.0184956],[92.0891451,24.0170131],[92.0884736,24.0165663],[92.0875492,24.0164672],[92.0865224,24.0166244],[92.0852897,24.0171478],[92.0848902,24.0176201],[92.0834641,24.0178997],[92.0823445,24.0180713],[92.0822899,24.0180797],[92.0812995,24.0182314],[92.0804299,24.0187873],[92.0796107,24.0207564],[92.0789657,24.0215378],[92.0784694,24.0221211],[92.0784309,24.0230711],[92.0775395,24.0251647],[92.0763412,24.0261268],[92.0757897,24.0264416],[92.0737979,24.0269483],[92.072791,24.0275337],[92.0727337,24.0278662],[92.0727333,24.0287762],[92.0727919,24.0294501],[92.0728486,24.0301851],[92.0727514,24.0307588],[92.0729411,24.0318964],[92.073187,24.0325486],[92.0736812,24.0330212],[92.075257,24.0338533],[92.075599,24.0345534],[92.075865,24.035096],[92.0761881,24.0354461],[92.0767205,24.0356213],[92.0774053,24.0350965],[92.0777434,24.035096],[92.0781996,24.0355687],[92.0789219,24.0363389],[92.0792026,24.0369609],[92.0790881,24.0378008],[92.0784603,24.0385531],[92.077303,24.039715],[92.0761235,24.0408171],[92.0746648,24.0417528],[92.0733522,24.0426273],[92.0729012,24.0430471],[92.0728246,24.044139],[92.0727857,24.0461165],[92.0728027,24.0473851],[92.0728211,24.0486101],[92.0728389,24.0497212],[92.0727441,24.0516563],[92.0727436,24.0526714],[92.0726464,24.0540251],[92.0725508,24.05518],[92.0723614,24.0571414],[92.0723608,24.0583839],[92.0722813,24.0598603],[92.0721477,24.0607702],[92.0720524,24.0626356],[92.072014,24.0635632],[92.0717302,24.065437],[92.0717956,24.0661786],[92.0718658,24.0672679],[92.0719095,24.0683333],[92.0718847,24.0690014],[92.0719679,24.069823],[92.0724589,24.0710511],[92.0726849,24.0715749],[92.0729895,24.0719904],[92.0738199,24.0733088],[92.0741294,24.073801],[92.0743308,24.0743474],[92.0743031,24.0754684],[92.0742807,24.0763743],[92.0739354,24.0790331],[92.0739351,24.079787],[92.0735899,24.0819899],[92.0733778,24.0834796],[92.0732939,24.0841793],[92.0733028,24.0861385],[92.073278,24.086617],[92.0731745,24.0872399],[92.07282,24.0884361],[92.0724159,24.0901604],[92.0721301,24.0914334],[92.0718193,24.0937897],[92.0719367,24.0952073],[92.0725759,24.0952391],[92.074051,24.0957318],[92.0747787,24.0960299],[92.0750884,24.0962919],[92.0753585,24.0971091],[92.0753239,24.0976869],[92.07524,24.098373],[92.0750231,24.0996144],[92.0747031,24.100305],[92.0745258,24.100937],[92.0746535,24.1011582],[92.0749289,24.1014834],[92.0756124,24.1015287],[92.0768645,24.1014932],[92.077304,24.102053],[92.0774562,24.102658],[92.0780165,24.1030735],[92.078674,24.1034345],[92.0788967,24.1035568],[92.0800375,24.1040041],[92.0805242,24.1044196],[92.0804748,24.1049523],[92.0791098,24.1048477],[92.0779609,24.1047616],[92.0760863,24.1046419],[92.0755399,24.1049767],[92.0743987,24.1051269],[92.0720607,24.1056002],[92.0706626,24.1059218],[92.0706405,24.1059242],[92.0681102,24.1061986],[92.0662984,24.1063951],[92.060908,24.1085185],[92.0528885,24.1085213],[92.0508953,24.1085219],[92.0488764,24.1064047],[92.0474461,24.1049048],[92.0471977,24.1046644],[92.0437048,24.101688],[92.0419077,24.1014527],[92.0390766,24.1034755],[92.0372875,24.1047538],[92.0342068,24.1047544],[92.030869,24.1033407],[92.0277883,24.1033412],[92.0247079,24.1047559],[92.0232749,24.1056333],[92.02113,24.1069466],[92.0185469,24.1085281],[92.0157228,24.1087641],[92.0118717,24.1080571],[92.0116149,24.1049928],[92.010942,24.1022133],[92.0105877,24.1007498],[92.0109197,24.0988189],[92.0109226,24.0988021],[92.0113577,24.0962712],[92.0114893,24.0938529],[92.0116142,24.0915567],[92.010074,24.0903782],[92.0056517,24.0910551],[92.0039131,24.0913211],[92.0010895,24.0906139],[91.9987793,24.0877852],[91.9998063,24.0842494],[92.0002699,24.079552],[91.9970276,24.0821645],[91.9937638,24.0816088],[91.9934434,24.08156],[91.993022,24.0814958],[91.993018,24.0814952],[91.989705,24.0809862],[91.9885137,24.0798482],[91.9883302,24.079673],[91.9871276,24.0787014],[91.9859538,24.0778349],[91.9848372,24.0772575],[91.983778,24.0765485],[91.9821529,24.0752945],[91.9816947,24.0747954],[91.9812363,24.0740599],[91.9810931,24.0738496],[91.9808926,24.0736658],[91.9806636,24.0736134],[91.980287,24.0737616],[91.9799486,24.0739293],[91.9795482,24.0742975],[91.9794339,24.0744552],[91.9793768,24.0746393],[91.9792625,24.0748233],[91.9789194,24.0752177],[91.9787765,24.0753493],[91.9786335,24.0754545],[91.978519,24.0754809],[91.9782901,24.0754284],[91.9780324,24.0753234],[91.9779179,24.0751658],[91.9778605,24.0750082],[91.977803,24.0745877],[91.9780303,24.0725113],[91.9778294,24.0717229],[91.9777148,24.0714075],[91.9776289,24.0713025],[91.9774857,24.0711975],[91.977314,24.071145],[91.9771709,24.0711714],[91.9768849,24.0712767],[91.9765131,24.0715923],[91.976313,24.0718552],[91.9755706,24.072491],[91.9752301,24.0727826],[91.9746545,24.0732756],[91.9741396,24.0735125],[91.9738535,24.0735389],[91.9736245,24.0734601],[91.9733955,24.0732764],[91.9732808,24.0730662],[91.9732235,24.0728296],[91.9732233,24.0726194],[91.9732804,24.0724354],[91.9733375,24.0723039],[91.9735445,24.0720647],[91.9739134,24.0716384],[91.9741182,24.0714016],[91.9738872,24.0707672],[91.9738281,24.0706634],[91.973678,24.0706482],[91.9733801,24.0708127],[91.9729973,24.0707406],[91.9730263,24.0700815],[91.9734822,24.0697043],[91.9740557,24.0696075],[91.97431,24.0694203],[91.9743379,24.0693882],[91.9732303,24.0694688],[91.9726671,24.0695146],[91.9702885,24.0697897],[91.9696879,24.0706086],[91.9698325,24.071266],[91.9699732,24.0720165],[91.9700834,24.0726404],[91.9700872,24.0733067],[91.969766,24.0736622],[91.9695277,24.0739078],[91.969337,24.0743218],[91.9692968,24.0746886],[91.9693549,24.0749266],[91.9696864,24.0754457],[91.9698998,24.0767417],[91.9698482,24.0770642],[91.9697882,24.0774696],[91.9698592,24.0777207],[91.9703078,24.0783578],[91.9714407,24.0792009],[91.9724494,24.0801632],[91.9724922,24.0802258],[91.9724567,24.0805698],[91.9722517,24.0808616],[91.9718064,24.0814333],[91.9716686,24.0816043],[91.9715623,24.0827619],[91.9716831,24.0831572],[91.9717449,24.0840022],[91.9715601,24.0847025],[91.9712503,24.08524],[91.9709585,24.0863244],[91.9692127,24.086823],[91.9688685,24.0868503],[91.9684406,24.0868009],[91.9678948,24.0866432],[91.9674078,24.0865351],[91.9671226,24.0864856],[91.9669259,24.0864857],[91.9666948,24.0865898],[91.9663802,24.0866937],[91.966036,24.0867752],[91.9657803,24.0867211],[91.9655491,24.0866445],[91.9653229,24.0865634],[91.9650918,24.0865636],[91.9648361,24.0865907],[91.9644624,24.0866452],[91.9642068,24.086722],[91.9631449,24.0871695],[91.9628599,24.0875128],[91.9627177,24.0879056],[91.9626342,24.0882758],[91.9627182,24.0888536],[91.9628316,24.0891921],[91.9629743,24.0894584],[91.963004,24.0896932],[91.9630041,24.0899053],[91.9628912,24.0901943],[91.9627192,24.0903524],[91.9624636,24.0904563],[91.9622914,24.0904835],[91.9619767,24.0905062],[91.9619177,24.0905063],[91.9617456,24.0905064],[91.9616915,24.0905065],[91.9613187,24.0905437],[91.9611457,24.0905609],[91.959828,24.0907467],[91.9592284,24.0913248],[91.9588303,24.0917991],[91.9580098,24.0928648],[91.9577199,24.0933119],[91.9575234,24.0935738],[91.9572629,24.0937862],[91.9570367,24.0939172],[91.9557487,24.0945995],[91.9553751,24.0947306],[91.9550309,24.094812],[91.9539146,24.0948893],[91.9531721,24.0948896],[91.9526017,24.0948899],[91.9524001,24.0949171],[91.9519722,24.0950482],[91.9516576,24.0951793],[91.9507137,24.0956266],[91.9505121,24.095735],[91.9444258,24.0992183],[91.9426161,24.1002427],[91.9421045,24.1005675],[91.9417502,24.1009646],[91.9412777,24.1016506],[91.9410744,24.1019613],[91.9408052,24.1023727],[91.9405297,24.1025893],[91.940215,24.1026614],[91.9398609,24.102589],[91.9393495,24.102336],[91.9389169,24.1021552],[91.9386022,24.1020829],[91.938248,24.102191],[91.9377364,24.1025159],[91.9377226,24.1025254],[91.9372641,24.1028407],[91.9362409,24.1034542],[91.9356113,24.1035984],[91.9353752,24.1035982],[91.9347849,24.1039591],[91.9338794,24.1048977],[91.9332103,24.1054752],[91.9329347,24.1056918],[91.9322658,24.1059442],[91.9317145,24.1066663],[91.9313204,24.1077495],[91.9307299,24.1083994],[91.9300998,24.1094102],[91.9299815,24.1098435],[91.9300988,24.111216],[91.9301768,24.1122994],[91.9301767,24.1125161],[91.9299405,24.1127327],[91.9295076,24.1128409],[91.9289962,24.1127323],[91.9284848,24.1125514],[91.9279732,24.1126234],[91.9275009,24.1129843],[91.9271465,24.1134175],[91.9267526,24.1140674],[91.9266734,24.1149702],[91.9263978,24.1151506],[91.9256106,24.1155835],[91.9248235,24.115872],[91.9244692,24.1160524],[91.9240361,24.1166662],[91.9236816,24.1172439],[91.9212008,24.1200233],[91.9192004,24.121126],[91.9189634,24.1193693],[91.9187861,24.1178963],[91.9186967,24.1170456],[91.9183673,24.1154291],[91.9176541,24.1175221],[91.917057,24.1195491],[91.9161466,24.1218828],[91.9157893,24.1226036],[91.9154695,24.1231831],[91.9145877,24.1247928],[91.9136188,24.1264984],[91.9128195,24.1277905],[91.9119383,24.129236],[91.9111072,24.1306726],[91.9105816,24.1312983],[91.9099817,24.1319045],[91.9093538,24.1323493],[91.9086879,24.132863],[91.9069521,24.134341],[91.9049824,24.1361358],[91.9034299,24.1374712],[91.9027029,24.1377964],[91.9026365,24.1377766],[91.9026064,24.1377364],[91.9024386,24.1373763],[91.9023251,24.1370939],[91.9022311,24.1369274],[91.9021419,24.1368773],[91.9006705,24.1377433],[91.8993975,24.1384932],[91.8984517,24.1390575],[91.8973112,24.1392376],[91.8961586,24.1392124],[91.8956997,24.1390779],[91.8952398,24.1386919],[91.8948136,24.1383893],[91.8941853,24.1379785],[91.8933462,24.1377845],[91.8925526,24.1377671],[91.8920582,24.1377286],[91.8919896,24.1376706],[91.8922526,24.1374048],[91.8922684,24.1373332],[91.8918793,24.1370046],[91.8905525,24.1365271],[91.889954,24.1370737],[91.889886,24.137163],[91.8898564,24.1372162],[91.88934,24.1381497],[91.8893718,24.1382346],[91.8893658,24.1382813],[91.889232,24.138595],[91.8890799,24.1388174],[91.8890145,24.1388524],[91.888761,24.1388605],[91.8883531,24.1388473],[91.8873766,24.1385917],[91.8866486,24.1382257],[91.8851196,24.1385486],[91.8848641,24.1385381],[91.8846266,24.1386017],[91.8844865,24.1387309],[91.8844617,24.1388755],[91.8846629,24.1394053],[91.8844166,24.1409513],[91.8842205,24.1413901],[91.8839646,24.1415735],[91.8840053,24.1420107],[91.8844929,24.1423628],[91.8844317,24.1425607],[91.8842163,24.1427374],[91.8835903,24.1431263],[91.8830656,24.1435762],[91.8824597,24.1437622],[91.8820715,24.1434746],[91.8819946,24.143556],[91.8819304,24.1439194],[91.8819265,24.1440697],[91.8819583,24.1442338],[91.8820104,24.1444331],[91.8809706,24.1458054],[91.8803851,24.1458313],[91.8801301,24.1455304],[91.8796998,24.1452806],[91.8788417,24.1460755],[91.8788276,24.14671],[91.8788752,24.1472155],[91.878544,24.1471711],[91.8784156,24.1471642],[91.8783073,24.1471704],[91.8781856,24.1475882],[91.8782581,24.1479584],[91.8784014,24.1482541],[91.8785068,24.1486564],[91.8784654,24.14901],[91.8783257,24.1497418],[91.8782272,24.1501143],[91.8780177,24.1505151],[91.8784479,24.1508642],[91.8787447,24.150971],[91.8789311,24.1510397],[91.8789796,24.1513889],[91.8782788,24.1520327],[91.8778401,24.1527679],[91.8776585,24.1535531],[91.877035,24.1534895],[91.876457,24.1534427],[91.8767172,24.153726],[91.8767202,24.1543425],[91.8763444,24.1545489],[91.8758136,24.1544721],[91.8755917,24.1546169],[91.8753452,24.1549982],[91.8750503,24.1559596],[91.8752165,24.1562321],[91.8753747,24.1564051],[91.8755524,24.1564133],[91.8758806,24.1563675],[91.8765409,24.1567806],[91.8770227,24.1572971],[91.8768591,24.1582493],[91.8766282,24.1587352],[91.8765739,24.1587322],[91.8763626,24.1588421],[91.8762546,24.1589311],[91.876066,24.1594331],[91.8760792,24.1595446],[91.8763781,24.1598847],[91.8766764,24.1603403],[91.8768203,24.1606523],[91.8766361,24.1610758],[91.8763704,24.1613902],[91.875488,24.1616523],[91.8746618,24.1619884],[91.8743825,24.1624833],[91.8740388,24.1633812],[91.8743052,24.164004],[91.8745921,24.1644205],[91.8748893,24.1650203],[91.8748918,24.1660721],[91.8741633,24.1663458],[91.8740891,24.1663355],[91.8737586,24.1665533],[91.8736353,24.1666629],[91.8736405,24.1667835],[91.8736559,24.1668724],[91.8738281,24.1672595],[91.8738804,24.1673433],[91.8740008,24.1673681],[91.8740641,24.1673114],[91.8740738,24.1671974],[91.8740708,24.1670593],[91.8740727,24.1668639],[91.8741251,24.1668355],[91.8741554,24.1668286],[91.8743431,24.1668781],[91.8747262,24.1674433],[91.8745137,24.1676004],[91.8740821,24.1678544],[91.8739804,24.1679059],[91.8738994,24.1679233],[91.8737747,24.167929],[91.8737153,24.1679053],[91.8737438,24.1680929],[91.873922,24.1689419],[91.8741299,24.1695565],[91.8746322,24.1695509],[91.874937,24.1693118],[91.8749957,24.169217],[91.8753683,24.169252],[91.8759197,24.1694665],[91.8760623,24.1695382],[91.8763402,24.1697164],[91.8761605,24.1701225],[91.8754639,24.1703769],[91.8754476,24.1709076],[91.8755285,24.1710199],[91.8755802,24.1711215],[91.8755649,24.1712085],[91.8755406,24.1712252],[91.8754565,24.17126],[91.8749203,24.1713775],[91.874729,24.1713994],[91.87468,24.171398],[91.8740944,24.1712044],[91.8739856,24.1710137],[91.8741486,24.170895],[91.8740528,24.1708237],[91.8739791,24.1708124],[91.8739201,24.1708142],[91.8735626,24.1709641],[91.8735096,24.1709944],[91.8735128,24.1710557],[91.873577,24.1715996],[91.8737259,24.1725757],[91.8739394,24.1734763],[91.8738781,24.1740433],[91.8726826,24.1751045],[91.8720837,24.174628],[91.8714573,24.1746066],[91.8706826,24.1750797],[91.8703779,24.1758471],[91.8699196,24.1763897],[91.8692769,24.1769674],[91.868679,24.1765583],[91.8677992,24.1768248],[91.8672113,24.176726],[91.8671396,24.1765931],[91.8669428,24.1764727],[91.8668681,24.1764338],[91.8668048,24.1764266],[91.8666358,24.1764148],[91.8664823,24.1764178],[91.8663693,24.1764343],[91.8662054,24.1764664],[91.8661685,24.1764789],[91.8661146,24.1765146],[91.866081,24.1765919],[91.8660947,24.1767057],[91.8663031,24.1768688],[91.8664069,24.1772401],[91.8662225,24.1774943],[91.8658165,24.1778583],[91.8652928,24.1781509],[91.8648839,24.1787457],[91.864878,24.1788567],[91.8648814,24.1789345],[91.86495,24.1791455],[91.8650131,24.1792775],[91.8651408,24.1794407],[91.8652328,24.1796093],[91.8651458,24.1800391],[91.8649521,24.1801865],[91.8635827,24.1799516],[91.8632862,24.180497],[91.8635042,24.1805761],[91.8638844,24.1810047],[91.8638844,24.1810747],[91.8638544,24.181106],[91.8626012,24.181616],[91.8621431,24.1817818],[91.8617724,24.1818296],[91.8616265,24.1818335],[91.8614774,24.1816267],[91.8613313,24.1818254],[91.8616887,24.1824002],[91.8615968,24.1825133],[91.8614881,24.1825987],[91.8613502,24.1826924],[91.8612163,24.1827691],[91.8610228,24.1828575],[91.860937,24.1828726],[91.8608064,24.1828094],[91.8607272,24.1827625],[91.8607983,24.1825018],[91.8608345,24.1823794],[91.8607354,24.182094],[91.8605685,24.1816875],[91.8602971,24.1816431],[91.8601908,24.1817444],[91.8600672,24.1818479],[91.8599766,24.1818341],[91.8596105,24.1816811],[91.8594964,24.1816296],[91.8594408,24.1815564],[91.8593851,24.1814732],[91.8593218,24.1813251],[91.8592875,24.1810838],[91.8584252,24.1807484],[91.8580745,24.1810946],[91.8581278,24.1811619],[91.8580733,24.1813704],[91.8579545,24.1817876],[91.8577826,24.1819417],[91.8576993,24.1819748],[91.8571002,24.1821095],[91.8567653,24.1820049],[91.8567344,24.1819064],[91.8565622,24.1816869],[91.8564756,24.181649],[91.8564164,24.1816278],[91.8560587,24.1815276],[91.8557657,24.1814535],[91.8556947,24.1814374],[91.8556348,24.1814362],[91.8555515,24.1816161],[91.855456,24.1819181],[91.8557963,24.1820915],[91.8557491,24.1824198],[91.855586,24.1827866],[91.8553042,24.1829461],[91.8542062,24.1831463],[91.8539709,24.1828994],[91.8539497,24.182925],[91.8538025,24.1832083],[91.8537028,24.1834558],[91.8539331,24.1842128],[91.8542956,24.184588],[91.8541352,24.1853747],[91.8548279,24.1857773],[91.8551222,24.1869486],[91.8545041,24.1871572],[91.8535392,24.1880185],[91.8529202,24.1886555],[91.8526182,24.1897588],[91.8513454,24.1897654],[91.8513047,24.1904784],[91.8509902,24.1907893],[91.8499551,24.1906859],[91.8496069,24.1902115],[91.8493909,24.1906121],[91.8491774,24.1910364],[91.8488071,24.1909443],[91.8481421,24.1907748],[91.8479292,24.1906806],[91.846987,24.190297],[91.8468529,24.1906945],[91.8459777,24.1913055],[91.846564,24.1923884],[91.8468082,24.1928365],[91.8465388,24.1935583],[91.8461865,24.1940755],[91.8460755,24.1954147],[91.8457184,24.1957598],[91.8453247,24.1956916],[91.8452367,24.1954454],[91.8450483,24.1953964],[91.8448309,24.1955734],[91.8447879,24.1957204],[91.8448168,24.1959199],[91.8448634,24.1961409],[91.8449493,24.1963951],[91.8455497,24.1967119],[91.8453398,24.1972331],[91.8452705,24.1973567],[91.8451616,24.1974353],[91.8449353,24.1974462],[91.8446433,24.1974005],[91.8444238,24.1972984],[91.8443071,24.1971476],[91.8442322,24.1970456],[91.8443007,24.1968725],[91.844357,24.1966027],[91.8442786,24.1965562],[91.8441319,24.1965581],[91.8439923,24.196738],[91.8437149,24.1974976],[91.8441113,24.1982999],[91.844412,24.1989155],[91.8444392,24.1990002],[91.8443788,24.1994186],[91.8443349,24.1995122],[91.8442216,24.1997194],[91.8441665,24.1997835],[91.8440475,24.1999077],[91.8438327,24.2000695],[91.84379,24.200096],[91.8437605,24.2001116],[91.8434973,24.2002451],[91.8433369,24.2003141],[91.8428503,24.2004466],[91.8427803,24.2004604],[91.8425057,24.2005],[91.842383,24.2005544],[91.8421782,24.2006627],[91.842148,24.2007056],[91.8420031,24.200965],[91.8419794,24.2011534],[91.841964,24.2013416],[91.842131,24.2015172],[91.8423207,24.2017092],[91.8428977,24.2019774],[91.8432211,24.2020067],[91.8434713,24.2020215],[91.8436369,24.202018],[91.8439877,24.2019981],[91.844622,24.2017026],[91.8450551,24.2012875],[91.845271,24.2010773],[91.8455432,24.2008857],[91.8458808,24.2006495],[91.8460569,24.2005932],[91.8461026,24.2006454],[91.8462233,24.2008267],[91.846301,24.2010343],[91.8463567,24.2011882],[91.8465269,24.2016638],[91.8466911,24.2021163],[91.8467114,24.202156],[91.8467837,24.2022928],[91.8468323,24.2023476],[91.8470159,24.2025036],[91.8472878,24.2026585],[91.8474238,24.202734],[91.8477606,24.2029009],[91.8478453,24.2029333],[91.8480783,24.203014],[91.8482801,24.2030835],[91.8484823,24.2031736],[91.8487205,24.2033199],[91.8489814,24.203484],[91.8490368,24.2035284],[91.8491597,24.203662],[91.8493445,24.2039932],[91.8494179,24.2042884],[91.8494794,24.2046328],[91.8493214,24.2049504],[91.84905,24.2054743],[91.8488103,24.2059539],[91.8487992,24.2062387],[91.8488133,24.206424],[91.8488318,24.2066182],[91.8490156,24.2076088],[91.8490856,24.2079634],[91.8492409,24.2083812],[91.8493414,24.2085216],[91.8494187,24.2086146],[91.8497457,24.2087843],[91.8501327,24.2087496],[91.8502575,24.2087351],[91.8504289,24.2085642],[91.850513,24.2084626],[91.8506896,24.2082568],[91.8511289,24.2077875],[91.8511706,24.2077586],[91.8512667,24.207711],[91.8513439,24.2076813],[91.8514021,24.207659],[91.8516226,24.2076574],[91.8516553,24.2076773],[91.851882,24.207815],[91.8519094,24.2078636],[91.8520231,24.2081313],[91.8520946,24.208303],[91.8521141,24.208474],[91.8521275,24.2086168],[91.8520599,24.2088753],[91.8518599,24.2091135],[91.8517437,24.2092258],[91.8513958,24.2095214],[91.8512244,24.2096663],[91.8510895,24.2097804],[91.8506248,24.2102424],[91.8499318,24.211292],[91.8498113,24.2114894],[91.84971,24.2116594],[91.8496459,24.2120531],[91.8496505,24.2122642],[91.8496583,24.2124032],[91.8497848,24.2126862],[91.8498308,24.2127539],[91.8504163,24.2131133],[91.8505153,24.2131533],[91.8506969,24.213187],[91.8508926,24.2132166],[91.8510891,24.2132076],[91.8514411,24.2131773],[91.8516162,24.2131493],[91.8517464,24.2131231],[91.8517992,24.2130902],[91.8519086,24.2129896],[91.8520373,24.2128643],[91.8523682,24.2124659],[91.8525457,24.2122343],[91.8526221,24.2121754],[91.8527708,24.2120794],[91.8529145,24.2120145],[91.8531113,24.2119385],[91.8532204,24.21191],[91.8544662,24.2116308],[91.854584,24.2116299],[91.8547358,24.2116468],[91.8548065,24.2116653],[91.8550458,24.2118022],[91.8551291,24.2118722],[91.8551793,24.2123863],[91.8551519,24.2130435],[91.8549604,24.2132614],[91.8547007,24.2134802],[91.8545237,24.2135751],[91.8541808,24.2137239],[91.8537227,24.2138677],[91.8532768,24.214035],[91.8524339,24.2143561],[91.8521125,24.2145262],[91.8517865,24.214707],[91.8515945,24.2148969],[91.8514419,24.2152004],[91.8513334,24.2154775],[91.8513205,24.2158589],[91.8512358,24.2164588],[91.8510393,24.2166595],[91.8508715,24.2167435],[91.8504722,24.2168887],[91.8502812,24.2168395],[91.8500105,24.2166449],[91.8497108,24.2164011],[91.8494347,24.2161656],[91.8493209,24.216096],[91.8490467,24.2159768],[91.8486407,24.2159971],[91.848443,24.2161203],[91.8482534,24.2163166],[91.8481204,24.2165273],[91.8481292,24.2169407],[91.8480022,24.2175389],[91.8478543,24.2176938],[91.8476498,24.2178343],[91.8473487,24.2178037],[91.8471051,24.2176671],[91.8468253,24.2175219],[91.8464418,24.2173266],[91.8463547,24.2173126],[91.8461243,24.2172919],[91.845787,24.2173501],[91.8456949,24.2174698],[91.8456242,24.2176064],[91.8456395,24.2176859],[91.8456819,24.217849],[91.8457732,24.2179814],[91.8458589,24.2180535],[91.846761,24.2188323],[91.8473694,24.2196041],[91.8477313,24.2197717],[91.8481247,24.2198484],[91.8487634,24.2198401],[91.8491035,24.2198142],[91.8494332,24.2198702],[91.8495205,24.2198971],[91.8495683,24.2199481],[91.8497358,24.2201484],[91.8498207,24.2203239],[91.8498565,24.2206703],[91.8496376,24.2209423],[91.8493149,24.2211813],[91.8491187,24.2212528],[91.8486415,24.2213774],[91.8481912,24.2214156],[91.8463881,24.2213024],[91.846226,24.2213054],[91.84589,24.2212925],[91.8456595,24.2212718],[91.8454398,24.2211885],[91.8451844,24.2210755],[91.8447714,24.2207943],[91.8444081,24.220532],[91.8440182,24.2202269],[91.8436683,24.2200742],[91.8433353,24.2201086],[91.8430669,24.2202198],[91.8427977,24.2210374],[91.8426788,24.2218639],[91.8426582,24.2222023],[91.8427369,24.2225868],[91.8429479,24.2228684],[91.8432289,24.2231189],[91.8433522,24.2231906],[91.8435166,24.2232196],[91.8436819,24.2232488],[91.8441758,24.2232919],[91.8447893,24.2233292],[91.8452143,24.2234723],[91.845451,24.2235899],[91.8457376,24.2237477],[91.8460273,24.2239529],[91.8461058,24.2241737],[91.8461072,24.224262],[91.8460086,24.2245734],[91.8458188,24.2249032],[91.8456866,24.2250148],[91.8451042,24.2254747],[91.8447071,24.2257706],[91.8441491,24.2261353],[91.8436136,24.2262909],[91.8432858,24.2263576],[91.8428328,24.2263764],[91.8424056,24.2263905],[91.8416195,24.2262844],[91.8415181,24.2262577],[91.8409204,24.2260349],[91.8404689,24.2258469],[91.8400307,24.2259129],[91.8391245,24.226262],[91.8387717,24.2263804],[91.8387179,24.2263902],[91.8385591,24.2264078],[91.8383171,24.2262691],[91.8382196,24.2262091],[91.8381487,24.2261176],[91.8380643,24.2259859],[91.8374354,24.2255266],[91.8370115,24.2255633],[91.836883,24.2252382],[91.8368456,24.2250187],[91.8368523,24.2248988],[91.8368953,24.2248319],[91.8369474,24.2248052],[91.8371003,24.2247785],[91.8371869,24.2247799],[91.837265,24.224874],[91.8378172,24.2246846],[91.8379235,24.2241182],[91.8375378,24.2237782],[91.8371582,24.222998],[91.8371401,24.2229319],[91.8371604,24.222679],[91.8371863,24.222611],[91.8372028,24.2225743],[91.8374346,24.2221391],[91.8377176,24.2210614],[91.8378679,24.2204944],[91.8382712,24.2204111],[91.8383554,24.2203462],[91.8384893,24.2201909],[91.8384752,24.2198265],[91.837951,24.2189688],[91.8373219,24.2185877],[91.8363772,24.2178956],[91.8353066,24.2178742],[91.8345833,24.2182012],[91.8336789,24.2182844],[91.8334327,24.2181535],[91.8327291,24.218091],[91.8316464,24.2181218],[91.8314851,24.2179716],[91.8315936,24.2178256],[91.8315315,24.2171052],[91.8311572,24.2160164],[91.8305593,24.215726],[91.8301952,24.2154911],[91.8290871,24.2141357],[91.8292648,24.2132463],[91.8292714,24.2131945],[91.8292455,24.2131526],[91.8291959,24.2131151],[91.8291243,24.2130887],[91.8290187,24.2130833],[91.8288628,24.213088],[91.8282841,24.2131159],[91.8281253,24.2131247],[91.8279463,24.2131747],[91.8273433,24.213369],[91.8268324,24.2135608],[91.8261621,24.2132384],[91.825143,24.2125405],[91.8250071,24.2122943],[91.8248354,24.2118429],[91.8248621,24.2113563],[91.8244188,24.2111141],[91.8242961,24.2112464],[91.8241444,24.2113274],[91.8240008,24.2113605],[91.8239016,24.2112842],[91.8235563,24.2108432],[91.8234651,24.210704],[91.8234215,24.2105752],[91.8234182,24.2104921],[91.8234167,24.210454],[91.8235731,24.2103839],[91.8237735,24.2102833],[91.8238322,24.2102335],[91.823859,24.210146],[91.8238507,24.2100834],[91.8237159,24.2100116],[91.8229871,24.21004],[91.8228794,24.2100877],[91.8222683,24.2104292],[91.8219268,24.2105344],[91.8215831,24.2104938],[91.8217153,24.2103954],[91.821737,24.2103584],[91.8217405,24.2102943],[91.8213931,24.2098125],[91.8211744,24.2095932],[91.8208099,24.2092587],[91.820726,24.2092094],[91.82068,24.20921],[91.8205971,24.2092301],[91.8201237,24.2093506],[91.8200144,24.2094909],[91.8200108,24.2095427],[91.8188226,24.2106163],[91.8180872,24.2105971],[91.8176747,24.210522],[91.8175337,24.2103317],[91.8175429,24.21016],[91.8171732,24.2100639],[91.8166625,24.209983],[91.8162009,24.210489],[91.8163342,24.2107611],[91.8163278,24.2108238],[91.8162746,24.2109444],[91.8161561,24.2111556],[91.8155756,24.2117624],[91.8151104,24.2119304],[91.8139662,24.2121833],[91.813236,24.2123166],[91.8129655,24.2123051],[91.8127965,24.2127158],[91.8128552,24.2136291],[91.8122927,24.2141431],[91.8116675,24.2150092],[91.810787,24.216769],[91.8098674,24.2178318],[91.8095098,24.218073],[91.8092072,24.2179996],[91.8086468,24.2178485],[91.8074085,24.2179527],[91.8063818,24.2183991],[91.8059839,24.2186719],[91.8065589,24.2188863],[91.8070795,24.2189183],[91.8071163,24.2191943],[91.8067586,24.2202413],[91.8067131,24.2203739],[91.8066986,24.2204077],[91.8062301,24.2206802],[91.8061176,24.2206941],[91.8053521,24.2203625],[91.8044654,24.2201844],[91.8041179,24.2203794],[91.8034557,24.2202309],[91.8026022,24.2198269],[91.8024845,24.2195868],[91.8021492,24.2194154],[91.8015685,24.2195399],[91.8008855,24.2198138],[91.800209,24.2200714],[91.7990738,24.2204457],[91.7985461,24.2202107],[91.7982544,24.2196876],[91.7979152,24.2195237],[91.7967255,24.2196012],[91.7963145,24.2196306],[91.796131,24.2197103],[91.796016,24.2197771],[91.795911,24.2199864],[91.7958799,24.220109],[91.7950679,24.2199559],[91.7945329,24.219543],[91.7944904,24.2195266],[91.79439,24.2195158],[91.794319,24.2195264],[91.7941441,24.2196471],[91.7941095,24.2197152],[91.7939067,24.2201725],[91.7940024,24.2205253],[91.7940763,24.220584],[91.7940118,24.2207662],[91.7939659,24.2208684],[91.7938819,24.2208985],[91.793791,24.2209008],[91.7933997,24.220838],[91.7928584,24.220534],[91.7926468,24.2204097],[91.7926385,24.2203832],[91.7925069,24.2202216],[91.792372,24.2201108],[91.7918071,24.2198144],[91.7916612,24.2197569],[91.7914557,24.2197692],[91.7914348,24.2197828],[91.7913495,24.2198987],[91.7913398,24.2202206],[91.7913687,24.2203036],[91.7912354,24.2206065],[91.7906386,24.2207772],[91.7903176,24.2208284],[91.7902137,24.2208314],[91.7902051,24.2208008],[91.7901648,24.2207542],[91.7901026,24.220738],[91.7898934,24.2207672],[91.7896343,24.220814],[91.789316,24.2208749],[91.7887614,24.2213559],[91.7885709,24.2215809],[91.7882991,24.2219253]]]}},{"type":"Feature","id":"in-tripura-d-654","properties":{"id":"in-tripura-d-654","name":"Gomati","region":"in-tripura","level":"district","parent":"","source":"LGD via Bharatlas · 2024 snapshot","state_lgd":16,"district_lgd":654,"center":[91.62472093464699,23.519903096906503],"bbox":[91.3752638,23.0836312,91.843269,23.7688903]},"geometry":{"type":"Polygon","coordinates":[[[91.7172319,23.7684127],[91.716522,23.7687809],[91.715585,23.768664],[91.7150259,23.7687501],[91.7144324,23.7688903],[91.7136279,23.7688321],[91.7127888,23.768372],[91.7124544,23.7681544],[91.7123292,23.7680688],[91.7117288,23.767569],[91.7113263,23.7671133],[91.7115172,23.7666527],[91.7113945,23.7663367],[91.7107418,23.7659669],[91.709903,23.7657913],[91.7089069,23.7653628],[91.708784,23.7648438],[91.7087836,23.7642162],[91.7087049,23.7640485],[91.7085676,23.7637558],[91.7079152,23.7637246],[91.7074492,23.7638422],[91.7069194,23.7638695],[91.7066101,23.7631248],[91.7066107,23.7630262],[91.7066145,23.762434],[91.7066417,23.7621655],[91.706678,23.7618065],[91.706712,23.761346],[91.7067037,23.7612901],[91.7066775,23.7611158],[91.7057159,23.7606287],[91.705309,23.7608862],[91.7047205,23.7611709],[91.7032836,23.7616275],[91.7030039,23.7615419],[91.7026651,23.760883],[91.7025717,23.7603954],[91.7022968,23.7600796],[91.7017671,23.7600798],[91.701201,23.7603815],[91.7002666,23.7608795],[91.6996143,23.7610785],[91.698805,23.760993],[91.6984958,23.7606772],[91.6982797,23.7603026],[91.6978431,23.7601312],[91.6961511,23.7601003],[91.6953514,23.7601007],[91.6950423,23.7599834],[91.6950493,23.7598545],[91.6950764,23.7593559],[91.6950709,23.7592659],[91.6950467,23.7588683],[91.6944873,23.7584351],[91.6938054,23.7579749],[91.6928095,23.7577452],[91.6925891,23.758147],[91.6922753,23.7586618],[91.691996,23.7590366],[91.6916528,23.7593798],[91.6908731,23.7598632],[91.6903091,23.760035],[91.68975,23.760148],[91.6889111,23.7600039],[91.687788,23.7599186],[91.6867347,23.7599525],[91.6852961,23.7602272],[91.6847078,23.7603395],[91.6836189,23.7602812],[91.6829321,23.7601686],[91.6816863,23.7604534],[91.6809826,23.7607598],[91.6809792,23.7607613],[91.6809704,23.7607652],[91.6810222,23.7611852],[91.6810494,23.7614057],[91.681059,23.761483],[91.6809954,23.7622279],[91.6808092,23.762544],[91.6799951,23.7629144],[91.6790202,23.7629938],[91.6782861,23.762972],[91.6769737,23.7632224],[91.6762476,23.7634872],[91.6747966,23.763545],[91.6734863,23.763562],[91.673143,23.7637923],[91.6732878,23.7642664],[91.6733002,23.7643069],[91.6732659,23.7645913],[91.6725841,23.7644786],[91.6716815,23.764217],[91.671181,23.7639328],[91.670813,23.7634724],[91.6703763,23.7631565],[91.6701605,23.7630391],[91.6697535,23.7634139],[91.6697536,23.7637842],[91.6695624,23.7640416],[91.6692533,23.7637572],[91.6690079,23.7633239],[91.6688851,23.7627821],[91.6686692,23.7624662],[91.6681051,23.7626379],[91.6671732,23.762462],[91.6668641,23.7624621],[91.6665798,23.7628639],[91.6663935,23.76318],[91.6660502,23.7633787],[91.6652703,23.7635505],[91.66477,23.7636047],[91.6634652,23.763605],[91.6617828,23.7634564],[91.6602916,23.7632536],[91.6594776,23.7645133],[91.6592275,23.7648294],[91.6581385,23.7641388],[91.6576724,23.7637642],[91.6572112,23.7633941],[91.656804,23.7630782],[91.6555925,23.7632183],[91.655156,23.7633041],[91.6547785,23.764189],[91.6544352,23.7645638],[91.6540575,23.7647354],[91.6533118,23.7644466],[91.652939,23.7641577],[91.65263,23.7640133],[91.6522573,23.7643022],[91.6520072,23.7646138],[91.6513204,23.7645869],[91.6509771,23.7645282],[91.6504474,23.764754],[91.6498882,23.7652416],[91.6496381,23.765499],[91.6495809,23.7643564],[91.6495497,23.7641808],[91.6490494,23.7642936],[91.6478329,23.7649529],[91.6473327,23.7652961],[91.646891,23.7679763],[91.6469101,23.7680943],[91.6469371,23.768357],[91.6469456,23.7684473],[91.6468867,23.768673],[91.6462932,23.7686731],[91.6454838,23.7682443],[91.643963,23.7676079],[91.643654,23.7671203],[91.6435607,23.76652],[91.643438,23.7661181],[91.6428788,23.765748],[91.6420106,23.765572],[91.6403624,23.7653689],[91.6399554,23.7655406],[91.6392687,23.7661139],[91.6387684,23.7666557],[91.6383613,23.7671975],[91.6384725,23.7677176],[91.6384839,23.7677708],[91.6384202,23.7682313],[91.6379542,23.7680282],[91.6376185,23.7676927],[91.6370811,23.7675677],[91.6365856,23.7675948],[91.6358989,23.7675949],[91.6352465,23.7673059],[91.6345647,23.7667642],[91.6340691,23.7662179],[91.6336964,23.7655859],[91.6333579,23.7650983],[91.6332353,23.7649268],[91.6329852,23.7648411],[91.6327644,23.7654144],[91.6325437,23.766358],[91.6323524,23.7668726],[91.6322297,23.7671028],[91.6313861,23.7679606],[91.6311359,23.768245],[91.629424,23.7678974],[91.6290218,23.7675814],[91.6283056,23.7670081],[91.6277807,23.7665791],[91.6273147,23.7662631],[91.6268144,23.7661774],[91.6265054,23.7662315],[91.6260345,23.7665159],[91.6257255,23.766859],[91.6254115,23.7670035],[91.6249456,23.7668319],[91.6242294,23.7664842],[91.623734,23.7662856],[91.6233612,23.7661953],[91.6228315,23.7660824],[91.6223017,23.7663938],[91.6220171,23.766913],[91.6216737,23.7672832],[91.6212715,23.7669671],[91.620992,23.766764],[91.6206486,23.7669084],[91.6202758,23.767423],[91.6199274,23.7679647],[91.6194908,23.7684839],[91.6192113,23.7680505],[91.6187796,23.7676803],[91.6181567,23.7678473],[91.6176857,23.7681045],[91.6173767,23.7681362],[91.617004,23.7677027],[91.6166949,23.7672738],[91.6164154,23.7669848],[91.6160721,23.7668132],[91.6157924,23.7669261],[91.6155423,23.7673007],[91.6152331,23.7674723],[91.6147967,23.7672691],[91.6144239,23.7668402],[91.613801,23.7664383],[91.6133399,23.7661493],[91.6128102,23.765892],[91.6123098,23.765919],[91.6118439,23.7659189],[91.6114073,23.7659143],[91.6111621,23.7655712],[91.6106962,23.7650836],[91.6102302,23.7647675],[91.6099213,23.7645688],[91.6092051,23.7644784],[91.6087342,23.7647086],[91.6082682,23.7648801],[91.6058107,23.7646449],[91.6052172,23.7645591],[91.6048789,23.7644146],[91.6045356,23.7639811],[91.6042903,23.7637824],[91.6040402,23.763665],[91.6032653,23.7635521],[91.602235,23.7642064],[91.6017763,23.764391],[91.6012344,23.7642334],[91.600739,23.7640347],[91.6003957,23.7637727],[91.5989979,23.763172],[91.5988459,23.7629102],[91.5995915,23.7626575],[91.6004059,23.7623416],[91.6005629,23.7619985],[91.600097,23.7615967],[91.5983912,23.7605752],[91.596713,23.7596683],[91.5960903,23.7592122],[91.5958451,23.7589818],[91.5955655,23.7588102],[91.5948788,23.7588371],[91.5936967,23.7590355],[91.5922007,23.7592022],[91.5917004,23.7591163],[91.5912689,23.7587415],[91.59096,23.758457],[91.5904597,23.7582807],[91.5899938,23.7582536],[91.5896209,23.7582535],[91.5894052,23.7581631],[91.5891257,23.7578786],[91.5888462,23.7575038],[91.5887532,23.7572465],[91.5879731,23.7575036],[91.5866633,23.7583023],[91.5859127,23.7588439],[91.5849463,23.7592725],[91.5844165,23.7594438],[91.584073,23.7597869],[91.5837882,23.760762],[91.5837536,23.7615339],[91.5835964,23.7621343],[91.5825316,23.7631949],[91.5819085,23.7636777],[91.5816289,23.7636777],[91.5812562,23.7633886],[91.5811633,23.762761],[91.5812617,23.7619575],[91.5810805,23.7613254],[91.5807328,23.7611147],[91.580178,23.7610677],[91.579864,23.7611805],[91.5793343,23.7613519],[91.5789319,23.7614376],[91.5786182,23.7611215],[91.5782505,23.7606067],[91.5779073,23.760146],[91.5774121,23.7598298],[91.5766028,23.7597122],[91.5757935,23.7597391],[91.5751998,23.7600548],[91.5747632,23.7604248],[91.5744145,23.7613683],[91.574007,23.7621988],[91.5734477,23.7627449],[91.5728247,23.7628846],[91.5725108,23.76274],[91.5722952,23.7622252],[91.5723048,23.7603085],[91.5724043,23.759476],[91.573057,23.7587584],[91.5736214,23.7579866],[91.5739357,23.757156],[91.5742841,23.7565873],[91.5747846,23.7559871],[91.5751015,23.7554861],[91.5749764,23.7548946],[91.5749767,23.7543529],[91.5755627,23.7541128],[91.5760362,23.7538973],[91.5763503,23.7534685],[91.5765125,23.7527778],[91.5764833,23.7522947],[91.5761695,23.7518929],[91.5756105,23.7516308],[91.575022,23.7515177],[91.5747131,23.7512016],[91.5742576,23.749696],[91.5742334,23.7491904],[91.5742874,23.748915],[91.5744101,23.7485809],[91.5748175,23.7478001],[91.5752838,23.7472314],[91.575431,23.7469831],[91.5754606,23.7466807],[91.5754559,23.7465754],[91.5754182,23.7462674],[91.575255,23.7455068],[91.5752273,23.7454254],[91.5750097,23.7447891],[91.5743635,23.743001],[91.5740385,23.7424482],[91.5737852,23.7420481],[91.5733746,23.7415051],[91.5726922,23.7406527],[91.5722958,23.7403197],[91.5721816,23.7402377],[91.5717313,23.7399572],[91.5713684,23.7398035],[91.5705725,23.7395837],[91.5698827,23.7394206],[91.5695465,23.7393382],[91.5693432,23.739288],[91.5689069,23.7390667],[91.5687598,23.7389537],[91.5683774,23.7384841],[91.5682942,23.7382718],[91.5683564,23.7373479],[91.5684372,23.7366151],[91.568452,23.7363984],[91.5683982,23.7361952],[91.5683466,23.7360488],[91.5682461,23.7359592],[91.5677508,23.7358642],[91.5673291,23.7358325],[91.5659019,23.7359945],[91.5650927,23.7361657],[91.564666,23.7361655],[91.5645238,23.7361068],[91.5644405,23.7360436],[91.5625874,23.7345801],[91.5617591,23.7338259],[91.5613865,23.7334646],[91.5612136,23.733213],[91.5611661,23.7331439],[91.5610828,23.7329092],[91.5609997,23.7322861],[91.5608484,23.7307962],[91.560584,23.7300512],[91.5602311,23.7294326],[91.5590452,23.7280461],[91.5586432,23.7278067],[91.5583343,23.7277207],[91.5579911,23.7276935],[91.5575154,23.7277566],[91.5567797,23.7278239],[91.5562746,23.7278508],[91.5558284,23.7277874],[91.5554999,23.7277015],[91.5543527,23.7272947],[91.5533918,23.7268337],[91.5523476,23.7263096],[91.5513229,23.7259569],[91.5504943,23.725776],[91.5496706,23.7256762],[91.5475621,23.7255307],[91.5458556,23.7254351],[91.5450859,23.7253444],[91.5445171,23.7252718],[91.5441346,23.7252807],[91.5438109,23.7253844],[91.5436882,23.7254972],[91.5435115,23.7257454],[91.5432661,23.7261561],[91.5431482,23.7264404],[91.5428587,23.7268782],[91.5426967,23.7270225],[91.5424761,23.7270812],[91.5421867,23.727081],[91.5415885,23.7269813],[91.5406079,23.7268544],[91.5395242,23.7267816],[91.5382198,23.7268531],[91.5374548,23.7268662],[91.5373274,23.7268255],[91.5371754,23.726672],[91.537102,23.7265319],[91.536745,23.7249156],[91.5366914,23.7244008],[91.5367751,23.7239539],[91.536839,23.7236967],[91.5369863,23.723453],[91.5374525,23.7229385],[91.5380659,23.7222843],[91.5381788,23.7220812],[91.5382084,23.7218736],[91.5381496,23.7216703],[91.5379831,23.7214897],[91.5376546,23.7212006],[91.5371057,23.7209023],[91.5367529,23.720559],[91.5366305,23.7202925],[91.536327,23.7194166],[91.5362145,23.7190057],[91.5361853,23.718798],[91.5361755,23.71864],[91.53621,23.7184684],[91.5363229,23.7181661],[91.5363526,23.7178997],[91.5363037,23.7177146],[91.5360245,23.7172313],[91.5358776,23.717001],[91.5358188,23.7167708],[91.5357847,23.716554],[91.5358734,23.7159672],[91.535947,23.7157866],[91.5362906,23.7152722],[91.5366537,23.7148344],[91.5371394,23.7143291],[91.5377138,23.7134943],[91.5382586,23.712533],[91.5384893,23.7121133],[91.5385728,23.7119236],[91.5386367,23.7116257],[91.5386074,23.7114812],[91.5385536,23.7112916],[91.5381813,23.7108625],[91.5378236,23.7105824],[91.5376372,23.7105282],[91.537397,23.7105099],[91.5366124,23.7105637],[91.5362054,23.7106402],[91.5356365,23.7108611],[91.5349842,23.7111181],[91.5344743,23.7112847],[91.5340379,23.7113116],[91.5336456,23.7112662],[91.5331407,23.7110764],[91.5328711,23.7109226],[91.5327879,23.7107962],[91.5326754,23.7103898],[91.532563,23.7098164],[91.532343,23.7089179],[91.5321827,23.7087008],[91.5311772,23.7076095],[91.5307228,23.7071649],[91.5294534,23.7066043],[91.5290661,23.7064587],[91.5312415,23.7047665],[91.533088,23.7044938],[91.5341523,23.7040204],[91.5347508,23.7035016],[91.533977,23.7021187],[91.5342568,23.70149],[91.5355647,23.7004184],[91.5366825,23.6993058],[91.5371959,23.6979451],[91.5383004,23.6966693],[91.5393484,23.6962623],[91.5394282,23.6957242],[91.5389649,23.6948749],[91.5388607,23.6945923],[91.5388608,23.6944434],[91.5394103,23.6938974],[91.5399646,23.6934011],[91.540742,23.6923531],[91.541696,23.692138],[91.5418415,23.6921488],[91.5420195,23.6921563],[91.5421176,23.6921112],[91.5422158,23.6920029],[91.5421788,23.6917088],[91.5421376,23.6915243],[91.5419907,23.6912669],[91.5418732,23.691014],[91.5417118,23.6905173],[91.5416825,23.6903142],[91.5416973,23.6902374],[91.5417611,23.6901336],[91.5419916,23.6899712],[91.5425261,23.6896555],[91.5435069,23.6893084],[91.5438503,23.6888572],[91.5438311,23.6882883],[91.5435128,23.6877825],[91.5431599,23.6875829],[91.5428414,23.6874028],[91.5423023,23.6871769],[91.5416357,23.687032],[91.5411457,23.686788],[91.5410674,23.6866254],[91.5409843,23.6861604],[91.5412153,23.6853613],[91.5412159,23.6845217],[91.5411621,23.6841966],[91.5409222,23.683745],[91.5406577,23.6834604],[91.5404176,23.6832932],[91.5400892,23.6832659],[91.539648,23.6832928],[91.5391773,23.6834009],[91.5387214,23.6834909],[91.5385105,23.6834908],[91.5381969,23.6834138],[91.5379863,23.683188],[91.5379226,23.6830389],[91.537761,23.6827815],[91.5373691,23.6824517],[91.5369477,23.6823025],[91.5361782,23.6821215],[91.5349501,23.6814873],[91.5340301,23.6813037],[91.5333943,23.6813973],[91.5330512,23.6813971],[91.532625,23.6812542],[91.5323014,23.6811258],[91.5316448,23.6807732],[91.5310568,23.6804511],[91.5306991,23.6802895],[91.5302726,23.6801854],[91.5300277,23.6801537],[91.529655,23.6801851],[91.5293952,23.6802571],[91.5290667,23.6803788],[91.5287578,23.6803786],[91.5283853,23.6803468],[91.5278806,23.6801072],[91.5275866,23.6798993],[91.5274397,23.679687],[91.5273858,23.6794321],[91.5273764,23.6792671],[91.5274745,23.6790414],[91.527764,23.6787708],[91.5278818,23.6786354],[91.5278966,23.6784413],[91.5278968,23.6782607],[91.5277503,23.677466],[91.5276035,23.6771634],[91.5270744,23.6767523],[91.5265844,23.6765127],[91.5264081,23.676332],[91.5263592,23.6761965],[91.5263103,23.6760024],[91.5263105,23.6758669],[91.5265712,23.6746798],[91.5266203,23.6744721],[91.526748,23.6742148],[91.5268952,23.6740795],[91.5271528,23.6739776],[91.5273855,23.6738721],[91.5275327,23.6737052],[91.5275475,23.6735833],[91.5274986,23.6733305],[91.5272048,23.6730143],[91.5266707,23.6726979],[91.5262151,23.6725621],[91.5258084,23.6723677],[91.5255829,23.6722412],[91.5254017,23.6720876],[91.5253185,23.6719837],[91.5252033,23.6716791],[91.5251571,23.6715051],[91.5251232,23.6709316],[91.5249469,23.670751],[91.5245619,23.6706482],[91.5242462,23.6705699],[91.5238395,23.6703484],[91.5235456,23.670136],[91.5233987,23.6698786],[91.5233989,23.6696528],[91.5235314,23.6695039],[91.5243109,23.6692652],[91.524409,23.6691614],[91.5244729,23.6689628],[91.5242821,23.6686196],[91.5241045,23.6683609],[91.5240837,23.6683307],[91.524003,23.6682131],[91.524003,23.6680777],[91.5241159,23.6679875],[91.5244934,23.6679742],[91.5249637,23.6680919],[91.5255029,23.668169],[91.5257136,23.6681691],[91.5258755,23.6680789],[91.526008,23.6679301],[91.5261061,23.6677946],[91.5261552,23.6676141],[91.5261701,23.6673704],[91.5261212,23.6671581],[91.5259401,23.6669639],[91.5256167,23.6667695],[91.5251903,23.6666654],[91.5246072,23.6665882],[91.5242152,23.6665113],[91.5239407,23.6664208],[91.5236125,23.6661496],[91.5233531,23.6657476],[91.5232903,23.6645874],[91.5233552,23.6632511],[91.5234193,23.662592],[91.5239734,23.6624705],[91.5245675,23.6624395],[91.5255859,23.6623678],[91.5259144,23.6622326],[91.526091,23.662025],[91.5261894,23.6616774],[91.5261258,23.6614382],[91.5258325,23.6605169],[91.5254262,23.6598711],[91.5253283,23.6596724],[91.5253138,23.6594331],[91.5253434,23.6591622],[91.5255741,23.6587741],[91.5256723,23.6584717],[91.5255745,23.6582775],[91.5254147,23.658156],[91.5251482,23.6581102],[91.5248051,23.6581416],[91.5242615,23.6585203],[91.5236969,23.6588902],[91.5231429,23.6590434],[91.5224616,23.659088],[91.5221185,23.6590246],[91.5200615,23.6581655],[91.519823,23.6580075],[91.5197595,23.6578269],[91.5199064,23.6576622],[91.5203275,23.6576672],[91.5206651,23.6577656],[91.5211247,23.6577327],[91.5214042,23.6575524],[91.5214681,23.6573267],[91.5215322,23.6568797],[91.521504,23.656472],[91.5212587,23.6557012],[91.5207546,23.6549018],[91.5203565,23.654521],[91.5202012,23.6543777],[91.5199072,23.6542737],[91.5196474,23.654287],[91.519059,23.6546613],[91.5185149,23.6547241],[91.5182995,23.654575],[91.5180254,23.6541549],[91.517634,23.6533149],[91.5175851,23.653193],[91.5175362,23.6530124],[91.517473,23.6524886],[91.5173261,23.6522764],[91.5171449,23.6521092],[91.5168558,23.6520502],[91.5164294,23.6520183],[91.5156306,23.6520629],[91.5154053,23.6519589],[91.5153368,23.6517918],[91.5153565,23.6516158],[91.5156936,23.6513392],[91.5160235,23.651088],[91.5163816,23.6507],[91.5163672,23.6504292],[91.5161703,23.6502069],[91.5157207,23.6498237],[91.5152799,23.6495525],[91.5149027,23.6493581],[91.5145793,23.6492811],[91.5139911,23.6493574],[91.5136481,23.6494294],[91.5134374,23.6494157],[91.513212,23.6492214],[91.5131633,23.6490273],[91.5131929,23.6488015],[91.5134382,23.6485309],[91.5137177,23.6481834],[91.5137178,23.6480796],[91.5136003,23.6479576],[91.5132132,23.647867],[91.5126878,23.6479118],[91.5124781,23.6479116],[91.5122528,23.6478212],[91.5120079,23.6476404],[91.5110776,23.6467097],[91.5109015,23.6463484],[91.5108039,23.6458833],[91.5105994,23.6458011],[91.5104028,23.6459821],[91.5097472,23.6466459],[91.509485,23.6468268],[91.5093868,23.6467966],[91.5090923,23.6464339],[91.5087356,23.646148],[91.5085836,23.6461389],[91.5085053,23.6461614],[91.5084218,23.6462877],[91.5083678,23.6464141],[91.5083389,23.6466447],[91.5084043,23.6468561],[91.5084366,23.647316],[91.5084362,23.6477317],[91.5084103,23.6480574],[91.5083318,23.6482154],[91.5082141,23.6483507],[91.5080571,23.6484499],[91.507812,23.6485671],[91.5076061,23.6486031],[91.5071651,23.6485666],[91.5067292,23.6483134],[91.5062932,23.6480828],[91.5058131,23.6479425],[91.505622,23.6479468],[91.5054405,23.6480596],[91.5053718,23.6481859],[91.5053226,23.6484117],[91.5053762,23.6486961],[91.5055657,23.649437],[91.5056339,23.6497743],[91.5056639,23.6501094],[91.5055506,23.6505126],[91.5054857,23.6508694],[91.5055182,23.6512317],[91.5056489,23.6515036],[91.505878,23.6516849],[91.5062053,23.6518059],[91.5065001,23.6518364],[91.5067293,23.6518064],[91.5070897,23.6517463],[91.5073516,23.6518068],[91.5074825,23.6519882],[91.5081384,23.6530652],[91.5081053,23.6534275],[91.5080396,23.6537294],[91.50781,23.6540009],[91.5074823,23.6542422],[91.5066961,23.6543322],[91.5064669,23.6544225],[91.5064667,23.6545433],[91.5064665,23.6546942],[91.5065317,23.6551472],[91.5066156,23.6553957],[91.5064651,23.656234],[91.5062021,23.6572906],[91.506142,23.6575881],[91.504536,23.6587644],[91.5038482,23.6588242],[91.5035533,23.6589448],[91.5034549,23.6590956],[91.5034874,23.6593372],[91.5035527,23.6595486],[91.5037816,23.6599413],[91.5040759,23.6604246],[91.5040427,23.6609077],[91.5038787,23.6612094],[91.5030914,23.6624165],[91.5027706,23.6626822],[91.5023447,23.6628327],[91.5010672,23.6628921],[91.5004122,23.6628312],[91.5000846,23.6629517],[91.4991669,23.6635245],[91.4985442,23.6639166],[91.4981182,23.6640973],[91.497418,23.6642416],[91.4965057,23.6643577],[91.4962312,23.6645478],[91.495854,23.6649594],[91.4950282,23.6660392],[91.4948633,23.6671872],[91.495403,23.6677963],[91.4945609,23.6688533],[91.4946206,23.6699052],[91.4948569,23.6710697],[91.494318,23.6713455],[91.4937152,23.6714589],[91.492151,23.670846],[91.4911257,23.6697903],[91.4900469,23.6692358],[91.4894439,23.6691775],[91.4871208,23.669432],[91.4863471,23.6702948],[91.4857068,23.672557],[91.486257,23.6741323],[91.4866001,23.6743681],[91.4877726,23.6751741],[91.4881308,23.6756794],[91.487834,23.676918],[91.4878023,23.6770233],[91.4876856,23.6767702],[91.4874511,23.6765527],[91.4868639,23.6762979],[91.4861196,23.6760788],[91.4854928,23.6759322],[91.4851797,23.6757867],[91.4849064,23.6754608],[91.4844789,23.6744843],[91.4842837,23.6742669],[91.4839705,23.6741214],[91.4835003,23.6740476],[91.482601,23.6733584],[91.4822887,23.6729962],[91.4819754,23.6729229],[91.4812694,23.6729567],[91.4805241,23.6729903],[91.4800144,23.6729886],[91.4797402,23.6729154],[91.4793886,23.6725892],[91.4791156,23.6721911],[91.4786471,23.6716838],[91.4780608,23.6712123],[91.477513,23.6709216],[91.4772393,23.670704],[91.4772011,23.670451],[91.4771653,23.6695842],[91.4770118,23.6687529],[91.4768567,23.668319],[91.4766616,23.6680656],[91.4763878,23.6678841],[91.4756825,23.6677733],[91.4739264,23.6674703],[91.4734846,23.6665992],[91.4729547,23.6658727],[91.4723268,23.6651824],[91.4719982,23.664853],[91.4716942,23.6646952],[91.4711844,23.6645465],[91.470351,23.6643845],[91.4695226,23.6642632],[91.4689686,23.6640783],[91.4686204,23.6638258],[91.4681004,23.6632347],[91.4677523,23.6629505],[91.4670168,23.6626168],[91.4664139,23.6624186],[91.466056,23.6623871],[91.4655169,23.6623965],[91.46541,23.6624178],[91.4654035,23.662419],[91.4646973,23.6625593],[91.4644682,23.6626048],[91.4638506,23.6626683],[91.4631351,23.6627185],[91.4628507,23.6626644],[91.4627331,23.6625922],[91.4620409,23.6608319],[91.4618786,23.6600555],[91.4618928,23.6593015],[91.4621421,23.6582811],[91.4622104,23.6577303],[91.4621707,23.6572202],[91.4620674,23.6566469],[91.4617825,23.6556629],[91.4616106,23.6549993],[91.4614876,23.6542997],[91.4612863,23.6536993],[91.4609427,23.6530133],[91.4606629,23.6522324],[91.4604467,23.6514334],[91.4602451,23.6503591],[91.4599602,23.6492893],[91.4596556,23.6481879],[91.4594146,23.6468562],[91.4593604,23.64645],[91.4594092,23.6460842],[91.4595314,23.6456643],[91.4596488,23.6453798],[91.4596877,23.6450006],[91.4596778,23.6446213],[91.459609,23.644337],[91.459501,23.6440797],[91.4588636,23.6435428],[91.4584616,23.6433308],[91.4580157,23.643331],[91.4567219,23.6433859],[91.4554673,23.6432783],[91.4546781,23.6429942],[91.4535606,23.6425163],[91.4528642,23.6418394],[91.4523785,23.64086],[91.4517068,23.6403457],[91.4510891,23.6398855],[91.4498782,23.639078],[91.4492803,23.638848],[91.4487215,23.6387941],[91.4483538,23.6383699],[91.4479662,23.6374626],[91.4476372,23.6363071],[91.4477346,23.6351649],[91.447832,23.6341896],[91.4481597,23.6329074],[91.4481986,23.6324242],[91.4480788,23.6322286],[91.4480024,23.6321038],[91.447713,23.6318014],[91.4471151,23.6314632],[91.4463063,23.6310166],[91.4452819,23.6304843],[91.4441447,23.6298979],[91.4433163,23.629203],[91.4422722,23.6284405],[91.4410175,23.6277819],[91.4402822,23.6274437],[91.4394343,23.6266991],[91.4386646,23.6259455],[91.4373166,23.6248264],[91.4370076,23.6242396],[91.4370269,23.6236167],[91.4372177,23.6231019],[91.4380847,23.6225688],[91.4389176,23.6222479],[91.4401522,23.6221391],[91.4402845,23.6220487],[91.4403432,23.6218907],[91.4396077,23.620821],[91.4390292,23.6201667],[91.4384996,23.6190788],[91.438112,23.6180812],[91.4374942,23.6172824],[91.4361804,23.6158563],[91.4347307,23.6143868],[91.4340165,23.6136756],[91.433032,23.6122528],[91.4326457,23.6112391],[91.4326646,23.6101718],[91.4329343,23.6094069],[91.4328569,23.6089444],[91.4325481,23.60866],[91.4320658,23.6086068],[91.4316333,23.6086145],[91.4305837,23.6087512],[91.4302637,23.6087929],[91.4298392,23.6087219],[91.4295691,23.6086153],[91.4289515,23.6080996],[91.4276198,23.6068194],[91.4267706,23.6057347],[91.4258055,23.6042585],[91.4250912,23.6029603],[91.4245895,23.6024802],[91.4242808,23.6023913],[91.4238371,23.602427],[91.4234513,23.6025339],[91.4227183,23.6027832],[91.4223829,23.6028292],[91.4219777,23.6025803],[91.4215531,23.6021891],[91.4209356,23.6013889],[91.4199707,23.6006064],[91.4192762,23.6004643],[91.4186396,23.6004289],[91.4175786,23.6004826],[91.4172892,23.6003937],[91.4168262,23.6000737],[91.4164016,23.599558],[91.4153016,23.5981885],[91.4148577,23.5975484],[91.4149199,23.5967965],[91.4148425,23.5959783],[91.4145337,23.5955159],[91.4139935,23.5950891],[91.4135112,23.5950003],[91.4127589,23.5949294],[91.4116979,23.5948229],[91.4107333,23.5944674],[91.4104053,23.5942539],[91.4094792,23.5934538],[91.4083627,23.5926268],[91.4064334,23.5910086],[91.4058436,23.5905115],[91.4057581,23.5904395],[91.4047741,23.5894791],[91.4043496,23.5888033],[91.4035586,23.5879318],[91.4031727,23.587594],[91.4024976,23.5873273],[91.4011739,23.5871761],[91.4008653,23.5869449],[91.4005566,23.586607],[91.4003636,23.5860912],[91.4002471,23.5859694],[91.4000663,23.5857803],[91.399584,23.5855135],[91.3993332,23.585389],[91.3987546,23.5852646],[91.3986259,23.5852156],[91.3978673,23.5849267],[91.397655,23.5847667],[91.3976281,23.5846467],[91.3976051,23.5845441],[91.3976243,23.5843485],[91.3978171,23.5832456],[91.3976047,23.5824629],[91.3977589,23.5817158],[91.3983927,23.5802322],[91.3986625,23.5796985],[91.399376,23.5786845],[91.3995109,23.5778129],[91.3994335,23.5767812],[91.3992019,23.575714],[91.399356,23.5746823],[91.3992208,23.5737929],[91.3988359,23.5725605],[91.3986234,23.5707462],[91.398353,23.5683804],[91.3985071,23.5676511],[91.3984876,23.5664949],[91.3986031,23.5650718],[91.3985306,23.5643928],[91.3985304,23.5631298],[91.3985109,23.5620092],[91.3983179,23.5615645],[91.3976235,23.5606396],[91.3972185,23.5602661],[91.3970769,23.5601962],[91.3966785,23.5599994],[91.3957142,23.5596438],[91.3954056,23.559377],[91.395232,23.5591102],[91.394904,23.5583988],[91.3948075,23.5578057],[91.3948197,23.5577072],[91.3949616,23.5565605],[91.3947878,23.5549596],[91.394537,23.5543015],[91.394537,23.5539635],[91.3949337,23.5537007],[91.3966827,23.5529285],[91.3968459,23.5528564],[91.397686,23.5520139],[91.3981242,23.5510366],[91.3983796,23.5495877],[91.3984099,23.5482871],[91.3979372,23.5485535],[91.397286,23.5486214],[91.3970362,23.5483866],[91.396855,23.5480887],[91.397036,23.5475198],[91.3976871,23.5457816],[91.3987003,23.5436459],[91.3988326,23.5431107],[91.3989156,23.5427746],[91.3988811,23.541673],[91.3990671,23.5406527],[91.3988514,23.5399213],[91.3985624,23.5390817],[91.3979453,23.538549],[91.3963881,23.5378134],[91.3958444,23.5373124],[91.395482,23.5366803],[91.3957364,23.5357096],[91.3965686,23.534608],[91.3966763,23.5341068],[91.3967497,23.5332354],[91.3971118,23.5321338],[91.397474,23.5317004],[91.3982721,23.5313345],[91.3998976,23.530797],[91.4016259,23.5303182],[91.4020617,23.5300834],[91.402277,23.5296499],[91.4022427,23.5292842],[91.4020615,23.5290811],[91.4018069,23.5289818],[91.4011899,23.528851],[91.4009401,23.5284808],[91.4014098,23.5273115],[91.4015907,23.525641],[91.4013701,23.5242053],[91.4010125,23.5236049],[91.4007921,23.5234379],[91.3999941,23.5235374],[91.3987311,23.5243051],[91.3967188,23.5248743],[91.3960333,23.5249421],[91.3952009,23.5244094],[91.3947651,23.5243418],[91.3934237,23.524676],[91.3923024,23.5244775],[91.3915043,23.5242745],[91.3911812,23.5242745],[91.3909266,23.5243106],[91.3906378,23.5246763],[91.3904223,23.5250782],[91.3901678,23.5253446],[91.3896243,23.5255117],[91.3888997,23.5256788],[91.3881016,23.5257466],[91.387377,23.5255796],[91.3859668,23.5243743],[91.3854968,23.524108],[91.3850952,23.5241757],[91.3846644,23.5242751],[91.3843707,23.5241758],[91.3830682,23.5236431],[91.3825982,23.5233407],[91.3819812,23.5229073],[91.3808943,23.5221715],[91.3798121,23.5214717],[91.3795331,23.5207764],[91.3788427,23.5195079],[91.3785538,23.5192054],[91.3778684,23.518939],[91.3762429,23.5186456],[91.3754449,23.518149],[91.3752638,23.5177471],[91.3756995,23.5169436],[91.3762086,23.5166772],[91.3771487,23.5162437],[91.3781621,23.5152731],[91.378162,23.5150383],[91.3775109,23.5146366],[91.377364,23.5143386],[91.3779466,23.5132685],[91.3782354,23.51307],[91.37896,23.5131331],[91.3793565,23.5131015],[91.3794643,23.5129345],[91.3796111,23.5116975],[91.379753,23.5114988],[91.3800468,23.5113633],[91.3811287,23.5113994],[91.3821079,23.5114626],[91.3816378,23.5104107],[91.3808398,23.5098734],[91.3802229,23.5095755],[91.3800074,23.5079367],[91.3800134,23.5078957],[91.3800809,23.5074355],[91.3810551,23.5066003],[91.3817452,23.5060359],[91.3819264,23.5056341],[91.3819263,23.5050292],[91.3814564,23.5040359],[91.381564,23.5036703],[91.3819996,23.5025687],[91.3822151,23.5021984],[91.3825773,23.5019998],[91.3831549,23.5016656],[91.3834828,23.5011644],[91.3838451,23.501029],[91.3845772,23.501029],[91.3847116,23.501029],[91.3857901,23.5006773],[91.3863112,23.5004575],[91.3862666,23.5000414],[91.3860713,23.4993652],[91.3855668,23.4985539],[91.3850299,23.498073],[91.3842001,23.4977726],[91.383712,23.4975622],[91.3833703,23.4973218],[91.3831751,23.496886],[91.3831262,23.4962399],[91.3833516,23.495361],[91.3836932,23.4948501],[91.384653,23.4941439],[91.385011,23.4938584],[91.3851411,23.4934826],[91.3850488,23.4933368],[91.3848518,23.4930255],[91.3845427,23.4924696],[91.3844613,23.4920187],[91.3844775,23.4913877],[91.3846077,23.4909519],[91.3845425,23.4905011],[91.384396,23.4901104],[91.3837786,23.4887227],[91.3834207,23.4878211],[91.3829489,23.4869797],[91.3825747,23.4863486],[91.3828245,23.4859238],[91.3837527,23.4854128],[91.3868686,23.4837413],[91.388287,23.4829881],[91.3892883,23.4818723],[91.3899896,23.4809834],[91.390557,23.4802643],[91.3919707,23.4789908],[91.3923774,23.4787203],[91.3923092,23.4773109],[91.3921107,23.4770909],[91.3918461,23.4770787],[91.3916476,23.4770909],[91.3915418,23.4771643],[91.3913963,23.4773598],[91.3912904,23.477482],[91.3911185,23.4774943],[91.3909862,23.4774698],[91.3908142,23.4774333],[91.3906157,23.477311],[91.390457,23.4771644],[91.3904437,23.4767733],[91.3904569,23.4765534],[91.3904487,23.4762564],[91.3901149,23.476044],[91.3887654,23.4756165],[91.3876259,23.475281],[91.3875483,23.4752743],[91.3871381,23.4750666],[91.3867677,23.4748345],[91.3864633,23.4745412],[91.3862649,23.4742234],[91.3855768,23.4731182],[91.3853519,23.4721649],[91.3850872,23.4713584],[91.3842564,23.4700368],[91.3839522,23.469658],[91.3835877,23.4693134],[91.3828998,23.4688002],[91.38245,23.468568],[91.3817886,23.4682259],[91.3813255,23.4679571],[91.3811403,23.4677737],[91.3811006,23.4675049],[91.3811403,23.4672849],[91.3812991,23.4670893],[91.3813916,23.4668449],[91.3813784,23.4665761],[91.381352,23.4663027],[91.3811138,23.465484],[91.3809683,23.4652395],[91.3806508,23.4650074],[91.3800288,23.4639557],[91.3795393,23.4630271],[91.3795261,23.4628193],[91.3795658,23.4626238],[91.3800155,23.4614872],[91.3804115,23.4604355],[91.3805173,23.4601544],[91.3805173,23.4594456],[91.3802527,23.4589935],[91.3800424,23.4587797],[91.3798254,23.4584866],[91.379619,23.4581886],[91.3794039,23.4578211],[91.3793637,23.4577525],[91.3792103,23.4574447],[91.3791679,23.4572395],[91.3791627,23.4570244],[91.3791891,23.4568975],[91.3792632,23.4568143],[91.3793743,23.4567118],[91.3795676,23.4564536],[91.3796999,23.4562581],[91.3798639,23.456009],[91.3799379,23.4558086],[91.3799485,23.455149],[91.3797262,23.453911],[91.37959,23.4534397],[91.3792363,23.4530462],[91.3788761,23.4527863],[91.3786327,23.452586],[91.3784105,23.452239],[91.3781365,23.4517804],[91.3781162,23.4516488],[91.3781162,23.451554],[91.3781163,23.4514591],[91.378126,23.4512786],[91.3782326,23.4508375],[91.3784176,23.4500948],[91.3785219,23.4498323],[91.3785907,23.4496955],[91.3787334,23.4495],[91.3788076,23.4493485],[91.3789133,23.4489674],[91.3789081,23.44862],[91.3788869,23.4483805],[91.3779823,23.4463526],[91.3775676,23.4459257],[91.3774281,23.4457601],[91.3771492,23.4449318],[91.3772694,23.4442176],[91.3780084,23.4434275],[91.3786542,23.4426419],[91.3790897,23.4415538],[91.3794566,23.44131],[91.3795887,23.4408495],[91.3790896,23.4402129],[91.3787178,23.4397976],[91.3787178,23.4393868],[91.3788596,23.4386283],[91.3792021,23.4380639],[91.3794418,23.4376938],[91.380166,23.4369352],[91.3805965,23.4366282],[91.3810124,23.4364928],[91.3815604,23.4363573],[91.3826368,23.4360006],[91.3830087,23.4358244],[91.3833462,23.4355852],[91.3844227,23.4354677],[91.3848435,23.4354812],[91.3855627,23.4354406],[91.3859346,23.4353051],[91.386463,23.4348129],[91.3865461,23.434515],[91.3865118,23.4337746],[91.3865607,23.4335352],[91.3867711,23.4334766],[91.3870255,23.4335082],[91.3874316,23.433639],[91.3877839,23.4338015],[91.3882683,23.433937],[91.3886989,23.4339234],[91.38888,23.4337428],[91.3889728,23.4334447],[91.3889434,23.4331061],[91.3885079,23.4327315],[91.3882682,23.4325464],[91.3877984,23.4323387],[91.3875587,23.4321627],[91.3874462,23.4319686],[91.3874314,23.4316571],[91.3875733,23.43149],[91.3877348,23.4313456],[91.3878962,23.4311198],[91.3879598,23.4307496],[91.3879109,23.4304968],[91.3877199,23.4301672],[91.3873971,23.4298377],[91.387172,23.4296435],[91.3869468,23.4291831],[91.3868636,23.4288083],[91.3868978,23.4284516],[91.3870593,23.428262],[91.3872647,23.4280815],[91.3874261,23.4279324],[91.3873773,23.4277383],[91.3871228,23.427472],[91.3867363,23.427147],[91.3859485,23.4264969],[91.3856892,23.4262757],[91.3855961,23.4260815],[91.3858701,23.4258151],[91.3862518,23.4256661],[91.3865942,23.4256209],[91.3868633,23.4255035],[91.3872205,23.4252507],[91.3874748,23.4249797],[91.3877683,23.4246547],[91.3879738,23.4242213],[91.3879297,23.4239865],[91.3878319,23.4237337],[91.3876557,23.4235079],[91.3874453,23.4233139],[91.386819,23.4229934],[91.3864815,23.4228444],[91.3860803,23.4227857],[91.3857427,23.4228039],[91.385322,23.4228174],[91.3851458,23.422682],[91.3850332,23.4225195],[91.3851604,23.4218377],[91.3852435,23.4214811],[91.3850185,23.4211831],[91.3846956,23.4209303],[91.3840204,23.4207226],[91.3836975,23.4205105],[91.3835507,23.4203028],[91.3835507,23.420068],[91.3837317,23.419919],[91.3840351,23.4198287],[91.3843725,23.4197249],[91.3846123,23.4194405],[91.3846122,23.4187452],[91.3847443,23.4178918],[91.3848861,23.4171514],[91.3852578,23.4163026],[91.3854045,23.4151875],[91.3853555,23.4147089],[91.3850816,23.4141175],[91.3845678,23.4134629],[91.384196,23.4127044],[91.384054,23.4118557],[91.3841322,23.4108038],[91.3842593,23.409982],[91.3843424,23.409183],[91.3842445,23.4087495],[91.3842934,23.407973],[91.3847286,23.4055979],[91.3850513,23.4037742],[91.3851638,23.4033724],[91.3853888,23.4031647],[91.3856432,23.4030022],[91.386416,23.4021985],[91.3867241,23.4018418],[91.3869931,23.4015664],[91.3874236,23.4013857],[91.388216,23.4013586],[91.3887785,23.4012683],[91.3897911,23.4008528],[91.3902753,23.400627],[91.391014,23.4003606],[91.3918503,23.4001844],[91.393039,23.3999315],[91.393758,23.3997417],[91.3942227,23.3993263],[91.3944476,23.3990283],[91.3952546,23.3983736],[91.3954942,23.398211],[91.3958513,23.3980485],[91.3963013,23.3980483],[91.3967513,23.3980483],[91.3971377,23.3978857],[91.3979056,23.3974567],[91.3984388,23.3970277],[91.3986689,23.3968418],[91.3987909,23.3967433],[91.3994658,23.3963729],[91.4007374,23.3957181],[91.4013244,23.3955013],[91.4015983,23.3954109],[91.402239,23.3953206],[91.4029629,23.3953791],[91.4035304,23.395528],[91.4040098,23.3956498],[91.4042691,23.3957084],[91.4044793,23.3956181],[91.4045918,23.3955006],[91.4048462,23.3951259],[91.4049439,23.3949634],[91.4050564,23.3946969],[91.4053155,23.394295],[91.4055208,23.3940106],[91.4058143,23.3937126],[91.4061517,23.3935049],[91.4066163,23.3933422],[91.4070663,23.3932112],[91.4074038,23.3928951],[91.4077216,23.3925925],[91.4079124,23.3923397],[91.4080932,23.3919379],[91.4082497,23.391536],[91.4082348,23.3910755],[91.4082347,23.3907775],[91.4082493,23.390335],[91.4082981,23.3900642],[91.4085085,23.3898564],[91.4087187,23.389739],[91.4089583,23.3897254],[91.4092029,23.389784],[91.4093155,23.3898698],[91.4094281,23.3901226],[91.4095552,23.3903031],[91.4097656,23.3904521],[91.4100396,23.3905558],[91.4103086,23.3904655],[91.4105384,23.3902713],[91.4107144,23.3900501],[91.4108757,23.3897385],[91.4109392,23.3894721],[91.4110175,23.3892915],[91.4111495,23.389156],[91.4113891,23.3890521],[91.4116435,23.389025],[91.4119369,23.389052],[91.4122402,23.3891423],[91.4126119,23.3892596],[91.413468,23.3895889],[91.413786,23.389652],[91.4141724,23.3896338],[91.4146419,23.389399],[91.4149157,23.3891732],[91.4154438,23.3887893],[91.4158449,23.3887124],[91.4161677,23.3887259],[91.4164906,23.3888296],[91.4167792,23.3889379],[91.4169627,23.3891136],[91.4170385,23.3891862],[91.4172439,23.3894118],[91.4174739,23.3895472],[91.4184865,23.3899036],[91.4187408,23.3898268],[91.4188092,23.3895153],[91.4188531,23.3890412],[91.4188819,23.387461],[91.41874,23.387136],[91.4184512,23.3867207],[91.4184022,23.3864228],[91.4184314,23.3860074],[91.4185144,23.3857364],[91.4186758,23.3854113],[91.4188371,23.385023],[91.4190128,23.3842826],[91.4190274,23.3836505],[91.4191104,23.3834428],[91.4193499,23.3831899],[91.4196092,23.3830228],[91.4204747,23.3827697],[91.4216534,23.3824579],[91.4226167,23.3821009],[91.4227634,23.3817306],[91.4227289,23.3812701],[91.4225674,23.3807059],[91.4219556,23.3797309],[91.4213586,23.3789725],[91.4208155,23.3782278],[91.4206197,23.3775867],[91.420556,23.3772753],[91.420386,23.3749402],[91.4203999,23.3743263],[91.420641,23.3741571],[91.4207666,23.3740689],[91.4213681,23.3737617],[91.4226886,23.3735898],[91.4231922,23.373391],[91.4232848,23.3730736],[91.4237247,23.3715669],[91.4245557,23.3705056],[91.4257292,23.3700268],[91.4263992,23.3699769],[91.4278898,23.3705694],[91.4295295,23.3711046],[91.4308157,23.3707521],[91.4324732,23.3698532],[91.4338908,23.3683898],[91.4354648,23.3663938],[91.4365601,23.3661586],[91.437964,23.3673049],[91.4392896,23.367643],[91.4409619,23.3674889],[91.4411281,23.3671953],[91.4415629,23.36622],[91.4424672,23.3653708],[91.4434848,23.3660612],[91.4447906,23.3663948],[91.4451038,23.3667964],[91.4458303,23.3678585],[91.4459064,23.3679699],[91.4475989,23.3687322],[91.4482932,23.3686281],[91.4497311,23.368772],[91.4506461,23.3695436],[91.4511014,23.3706721],[91.4512392,23.3721348],[91.4514599,23.3733221],[91.4519051,23.373692],[91.4525898,23.373764],[91.4539987,23.3744496],[91.4554955,23.3748417],[91.4560532,23.3751619],[91.4569634,23.3761367],[91.4575112,23.376299],[91.458103,23.3762987],[91.4592721,23.3766276],[91.4599668,23.3768846],[91.4604464,23.3774216],[91.4593323,23.37921],[91.4592985,23.3799008],[91.4595291,23.3801223],[91.4596908,23.3802775],[91.4598912,23.38047],[91.4601256,23.380695],[91.4606397,23.3818054],[91.4601716,23.3840991],[91.4604608,23.3852277],[91.4600067,23.3864649],[91.4602079,23.387598],[91.4614663,23.3897961],[91.4627186,23.3901656],[91.4646607,23.390589],[91.4654583,23.3906445],[91.4659472,23.3906786],[91.4664263,23.3904526],[91.4671838,23.3893415],[91.4682355,23.3894855],[91.4687054,23.3899592],[91.4692631,23.3902343],[91.4699625,23.3900714],[91.4703002,23.3903149],[91.4695135,23.3915389],[91.4691038,23.3934083],[91.4692267,23.3941622],[91.4696477,23.3946586],[91.4698451,23.3948851],[91.4703085,23.3954167],[91.4695068,23.3961891],[91.4690476,23.3970517],[91.4683587,23.3982079],[91.4680656,23.3988988],[91.4682225,23.3994495],[91.4692159,23.3999952],[91.4695389,23.4003878],[91.4700286,23.4011099],[91.4703225,23.4017418],[91.4698042,23.4020717],[91.4691193,23.4019502],[91.4684981,23.4020408],[91.4681071,23.4024022],[91.4678775,23.4030073],[91.4676825,23.4040278],[91.4678493,23.4047229],[91.4681724,23.4051743],[91.468926,23.4055034],[91.4694446,23.4055663],[91.4700656,23.4051415],[91.4707503,23.4049606],[91.4713033,23.405204],[91.4726389,23.4055644],[91.4740771,23.4055636],[91.4754467,23.4054408],[91.4768159,23.4047493],[91.4778575,23.4042971],[91.4783468,23.4043555],[91.4788997,23.4046261],[91.4793255,23.4049554],[91.4805974,23.4050449],[91.481884,23.4050395],[91.482535,23.4055222],[91.4828974,23.4060321],[91.4832547,23.4062757],[91.4838418,23.4064243],[91.4842679,23.4070289],[91.4846597,23.4076607],[91.4851439,23.4076289],[91.4870021,23.4066659],[91.4873934,23.4066341],[91.4878836,23.4079295],[91.4885683,23.4076581],[91.4893847,23.4070255],[91.4890904,23.4061182],[91.4896774,23.4060907],[91.4912091,23.406663],[91.4925151,23.4065718],[91.4954158,23.4063575],[91.4971088,23.4068032],[91.4973972,23.4070417],[91.497865,23.4075127],[91.4985295,23.4077316],[91.4999371,23.4080612],[91.5005631,23.4080994],[91.5011907,23.4077403],[91.5019744,23.4074538],[91.5025223,23.4074556],[91.503305,23.4074581],[91.5040086,23.4076771],[91.5049056,23.4085106],[91.5055691,23.4089823],[91.5060775,23.4090923],[91.5065878,23.4086605],[91.5071767,23.4081929],[91.5090511,23.4092824],[91.5107295,23.4104434],[91.5116652,23.4114215],[91.5122899,23.4118208],[91.5135413,23.4120776],[91.514166,23.4124768],[91.5143594,23.4130914],[91.5145528,23.4137421],[91.5151384,23.4141051],[91.5164676,23.4145065],[91.516855,23.4155913],[91.5190462,23.4157426],[91.5200659,23.4151318],[91.5206119,23.4156753],[91.5213539,23.416111],[91.5218256,23.4155346],[91.5219064,23.4148847],[91.5222602,23.4144162],[91.5234328,23.4148533],[91.5244082,23.415687],[91.5245236,23.4162291],[91.5244039,23.4168788],[91.5250288,23.4172419],[91.5262451,23.4164149],[91.5269103,23.4164531],[91.526869,23.4170309],[91.5266321,23.4176081],[91.5269824,23.4181509],[91.5276871,23.4181169],[91.5292135,23.4180855],[91.5299817,23.4197204],[91.5300292,23.4198216],[91.5307718,23.4201128],[91.5321419,23.4200446],[91.5334742,23.4196153],[91.534217,23.4198703],[91.5353888,23.420524],[91.5360548,23.4203454],[91.5366435,23.4198776],[91.5379369,23.4193398],[91.5391479,23.4199935],[91.5398515,23.4202484],[91.5412611,23.4201081],[91.5419255,23.420363],[91.5437218,23.4215602],[91.545015,23.4210944],[91.5459903,23.4220003],[91.546734,23.4220024],[91.5482193,23.4225846],[91.5494738,23.4219743],[91.5520572,23.4219096],[91.5538904,23.423793],[91.5553378,23.4240139],[91.5558072,23.4244622],[91.5558421,23.4244955],[91.5567033,23.425318],[91.5573291,23.4254643],[91.5576043,23.4251039],[91.5582304,23.4251418],[91.5586989,23.4255043],[91.5595236,23.4246399],[91.5602266,23.4251114],[91.5610093,23.4251498],[91.5629269,23.4252275],[91.5635915,23.4254821],[91.5643018,23.4237144],[91.5652842,23.4225614],[91.5659104,23.4225632],[91.5672385,23.4233615],[91.5683364,23.4227506],[91.5689861,23.4227524],[91.5690018,23.4227524],[91.5697045,23.4232962],[91.5705264,23.4232985],[91.571738,23.4238436],[91.5729529,23.4233414],[91.5725282,23.4215704],[91.573665,23.4210318],[91.5740581,23.4204911],[91.5745308,23.4195533],[91.5744544,23.4189753],[91.5755901,23.4187617],[91.5767231,23.4193788],[91.577388,23.4195251],[91.5774286,23.4190557],[91.5769605,23.4185849],[91.5760244,23.417571],[91.5764561,23.4172471],[91.5770829,23.4170322],[91.5782246,23.4149405],[91.5778739,23.41447],[91.5768199,23.4136364],[91.5768218,23.4130224],[91.5772932,23.4124819],[91.577998,23.4124117],[91.5781191,23.4112201],[91.5789023,23.4110778],[91.5794143,23.4100679],[91.5786767,23.4082239],[91.5784459,23.4069592],[91.5785264,23.4062732],[91.5792691,23.4065642],[91.5800905,23.4066747],[91.5807175,23.4064236],[91.5807609,23.4050874],[91.5811531,23.4048356],[91.5825627,23.4045505],[91.5838144,23.4047345],[91.5851836,23.4049187],[91.5859282,23.4045595],[91.5863599,23.4041996],[91.5868722,23.4030813],[91.5878947,23.4014587],[91.5888,23.3997997],[91.5895046,23.3996933],[91.5904856,23.3988651],[91.5923659,23.3982561],[91.5934538,23.4007511],[91.5952117,23.401767],[91.5951295,23.4030309],[91.5957153,23.4034298],[91.597434,23.4044456],[91.5979415,23.4048803],[91.5985253,23.4059292],[91.5992682,23.4061479],[91.5999325,23.4064746],[91.6003616,23.4069091],[91.6003854,23.4069098],[91.6017312,23.4069489],[91.6023173,23.4072754],[91.6025889,23.4080346],[91.6035262,23.4086871],[91.6039549,23.4092661],[91.6048937,23.4094129],[91.605677,23.4092343],[91.6063417,23.4094166],[91.6071236,23.4097075],[91.6078669,23.4097817],[91.6088092,23.4087728],[91.6093188,23.4084851],[91.6100232,23.408487],[91.6118211,23.4092861],[91.6122108,23.409865],[91.6134593,23.4111683],[91.6128326,23.4113473],[91.612401,23.4117074],[91.6123994,23.4122492],[91.6133731,23.4138408],[91.6139199,23.4142394],[91.6145858,23.4140244],[91.6149366,23.4145309],[91.6150127,23.4152535],[91.6146198,23.4157943],[91.6151279,23.4160122],[91.6164201,23.4157988],[91.616536,23.4163047],[91.6166108,23.4174968],[91.6172358,23.4179317],[91.6173513,23.418546],[91.6173495,23.4191961],[91.6195023,23.4191292],[91.6198902,23.420322],[91.6212556,23.4218784],[91.6225853,23.4222068],[91.6237969,23.4228237],[91.6252805,23.4240915],[91.6254728,23.4253199],[91.6261788,23.4247799],[91.627588,23.4247472],[91.6284888,23.4245326],[91.6288031,23.4241],[91.6287799,23.4228692],[91.6287691,23.4222941],[91.629477,23.4211038],[91.6304187,23.4202754],[91.6308116,23.4197346],[91.6307369,23.4184703],[91.6321108,23.4169928],[91.6323862,23.4164878],[91.6321155,23.4153314],[91.6309092,23.4128725],[91.6311856,23.4119702],[91.6317738,23.4116105],[91.6320882,23.4111056],[91.6318551,23.410491],[91.6313061,23.410887],[91.6309853,23.4108862],[91.6305234,23.4108851],[91.6300153,23.4106311],[91.629939,23.4099447],[91.6295101,23.4093657],[91.6291406,23.4089693],[91.6282616,23.4080264],[91.6299895,23.4059357],[91.6311624,23.4063359],[91.6315162,23.4057588],[91.6315178,23.4051809],[91.6310107,23.404638],[91.6308946,23.404132],[91.6309207,23.4033601],[91.6308841,23.4019945],[91.6308625,23.4016398],[91.6317671,23.4000167],[91.6314758,23.3994211],[91.6311835,23.3988235],[91.6317342,23.3977773],[91.6317787,23.3958993],[91.6316238,23.3953211],[91.6318604,23.3946715],[91.632331,23.3943115],[91.6327631,23.3936985],[91.63214,23.3926135],[91.6329256,23.391568],[91.6335915,23.3913529],[91.634217,23.3915349],[91.6348431,23.3915364],[91.6354698,23.3913212],[91.6361353,23.3912144],[91.6367214,23.3915047],[91.6382051,23.3927001],[91.6388692,23.3931351],[91.6403548,23.3936081],[91.6409815,23.3933567],[91.6412572,23.3927434],[91.6415341,23.3916244],[91.6419661,23.3910475],[91.642515,23.3906515],[91.6430266,23.3895691],[91.642756,23.3883766],[91.6432682,23.3871137],[91.6432096,23.3844733],[91.6430454,23.3826707],[91.6434383,23.3820937],[91.6432446,23.3813709],[91.6440299,23.3803614],[91.6449715,23.3794245],[91.6445049,23.37834],[91.644391,23.3770755],[91.644391,23.3755934],[91.6446344,23.3738617],[91.6449609,23.372393],[91.6454504,23.3703516],[91.6453895,23.3695293],[91.6464892,23.3679426],[91.6469989,23.3675465],[91.6477029,23.3676204],[91.6483283,23.3678385],[91.6489937,23.3676955],[91.6496445,23.3670048],[91.6507593,23.3658214],[91.6508392,23.3651715],[91.6512727,23.3640167],[91.6513166,23.3622109],[91.6517112,23.3609477],[91.6515954,23.3603334],[91.65199,23.3590701],[91.6532795,23.3596509],[91.6539831,23.3598331],[91.654063,23.3592193],[91.6544947,23.3587146],[91.6550408,23.3592937],[91.6553127,23.3600528],[91.6555855,23.3604507],[91.6567975,23.3607423],[91.658167,23.360637],[91.6588704,23.3609637],[91.6598855,23.3617244],[91.6602337,23.3632421],[91.6609773,23.3631354],[91.6616029,23.3632451],[91.6621102,23.363788],[91.6632428,23.364549],[91.6638266,23.365706],[91.6643344,23.3660322],[91.6649994,23.3660698],[91.6662498,23.3666864],[91.6667184,23.3670126],[91.6680089,23.367232],[91.6693388,23.3673433],[91.6712565,23.3670945],[91.6739572,23.3665946],[91.6747391,23.366813],[91.6752859,23.3672114],[91.6756447,23.3678929],[91.6761425,23.3688385],[91.6766893,23.3692009],[91.6772359,23.3697077],[91.6775865,23.3703224],[91.6777807,23.3709007],[91.6778181,23.371587],[91.6780515,23.3721654],[91.6787555,23.3722391],[91.6792649,23.371879],[91.6795791,23.3714462],[91.6798949,23.3702912],[91.6802472,23.3701835],[91.6805205,23.3704369],[91.6812637,23.3705107],[91.6818125,23.3700423],[91.6824784,23.3697186],[91.6830255,23.3700087],[91.6849043,23.3696153],[91.6873673,23.3703787],[91.6880705,23.3708497],[91.6883039,23.3713919],[91.6883412,23.3721505],[91.6881443,23.3726918],[91.6877518,23.3731967],[91.687946,23.3738472],[91.6886102,23.3742098],[91.6890418,23.373705],[91.6893171,23.3730915],[91.6897487,23.3725868],[91.6920602,23.371255],[91.693273,23.3712575],[91.6936648,23.3710416],[91.6936673,23.369958],[91.6945303,23.3689846],[91.6950786,23.3687328],[91.6957825,23.3688787],[91.6961541,23.3690081],[91.696408,23.3690966],[91.6970732,23.3690618],[91.6973093,23.3684482],[91.6973516,23.3670781],[91.697353,23.366498],[91.697628,23.3659929],[91.6984771,23.3658273],[91.6991149,23.3658874],[91.6997019,23.3657802],[91.7009941,23.3652771],[91.7015037,23.3648808],[91.7016238,23.363653],[91.7020585,23.3617396],[91.7018251,23.3611613],[91.7022568,23.3605842],[91.7028441,23.3603325],[91.7035486,23.3602256],[91.704019,23.3597931],[91.7040988,23.359107],[91.7038262,23.3585646],[91.7023033,23.3572975],[91.701639,23.3570074],[91.7008566,23.3569697],[91.7007798,23.3563556],[91.7011332,23.3557783],[91.7010563,23.3551642],[91.7007449,23.3545135],[91.7003938,23.3541155],[91.7003966,23.3528514],[91.6998107,23.352489],[91.6990675,23.3524515],[91.69817,23.3514745],[91.6978975,23.3508961],[91.6980163,23.3502824],[91.6971991,23.3484388],[91.6969668,23.3473908],[91.6972812,23.3467413],[91.6988478,23.3459137],[91.7001759,23.3467109],[91.701466,23.3470746],[91.702052,23.3474008],[91.7026778,23.347402],[91.7032264,23.3470057],[91.7033042,23.3469308],[91.7040497,23.3462127],[91.7044422,23.3455995],[91.7039742,23.3449846],[91.7045631,23.3440105],[91.704252,23.3432153],[91.7031585,23.3424548],[91.7026902,23.3419482],[91.7033164,23.341841],[91.7047644,23.3414826],[91.7057439,23.3407622],[91.7070378,23.3393921],[91.7072671,23.3390409],[91.7080975,23.3377689],[91.7091165,23.3368678],[91.7093931,23.3356042],[91.7101387,23.3345221],[91.7110014,23.3335124],[91.7110418,23.3329346],[91.7105343,23.3324641],[91.7104966,23.33185],[91.7113975,23.3312738],[91.7130391,23.3317826],[91.7137425,23.3320729],[91.7145638,23.3321105],[91.7151509,23.3318587],[91.7155429,23.3314622],[91.7155054,23.3307397],[91.7149996,23.3295469],[91.7164499,23.3280326],[91.7172327,23.3278174],[91.7177016,23.3279988],[91.7182101,23.3279637],[91.7181677,23.3271763],[91.7180563,23.3267353],[91.7180578,23.3260852],[91.7190194,23.3259645],[91.720131,23.3259445],[91.7214217,23.3258746],[91.7208387,23.324176],[91.7200978,23.3231273],[91.7206074,23.3225864],[91.7209997,23.3220092],[91.7211965,23.3214678],[91.7216663,23.3212158],[91.7222132,23.3215419],[91.7226033,23.321976],[91.7233073,23.3219773],[91.7250692,23.3210413],[91.7255787,23.3205366],[91.7266364,23.3196717],[91.7273409,23.3194201],[91.7281228,23.3195659],[91.7280018,23.3213356],[91.7276087,23.32231],[91.7274497,23.3235378],[91.7275266,23.3241519],[91.7283461,23.3250202],[91.7289322,23.3253463],[91.7296363,23.3252392],[91.7300301,23.3239758],[91.7304613,23.3234708],[91.7318684,23.3239428],[91.7323765,23.3240882],[91.7328862,23.3234751],[91.7335934,23.3218871],[91.7336338,23.3212371],[91.7334787,23.3205866],[91.732816,23.3195381],[91.7328955,23.3188881],[91.733522,23.3184919],[91.7347739,23.3183496],[91.7352069,23.3169778],[91.735602,23.3149559],[91.732826,23.314626],[91.7327118,23.3131089],[91.7327914,23.3124228],[91.7324015,23.3118081],[91.7327574,23.3098945],[91.7321369,23.3074012],[91.7316685,23.3069669],[91.7309645,23.3070019],[91.7300893,23.3075732],[91.7297506,23.3077943],[91.7290461,23.308082],[91.7285778,23.3076117],[91.7283836,23.3069612],[91.729091,23.3052648],[91.7283503,23.30418],[91.728156,23.3035656],[91.7288212,23.3033501],[91.7294476,23.30299],[91.72984,23.3023767],[91.7290601,23.3012918],[91.7289051,23.3006053],[91.728906,23.3001744],[91.7289074,23.2994857],[91.7282842,23.2983287],[91.7285035,23.2969772],[91.728562,23.2963427],[91.727937,23.2960527],[91.7275079,23.2955462],[91.7273136,23.2949681],[91.7273934,23.2942097],[91.7277474,23.293199],[91.728785,23.2918661],[91.7293158,23.2911069],[91.729239,23.2903844],[91.7285384,23.2888661],[91.7286177,23.2882884],[91.729244,23.2880006],[91.729714,23.287568],[91.7299108,23.2869544],[91.7299918,23.2856181],[91.7293291,23.2846417],[91.7291486,23.2832269],[91.7287747,23.2823721],[91.7284363,23.2814979],[91.7289875,23.2796929],[91.7291869,23.279722],[91.7302382,23.2798757],[91.7317657,23.278542],[91.7330569,23.2780747],[91.7331365,23.2773886],[91.7331389,23.2761606],[91.7349775,23.2756581],[91.7365826,23.2745773],[91.7373668,23.2734951],[91.7377601,23.2722677],[91.7385047,23.271366],[91.7389746,23.2709695],[91.7394839,23.2705009],[91.7392897,23.2698504],[91.7388997,23.2693802],[91.7383529,23.2690903],[91.7377673,23.2686921],[91.7376902,23.2681501],[91.737848,23.2674642],[91.7381053,23.2671562],[91.7385671,23.2666458],[91.7394551,23.265412],[91.7401601,23.2643365],[91.7410329,23.2631552],[91.741176,23.262704],[91.7425862,23.2629171],[91.7433235,23.263195],[91.7466952,23.2558024],[91.7496654,23.2499672],[91.7504734,23.2439877],[91.7524749,23.2409058],[91.7542427,23.2415757],[91.7553023,23.2429525],[91.7554136,23.243354],[91.7562426,23.2435282],[91.7572506,23.242347],[91.7567956,23.2402613],[91.7578979,23.2381607],[91.7598332,23.2369156],[91.7573929,23.233597],[91.7546529,23.2307525],[91.7576697,23.2266866],[91.7585366,23.2230517],[91.7589772,23.218777],[91.7590229,23.2155814],[91.7595274,23.214826],[91.7609423,23.2130918],[91.765961,23.2097974],[91.767476,23.207613],[91.7681652,23.2056223],[91.768101,23.2021031],[91.767399,23.1977061],[91.7705753,23.195707],[91.773127,23.1935667],[91.7778706,23.1893517],[91.778457,23.1861448],[91.7752591,23.1803332],[91.775142,23.1796005],[91.7804474,23.1773378],[91.7801457,23.1727587],[91.7808764,23.1662404],[91.7841252,23.1613359],[91.7882402,23.1566574],[91.7899897,23.1522778],[91.7912128,23.1485652],[91.790928,23.1469363],[91.7875796,23.1465203],[91.7830294,23.1452306],[91.7786331,23.1463938],[91.7736969,23.148338],[91.7714522,23.1502214],[91.7686882,23.1506386],[91.7647199,23.1488995],[91.7628915,23.1451988],[91.7604614,23.1425845],[91.7588035,23.1425629],[91.7582046,23.1438131],[91.7568648,23.1441893],[91.7571279,23.1415592],[91.7576232,23.1403128],[91.7593667,23.1393486],[91.760711,23.1392179],[91.7613157,23.138295],[91.7622968,23.1384185],[91.7624221,23.1384998],[91.76256,23.1385463],[91.7626729,23.1385812],[91.7628264,23.1385946],[91.7629989,23.1385466],[91.7632247,23.1383959],[91.7634254,23.1382452],[91.7636388,23.1380249],[91.7638647,23.1377466],[91.7639921,23.1375191],[91.7639625,23.1374577],[91.7639741,23.1372367],[91.7640082,23.1371],[91.7640652,23.1369316],[91.7642017,23.1367529],[91.7643268,23.1366056],[91.7645201,23.1365005],[91.7648384,23.1364376],[91.7651904,23.1365852],[91.7656561,23.1368592],[91.7659514,23.1370488],[91.7661785,23.1371542],[91.7664285,23.1371964],[91.7666785,23.1371861],[91.7669399,23.1371021],[91.7671332,23.1369865],[91.7673038,23.1367972],[91.7674745,23.1364711],[91.7675656,23.1362712],[91.7675999,23.1359977],[91.767566,23.135724],[91.7678873,23.1347121],[91.768797,23.1338288],[91.7691721,23.1336397],[91.7697631,23.1335138],[91.7704563,23.1334301],[91.7707978,23.1327253],[91.7707525,23.1325779],[91.7707639,23.1323674],[91.7708323,23.1321886],[91.7708892,23.1320519],[91.7710484,23.1319046],[91.7712303,23.1318416],[91.7714234,23.1318312],[91.7716848,23.1319051],[91.7720709,23.1320737],[91.7723662,23.1322739],[91.772616,23.1324213],[91.7728319,23.1324741],[91.7730024,23.1324952],[91.7731955,23.1324744],[91.773366,23.1324324],[91.7735364,23.1323589],[91.7736502,23.1322537],[91.7737299,23.1321064],[91.7737393,23.1317751],[91.7736146,23.1314803],[91.7733649,23.1311329],[91.7731832,23.1309328],[91.772956,23.1308485],[91.7727288,23.1308062],[91.7725016,23.1307218],[91.7723199,23.1305428],[91.7722293,23.1303113],[91.7722181,23.1300482],[91.7723084,23.1297051],[91.7723882,23.1294631],[91.7725247,23.1292001],[91.7727181,23.1290108],[91.7730135,23.1288531],[91.7733204,23.1288113],[91.7739226,23.1288328],[91.7742635,23.1288119],[91.774593,23.1287911],[91.7747294,23.1287176],[91.7748772,23.1285493],[91.7750025,23.1283178],[91.7750595,23.1280758],[91.7750019,23.1275769],[91.7748999,23.1271033],[91.7747298,23.1266611],[91.7743325,23.1262714],[91.7739919,23.1259345],[91.7738444,23.1256923],[91.7738245,23.125182],[91.7738249,23.1248558],[91.7738137,23.1246138],[91.7736662,23.124319],[91.7731555,23.123582],[91.7728192,23.1231756],[91.7726263,23.1229439],[91.7725582,23.122807],[91.7725583,23.1226808],[91.7726379,23.122565],[91.7728312,23.1224494],[91.7731266,23.1223759],[91.773422,23.1223446],[91.7737685,23.1223695],[91.7738652,23.1223764],[91.7743083,23.1223768],[91.7747287,23.1223665],[91.7750241,23.1223351],[91.7753196,23.1222616],[91.775456,23.1221881],[91.7755811,23.1220304],[91.7755899,23.1217748],[91.7755105,23.1216484],[91.775363,23.1213747],[91.7752837,23.1210695],[91.775318,23.1207538],[91.7753637,23.120417],[91.7754548,23.120154],[91.7755572,23.1199753],[91.7757163,23.1198491],[91.7758868,23.119786],[91.7760573,23.1197861],[91.7762959,23.1198073],[91.7764889,23.1199022],[91.7765911,23.1199654],[91.7767047,23.1200496],[91.7768751,23.1201129],[91.7770455,23.1201025],[91.7772046,23.120029],[91.7773525,23.1198922],[91.7774548,23.1197766],[91.7775572,23.1195556],[91.77758,23.1193297],[91.7775575,23.1190982],[91.7774668,23.1188561],[91.7773646,23.1186667],[91.7772739,23.1185614],[91.7772739,23.1184771],[91.7774109,23.1183308],[91.7775354,23.1182669],[91.7778081,23.118246],[91.7781716,23.1182883],[91.778501,23.1184674],[91.7787053,23.1186254],[91.7789779,23.1187939],[91.7791596,23.1188362],[91.7793415,23.1187941],[91.7794893,23.1186575],[91.7797054,23.1183209],[91.7799557,23.117879],[91.7801036,23.117616],[91.7801606,23.1173845],[91.7801593,23.1171676],[91.7804549,23.1173211],[91.7805651,23.1174234],[91.7807303,23.1177043],[91.7808951,23.1185472],[91.7810052,23.1188538],[91.781749,23.119978],[91.7819419,23.120208],[91.7822728,23.1202593],[91.7825487,23.1200807],[91.7828522,23.119902],[91.7832108,23.119698],[91.7835142,23.1196981],[91.7836796,23.1198515],[91.7837622,23.1201069],[91.7836516,23.1204133],[91.7832376,23.1209239],[91.7829064,23.1213067],[91.7824922,23.1219194],[91.7824366,23.1225068],[91.7821049,23.1236303],[91.7817735,23.124192],[91.7817711,23.1252189],[91.7816051,23.1260361],[91.7812737,23.1267254],[91.780749,23.127619],[91.780672,23.1280669],[91.7809138,23.128513],[91.7812446,23.128743],[91.7820166,23.1289733],[91.7828516,23.1289158],[91.7832304,23.1287953],[91.7838999,23.1285844],[91.7843061,23.128515],[91.7846093,23.1287962],[91.7856384,23.1279781],[91.7859331,23.1274066],[91.7860991,23.1266151],[91.7860993,23.1262831],[91.7859893,23.1259254],[91.7856591,23.1248015],[91.7857422,23.1243674],[91.7858805,23.1236778],[91.7860739,23.1231928],[91.7862672,23.1228098],[91.7865708,23.1226312],[91.7873982,23.1224529],[91.7882262,23.1214573],[91.7884473,23.1209978],[91.7891652,23.119568],[91.7893033,23.1192872],[91.7893311,23.1190318],[91.7892764,23.1183356],[91.7891412,23.118118],[91.789006,23.1177452],[91.789062,23.1164682],[91.7893798,23.1158868],[91.7897638,23.1153553],[91.7905702,23.1146545],[91.7909651,23.1141676],[91.7913165,23.1137035],[91.791467,23.1134713],[91.7914673,23.1131928],[91.7917182,23.1129144],[91.7918687,23.112868],[91.7921127,23.1128304],[91.7926142,23.1128888],[91.7929274,23.1130746],[91.793178,23.1133184],[91.7933159,23.1134345],[91.7934537,23.1134927],[91.7935791,23.113516],[91.7937545,23.1135392],[91.7939426,23.1135161],[91.794068,23.1134698],[91.794231,23.1133538],[91.7943063,23.1131334],[91.7943385,23.1125114],[91.7944515,23.1121168],[91.7947024,23.1118385],[91.795016,23.1116181],[91.7957058,23.1111544],[91.7963742,23.1107184],[91.7966158,23.1102917],[91.7967334,23.1100391],[91.7966555,23.1098223],[91.7964217,23.109533],[91.7960317,23.1092435],[91.7957977,23.1090626],[91.7957197,23.1089541],[91.7956029,23.1087734],[91.795564,23.108665],[91.7956033,23.1085206],[91.7957988,23.1083402],[91.7960724,23.10816],[91.7968539,23.1078359],[91.7974789,23.1076562],[91.798104,23.1074403],[91.7982995,23.1072961],[91.7983778,23.1071878],[91.798378,23.1070433],[91.7983393,23.1067543],[91.7983006,23.1065375],[91.7981446,23.1063929],[91.798028,23.1061038],[91.7979891,23.1059593],[91.7979894,23.1057786],[91.798225,23.1049482],[91.7987727,23.1042626],[91.7987348,23.1035402],[91.799361,23.1025658],[91.8000255,23.102061],[91.8001038,23.1019528],[91.8001821,23.1017723],[91.8001046,23.1013748],[91.7999879,23.1011219],[91.7999493,23.1007967],[91.7999886,23.1006162],[91.8000279,23.1005079],[91.8001062,23.1003636],[91.8002236,23.1002192],[91.8005365,23.0998584],[91.8008884,23.0995338],[91.801123,23.0992452],[91.8013187,23.0989565],[91.8013971,23.0987398],[91.8013584,23.0985231],[91.8012808,23.098234],[91.8010862,23.0978003],[91.8009695,23.0974751],[91.8009699,23.0972945],[91.8010092,23.0971139],[91.80144,23.0962115],[91.8015574,23.0960672],[91.8020653,23.095815],[91.8024951,23.0956349],[91.8028076,23.095527],[91.8033935,23.0953833],[91.8036667,23.0954559],[91.8040568,23.0956369],[91.804564,23.0958904],[91.8052665,23.0961081],[91.8055007,23.0961806],[91.8060081,23.0962535],[91.8063204,23.09629],[91.8065547,23.0962542],[91.8067891,23.0961822],[91.8070237,23.096002],[91.8072192,23.0957133],[91.8075327,23.0949913],[91.8077679,23.0943414],[91.8079638,23.0939082],[91.8081593,23.0937278],[91.808472,23.0934392],[91.8088239,23.0931147],[91.8090585,23.0928621],[91.809176,23.0926455],[91.8095687,23.0910568],[91.8096087,23.0903344],[91.8101171,23.0897933],[91.8108204,23.0893968],[91.8117967,23.0892175],[91.8120702,23.0891094],[91.8121483,23.0890373],[91.8122657,23.088893],[91.812305,23.0887123],[91.813517,23.0874858],[91.8140644,23.0869808],[91.8146896,23.0865843],[91.8148068,23.0865483],[91.8148848,23.0865483],[91.8151582,23.0865487],[91.8152752,23.0865488],[91.8153142,23.0866211],[91.8155873,23.0867298],[91.8157435,23.08673],[91.8167978,23.0865868],[91.8170713,23.0864426],[91.8173449,23.0862624],[91.8177749,23.0857933],[91.8180099,23.0853241],[91.818245,23.084638],[91.8188312,23.0842775],[91.8194561,23.0840254],[91.8200421,23.0838094],[91.8220333,23.0836312],[91.8241875,23.0836655],[91.8244597,23.0836807],[91.8242829,23.0839512],[91.8242294,23.0840169],[91.8241706,23.0840795],[91.8240838,23.0841521],[91.8235806,23.0845715],[91.823248,23.0847643],[91.8231765,23.0848027],[91.823091,23.0848379],[91.8230332,23.08485],[91.8229687,23.0848899],[91.8228312,23.0849762],[91.8227408,23.0850375],[91.8224572,23.0853402],[91.8223865,23.0854289],[91.822306,23.0855632],[91.8222984,23.085643],[91.82231,23.0857144],[91.8223686,23.085868],[91.8224538,23.0860474],[91.8224899,23.0861103],[91.8227638,23.0865603],[91.8227836,23.0865909],[91.8231258,23.0867994],[91.8231612,23.0868152],[91.8232407,23.0868418],[91.8233588,23.0868663],[91.8234712,23.0868681],[91.8234959,23.0868662],[91.823573,23.0868603],[91.8236661,23.0868591],[91.8238016,23.086872],[91.8241255,23.0869117],[91.8243935,23.0869749],[91.824457,23.0869903],[91.8245402,23.0870299],[91.8248594,23.0872257],[91.824989,23.0873118],[91.8251687,23.0874639],[91.8252935,23.0875858],[91.8255073,23.0877797],[91.8256035,23.087863],[91.8257311,23.0879394],[91.825857,23.0880125],[91.825988,23.0880775],[91.8260305,23.0880981],[91.8263176,23.0882239],[91.8266653,23.0883695],[91.826877,23.0884236],[91.8269546,23.0884427],[91.8271256,23.0884838],[91.8272418,23.0884969],[91.8273578,23.0884987],[91.8280498,23.0888278],[91.8286136,23.0898576],[91.8290698,23.0903604],[91.8291219,23.090421],[91.8291929,23.0905524],[91.8292254,23.0906411],[91.8292485,23.0907057],[91.8292461,23.0908069],[91.8292392,23.0909526],[91.8292309,23.0910911],[91.8292219,23.0911851],[91.829235,23.0912715],[91.8292686,23.0913469],[91.8293179,23.0914233],[91.829368,23.0914696],[91.8297482,23.0916644],[91.8297898,23.0916615],[91.8298428,23.0916403],[91.8299053,23.0916146],[91.8299333,23.0916031],[91.8300476,23.0915005],[91.8302226,23.0912924],[91.8302672,23.0912329],[91.8307521,23.0905302],[91.8312234,23.0898642],[91.8313162,23.089804],[91.8313901,23.0897898],[91.8314505,23.0898228],[91.8315373,23.0899709],[91.8315629,23.0901185],[91.8315612,23.0902606],[91.8314993,23.0903817],[91.8314336,23.0905101],[91.8314159,23.0906343],[91.831433,23.0907292],[91.8314918,23.0908307],[91.8316007,23.0909809],[91.8317068,23.0910313],[91.8317984,23.0910674],[91.8319808,23.0910831],[91.8321123,23.091091],[91.8327561,23.0910803],[91.832847,23.0910695],[91.8329454,23.0910417],[91.8333313,23.0915277],[91.8332266,23.091725],[91.8332213,23.0917349],[91.8330508,23.0920753],[91.8330198,23.0921744],[91.8330031,23.0922757],[91.8330101,23.0923923],[91.833016,23.0924356],[91.8330523,23.0925133],[91.8330935,23.0925718],[91.8331365,23.0925784],[91.8333576,23.0925756],[91.8333978,23.0925734],[91.8335331,23.0925661],[91.83362,23.0925493],[91.8337587,23.0925186],[91.833966,23.0924642],[91.8340984,23.0924396],[91.8342891,23.092407],[91.834437,23.0923846],[91.8346268,23.092375],[91.8350326,23.0923673],[91.8351967,23.0923796],[91.8353107,23.0924347],[91.8355355,23.0925882],[91.8355815,23.0926213],[91.8357349,23.0928696],[91.8358004,23.0929855],[91.8358197,23.0930575],[91.8358146,23.0933241],[91.8357808,23.09341],[91.8356927,23.0935194],[91.8356301,23.0935949],[91.8355348,23.0936587],[91.8354201,23.0937288],[91.8352563,23.0938236],[91.8348462,23.0941454],[91.8343764,23.0945631],[91.8341161,23.0948072],[91.8340585,23.0948729],[91.8340384,23.0949165],[91.8340469,23.0951366],[91.8340502,23.0951799],[91.8339658,23.0952797],[91.8339184,23.0953272],[91.8337964,23.0954275],[91.8337192,23.0954862],[91.8336762,23.0954832],[91.8335339,23.0954501],[91.8333537,23.0954031],[91.8332526,23.0953407],[91.8331502,23.0952624],[91.8330946,23.09522],[91.8329193,23.0950646],[91.8326505,23.0948442],[91.8325321,23.0947579],[91.8324835,23.0947249],[91.8324129,23.0946981],[91.8323516,23.0946881],[91.8322814,23.094695],[91.8321842,23.0947155],[91.8321,23.0947383],[91.8318322,23.0949247],[91.8317899,23.0949685],[91.8317624,23.0950387],[91.8317504,23.0951074],[91.8317679,23.09523],[91.8317937,23.0953921],[91.8318326,23.0955492],[91.8318513,23.095673],[91.8318409,23.0957537],[91.831823,23.0958611],[91.831785,23.096018],[91.8317397,23.0962015],[91.8316905,23.0963069],[91.8316156,23.0964294],[91.8315606,23.0964903],[91.8314564,23.0965638],[91.8313251,23.0966558],[91.8311949,23.0967369],[91.8308467,23.0969388],[91.8300449,23.0973379],[91.829784,23.0974652],[91.8295021,23.0975736],[91.8279328,23.0979802],[91.8278861,23.0979905],[91.8277318,23.0980201],[91.8276266,23.0980311],[91.8267309,23.0982473],[91.8256933,23.0985685],[91.8252911,23.0987684],[91.8251682,23.0988553],[91.8250968,23.0989006],[91.8250511,23.0989216],[91.8245554,23.0989873],[91.8236719,23.0990969],[91.8236139,23.0991032],[91.8235638,23.0991039],[91.8229104,23.0991059],[91.8226041,23.0990736],[91.8222816,23.0990704],[91.8219056,23.0991012],[91.8218397,23.099115],[91.8217383,23.0991645],[91.8215362,23.0993116],[91.8213704,23.0994675],[91.821286,23.0995589],[91.8212285,23.0996212],[91.8211154,23.0996949],[91.8210497,23.0997199],[91.8209818,23.0997282],[91.8209275,23.0997159],[91.8207963,23.0996509],[91.8206892,23.0995874],[91.8206362,23.0995214],[91.8205953,23.0994645],[91.8205737,23.099361],[91.8205777,23.0992295],[91.8206033,23.0990698],[91.820696,23.0987036],[91.8208273,23.0981184],[91.8209094,23.0977153],[91.8209295,23.0975872],[91.8209286,23.0975316],[91.8209098,23.0974763],[91.8208572,23.0974399],[91.8207905,23.0974037],[91.820734,23.0973767],[91.8206799,23.0973699],[91.8205343,23.0974089],[91.8204347,23.0974472],[91.820389,23.0974737],[91.8196653,23.0976869],[91.8186661,23.097961],[91.8175645,23.0982178],[91.8165415,23.0985107],[91.8159013,23.0985523],[91.8158423,23.0984956],[91.8157555,23.0984504],[91.8157032,23.0984344],[91.8156188,23.0984152],[91.8155527,23.0984141],[91.8154488,23.0984247],[91.8145696,23.0986936],[91.8136449,23.0989963],[91.8136015,23.0990219],[91.8135774,23.0990361],[91.813516,23.0990813],[91.8134829,23.0991447],[91.8134557,23.0992007],[91.8134407,23.0992657],[91.8134396,23.099325],[91.8134647,23.0994006],[91.8134794,23.0994431],[91.8135404,23.0995053],[91.813676,23.099598],[91.8144971,23.1001358],[91.8149318,23.1004044],[91.8150729,23.1004675],[91.8152019,23.1005214],[91.8160854,23.1008083],[91.816188,23.1008385],[91.8164233,23.1009059],[91.8166564,23.1009566],[91.8167045,23.1009615],[91.8168389,23.1009728],[91.8172883,23.1012949],[91.8176094,23.1020059],[91.8176287,23.102089],[91.8178197,23.102935],[91.8178309,23.1030146],[91.8178427,23.103133],[91.8178475,23.1031885],[91.8178385,23.1032516],[91.8177955,23.1033281],[91.8177016,23.1034738],[91.8178075,23.1045211],[91.817845,23.1045666],[91.8179339,23.1047874],[91.8179867,23.1051153],[91.8179888,23.1052598],[91.817987,23.1054062],[91.8179617,23.1059864],[91.8177976,23.1083895],[91.8177018,23.1086797],[91.8174752,23.1091514],[91.817426,23.1092508],[91.8173422,23.1093606],[91.8172869,23.1094132],[91.817189,23.1094713],[91.8169367,23.1095659],[91.8166582,23.1096905],[91.8163277,23.1099146],[91.8163072,23.1099717],[91.8163131,23.1100354],[91.8163168,23.1100753],[91.8163366,23.1101492],[91.8163642,23.1102081],[91.8164508,23.110286],[91.8165536,23.1103736],[91.8170442,23.1106786],[91.8171274,23.1107047],[91.8173067,23.1107295],[91.8174928,23.1107542],[91.8174957,23.110756],[91.8175091,23.110764],[91.8176727,23.11092],[91.8179119,23.1111936],[91.8179502,23.1112573],[91.8180079,23.1113652],[91.8180222,23.1114243],[91.8180929,23.1120434],[91.8180783,23.112135],[91.8180656,23.1121797],[91.8179578,23.1122922],[91.8174883,23.1126811],[91.8173879,23.1127565],[91.8171836,23.1128943],[91.8170416,23.1129882],[91.8168471,23.1132007],[91.8166268,23.1134654],[91.8165433,23.1135998],[91.8165099,23.1136843],[91.8165071,23.1138523],[91.816512,23.1141758],[91.8165303,23.1143312],[91.8165585,23.1144321],[91.816603,23.1145452],[91.8166442,23.1146262],[91.8167214,23.1147882],[91.8168743,23.1151839],[91.8169689,23.1154371],[91.816957,23.1155361],[91.8168147,23.1161975],[91.8167895,23.1162917],[91.8166284,23.1165902],[91.8165212,23.1167472],[91.8163691,23.1169294],[91.8162193,23.1170895],[91.815721,23.1180634],[91.8156433,23.1189298],[91.8156156,23.1190388],[91.8155737,23.1190937],[91.8155023,23.119144],[91.8154387,23.119172],[91.8153533,23.1191805],[91.8152225,23.1191822],[91.815089,23.1191839],[91.8148771,23.1191274],[91.8147348,23.1190724],[91.8146244,23.119017],[91.8141172,23.118853],[91.8140422,23.1188392],[91.8139542,23.1188428],[91.8129807,23.1191097],[91.8129436,23.11913],[91.8128596,23.1192249],[91.8125346,23.1196391],[91.8123961,23.119841],[91.8110771,23.1212882],[91.8110012,23.1213904],[91.8109361,23.1214999],[91.8108876,23.1216537],[91.8108995,23.1217351],[91.8109299,23.1217989],[91.8110084,23.121872],[91.8111729,23.1219811],[91.8117409,23.1222776],[91.8123029,23.1225273],[91.8124446,23.1228936],[91.812034,23.123835],[91.8116064,23.1247051],[91.8115805,23.1247598],[91.8115572,23.1248119],[91.8115368,23.124874],[91.8115327,23.1249555],[91.8115334,23.1250025],[91.8115343,23.1250642],[91.8115625,23.1251602],[91.8115925,23.1252018],[91.811652,23.1252504],[91.8121716,23.1255708],[91.8126779,23.1257901],[91.8128252,23.1258424],[91.812926,23.1258908],[91.8129731,23.1259354],[91.8131446,23.1261387],[91.8131576,23.126195],[91.8131548,23.1263305],[91.8131298,23.126455],[91.8129052,23.1267854],[91.8126886,23.1271563],[91.8125774,23.1273948],[91.8124668,23.1276695],[91.8123846,23.1278851],[91.8123592,23.1279848],[91.8123818,23.1280251],[91.8124244,23.1281013],[91.8128475,23.1284685],[91.8131285,23.1286433],[91.8132783,23.1287024],[91.8135626,23.1287733],[91.8137074,23.1287746],[91.8137653,23.1287752],[91.8138753,23.1287873],[91.8138928,23.1288142],[91.8138865,23.1288797],[91.8138179,23.1290297],[91.8137114,23.1292501],[91.8131855,23.129844],[91.8129571,23.1300795],[91.8126626,23.1303024],[91.8123968,23.1304932],[91.8123416,23.1305572],[91.8123232,23.1306342],[91.8123291,23.1307018],[91.8123962,23.13078],[91.8125437,23.1308459],[91.8127821,23.1309467],[91.8129561,23.1309919],[91.8131888,23.1310386],[91.81337,23.1310724],[91.8134851,23.1310935],[91.8136121,23.1310986],[91.8137586,23.1310922],[91.8138904,23.1310906],[91.8140004,23.1311027],[91.8145918,23.1312938],[91.8147051,23.1313601],[91.8148066,23.1314491],[91.8148993,23.1316105],[91.8149497,23.131716],[91.8147915,23.1332108],[91.8147712,23.133324],[91.8147051,23.1334739],[91.8146184,23.133554],[91.8140426,23.1339069],[91.8139844,23.1339348],[91.8137951,23.134014],[91.8136106,23.1340886],[91.8130704,23.134213],[91.8129459,23.1342146],[91.8127063,23.1341973],[91.8123513,23.1341319],[91.811777,23.1340986],[91.8116989,23.1341041],[91.8116098,23.1341843],[91.8115553,23.1343002],[91.8113915,23.1347765],[91.8113137,23.1356131],[91.8112681,23.1364809],[91.8112296,23.1366778],[91.8111954,23.1368386],[91.8111646,23.1369067],[91.8110673,23.1369283],[91.8109815,23.1369091],[91.8109174,23.136867],[91.810877,23.1367749],[91.81085,23.1362762],[91.8108215,23.1348697],[91.8108574,23.1346569],[91.8108802,23.134546],[91.8109325,23.1344504],[91.8109458,23.1343599],[91.8109161,23.1341751],[91.810868,23.1340561],[91.8105705,23.1337618],[91.8104351,23.133689],[91.8102955,23.1336569],[91.8101954,23.1336627],[91.8093257,23.1337958],[91.8090679,23.1338623],[91.8089782,23.1339087],[91.8089252,23.1339568],[91.8087381,23.1341827],[91.8084204,23.1346543],[91.8082876,23.1349179],[91.8081034,23.1355007],[91.8080813,23.1356545],[91.8082568,23.1357923],[91.8086048,23.1358804],[91.8089217,23.1360028],[91.808993,23.1360358],[91.8090349,23.1360669],[91.8092225,23.1365251],[91.8089842,23.1370792],[91.8088753,23.1373132],[91.8087723,23.1374455],[91.8084796,23.1379529],[91.8082077,23.1388755],[91.8087513,23.1401196],[91.8095203,23.1412457],[91.809672,23.1414312],[91.8101214,23.1420876],[91.8103299,23.1423928],[91.810407,23.1425424],[91.8108436,23.1434878],[91.8110407,23.1444986],[91.8110412,23.1445353],[91.8110491,23.1445704],[91.8110777,23.1446175],[91.8111144,23.1446252],[91.8111938,23.1446337],[91.8113258,23.1446361],[91.8115045,23.1446175],[91.8117197,23.1445876],[91.8118178,23.1445714],[91.8121352,23.1445077],[91.8122827,23.1444664],[91.8123671,23.1444206],[91.8125552,23.1442445],[91.8126214,23.1441596],[91.8126343,23.1441355],[91.8126499,23.1441063],[91.8126781,23.1440286],[91.8127165,23.1439494],[91.8127858,23.1438726],[91.8129062,23.1437842],[91.8130446,23.1437187],[91.8130797,23.1437142],[91.8131137,23.1437273],[91.813855,23.144449],[91.8140265,23.1446326],[91.8141495,23.1448101],[91.8142088,23.1449518],[91.8142388,23.1450952],[91.8142381,23.1452417],[91.8142028,23.1453371],[91.8141702,23.1454108],[91.8141284,23.1454615],[91.8140846,23.1454757],[91.8140057,23.1454943],[91.813909,23.1454996],[91.8136372,23.1459644],[91.8136902,23.1460709],[91.8137213,23.1461885],[91.8137245,23.1463051],[91.8137048,23.14646],[91.8136671,23.1466843],[91.813284,23.147259],[91.8129141,23.1476368],[91.8123907,23.1480437],[91.8114997,23.1486941],[91.8110353,23.1491342],[91.8104015,23.1498138],[91.8102371,23.1505906],[91.8106595,23.1524437],[91.8107008,23.1524567],[91.8107644,23.1524953],[91.810833,23.1525663],[91.810847,23.1526204],[91.8108254,23.1527482],[91.8107362,23.1531576],[91.8106489,23.1534016],[91.8106063,23.153493],[91.8105473,23.1535711],[91.8104651,23.1536671],[91.8103678,23.1537294],[91.8102643,23.1537782],[91.8101244,23.1538384],[91.8100645,23.1538554],[91.8097779,23.1540178],[91.8094013,23.1544364],[91.809218,23.1546436],[91.8088331,23.1550921],[91.8086717,23.1552895],[91.8085725,23.1554251],[91.8084917,23.1555637],[91.8084881,23.15557],[91.8084438,23.1556479],[91.8082212,23.1558732],[91.8072183,23.1565955],[91.8071355,23.1566549],[91.8070263,23.1567079],[91.8066446,23.1568878],[91.8064753,23.156951],[91.8063836,23.1569956],[91.8062875,23.1570429],[91.806231,23.1570952],[91.8061474,23.1571926],[91.8061076,23.1572772],[91.8060849,23.1573277],[91.8060884,23.1573683],[91.8061041,23.15744],[91.8064306,23.1585506],[91.8068426,23.1596152],[91.8070075,23.1599327],[91.8071564,23.1601578],[91.807235,23.1602997],[91.8075041,23.1608398],[91.8075398,23.1609439],[91.8075923,23.1611342],[91.807625,23.1612563],[91.8076346,23.1613013],[91.8076847,23.1615533],[91.8077062,23.1616854],[91.8077104,23.1617485],[91.8077111,23.1617973],[91.8076995,23.1618313],[91.8076367,23.1619329],[91.8075471,23.1620265],[91.8074493,23.1621217],[91.8074017,23.1621509],[91.8072452,23.1622304],[91.8071756,23.1622523],[91.8077484,23.1629833],[91.8083214,23.1631241],[91.8089387,23.1632974],[91.8093532,23.1634477],[91.8099813,23.1644999],[91.8101008,23.164878],[91.8101102,23.164908],[91.8101121,23.1649771],[91.8100984,23.165039],[91.8100908,23.1650729],[91.8100218,23.1652497],[91.8099983,23.1653072],[91.8099681,23.1653519],[91.8099416,23.1653771],[91.8091604,23.1656653],[91.807242,23.1663124],[91.8060692,23.1666236],[91.8054453,23.167215],[91.8048739,23.1680502],[91.8048615,23.1680917],[91.8048107,23.1682788],[91.8047818,23.1684664],[91.8047746,23.1685289],[91.8047807,23.1685566],[91.8048732,23.1687652],[91.804932,23.1688855],[91.804992,23.1689825],[91.8050401,23.1690503],[91.8055934,23.1696688],[91.805719,23.169804],[91.805943,23.1699899],[91.8060713,23.1700815],[91.8061281,23.1701075],[91.8062006,23.1701407],[91.8062458,23.1701717],[91.8062984,23.1702094],[91.8063226,23.170252],[91.8063313,23.1702857],[91.8063275,23.1703572],[91.8063144,23.1704619],[91.8063028,23.1705537],[91.806254,23.1707747],[91.8062263,23.1708773],[91.8061804,23.1709658],[91.8061361,23.1710461],[91.8056819,23.1716684],[91.8062195,23.1719996],[91.8063821,23.1718873],[91.8065495,23.1717739],[91.8066381,23.1717156],[91.8067317,23.1716648],[91.8067802,23.1716469],[91.8068127,23.1716465],[91.8068527,23.1716565],[91.806897,23.171677],[91.8069494,23.1717056],[91.8069753,23.1717489],[91.8069896,23.1718359],[91.8069811,23.172409],[91.8069769,23.1724549],[91.8069669,23.1724949],[91.8069528,23.1725266],[91.8069263,23.1725518],[91.8068973,23.1725687],[91.8068575,23.1725752],[91.8067893,23.1725776],[91.805292,23.1738231],[91.8052311,23.173887],[91.8051695,23.173954],[91.8051538,23.1739925],[91.8051086,23.1741224],[91.8051091,23.1741577],[91.8051388,23.1741859],[91.8051855,23.1742071],[91.8055634,23.1743504],[91.8057318,23.1744099],[91.805948,23.1744553],[91.8061526,23.174485],[91.8062452,23.1744823],[91.8062779,23.1744932],[91.8063526,23.1745373],[91.8065524,23.1747621],[91.8067243,23.1749705],[91.8067442,23.175209],[91.8067229,23.1752845],[91.8066849,23.1753263],[91.8066163,23.1753591],[91.8056358,23.1756441],[91.8050706,23.1752733],[91.8051104,23.175152],[91.8051156,23.1751162],[91.8050907,23.1747915],[91.8050394,23.1747205],[91.8049101,23.1746094],[91.8048454,23.1745808],[91.8047642,23.1745449],[91.804705,23.1745205],[91.8043429,23.1744813],[91.8042567,23.1744745],[91.8041978,23.1744739],[91.8041596,23.1745049],[91.8041387,23.1745476],[91.8041395,23.1746007],[91.8041748,23.1746639],[91.8042364,23.1747507],[91.8043545,23.1748778],[91.8040815,23.1758112],[91.8037455,23.1759866],[91.8033635,23.1762829],[91.8031819,23.1766756],[91.8031815,23.1767459],[91.8031855,23.1768255],[91.803205,23.1768783],[91.8032327,23.1769098],[91.8032674,23.1769292],[91.8033722,23.1769332],[91.803514,23.1769128],[91.8036311,23.1768768],[91.8038714,23.176826],[91.804139,23.1767788],[91.8041977,23.1767688],[91.8042637,23.1767693],[91.8042998,23.1767834],[91.8043376,23.1768187],[91.8043878,23.1769149],[91.8044096,23.1770261],[91.8044176,23.1770843],[91.804399,23.1771854],[91.8043721,23.1773038],[91.8043586,23.177361],[91.8043418,23.177482],[91.8043439,23.177531],[91.8043794,23.177699],[91.8044127,23.1778087],[91.8045532,23.1780921],[91.8046238,23.1782079],[91.8046631,23.1782459],[91.8048282,23.1783499],[91.8050987,23.1784009],[91.8051961,23.178389],[91.805315,23.1783742],[91.8053966,23.1783639],[91.8056918,23.1785273],[91.8062385,23.1790084],[91.8062706,23.1790465],[91.8062757,23.1791021],[91.8062377,23.1791517],[91.8061852,23.1791869],[91.8060953,23.1792225],[91.8054615,23.179923],[91.8049178,23.1806981],[91.8030303,23.1817051],[91.8029114,23.1817225],[91.8027784,23.1817508],[91.8026785,23.1817865],[91.8025532,23.1818505],[91.8024081,23.1819359],[91.8019944,23.1821945],[91.8016139,23.182466],[91.8012438,23.1827613],[91.8011859,23.182819],[91.801053,23.1829547],[91.8010264,23.1829988],[91.8010142,23.1830467],[91.8010108,23.1831052],[91.8010276,23.1831752],[91.8010485,23.1832333],[91.8011069,23.1832989],[91.8011464,23.1833488],[91.8011684,23.1833817],[91.8011748,23.1834241],[91.8011559,23.1835026],[91.801127,23.1835865],[91.8010842,23.1836998],[91.8010082,23.1838029],[91.8009376,23.1838768],[91.8008507,23.1839164],[91.800665,23.1839771],[91.8006135,23.1839857],[91.8004943,23.1839793],[91.800337,23.1839189],[91.8002446,23.183879],[91.7996747,23.1838611],[91.7992146,23.1838948],[91.7990261,23.1841505],[91.7990153,23.1842939],[91.7989967,23.184395],[91.7989688,23.1844431],[91.7989236,23.1844928],[91.798847,23.1845521],[91.7987286,23.1846],[91.7986701,23.1846207],[91.7985715,23.1846471],[91.7983813,23.1846933],[91.7983498,23.1846964],[91.7983139,23.1846929],[91.7982573,23.1846498],[91.7981901,23.1845698],[91.7981385,23.1844775],[91.7980933,23.1843349],[91.798058,23.1842743],[91.797857,23.1840752],[91.7978237,23.1840571],[91.7977747,23.1840457],[91.7976971,23.1840335],[91.7976266,23.1840238],[91.797552,23.1840221],[91.7975034,23.1840346],[91.7974693,23.1840602],[91.7973775,23.1841556],[91.7970565,23.1845722],[91.7970073,23.1846405],[91.7969893,23.1846858],[91.7969738,23.1847975],[91.7968031,23.1862469],[91.7962953,23.186451],[91.7961404,23.1863601],[91.7959833,23.1863143],[91.7954836,23.1861947],[91.7953959,23.1861812],[91.7953442,23.1861819],[91.795214,23.1862047],[91.7947377,23.1864986],[91.7946937,23.186535],[91.7946685,23.1865791],[91.7946213,23.1866858],[91.794616,23.1867124],[91.7946166,23.1867522],[91.7946317,23.1868024],[91.7946612,23.1868551],[91.7952152,23.18764],[91.796057,23.1879777],[91.796541,23.1883063],[91.7964932,23.1883759],[91.7964711,23.1884306],[91.796449,23.1885834],[91.79647,23.1887424],[91.7964936,23.1887872],[91.7966054,23.1888746],[91.7967153,23.1889342],[91.7974663,23.1892537],[91.7976101,23.189277],[91.7976293,23.1898923],[91.7975555,23.1899476],[91.7974751,23.1900415],[91.7974626,23.1900656],[91.7974659,23.190096],[91.7975509,23.1902157],[91.7975814,23.1902405],[91.7979733,23.1905419],[91.7983957,23.1908203],[91.7984409,23.1908544],[91.7984778,23.1908931],[91.7985162,23.1909348],[91.7985512,23.1909791],[91.7985882,23.1910537],[91.7986632,23.191265],[91.7986901,23.1913902],[91.7986997,23.1915114],[91.7986902,23.1916053],[91.7986601,23.1916866],[91.7986156,23.1917348],[91.7985693,23.1917758],[91.7985149,23.1917938],[91.7984853,23.1917972],[91.7984448,23.1918019],[91.7983525,23.1917901],[91.7982332,23.1917512],[91.7981533,23.1917334],[91.7980704,23.1917258],[91.7980173,23.1917265],[91.7979022,23.1917511],[91.7978418,23.191785],[91.7977969,23.1918116],[91.7977661,23.1918437],[91.7977358,23.1919033],[91.7977318,23.191951],[91.7977406,23.1920173],[91.7977781,23.1921236],[91.7979569,23.192488],[91.7980756,23.1927031],[91.7981358,23.1927586],[91.7981735,23.1927769],[91.7982173,23.1927778],[91.7982844,23.1927755],[91.7983469,23.1927776],[91.7984081,23.1927984],[91.7984586,23.1928353],[91.798525,23.1928908],[91.7986781,23.1931054],[91.7987167,23.1931771],[91.7988186,23.1934154],[91.798851,23.1934915],[91.7988659,23.1935505],[91.7988652,23.1936068],[91.7988471,23.1936489],[91.7988102,23.1936855],[91.7987591,23.1937164],[91.7987094,23.1937329],[91.7985892,23.1937388],[91.7981318,23.1941676],[91.7979588,23.1948194],[91.7978975,23.1954265],[91.797916,23.19551],[91.7979152,23.1955634],[91.7978912,23.1956272],[91.7978623,23.1956839],[91.797824,23.1957335],[91.7977718,23.1957933],[91.7976834,23.1958349],[91.7974687,23.1958896],[91.7973861,23.1959048],[91.7973675,23.1959082],[91.7972926,23.1959135],[91.797205,23.195903],[91.7971294,23.1958563],[91.7970197,23.1957293],[91.7969697,23.1956231],[91.7969481,23.1955621],[91.7969453,23.1955541],[91.7969067,23.1954824],[91.7968465,23.1954225],[91.7967722,23.19536],[91.7967156,23.1953361],[91.7966545,23.1953239],[91.796531,23.1953125],[91.7964202,23.1953226],[91.7963237,23.1953426],[91.7961934,23.1954005],[91.7960573,23.1954889],[91.7959601,23.1955681],[91.7959157,23.1956278],[91.7958886,23.1957003],[91.7958756,23.1958737],[91.7958955,23.1960539],[91.7952221,23.1966616],[91.7951585,23.1966927],[91.7949993,23.1968015],[91.7949407,23.1968528],[91.7948806,23.1969113],[91.79483,23.1969711],[91.7947827,23.1970483],[91.7947402,23.1971296],[91.7947238,23.1971789],[91.7947216,23.1972425],[91.7947413,23.1973057],[91.7947987,23.1973887],[91.7948651,23.1974413],[91.7949263,23.1974593],[91.7950386,23.1974535],[91.7951679,23.1974302],[91.7953625,23.1973931],[91.7955098,23.1973547],[91.7955197,23.1973522],[91.795533,23.1978284],[91.7940878,23.1982091],[91.7930648,23.1989352],[91.792949,23.1995487],[91.7926141,23.2000279],[91.7925051,23.1999485],[91.7923952,23.1999065],[91.7923168,23.1998888],[91.7922356,23.1998869],[91.7921515,23.1999024],[91.7919867,23.1999507],[91.7919043,23.1999792],[91.7918252,23.2000148],[91.791751,23.200062],[91.7916693,23.2001395],[91.7915739,23.2002331],[91.79146,23.2003482],[91.7903005,23.2018747],[91.7898338,23.2025259],[91.7895598,23.2030058],[91.7891551,23.2038395],[91.7889339,23.2042956],[91.7888976,23.2043798],[91.7888736,23.2044422],[91.788876,23.204497],[91.7888862,23.2045561],[91.7889598,23.2048828],[91.7890649,23.2052309],[91.7890296,23.2056961],[91.7888044,23.2060989],[91.7887524,23.2061688],[91.7887099,23.2062516],[91.7886752,23.2063358],[91.7885743,23.2065912],[91.788552,23.2066665],[91.7884812,23.2069446],[91.7884781,23.2070515],[91.7884845,23.2071697],[91.788527,23.2076662],[91.7885408,23.207715],[91.7885727,23.2077572],[91.7886252,23.2077838],[91.7886908,23.2078063],[91.788743,23.2078097],[91.7888125,23.2078064],[91.7888983,23.2077908],[91.7889424,23.2077742],[91.7889639,23.2077579],[91.7890265,23.2077032],[91.7890313,23.207699],[91.7890883,23.2076478],[91.7892898,23.2075207],[91.7897258,23.2073754],[91.7897822,23.2073691],[91.7899525,23.2073653],[91.7902409,23.2074098],[91.7913048,23.2076382],[91.7917221,23.2081102],[91.7924477,23.2089141],[91.792467,23.2089315],[91.7924998,23.2089713],[91.7925335,23.2090183],[91.792564,23.2090781],[91.7926156,23.2092165],[91.7926247,23.2092485],[91.7926166,23.2092864],[91.7925973,23.209334],[91.7923314,23.2097496],[91.7922861,23.2098008],[91.792227,23.2098618],[91.7921839,23.2099061],[91.7921414,23.2099496],[91.7920672,23.2099851],[91.7920075,23.2100044],[91.79197,23.2099952],[91.7919295,23.2099652],[91.7919188,23.2099444],[91.7918898,23.2098628],[91.7918747,23.2097867],[91.7919086,23.2096682],[91.7919491,23.2095833],[91.7919857,23.2094752],[91.7920354,23.2092496],[91.7920284,23.2091886],[91.7919969,23.2091191],[91.7919475,23.2090675],[91.7918956,23.2090264],[91.7918065,23.2089986],[91.7917055,23.2089838],[91.7916107,23.2089818],[91.7915096,23.2090248],[91.7914244,23.2090821],[91.7913565,23.209136],[91.7912932,23.2092027],[91.7912189,23.2092904],[91.7911768,23.2093866],[91.7911784,23.209434],[91.7912029,23.2095052],[91.7912482,23.2095713],[91.7913049,23.2096413],[91.7913596,23.209692],[91.7914439,23.2097512],[91.7915168,23.2098041],[91.7915819,23.2098571],[91.7916189,23.2098891],[91.791769,23.2100936],[91.7917942,23.2101292],[91.791833,23.2101954],[91.7919014,23.2103536],[91.7919623,23.2105336],[91.7919787,23.2105832],[91.7919872,23.2106273],[91.7919889,23.2106843],[91.7919841,23.2107149],[91.7919015,23.2108309],[91.7918195,23.2109291],[91.7916674,23.2110436],[91.7916029,23.2110918],[91.7915709,23.211105],[91.7914205,23.2111624],[91.791144,23.2125639],[91.7904759,23.2135261],[91.7897121,23.2141384],[91.7895689,23.2141555],[91.7895013,23.214166],[91.7892674,23.2142774],[91.7880694,23.2148582],[91.788004,23.2149032],[91.7879527,23.2149617],[91.7879215,23.2150304],[91.7879001,23.2151118],[91.7879008,23.2151584],[91.7882178,23.2164882],[91.7882538,23.2165697],[91.7882895,23.2166351],[91.7883428,23.216706],[91.7883999,23.2167526],[91.788471,23.2167943],[91.7891346,23.2170479],[91.7892368,23.2170819],[91.7893153,23.217101],[91.7901319,23.2172988],[91.7909444,23.2175086],[91.7912069,23.2176258],[91.7916413,23.2178437],[91.7917195,23.2178989],[91.7917802,23.2179456],[91.7918015,23.2179734],[91.7918823,23.2180865],[91.7919196,23.2181423],[91.7919247,23.2181944],[91.7919222,23.2182587],[91.7918066,23.2189616],[91.7917959,23.2190011],[91.7916897,23.2192307],[91.7911958,23.2200388],[91.7911175,23.2201539],[91.7909998,23.2203056],[91.7909203,23.2204007],[91.7908174,23.2204927],[91.7906642,23.2205967],[91.7905362,23.220645],[91.7904004,23.2207479],[91.7903356,23.2208315],[91.7902973,23.2208858],[91.7902812,23.220919],[91.7902606,23.2209907],[91.7902268,23.2211792],[91.7902184,23.2212524],[91.7902168,23.2213255],[91.7902222,23.2213962],[91.790228,23.2214314],[91.7902432,23.2215196],[91.7904122,23.2224222],[91.7910779,23.2228163],[91.791449,23.2236159],[91.791179,23.224465],[91.7912411,23.2254937],[91.7912297,23.2255788],[91.7911928,23.2256409],[91.7911412,23.2256832],[91.791098,23.2256887],[91.7910564,23.2256826],[91.790994,23.2256084],[91.7908614,23.2254135],[91.7908609,23.2253836],[91.7908745,23.2253234],[91.7909357,23.2250794],[91.7909492,23.2250176],[91.7909591,23.2249525],[91.7909548,23.2249059],[91.7909054,23.2248599],[91.7908555,23.2248253],[91.790818,23.2247994],[91.790722,23.2247656],[91.7906659,23.2247513],[91.7905451,23.2247495],[91.7903633,23.2247685],[91.790259,23.2247848],[91.7901621,23.2248127],[91.7900763,23.2248588],[91.7899229,23.2249706],[91.7898768,23.2250229],[91.7898436,23.2250916],[91.789843,23.2251766],[91.7898666,23.2253079],[91.7899971,23.2256011],[91.7900286,23.2256556],[91.7900615,23.2256885],[91.7901229,23.2256944],[91.790213,23.2256933],[91.7905926,23.22601],[91.7910748,23.2265553],[91.7910783,23.226561],[91.7911006,23.2265966],[91.7911067,23.2266399],[91.7911092,23.2266848],[91.7910991,23.2267349],[91.7910765,23.2267918],[91.7910446,23.2268306],[91.7909624,23.2268766],[91.7908798,23.2268993],[91.7907916,23.2269054],[91.7906686,23.2268803],[91.7905525,23.2268301],[91.7896864,23.2268894],[91.7896296,23.2269501],[91.7892626,23.2272413],[91.789107,23.2273249],[91.7888992,23.2274108],[91.7888381,23.2274232],[91.7882622,23.2274905],[91.7878212,23.2275294],[91.788092,23.2282889],[91.788113,23.2288567],[91.7874264,23.2291103],[91.7866125,23.2294138],[91.786566,23.2294394],[91.7865233,23.2294749],[91.7864825,23.2295221],[91.7862621,23.229973],[91.7861225,23.2302829],[91.7857805,23.2306854],[91.7851173,23.2313068],[91.7843895,23.2321889],[91.7843543,23.232251],[91.7842455,23.2324456],[91.7841946,23.2325446],[91.7841777,23.2326147],[91.784179,23.232708],[91.784199,23.2328377],[91.7842257,23.2329373],[91.7842646,23.2330068],[91.7843048,23.2330479],[91.7843992,23.2330934],[91.7845984,23.234247],[91.784902,23.2342998],[91.7849494,23.2343342],[91.7849989,23.2343952],[91.7850229,23.2344332],[91.7850398,23.234478],[91.7850403,23.234508],[91.7847198,23.2350218],[91.7846736,23.2350673],[91.7845825,23.2351218],[91.7844358,23.2351986],[91.7843566,23.2361825],[91.7845773,23.2370926],[91.7844281,23.2377259],[91.7843125,23.2381988],[91.7842258,23.2385547],[91.7842131,23.2386698],[91.784216,23.2387464],[91.7842245,23.2388313],[91.7842476,23.2389309],[91.7842846,23.2390004],[91.7843594,23.2390578],[91.7844356,23.2390868],[91.7845364,23.2390822],[91.7846031,23.2390764],[91.784705,23.2390201],[91.7848136,23.2389305],[91.7849233,23.2387908],[91.7849853,23.2387117],[91.7850551,23.2386775],[91.7851271,23.2386733],[91.7851389,23.2386738],[91.785183,23.2386759],[91.7852739,23.2387247],[91.7853434,23.2387938],[91.7853693,23.2388368],[91.785388,23.2388816],[91.7854033,23.238943],[91.785404,23.238993],[91.7853762,23.2390583],[91.7853306,23.2391488],[91.7852107,23.2393286],[91.7851452,23.239411],[91.7851009,23.2394632],[91.784712,23.2397364],[91.7844252,23.2399749],[91.7843135,23.2400734],[91.7842415,23.240167],[91.7842233,23.2402683],[91.7842251,23.2403924],[91.7842747,23.2407163],[91.783945,23.2416858],[91.7830734,23.2433327],[91.7823832,23.2434291],[91.7813266,23.2434706],[91.7811563,23.2434644],[91.7810163,23.2434463],[91.7806946,23.2433792],[91.7806023,23.2433191],[91.7805313,23.2432438],[91.7804494,23.2431554],[91.7802478,23.2427275],[91.780207,23.2426353],[91.7802162,23.2425325],[91.7802541,23.242186],[91.7802675,23.2421212],[91.7803117,23.2420809],[91.7806512,23.2418929],[91.7807617,23.2418567],[91.7808081,23.2418462],[91.7808728,23.2418537],[91.7809359,23.2418843],[91.781006,23.2418983],[91.7810542,23.2418862],[91.7811612,23.24185],[91.7812058,23.2418346],[91.7813417,23.2416971],[91.7813642,23.2416422],[91.7813366,23.2414769],[91.7813088,23.2414094],[91.7812107,23.2411954],[91.7811775,23.2411329],[91.7810696,23.2409885],[91.7810082,23.2409529],[91.7809093,23.2409276],[91.7807344,23.240852],[91.7806476,23.2408035],[91.7805731,23.2407282],[91.7802442,23.2402986],[91.7801702,23.2401372],[91.7800478,23.2398606],[91.779567,23.2396928],[91.7796775,23.2397775],[91.7797468,23.2398611],[91.7798093,23.2399696],[91.7798391,23.2400454],[91.7798347,23.24011],[91.7797941,23.2401503],[91.7786248,23.2410508],[91.7779288,23.2413625],[91.7774466,23.2414729],[91.7773943,23.2414438],[91.7772285,23.2413846],[91.7771606,23.2413954],[91.7770754,23.2414494],[91.7770117,23.2415065],[91.776984,23.2415715],[91.7768592,23.241977],[91.776957,23.2424129],[91.7764816,23.2428643],[91.776396,23.2428918],[91.7763114,23.2429873],[91.776255,23.2430509],[91.7761922,23.2431659],[91.7761792,23.2432572],[91.7761825,23.2433565],[91.7762897,23.2439462],[91.7763117,23.2439791],[91.7765678,23.2440884],[91.7768087,23.244145],[91.7769722,23.2441777],[91.7770869,23.2441796],[91.7771551,23.2441837],[91.7772986,23.2441985],[91.7776468,23.2442388],[91.7777743,23.2442554],[91.777881,23.2443236],[91.7779631,23.2444236],[91.777986,23.244516],[91.7779593,23.2447713],[91.7778767,23.2448816],[91.7780136,23.2452922],[91.7786132,23.2463477],[91.7787891,23.246607],[91.7788725,23.2466739],[91.7790008,23.2467501],[91.7791731,23.2467645],[91.7793218,23.2467626],[91.779481,23.2467474],[91.7796096,23.2467159],[91.779773,23.2466228],[91.7801626,23.2472769],[91.7797998,23.2474653],[91.7795624,23.2477696],[91.7794777,23.2481051],[91.7792774,23.2493445],[91.7793495,23.2498618],[91.7795421,23.2504025],[91.7794531,23.2515394],[91.7794504,23.2515687],[91.7794469,23.2516074],[91.7794116,23.251641],[91.7792905,23.2516889],[91.7792191,23.251708],[91.7789142,23.2516903],[91.7787792,23.2516506],[91.7786619,23.2515925],[91.7786045,23.2515948],[91.778546,23.2516353],[91.7785118,23.2517434],[91.7785015,23.2519008],[91.7785276,23.2520892],[91.7786108,23.2522604],[91.7787357,23.2524707],[91.7791961,23.2530676],[91.7793562,23.2532295],[91.7795119,23.2533369],[91.779783,23.2536166],[91.7798143,23.2536741],[91.7798113,23.2537123],[91.7794494,23.2540827],[91.7793362,23.2541476],[91.7792664,23.2541877],[91.7791542,23.2542371],[91.7790634,23.2542747],[91.7789759,23.2543006],[91.7788527,23.254327],[91.7787369,23.2543732],[91.7786356,23.2544324],[91.7783969,23.2546473],[91.778346,23.2547192],[91.7781991,23.2550919],[91.7781769,23.2552255],[91.778184,23.255343],[91.7782659,23.2555472],[91.7783356,23.2557815],[91.7783321,23.2559107],[91.7782856,23.2562772],[91.7782648,23.2563255],[91.7782351,23.2563805],[91.7781767,23.2564292],[91.7781391,23.2564314],[91.7780546,23.2564109],[91.7779135,23.2563249],[91.7777432,23.2561946],[91.777621,23.2560537],[91.7775275,23.2559092],[91.7773458,23.2556151],[91.7772902,23.2554916],[91.7768394,23.2550552],[91.7754035,23.255507],[91.7752232,23.2559199],[91.7749675,23.2566881],[91.7749566,23.2568008],[91.7749918,23.2568782],[91.7750977,23.257016],[91.7752317,23.2571054],[91.7757191,23.2573509],[91.7760628,23.2573234],[91.7761844,23.2571845],[91.776318,23.2571298],[91.7764181,23.257112],[91.7765202,23.2571123],[91.7766248,23.2571557],[91.7769147,23.2573101],[91.7769662,23.2573806],[91.776967,23.2573932],[91.7769465,23.2574646],[91.7766506,23.2578144],[91.7765048,23.2580149],[91.7763813,23.2582183],[91.7763426,23.2582871],[91.7763361,23.2583213],[91.7763525,23.2586286],[91.7763793,23.2587443],[91.7763924,23.2587835],[91.7766854,23.2596301],[91.7767053,23.2596544],[91.7767542,23.2596609],[91.7767938,23.2596513],[91.7768361,23.2596328],[91.7768916,23.2596076],[91.7770133,23.2595306],[91.77711,23.2594694],[91.7771364,23.2594588],[91.7771614,23.2594488],[91.7772199,23.259441],[91.7772854,23.2594408],[91.7773128,23.2594514],[91.7773396,23.2594698],[91.777476,23.2596337],[91.7774987,23.2596638],[91.7775112,23.2597036],[91.777555,23.2599274],[91.7775423,23.2599662],[91.7774929,23.2600693],[91.7771253,23.2606584],[91.7768927,23.2607718],[91.7763947,23.2608361],[91.7758621,23.2611046],[91.7757881,23.2611455],[91.7757156,23.2612025],[91.7756378,23.2612692],[91.7755718,23.2613371],[91.775532,23.2613846],[91.7755009,23.2614488],[91.7754753,23.261513],[91.775384,23.2619461],[91.7753866,23.2619847],[91.7754086,23.2620102],[91.7754312,23.2620235],[91.7754853,23.2620499],[91.7755489,23.2620555],[91.7756158,23.2620547],[91.7765213,23.2633211],[91.7765338,23.2639308],[91.7763703,23.2642029],[91.7763112,23.2643133],[91.7762815,23.2643807],[91.7762241,23.2645587],[91.7762056,23.264626],[91.7761584,23.2650695],[91.7761537,23.2651289],[91.7761705,23.2651841],[91.7762177,23.2652621],[91.7762652,23.2653086],[91.7763591,23.2654338],[91.7765216,23.2656645],[91.7765687,23.2657786],[91.7765994,23.2658782],[91.7766723,23.2661338],[91.7766764,23.2661542],[91.7766888,23.2662155],[91.7766971,23.2663057],[91.7766853,23.2663587],[91.7766681,23.2664195],[91.7766387,23.2664573],[91.7766047,23.2664744],[91.7765677,23.266473],[91.776512,23.2664795],[91.7763992,23.2664957],[91.7763004,23.266515],[91.7762179,23.2665509],[91.7761758,23.266583],[91.7761472,23.2666356],[91.7760931,23.2667516],[91.7760924,23.2668],[91.7761113,23.2668971],[91.7762618,23.2675463],[91.7763246,23.2677815],[91.7763456,23.2678347],[91.7763816,23.2679091],[91.7766695,23.2684102],[91.7769735,23.2688687],[91.7770259,23.2689215],[91.7770586,23.2689611],[91.7770696,23.2690003],[91.7770928,23.2692018],[91.7770926,23.2692321],[91.7770769,23.2692587],[91.7767895,23.269497],[91.7760294,23.2700107],[91.775976,23.2700313],[91.775907,23.270036],[91.7758156,23.2700359],[91.7757547,23.2700231],[91.7757118,23.270003],[91.7756779,23.2699757],[91.7753806,23.2696836],[91.7752223,23.269458],[91.7752077,23.2694092],[91.7751513,23.2693228],[91.7751222,23.2692923],[91.7749247,23.2692406],[91.7747766,23.2692308],[91.7743717,23.2692179],[91.7743166,23.2692192],[91.7742611,23.2692457],[91.774203,23.2692787],[91.7741555,23.2693205],[91.7740875,23.2693987],[91.7740465,23.2694573],[91.774019,23.2695285],[91.7740062,23.2696119],[91.7735999,23.2698329],[91.7728109,23.269848],[91.7716442,23.2703223],[91.7706556,23.270797],[91.7703335,23.2716886],[91.7697982,23.2723013],[91.7695672,23.272537],[91.7692409,23.2728453],[91.7688568,23.2728688],[91.7683223,23.2725403],[91.7682049,23.2721472],[91.7672026,23.2715563],[91.7667937,23.2714667],[91.766607,23.2715812],[91.7664718,23.2718788],[91.7663856,23.2721364],[91.765799,23.2727755],[91.7654868,23.2725693],[91.7654885,23.2725441],[91.7654811,23.27251],[91.7654524,23.2724601],[91.7654169,23.2724174],[91.7653691,23.2723902],[91.7653362,23.2723848],[91.7652852,23.2723803],[91.7652344,23.272388],[91.7652024,23.2723988],[91.7651199,23.272434],[91.765079,23.2724564],[91.7650111,23.2725327],[91.7649926,23.2725574],[91.7649654,23.2726067],[91.7649548,23.2726442],[91.7649534,23.2726958],[91.7649487,23.2729918],[91.7649548,23.2730285],[91.7649701,23.2730708],[91.7650055,23.2731078],[91.7654229,23.273354],[91.7657835,23.2732438],[91.7654806,23.2736596],[91.7641865,23.2743223],[91.7636722,23.2746757],[91.7638088,23.2751274],[91.7639006,23.2754768],[91.7639411,23.2761229],[91.7639148,23.2762863],[91.763349,23.2769321],[91.7631074,23.2770925],[91.7626416,23.2769516],[91.7621951,23.2768113],[91.762123,23.2768022],[91.7620518,23.2768045],[91.7619698,23.2768119],[91.7616939,23.2768426],[91.7616491,23.2768524],[91.7615743,23.2768698],[91.7615119,23.2768935],[91.7614629,23.2769298],[91.7614125,23.2769805],[91.7613745,23.2770254],[91.7613617,23.2770548],[91.7613622,23.2770707],[91.7613632,23.277102],[91.7615976,23.2778344],[91.7617541,23.278208],[91.762189,23.2784071],[91.7622441,23.2790488],[91.7623241,23.2794405],[91.7625024,23.2799289],[91.7626053,23.2800886],[91.7626976,23.2803056],[91.7627362,23.2804074],[91.7627702,23.2805092],[91.7628034,23.2806104],[91.7628051,23.2806719],[91.7627718,23.2808275],[91.7627444,23.280913],[91.7626177,23.2813044],[91.7625981,23.2813447],[91.7625674,23.2813594],[91.7625062,23.2813601],[91.7624555,23.2813364],[91.7624101,23.2812962],[91.762341,23.2812342],[91.7622288,23.2811311],[91.7621891,23.2810658],[91.7618793,23.2808966],[91.76138,23.2809593],[91.7613298,23.2809685],[91.7612104,23.2810093],[91.7611343,23.2810468],[91.7610751,23.2810797],[91.7610324,23.2811189],[91.7610012,23.2811579],[91.7605613,23.2817348],[91.7599692,23.2832379],[91.7600379,23.2839151],[91.7604334,23.2842177],[91.7612795,23.2844161],[91.7613197,23.2844148],[91.7614455,23.2844369],[91.7615071,23.2844669],[91.7619167,23.2846785],[91.762015,23.2847338],[91.7621659,23.284885],[91.7621762,23.2849027],[91.7621651,23.2849358],[91.7621319,23.2849927],[91.7615118,23.2858509],[91.7611489,23.2863446],[91.7607747,23.2869165],[91.7609341,23.2876916],[91.7610378,23.2880387],[91.7612602,23.2885826],[91.7615947,23.2888749],[91.7618811,23.2892854],[91.761973,23.2894443],[91.7620125,23.2895333],[91.7620236,23.2895928],[91.7620244,23.2896484],[91.7620032,23.2897016],[91.761853,23.289976],[91.7618026,23.2900444],[91.7615422,23.2903053],[91.761309,23.2905211],[91.7612175,23.290586],[91.7610306,23.2907565],[91.7609307,23.2908554],[91.7606689,23.2911244],[91.7606056,23.291212],[91.7606003,23.29125],[91.7606006,23.2912704],[91.7606411,23.2913282],[91.7606992,23.2913858],[91.7608032,23.291474],[91.7608936,23.2915285],[91.7609676,23.2915682],[91.7610338,23.2915782],[91.7610851,23.2915762],[91.7618652,23.2918133],[91.7625695,23.2921938],[91.7629205,23.2926043],[91.7634751,23.2948892],[91.7634746,23.2956622],[91.76309,23.2963653],[91.7627528,23.2965974],[91.7625149,23.2975998],[91.7625326,23.298005],[91.7628245,23.2987974],[91.7628558,23.2989245],[91.7627265,23.2992204],[91.7626794,23.2993159],[91.7626366,23.2993964],[91.762577,23.2994392],[91.762491,23.2994837],[91.762302,23.3004136],[91.7626768,23.3010476],[91.76259,23.3017335],[91.762569,23.3027939],[91.7626378,23.3029927],[91.7631679,23.3032148],[91.7632369,23.3032312],[91.7632771,23.3032399],[91.7633258,23.3032459],[91.7633803,23.3032505],[91.7634876,23.3032466],[91.7637365,23.3032302],[91.7638093,23.3032161],[91.764454,23.3039327],[91.7650688,23.3052461],[91.7646604,23.3058092],[91.7645676,23.3060206],[91.7643673,23.3065229],[91.7642026,23.3070077],[91.7641849,23.30707],[91.7641773,23.3071349],[91.764171,23.3072937],[91.7641726,23.3074061],[91.764186,23.3074403],[91.7642847,23.3076308],[91.7643663,23.3089019],[91.76513,23.3092309],[91.7652108,23.3091783],[91.7652789,23.3091351],[91.7653629,23.309101],[91.7654427,23.3090775],[91.7658206,23.308975],[91.766054,23.308976],[91.7661041,23.3089794],[91.7661804,23.3090022],[91.7665665,23.3091653],[91.7666532,23.3092198],[91.7667227,23.3092758],[91.7667796,23.3093465],[91.766815,23.3094174],[91.7668462,23.3094937],[91.7672582,23.3102556],[91.7674873,23.3106454],[91.7679878,23.3110967],[91.7691778,23.311698],[91.7701277,23.3123262],[91.7707571,23.3120882],[91.7712399,23.3118203],[91.7714728,23.3115873],[91.771869,23.31195],[91.7719214,23.3120088],[91.7719696,23.312073],[91.7719322,23.3121621],[91.7718075,23.3124453],[91.7717617,23.3125424],[91.7717112,23.3126171],[91.7716436,23.312692],[91.7714837,23.312821],[91.7714213,23.3128614],[91.7716349,23.3140502],[91.7721367,23.3142898],[91.772568,23.3148941],[91.7727489,23.3152211],[91.7733321,23.3158379],[91.7733755,23.3158717],[91.7734186,23.3158804],[91.7734671,23.3158666],[91.7735367,23.31583],[91.7736433,23.3156753],[91.7736725,23.3156181],[91.7736844,23.3155545],[91.7746441,23.3154816],[91.7749404,23.3156709],[91.7755107,23.3159878],[91.7770096,23.3167154],[91.7778285,23.3170404],[91.7784319,23.3171821],[91.7789314,23.3172759],[91.778993,23.3172931],[91.7791021,23.3173361],[91.7792536,23.3174145],[91.7793279,23.3174617],[91.779388,23.317512],[91.7796647,23.3178306],[91.7798796,23.3181188],[91.7800084,23.3185961],[91.7803648,23.3189089],[91.7804286,23.3189346],[91.7806863,23.3189965],[91.7809223,23.3190483],[91.780982,23.3190778],[91.781245,23.3192927],[91.7813716,23.3194148],[91.7814657,23.3195544],[91.7819189,23.3202543],[91.7821875,23.3209206],[91.7824125,23.3220994],[91.7826824,23.3236857],[91.7832203,23.3243684],[91.7832774,23.3244291],[91.7833589,23.3244725],[91.7834719,23.3245098],[91.784176,23.3245339],[91.7843239,23.3245066],[91.7845371,23.3244699],[91.784826,23.3244303],[91.7849221,23.3244263],[91.7849937,23.3244245],[91.7855193,23.3244887],[91.785548,23.3244949],[91.7855709,23.3245173],[91.786231,23.3251683],[91.7865301,23.3256793],[91.7869641,23.3256313],[91.7873205,23.3254577],[91.7896083,23.3255072],[91.7896564,23.3255094],[91.7897475,23.3255139],[91.7899284,23.3255787],[91.7901056,23.3256624],[91.7909691,23.3260907],[91.7917596,23.3264925],[91.7929924,23.3276064],[91.7931938,23.3279195],[91.7932115,23.3279521],[91.7932595,23.3280696],[91.7932643,23.3281073],[91.7932503,23.328173],[91.7931899,23.3284537],[91.7931458,23.3285962],[91.7931044,23.3286295],[91.793017,23.3286822],[91.7929212,23.328748],[91.7928713,23.3287893],[91.7928375,23.3288255],[91.7928177,23.3288674],[91.792809,23.3289341],[91.7928227,23.3291334],[91.7928323,23.3292018],[91.7928523,23.3292423],[91.7928774,23.3292687],[91.7930278,23.3294098],[91.7941614,23.3301658],[91.7951269,23.3306082],[91.7955543,23.3306485],[91.7960533,23.330661],[91.7966641,23.3308865],[91.7968231,23.3309481],[91.7973988,23.3312783],[91.7974671,23.3313181],[91.7987634,23.3320919],[91.7993055,23.3325456],[91.7994424,23.3327156],[91.7995308,23.3327989],[91.7996092,23.3328674],[91.7996743,23.3329083],[91.799737,23.3329283],[91.8002522,23.33302],[91.8003974,23.3330231],[91.8005252,23.3330166],[91.8006067,23.3329977],[91.8007566,23.332962],[91.8008441,23.3329142],[91.8017831,23.33266],[91.803516,23.332361],[91.8040556,23.3322896],[91.8045305,23.3322686],[91.8045757,23.332273],[91.8053694,23.3328685],[91.805845,23.3332535],[91.8063134,23.3336605],[91.8064104,23.3337496],[91.8064563,23.3337987],[91.806491,23.3338906],[91.8064961,23.3339441],[91.8064817,23.333989],[91.8064278,23.3340502],[91.8063819,23.3340727],[91.8060499,23.3342298],[91.8062696,23.3348593],[91.8072832,23.3357466],[91.80784,23.3371052],[91.8073701,23.337285],[91.8070253,23.338236],[91.8067955,23.3392608],[91.8068152,23.339735],[91.8072818,23.3397452],[91.80835,23.340534],[91.808639,23.3407857],[91.8086725,23.3411465],[91.808681,23.3415415],[91.8095687,23.3419666],[91.809425,23.3428331],[91.8092964,23.3432428],[91.8092855,23.3433335],[91.8093004,23.3437406],[91.809315,23.343784],[91.8093858,23.343893],[91.8094348,23.343953],[91.8094649,23.3439753],[91.810427,23.3446667],[91.811152,23.3446575],[91.8119102,23.3452588],[91.8124991,23.3455963],[91.8128291,23.3456583],[91.8133873,23.345534],[91.8134676,23.3450481],[91.8140111,23.3448149],[91.8141995,23.3447139],[91.8143308,23.3446039],[91.8149032,23.3438474],[91.8153606,23.3441167],[91.8158622,23.3445895],[91.8168197,23.345517],[91.817947,23.3463317],[91.8178409,23.3465529],[91.8176648,23.3468323],[91.8173888,23.3475845],[91.8174958,23.3481035],[91.8175561,23.3483364],[91.8175776,23.348416],[91.8176067,23.3484607],[91.8177221,23.3485766],[91.8177455,23.3486001],[91.8177957,23.3486094],[91.8178336,23.3486077],[91.8178765,23.3485809],[91.8181591,23.3485673],[91.8184188,23.3486526],[91.8185024,23.348809],[91.8186409,23.3492895],[91.8186908,23.3496387],[91.8186935,23.3497299],[91.8186832,23.3498537],[91.8186726,23.3499576],[91.8186366,23.3500792],[91.8186008,23.3501309],[91.8185746,23.350185],[91.8185699,23.350235],[91.8185794,23.3503274],[91.8186241,23.350418],[91.818667,23.3504799],[91.8187153,23.3505468],[91.8187593,23.3505912],[91.8191772,23.3509344],[91.8195023,23.3510452],[91.8205786,23.351345],[91.8213871,23.3514745],[91.8214665,23.3513535],[91.8215295,23.3513103],[91.8215632,23.3513048],[91.82162,23.3513016],[91.8217798,23.351312],[91.8222773,23.3513656],[91.822356,23.3513758],[91.8224566,23.3514095],[91.8225902,23.3514715],[91.822662,23.3515127],[91.8227649,23.3515717],[91.8241924,23.3519194],[91.824989,23.3523352],[91.8252054,23.3525911],[91.8253813,23.3532173],[91.8253893,23.3532984],[91.8253823,23.353371],[91.8253634,23.3534637],[91.8251546,23.3563927],[91.8253411,23.3571787],[91.8254849,23.3575579],[91.8255882,23.3586636],[91.8255588,23.3596849],[91.8256954,23.3607463],[91.82574,23.3620305],[91.8256542,23.362936],[91.826521,23.3640801],[91.8268416,23.3645317],[91.8270136,23.3647697],[91.8272684,23.3649183],[91.8276175,23.3649774],[91.8283201,23.3656325],[91.8283662,23.3659003],[91.8283844,23.3659258],[91.828464,23.3660369],[91.8286711,23.3660695],[91.8287497,23.3660619],[91.8288336,23.3660538],[91.8289233,23.3660451],[91.8291394,23.3659116],[91.8295275,23.3655109],[91.8296684,23.3652876],[91.8302994,23.364434],[91.8307615,23.3646223],[91.8316062,23.3650636],[91.8318512,23.3655727],[91.8319464,23.365794],[91.8320806,23.3668185],[91.8319711,23.3674205],[91.8318852,23.3680742],[91.8318852,23.3682383],[91.8318945,23.3684284],[91.8319602,23.3687172],[91.8321203,23.3691815],[91.8321532,23.3692609],[91.8322395,23.3694696],[91.8323573,23.3696659],[91.8324232,23.3697216],[91.8325647,23.3697197],[91.8326406,23.3696799],[91.8327234,23.369587],[91.833067,23.3695201],[91.8345506,23.3697081],[91.836115,23.3701577],[91.8374013,23.3706266],[91.8377226,23.371642],[91.8376695,23.3725335],[91.8377937,23.3738454],[91.8377695,23.3740153],[91.8375425,23.3746859],[91.8373727,23.3751112],[91.8373327,23.3759887],[91.8374991,23.3773644],[91.8374084,23.377687],[91.8373434,23.3781966],[91.8373731,23.3783905],[91.8374441,23.3785238],[91.8375291,23.3785757],[91.8376445,23.3786202],[91.8374789,23.3793006],[91.8371953,23.3797812],[91.8369406,23.3803922],[91.8369588,23.3810879],[91.8369107,23.3816997],[91.8368106,23.3824146],[91.8364371,23.3845286],[91.8361642,23.385705],[91.8361586,23.3858393],[91.8361946,23.386443],[91.8368929,23.3873101],[91.8376392,23.387311],[91.8379022,23.3872405],[91.838059,23.3871842],[91.8383209,23.3870902],[91.8385374,23.3869778],[91.8394927,23.3873788],[91.8402524,23.387754],[91.8414136,23.3883571],[91.8418305,23.3885884],[91.8420702,23.3892459],[91.841927,23.3896435],[91.8418024,23.3900054],[91.8417595,23.3902038],[91.8416746,23.3919113],[91.8416006,23.3936683],[91.8415222,23.3939659],[91.8414394,23.3945534],[91.8414269,23.3949881],[91.8414295,23.3956593],[91.8414297,23.3964368],[91.8413607,23.397096],[91.8413221,23.3971481],[91.8412673,23.3972165],[91.8406977,23.3988732],[91.8409266,23.3993259],[91.8410368,23.3995223],[91.8411343,23.3996412],[91.8414565,23.3996829],[91.8419031,23.3996029],[91.8423636,23.3994309],[91.8429071,23.3991765],[91.8430636,23.3991497],[91.8431383,23.3992759],[91.8431199,23.4000781],[91.8428961,23.4000448],[91.8427797,23.4006965],[91.8427793,23.4019693],[91.8426081,23.4029638],[91.8422674,23.4045036],[91.8418587,23.4053677],[91.8416713,23.4062948],[91.8415882,23.4071795],[91.84169,23.4081852],[91.8416899,23.4085622],[91.8415877,23.4090807],[91.8409237,23.410322],[91.840158,23.4117082],[91.8399537,23.411991],[91.8395111,23.412258],[91.8390516,23.4128236],[91.8388812,23.4136092],[91.8389491,23.4139235],[91.8391362,23.4143477],[91.8396977,23.4148664],[91.840106,23.4154007],[91.8401229,23.4157936],[91.8398851,23.41767],[91.8395615,23.4184713],[91.8389485,23.4193982],[91.8386952,23.4197996],[91.8386558,23.4200523],[91.8387336,23.4203413],[91.8389287,23.4208473],[91.8388888,23.4215335],[91.8388097,23.4222195],[91.8390833,23.4224726],[91.8396309,23.4227622],[91.8405308,23.4230881],[91.8415482,23.4232698],[91.8422134,23.4233788],[91.8427219,23.4235961],[91.8431127,23.4241021],[91.843269,23.4243911],[91.8431902,23.4247523],[91.8426023,23.4255102],[91.8421709,23.4262321],[91.8417785,23.4270263],[91.8416994,23.4277486],[91.8413856,23.4283622],[91.8411505,23.4285425],[91.8406416,23.4285421],[91.8400548,23.4283248],[91.8390764,23.4282154],[91.8384893,23.4281787],[91.8382934,23.428359],[91.8381755,23.4287201],[91.8381356,23.4294063],[91.8382085,23.4298748],[91.8397221,23.4317158],[91.8400399,23.432044],[91.8400586,23.4324068],[91.8395721,23.4329076],[91.8391232,23.4334257],[91.8388986,23.4339093],[91.8387116,23.4341683],[91.8384309,23.4341683],[91.8379635,23.4338746],[91.8378513,23.43384],[91.8375894,23.4340817],[91.8375706,23.4343408],[91.8375892,23.4348417],[91.8375517,23.4351182],[91.8375234,23.4353177],[91.8370873,23.4359551],[91.8363622,23.436852],[91.835962,23.4389656],[91.8358716,23.4394375],[91.8357802,23.4397372],[91.8350347,23.4419724],[91.8325848,23.4424187],[91.831878,23.4428237],[91.8309277,23.4423282],[91.8305182,23.4420382],[91.8291533,23.4424655],[91.8287876,23.4427354],[91.8284701,23.4449861],[91.8282998,23.4462363],[91.8293718,23.4471144],[91.8302002,23.4477223],[91.8312234,23.4489155],[91.8316618,23.4497709],[91.8318508,23.4504219],[91.8310568,23.4507456],[91.8299714,23.4512964],[91.8293472,23.4517722],[91.8291842,23.452198],[91.829184,23.4527241],[91.8291055,23.4531824],[91.8287589,23.4537904],[91.8288881,23.4541843],[91.8292135,23.4545853],[91.8292947,23.4550112],[91.8292404,23.4553619],[91.8288062,23.4555873],[91.8283449,23.4557124],[91.8279676,23.4559672],[91.8278292,23.4562133],[91.8278834,23.4564889],[91.828046,23.4567645],[91.8281003,23.4570151],[91.8282085,23.4578919],[91.8281541,23.4582426],[91.8277469,23.4586935],[91.8276111,23.458994],[91.8277791,23.4597631],[91.8275004,23.4602519],[91.827229,23.460402],[91.826822,23.460427],[91.826632,23.4607025],[91.8261976,23.4615792],[91.8262517,23.4621303],[91.8264686,23.4622807],[91.8267671,23.4624311],[91.8269027,23.4625064],[91.8271197,23.4627569],[91.8271468,23.4629072],[91.8269025,23.4629824],[91.8266584,23.4630574],[91.8260146,23.4640401],[91.8260145,23.4642829],[91.8254722,23.4650109],[91.8250382,23.4651138],[91.8246178,23.465572],[91.824552,23.465663],[91.824552,23.4659209],[91.824716,23.4662698],[91.8248803,23.466452],[91.8249488,23.4668503],[91.8248494,23.4671704],[91.8238637,23.4676708],[91.8237323,23.4676708],[91.8236008,23.4676707],[91.8234207,23.4675476],[91.8232561,23.4671396],[91.8231576,23.4669878],[91.8230098,23.4669423],[91.8227963,23.4669271],[91.8220206,23.4672811],[91.8211925,23.467774],[91.8210445,23.4681381],[91.8206502,23.4682745],[91.8199109,23.468517],[91.8195329,23.4685775],[91.819188,23.4685774],[91.8186624,23.4684862],[91.8182683,23.4681523],[91.8181205,23.4680309],[91.8178084,23.4678639],[91.8174141,23.4679396],[91.8166559,23.4683787],[91.8156179,23.4683505],[91.8134317,23.4687087],[91.8135437,23.4699109],[91.8136019,23.4706694],[91.8134893,23.4709764],[91.8132149,23.4716535],[91.8128669,23.4727008],[91.8128521,23.4729987],[91.812759,23.4731657],[91.8123182,23.4738428],[91.811623,23.4743437],[91.8108888,23.4745465],[91.8104482,23.4746501],[91.8103943,23.474903],[91.8110007,23.4757655],[91.8112551,23.4760861],[91.811255,23.4762894],[91.8110543,23.4764112],[91.810834,23.4764111],[91.8104474,23.4763252],[91.8096251,23.4764602],[91.8088222,23.4767939],[91.8083815,23.4772814],[91.807921,23.478148],[91.8078132,23.4784323],[91.8078278,23.4785182],[91.8082878,23.4788254],[91.8089288,23.4789926],[91.808968,23.4791462],[91.8088357,23.4792635],[91.8086889,23.4792815],[91.8081945,23.4792317],[91.8077541,23.4791637],[91.8070199,23.4790776],[91.8058305,23.4791268],[91.8056837,23.4791448],[91.8056298,23.4792802],[91.8055905,23.4796188],[91.8060351,23.4811991],[91.8060889,23.4813662],[91.8063627,23.481723],[91.8068031,23.4820121],[91.8069695,23.4822154],[91.8067832,23.4827706],[91.8065433,23.4828743],[91.8059607,23.4829734],[91.805574,23.4831448],[91.8053241,23.4836096],[91.8052506,23.4837947],[91.8051917,23.4842371],[91.8049565,23.4845396],[91.8045893,23.4846748],[91.8042565,23.4846746],[91.803121,23.4845071],[91.8020933,23.4841003],[91.8014717,23.4841677],[91.8012856,23.4843167],[91.8007761,23.4850974],[91.8005359,23.4856707],[91.8004429,23.4859415],[91.8002954,23.487025],[91.8000553,23.4874493],[91.7996732,23.4878734],[91.7988652,23.4886225],[91.7981306,23.4891007],[91.7978809,23.4893127],[91.7987704,23.4906561],[91.7997098,23.4914718],[91.8005639,23.4920771],[91.800763,23.4926557],[91.8007627,23.4931554],[91.80062,23.4937339],[91.7999072,23.4949959],[91.7996506,23.4956007],[91.7993937,23.4964946],[91.7990801,23.4969152],[91.7981684,23.4974671],[91.7986549,23.4980535],[91.7991203,23.4980549],[91.7996354,23.4981609],[91.8000645,23.4983723],[91.8008081,23.4987842],[91.8009524,23.5005874],[91.8009631,23.5011504],[91.8010263,23.501796],[91.8014074,23.5030739],[91.8015785,23.503548],[91.8015489,23.5039588],[91.8013872,23.5043606],[91.8009317,23.5045409],[91.8005745,23.5043602],[91.8003641,23.5043149],[91.8002171,23.5043329],[91.7991935,23.5052399],[91.7986939,23.5057091],[91.7986301,23.50598],[91.79863,23.5061155],[91.7988404,23.5063684],[91.7991292,23.5064272],[91.7995012,23.5064726],[91.7998732,23.5066397],[91.8000053,23.5067752],[91.8000394,23.5069378],[91.8000198,23.5070281],[91.7999708,23.5070867],[91.7996183,23.5072355],[91.7994319,23.5072698],[91.7994518,23.5072987],[91.8013845,23.509277],[91.8025883,23.5100948],[91.8033125,23.5106955],[91.8039974,23.5117659],[91.8042908,23.5122716],[91.8043348,23.512398],[91.8041779,23.512881],[91.8039966,23.5131428],[91.803835,23.5132917],[91.8034726,23.5135624],[91.8032228,23.5136888],[91.8029241,23.513815],[91.8026547,23.5139187],[91.8023364,23.5141714],[91.8019689,23.5147582],[91.8018121,23.5151599],[91.8018559,23.5154714],[91.8021054,23.5158508],[91.8021983,23.5161262],[91.8021296,23.5163338],[91.8020168,23.5166273],[91.801669,23.5171508],[91.8012312,23.5176952],[91.8011648,23.5177777],[91.8010811,23.5178819],[91.8009439,23.5181346],[91.8010277,23.5186274],[91.8012528,23.5189616],[91.801472,23.5191082],[91.802432,23.5202805],[91.80275,23.5206373],[91.8029115,23.5206554],[91.8033179,23.5205924],[91.803504,23.5205112],[91.8038419,23.5204708],[91.8040719,23.520656],[91.8044095,23.5210129],[91.8050943,23.5220877],[91.805368,23.5228598],[91.8057542,23.5239706],[91.806162,23.524792],[91.8062922,23.5250544],[91.8064132,23.5252721],[91.8066184,23.5256413],[91.8067026,23.5257928],[91.8067716,23.5259169],[91.8068841,23.5259802],[91.8076823,23.5259399],[91.8077162,23.5259555],[91.8077551,23.5261362],[91.8075975,23.526786],[91.8070863,23.5280495],[91.8064188,23.5291322],[91.8060656,23.5295651],[91.8059476,23.5298901],[91.8059858,23.5305402],[91.8058678,23.5308651],[91.8057108,23.5310817],[91.8054364,23.5311897],[91.8050447,23.5311891],[91.8048486,23.5313334],[91.8047699,23.53155],[91.8047698,23.5316583],[91.8048478,23.5318751],[91.8050176,23.5320321],[91.8050825,23.5320921],[91.8053954,23.5324175],[91.8054735,23.532526],[91.8054732,23.5327427],[91.8053556,23.5328509],[91.8050423,23.5328144],[91.8042592,23.5325967],[91.8038429,23.5325962],[91.8034364,23.5326678],[91.8032402,23.5328843],[91.8032009,23.5329926],[91.8033572,23.5332456],[91.8035921,23.5333182],[91.8035981,23.5333196],[91.8039054,23.5333908],[91.8039442,23.5336798],[91.8039043,23.5341131],[91.8037064,23.5345746],[91.8031429,23.5352199],[91.8027363,23.5355718],[91.8023592,23.535671],[91.8019576,23.5358198],[91.8016588,23.5359686],[91.8014726,23.5361175],[91.801306,23.5364154],[91.8011737,23.5365372],[91.800875,23.5365642],[91.8006889,23.5365144],[91.8004338,23.5361779],[91.8003122,23.5360176],[91.8000431,23.5356428],[91.7998522,23.5355207],[91.7993136,23.5355927],[91.7990197,23.5356693],[91.7988827,23.5355925],[91.7987751,23.5353937],[91.7989125,23.5347211],[91.7989129,23.5342516],[91.7986682,23.5339986],[91.7982619,23.5338766],[91.7978604,23.533777],[91.7977772,23.5337499],[91.7976695,23.5336505],[91.7976697,23.5334293],[91.7976698,23.5332532],[91.7976994,23.5329552],[91.7977778,23.532707],[91.7976703,23.5324812],[91.7975087,23.5324089],[91.7971318,23.5323816],[91.7968379,23.5324808],[91.7959471,23.5319115],[91.7950321,23.5308635],[91.7946552,23.5307415],[91.7944642,23.5308406],[91.7943857,23.5310392],[91.794356,23.5314862],[91.7951629,23.5330532],[91.7955689,23.5335997],[91.7957549,23.5338256],[91.7956225,23.5341009],[91.795353,23.5345206],[91.7950541,23.5347687],[91.7945154,23.5348452],[91.7940846,23.5346192],[91.7937079,23.5341495],[91.7933557,23.5335489],[91.7930084,23.5331513],[91.7927392,23.5330293],[91.7916325,23.5330286],[91.7911233,23.5330781],[91.7910693,23.5331503],[91.7910399,23.5332992],[91.791309,23.5336245],[91.7917936,23.5338459],[91.7921999,23.5339726],[91.792332,23.5341487],[91.7923075,23.5342977],[91.7919842,23.5343697],[91.7908775,23.5343962],[91.7891933,23.534165],[91.788978,23.5339166],[91.788572,23.5333429],[91.7881708,23.5330176],[91.787872,23.5330175],[91.7875486,23.5334643],[91.7874451,23.5343688],[91.7874448,23.5347193],[91.7874446,23.5350804],[91.7874052,23.5355183],[91.7868365,23.5364661],[91.7871201,23.5369809],[91.7873109,23.53713],[91.7875549,23.5371764],[91.7882216,23.5372705],[91.7884908,23.5374196],[91.7885689,23.5377447],[91.788461,23.5380923],[91.7880837,23.5383674],[91.7876528,23.5384169],[91.7869776,23.5376941],[91.786738,23.5371477],[91.7865228,23.5368],[91.786332,23.5366734],[91.7860087,23.5367726],[91.785847,23.5369214],[91.7853617,23.5377428],[91.785038,23.5383656],[91.7850916,23.5387133],[91.785953,23.5394587],[91.7868977,23.5399063],[91.7877301,23.5400061],[91.7881169,23.540065],[91.787999,23.5404713],[91.7879642,23.5412568],[91.7879392,23.5420423],[91.7878337,23.5426399],[91.7876205,23.5426787],[91.7875225,23.5426696],[91.787361,23.5425431],[91.7870625,23.5422224],[91.7868912,23.5420507],[91.786715,23.5420371],[91.7865631,23.5421363],[91.7863033,23.5424928],[91.7861073,23.5427862],[91.7860581,23.5430254],[91.7860824,23.5431969],[91.7862096,23.5433822],[91.7863172,23.5435402],[91.7863417,23.5436622],[91.7863318,23.5437298],[91.7855379,23.544691],[91.7849497,23.5453633],[91.7844595,23.5460673],[91.7842486,23.5465186],[91.7840428,23.5466991],[91.7833329,23.5465858],[91.7830047,23.5466082],[91.7828235,23.5467028],[91.7826617,23.5469195],[91.7825831,23.5472445],[91.7824995,23.5477771],[91.7825531,23.5480887],[91.7824106,23.5487568],[91.7821505,23.5495603],[91.7820279,23.549822],[91.7817878,23.5499393],[91.781391,23.550088],[91.7808423,23.550363],[91.7807293,23.5509137],[91.7809193,23.5522005],[91.7810415,23.5524264],[91.7812423,23.55244],[91.781497,23.5523048],[91.7816131,23.5522514],[91.7818008,23.552165],[91.7818938,23.5521876],[91.7820064,23.5522689],[91.7821532,23.5524406],[91.7822216,23.552567],[91.782005,23.5541335],[91.7812459,23.5542324],[91.780722,23.5543602],[91.7806924,23.5543675],[91.7798839,23.555017],[91.7796339,23.5553239],[91.7795307,23.5557572],[91.77955,23.5559875],[91.7796919,23.5562449],[91.7798485,23.5563488],[91.7800689,23.5564031],[91.7804215,23.5564034],[91.7807399,23.5563584],[91.7808378,23.5563585],[91.7808655,23.5563755],[91.7809406,23.5564218],[91.7809895,23.556512],[91.7810088,23.5568326],[91.7809596,23.5572525],[91.7807878,23.5576857],[91.780572,23.5580604],[91.7803908,23.5581189],[91.7802291,23.5581324],[91.7792693,23.5581588],[91.7791614,23.5582942],[91.7791671,23.558353],[91.7791809,23.5584658],[91.7792637,23.5587557],[91.7792797,23.5588113],[91.7793958,23.5592063],[91.7794641,23.5595314],[91.7794199,23.5596262],[91.7793318,23.5596623],[91.7791212,23.5596621],[91.778847,23.5596348],[91.7786168,23.5595534],[91.7782973,23.5594253],[91.7782956,23.5594246],[91.7782382,23.5594016],[91.7782383,23.5613725],[91.7783361,23.5615803],[91.7784389,23.5616481],[91.778674,23.5616708],[91.7788845,23.5617161],[91.7794131,23.5621996],[91.77955,23.5625157],[91.7793676,23.5639693],[91.7792548,23.5642446],[91.779098,23.564407],[91.7778196,23.5644829],[91.7777891,23.5644855],[91.7771241,23.5645411],[91.7761151,23.5646443],[91.775346,23.5648334],[91.7749394,23.5650227],[91.7747384,23.5652439],[91.7746891,23.5655869],[91.7745419,23.5659886],[91.7742675,23.5661239],[91.7738461,23.5663041],[91.7729545,23.5666918],[91.772342,23.5669803],[91.7713986,23.5675397],[91.7712769,23.567592],[91.7711592,23.5675769],[91.7711514,23.5674851],[91.7711515,23.5674084],[91.7712153,23.5672279],[91.7713134,23.5670202],[91.7713283,23.5667674],[91.771265,23.5663159],[91.7711673,23.5660765],[91.7708248,23.5656881],[91.7705212,23.5655524],[91.7703057,23.5655387],[91.7700166,23.5656739],[91.7697226,23.5658679],[91.7692864,23.5662694],[91.7688796,23.5666438],[91.7687031,23.5667475],[91.7685563,23.5667474],[91.7684583,23.5666886],[91.7682479,23.566553],[91.7673272,23.566417],[91.7655784,23.5667316],[91.7652502,23.5668081],[91.7647209,23.5671148],[91.7643976,23.5673403],[91.7640886,23.5677419],[91.7637306,23.5682201],[91.7630201,23.5686711],[91.7629025,23.5687297],[91.7628729,23.568847],[91.7627796,23.5692442],[91.7626514,23.5702645],[91.7626163,23.5711448],[91.7625523,23.5714156],[91.762469,23.5715194],[91.7623905,23.571596],[91.7621995,23.5715869],[91.7620331,23.5714739],[91.7614802,23.5708144],[91.761402,23.5706518],[91.761319,23.570426],[91.7612995,23.5702996],[91.7607363,23.5701863],[91.7600556,23.5700503],[91.7594581,23.5700363],[91.7586939,23.5701124],[91.7585372,23.57018],[91.7580128,23.5705588],[91.7571773,23.5709774],[91.7569005,23.5711088],[91.756293,23.5712076],[91.7557493,23.5711665],[91.7549808,23.5711154],[91.7547747,23.571107],[91.7546474,23.5711521],[91.7545345,23.5713597],[91.7544363,23.5715718],[91.7543284,23.5718245],[91.7539796,23.5728084],[91.7536065,23.5737336],[91.7530906,23.5741383],[91.7525966,23.5746538],[91.7524838,23.5748614],[91.752482,23.5750273],[91.7524835,23.5751774],[91.7526449,23.5753582],[91.7530166,23.5756114],[91.7533449,23.5758507],[91.7533251,23.5760314],[91.7533104,23.5760901],[91.7531609,23.5763217],[91.7536429,23.5766095],[91.7542993,23.5766235],[91.7564346,23.5769187],[91.7568899,23.5771088],[91.7571882,23.5776146],[91.7573247,23.5783506],[91.7570739,23.5793255],[91.7567742,23.5803727],[91.7569348,23.5814428],[91.757502,23.582599],[91.757957,23.5831005],[91.7579764,23.5833939],[91.7577948,23.5837324],[91.75777,23.5841523],[91.7579067,23.5844865],[91.7580879,23.5845498],[91.7582938,23.5844642],[91.7585926,23.5844463],[91.7587052,23.5845909],[91.7592918,23.585869],[91.7599569,23.587084],[91.7608484,23.5870215],[91.7618654,23.586869],[91.7620242,23.5869004],[91.762092,23.587799],[91.7624534,23.588955],[91.7627269,23.5898175],[91.7622703,23.591009],[91.7616524,23.5917625],[91.7617208,23.5920153],[91.7619262,23.5923722],[91.7624253,23.592982],[91.7633607,23.5933394],[91.7635418,23.5934433],[91.7633554,23.5937276],[91.7632179,23.5941474],[91.7632666,23.5944228],[91.7639715,23.5949696],[91.7645392,23.5956608],[91.7652438,23.5966274],[91.7659928,23.5973007],[91.7665413,23.5974049],[91.7675358,23.5973785],[91.7682166,23.5975912],[91.7689019,23.5981154],[91.769176,23.5984542],[91.7689889,23.5995241],[91.7694929,23.6002377],[91.7693057,23.6015062],[91.7700597,23.6019898],[91.7696229,23.6030775],[91.7707143,23.6043424],[91.7710126,23.6049295],[91.7713306,23.6055934],[91.7711673,23.6074623],[91.7708287,23.6082115],[91.7703075,23.6103511],[91.7699833,23.6114434],[91.769532,23.6119803],[91.7687132,23.6127743],[91.7684139,23.6132391],[91.7683449,23.6137853],[91.7679572,23.6144758],[91.7670692,23.6157798],[91.7670344,23.6163667],[91.7672986,23.6168003],[91.767754,23.6172205],[91.7688455,23.6185847],[91.7691191,23.619384],[91.7693194,23.6201697],[91.7695234,23.6223324],[91.7692487,23.6226075],[91.7683123,23.6232886],[91.7674359,23.6235319],[91.7669498,23.6236668],[91.7657017,23.623931],[91.7656958,23.6239322],[91.7653767,23.6239998],[91.7653193,23.6240361],[91.7650139,23.6242297],[91.7649892,23.6244193],[91.7649138,23.6252533],[91.7653346,23.6258395],[91.7654399,23.6259373],[91.7658909,23.6270788],[91.7660083,23.6279818],[91.7660056,23.6281989],[91.7667137,23.6291139],[91.7677085,23.6297976],[91.7678495,23.6298589],[91.7684949,23.6299521],[91.7688289,23.6298146],[91.7690014,23.6297137],[91.7691708,23.6296076],[91.7701668,23.6285382],[91.7705663,23.6285007],[91.7708633,23.6286269],[91.7716101,23.6294888],[91.7722386,23.6302224],[91.7725596,23.6303796],[91.7728854,23.6304101],[91.7736243,23.630543],[91.7739816,23.6306308],[91.7741956,23.6308292],[91.7752953,23.6311401],[91.7754553,23.6313339],[91.7755954,23.6316056],[91.7757073,23.6320714],[91.7757212,23.6321748],[91.7754976,23.6326578],[91.7752436,23.633041],[91.7749629,23.6332348],[91.7745603,23.6341345],[91.7742095,23.6343024],[91.7739123,23.6342386],[91.7733513,23.634083],[91.7727603,23.6342368],[91.7725543,23.6345346],[91.772891,23.6348611],[91.7733218,23.6352857],[91.7734834,23.6354664],[91.7735224,23.6357012],[91.7733263,23.635823],[91.7729289,23.6363961],[91.7733545,23.63734],[91.7734866,23.6375522],[91.7737166,23.637918],[91.7741131,23.638433],[91.7741767,23.6385865],[91.7740442,23.6388302],[91.7737159,23.63883],[91.7730253,23.6382517],[91.7728932,23.6380394],[91.7723002,23.638188],[91.7722019,23.6384949],[91.7724663,23.6387975],[91.7728286,23.6391002],[91.7731568,23.6393759],[91.7732203,23.6396198],[91.7730127,23.6399218],[91.7725634,23.6403613],[91.7724087,23.6409174],[91.7722818,23.6416932],[91.7719473,23.6432932],[91.7717265,23.6435458],[91.7708496,23.6441101],[91.7700751,23.644394],[91.7694873,23.6440188],[91.7692326,23.6439373],[91.7687033,23.6438738],[91.7679484,23.6441487],[91.7675855,23.6445412],[91.7671588,23.6448749],[91.7668991,23.6448793],[91.7666984,23.6445992],[91.7666986,23.6443456],[91.7666645,23.6439943],[91.7665324,23.6438407],[91.7660082,23.6436913],[91.7635383,23.6436894],[91.7623034,23.6436072],[91.761171,23.6439901],[91.7607395,23.6442923],[91.7604794,23.6446578],[91.7602289,23.6452805],[91.7601795,23.6456868],[91.7601694,23.6460292],[91.7601365,23.6461127],[91.7597977,23.6464171],[91.75902,23.6462703],[91.7585151,23.6461971],[91.7583533,23.6462285],[91.7580356,23.6464123],[91.7577362,23.6468681],[91.7574947,23.6477968],[91.7572421,23.6484702],[91.7570752,23.6486823],[91.7567445,23.6486837],[91.7564077,23.6486834],[91.7560712,23.6485409],[91.7557348,23.648269],[91.7554121,23.648217],[91.7550633,23.6483722],[91.7550586,23.6487402],[91.7550888,23.6488892],[91.7552583,23.6495558],[91.7553217,23.6497951],[91.7555518,23.650161],[91.7556986,23.6503642],[91.7551933,23.6507837],[91.7548019,23.6509243],[91.753622,23.6508387],[91.7531908,23.6509015],[91.752825,23.6511054],[91.7525943,23.6514393],[91.7524704,23.6516829],[91.7526245,23.6519158],[91.7530899,23.6540355],[91.7528515,23.65503],[91.7521598,23.6558195],[91.7518899,23.6561488],[91.7517329,23.6563519],[91.7516444,23.6566271],[91.7516342,23.6570199],[91.7517653,23.6582029],[91.751863,23.6585054],[91.7521956,23.6592776],[91.7526508,23.6599101],[91.7527535,23.6601134],[91.7527285,23.6606641],[91.7527821,23.6609666],[91.752914,23.6613595],[91.7531442,23.6615719],[91.7535067,23.6617527],[91.7536389,23.6619379],[91.753668,23.6621682],[91.7533736,23.6625337],[91.7532118,23.6626555],[91.7529126,23.6628358],[91.7520589,23.6636568],[91.7519603,23.6643835],[91.7518613,23.6652637],[91.7515271,23.6662838],[91.7513984,23.6675613],[91.7513977,23.6681979],[91.7513627,23.6689834],[91.7510332,23.6700757],[91.7506893,23.6709331],[91.7502968,23.671294],[91.7502423,23.6718222],[91.7503055,23.6722781],[91.7504371,23.6731586],[91.7504712,23.6733438],[91.7506033,23.6735245],[91.7513829,23.6746818],[91.7521643,23.6766861],[91.7511842,23.675976],[91.7501277,23.6752764],[91.7492627,23.6750985],[91.748323,23.6751273],[91.7481519,23.6752551],[91.7479589,23.6761307],[91.747713,23.6764453],[91.7473496,23.6766713],[91.7470829,23.6767956],[91.7463422,23.676628],[91.7458788,23.6770774],[91.746212,23.6777514],[91.74628,23.6795293],[91.7462151,23.681407],[91.7460167,23.6826946],[91.7456855,23.6843501],[91.7450203,23.6842281],[91.744089,23.6842287],[91.743291,23.6844745],[91.742493,23.6847204],[91.7415622,23.6853341],[91.7412306,23.6864379],[91.7412316,23.687664],[91.7413402,23.6881128],[91.7414986,23.6887674],[91.7415659,23.6896869],[91.7419663,23.6910967],[91.7419668,23.6917098],[91.7418344,23.6925069],[91.740173,23.6944087],[91.7393747,23.6944705],[91.7384435,23.6945938],[91.7379114,23.694778],[91.737579,23.6949622],[91.7372468,23.6955142],[91.7372473,23.6961273],[91.7369818,23.6969245],[91.736716,23.6971698],[91.7359841,23.6971704],[91.7359358,23.6971615],[91.7353188,23.6970482],[91.734454,23.6970488],[91.7338553,23.6971718],[91.7333234,23.6974174],[91.7319935,23.6983379],[91.7307969,23.6993196],[91.7299335,23.7013052],[91.7302003,23.7021634],[91.7304009,23.703512],[91.7307341,23.7042475],[91.7308023,23.7063932],[91.730936,23.7073127],[91.7310696,23.7078644],[91.7312695,23.708416],[91.7325339,23.7089057],[91.7335322,23.7092116],[91.7347961,23.7097622],[91.7347968,23.7097624],[91.7354262,23.7098148],[91.7355287,23.7098233],[91.7363272,23.710068],[91.7366601,23.7104356],[91.7367936,23.710926],[91.7371929,23.7110483],[91.737858,23.7108026],[91.738257,23.7106184],[91.7389223,23.7105566],[91.7393882,23.7108016],[91.739515,23.7112092],[91.7395154,23.7116709],[91.7395612,23.7122461],[91.7395893,23.7125794],[91.7398566,23.7138666],[91.7401231,23.7142956],[91.7403892,23.7142954],[91.7407217,23.7141725],[91.7417861,23.7139878],[91.7428506,23.7139258],[91.7433166,23.7141706],[91.7435168,23.7149062],[91.7434866,23.7157089],[91.743446,23.7172794],[91.7434476,23.7189961],[91.7433159,23.7205288],[91.7433166,23.7213258],[91.7435167,23.7218774],[91.7439168,23.722858],[91.7440505,23.723471],[91.7439181,23.7242681],[91.7439191,23.7253103],[91.7440539,23.727272],[91.7440609,23.7285486],[91.7440092,23.7288841],[91.7439286,23.7294071],[91.7437843,23.729807],[91.7437295,23.7299589],[91.7434634,23.7300818],[91.7428647,23.7302048],[91.7422659,23.7302666],[91.7414011,23.7306351],[91.7395544,23.7320167],[91.7391558,23.7328139],[91.7390897,23.7334271],[91.7392578,23.7340959],[91.7393226,23.7343537],[91.7394903,23.7350208],[91.7395729,23.7352809],[91.7398963,23.7362993],[91.7399519,23.7364746],[91.7399574,23.7364918],[91.7399575,23.7366535],[91.739958,23.7372276],[91.7396925,23.7380247],[91.7390941,23.7386996],[91.7382959,23.7391906],[91.737897,23.73962],[91.7378325,23.7399481],[91.7377644,23.7402944],[91.7377191,23.7406804],[91.7372193,23.7411729],[91.7364358,23.7412274],[91.7347723,23.7413777],[91.7339289,23.7415814],[91.7328356,23.7419839],[91.7325071,23.7422234],[91.7318982,23.7432999],[91.7316502,23.743786],[91.7314693,23.7445943],[91.731302,23.7458724],[91.731284,23.7460435],[91.7313664,23.746532],[91.7313839,23.7466358],[91.7313974,23.7467161],[91.731324,23.746987],[91.7311769,23.7470549],[91.7309954,23.7470188],[91.7305931,23.7468837],[91.7300779,23.7464461],[91.7295332,23.7461124],[91.7292046,23.7460449],[91.7288367,23.746009],[91.7280324,23.7460095],[91.727081,23.7461456],[91.7268067,23.7462933],[91.7263505,23.7465523],[91.7260856,23.7468596],[91.7255221,23.7475198],[91.7251826,23.7479097],[91.7238122,23.7493621],[91.7235301,23.7496224],[91.722715,23.7507305],[91.7221608,23.7516313],[91.7217985,23.7525209],[91.7218534,23.7534302],[91.721858,23.7535412],[91.7213881,23.75481],[91.7212221,23.7558304],[91.7220817,23.757735],[91.7222671,23.7580438],[91.7201945,23.7593884],[91.7194784,23.7595017],[91.7187663,23.7595199],[91.7177961,23.7595568],[91.7173008,23.7597558],[91.7174238,23.7602433],[91.7177628,23.7611054],[91.7178177,23.7625094],[91.7173235,23.7632618],[91.7168818,23.7639365],[91.7170341,23.7643111],[91.717314,23.7647714],[91.7174029,23.7657736],[91.7173985,23.7665185],[91.7172319,23.7684127]]]}},{"type":"Feature","id":"in-tripura-d-652","properties":{"id":"in-tripura-d-652","name":"Khowai","region":"in-tripura","level":"district","parent":"","source":"LGD via Bharatlas · 2024 snapshot","state_lgd":16,"district_lgd":652,"center":[91.65810784382859,23.94696547196275],"bbox":[91.473083,23.6750985,91.8071089,24.2335293]},"geometry":{"type":"Polygon","coordinates":[[[91.6660697,24.2329635],[91.6653951,24.2335122],[91.6653611,24.2335254],[91.6651593,24.2335293],[91.6649796,24.2333613],[91.6650274,24.2331394],[91.6648855,24.2327316],[91.6645108,24.2324665],[91.664219,24.2321707],[91.6641942,24.2321379],[91.6639334,24.2314058],[91.6639954,24.2308175],[91.6641953,24.2304637],[91.6642188,24.2303999],[91.6642488,24.230311],[91.664295,24.2301298],[91.6643168,24.2293539],[91.6642065,24.2290904],[91.6639572,24.2289336],[91.6632559,24.2293699],[91.6627902,24.2301063],[91.6625448,24.2300447],[91.6623098,24.2299736],[91.6621009,24.2298198],[91.6608563,24.2290592],[91.6600241,24.2286909],[91.6594594,24.2282884],[91.6589854,24.2280483],[91.6584955,24.2281709],[91.6577947,24.2277032],[91.657442,24.2274021],[91.6570686,24.2268245],[91.6568954,24.226427],[91.6565949,24.2259826],[91.656266,24.226088],[91.6562099,24.2260056],[91.656263,24.2258707],[91.656367,24.2256592],[91.656487,24.2254229],[91.656577,24.2253114],[91.6566783,24.2252546],[91.6567407,24.2252415],[91.6569338,24.2252719],[91.6570439,24.225291],[91.6571537,24.2252164],[91.6569795,24.2245337],[91.6567154,24.2244538],[91.6564923,24.2248301],[91.6559797,24.2246152],[91.6557891,24.2237137],[91.6556977,24.2234426],[91.6554747,24.2231307],[91.6553006,24.2230117],[91.6546585,24.2228973],[91.6546703,24.2231242],[91.6542945,24.2231913],[91.6541601,24.22301],[91.6541402,24.2228282],[91.6543092,24.2221619],[91.6543336,24.2219046],[91.6543115,24.2214897],[91.6541932,24.2213621],[91.6538804,24.2214531],[91.6537363,24.2214822],[91.6531089,24.2208269],[91.6530293,24.2206459],[91.6527338,24.2201732],[91.6525198,24.2200228],[91.6516805,24.2195767],[91.6506947,24.2188936],[91.6504862,24.2188921],[91.6498014,24.2190647],[91.6497322,24.2191117],[91.6496123,24.2193145],[91.6496981,24.2195433],[91.6498169,24.2195348],[91.6499836,24.2195447],[91.6500708,24.2195911],[91.650166,24.219654],[91.6502419,24.2197242],[91.6499318,24.2202834],[91.6497728,24.2204653],[91.6496841,24.220304],[91.6488515,24.2196941],[91.6482603,24.2193479],[91.6481194,24.2191529],[91.6478298,24.2185663],[91.6480993,24.2182528],[91.6482464,24.2181504],[91.6486098,24.2178014],[91.6486483,24.2176932],[91.6487209,24.2169578],[91.6485094,24.2160446],[91.6475864,24.2154309],[91.6474229,24.2150905],[91.6479514,24.2146401],[91.6482781,24.2145392],[91.6487588,24.214459],[91.6493986,24.2138296],[91.6493348,24.2136053],[91.6490607,24.2135836],[91.6491386,24.2130531],[91.6492504,24.2125377],[91.6500038,24.2125693],[91.6504252,24.2118358],[91.650627,24.2106453],[91.6512326,24.2098777],[91.6516997,24.2100346],[91.651752,24.2100754],[91.6521491,24.2097403],[91.6524085,24.2094318],[91.6518058,24.2091795],[91.6512066,24.2087748],[91.6515207,24.2085996],[91.6517362,24.2083133],[91.651776,24.2082418],[91.6520918,24.2072757],[91.6525231,24.2068255],[91.65257,24.2067566],[91.6525829,24.2062636],[91.6525506,24.2057621],[91.652819,24.2040081],[91.6531782,24.2034311],[91.6537679,24.2030462],[91.6538323,24.2029178],[91.6538938,24.2021765],[91.6532299,24.2018732],[91.6531105,24.2016862],[91.6534414,24.2012012],[91.6535617,24.2010449],[91.653664,24.2010179],[91.6539904,24.200311],[91.654019,24.2002397],[91.654061,24.1999218],[91.6539509,24.1990793],[91.6538182,24.1988396],[91.6537169,24.1989427],[91.6536595,24.1989614],[91.653334,24.1989213],[91.6528957,24.1983484],[91.6527704,24.1976286],[91.652795,24.1973703],[91.6528967,24.1969924],[91.6530831,24.1970431],[91.6532295,24.1971588],[91.6534687,24.1969586],[91.6536105,24.1964306],[91.653301,24.1963271],[91.6529089,24.1965548],[91.652701,24.1963547],[91.6526512,24.1962603],[91.6526044,24.1961482],[91.6525741,24.1960655],[91.6525885,24.1959318],[91.6526453,24.1958303],[91.6527479,24.1957668],[91.6528446,24.195745],[91.6533655,24.1957656],[91.6536096,24.1958784],[91.6536714,24.1959044],[91.6537494,24.1959361],[91.6542875,24.1960278],[91.6545591,24.1953276],[91.6549793,24.1953138],[91.6550647,24.1954048],[91.6551628,24.1954867],[91.655368,24.1955911],[91.6555469,24.1956661],[91.655868,24.1957425],[91.6560008,24.1957528],[91.6572277,24.1951482],[91.6572786,24.1950913],[91.6574068,24.1950038],[91.6576826,24.1948404],[91.6577212,24.1948281],[91.6577925,24.1948332],[91.6583559,24.1948919],[91.6587963,24.1951685],[91.6589075,24.1947935],[91.6584233,24.1934496],[91.6581187,24.19294],[91.6584194,24.1919992],[91.6589336,24.191305],[91.6590015,24.1913042],[91.6591368,24.1912671],[91.6592783,24.191212],[91.6593617,24.1911666],[91.6594544,24.1910824],[91.6595277,24.1910104],[91.6596574,24.1907983],[91.6596917,24.1907089],[91.6600025,24.1898006],[91.6599596,24.1895074],[91.6593211,24.1889335],[91.6587627,24.1875993],[91.6586249,24.1867556],[91.6586402,24.1855245],[91.6586231,24.1854624],[91.6584446,24.1851797],[91.6582779,24.1850452],[91.6580087,24.184986],[91.6575471,24.1848134],[91.6574981,24.1847725],[91.6574686,24.1847432],[91.6574681,24.1847076],[91.6574955,24.1846811],[91.6579422,24.184434],[91.658162,24.1843181],[91.6583356,24.1843557],[91.658734,24.1828526],[91.6586764,24.1827843],[91.6583295,24.1822762],[91.6580494,24.1816871],[91.6581567,24.181323],[91.6581679,24.1810186],[91.6581486,24.1807401],[91.6579191,24.180756],[91.6571951,24.1806076],[91.6568738,24.1805405],[91.656859,24.1802147],[91.6569221,24.1801544],[91.6575417,24.1795274],[91.6576221,24.1793866],[91.6576346,24.1788016],[91.6576345,24.1787194],[91.6573832,24.1783482],[91.6571358,24.1781791],[91.6567756,24.1779764],[91.6565301,24.1778763],[91.6564701,24.1778599],[91.6562079,24.1777421],[91.6559802,24.1775831],[91.655994,24.1773921],[91.6560135,24.1773069],[91.6561574,24.1768394],[91.6562931,24.1761518],[91.6559843,24.1760175],[91.6551123,24.1756648],[91.6547588,24.1757993],[91.6534091,24.1762798],[91.6530247,24.1764166],[91.6510528,24.177115],[91.6507627,24.1772148],[91.650122,24.1774319],[91.649588,24.1776148],[91.6491349,24.1777731],[91.6473515,24.1784032],[91.6467705,24.1786187],[91.6467633,24.1786207],[91.6465631,24.1779881],[91.645504,24.1745904],[91.6447509,24.1721718],[91.6443347,24.170886],[91.6442402,24.1705979],[91.6443705,24.169739],[91.6445592,24.1686344],[91.6447283,24.1676819],[91.6450728,24.1656264],[91.6451792,24.1649827],[91.6453617,24.1639089],[91.6455009,24.1630931],[91.6456806,24.1621833],[91.6459969,24.1603965],[91.6461481,24.1594779],[91.6465702,24.1568726],[91.6466088,24.1566266],[91.6460743,24.155814],[91.6452423,24.154547],[91.6441401,24.1528676],[91.6424088,24.1502221],[91.6413085,24.1485339],[91.6407876,24.1477338],[91.639876,24.146359],[91.6395694,24.1459375],[91.6392924,24.1455148],[91.6385149,24.1443111],[91.6382837,24.1439527],[91.6378857,24.1433351],[91.6359089,24.140319],[91.6348556,24.1386996],[91.6345015,24.1381516],[91.6344459,24.138055],[91.634823,24.1372522],[91.6360566,24.1346852],[91.6364711,24.1338476],[91.6371836,24.1324079],[91.6385244,24.1295993],[91.6385935,24.1291232],[91.6388587,24.1272349],[91.6391337,24.1252183],[91.6392766,24.1241753],[91.6396908,24.1212759],[91.639964,24.1193973],[91.6402705,24.1178394],[91.6407109,24.1155953],[91.6409835,24.1142042],[91.6412036,24.1130796],[91.6409952,24.1124677],[91.6399032,24.1094332],[91.6396039,24.1085959],[91.6395521,24.1084953],[91.6380534,24.1074334],[91.6367777,24.1065439],[91.6372079,24.1060139],[91.6376791,24.1054029],[91.6379462,24.1050566],[91.6384116,24.1044181],[91.6384225,24.1044016],[91.6380033,24.1034081],[91.6373112,24.102482],[91.636573,24.102393],[91.6360867,24.1021708],[91.6357928,24.1017593],[91.6352565,24.1010493],[91.6352023,24.1010489],[91.6351157,24.1010539],[91.6348084,24.101332],[91.6344554,24.101903],[91.634395,24.1020858],[91.6327256,24.1010883],[91.6323241,24.1005736],[91.6320256,24.0999832],[91.6319781,24.0999151],[91.6319199,24.0998601],[91.631883,24.0998505],[91.6317918,24.0998416],[91.6317007,24.0998357],[91.6315796,24.099858],[91.6314641,24.0998862],[91.6313734,24.0999161],[91.6303795,24.1003761],[91.629461,24.1008104],[91.6294735,24.1011713],[91.6287431,24.100929],[91.6280585,24.1003957],[91.6277339,24.0997876],[91.6274279,24.0993594],[91.6270111,24.098829],[91.6266273,24.0988175],[91.6264767,24.0988212],[91.6264328,24.0988565],[91.6263989,24.0989156],[91.6263516,24.0991051],[91.6262963,24.0992589],[91.626191,24.0994054],[91.6259678,24.0994079],[91.6257949,24.0992846],[91.6256342,24.0990238],[91.6256899,24.0988958],[91.6259963,24.0985531],[91.6262003,24.0980972],[91.6261317,24.0979129],[91.6259675,24.0977924],[91.6257699,24.0979191],[91.6257175,24.0979734],[91.6256557,24.0980517],[91.6255886,24.098139],[91.625543,24.0982877],[91.6255157,24.0983547],[91.6253121,24.0984416],[91.6252407,24.0984493],[91.6251159,24.0982807],[91.6251112,24.0980141],[91.6251232,24.0979384],[91.6252717,24.0976203],[91.6254547,24.0974521],[91.6255984,24.0973401],[91.6255644,24.0971515],[91.625156,24.0969214],[91.6246745,24.0967319],[91.6240988,24.09663],[91.6237185,24.0967955],[91.6237682,24.0970237],[91.623004,24.0971658],[91.6226821,24.0969227],[91.6222313,24.0964404],[91.6220409,24.0959801],[91.622039,24.0959244],[91.6220148,24.0958182],[91.6219832,24.0957231],[91.621546,24.0952864],[91.6214002,24.0953623],[91.6210124,24.0959594],[91.6209004,24.0964079],[91.6199531,24.0966376],[91.6193934,24.0962715],[91.6187458,24.0955169],[91.6180598,24.0954816],[91.6179868,24.095594],[91.617963,24.0956163],[91.6179334,24.0956261],[91.6172237,24.095369],[91.6171834,24.0953516],[91.6170943,24.0952937],[91.6169576,24.0951837],[91.6168775,24.095113],[91.6168771,24.0950794],[91.6169222,24.0948547],[91.6169814,24.0948203],[91.6171386,24.094747],[91.6173839,24.0947453],[91.6173393,24.0945037],[91.6172738,24.0943214],[91.6172175,24.0943094],[91.6170579,24.094288],[91.6164655,24.0944831],[91.616259,24.0945539],[91.6161952,24.094582],[91.616135,24.0946216],[91.6158228,24.0948524],[91.6147977,24.0947462],[91.6141259,24.0944834],[91.6140957,24.0942859],[91.6140781,24.0939125],[91.6142483,24.0935338],[91.6142612,24.0934695],[91.6142685,24.0933284],[91.6142721,24.0931726],[91.614093,24.0928947],[91.6139186,24.0927988],[91.613842,24.0928102],[91.6137414,24.0928356],[91.6134788,24.0929101],[91.6126944,24.0930611],[91.6120839,24.0931785],[91.6120678,24.0931766],[91.6119691,24.0930788],[91.6117439,24.0927846],[91.6116027,24.0925988],[91.6115919,24.0925695],[91.6115945,24.0925053],[91.6116226,24.0922913],[91.6114604,24.0920816],[91.6114676,24.0921889],[91.6114523,24.092247],[91.6113912,24.0923013],[91.6113367,24.0923419],[91.6111474,24.0924167],[91.610869,24.0925103],[91.6107228,24.092552],[91.6096243,24.0927854],[91.6092927,24.0923366],[91.6088924,24.0925706],[91.6088785,24.0926486],[91.6088235,24.0927334],[91.6083565,24.0932154],[91.6082807,24.093292],[91.6082003,24.0933592],[91.6080265,24.0934843],[91.6077881,24.0936522],[91.6075728,24.0935852],[91.6075473,24.0935676],[91.6075445,24.0935234],[91.6075704,24.093366],[91.6067016,24.0928132],[91.6060904,24.0931431],[91.6058799,24.0940274],[91.6049094,24.0941509],[91.6047874,24.0939418],[91.6047411,24.0939087],[91.6046802,24.0938999],[91.6046173,24.093909],[91.6038011,24.0940803],[91.60372,24.0941875],[91.6037456,24.0943871],[91.6037586,24.0944143],[91.6042197,24.0950321],[91.6044901,24.0952848],[91.6048073,24.095518],[91.6047434,24.0957913],[91.6045142,24.0960569],[91.6044286,24.0960842],[91.6043427,24.0960905],[91.6043118,24.0960908],[91.6042484,24.0960663],[91.6041767,24.0960197],[91.6038101,24.0955261],[91.6036444,24.0954753],[91.602896,24.0953366],[91.6025956,24.0954947],[91.6024737,24.0959187],[91.6025422,24.0961937],[91.6028575,24.096337],[91.6031129,24.0963619],[91.6029391,24.0964531],[91.6026235,24.0966154],[91.6021812,24.096672],[91.6019434,24.096508],[91.6017957,24.0962894],[91.6020699,24.0959451],[91.6019143,24.0956234],[91.6018106,24.095603],[91.6006297,24.0953769],[91.6004311,24.0957311],[91.6000063,24.0962287],[91.5993382,24.096628],[91.5992531,24.0971162],[91.5990163,24.0970491],[91.5988075,24.0969873],[91.5982232,24.0966947],[91.5980871,24.0966107],[91.5981113,24.0964438],[91.5984381,24.0961623],[91.5983756,24.0961303],[91.5980778,24.096031],[91.5974566,24.095877],[91.5973772,24.0958608],[91.5971905,24.0959427],[91.5963546,24.0964478],[91.5960398,24.0968203],[91.5959272,24.0969883],[91.5957145,24.0969821],[91.59454,24.0965337],[91.5946691,24.0964294],[91.594692,24.0964109],[91.5950993,24.0961129],[91.5953852,24.095906],[91.5954741,24.0958238],[91.5957469,24.0954475],[91.5958341,24.0950048],[91.5958944,24.0946409],[91.5958734,24.0941097],[91.595814,24.093958],[91.5956954,24.0936787],[91.5955628,24.093512],[91.5953783,24.0932876],[91.5952653,24.093201],[91.5950835,24.0930615],[91.5950037,24.0930083],[91.594868,24.0929557],[91.594606,24.0928603],[91.5944672,24.0928106],[91.594122,24.0927575],[91.5939168,24.0927327],[91.5934653,24.092856],[91.592864,24.0931462],[91.5923699,24.0934538],[91.5917751,24.0935345],[91.5916485,24.093469],[91.591306,24.0932705],[91.5912182,24.0930849],[91.591189,24.0929898],[91.5912212,24.0928427],[91.5912895,24.0926111],[91.5919456,24.0916507],[91.5921739,24.0913119],[91.5923587,24.0909722],[91.5926165,24.0902827],[91.5928471,24.0896533],[91.5928813,24.0895461],[91.5929628,24.0893713],[91.5930598,24.0891965],[91.5931322,24.0891572],[91.5934392,24.089017],[91.5936397,24.0889278],[91.5941634,24.0887524],[91.5956291,24.0880093],[91.5969544,24.087298],[91.597585,24.0871114],[91.5978395,24.086996],[91.5981263,24.0868617],[91.5984493,24.0866415],[91.5985877,24.0864334],[91.5987167,24.0862154],[91.5987076,24.0860004],[91.5986857,24.085636],[91.5986619,24.0854767],[91.598621,24.0852079],[91.5985027,24.0844827],[91.5984517,24.0843792],[91.598266,24.0840665],[91.598166,24.0838995],[91.5978587,24.0835482],[91.5973959,24.0832856],[91.5965739,24.0831951],[91.5959451,24.083168],[91.5958147,24.0831637],[91.5957668,24.0831828],[91.5955825,24.0832076],[91.5953822,24.0831971],[91.5950732,24.0831806],[91.5949722,24.0831703],[91.5946016,24.0830748],[91.5944023,24.0830214],[91.5940777,24.0828826],[91.5939116,24.0826508],[91.5938236,24.0824438],[91.593706,24.0821246],[91.5936334,24.0817951],[91.5935855,24.0815775],[91.5934729,24.0810417],[91.5934056,24.080531],[91.593328,24.0803011],[91.5931813,24.0798867],[91.5929365,24.0794493],[91.5925709,24.0790203],[91.5922829,24.0787215],[91.5920125,24.078451],[91.5918895,24.0783042],[91.5918493,24.0780824],[91.5919591,24.0778191],[91.592051,24.0777326],[91.5924803,24.0776936],[91.5924075,24.0755988],[91.5920414,24.0753678],[91.5911811,24.0748489],[91.5908491,24.0748512],[91.5895925,24.0748681],[91.5891674,24.0748729],[91.5883172,24.0748781],[91.5874064,24.0748769],[91.5871603,24.0744508],[91.5866301,24.0735464],[91.586073,24.072601],[91.585081,24.0728001],[91.5837767,24.0730753],[91.582341,24.0733904],[91.5817357,24.0741273],[91.5808281,24.0752502],[91.5805464,24.0755047],[91.5795026,24.0758315],[91.5789885,24.0759959],[91.5784434,24.0768695],[91.5782433,24.0771808],[91.5779639,24.0772705],[91.5777515,24.0773326],[91.5772846,24.0774944],[91.575982,24.0787988],[91.5755083,24.0793047],[91.5748228,24.0797451],[91.5744466,24.0799821],[91.5742149,24.0799393],[91.573841,24.0796714],[91.5732856,24.0790738],[91.5728999,24.0785856],[91.572425,24.0769464],[91.5722947,24.0762493],[91.5722773,24.0761238],[91.5722767,24.0757323],[91.5725992,24.0748262],[91.5711355,24.0749722],[91.5681133,24.0753847],[91.5648244,24.0758289],[91.5644076,24.075885],[91.5636212,24.0759884],[91.5628839,24.0760707],[91.5607554,24.0763496],[91.5596777,24.0764974],[91.5591468,24.0765712],[91.5579438,24.0767431],[91.5569704,24.0767471],[91.5537585,24.0760627],[91.5506978,24.0753995],[91.5491635,24.0750552],[91.5464875,24.074461],[91.5453024,24.0741993],[91.5452205,24.0744129],[91.5450857,24.0748408],[91.544823,24.0756488],[91.5442536,24.0759384],[91.5434273,24.0759898],[91.5429205,24.0759811],[91.5424039,24.0759638],[91.5417749,24.0759556],[91.5409676,24.0760659],[91.5405098,24.07613],[91.5401947,24.0762296],[91.5393578,24.0765],[91.5388943,24.0766498],[91.5386248,24.076779],[91.5364288,24.0777791],[91.5341859,24.0784902],[91.5321892,24.0790635],[91.5313297,24.0792952],[91.5309751,24.0793909],[91.5308754,24.0794193],[91.5294327,24.0798318],[91.528102,24.0802357],[91.5274073,24.0804621],[91.5262792,24.0808057],[91.5248118,24.0812433],[91.5238882,24.081518],[91.5234451,24.0816502],[91.5227231,24.0818868],[91.5214254,24.0823152],[91.5194499,24.0829586],[91.5176326,24.0835434],[91.5173871,24.0836326],[91.5169513,24.0838068],[91.5165009,24.0839922],[91.5156504,24.0843032],[91.5151337,24.0844757],[91.5147029,24.0846127],[91.5138837,24.0848416],[91.5132336,24.0850156],[91.5124593,24.0852365],[91.5112421,24.085611],[91.5102429,24.0859266],[91.5099136,24.0860283],[91.5093243,24.0862101],[91.5086494,24.0864092],[91.5083192,24.0864425],[91.5066737,24.0867887],[91.5054891,24.0869203],[91.5025832,24.0870477],[91.5016064,24.0870848],[91.5007672,24.0871056],[91.5002552,24.087114],[91.4994552,24.087164],[91.497661,24.0872805],[91.4970489,24.0880686],[91.496739,24.0884642],[91.4959632,24.0890361],[91.4955223,24.0893582],[91.4953527,24.0894706],[91.4946951,24.0898663],[91.4942509,24.0900815],[91.4932211,24.0905525],[91.4927129,24.0907736],[91.4924751,24.090876],[91.4927237,24.0913318],[91.4937058,24.0931177],[91.494516,24.0945166],[91.4947092,24.0948998],[91.4949113,24.0953014],[91.4950168,24.0955154],[91.494969,24.0955499],[91.4948982,24.0955893],[91.4939065,24.0960983],[91.4922055,24.097053],[91.4920951,24.0970682],[91.4917689,24.0970982],[91.4913778,24.0966963],[91.4905035,24.09622],[91.4890746,24.0957336],[91.4881106,24.0954985],[91.4873639,24.0954969],[91.4867732,24.0958732],[91.4854544,24.0962414],[91.4848896,24.0964344],[91.4838787,24.0956899],[91.482822,24.0949362],[91.4818281,24.0939933],[91.4808881,24.0931479],[91.4808153,24.0931656],[91.4802006,24.0933156],[91.4799111,24.0934497],[91.4798969,24.0932135],[91.4798984,24.0928546],[91.4798997,24.0925273],[91.4799428,24.0916246],[91.4800232,24.0911915],[91.4802607,24.0908312],[91.4806953,24.0903632],[91.4808542,24.0900026],[91.4808963,24.0893166],[91.4808627,24.0879081],[91.4807134,24.0864905],[91.4805952,24.0859931],[91.4803627,24.0851256],[91.4797767,24.0841123],[91.4797414,24.0831372],[91.4799024,24.0822349],[91.4801029,24.0812966],[91.4805388,24.0805035],[91.4806191,24.0801066],[91.48066,24.0797095],[91.4800723,24.0791658],[91.4784637,24.0781129],[91.477403,24.0777842],[91.4771276,24.0777833],[91.4769694,24.0779994],[91.4768711,24.0781605],[91.4758649,24.0781389],[91.4741397,24.0773757],[91.4734322,24.0772649],[91.4732759,24.0770115],[91.4731597,24.0765777],[91.473083,24.076108],[91.4734013,24.0752063],[91.4735985,24.0750987],[91.474032,24.0748835],[91.4747413,24.074597],[91.475215,24.0741653],[91.4753347,24.0737684],[91.4756121,24.0732638],[91.4761265,24.0725434],[91.4764841,24.0716417],[91.4763683,24.0710996],[91.4763701,24.0706663],[91.4765284,24.0704501],[91.476686,24.0703784],[91.4769613,24.0703794],[91.4774334,24.0703449],[91.4777484,24.0702737],[91.4780264,24.0696246],[91.4781087,24.0687221],[91.4779934,24.0680717],[91.4777209,24.0673846],[91.4778014,24.0669515],[91.4780779,24.0666634],[91.4796941,24.0657662],[91.4803246,24.0654795],[91.4808389,24.0647228],[91.4807615,24.0644336],[91.4804879,24.0639993],[91.4802542,24.0634568],[91.4806541,24.061833],[91.4815619,24.0610416],[91.4836532,24.0593514],[91.4843381,24.05905],[91.4848746,24.0588139],[91.4858221,24.0579504],[91.4867691,24.0571952],[91.4869669,24.0569069],[91.4870861,24.0565823],[91.4870485,24.0561488],[91.4870499,24.0558238],[91.4870696,24.0554253],[91.4871052,24.0549416],[91.4885903,24.0543057],[91.4890046,24.0540832],[91.4891082,24.0539562],[91.489039,24.0538609],[91.4885552,24.0537344],[91.4878988,24.053703],[91.4876222,24.053481],[91.4875529,24.0531954],[91.4876215,24.0525604],[91.4875175,24.0522431],[91.4871304,24.0519991],[91.4864115,24.0515455],[91.4861692,24.0510377],[91.4863249,24.0495707],[91.4869966,24.0489737],[91.487031,24.0488149],[91.487047,24.0486527],[91.4870653,24.0484657],[91.4870991,24.0475769],[91.4873403,24.0467831],[91.4874779,24.0461482],[91.487512,24.0455449],[91.4874771,24.0451006],[91.4873254,24.0438058],[91.4872339,24.0433865],[91.4870606,24.0427835],[91.4867149,24.0424346],[91.4865765,24.0421489],[91.4871288,24.0416724],[91.4876079,24.0413706],[91.4881576,24.0410368],[91.4883027,24.0409414],[91.4884752,24.0406238],[91.4882676,24.0403383],[91.4879057,24.040124],[91.4875849,24.0399343],[91.4870925,24.0396408],[91.4870899,24.0388652],[91.4871928,24.0379446],[91.4873652,24.0374683],[91.4874685,24.037246],[91.4878481,24.0367695],[91.4883311,24.0359756],[91.4884345,24.0356581],[91.488434,24.0351502],[91.4881918,24.0346741],[91.4880533,24.0342298],[91.4881563,24.0334997],[91.4884662,24.0323249],[91.4887076,24.0317533],[91.489087,24.0312451],[91.4901223,24.0300381],[91.4906056,24.0297203],[91.4911233,24.0292755],[91.4915177,24.0286824],[91.4921582,24.0277192],[91.4922999,24.0272618],[91.4923648,24.0270525],[91.4926058,24.0260364],[91.4926401,24.025846],[91.4926056,24.0257825],[91.4925882,24.0257921],[91.4924329,24.0258779],[91.4921223,24.026132],[91.4918459,24.0261322],[91.4916041,24.0260054],[91.4915693,24.0257197],[91.4914646,24.024577],[91.491636,24.0236778],[91.4916356,24.0232969],[91.4913585,24.0226227],[91.4909435,24.0217736],[91.4907016,24.0215833],[91.4903559,24.0212343],[91.4902521,24.0209488],[91.4902518,24.0206631],[91.4903552,24.0204408],[91.4905968,24.0201866],[91.4912872,24.0197734],[91.4918801,24.019464],[91.4923228,24.019233],[91.4923227,24.0190743],[91.4922881,24.0189791],[91.4920806,24.0187253],[91.4915967,24.0182178],[91.4913893,24.0180274],[91.4913889,24.0176148],[91.4914579,24.0174242],[91.4918031,24.01717],[91.4922147,24.0169107],[91.4928732,24.0165026],[91.4933565,24.0163435],[91.493978,24.0162478],[91.4940816,24.0161524],[91.4940626,24.015698],[91.4939711,24.0147313],[91.4939531,24.01458],[91.4938724,24.0138988],[91.4939755,24.0133273],[91.4942514,24.0128827],[91.494838,24.0121838],[91.4949759,24.0119298],[91.4950099,24.0114218],[91.4949308,24.0108319],[91.4948706,24.0101204],[91.4951057,24.0094977],[91.49539,24.008877],[91.4958385,24.0084323],[91.4962179,24.0078606],[91.4961487,24.0077019],[91.4960449,24.0075433],[91.4957684,24.0071943],[91.4953329,24.0068446],[91.4952154,24.0067502],[91.4946967,24.0059888],[91.4945583,24.0056715],[91.4943498,24.0042113],[91.4944182,24.003513],[91.4946597,24.0032906],[91.4951433,24.0032902],[91.4955921,24.0031946],[91.4958337,24.0030674],[91.4962132,24.0026227],[91.4964545,24.0021781],[91.4964888,24.0019559],[91.4963157,24.001448],[91.4957076,24.0006545],[91.4947656,23.9998366],[91.4942308,23.9991821],[91.4943069,23.9989482],[91.4946374,23.9986907],[91.4952223,23.9984564],[91.4960108,23.9983856],[91.4963415,23.9983153],[91.4965193,23.9980812],[91.496697,23.9976835],[91.4966454,23.9967715],[91.4967051,23.9964267],[91.497077,23.9961784],[91.4979477,23.9957673],[91.4991426,23.9950821],[91.4996687,23.9947259],[91.4995321,23.9937281],[91.5008883,23.9937067],[91.5019979,23.9946512],[91.5035815,23.9931988],[91.503475,23.9916187],[91.5043064,23.9906217],[91.5046654,23.9903421],[91.5044993,23.9893984],[91.5039199,23.9889646],[91.504559,23.9885047],[91.5058322,23.9879188],[91.5066132,23.9881993],[91.5082746,23.9874648],[91.5085798,23.986955],[91.5086707,23.9865479],[91.5087229,23.986314],[91.5085126,23.9852574],[91.5082638,23.9833431],[91.5068254,23.9820915],[91.5066121,23.9816173],[91.5063793,23.9809942],[91.5074366,23.9800018],[91.5067841,23.9789946],[91.5061759,23.9778971],[91.5067564,23.9771617],[91.5075328,23.9770315],[91.5077004,23.976395],[91.5077306,23.9757043],[91.5080062,23.9751944],[91.5085615,23.9750188],[91.5090872,23.9749696],[91.509826,23.9730425],[91.5112118,23.9726599],[91.5121223,23.971537],[91.5124369,23.970697],[91.5126881,23.9700607],[91.5129637,23.9696004],[91.513632,23.9693707],[91.5139148,23.9689858],[91.5146698,23.9679585],[91.5152261,23.9666813],[91.5153396,23.9661216],[91.5152085,23.9656809],[91.5150359,23.9651011],[91.5156705,23.9641581],[91.515897,23.9634947],[91.5175434,23.9627464],[91.5180449,23.9623631],[91.5186018,23.9601695],[91.518686,23.9595059],[91.518716,23.9589191],[91.5183534,23.9577225],[91.5178435,23.9566341],[91.5177605,23.9560472],[91.517815,23.9554874],[91.5181494,23.9550543],[91.5189013,23.954802],[91.5194274,23.9541885],[91.5192988,23.9534689],[91.5191475,23.9526941],[91.5190655,23.9522741],[91.5191068,23.9510629],[91.5194705,23.9497102],[91.5191669,23.9485136],[91.5194478,23.9474936],[91.5203326,23.9467809],[91.5210008,23.9465511],[91.5210941,23.9465603],[91.5213154,23.946258],[91.5215958,23.9457706],[91.5214591,23.9447773],[91.5232624,23.9439343],[91.5244515,23.9435289],[91.5250658,23.9431727],[91.5253706,23.9426899],[91.5251206,23.9421254],[91.5253966,23.9409292],[91.5259132,23.9398416],[91.5269109,23.9391561],[91.5268903,23.939087],[91.5267443,23.9385962],[91.5258746,23.9371428],[91.5257486,23.9369342],[91.5253072,23.9361438],[91.5253912,23.9354577],[91.525652,23.9349569],[91.5261216,23.9346245],[91.5268756,23.9340908],[91.5272888,23.933405],[91.5278733,23.9332744],[91.5289244,23.9332526],[91.5300341,23.9336099],[91.5306185,23.93366],[91.531753,23.9332993],[91.5325589,23.9332278],[91.5323824,23.9328079],[91.5318279,23.932171],[91.5311066,23.931227],[91.5308859,23.9307663],[91.5310238,23.9303105],[91.5313285,23.9300805],[91.5332147,23.9297747],[91.5339907,23.9298023],[91.5342407,23.9303351],[91.5355422,23.9303901],[91.535906,23.9299027],[91.5354055,23.9293698],[91.5344639,23.9288189],[91.5337412,23.928371],[91.533329,23.9279644],[91.5331623,23.9275309],[91.5320843,23.9275703],[91.5319005,23.9269568],[91.5319256,23.9263926],[91.5311258,23.9254259],[91.5308219,23.9246086],[91.5307638,23.9234845],[91.5311817,23.9230017],[91.5324584,23.923156],[91.5327043,23.9227228],[91.5326507,23.9220591],[91.532155,23.9217518],[91.5318902,23.9211513],[91.5319993,23.9199279],[91.5318919,23.9188805],[91.530753,23.9183696],[91.5300907,23.9174482],[91.529203,23.915994],[91.5286423,23.914822],[91.5280018,23.9134832],[91.5271728,23.9124353],[91.5271142,23.9119792],[91.5271986,23.9108055],[91.5276169,23.9097314],[91.5283788,23.9087793],[91.528713,23.9084455],[91.5301224,23.9083471],[91.5307606,23.9084468],[91.530996,23.908591],[91.5318454,23.9091112],[91.5323707,23.9092154],[91.5325316,23.9091159],[91.5338514,23.9083004],[91.5350628,23.9075828],[91.5360838,23.908247],[91.5374978,23.9085774],[91.538745,23.9087317],[91.5391487,23.9085176],[91.5399209,23.9081081],[91.5411175,23.9077534],[91.5411533,23.9077706],[91.5428355,23.9085941],[91.543447,23.9086574],[91.5444167,23.908568],[91.5447213,23.908365],[91.5450261,23.9078821],[91.5445554,23.9068074],[91.5444349,23.9063303],[91.5443889,23.9061482],[91.5448312,23.9055841],[91.5460784,23.9057157],[91.5474382,23.9062988],[91.5479388,23.9066829],[91.5483259,23.9079832],[91.5485171,23.9084708],[91.5493378,23.908955],[91.5503259,23.9095703],[91.5503269,23.9095709],[91.5507653,23.909849],[91.5525078,23.9109965],[91.5534112,23.912028],[91.5538526,23.9123109],[91.5538235,23.9116473],[91.5543789,23.9107537],[91.5547965,23.9103972],[91.5551557,23.9093275],[91.5550186,23.9086637],[91.5552693,23.9081041],[91.5556281,23.9075941],[91.5556044,23.9069316],[91.5554078,23.9064699],[91.5557034,23.9045362],[91.5559577,23.9031564],[91.5561174,23.9018656],[91.5557892,23.9006374],[91.5571444,23.9005388],[91.5582151,23.9000156],[91.5576018,23.899471],[91.5569933,23.8988142],[91.5567097,23.89724],[91.5566066,23.8965432],[91.5566364,23.8959835],[91.556858,23.8948369],[91.5572612,23.8938032],[91.5572615,23.8932389],[91.5566291,23.8915322],[91.5562123,23.8904349],[91.556321,23.889338],[91.5572642,23.8883678],[91.5565868,23.8881282],[91.5553102,23.8881005],[91.5540929,23.8876394],[91.5541777,23.885319],[91.5540688,23.8830781],[91.5540662,23.8830256],[91.5543617,23.8813509],[91.5544164,23.8802313],[91.5552465,23.8795411],[91.5564986,23.8792889],[91.5570632,23.8790679],[91.5570394,23.8778715],[91.5572606,23.8773615],[91.5582869,23.8769286],[91.5595585,23.8767757],[91.560364,23.8759861],[91.5611402,23.8750429],[91.5613761,23.8744651],[91.5612687,23.8733681],[91.5613771,23.8728354],[91.5625458,23.8721226],[91.5628753,23.870949],[91.5637348,23.8701323],[91.5644566,23.8698256],[91.5635885,23.8683084],[91.5633093,23.8671345],[91.5642816,23.8663719],[91.5641966,23.8650927],[91.5636602,23.8624576],[91.5630221,23.8624077],[91.5625215,23.8621772],[91.5621928,23.861843],[91.5621732,23.861485],[91.5621637,23.8613102],[91.562218,23.8606195],[91.5622993,23.8605139],[91.5632986,23.8592161],[91.5634808,23.8580062],[91.5626223,23.8570894],[91.5628188,23.8566787],[91.563899,23.8560697],[91.5639828,23.8554062],[91.5632324,23.8542817],[91.5636207,23.8534151],[91.5627234,23.8514147],[91.5619779,23.8505205],[91.5621159,23.8493243],[91.5620867,23.8488367],[91.5615913,23.8482767],[91.5613118,23.8477935],[91.561008,23.8466422],[91.5609395,23.8457731],[91.5608856,23.8450372],[91.5615932,23.8447864],[91.5621826,23.8446436],[91.562263,23.8441021],[91.5616388,23.8429085],[91.5610532,23.8419317],[91.5610596,23.8400538],[91.5609846,23.8390062],[91.5605555,23.8382104],[91.5594576,23.8377739],[91.559145,23.8373395],[91.5591098,23.8361476],[91.5597406,23.835355],[91.5606838,23.83511],[91.5614306,23.8348903],[91.5619815,23.8345307],[91.5625333,23.8338822],[91.5628492,23.8333776],[91.5628527,23.8323302],[91.5623456,23.8313536],[91.5622302,23.8303987],[91.5620007,23.8288607],[91.5615304,23.8286065],[91.5610346,23.8275731],[91.5603965,23.8264617],[91.5597734,23.8257845],[91.5594614,23.8251696],[91.5599107,23.8248617],[91.5605175,23.8247283],[91.5611695,23.824624],[91.5611724,23.8246236],[91.5618192,23.8245263],[91.562409,23.8242391],[91.5628818,23.8237349],[91.5631973,23.8233023],[91.5634348,23.8227613],[91.5633979,23.822075],[91.5636353,23.8214979],[91.5642083,23.820901],[91.5653294,23.819733],[91.5652431,23.8186179],[91.5642478,23.8170329],[91.5640126,23.8164099],[91.5638554,23.8162498],[91.5634583,23.8158453],[91.562904,23.815362],[91.5642889,23.8132949],[91.5646526,23.8121484],[91.5647612,23.8108709],[91.5645802,23.8096609],[91.5643305,23.8085095],[91.5640856,23.8076698],[91.5646411,23.8058055],[91.5654612,23.8043115],[91.566487,23.8035716],[91.5665953,23.8029621],[91.5663454,23.8022488],[91.5665666,23.8014814],[91.5668765,23.7997705],[91.5671417,23.7992199],[91.5669754,23.798353],[91.5661171,23.7976393],[91.566309,23.7964386],[91.5661553,23.7958843],[91.5659514,23.7953414],[91.5665599,23.7950121],[91.5671976,23.7950891],[91.5673893,23.7943985],[91.5675025,23.793762],[91.5671545,23.7930078],[91.5667132,23.7924208],[91.5661052,23.7919645],[91.5668512,23.7912741],[91.5673812,23.790841],[91.5673819,23.7896175],[91.5676277,23.7883897],[91.5675681,23.7870674],[91.5675064,23.785699],[91.5676554,23.7855764],[91.5682524,23.7850854],[91.5680352,23.7841313],[91.568282,23.7823171],[91.5687653,23.7792572],[91.568658,23.7779796],[91.5688254,23.7767562],[91.5695308,23.7747012],[91.5696254,23.7744495],[91.5698925,23.7737573],[91.5705297,23.7722784],[91.5706967,23.7716916],[91.5704687,23.7713649],[91.5699467,23.7706169],[91.5705846,23.7702605],[91.5710017,23.769877],[91.5711546,23.7679492],[91.5707674,23.7673396],[91.5708513,23.7662923],[91.5713766,23.7652994],[91.5720685,23.7644328],[91.5721819,23.763259],[91.5725108,23.76274],[91.5728247,23.7628846],[91.5734477,23.7627449],[91.574007,23.7621988],[91.5744145,23.7613683],[91.5747632,23.7604248],[91.5751998,23.7600548],[91.5757935,23.7597391],[91.5766028,23.7597122],[91.5774121,23.7598298],[91.5779073,23.760146],[91.5782505,23.7606067],[91.5786182,23.7611215],[91.5789319,23.7614376],[91.5793343,23.7613519],[91.579864,23.7611805],[91.580178,23.7610677],[91.5807328,23.7611147],[91.5810805,23.7613254],[91.5812617,23.7619575],[91.5811633,23.762761],[91.5812562,23.7633886],[91.5816289,23.7636777],[91.5819085,23.7636777],[91.5825316,23.7631949],[91.5835964,23.7621343],[91.5837536,23.7615339],[91.5837882,23.760762],[91.584073,23.7597869],[91.5844165,23.7594438],[91.5849463,23.7592725],[91.5859127,23.7588439],[91.5866633,23.7583023],[91.5879731,23.7575036],[91.5887532,23.7572465],[91.5888462,23.7575038],[91.5891257,23.7578786],[91.5894052,23.7581631],[91.5896209,23.7582535],[91.5899938,23.7582536],[91.5904597,23.7582807],[91.59096,23.758457],[91.5912689,23.7587415],[91.5917004,23.7591163],[91.5922007,23.7592022],[91.5936967,23.7590355],[91.5948788,23.7588371],[91.5955655,23.7588102],[91.5958451,23.7589818],[91.5960903,23.7592122],[91.596713,23.7596683],[91.5983912,23.7605752],[91.600097,23.7615967],[91.6005629,23.7619985],[91.6004059,23.7623416],[91.5995915,23.7626575],[91.5988459,23.7629102],[91.5989979,23.763172],[91.6003957,23.7637727],[91.600739,23.7640347],[91.6012344,23.7642334],[91.6017763,23.764391],[91.602235,23.7642064],[91.6032653,23.7635521],[91.6040402,23.763665],[91.6042903,23.7637824],[91.6045356,23.7639811],[91.6048789,23.7644146],[91.6052172,23.7645591],[91.6058107,23.7646449],[91.6082682,23.7648801],[91.6087342,23.7647086],[91.6092051,23.7644784],[91.6099213,23.7645688],[91.6102302,23.7647675],[91.6106962,23.7650836],[91.6111621,23.7655712],[91.6114073,23.7659143],[91.6118439,23.7659189],[91.6123098,23.765919],[91.6128102,23.765892],[91.6133399,23.7661493],[91.613801,23.7664383],[91.6144239,23.7668402],[91.6147967,23.7672691],[91.6152331,23.7674723],[91.6155423,23.7673007],[91.6157924,23.7669261],[91.6160721,23.7668132],[91.6164154,23.7669848],[91.6166949,23.7672738],[91.617004,23.7677027],[91.6173767,23.7681362],[91.6176857,23.7681045],[91.6181567,23.7678473],[91.6187796,23.7676803],[91.6192113,23.7680505],[91.6194908,23.7684839],[91.6199274,23.7679647],[91.6202758,23.767423],[91.6206486,23.7669084],[91.620992,23.766764],[91.6212715,23.7669671],[91.6216737,23.7672832],[91.6220171,23.766913],[91.6223017,23.7663938],[91.6228315,23.7660824],[91.6233612,23.7661953],[91.623734,23.7662856],[91.6242294,23.7664842],[91.6249456,23.7668319],[91.6254115,23.7670035],[91.6257255,23.766859],[91.6260345,23.7665159],[91.6265054,23.7662315],[91.6268144,23.7661774],[91.6273147,23.7662631],[91.6277807,23.7665791],[91.6283056,23.7670081],[91.6290218,23.7675814],[91.629424,23.7678974],[91.6311359,23.768245],[91.6313861,23.7679606],[91.6322297,23.7671028],[91.6323524,23.7668726],[91.6325437,23.766358],[91.6327644,23.7654144],[91.6329852,23.7648411],[91.6332353,23.7649268],[91.6333579,23.7650983],[91.6336964,23.7655859],[91.6340691,23.7662179],[91.6345647,23.7667642],[91.6352465,23.7673059],[91.6358989,23.7675949],[91.6365856,23.7675948],[91.6370811,23.7675677],[91.6376185,23.7676927],[91.6379542,23.7680282],[91.6384202,23.7682313],[91.6384839,23.7677708],[91.6384725,23.7677176],[91.6383613,23.7671975],[91.6387684,23.7666557],[91.6392687,23.7661139],[91.6399554,23.7655406],[91.6403624,23.7653689],[91.6420106,23.765572],[91.6428788,23.765748],[91.643438,23.7661181],[91.6435607,23.76652],[91.643654,23.7671203],[91.643963,23.7676079],[91.6454838,23.7682443],[91.6462932,23.7686731],[91.6468867,23.768673],[91.6469456,23.7684473],[91.6469371,23.768357],[91.6469101,23.7680943],[91.646891,23.7679763],[91.6473327,23.7652961],[91.6478329,23.7649529],[91.6490494,23.7642936],[91.6495497,23.7641808],[91.6495809,23.7643564],[91.6496381,23.765499],[91.6498882,23.7652416],[91.6504474,23.764754],[91.6509771,23.7645282],[91.6513204,23.7645869],[91.6520072,23.7646138],[91.6522573,23.7643022],[91.65263,23.7640133],[91.652939,23.7641577],[91.6533118,23.7644466],[91.6540575,23.7647354],[91.6544352,23.7645638],[91.6547785,23.764189],[91.655156,23.7633041],[91.6555925,23.7632183],[91.656804,23.7630782],[91.6572112,23.7633941],[91.6576724,23.7637642],[91.6581385,23.7641388],[91.6592275,23.7648294],[91.6594776,23.7645133],[91.6602916,23.7632536],[91.6617828,23.7634564],[91.6634652,23.763605],[91.66477,23.7636047],[91.6652703,23.7635505],[91.6660502,23.7633787],[91.6663935,23.76318],[91.6665798,23.7628639],[91.6668641,23.7624621],[91.6671732,23.762462],[91.6681051,23.7626379],[91.6686692,23.7624662],[91.6688851,23.7627821],[91.6690079,23.7633239],[91.6692533,23.7637572],[91.6695624,23.7640416],[91.6697536,23.7637842],[91.6697535,23.7634139],[91.6701605,23.7630391],[91.6703763,23.7631565],[91.670813,23.7634724],[91.671181,23.7639328],[91.6716815,23.764217],[91.6725841,23.7644786],[91.6732659,23.7645913],[91.6733002,23.7643069],[91.6732878,23.7642664],[91.673143,23.7637923],[91.6734863,23.763562],[91.6747966,23.763545],[91.6762476,23.7634872],[91.6769737,23.7632224],[91.6782861,23.762972],[91.6790202,23.7629938],[91.6799951,23.7629144],[91.6808092,23.762544],[91.6809954,23.7622279],[91.681059,23.761483],[91.6810494,23.7614057],[91.6810222,23.7611852],[91.6809704,23.7607652],[91.6809792,23.7607613],[91.6809826,23.7607598],[91.6816863,23.7604534],[91.6829321,23.7601686],[91.6836189,23.7602812],[91.6847078,23.7603395],[91.6852961,23.7602272],[91.6867347,23.7599525],[91.687788,23.7599186],[91.6889111,23.7600039],[91.68975,23.760148],[91.6903091,23.760035],[91.6908731,23.7598632],[91.6916528,23.7593798],[91.691996,23.7590366],[91.6922753,23.7586618],[91.6925891,23.758147],[91.6928095,23.7577452],[91.6938054,23.7579749],[91.6944873,23.7584351],[91.6950467,23.7588683],[91.6950709,23.7592659],[91.6950764,23.7593559],[91.6950493,23.7598545],[91.6950423,23.7599834],[91.6953514,23.7601007],[91.6961511,23.7601003],[91.6978431,23.7601312],[91.6982797,23.7603026],[91.6984958,23.7606772],[91.698805,23.760993],[91.6996143,23.7610785],[91.7002666,23.7608795],[91.701201,23.7603815],[91.7017671,23.7600798],[91.7022968,23.7600796],[91.7025717,23.7603954],[91.7026651,23.760883],[91.7030039,23.7615419],[91.7032836,23.7616275],[91.7047205,23.7611709],[91.705309,23.7608862],[91.7057159,23.7606287],[91.7066775,23.7611158],[91.7067037,23.7612901],[91.706712,23.761346],[91.706678,23.7618065],[91.7066417,23.7621655],[91.7066145,23.762434],[91.7066107,23.7630262],[91.7066101,23.7631248],[91.7069194,23.7638695],[91.7074492,23.7638422],[91.7079152,23.7637246],[91.7085676,23.7637558],[91.7087049,23.7640485],[91.7087836,23.7642162],[91.708784,23.7648438],[91.7089069,23.7653628],[91.709903,23.7657913],[91.7107418,23.7659669],[91.7113945,23.7663367],[91.7115172,23.7666527],[91.7113263,23.7671133],[91.7117288,23.767569],[91.7123292,23.7680688],[91.7124544,23.7681544],[91.7127888,23.768372],[91.7136279,23.7688321],[91.7144324,23.7688903],[91.7150259,23.7687501],[91.715585,23.768664],[91.716522,23.7687809],[91.7172319,23.7684127],[91.7173985,23.7665185],[91.7174029,23.7657736],[91.717314,23.7647714],[91.7170341,23.7643111],[91.7168818,23.7639365],[91.7173235,23.7632618],[91.7178177,23.7625094],[91.7177628,23.7611054],[91.7174238,23.7602433],[91.7173008,23.7597558],[91.7177961,23.7595568],[91.7187663,23.7595199],[91.7194784,23.7595017],[91.7201945,23.7593884],[91.7222671,23.7580438],[91.7220817,23.757735],[91.7212221,23.7558304],[91.7213881,23.75481],[91.721858,23.7535412],[91.7218534,23.7534302],[91.7217985,23.7525209],[91.7221608,23.7516313],[91.722715,23.7507305],[91.7235301,23.7496224],[91.7238122,23.7493621],[91.7251826,23.7479097],[91.7255221,23.7475198],[91.7260856,23.7468596],[91.7263505,23.7465523],[91.7268067,23.7462933],[91.727081,23.7461456],[91.7280324,23.7460095],[91.7288367,23.746009],[91.7292046,23.7460449],[91.7295332,23.7461124],[91.7300779,23.7464461],[91.7305931,23.7468837],[91.7309954,23.7470188],[91.7311769,23.7470549],[91.731324,23.746987],[91.7313974,23.7467161],[91.7313839,23.7466358],[91.7313664,23.746532],[91.731284,23.7460435],[91.731302,23.7458724],[91.7314693,23.7445943],[91.7316502,23.743786],[91.7318982,23.7432999],[91.7325071,23.7422234],[91.7328356,23.7419839],[91.7339289,23.7415814],[91.7347723,23.7413777],[91.7364358,23.7412274],[91.7372193,23.7411729],[91.7377191,23.7406804],[91.7377644,23.7402944],[91.7378325,23.7399481],[91.737897,23.73962],[91.7382959,23.7391906],[91.7390941,23.7386996],[91.7396925,23.7380247],[91.739958,23.7372276],[91.7399575,23.7366535],[91.7399574,23.7364918],[91.7399519,23.7364746],[91.7398963,23.7362993],[91.7395729,23.7352809],[91.7394903,23.7350208],[91.7393226,23.7343537],[91.7392578,23.7340959],[91.7390897,23.7334271],[91.7391558,23.7328139],[91.7395544,23.7320167],[91.7414011,23.7306351],[91.7422659,23.7302666],[91.7428647,23.7302048],[91.7434634,23.7300818],[91.7437295,23.7299589],[91.7437843,23.729807],[91.7439286,23.7294071],[91.7440092,23.7288841],[91.7440609,23.7285486],[91.7440539,23.727272],[91.7439191,23.7253103],[91.7439181,23.7242681],[91.7440505,23.723471],[91.7439168,23.722858],[91.7435167,23.7218774],[91.7433166,23.7213258],[91.7433159,23.7205288],[91.7434476,23.7189961],[91.743446,23.7172794],[91.7434866,23.7157089],[91.7435168,23.7149062],[91.7433166,23.7141706],[91.7428506,23.7139258],[91.7417861,23.7139878],[91.7407217,23.7141725],[91.7403892,23.7142954],[91.7401231,23.7142956],[91.7398566,23.7138666],[91.7395893,23.7125794],[91.7395612,23.7122461],[91.7395154,23.7116709],[91.739515,23.7112092],[91.7393882,23.7108016],[91.7389223,23.7105566],[91.738257,23.7106184],[91.737858,23.7108026],[91.7371929,23.7110483],[91.7367936,23.710926],[91.7366601,23.7104356],[91.7363272,23.710068],[91.7355287,23.7098233],[91.7354262,23.7098148],[91.7347968,23.7097624],[91.7347961,23.7097622],[91.7335322,23.7092116],[91.7325339,23.7089057],[91.7312695,23.708416],[91.7310696,23.7078644],[91.730936,23.7073127],[91.7308023,23.7063932],[91.7307341,23.7042475],[91.7304009,23.703512],[91.7302003,23.7021634],[91.7299335,23.7013052],[91.7307969,23.6993196],[91.7319935,23.6983379],[91.7333234,23.6974174],[91.7338553,23.6971718],[91.734454,23.6970488],[91.7353188,23.6970482],[91.7359358,23.6971615],[91.7359841,23.6971704],[91.736716,23.6971698],[91.7369818,23.6969245],[91.7372473,23.6961273],[91.7372468,23.6955142],[91.737579,23.6949622],[91.7379114,23.694778],[91.7384435,23.6945938],[91.7393747,23.6944705],[91.740173,23.6944087],[91.7418344,23.6925069],[91.7419668,23.6917098],[91.7419663,23.6910967],[91.7415659,23.6896869],[91.7414986,23.6887674],[91.7413402,23.6881128],[91.7412316,23.687664],[91.7412306,23.6864379],[91.7415622,23.6853341],[91.742493,23.6847204],[91.743291,23.6844745],[91.744089,23.6842287],[91.7450203,23.6842281],[91.7456855,23.6843501],[91.7460167,23.6826946],[91.7462151,23.681407],[91.74628,23.6795293],[91.746212,23.6777514],[91.7458788,23.6770774],[91.7463422,23.676628],[91.7470829,23.6767956],[91.7473496,23.6766713],[91.747713,23.6764453],[91.7479589,23.6761307],[91.7481519,23.6752551],[91.748323,23.6751273],[91.7492627,23.6750985],[91.7501277,23.6752764],[91.7511842,23.675976],[91.7521643,23.6766861],[91.7524289,23.6768285],[91.7528745,23.6772669],[91.7536825,23.6781614],[91.7554444,23.6810476],[91.7575056,23.6836994],[91.7580739,23.6841242],[91.7582992,23.6842598],[91.7586227,23.6843097],[91.7588139,23.684373],[91.7591764,23.6846578],[91.7594751,23.6849424],[91.7598669,23.6853671],[91.7601997,23.6859272],[91.7604295,23.6866],[91.7605907,23.6872457],[91.7606886,23.6873948],[91.7617518,23.6880051],[91.7626385,23.68871],[91.76279,23.6892564],[91.7629361,23.6902904],[91.7630666,23.6923672],[91.7630405,23.6941594],[91.7630009,23.6946424],[91.7628091,23.6952653],[91.7624702,23.6959603],[91.7612282,23.6978284],[91.7608646,23.6987084],[91.7606189,23.6993583],[91.7605254,23.6997782],[91.7603873,23.7005862],[91.7603864,23.7015388],[91.760415,23.7024462],[91.7606823,23.7049971],[91.7608585,23.7054036],[91.76102,23.7056926],[91.7615441,23.7063386],[91.7624845,23.7073642],[91.7627831,23.7079242],[91.7629002,23.708448],[91.7630075,23.7091929],[91.763036,23.7101862],[91.7629403,23.7130167],[91.7629397,23.7137255],[91.7628697,23.7152514],[91.7626819,23.7169487],[91.7625586,23.7176845],[91.7625581,23.7182173],[91.7627977,23.7189759],[91.7630172,23.7201588],[91.763202,23.7218881],[91.7631864,23.7229805],[91.7633032,23.7238971],[91.7633471,23.7242177],[91.7634892,23.7243307],[91.7637441,23.7243489],[91.7647251,23.7241916],[91.7659069,23.7240411],[91.7677948,23.724072],[91.7684666,23.7240139],[91.7704579,23.7236089],[91.7713749,23.7234922],[91.7718849,23.7234971],[91.7723947,23.7236239],[91.7729976,23.7239358],[91.7732965,23.7241843],[91.7736199,23.7245456],[91.7739921,23.7250515],[91.7741634,23.7254805],[91.7743003,23.7259998],[91.7743879,23.7268622],[91.7743532,23.7273678],[91.7743036,23.7280133],[91.7742051,23.7284602],[91.7737577,23.7299361],[91.7736496,23.7302656],[91.773124,23.7312404],[91.7726821,23.7319579],[91.7726134,23.7320979],[91.7726524,23.7322875],[91.7728288,23.7324862],[91.7732283,23.7328082],[91.7732683,23.7328403],[91.7733728,23.7329245],[91.7738185,23.7335026],[91.7744504,23.7344782],[91.7748519,23.7352099],[91.7752388,23.7359009],[91.775616,23.7364023],[91.7758901,23.7370616],[91.7759635,23.7372783],[91.7761395,23.737924],[91.7762373,23.7383078],[91.7764134,23.7388046],[91.7768443,23.7397619],[91.7771283,23.7403039],[91.7773144,23.7406155],[91.7781276,23.7417492],[91.7790436,23.743199],[91.7791072,23.743366],[91.7792052,23.7435332],[91.7801459,23.7447301],[91.7809445,23.7456787],[91.7822872,23.7471377],[91.7824883,23.7472643],[91.783111,23.7474363],[91.783209,23.7475131],[91.7833707,23.7477524],[91.7834246,23.7478833],[91.7834441,23.7480549],[91.7834342,23.7481904],[91.7833506,23.7484747],[91.7827559,23.7500589],[91.7824317,23.7500701],[91.7817412,23.7498843],[91.7808581,23.7495899],[91.7801697,23.7493334],[91.7795092,23.7490064],[91.7793513,23.7492159],[91.7791147,23.7502969],[91.7789633,23.7514302],[91.7785814,23.7540505],[91.778319,23.7554283],[91.7781044,23.7576066],[91.7781068,23.7581595],[91.7782008,23.7585167],[91.778517,23.7590323],[91.7788485,23.7596357],[91.7789945,23.7600316],[91.778916,23.7603647],[91.7787299,23.760812],[91.7783895,23.7611831],[91.7783075,23.7616469],[91.7784004,23.7633281],[91.7784244,23.7637215],[91.7784952,23.7643195],[91.7786274,23.76521],[91.7790151,23.7669437],[91.7791939,23.7674134],[91.7794279,23.7677825],[91.7797704,23.7680231],[91.7801056,23.7685401],[91.7802351,23.7689215],[91.7798064,23.7717717],[91.779633,23.7723642],[91.7796035,23.7728],[91.7796546,23.7734706],[91.7798395,23.7743628],[91.7796945,23.7751954],[91.7794106,23.7759886],[91.7786418,23.7773073],[91.777802,23.7787623],[91.7776375,23.7790488],[91.7775389,23.7794678],[91.7772164,23.7810584],[91.7771804,23.7823611],[91.777184,23.7828555],[91.7772491,23.7836281],[91.777581,23.7854043],[91.7777843,23.7862101],[91.7780568,23.7870326],[91.7781785,23.787647],[91.7782333,23.7881723],[91.7782893,23.7886539],[91.778393,23.7889524],[91.7785625,23.7894402],[91.7786947,23.7896913],[91.7786811,23.7901711],[91.7786666,23.7906798],[91.7784335,23.7915311],[91.7783301,23.7920904],[91.7784843,23.7927933],[91.7787589,23.7935436],[91.7788356,23.7939096],[91.7788583,23.7943323],[91.7787757,23.7947808],[91.7788401,23.7955341],[91.7788794,23.7959864],[91.7791492,23.7969114],[91.7793487,23.7972523],[91.7798767,23.7977053],[91.7800889,23.7982213],[91.7801837,23.7985735],[91.7803385,23.7992706],[91.7804154,23.799637],[91.7807884,23.8006532],[91.7809591,23.8008043],[91.781071,23.8011718],[91.7814657,23.8026202],[91.7818118,23.8033888],[91.7820297,23.8037455],[91.7823512,23.8041785],[91.7825757,23.8043316],[91.782744,23.8045994],[91.7828248,23.8048499],[91.7828145,23.8051992],[91.7826322,23.8071819],[91.7824184,23.8078593],[91.7820856,23.8086981],[91.7816886,23.8092702],[91.7813265,23.8097825],[91.781285,23.8099995],[91.7813111,23.8103063],[91.7818676,23.8116512],[91.7820524,23.8119343],[91.7825682,23.8123315],[91.7827499,23.8127313],[91.7826852,23.8131334],[91.782637,23.8135688],[91.7826392,23.814079],[91.7827366,23.8143594],[91.7829416,23.8145708],[91.7834301,23.8153459],[91.7836036,23.8160283],[91.7837169,23.8167302],[91.7836563,23.8170475],[91.78364,23.8171666],[91.7838399,23.8175669],[91.7840258,23.81785],[91.7842997,23.8181504],[91.7843822,23.8183735],[91.7843529,23.8185643],[91.7841145,23.8190789],[91.7840362,23.8194101],[91.7840115,23.8196931],[91.7840015,23.8198256],[91.7841866,23.820656],[91.78416,23.8211198],[91.7841164,23.8214375],[91.7840415,23.8216527],[91.7839335,23.8218233],[91.783775,23.8219487],[91.7834963,23.8220703],[91.7831811,23.8222631],[91.7830374,23.8224761],[91.7829987,23.8226193],[91.7828742,23.8232519],[91.7828948,23.8236626],[91.782808,23.8239006],[91.7825067,23.82421],[91.7823135,23.8243488],[91.7820518,23.8244709],[91.7817218,23.8245763],[91.7808395,23.8249672],[91.7800041,23.8256812],[91.7794866,23.8263319],[91.7793801,23.82647],[91.7790226,23.8273933],[91.7787363,23.8288097],[91.7788307,23.8288347],[91.7797939,23.8290905],[91.7806442,23.8292157],[91.7814244,23.8295394],[91.7822198,23.8301382],[91.7828776,23.8309499],[91.7832136,23.8314925],[91.7834285,23.8323779],[91.7834872,23.8326178],[91.7836589,23.8327698],[91.7845687,23.8333258],[91.7847788,23.8336792],[91.7852344,23.8339838],[91.7856282,23.8341577],[91.7859392,23.8341644],[91.7873909,23.8341137],[91.7877953,23.8340804],[91.7886056,23.8339581],[91.7896421,23.8337268],[91.7909649,23.8329116],[91.7918991,23.8323311],[91.7921465,23.8321358],[91.7927946,23.8325933],[91.7933159,23.8329798],[91.79346,23.8331377],[91.7942303,23.833681],[91.794654,23.8337507],[91.7957874,23.8341342],[91.7969288,23.8347264],[91.7971526,23.8349359],[91.7973326,23.8351804],[91.7976134,23.8355296],[91.7993375,23.8368585],[91.8003024,23.8377274],[91.8011127,23.8382465],[91.801998,23.8384495],[91.80317,23.8386846],[91.8035137,23.8389909],[91.8034496,23.8395597],[91.8032371,23.8419658],[91.8033999,23.8429558],[91.8036667,23.8436935],[91.8037048,23.8439259],[91.8036207,23.8440667],[91.8034522,23.8442356],[91.8032533,23.8443763],[91.8028859,23.8445522],[91.8025722,23.844735],[91.8023273,23.844911],[91.8023272,23.8450377],[91.8023959,23.8451856],[91.8025566,23.8452842],[91.8028472,23.845404],[91.803092,23.8454746],[91.8035889,23.8454553],[91.8039551,23.845688],[91.8042381,23.8459416],[91.804215,23.8460472],[91.8041078,23.8462232],[91.8039955,23.846467],[91.8039572,23.8467205],[91.8039537,23.8486246],[91.8039918,23.8488288],[91.8041983,23.8489556],[91.8043972,23.8489909],[91.8047032,23.8489629],[91.8050552,23.8488645],[91.8054607,23.8486886],[91.805851,23.8486114],[91.806157,23.8485693],[91.8064782,23.8486399],[91.8067382,23.848809],[91.8068146,23.8490765],[91.806715,23.8493934],[91.8062698,23.8499226],[91.8060337,23.8501746],[91.8056586,23.8504772],[91.8055054,23.8507869],[91.8054876,23.8510261],[91.8055336,23.8512533],[91.8057789,23.851592],[91.8061761,23.8523235],[91.8063819,23.8529466],[91.8064062,23.8533259],[91.806406,23.8536644],[91.8061603,23.8542692],[91.805939,23.8549689],[91.8058746,23.8558221],[91.8060703,23.857154],[91.8067125,23.858635],[91.8070112,23.8598676],[91.8071089,23.8605268],[91.8070443,23.8620211],[91.8069456,23.8630097],[91.8064883,23.864278],[91.8062767,23.8652711],[91.8062367,23.8665442],[91.8064716,23.8679483],[91.8064714,23.8682101],[91.8063828,23.8685261],[91.8062354,23.8687789],[91.8060487,23.8690406],[91.8048109,23.870308],[91.8038347,23.8709198],[91.803258,23.8710147],[91.8027553,23.8710145],[91.8024745,23.8710185],[91.8025185,23.8712865],[91.8026882,23.8718648],[91.8028579,23.8724432],[91.8028135,23.8726064],[91.8024732,23.8728376],[91.8023251,23.8731776],[91.802206,23.8738791],[91.8021175,23.8743668],[91.8016143,23.8750605],[91.8009041,23.8758221],[91.8004008,23.8767606],[91.8003945,23.8777477],[91.8003392,23.877868],[91.7994959,23.8780167],[91.7993182,23.8783839],[91.7992291,23.8791594],[91.7991049,23.879411],[91.7987573,23.8794184],[91.7983776,23.879399],[91.7980031,23.8794316],[91.7976334,23.8795538],[91.797308,23.8797849],[91.7973213,23.8800796],[91.7973816,23.8802613],[91.797884,23.8807785],[91.7979578,23.8811323],[91.7974615,23.8818532],[91.7971505,23.8827238],[91.7970101,23.883023],[91.7965366,23.8836623],[91.7957668,23.8849681],[91.7958665,23.8855132],[91.7962408,23.8865608],[91.7960614,23.8882005],[91.7958006,23.8885789],[91.7943759,23.8900811],[91.7931529,23.8908117],[91.7925094,23.8911092],[91.7918415,23.8913618],[91.7912571,23.891551],[91.7911411,23.8915721],[91.7906875,23.8916545],[91.7902799,23.8916543],[91.7899608,23.8917353],[91.7898231,23.8919158],[91.7897101,23.892155],[91.7897241,23.8930895],[91.789723,23.8947057],[91.7897219,23.8963489],[91.7898096,23.8972609],[91.7898185,23.8986605],[91.7896512,23.8992247],[91.789415,23.8999107],[91.7894143,23.9008543],[91.7896343,23.9022087],[91.7900562,23.902701],[91.7908319,23.9030897],[91.7915878,23.9034559],[91.7919314,23.9035599],[91.7922653,23.9036277],[91.7926238,23.903628],[91.7930461,23.9035831],[91.793493,23.9035608],[91.7943228,23.9035251],[91.79557,23.9036973],[91.7966254,23.9040636],[91.7972292,23.9043934],[91.7977247,23.9050755],[91.7979355,23.9056127],[91.7977582,23.906371],[91.7974631,23.9070751],[91.7968687,23.907576],[91.7966966,23.9079415],[91.7966815,23.9083523],[91.7966468,23.9089211],[91.7966171,23.9093546],[91.7961501,23.9101668],[91.7954426,23.9106766],[91.7950349,23.9108931],[91.7947401,23.9111909],[91.794676,23.9115655],[91.7949501,23.91292],[91.7951704,23.9138997],[91.7951209,23.914446],[91.7948604,23.9147889],[91.7946394,23.9148792],[91.7942515,23.9148699],[91.7939569,23.9147433],[91.7936378,23.9144949],[91.793481,23.9140749],[91.7933437,23.9137453],[91.7929855,23.9133884],[91.7925732,23.9131264],[91.7921657,23.9129681],[91.7917828,23.9127874],[91.7915472,23.9125795],[91.7914639,23.9122951],[91.7914642,23.9118527],[91.7914892,23.91118],[91.7914895,23.9108595],[91.7913522,23.9105208],[91.7901007,23.9095044],[91.7896833,23.9094815],[91.789423,23.9096078],[91.7890886,23.9101087],[91.7887042,23.9121129],[91.7887873,23.9126907],[91.7887661,23.9148847],[91.7886919,23.9156026],[91.7885642,23.9156837],[91.7881811,23.915715],[91.7878717,23.9158413],[91.7877487,23.9160354],[91.7876749,23.9162836],[91.7876993,23.9165725],[91.7878218,23.9168345],[91.7877627,23.9170376],[91.7875123,23.9171503],[91.7866233,23.9172987],[91.7857049,23.9173659],[91.7847275,23.917424],[91.7842118,23.9176223],[91.7838628,23.9181232],[91.7836905,23.918579],[91.7837779,23.9198792],[91.7838512,23.9204346],[91.7838608,23.9208093],[91.7836984,23.9211432],[91.7834527,23.9213326],[91.7831216,23.9215159],[91.7828674,23.9215696],[91.7826538,23.9215502],[91.7821677,23.9213061],[91.7818881,23.9209854],[91.781265,23.9202491],[91.7800723,23.9193771],[91.779763,23.919255],[91.7784077,23.9190871],[91.7773371,23.9190954],[91.7766594,23.919104],[91.7753332,23.9194416],[91.7750385,23.9194549],[91.774995,23.9194572],[91.7749508,23.9196008],[91.7748268,23.9200507],[91.7748018,23.9205609],[91.7747131,23.9210438],[91.7746539,23.9213056],[91.7745752,23.9215719],[91.7744669,23.9217795],[91.7743391,23.9219013],[91.7738921,23.9220183],[91.7735385,23.9220181],[91.7728559,23.9220177],[91.7724631,23.9219723],[91.7723501,23.9219541],[91.7722815,23.9218412],[91.7719332,23.9213714],[91.77157,23.9210732],[91.7713344,23.9209421],[91.7710692,23.9209375],[91.7708532,23.9209373],[91.7706517,23.9209913],[91.7705584,23.9210319],[91.7704453,23.921095],[91.7703225,23.9212168],[91.7701308,23.9213611],[91.7697819,23.9216092],[91.7695904,23.9216496],[91.7692859,23.921663],[91.7686819,23.9215903],[91.766865,23.9213317],[91.7652298,23.9211408],[91.7652443,23.9213576],[91.7652334,23.9226803],[91.7650847,23.9242015],[91.7647791,23.9253796],[91.764454,23.9265531],[91.764291,23.9276365],[91.7642454,23.9290765],[91.7643233,23.9298304],[91.7644455,23.9305303],[91.7644896,23.930729],[91.7646269,23.9309322],[91.7648429,23.9310092],[91.7651669,23.9311087],[91.7656138,23.9311948],[91.7661441,23.9314119],[91.7667479,23.9317012],[91.7671651,23.9319679],[91.7676264,23.9324242],[91.7680287,23.9329256],[91.7683034,23.933287],[91.7685634,23.9337431],[91.7686271,23.9339689],[91.7686759,23.9342082],[91.7686266,23.9345422],[91.768405,23.9350974],[91.7676915,23.9367581],[91.7668557,23.9376604],[91.7668211,23.9377913],[91.7668015,23.9379177],[91.7668012,23.9381524],[91.7668793,23.9386807],[91.7668792,23.9388477],[91.7668791,23.9389515],[91.766879,23.9390554],[91.7667561,23.9391862],[91.7661811,23.9396011],[91.765547,23.9401334],[91.765075,23.9407108],[91.7646668,23.9412568],[91.7643564,23.9422768],[91.7642133,23.9430487],[91.7641341,23.9437844],[91.7641433,23.9443713],[91.7642462,23.9446919],[91.7645257,23.9451661],[91.7647417,23.945392],[91.7652572,23.9456723],[91.76593,23.9459211],[91.7665633,23.9461879],[91.7667253,23.9463642],[91.7668234,23.9464952],[91.7668379,23.9467525],[91.7667685,23.9474567],[91.7666399,23.9485039],[91.7661323,23.9503905],[91.7656994,23.9510539],[91.7651583,23.9519293],[91.7649319,23.9524392],[91.7649808,23.9526334],[91.765074,23.9528457],[91.7650245,23.9532564],[91.7648032,23.9535452],[91.7645082,23.9537932],[91.7637268,23.9542215],[91.7628029,23.9546452],[91.7621297,23.9548342],[91.7615402,23.9549061],[91.7613878,23.9550278],[91.7608223,23.9557723],[91.760119,23.9566249],[91.759406,23.9573557],[91.7576547,23.9601127],[91.7571626,23.960979],[91.757005,23.9613717],[91.7570047,23.961638],[91.7570684,23.9618277],[91.757191,23.9620399],[91.7577698,23.9629342],[91.7582458,23.9636208],[91.7584025,23.9641491],[91.7584116,23.9648263],[91.7588612,23.9673547],[91.7590132,23.9677476],[91.7591403,23.9683617],[91.7591938,23.9688854],[91.7591587,23.9697115],[91.7591238,23.9702893],[91.7590787,23.9711787],[91.7591668,23.9714992],[91.7593289,23.9716031],[91.7596186,23.9717885],[91.7600261,23.9719874],[91.7603746,23.9723715],[91.7614148,23.9737988],[91.7610362,23.9741913],[91.7605295,23.9748545],[91.7602588,23.9754006],[91.7597175,23.9763662],[91.7591619,23.9768714],[91.7583507,23.977408],[91.7578883,23.9779042],[91.7578783,23.9781253],[91.7579812,23.9783737],[91.7580988,23.9786944],[91.7581328,23.9791142],[91.7580442,23.9793805],[91.7577491,23.9797053],[91.7575376,23.9799805],[91.7575817,23.9801385],[91.7577632,23.9803554],[91.7580233,23.9805813],[91.7582097,23.9809561],[91.7583029,23.9811503],[91.758278,23.9814393],[91.7580763,23.9817641],[91.7575107,23.9824047],[91.7571637,23.9827787],[91.7571172,23.9828288],[91.7570678,23.9831086],[91.7571069,23.9833028],[91.7572099,23.983497],[91.7577055,23.9842919],[91.7579409,23.9846533],[91.757975,23.9849331],[91.7577143,23.9852941],[91.7574981,23.9853256],[91.7570607,23.9854019],[91.7567462,23.9854694],[91.7564561,23.9856091],[91.7550253,23.9867456],[91.7549613,23.9868629],[91.7549267,23.9870073],[91.7549266,23.9871292],[91.7551514,23.988416],[91.7551505,23.9894092],[91.7549478,23.9906009],[91.7550947,23.9911201],[91.75554,23.9931338],[91.7559755,23.9948904],[91.7561325,23.9952019],[91.7563031,23.995425],[91.7564711,23.9956447],[91.7565924,23.9972474],[91.7563907,23.9975226],[91.7557902,23.9985469],[91.7554218,23.9995077],[91.7544458,24.0006183],[91.7544626,24.0006996],[91.7548751,24.002159],[91.75507,24.0042189],[91.7549953,24.0052206],[91.7551172,24.0063976],[91.7553697,24.0069993],[91.7555094,24.0078919],[91.7555324,24.0094763],[91.7554825,24.0101201],[91.755654,24.0108219],[91.7558503,24.0113653],[91.7559975,24.0118181],[91.7558244,24.0127233],[91.7560698,24.0134478],[91.7564868,24.014761],[91.756707,24.0155413],[91.7567067,24.0158807],[91.756263,24.0167179],[91.7560901,24.0173515],[91.7563103,24.0186419],[91.757119,24.0208682],[91.7576105,24.0215024],[91.7584713,24.0219105],[91.7587171,24.0222049],[91.7590611,24.0227031],[91.7592822,24.0231107],[91.7590601,24.0237669],[91.759209,24.0244124],[91.7594053,24.0247511],[91.7595032,24.0250673],[91.759454,24.0252748],[91.7585878,24.0264479],[91.7577755,24.0278738],[91.7573082,24.0282571],[91.7572834,24.0284648],[91.7574552,24.0286906],[91.7584127,24.0296981],[91.7586089,24.030082],[91.7586329,24.0307141],[91.7577463,24.0327989],[91.7574513,24.032889],[91.7551117,24.0327969],[91.7549641,24.032887],[91.7548656,24.0330675],[91.7546916,24.0351124],[91.7549361,24.0363811],[91.755235,24.037379],[91.755547,24.0400608],[91.7553737,24.0414782],[91.7554469,24.0419523],[91.7560162,24.0428827],[91.7564531,24.0434789],[91.7567726,24.0435243],[91.7570479,24.0435246],[91.7573184,24.0434345],[91.7575887,24.0434347],[91.7578098,24.0435026],[91.7580555,24.0436834],[91.7583245,24.0450425],[91.7582995,24.0455615],[91.7579304,24.0459495],[91.7577332,24.0465814],[91.7575388,24.0474474],[91.7573876,24.0481205],[91.7569674,24.0505941],[91.7569915,24.0511132],[91.757212,24.0518628],[91.7571849,24.0544991],[91.7573311,24.0558129],[91.757503,24.0560163],[91.7577729,24.0565356],[91.7578948,24.0576237],[91.7578696,24.0582556],[91.7569591,24.0592751],[91.7559247,24.0613825],[91.7555798,24.0621316],[91.7555793,24.0626508],[91.7556773,24.0629669],[91.7564874,24.0641457],[91.7581876,24.0651222],[91.7594405,24.0658817],[91.7595879,24.0660172],[91.7596124,24.0661526],[91.7595631,24.0663106],[91.7586973,24.0667162],[91.7586972,24.066969],[91.7587461,24.0671948],[91.7591931,24.0675338],[91.7594634,24.0677822],[91.7597334,24.0681661],[91.7596344,24.0688703],[91.7593637,24.0691636],[91.7591424,24.0692086],[91.7586704,24.0691856],[91.757417,24.0688234],[91.7570974,24.0689676],[91.7570971,24.0691933],[91.7571212,24.0697396],[91.756776,24.0708002],[91.756738,24.0708501],[91.7560868,24.071707],[91.7560866,24.0718651],[91.7563568,24.0721135],[91.7566262,24.0731926],[91.7566748,24.0737615],[91.7563544,24.0745739],[91.7564034,24.0747996],[91.7566244,24.0750932],[91.7570907,24.0758881],[91.7569674,24.0762853],[91.7565248,24.0763527],[91.7563526,24.0764653],[91.7562296,24.0766459],[91.7558902,24.0773493],[91.7551949,24.0787938],[91.7549243,24.0789742],[91.7543275,24.0788778],[91.7534444,24.0789053],[91.7529518,24.0797897],[91.7525619,24.081243],[91.7526107,24.0816042],[91.7531751,24.0827603],[91.7540853,24.0835035],[91.7549242,24.0841883],[91.7560981,24.0854035],[91.7566143,24.0856071],[91.7570813,24.0857655],[91.7572779,24.0859012],[91.757376,24.0860818],[91.7574785,24.0869215],[91.7576493,24.0883256],[91.7573293,24.0887226],[91.7572307,24.0889483],[91.7581874,24.091301],[91.7583838,24.0915043],[91.7585068,24.0915044],[91.7592692,24.0912793],[91.7594412,24.09146],[91.7598094,24.0920066],[91.7595877,24.0925706],[91.7591493,24.0933648],[91.7584602,24.0940234],[91.7577649,24.0959911],[91.7577892,24.0963071],[91.7579361,24.0969618],[91.7581316,24.0982079],[91.7577618,24.0992505],[91.7574219,24.0998867],[91.7574216,24.1001846],[91.7579616,24.1011557],[91.7581328,24.1021534],[91.7577869,24.1039183],[91.7565319,24.1048653],[91.7560642,24.1053434],[91.7557688,24.1057359],[91.7557931,24.1060745],[91.756333,24.107163],[91.7567083,24.1081905],[91.7570933,24.1092447],[91.7570922,24.1103326],[91.7568949,24.110978],[91.7568445,24.1122013],[91.7568436,24.1131945],[91.7565216,24.1155778],[91.7562506,24.1160335],[91.7560291,24.1163268],[91.7544301,24.1167543],[91.7541349,24.116867],[91.754184,24.1170024],[91.7546511,24.1171608],[91.756298,24.1178663],[91.7567402,24.1183633],[91.757138,24.1189956],[91.7572604,24.1195645],[91.757058,24.1203635],[91.7571315,24.1207021],[91.757451,24.1209054],[91.7575983,24.1211539],[91.757721,24.12147],[91.7576706,24.1227385],[91.75826,24.1236463],[91.7582842,24.1240527],[91.7581115,24.124549],[91.7575699,24.1251355],[91.7573975,24.1254784],[91.7573973,24.1256365],[91.7579866,24.1266887],[91.7583793,24.1274791],[91.758501,24.1288831],[91.7585497,24.1294249],[91.7587462,24.1296056],[91.7592866,24.1303328],[91.7589906,24.131249],[91.7590884,24.1319262],[91.7590883,24.1320617],[91.7584724,24.1329912],[91.7564543,24.1343935],[91.756159,24.1345964],[91.7561589,24.1347092],[91.7562817,24.1348448],[91.7573336,24.1356852],[91.7581497,24.1362322],[91.7592807,24.1365716],[91.7595511,24.1368202],[91.7598702,24.1375021],[91.7600164,24.1389693],[91.7602129,24.13929],[91.7603702,24.1393308],[91.7606303,24.1401029],[91.7605313,24.1406807],[91.7602604,24.1410642],[91.7594741,24.141646],[91.7593727,24.1415274],[91.7592457,24.1414314],[91.7576722,24.1412106],[91.7575485,24.1411965],[91.7569032,24.1414417],[91.7567066,24.141532],[91.7562357,24.1417809],[91.7560577,24.1418993],[91.7554836,24.1420704],[91.7550008,24.1421633],[91.7545566,24.1421931],[91.7543698,24.142006],[91.7542743,24.1419525],[91.7531321,24.1417606],[91.7521557,24.1419991],[91.7520795,24.1420274],[91.7520184,24.1421385],[91.7510879,24.1423159],[91.7497351,24.1419869],[91.749205,24.1414535],[91.7490807,24.1413194],[91.7488934,24.1413197],[91.7479649,24.1417002],[91.7479416,24.1417815],[91.7478544,24.1420032],[91.7477315,24.1420418],[91.7467873,24.1418601],[91.7464491,24.1417188],[91.7462548,24.1413082],[91.7456374,24.1420148],[91.7456124,24.1420551],[91.7455606,24.1422227],[91.7455654,24.1422568],[91.7457188,24.1424931],[91.7458331,24.1426655],[91.7459396,24.1428224],[91.7459496,24.1428545],[91.7458242,24.1430054],[91.7447961,24.1430522],[91.7447755,24.1430319],[91.7444734,24.1424508],[91.744474,24.1424147],[91.744546,24.1422439],[91.7446257,24.1420729],[91.7446399,24.1420426],[91.7445119,24.141804],[91.7443,24.1414971],[91.7436918,24.1411531],[91.7432413,24.1412709],[91.7423881,24.1413487],[91.7421026,24.14132],[91.742035,24.141356],[91.7419636,24.1414164],[91.7419469,24.141443],[91.741862,24.1416012],[91.7419055,24.1420302],[91.7419491,24.1423997],[91.7419377,24.1424164],[91.7418172,24.1425429],[91.7417033,24.1426155],[91.7415852,24.1426853],[91.7414456,24.1427446],[91.7412901,24.14281],[91.7410497,24.142811],[91.740922,24.1428096],[91.7400634,24.1424233],[91.7399995,24.1423802],[91.7399835,24.1423694],[91.7399621,24.1423324],[91.7398643,24.1421238],[91.7399894,24.1418608],[91.7398655,24.1415556],[91.7397109,24.1415143],[91.7395178,24.1414859],[91.7385844,24.141925],[91.7384422,24.1420873],[91.7384047,24.1421733],[91.7383908,24.1422946],[91.7382618,24.1438026],[91.7381289,24.1444666],[91.7380922,24.1445382],[91.737564,24.1449532],[91.7367806,24.1457655],[91.7366951,24.1458646],[91.7351422,24.1449741],[91.7349589,24.144835],[91.7348462,24.1447152],[91.7347341,24.1445743],[91.7346419,24.1443524],[91.7345297,24.1440596],[91.7344406,24.1438358],[91.7344115,24.1437784],[91.7342849,24.1436454],[91.7342002,24.1436618],[91.7341201,24.1436984],[91.7331891,24.1445143],[91.7329826,24.1447995],[91.7327718,24.1451443],[91.7326125,24.1454308],[91.7324365,24.1457203],[91.7322882,24.145677],[91.7322048,24.1456366],[91.7321286,24.1455828],[91.7319211,24.1454353],[91.7317454,24.1453096],[91.7316633,24.1451347],[91.7315475,24.1448813],[91.7315028,24.1447588],[91.7315366,24.1444181],[91.7313143,24.1437488],[91.7310731,24.1435864],[91.7307743,24.1435718],[91.7304873,24.1436493],[91.7300929,24.1437589],[91.7296004,24.1436755],[91.7292325,24.1435886],[91.7289253,24.1435001],[91.7287268,24.1433929],[91.7284249,24.143235],[91.7277324,24.1437404],[91.7275242,24.1439064],[91.727295,24.1441409],[91.7273603,24.1441603],[91.7274842,24.1441818],[91.7275974,24.1441862],[91.7278341,24.1441843],[91.7279443,24.1441926],[91.7282834,24.1442442],[91.7283097,24.1442564],[91.7284768,24.1444361],[91.7285599,24.1446014],[91.7285533,24.1446534],[91.728418,24.1447896],[91.7272754,24.14576],[91.7262229,24.1465841],[91.7257406,24.1464852],[91.7250684,24.1466567],[91.7248546,24.146731],[91.7247605,24.1467928],[91.7239783,24.1476295],[91.7233005,24.1487538],[91.7229415,24.1503789],[91.7223346,24.1513621],[91.7220489,24.1519887],[91.7218707,24.1523409],[91.7217603,24.1524797],[91.7210636,24.1525614],[91.7200355,24.1521433],[91.7193985,24.1520596],[91.7187614,24.1521071],[91.7178837,24.1524134],[91.7174755,24.1522691],[91.7172017,24.1521494],[91.7167895,24.1519925],[91.7165871,24.1520384],[91.7161611,24.1524433],[91.7161047,24.1525651],[91.716268,24.152745],[91.7157447,24.1531682],[91.7148925,24.1534028],[91.7146788,24.1536948],[91.7146396,24.153707],[91.714406,24.1537795],[91.7140773,24.153674],[91.7137911,24.1533075],[91.7132037,24.153036],[91.7123728,24.1531048],[91.7121359,24.1534984],[91.711928,24.1536374],[91.711606,24.1537987],[91.7112357,24.1539623],[91.710892,24.1540469],[91.7098817,24.1541929],[91.7094558,24.1541139],[91.7087473,24.1543359],[91.7082501,24.1546575],[91.7080643,24.1547556],[91.7079907,24.1547791],[91.7077895,24.1547724],[91.7076183,24.1547257],[91.7073041,24.1546046],[91.7069703,24.1544865],[91.7066575,24.1543998],[91.7062254,24.1542893],[91.7060972,24.1542806],[91.7060119,24.1544168],[91.7062167,24.1548627],[91.706386,24.1553504],[91.7064349,24.1558285],[91.7062251,24.1578782],[91.7057436,24.1583806],[91.7052904,24.1586537],[91.7050434,24.1588374],[91.7046913,24.1592389],[91.7046689,24.1593536],[91.7047214,24.1602966],[91.7047598,24.161099],[91.7046263,24.1614331],[91.7041065,24.1613635],[91.7039273,24.1616581],[91.7035607,24.1624198],[91.7033153,24.1633484],[91.7023556,24.1637379],[91.7020433,24.1636699],[91.701587,24.163089],[91.7012085,24.163117],[91.7009602,24.1635242],[91.6997946,24.1636071],[91.699499,24.1634409],[91.6992833,24.1632821],[91.6987584,24.1631683],[91.6980335,24.1633687],[91.6977566,24.1635638],[91.697696,24.1637383],[91.6974241,24.1636519],[91.6971269,24.1632637],[91.6971938,24.1628932],[91.6972958,24.1627719],[91.6969961,24.1618829],[91.6964749,24.1613898],[91.6956463,24.160954],[91.6954376,24.1603385],[91.6951256,24.1595847],[91.6937294,24.159838],[91.6931137,24.1599354],[91.6924841,24.1599832],[91.6924063,24.1601872],[91.6923636,24.1602752],[91.6919417,24.1607105],[91.6914727,24.1605023],[91.6910512,24.1605476],[91.6903479,24.1612957],[91.6891261,24.1616544],[91.6886146,24.1618609],[91.6885651,24.1618897],[91.6882806,24.1620854],[91.6882537,24.162153],[91.6885269,24.1633359],[91.6887326,24.1636818],[91.6888596,24.1640676],[91.6888157,24.1641703],[91.688644,24.1642665],[91.6880223,24.1642497],[91.6878081,24.1642334],[91.6874875,24.1641605],[91.6871662,24.1642464],[91.6859199,24.1650479],[91.6853606,24.1654122],[91.6851704,24.1655369],[91.6847567,24.1658255],[91.6844375,24.1661628],[91.6841643,24.1665453],[91.6841955,24.1671985],[91.6847799,24.1673745],[91.6846141,24.1676737],[91.6844405,24.1678358],[91.6841482,24.1680074],[91.6836905,24.1686032],[91.6830856,24.1697925],[91.6825177,24.1709974],[91.682307,24.1714424],[91.6819408,24.1721945],[91.6819398,24.1724392],[91.6819495,24.1726072],[91.6824366,24.17274],[91.6824838,24.1727583],[91.6826626,24.172966],[91.6826416,24.1732486],[91.6824589,24.1735964],[91.6825837,24.1740307],[91.6825677,24.1741398],[91.6821241,24.1743939],[91.6819673,24.1742948],[91.6817371,24.174081],[91.681666,24.1740294],[91.6814189,24.1741803],[91.6811929,24.1743659],[91.6810924,24.174523],[91.6807147,24.1751825],[91.6802217,24.1755662],[91.6801753,24.1756057],[91.680454,24.1763475],[91.6806224,24.1765432],[91.6806866,24.1765223],[91.6807457,24.1764557],[91.6812999,24.1764612],[91.6814037,24.1765407],[91.6814209,24.1766199],[91.6812997,24.1767571],[91.6811892,24.176823],[91.6810624,24.1768715],[91.680838,24.1768675],[91.6804887,24.176838],[91.6807389,24.1773299],[91.6809626,24.1773891],[91.6811467,24.1775564],[91.6811668,24.1776525],[91.6808083,24.1782009],[91.6806258,24.1783676],[91.6803395,24.1783223],[91.6801414,24.1782961],[91.6800007,24.1784439],[91.6800745,24.1791418],[91.6802419,24.1799762],[91.6804518,24.1808489],[91.6802447,24.1817466],[91.6807043,24.1827943],[91.680275,24.184951],[91.6799816,24.1860966],[91.6799514,24.1865521],[91.6793886,24.1871584],[91.678952,24.1873618],[91.6788664,24.1875257],[91.6789056,24.1881013],[91.6790819,24.1882672],[91.6795565,24.1886849],[91.6801659,24.1885316],[91.6804013,24.1886078],[91.6805723,24.1887871],[91.6805961,24.1890455],[91.6804782,24.1892569],[91.6800646,24.1896649],[91.6799114,24.1901017],[91.6801264,24.1909373],[91.6797785,24.1914621],[91.6796362,24.1922801],[91.6796717,24.1931212],[91.6796053,24.1934747],[91.6794288,24.1936851],[91.6785536,24.1943454],[91.6783885,24.1944565],[91.6776937,24.1947923],[91.6776189,24.1946772],[91.6775343,24.1945187],[91.6770247,24.1952787],[91.6770342,24.1954841],[91.6772228,24.195679],[91.6777166,24.1959331],[91.6778357,24.1961541],[91.6778549,24.1962047],[91.6779486,24.1965941],[91.6779785,24.1967509],[91.6774377,24.1968165],[91.6773737,24.1967616],[91.6769957,24.1970683],[91.676787,24.1975084],[91.676435,24.1978801],[91.6760343,24.1977845],[91.6756952,24.1977522],[91.6756557,24.1979473],[91.6757667,24.1981588],[91.6760836,24.198571],[91.6763269,24.1989139],[91.6764237,24.1991412],[91.6764329,24.1995171],[91.6762719,24.1996895],[91.6760529,24.199582],[91.6757757,24.1991779],[91.6755566,24.1993437],[91.6757086,24.1998448],[91.6758174,24.1999934],[91.6760575,24.2000982],[91.676439,24.2000454],[91.6767588,24.2002931],[91.6766973,24.2006105],[91.6766385,24.200743],[91.6765708,24.2008937],[91.6764104,24.2010201],[91.6761199,24.2011686],[91.6753916,24.2013066],[91.6751045,24.2011322],[91.6748481,24.2008934],[91.6740872,24.2009677],[91.6739362,24.2011024],[91.6741676,24.2013451],[91.6745609,24.2012825],[91.6746604,24.2013297],[91.6747825,24.2020536],[91.6746696,24.2020828],[91.6741781,24.2021913],[91.6736395,24.2022267],[91.6733933,24.2021522],[91.6730312,24.2020839],[91.672764,24.2023905],[91.6725781,24.2026756],[91.6726419,24.2028066],[91.6729763,24.2029683],[91.6734096,24.2035048],[91.6733962,24.2036791],[91.6731597,24.20392],[91.6729038,24.2040959],[91.6726031,24.2042772],[91.6723821,24.2043995],[91.6719936,24.2048042],[91.6718799,24.2051574],[91.6717658,24.2052905],[91.6711794,24.2058704],[91.6707772,24.2060504],[91.6705313,24.2061899],[91.6704922,24.2062194],[91.6704334,24.2063495],[91.6703774,24.2064964],[91.6703332,24.2066287],[91.6701998,24.2072759],[91.6700337,24.2082232],[91.6699075,24.208336],[91.6692639,24.2087896],[91.6684702,24.2094397],[91.6681073,24.2100738],[91.6680042,24.2102394],[91.6677778,24.210363],[91.6676533,24.2104152],[91.6673588,24.2104658],[91.6671157,24.2108072],[91.6672322,24.2114091],[91.6672316,24.2120305],[91.6668326,24.2118744],[91.6666877,24.2118773],[91.6666972,24.2121831],[91.6668789,24.2129261],[91.6669564,24.2131163],[91.667177,24.2136134],[91.6671672,24.2140643],[91.6672467,24.2148667],[91.6674242,24.2158811],[91.6678292,24.2163711],[91.6678886,24.2165522],[91.6677145,24.2167006],[91.6674236,24.2167646],[91.6670958,24.2166826],[91.6667265,24.2163823],[91.6665042,24.216491],[91.6662756,24.2166821],[91.6659658,24.2170981],[91.6662878,24.2179559],[91.6665161,24.2180071],[91.6667078,24.2175404],[91.6668686,24.2174981],[91.6670442,24.2177165],[91.6672541,24.2182964],[91.6671241,24.218451],[91.666752,24.2188778],[91.6665111,24.2191806],[91.6664942,24.2192139],[91.6664323,24.2195447],[91.6664822,24.2196024],[91.6666872,24.2197896],[91.6669224,24.2200731],[91.6670201,24.2203437],[91.6671737,24.2207899],[91.6674049,24.2216169],[91.6671401,24.2223224],[91.6670594,24.2227581],[91.6676107,24.2232156],[91.6675984,24.2235762],[91.6675923,24.2244882],[91.6677962,24.2254308],[91.6677966,24.2287815],[91.6675227,24.2291505],[91.6671985,24.2304638],[91.6673431,24.2307829],[91.6674947,24.2308726],[91.6676901,24.2308941],[91.6679595,24.2308313],[91.6680431,24.2310186],[91.6679898,24.2312445],[91.6679048,24.2313635],[91.6677233,24.2315167],[91.6676189,24.2315961],[91.6674794,24.2316468],[91.6674058,24.2316516],[91.6665567,24.2323349],[91.6663452,24.2327098],[91.6660697,24.2329635]]]}},{"type":"Feature","id":"in-tripura-d-270","properties":{"id":"in-tripura-d-270","name":"North Tripura","region":"in-tripura","level":"district","parent":"","source":"LGD via Bharatlas · 2024 snapshot","state_lgd":16,"district_lgd":270,"center":[92.21174767350793,24.097472544569076],"bbox":[92.0726105,23.6518996,92.3320574,24.5318104]},"geometry":{"type":"Polygon","coordinates":[[[92.1677052,24.5307683],[92.167338,24.5308889],[92.1673168,24.530904],[92.1673417,24.531244],[92.1671298,24.5318104],[92.1657034,24.5314111],[92.1656235,24.5306794],[92.1657758,24.5301826],[92.1658501,24.529717],[92.1658533,24.5296531],[92.1658534,24.5294139],[92.1658262,24.5293565],[92.1657016,24.5290992],[92.1656182,24.5290666],[92.1654762,24.5290468],[92.1652655,24.5290839],[92.1650892,24.5290945],[92.1647385,24.5291058],[92.1644146,24.5287917],[92.1642565,24.5286047],[92.1641032,24.5284456],[92.1639128,24.528277],[92.1637937,24.528199],[92.163702,24.5281885],[92.1635017,24.5281995],[92.1630763,24.5282996],[92.1623695,24.5280212],[92.162157,24.5277154],[92.1618849,24.5274903],[92.1617606,24.5274862],[92.1616931,24.5274892],[92.1616025,24.5275404],[92.1615767,24.5275607],[92.1615599,24.5275949],[92.1615426,24.5278484],[92.1615479,24.528257],[92.1608435,24.5288358],[92.1599663,24.5293774],[92.1597931,24.5293183],[92.1595156,24.5289197],[92.1593233,24.5285259],[92.1588224,24.5274609],[92.1590182,24.5269595],[92.1595324,24.52623],[92.1599141,24.5258873],[92.1597447,24.5249548],[92.1588129,24.5236789],[92.1579632,24.5233269],[92.156213,24.5231919],[92.1554034,24.5231283],[92.1552547,24.5230987],[92.1551278,24.5230727],[92.1549647,24.5229695],[92.1549801,24.522734],[92.1551235,24.5225923],[92.1552597,24.5225324],[92.1557303,24.5225233],[92.156123,24.5225493],[92.1566031,24.5224643],[92.1569658,24.522397],[92.1572585,24.5223128],[92.1574614,24.5222061],[92.1577584,24.5218786],[92.1578029,24.5216905],[92.1576764,24.5203567],[92.1571835,24.5199979],[92.1566104,24.5200256],[92.1562038,24.5200318],[92.1560123,24.5200124],[92.1559425,24.5199975],[92.155806,24.5199455],[92.1556726,24.5198744],[92.1555606,24.5197268],[92.1555725,24.5196404],[92.155598,24.5195579],[92.1557418,24.5194448],[92.156042,24.5192883],[92.1561573,24.5192106],[92.1562325,24.5191499],[92.1563837,24.5189485],[92.1563973,24.5188292],[92.1564004,24.5187511],[92.156386,24.5186979],[92.1562652,24.5185971],[92.1560449,24.5184526],[92.1558569,24.5183589],[92.1556771,24.5183431],[92.1555847,24.518324],[92.1554932,24.5182289],[92.1554461,24.5181043],[92.1554291,24.5180327],[92.1555317,24.5177478],[92.1561629,24.5162845],[92.1563278,24.515974],[92.1563784,24.5159137],[92.1565619,24.515761],[92.1566236,24.5157216],[92.156786,24.515618],[92.1568659,24.5155716],[92.1575103,24.5154592],[92.1578283,24.5154236],[92.1580007,24.5154005],[92.1580813,24.515389],[92.1581518,24.515314],[92.1581926,24.5152148],[92.1581985,24.5151675],[92.1581678,24.5150858],[92.1581082,24.5150169],[92.1579193,24.5148719],[92.1577288,24.5147619],[92.1574911,24.5146484],[92.1573019,24.5144829],[92.1569752,24.5141655],[92.1568824,24.5139985],[92.1568516,24.5139086],[92.1568303,24.5137221],[92.1568403,24.513531],[92.1568712,24.5133765],[92.1569508,24.5130611],[92.1569764,24.5129848],[92.1570399,24.5125239],[92.1570033,24.5124854],[92.1569285,24.5124475],[92.1568162,24.512441],[92.1566705,24.5124535],[92.1566038,24.5124873],[92.1565227,24.5125912],[92.1564146,24.5128208],[92.1563146,24.5132102],[92.1562619,24.5134391],[92.1561743,24.5135575],[92.156117,24.5136158],[92.1560067,24.513597],[92.1559481,24.5135835],[92.1558546,24.5135048],[92.155473,24.5131266],[92.1554071,24.5129571],[92.1546296,24.5125274],[92.1542481,24.5125291],[92.1540818,24.5125131],[92.1540008,24.512504],[92.1536956,24.5123793],[92.153593,24.5122905],[92.1535151,24.5121993],[92.1534766,24.5120561],[92.1534758,24.512015],[92.1535163,24.5118933],[92.1535355,24.5118417],[92.1536015,24.5117647],[92.153725,24.5116437],[92.1539235,24.5116982],[92.1539923,24.5117331],[92.1547557,24.5113038],[92.1547324,24.5110105],[92.1547457,24.5108768],[92.1547875,24.5107037],[92.1548023,24.5106542],[92.1549126,24.5105458],[92.155001,24.5104685],[92.1551208,24.5103968],[92.1559059,24.5100031],[92.156233,24.5098482],[92.1564864,24.509713],[92.157707,24.5087048],[92.1580693,24.5084041],[92.1585175,24.507976],[92.1588415,24.5076528],[92.1590352,24.5074417],[92.1590943,24.5073741],[92.1591099,24.5072742],[92.159113,24.5071746],[92.1590893,24.5070957],[92.1590658,24.5070281],[92.159048,24.5070012],[92.1586767,24.5068552],[92.1585173,24.5067965],[92.158348,24.5067379],[92.1580393,24.5066316],[92.1578028,24.5065514],[92.1577306,24.5065276],[92.1575587,24.50646],[92.1573914,24.5063766],[92.1571538,24.5062353],[92.157025,24.5060878],[92.1569433,24.5059509],[92.1568872,24.5058567],[92.156818,24.5057219],[92.1567788,24.5056093],[92.1567472,24.5055034],[92.156688,24.5052394],[92.1566845,24.5051829],[92.1566817,24.505029],[92.1560361,24.5043482],[92.1557493,24.5042213],[92.1554648,24.5040897],[92.1553397,24.5040101],[92.1552689,24.5039229],[92.1551769,24.5037635],[92.1549903,24.5034313],[92.1548673,24.5031977],[92.1547729,24.5030362],[92.1546598,24.5029382],[92.1545233,24.5029131],[92.1542854,24.5028918],[92.1539684,24.5028762],[92.153434,24.5028775],[92.1532162,24.5028717],[92.1527865,24.5027786],[92.1527288,24.5027342],[92.1524921,24.5025046],[92.152401,24.5023905],[92.1523072,24.5022651],[92.1522777,24.5021897],[92.1522579,24.5021391],[92.1523655,24.5019315],[92.1524833,24.5017395],[92.152507,24.5017099],[92.1527107,24.5014554],[92.1528589,24.501306],[92.1531562,24.5010502],[92.1534172,24.5007067],[92.1535884,24.5004619],[92.1539085,24.4999613],[92.1538939,24.4998415],[92.1536836,24.4997043],[92.1536264,24.4996871],[92.1534095,24.4998692],[92.153283,24.4999866],[92.1530827,24.50013],[92.1529764,24.5001383],[92.1528332,24.5001405],[92.1527068,24.5001424],[92.1525172,24.5000502],[92.1523373,24.4999556],[92.1522643,24.4998842],[92.1518914,24.4995095],[92.1518357,24.4994402],[92.1517161,24.4992563],[92.1516649,24.4991575],[92.1515876,24.4988508],[92.1515836,24.4987671],[92.1515398,24.4970178],[92.1515453,24.4967732],[92.1515258,24.4965154],[92.1514938,24.496251],[92.1514506,24.4960479],[92.1513398,24.4959432],[92.1511025,24.4958124],[92.15104,24.4957779],[92.1509182,24.4957086],[92.1508425,24.4956654],[92.1505925,24.4955198],[92.1505196,24.4954575],[92.1504963,24.4952233],[92.1505252,24.4951985],[92.1506176,24.4951491],[92.1508366,24.4951258],[92.1508659,24.4951226],[92.1510286,24.4951041],[92.1512118,24.4950623],[92.1521587,24.4946784],[92.1521983,24.4946368],[92.1522903,24.4943869],[92.1522802,24.4940729],[92.1522713,24.4937075],[92.1522723,24.4936335],[92.1523285,24.4933924],[92.1523568,24.4933448],[92.1525801,24.4930313],[92.1527496,24.4928501],[92.1530668,24.4925209],[92.1535303,24.4919656],[92.153686,24.4916408],[92.15359,24.4915437],[92.1533521,24.4914179],[92.153187,24.4913445],[92.1529395,24.4913092],[92.1526098,24.4913182],[92.1522718,24.4913624],[92.1519475,24.4914268],[92.1517682,24.4914377],[92.1516425,24.4914355],[92.1514621,24.4913869],[92.1513936,24.4913202],[92.1513063,24.4912106],[92.1512895,24.4911492],[92.1512889,24.4909911],[92.1513756,24.4908214],[92.1516074,24.4907296],[92.1520561,24.4899795],[92.1519203,24.4889158],[92.1519999,24.4887277],[92.1520855,24.4883711],[92.1520755,24.4880633],[92.15206,24.4879506],[92.1519654,24.4875577],[92.1519032,24.487343],[92.1519549,24.4872231],[92.1520293,24.4871173],[92.1522028,24.4870325],[92.1522898,24.4870045],[92.1525361,24.4869741],[92.1528597,24.4871233],[92.1530885,24.4872471],[92.1532901,24.4873509],[92.1533799,24.4873536],[92.153532,24.4873246],[92.1535932,24.4872375],[92.1535521,24.4869465],[92.1532724,24.486616],[92.1531189,24.4864396],[92.1530149,24.4862749],[92.1529794,24.4860475],[92.1529751,24.4859305],[92.1531137,24.48553],[92.1531308,24.4854825],[92.1532965,24.4853383],[92.1536077,24.4850503],[92.1538708,24.4847095],[92.1539416,24.4845257],[92.1531717,24.4835187],[92.1528345,24.4823595],[92.1527996,24.4822923],[92.1527016,24.4820843],[92.1526955,24.4820018],[92.1526809,24.4818053],[92.1526973,24.4814724],[92.1528931,24.4812538],[92.1532662,24.4809135],[92.153519,24.4806222],[92.1537849,24.4803142],[92.1538506,24.4800976],[92.1538108,24.4797573],[92.1537638,24.479142],[92.1537437,24.4786763],[92.1537443,24.4786752],[92.1538463,24.4785798],[92.1539891,24.4784769],[92.1540578,24.4784274],[92.1545467,24.4781025],[92.154851,24.4779258],[92.1553087,24.477656],[92.1557184,24.4774033],[92.1559797,24.4772366],[92.1560822,24.477142],[92.1561507,24.4769991],[92.1562326,24.4767466],[92.1562155,24.4765027],[92.1561174,24.4761343],[92.1559584,24.4756344],[92.155924,24.4755581],[92.1558824,24.475368],[92.1558941,24.4751678],[92.1561369,24.4749618],[92.1564731,24.4747218],[92.156943,24.4744263],[92.1571952,24.4741806],[92.157244,24.4740683],[92.1572658,24.4735865],[92.1572641,24.4732097],[92.1572365,24.4730892],[92.1571788,24.47299],[92.1560219,24.4723912],[92.1558225,24.472464],[92.1556924,24.4727194],[92.155637,24.4728877],[92.1558401,24.4733033],[92.1558972,24.4736513],[92.155866,24.4737495],[92.1557443,24.4739048],[92.1555085,24.4739363],[92.1554059,24.4738844],[92.1551408,24.4737],[92.1548423,24.473351],[92.1545929,24.4730524],[92.1544112,24.4726992],[92.1542933,24.4723614],[92.1542733,24.4720943],[92.1543668,24.4719231],[92.1546192,24.471689],[92.154777,24.4715634],[92.154915,24.4714659],[92.1553889,24.4712494],[92.1553625,24.4704568],[92.1552704,24.4703162],[92.1552549,24.4701606],[92.1552478,24.4700491],[92.1552743,24.4698277],[92.1554189,24.4696744],[92.1556128,24.4695714],[92.1558552,24.4694864],[92.1561047,24.4695105],[92.1563535,24.4696417],[92.156404,24.4696842],[92.1567875,24.4698956],[92.1571158,24.4700581],[92.1576275,24.4701108],[92.1579065,24.4700834],[92.158058,24.4700276],[92.1581952,24.4696022],[92.1582491,24.4679431],[92.1582006,24.4675089],[92.1580464,24.4674135],[92.1578575,24.4673652],[92.1577115,24.4674418],[92.1576538,24.4676264],[92.1576012,24.4679505],[92.157532,24.4683423],[92.1574619,24.4685364],[92.1572598,24.4687465],[92.1570282,24.4688686],[92.156731,24.4687312],[92.1564945,24.4685836],[92.156248,24.4682989],[92.1559889,24.4678842],[92.1555645,24.4660485],[92.1555762,24.465853],[92.155611,24.4656687],[92.1558563,24.4654603],[92.1560654,24.4653618],[92.1561536,24.4653209],[92.1563185,24.4653068],[92.1564515,24.4653513],[92.1566279,24.465551],[92.1571348,24.4660823],[92.1572372,24.4661771],[92.1573069,24.4662368],[92.1574454,24.4662996],[92.1576469,24.466305],[92.1578642,24.4663017],[92.157967,24.4662918],[92.1581183,24.4661785],[92.1582421,24.4660656],[92.1583922,24.4658895],[92.1584968,24.4657245],[92.1585733,24.4655223],[92.1586467,24.4652824],[92.1586839,24.4650619],[92.1586763,24.4648924],[92.1585863,24.4645963],[92.1584625,24.4643301],[92.1584311,24.4642384],[92.1583871,24.4639584],[92.1583895,24.4638368],[92.1584113,24.4637758],[92.1585348,24.4637739],[92.1591045,24.4637653],[92.1593634,24.4637844],[92.1595258,24.4637799],[92.1597101,24.4637226],[92.1600809,24.4635976],[92.1602609,24.4634315],[92.1603864,24.4631573],[92.160429,24.4629828],[92.1603993,24.4628576],[92.160335,24.4627203],[92.1602062,24.4626825],[92.1596171,24.4626244],[92.1593093,24.4625641],[92.159164,24.4624972],[92.158903,24.4623671],[92.1588475,24.4622066],[92.158836,24.462077],[92.1588405,24.4619449],[92.1589938,24.4618169],[92.1590842,24.4617569],[92.1593857,24.4615974],[92.1595218,24.4615304],[92.1595873,24.4613555],[92.1596312,24.4608752],[92.1595837,24.4605262],[92.1594804,24.4603811],[92.1593509,24.4603056],[92.1592772,24.4602753],[92.1592548,24.4602753],[92.1589568,24.4602759],[92.1586503,24.4602806],[92.1583636,24.4602451],[92.1582073,24.4602098],[92.1581088,24.4600772],[92.1580893,24.4600105],[92.1580783,24.4597781],[92.1580806,24.4596524],[92.1581126,24.4595263],[92.1581928,24.4592779],[92.1582826,24.4590545],[92.1583374,24.4589217],[92.1583907,24.4588309],[92.1584854,24.458754],[92.1585396,24.4587155],[92.1587038,24.4586816],[92.158843,24.4586606],[92.1590615,24.4587223],[92.1594019,24.4588198],[92.1598798,24.4589277],[92.1604095,24.4589888],[92.1607832,24.4589015],[92.1609766,24.4588378],[92.1611623,24.4587324],[92.1611738,24.4586107],[92.161168,24.4585438],[92.1611183,24.4584482],[92.1609515,24.4582119],[92.1608499,24.4580312],[92.1607456,24.4578359],[92.1607403,24.4575386],[92.1607523,24.4574442],[92.1608235,24.4572043],[92.1609537,24.4569384],[92.1612755,24.4562612],[92.1612755,24.4562611],[92.1612407,24.4561067],[92.1611942,24.4559399],[92.1611276,24.4558005],[92.1610304,24.4557413],[92.1604358,24.4549962],[92.1596696,24.4536212],[92.1596037,24.4535196],[92.1595726,24.4534447],[92.1595453,24.4533299],[92.1595486,24.4532565],[92.1595927,24.4531637],[92.1596671,24.4530678],[92.1596827,24.4530567],[92.1599445,24.4529753],[92.1601828,24.4529831],[92.1603427,24.4529908],[92.1606632,24.4530375],[92.1608288,24.4530135],[92.1610507,24.45298],[92.1611287,24.4529631],[92.1614446,24.452845],[92.1615249,24.4527793],[92.1616744,24.4526436],[92.161744,24.4525049],[92.1618661,24.4522496],[92.1618663,24.4522492],[92.1623877,24.4511069],[92.1624069,24.4510449],[92.1624018,24.4509346],[92.1623617,24.4507071],[92.1622455,24.4505181],[92.1618905,24.4502955],[92.1616422,24.4501673],[92.161419,24.4500416],[92.161251,24.4499352],[92.1611762,24.4498689],[92.1610815,24.4497413],[92.1609557,24.4495424],[92.1609401,24.4492859],[92.1609616,24.4490059],[92.1610144,24.4487183],[92.1611486,24.4486015],[92.1613346,24.4485786],[92.1615239,24.4485643],[92.1616332,24.4485425],[92.1617376,24.4485108],[92.161845,24.4484734],[92.1619471,24.448403],[92.1620709,24.4483165],[92.1621989,24.4481152],[92.162215,24.4480562],[92.1622055,24.4477867],[92.162197,24.4476635],[92.1621712,24.4475362],[92.1625766,24.4466524],[92.1634339,24.4457158],[92.1643049,24.4448478],[92.1644357,24.4446336],[92.1644876,24.4442126],[92.1644601,24.4439907],[92.1643326,24.4437847],[92.1641348,24.4436758],[92.164048,24.4436356],[92.1639293,24.4435714],[92.1636513,24.443359],[92.1636221,24.4432189],[92.1636401,24.4430853],[92.1637644,24.4428539],[92.163907,24.4425979],[92.1640166,24.4424242],[92.1641876,24.4420889],[92.1643391,24.441543],[92.1644677,24.4407738],[92.1643449,24.4406523],[92.164157,24.4404845],[92.1639445,24.4404289],[92.1635421,24.4404379],[92.1633241,24.4404269],[92.1632392,24.4404124],[92.163083,24.4403473],[92.1629441,24.4402892],[92.1628413,24.4402363],[92.162683,24.440058],[92.1625986,24.4398972],[92.1628116,24.4396344],[92.1629661,24.4395173],[92.1632911,24.4394665],[92.1635051,24.439436],[92.1638517,24.4393719],[92.1640691,24.4392611],[92.1641525,24.4391953],[92.1644155,24.4388428],[92.1644302,24.4387895],[92.1644208,24.4386161],[92.1643578,24.4384234],[92.1641824,24.438168],[92.163942,24.4378661],[92.1638438,24.4375464],[92.1637839,24.4372498],[92.1637847,24.4367859],[92.1638204,24.4367073],[92.1638897,24.4365695],[92.1640644,24.4364024],[92.1642537,24.4362851],[92.1646452,24.4362255],[92.1649189,24.4362428],[92.1651147,24.4362702],[92.165513,24.4363697],[92.1656885,24.4364635],[92.166586,24.4363069],[92.167175,24.4349659],[92.1673213,24.4347455],[92.1674466,24.4345451],[92.1675131,24.4340131],[92.1674645,24.4338082],[92.1672426,24.433631],[92.1669427,24.433573],[92.1667046,24.4335837],[92.166259,24.4335655],[92.1660021,24.4332905],[92.1660565,24.4330608],[92.166194,24.4327797],[92.1663516,24.4325306],[92.166585,24.4322642],[92.1670865,24.4313787],[92.1670365,24.4310952],[92.1667853,24.4307074],[92.1660652,24.4283618],[92.166008,24.4281159],[92.1661267,24.4279854],[92.1662722,24.4279331],[92.1667469,24.4280457],[92.1672849,24.4282056],[92.1675594,24.4282658],[92.1676574,24.4282857],[92.1677492,24.4282897],[92.1682498,24.4282195],[92.1685105,24.4281637],[92.1689069,24.4280558],[92.1690317,24.4279377],[92.1691282,24.4277663],[92.1690284,24.4276463],[92.1688888,24.4274875],[92.1685179,24.427384],[92.1681771,24.427332],[92.168013,24.4273075],[92.1678188,24.4272784],[92.1675111,24.4271132],[92.1674797,24.4269975],[92.1674757,24.4269455],[92.1674721,24.4268975],[92.1675075,24.4266985],[92.1675493,24.4265244],[92.167636,24.4262424],[92.1676993,24.4260716],[92.1677959,24.4258019],[92.1678691,24.4254199],[92.1678754,24.4253376],[92.1678346,24.4251326],[92.1677575,24.4248656],[92.167461,24.4241757],[92.1674259,24.4241036],[92.1667373,24.4230275],[92.1663362,24.4226068],[92.1663605,24.4219439],[92.1656829,24.4209703],[92.1649752,24.4198363],[92.1643475,24.4189366],[92.1634147,24.4185766],[92.1630825,24.4191221],[92.1615075,24.4202492],[92.1611247,24.4205072],[92.1605109,24.4208824],[92.1602113,24.4210532],[92.1605317,24.4216997],[92.1605519,24.421813],[92.1605396,24.4223038],[92.1605283,24.4223484],[92.1605082,24.4224096],[92.1604613,24.4224679],[92.1604141,24.4225227],[92.1602666,24.4224892],[92.1600875,24.422442],[92.1583087,24.4221747],[92.158247,24.4221703],[92.1580767,24.4221688],[92.1566071,24.422617],[92.1560715,24.4230268],[92.155007,24.4244631],[92.154303,24.4252222],[92.1541413,24.4253657],[92.1540573,24.4254301],[92.1538917,24.4255253],[92.1536945,24.425574],[92.1534439,24.4255966],[92.1533465,24.4255672],[92.1532947,24.4255424],[92.1532511,24.4254826],[92.1530537,24.4249495],[92.1522719,24.4240771],[92.1514847,24.4236362],[92.1506015,24.4229978],[92.1500918,24.4222356],[92.1492153,24.421968],[92.1491097,24.4219696],[92.1489801,24.421942],[92.1488474,24.421909],[92.1485235,24.4216868],[92.1478415,24.4211395],[92.1477502,24.4210387],[92.1475078,24.4211028],[92.1472281,24.4212172],[92.1470431,24.4212979],[92.1465148,24.4219508],[92.1461074,24.4224716],[92.1460927,24.4225538],[92.1460169,24.4227457],[92.1456787,24.4231996],[92.1456082,24.4232745],[92.1454515,24.4233736],[92.1453063,24.4233799],[92.1446184,24.4229092],[92.1445185,24.422822],[92.1438259,24.422363],[92.1433714,24.422623],[92.1428781,24.4229028],[92.142475,24.4231166],[92.1415864,24.4234668],[92.141278,24.4235837],[92.1411587,24.4236213],[92.1409475,24.4236293],[92.1405202,24.4236596],[92.1397856,24.4237231],[92.1396723,24.4238037],[92.1393762,24.4240279],[92.139239,24.424233],[92.1384718,24.4250972],[92.1370005,24.4249592],[92.1363624,24.4235618],[92.1360823,24.4232149],[92.1360928,24.4229257],[92.1361727,24.4221386],[92.1363509,24.422038],[92.1365208,24.4210322],[92.1365714,24.4206516],[92.1366028,24.4199298],[92.1362832,24.4194162],[92.1361563,24.4193202],[92.1357705,24.4190465],[92.1338001,24.4173991],[92.1333536,24.4169352],[92.1333479,24.4161273],[92.132993,24.4145582],[92.1330782,24.4139056],[92.133611,24.4127224],[92.1336728,24.4126189],[92.1337051,24.412563],[92.1336953,24.4125244],[92.1334089,24.4115696],[92.1329419,24.4113549],[92.1328815,24.4113641],[92.132771,24.4113657],[92.1327242,24.4113664],[92.1326846,24.4113532],[92.1326125,24.4112157],[92.132593,24.4111383],[92.1325952,24.4110912],[92.1326178,24.4110049],[92.1326473,24.4109574],[92.1330384,24.4106522],[92.1330626,24.4106518],[92.1334832,24.4108174],[92.1336264,24.4108679],[92.133681,24.4108726],[92.1337534,24.4108632],[92.1337986,24.4108487],[92.1338701,24.4107866],[92.1339059,24.4107528],[92.134316,24.4101563],[92.1347584,24.4088304],[92.1350102,24.4078399],[92.1351683,24.4072055],[92.1351646,24.407164],[92.1350329,24.4069082],[92.1349799,24.4068203],[92.1348048,24.4066816],[92.1347805,24.4066764],[92.1339621,24.406611],[92.1333534,24.4071024],[92.1331674,24.4070276],[92.1325296,24.4060559],[92.1322014,24.4066595],[92.1321615,24.4067987],[92.1321405,24.4068101],[92.1318757,24.4069],[92.1318485,24.4069004],[92.131824,24.4068814],[92.1315868,24.4066493],[92.1315744,24.4066329],[92.1310947,24.4057032],[92.1304288,24.4048511],[92.1296342,24.4034023],[92.1296243,24.4033581],[92.1290045,24.4027187],[92.1288073,24.4025193],[92.1282134,24.4021402],[92.127417,24.401691],[92.1273797,24.4016464],[92.1273716,24.4016129],[92.127349,24.4014454],[92.1273633,24.4013162],[92.1274583,24.4010681],[92.1281714,24.4005766],[92.1283128,24.4005479],[92.12846,24.4000895],[92.1283897,24.3997472],[92.1282172,24.3995961],[92.1279864,24.399721],[92.1277854,24.399834],[92.1275709,24.3999472],[92.12738,24.3999264],[92.1272426,24.3998895],[92.1269892,24.3997918],[92.1268961,24.3996253],[92.126963,24.399428],[92.127029,24.3992345],[92.127103,24.3990275],[92.1273209,24.3982911],[92.1265115,24.3972124],[92.1260783,24.3966745],[92.1251584,24.396194],[92.1246459,24.3960878],[92.1242977,24.3960778],[92.1241799,24.3961536],[92.1240243,24.3963731],[92.1238066,24.3966504],[92.123703,24.396651],[92.1234931,24.3964948],[92.1228183,24.3959917],[92.1225259,24.3955095],[92.1225246,24.3952601],[92.1221404,24.3939758],[92.1218105,24.3931262],[92.1216145,24.3928787],[92.1211491,24.3923336],[92.1208812,24.3922342],[92.1208048,24.3922477],[92.1204602,24.392323],[92.1201536,24.392319],[92.1198527,24.392111],[92.1197751,24.3913374],[92.1197889,24.3907607],[92.1195123,24.3904721],[92.1192689,24.3904361],[92.1192421,24.3904123],[92.1191215,24.3901126],[92.1190999,24.3898445],[92.1196198,24.3894913],[92.1198703,24.3896592],[92.1201768,24.3898747],[92.1202294,24.3898585],[92.1205031,24.3897092],[92.1206669,24.3895989],[92.1207642,24.3895293],[92.1207829,24.3894982],[92.1207846,24.3893243],[92.1207601,24.3892961],[92.1205943,24.3891643],[92.1205728,24.389169],[92.119947,24.3893808],[92.11947,24.3887629],[92.1199381,24.3879286],[92.12079,24.3874604],[92.1215764,24.3872331],[92.1218498,24.3869297],[92.1217034,24.38667],[92.1218293,24.3863161],[92.1221796,24.3857497],[92.1221871,24.384953],[92.1223826,24.3844616],[92.122782,24.3846251],[92.1228738,24.3846567],[92.1231102,24.384706],[92.1234163,24.3847653],[92.1234452,24.3847671],[92.12351,24.3847617],[92.1236035,24.3847515],[92.1236294,24.3847236],[92.1236527,24.3846815],[92.1236734,24.3846261],[92.1236777,24.3845975],[92.1236558,24.3844504],[92.1236456,24.3844175],[92.1236334,24.3844067],[92.1229841,24.3841017],[92.1221756,24.3840301],[92.1216106,24.3833299],[92.1217613,24.3831582],[92.1219425,24.3829443],[92.1219443,24.3829113],[92.1219041,24.3822693],[92.1219012,24.3822429],[92.121709,24.3821094],[92.1214894,24.3820554],[92.1210271,24.3825398],[92.1209963,24.3828351],[92.1209404,24.3832012],[92.1208684,24.3833432],[92.1208494,24.3833566],[92.1206387,24.383395],[92.1206002,24.3833955],[92.1205616,24.3833829],[92.1204234,24.3833146],[92.1201903,24.383175],[92.1200028,24.3830369],[92.1199828,24.382991],[92.119957,24.3828902],[92.1199972,24.3828522],[92.1202036,24.3824376],[92.1206191,24.3814808],[92.120619,24.3814698],[92.1205385,24.381405],[92.1204511,24.3813535],[92.1203863,24.3813544],[92.1202181,24.3813569],[92.1202088,24.3813725],[92.1200393,24.3817073],[92.120147,24.3820864],[92.1195984,24.3823124],[92.1189732,24.3822865],[92.1186858,24.3823369],[92.1183624,24.382388],[92.1183311,24.3823862],[92.1179471,24.3822709],[92.1179179,24.3822493],[92.1178674,24.3821114],[92.1178035,24.3818945],[92.1178031,24.3818725],[92.1179929,24.3817399],[92.1180314,24.3817415],[92.118167,24.3818011],[92.1182622,24.3818833],[92.1185267,24.3817606],[92.118629,24.3812991],[92.1185736,24.3811569],[92.1185159,24.381017],[92.118299,24.3807055],[92.1181669,24.3805732],[92.1181207,24.3805409],[92.1180606,24.3805396],[92.1178234,24.3805761],[92.1177781,24.3805966],[92.1177664,24.3806166],[92.1177632,24.3807068],[92.1177734,24.3807375],[92.1168368,24.3808966],[92.11619,24.3810053],[92.1158852,24.3818394],[92.1154096,24.3823856],[92.1150553,24.3819177],[92.1145554,24.3817711],[92.1144808,24.3817612],[92.1143267,24.3817459],[92.1142475,24.3817492],[92.1139777,24.3818457],[92.1139302,24.3818728],[92.1136024,24.3814067],[92.1132938,24.3808039],[92.1124334,24.3810609],[92.1115576,24.3809921],[92.1113912,24.3808867],[92.110768,24.3803885],[92.1105229,24.3801861],[92.1103743,24.3798094],[92.1102322,24.3798807],[92.1096765,24.3802152],[92.1096025,24.3802951],[92.1093422,24.3806059],[92.1088231,24.3810436],[92.1083838,24.3813847],[92.1075287,24.3819476],[92.1074316,24.3820085],[92.106323,24.3821466],[92.1060664,24.3821503],[92.1057671,24.3821257],[92.1055721,24.3820263],[92.1053744,24.3818591],[92.1048118,24.3813724],[92.1046613,24.3812253],[92.1044637,24.3810637],[92.1044089,24.3810355],[92.1042642,24.3810487],[92.1041518,24.3810987],[92.1041263,24.3817089],[92.1041401,24.3819755],[92.1040771,24.3820843],[92.1038847,24.3823913],[92.1037443,24.3825607],[92.1035027,24.3827302],[92.1033531,24.3828098],[92.1031351,24.3828587],[92.1028958,24.3828995],[92.1024408,24.3829532],[92.1023094,24.3829496],[92.1020325,24.3828265],[92.1018887,24.3827208],[92.1017358,24.3825239],[92.1016842,24.382421],[92.1017047,24.382382],[92.1019586,24.3817975],[92.101258,24.3811041],[92.1006749,24.3809066],[92.1006077,24.3806048],[92.1009281,24.380542],[92.1014089,24.3798077],[92.1015264,24.3795391],[92.1016124,24.378935],[92.1016108,24.3785852],[92.1015816,24.3782109],[92.1015564,24.3781504],[92.1012572,24.3777898],[92.1012097,24.3777328],[92.1011276,24.3776341],[92.1010084,24.3775488],[92.1006297,24.3773041],[92.1004145,24.3771662],[92.1002613,24.3766112],[92.0998193,24.3758531],[92.098703,24.3758101],[92.0977219,24.375902],[92.0974356,24.375844],[92.0968323,24.3748435],[92.0968446,24.373872],[92.0969212,24.3738104],[92.0969274,24.3737728],[92.0969494,24.3734706],[92.0964449,24.3729575],[92.0962302,24.3727671],[92.0961912,24.3727448],[92.0961119,24.3727605],[92.0960679,24.3728444],[92.0959371,24.3730316],[92.0957561,24.3732092],[92.0956562,24.3732127],[92.0954349,24.373166],[92.0949934,24.3730039],[92.0941757,24.3727785],[92.0933262,24.3729388],[92.0925393,24.3727796],[92.0914622,24.3724041],[92.0912482,24.3722511],[92.0904054,24.3718887],[92.089628,24.3720104],[92.0890722,24.3723329],[92.0888202,24.3724802],[92.0886963,24.3725383],[92.0882649,24.3726966],[92.0879471,24.3727179],[92.0878993,24.3727144],[92.0876568,24.3726222],[92.0871144,24.3728008],[92.0867898,24.3729576],[92.0862634,24.3732671],[92.086246,24.3733153],[92.0861133,24.3739168],[92.0861564,24.3741722],[92.086205,24.3743485],[92.0861363,24.3744515],[92.0858049,24.3748706],[92.0855954,24.3751069],[92.085417,24.3753052],[92.0852163,24.3755267],[92.0843388,24.3753834],[92.0833043,24.3751029],[92.0830248,24.3750092],[92.0825758,24.3749095],[92.0809922,24.3746828],[92.0799692,24.3747997],[92.0789698,24.3749704],[92.0787481,24.3750299],[92.0784718,24.3752192],[92.0778536,24.375351],[92.0769724,24.3751041],[92.0759903,24.3751073],[92.0769015,24.3719747],[92.078022,24.367831],[92.0780813,24.3672397],[92.0776632,24.3654023],[92.0770181,24.364242],[92.0771169,24.3636371],[92.0771424,24.3620722],[92.0770634,24.3616057],[92.0765763,24.3601023],[92.0769562,24.3589422],[92.0769269,24.3582651],[92.0765929,24.3575715],[92.0761696,24.354667],[92.0756335,24.3521931],[92.0751859,24.3504233],[92.0750285,24.3498455],[92.0750091,24.3492586],[92.0750295,24.3474845],[92.0751677,24.3468075],[92.0760945,24.3459862],[92.0761026,24.3454609],[92.0758341,24.3441533],[92.0753222,24.342984],[92.0754062,24.3424242],[92.0759388,24.3413094],[92.0759543,24.3403549],[92.075935,24.3396032],[92.0758983,24.3392543],[92.0755415,24.3370162],[92.0752905,24.3363571],[92.0749606,24.3358423],[92.0743749,24.3347813],[92.0742273,24.3342305],[92.0740873,24.3326623],[92.0741057,24.3305017],[92.0738794,24.329969],[92.0735991,24.3287862],[92.0737277,24.3275313],[92.0740484,24.3263441],[92.0746552,24.3245613],[92.0746554,24.3239293],[92.073981,24.3228681],[92.0740207,24.3222091],[92.0743658,24.3216043],[92.074657,24.3204217],[92.074608,24.3198483],[92.0737414,24.3188008],[92.0730965,24.3177126],[92.0727867,24.3166201],[92.0728461,24.3159836],[92.0728073,24.3146473],[92.0726105,24.3141281],[92.0729359,24.3136226],[92.0734237,24.3131939],[92.0744288,24.3125714],[92.0757737,24.3122694],[92.076173,24.3117414],[92.0765529,24.3104595],[92.0764302,24.3092045],[92.076603,24.3083559],[92.0769973,24.3077963],[92.0773373,24.30753],[92.0786229,24.3076569],[92.0789728,24.3071604],[92.0798006,24.3062308],[92.0812626,24.3056523],[92.0822738,24.3052429],[92.0821952,24.3046154],[92.0823728,24.303979],[92.0830426,24.3040425],[92.0837471,24.3037944],[92.0837965,24.303194],[92.0836885,24.3024446],[92.0825949,24.3027241],[92.0821618,24.3017625],[92.0819157,24.3011756],[92.0820344,24.2999522],[92.0818602,24.2992454],[92.081759,24.2987378],[92.0818139,24.2969005],[92.0810906,24.2951352],[92.0809381,24.2945392],[92.080845,24.2932618],[92.0804465,24.2921195],[92.0811513,24.2909551],[92.0808858,24.2897316],[92.0812955,24.2873076],[92.0811677,24.2866575],[92.0813014,24.2848113],[92.081243,24.2829423],[92.0814503,24.2817235],[92.0806039,24.2799311],[92.0804367,24.2793848],[92.0802695,24.2787618],[92.0802107,24.2781163],[92.0802996,24.2775701],[92.0809256,24.2758639],[92.082623,24.2757174],[92.0832365,24.2753285],[92.0844066,24.2745866],[92.0854628,24.2739169],[92.0861369,24.273767],[92.0865256,24.2738067],[92.0879766,24.2739497],[92.08897,24.2737519],[92.0897473,24.2738314],[92.0900842,24.2738077],[92.0904643,24.2737445],[92.0907407,24.2736732],[92.0910258,24.2735466],[92.0912677,24.2733249],[92.0916046,24.2731665],[92.0922611,24.2728974],[92.0929349,24.2726599],[92.0932942,24.2725667],[92.093508,24.2729651],[92.0937474,24.2732339],[92.0940075,24.2734452],[92.0944105,24.2736168],[92.0951916,24.2736577],[92.0959255,24.2732657],[92.0963436,24.2726811],[92.0965981,24.2726275],[92.0979165,24.2726655],[92.0983878,24.2724568],[92.0985621,24.2723797],[92.0988319,24.2722415],[92.0991122,24.2720979],[92.0994151,24.2719961],[92.0997692,24.2720436],[92.1003997,24.2721626],[92.1006934,24.2722418],[92.1017472,24.2718064],[92.1027578,24.2716165],[92.1044474,24.2713365],[92.1047498,24.2713206],[92.1050694,24.2714395],[92.1053716,24.2716296],[92.1056565,24.2718436],[92.1061229,24.2723427],[92.1064769,24.2729526],[92.1068655,24.2736339],[92.1070641,24.2738002],[92.1072526,24.2738161],[92.1076714,24.2728276],[92.1080705,24.2714463],[92.1083217,24.2710806],[92.1128621,24.2703048],[92.1137743,24.270447],[92.1203076,24.2707569],[92.1218885,24.2713176],[92.1219622,24.2713438],[92.1224644,24.2715064],[92.1228253,24.2714116],[92.1249847,24.2681139],[92.1260869,24.2664308],[92.1252577,24.2650997],[92.1253096,24.2641014],[92.1249468,24.2631982],[92.1245323,24.2624375],[92.1241177,24.2619621],[92.1237031,24.2612014],[92.1233922,24.2604883],[92.1235478,24.2595376],[92.123396,24.2582861],[92.1232299,24.2572496],[92.1231851,24.2569705],[92.123237,24.2558295],[92.1235998,24.2547361],[92.1246881,24.2537378],[92.1248954,24.2532149],[92.1256728,24.252787],[92.1280047,24.2518363],[92.1287364,24.25075],[92.1279353,24.2507506],[92.1290852,24.248494],[92.1306054,24.245541],[92.1307245,24.2453923],[92.1310068,24.2451906],[92.1320827,24.2447536],[92.132611,24.244575],[92.1332479,24.2444677],[92.1349944,24.2442586],[92.1351748,24.2442006],[92.1368746,24.2433203],[92.1374875,24.2429543],[92.1385566,24.242065],[92.1397404,24.2412139],[92.1402997,24.2408026],[92.1406613,24.2403324],[92.1411983,24.2395997],[92.1417396,24.2390863],[92.1423071,24.238749],[92.1431355,24.2384266],[92.1436116,24.2383124],[92.1439336,24.2382843],[92.1461143,24.2385146],[92.1471227,24.2383648],[92.147989,24.2381347],[92.1497199,24.2379284],[92.1506515,24.2377841],[92.1516351,24.2375847],[92.1518577,24.2368875],[92.1519393,24.2364397],[92.1519395,24.2356592],[92.1519656,24.2351903],[92.1520012,24.2345978],[92.1520859,24.2343637],[92.1525116,24.2337337],[92.1531699,24.2329124],[92.153263,24.2326588],[92.1534983,24.2318295],[92.1533871,24.2305654],[92.1531663,24.2291089],[92.1530467,24.2288493],[92.152279,24.2276526],[92.15199,24.2270228],[92.1519324,24.2267871],[92.1519492,24.2264103],[92.1520639,24.2262837],[92.1524906,24.226005],[92.1528399,24.2259209],[92.1531343,24.225929],[92.1542979,24.2264527],[92.1552953,24.2268341],[92.1563143,24.2271325],[92.1570431,24.2272259],[92.1590911,24.2278396],[92.1599717,24.2281699],[92.1600967,24.2284575],[92.1601514,24.2290724],[92.1599722,24.2300732],[92.1610219,24.2303224],[92.1621457,24.2304193],[92.1629327,24.2303074],[92.1632679,24.2302096],[92.1633779,24.2301465],[92.1640716,24.2296065],[92.1645347,24.2289809],[92.1649632,24.2282874],[92.1653411,24.2277492],[92.1659426,24.2270391],[92.1670671,24.2269545],[92.1674467,24.2268714],[92.1676954,24.2264695],[92.167895,24.2255815],[92.1678992,24.2254503],[92.1678847,24.2248643],[92.1678017,24.2240313],[92.1677511,24.2238179],[92.1675341,24.2233181],[92.1670857,24.2228604],[92.1668938,24.222684],[92.1666318,24.2223274],[92.1665062,24.2219521],[92.1666695,24.2213098],[92.1671417,24.2203895],[92.1677636,24.219428],[92.1678946,24.2191466],[92.1681504,24.2181437],[92.1683026,24.2171976],[92.1684383,24.2163204],[92.1683383,24.2150919],[92.1682552,24.2147999],[92.1679985,24.2142127],[92.1679533,24.2139028],[92.1679532,24.2135186],[92.1683601,24.2133478],[92.1688435,24.2133024],[92.1692679,24.2133552],[92.1700952,24.2134135],[92.1704787,24.2129665],[92.1708086,24.2123145],[92.1708392,24.2122122],[92.1708637,24.2120551],[92.170945,24.2110529],[92.1709061,24.2106763],[92.1705228,24.2093985],[92.1701175,24.2084693],[92.1700715,24.2082888],[92.1696535,24.2058478],[92.1697835,24.2050586],[92.1701524,24.2040512],[92.1708148,24.2028496],[92.171441,24.2014822],[92.1715791,24.2012006],[92.171749,24.2010085],[92.1719771,24.200799],[92.1720957,24.2007046],[92.1722163,24.2006271],[92.1723513,24.2005644],[92.1725367,24.2005045],[92.1726418,24.2004794],[92.1729032,24.2006813],[92.1730156,24.2007818],[92.1731093,24.2008872],[92.1731844,24.2009936],[92.1733381,24.2012457],[92.1736104,24.2014193],[92.1745232,24.2015239],[92.1763109,24.2016982],[92.1766769,24.2012492],[92.176767,24.2011387],[92.178201,24.199503],[92.1792656,24.1985936],[92.1795699,24.1986634],[92.1803688,24.1990128],[92.1809013,24.1992573],[92.1820045,24.1998514],[92.1820018,24.1988549],[92.1816208,24.1975264],[92.1820388,24.1964425],[92.1823045,24.1951137],[92.1825258,24.1939388],[92.1835142,24.1930643],[92.1846929,24.1923297],[92.1859001,24.1911801],[92.1871169,24.190795],[92.1888966,24.1902729],[92.1890482,24.1890491],[92.1893522,24.1886994],[92.1907215,24.1891883],[92.1912159,24.1890483],[92.1925848,24.1888729],[92.1933076,24.1893271],[92.1942969,24.1903406],[92.195581,24.1908237],[92.1969881,24.1909979],[92.1991177,24.1906473],[92.1999544,24.1908567],[92.2017802,24.1912754],[92.2023077,24.1902126],[92.2024972,24.1890587],[92.2024206,24.18787],[92.2031805,24.1866459],[92.2030629,24.185469],[92.202617,24.1840774],[92.2024916,24.1836861],[92.2028662,24.1823794],[92.2032939,24.1814963],[92.2034075,24.1807271],[92.2030646,24.1795735],[92.2030649,24.1783631],[92.202912,24.1769646],[92.202379,24.1758461],[92.2018824,24.1749468],[92.202376,24.1738278],[92.2028698,24.1727087],[92.2032858,24.1713215],[92.2033611,24.1699229],[92.2031691,24.1689564],[92.202712,24.1675581],[92.2019133,24.1671039],[92.2000536,24.166732],[92.1993201,24.1662285],[92.1991271,24.16602],[92.1990362,24.165801],[92.199036,24.1655401],[92.1991834,24.1653211],[92.1993867,24.1648046],[92.1997111,24.1634009],[92.1997618,24.1627019],[92.1998297,24.1619765],[92.2000561,24.1609489],[92.2000331,24.1603335],[92.199899,24.1595146],[92.1995127,24.158722],[92.1995401,24.1580462],[92.1992467,24.1565512],[92.1990559,24.155405],[92.1990103,24.1548],[92.198945,24.1543879],[92.1987407,24.1541377],[92.1985364,24.1539709],[92.1981732,24.1537936],[92.1976172,24.1535957],[92.1970156,24.1528034],[92.1968907,24.1524175],[92.1968229,24.151787],[92.1967195,24.1510723],[92.196583,24.1504882],[92.1964581,24.1501754],[92.1959385,24.1496062],[92.1957336,24.1497046],[92.1956315,24.1498298],[92.195575,24.1502159],[92.1955752,24.1506226],[92.1955559,24.1508202],[92.1953599,24.1510192],[92.1950422,24.1510402],[92.1944296,24.1509674],[92.1939757,24.1507902],[92.1935898,24.150467],[92.1930502,24.1495936],[92.1919192,24.1474504],[92.1917942,24.1469394],[92.1916754,24.1467167],[92.1914485,24.1466125],[92.1912897,24.1466126],[92.1910969,24.1467273],[92.1907908,24.1470926],[92.1905185,24.1471866],[92.1902123,24.1472284],[92.189645,24.1470826],[92.1893045,24.1469575],[92.1881653,24.1466981],[92.1878589,24.1467191],[92.1876207,24.1466566],[92.186954,24.1460123],[92.1851623,24.1442217],[92.1846996,24.1434763],[92.1843735,24.1426771],[92.1835479,24.141714],[92.183355,24.1414219],[92.1832301,24.1410882],[92.183161,24.1404899],[92.1830928,24.1400206],[92.1828205,24.1397808],[92.1820779,24.1394128],[92.1813754,24.139163],[92.1806065,24.1386846],[92.180052,24.1382179],[92.1795982,24.1378947],[92.1792238,24.1376549],[92.1789515,24.1376028],[92.1783402,24.1376342],[92.1776369,24.1377061],[92.177376,24.1376749],[92.1771831,24.1375602],[92.1771071,24.1372708],[92.1772089,24.1366553],[92.1772201,24.1364885],[92.1770865,24.1361939],[92.1768652,24.1359853],[92.1762808,24.1354536],[92.1759859,24.1352867],[92.1743749,24.1346926],[92.1740074,24.1345701],[92.1733835,24.1345286],[92.1714438,24.1344039],[92.1712056,24.1344145],[92.1710242,24.1345919],[92.1708196,24.1351565],[92.1705614,24.1356949],[92.1702552,24.1358827],[92.1699376,24.1359037],[92.1698014,24.1358307],[92.1695518,24.1355595],[92.1692965,24.1352613],[92.1689561,24.1350527],[92.1683776,24.134959],[92.1678869,24.134939],[92.1666577,24.1348663],[92.1659102,24.1344411],[92.1656833,24.1342951],[92.1656379,24.1341073],[92.1656719,24.1339926],[92.1658987,24.1338882],[92.1661709,24.133763],[92.1663624,24.1335613],[92.166396,24.1333966],[92.1663396,24.1332692],[92.1659426,24.1330606],[92.1655228,24.1329147],[92.1648309,24.1328105],[92.1643204,24.1328211],[92.1639075,24.1327067],[92.1636805,24.1325294],[92.163499,24.1322582],[92.1634123,24.131866],[92.1634235,24.1313861],[92.1634757,24.1309084],[92.1635732,24.129784],[92.1635338,24.1291533],[92.1629817,24.1284862],[92.1615343,24.1269074],[92.1611259,24.126584],[92.1605827,24.1263694],[92.1597294,24.1263458],[92.1588551,24.1263809],[92.1583424,24.1263455],[92.1578197,24.1258232],[92.1568259,24.1248212],[92.1562158,24.1243563],[92.1560437,24.1242434],[92.1550057,24.1234988],[92.1544694,24.1227765],[92.1533034,24.1213999],[92.1528557,24.1209485],[92.1520686,24.1202263],[92.151739,24.1195718],[92.1509765,24.1188722],[92.1502141,24.1183576],[92.1495058,24.1181952],[92.1489697,24.11829],[92.1482369,24.1186874],[92.1475336,24.1195182],[92.1467959,24.1201231],[92.1462156,24.1201503],[92.1459844,24.1201006],[92.145581,24.1197982],[92.1453497,24.1188548],[92.1456546,24.1178255],[92.1460578,24.1175681],[92.1463874,24.1175681],[92.1477793,24.1178749],[92.1484925,24.1178748],[92.1492254,24.1175226],[92.1507991,24.1167549],[92.1531499,24.1158924],[92.1537598,24.1158652],[92.1540156,24.1160051],[92.1541633,24.1164249],[92.1541879,24.116917],[92.1543651,24.117427],[92.1550489,24.1179416],[92.1557571,24.1180092],[92.1569031,24.1179187],[92.1579655,24.117756],[92.1593376,24.1171012],[92.1606259,24.1159904],[92.1617175,24.1146358],[92.1622189,24.1136019],[92.1630595,24.1117103],[92.1636889,24.1113355],[92.1644762,24.1104529],[92.1652618,24.1104288],[92.1657929,24.1103607],[92.1660879,24.1101846],[92.1667398,24.1095859],[92.16681,24.1093058],[92.1666811,24.1089289],[92.1665522,24.1085519],[92.1665989,24.1080995],[92.1668096,24.1078194],[92.1678581,24.1064935],[92.1687943,24.1054162],[92.1688879,24.1051145],[92.1689112,24.1047914],[92.1685644,24.1044583],[92.1679555,24.1041138],[92.1676042,24.1038554],[92.167536,24.1033165],[92.1671848,24.1030581],[92.1665759,24.1028212],[92.1660607,24.1026921],[92.1657094,24.1024336],[92.1653112,24.1018951],[92.1653111,24.1017228],[92.1658014,24.1011479],[92.1657311,24.1007602],[92.1653798,24.1004371],[92.1649815,24.0998986],[92.1647641,24.0984582],[92.1647418,24.0979615],[92.1644192,24.0971427],[92.1640577,24.0964741],[92.1637663,24.0959081],[92.1636601,24.0954298],[92.1634496,24.0945294],[92.1629108,24.0933148],[92.1625405,24.0923836],[92.1620919,24.0911152],[92.1617745,24.0896536],[92.1617207,24.0891501],[92.1616474,24.0884632],[92.1616812,24.0880721],[92.1616578,24.0872883],[92.1616092,24.08642],[92.1615346,24.0855038],[92.161502,24.0851035],[92.1614942,24.0840686],[92.1616392,24.082813],[92.1614575,24.0812724],[92.1612211,24.0801377],[92.1609342,24.0788757],[92.1606614,24.078089],[92.1601149,24.0772699],[92.1593786,24.0761689],[92.1588188,24.0756571],[92.1582849,24.0752575],[92.1572563,24.0742083],[92.156081,24.0729772],[92.1561257,24.0721758],[92.1559541,24.0716712],[92.1551841,24.0708506],[92.1532318,24.0689815],[92.1527044,24.0687786],[92.152518,24.068567],[92.1523315,24.0683553],[92.150908,24.0665797],[92.1495728,24.065035],[92.1482397,24.063491],[92.1474228,24.0621988],[92.1468134,24.0609931],[92.1464138,24.0600685],[92.1458309,24.0589746],[92.1455067,24.0584971],[92.1451378,24.057946],[92.1444829,24.056266],[92.1439218,24.0546148],[92.1434569,24.0533271],[92.1432719,24.0528789],[92.1429943,24.051908],[92.1429891,24.0510148],[92.1425232,24.0502386],[92.1424164,24.0500608],[92.1419364,24.0493032],[92.1411394,24.0486551],[92.140776,24.0486246],[92.1402305,24.0484532],[92.1391659,24.0475129],[92.1386883,24.046896],[92.1385746,24.0465324],[92.1385745,24.0462253],[92.1386425,24.0460861],[92.1390284,24.0458372],[92.1405034,24.0453991],[92.1411388,24.045347],[92.1416378,24.0452663],[92.1420007,24.0451009],[92.1424317,24.0447122],[92.1427718,24.0443788],[92.1430214,24.0438768],[92.1430444,24.0434013],[92.1429777,24.0424215],[92.1427326,24.0407685],[92.1412313,24.0406526],[92.1402579,24.0404243],[92.1393085,24.0399447],[92.1381337,24.0392971],[92.1377106,24.0385835],[92.1369458,24.0378262],[92.1363416,24.0369298],[92.13554,24.0355018],[92.1352163,24.0340463],[92.1350722,24.0328706],[92.1348042,24.0326186],[92.1343779,24.0323668],[92.1338361,24.0323112],[92.1331992,24.0325916],[92.1308057,24.0339925],[92.1278255,24.035979],[92.1270721,24.0364822],[92.1257511,24.037098],[92.1236108,24.0379941],[92.1224739,24.0383313],[92.1222028,24.0382766],[92.1219331,24.0381108],[92.1217549,24.0378893],[92.1215548,24.0376123],[92.1212012,24.0370027],[92.1210045,24.0365314],[92.1206465,24.0362554],[92.1202427,24.0360354],[92.1196584,24.0357888],[92.1190729,24.0356259],[92.1184916,24.0352134],[92.1179588,24.0346067],[92.1174317,24.0336676],[92.1170872,24.0326442],[92.1170062,24.0309379],[92.1169986,24.030756],[92.1174829,24.030914],[92.1184785,24.0309335],[92.1197762,24.0305463],[92.1200818,24.0304054],[92.1207966,24.0299955],[92.122099,24.0288867],[92.122876,24.0283147],[92.1234932,24.0278621],[92.1242806,24.0271471],[92.1243862,24.0269913],[92.1240184,24.0260336],[92.1232942,24.025247],[92.1218758,24.0248669],[92.1205621,24.0243003],[92.119763,24.0237189],[92.1190941,24.0227783],[92.1181886,24.0215706],[92.1174454,24.0206642],[92.1170526,24.0202974],[92.1167575,24.0200784],[92.116586,24.0200259],[92.1163703,24.0200082],[92.1154989,24.0201587],[92.114514,24.0206374],[92.1140865,24.0210136],[92.1138077,24.021595],[92.1137333,24.0220756],[92.1137337,24.0224774],[92.1136408,24.0227852],[92.113139,24.0228877],[92.1127418,24.0229205],[92.1125378,24.0226645],[92.1121852,24.0218616],[92.1122224,24.0211783],[92.1124413,24.0205375],[92.112961,24.0197692],[92.1132024,24.019308],[92.113257,24.0187515],[92.1129696,24.0186988],[92.1123881,24.0184529],[92.1121899,24.0182375],[92.1118002,24.0177763],[92.111429,24.0171954],[92.1111535,24.0167544],[92.1097983,24.0163784],[92.1089629,24.0161733],[92.1082946,24.0161562],[92.1080694,24.0161121],[92.107682,24.0160364],[92.1073294,24.015746],[92.1071252,24.0152677],[92.1072887,24.0141703],[92.1074375,24.0132137],[92.1075304,24.0126671],[92.1072911,24.0118447],[92.1067723,24.0110612],[92.1059701,24.0106457],[92.1051166,24.0105773],[92.1045785,24.0106284],[92.104226,24.0107308],[92.1036322,24.0106624],[92.102807,24.0103449],[92.102108,24.0110793],[92.1017101,24.0118316],[92.1007448,24.0112424],[92.0997059,24.010559],[92.0992422,24.0103197],[92.0986035,24.0102087],[92.0981884,24.0100426],[92.0982572,24.0098707],[92.0982134,24.008548],[92.0982725,24.0081508],[92.0986758,24.0065979],[92.0989758,24.0057086],[92.0990546,24.0049863],[92.0990204,24.0040293],[92.0990452,24.003176],[92.0991635,24.0014831],[92.0994703,24.0009663],[92.0994999,24.0008578],[92.0994822,24.0007656],[92.099262,24.0006451],[92.0982048,24.0003207],[92.0968339,24.0002697],[92.0960317,23.9997258],[92.0962083,23.998429],[92.0966786,23.9965378],[92.0967375,23.995509],[92.0965461,23.9947821],[92.0962514,23.9942268],[92.095937,23.9938249],[92.0954359,23.9935404],[92.0940847,23.9933234],[92.0933329,23.9932148],[92.0927925,23.992989],[92.0919967,23.9922169],[92.0919034,23.9916254],[92.0919003,23.9915531],[92.0918449,23.9902891],[92.0917959,23.9898603],[92.0915603,23.9891153],[92.0914721,23.9883478],[92.0915068,23.9872825],[92.0915661,23.9859868],[92.0916598,23.9847499],[92.091916,23.982416],[92.0920685,23.9818247],[92.0922605,23.9807322],[92.092349,23.9801679],[92.0922313,23.9796939],[92.0920398,23.9791431],[92.0919221,23.9786961],[92.0919958,23.9785472],[92.0925265,23.9784119],[92.0935239,23.9782225],[92.0942414,23.9773785],[92.09433,23.976769],[92.0940062,23.975505],[92.0934365,23.9745613],[92.0930831,23.9734507],[92.0928334,23.9704033],[92.0928631,23.9697624],[92.0930105,23.9692342],[92.0933497,23.9687467],[92.0938656,23.9687468],[92.0949365,23.9689231],[92.0954966,23.9687337],[92.0961502,23.968323],[92.0966515,23.9674699],[92.0968728,23.9663909],[92.0969466,23.9657319],[92.0975955,23.9639624],[92.0978414,23.9634523],[92.0984309,23.963317],[92.0997082,23.9632902],[92.1008676,23.9632633],[92.1015013,23.9631415],[92.1016193,23.9628707],[92.1016193,23.9626811],[92.1013837,23.9621573],[92.1003623,23.9600805],[92.1000922,23.9595432],[92.1001222,23.9577194],[92.1002304,23.9565186],[92.1002995,23.9553223],[92.1003588,23.9535933],[92.1002509,23.9531373],[92.0998384,23.952758],[92.0985024,23.9522747],[92.0978247,23.9516245],[92.0975546,23.9510466],[92.0974665,23.9498502],[92.0977712,23.9493357],[92.0977861,23.9487668],[92.0974669,23.9482837],[92.0969218,23.9477825],[92.0965634,23.9471911],[92.0960184,23.9461526],[92.0956207,23.945543],[92.0952034,23.9450599],[92.0946434,23.9447347],[92.0941033,23.9443554],[92.0935434,23.94394],[92.0923897,23.9419714],[92.0920363,23.9411722],[92.0919141,23.9393258],[92.0919342,23.9376013],[92.0918951,23.936897],[92.0916696,23.9357232],[92.0917779,23.93473],[92.092343,23.9336557],[92.0932126,23.9328207],[92.0945047,23.9315796],[92.0953791,23.9306544],[92.0958801,23.9303024],[92.0965433,23.9300452],[92.098115,23.929883],[92.0994066,23.9298426],[92.1004429,23.9299738],[92.1025105,23.9304075],[92.103203,23.9306108],[92.103807,23.9307734],[92.1050201,23.9308233],[92.1059583,23.9305119],[92.1065771,23.9300786],[92.1069456,23.9293789],[92.1077801,23.9286494],[92.1081589,23.9283183],[92.1083358,23.9277766],[92.1083654,23.9272754],[92.1085505,23.9267631],[92.1090384,23.926183],[92.1092986,23.9260386],[92.109667,23.9259348],[92.1106394,23.9257634],[92.1110766,23.9256732],[92.1115235,23.9255061],[92.1121423,23.9252128],[92.1128447,23.924775],[92.1133014,23.9246938],[92.1137091,23.924739],[92.113935,23.924897],[92.1142149,23.925195],[92.1144997,23.9255968],[92.1146224,23.9256781],[92.1148288,23.9257503],[92.1150105,23.9257594],[92.1154034,23.9256872],[92.1159092,23.9255427],[92.1162088,23.9254796],[92.1164985,23.9254796],[92.1167637,23.9254977],[92.1171419,23.925579],[92.1176772,23.9258364],[92.1185956,23.9264775],[92.1189736,23.9268567],[92.1192094,23.9270328],[92.1194795,23.9271773],[92.1198969,23.9273533],[92.1213653,23.9278456],[92.1221511,23.9282203],[92.1229468,23.9288027],[92.1238783,23.9295399],[92.1239076,23.929563],[92.1244643,23.9300036],[92.1251518,23.9304235],[92.1259425,23.9307847],[92.1265073,23.9309246],[92.1270034,23.9310059],[92.1274012,23.931042],[92.127691,23.9309427],[92.1280496,23.9307215],[92.128359,23.9304326],[92.1288893,23.9297464],[92.1295082,23.9287262],[92.1307312,23.9268707],[92.1313156,23.9259498],[92.1320915,23.9245232],[92.1326169,23.9233584],[92.1329951,23.9223743],[92.1331719,23.9216745],[92.1333045,23.9209883],[92.1335303,23.9193631],[92.1336973,23.9185641],[92.1340754,23.9172548],[92.1344044,23.9163881],[92.1347187,23.9156702],[92.135637,23.9141398],[92.1359266,23.9134671],[92.1361329,23.9128983],[92.1363754,23.9121827],[92.136506,23.9117742],[92.1365866,23.9114036],[92.1365894,23.9113905],[92.1366484,23.9109345],[92.1366483,23.9096479],[92.136668,23.9093454],[92.1366974,23.9091739],[92.136776,23.9089707],[92.1369724,23.9086953],[92.1373995,23.9081852],[92.1376548,23.9077698],[92.1377825,23.9075125],[92.1380918,23.9061266],[92.137969,23.904718],[92.1379296,23.9032148],[92.1379541,23.9028356],[92.1379836,23.9025331],[92.138121,23.9021223],[92.1382782,23.9017972],[92.1384304,23.901603],[92.1390637,23.900655],[92.1394369,23.8999417],[92.1396283,23.8996437],[92.1398689,23.8993638],[92.1403549,23.89898],[92.1405023,23.8988627],[92.1405808,23.8987362],[92.1406643,23.8984789],[92.1408458,23.8967814],[92.1408801,23.8953368],[92.1408162,23.8950614],[92.1406492,23.8946552],[92.1404332,23.8942444],[92.1403693,23.8941044],[92.1403497,23.8938064],[92.1403742,23.8934272],[92.1405313,23.8929713],[92.1412087,23.8915311],[92.1418223,23.8904386],[92.142274,23.8898787],[92.1426962,23.8893324],[92.1430448,23.8887726],[92.1433932,23.8881631],[92.1436682,23.8876981],[92.1443555,23.8867274],[92.1445567,23.8863798],[92.1451015,23.8853143],[92.145828,23.8836258],[92.1462437,23.8826059],[92.1464709,23.8819509],[92.1473455,23.8820151],[92.14822,23.8820793],[92.1484497,23.8816868],[92.1469076,23.8804656],[92.1471774,23.8781813],[92.1473932,23.8768405],[92.1475945,23.8763393],[92.1479478,23.8755989],[92.148365,23.8749036],[92.1492338,23.8736439],[92.1501812,23.8720333],[92.1509663,23.8707861],[92.1511337,23.8704978],[92.1514326,23.8699463],[92.1515454,23.8696664],[92.1516239,23.8694135],[92.1516724,23.869209],[92.1517514,23.8688357],[92.1517703,23.8683501],[92.1517938,23.8677479],[92.1517793,23.8675999],[92.1517034,23.8670935],[92.1516627,23.8668223],[92.1516037,23.8661993],[92.1516201,23.8656304],[92.1516448,23.8649765],[92.1516533,23.8647523],[92.1516608,23.864556],[92.1516328,23.8643076],[92.1515543,23.8641],[92.1512155,23.8635312],[92.1506804,23.862958],[92.1504545,23.8626962],[92.1503317,23.8624975],[92.1502826,23.8622718],[92.1502728,23.8617843],[92.1503217,23.8615676],[92.1504298,23.861387],[92.1505917,23.8611973],[92.1508371,23.8609942],[92.1514114,23.8608902],[92.1521182,23.8605922],[92.1528147,23.8597964],[92.153677,23.8587698],[92.1544904,23.8578702],[92.1549941,23.8573187],[92.1555945,23.8565364],[92.1557842,23.8562893],[92.1560888,23.8557016],[92.1563435,23.8552102],[92.1567999,23.8541673],[92.1568972,23.853363],[92.1569469,23.8529529],[92.1567397,23.8520011],[92.1566521,23.8515986],[92.156652,23.8510885],[92.156732,23.8504716],[92.1568431,23.849883],[92.1570318,23.8494309],[92.1576795,23.8477269],[92.1583834,23.8456527],[92.1585255,23.8445693],[92.1578298,23.843411],[92.1576172,23.843057],[92.1573373,23.8425289],[92.1570427,23.8418788],[92.1569542,23.840827],[92.1570719,23.8402852],[92.1572484,23.8397434],[92.1577488,23.8385832],[92.1579988,23.8375132],[92.1579692,23.8366238],[92.1579397,23.8362446],[92.157321,23.8343531],[92.1573944,23.8337166],[92.1578654,23.8329897],[92.1581549,23.8326104],[92.1581842,23.8319602],[92.1580418,23.8313644],[92.1581839,23.8303125],[92.1593418,23.8291882],[92.158463,23.8278927],[92.1572899,23.8264888],[92.1571862,23.8238253],[92.1569503,23.8216087],[92.1568764,23.8205117],[92.1569057,23.8194869],[92.1570231,23.8178932],[92.1570668,23.8156902],[92.1571843,23.8139882],[92.1573459,23.812837],[92.1574635,23.812083],[92.1580178,23.810891],[92.1585034,23.8103086],[92.1585917,23.8097939],[92.1584736,23.8086067],[92.1580904,23.80639],[92.1577514,23.8044579],[92.1574567,23.8027244],[92.1573142,23.8015101],[92.1575642,23.8007109],[92.1578878,23.7998215],[92.15777,23.799334],[92.1575343,23.7984672],[92.1573576,23.7981421],[92.157269,23.7970361],[92.157254,23.7950498],[92.1574598,23.79421],[92.1580189,23.7932664],[92.1585632,23.7921422],[92.1589997,23.791009],[92.1588523,23.7902234],[92.1582976,23.7888195],[92.1581061,23.7882101],[92.1580765,23.7873207],[92.158459,23.786183],[92.1582821,23.7851808],[92.1581347,23.7840206],[92.1582668,23.7821154],[92.1586786,23.7810319],[92.1590561,23.7797361],[92.1592227,23.77877],[92.159492,23.7767881],[92.1594527,23.776436],[92.1591729,23.7757092],[92.1591091,23.7753119],[92.1590501,23.7749101],[92.1591775,23.7742961],[92.1594177,23.7737046],[92.1595501,23.7731132],[92.1595597,23.7724044],[92.1594811,23.7717453],[92.1592503,23.7709441],[92.1591619,23.770224],[92.1592648,23.7699621],[92.1596081,23.7697499],[92.1602899,23.7692667],[92.1609275,23.7687654],[92.1613542,23.768359],[92.1616679,23.7676818],[92.1616678,23.7671852],[92.1612949,23.766806],[92.160922,23.7665262],[92.1607699,23.7663592],[92.1605344,23.7659665],[92.1602988,23.7655692],[92.1602975,23.7655665],[92.1598866,23.764698],[92.1597686,23.7631947],[92.1592386,23.7622242],[92.1590276,23.7616328],[92.1590912,23.7611227],[92.1594099,23.7604273],[92.1597625,23.7579036],[92.1599046,23.7575515],[92.1604294,23.7572444],[92.1621067,23.7564811],[92.1622685,23.7563501],[92.1627539,23.7555013],[92.1632981,23.7547157],[92.1639355,23.7541377],[92.164426,23.7542007],[92.165457,23.7540927],[92.1658385,23.7539386],[92.1665251,23.753663],[92.1673099,23.7535455],[92.1683251,23.7535859],[92.1690216,23.7537483],[92.1697132,23.7539151],[92.1703068,23.7541316],[92.1712289,23.7542171],[92.1714839,23.7542125],[92.1720676,23.7539777],[92.1726216,23.753675],[92.173009,23.7531648],[92.1734648,23.7522482],[92.1735677,23.7518916],[92.1731663,23.7507799],[92.1731513,23.750147],[92.1732681,23.7496516],[92.1733381,23.7494146],[92.1732912,23.749027],[92.173174,23.7482301],[92.1730592,23.7478709],[92.1727784,23.747311],[92.1724275,23.7468804],[92.1723572,23.7463635],[92.1723804,23.7458897],[92.1724738,23.7452866],[92.1722629,23.7440375],[92.1721022,23.7433776],[92.1718915,23.7428823],[92.1716341,23.7424085],[92.1714703,23.7418701],[92.1712267,23.7406868],[92.1710721,23.7396519],[92.1708866,23.7391563],[92.1713079,23.7388563],[92.1715197,23.7387476],[92.1717443,23.7386672],[92.1718849,23.7385595],[92.1721187,23.7381283],[92.1721262,23.7380284],[92.1721051,23.737889],[92.1719491,23.7376547],[92.1721283,23.7372899],[92.1726095,23.7366638],[92.1729055,23.7357354],[92.1726211,23.7350783],[92.1721223,23.7340396],[92.1719646,23.7337141],[92.1717404,23.7334752],[92.1714823,23.7332482],[92.1712757,23.733123],[92.1710484,23.7330581],[92.1708949,23.7329606],[92.1707938,23.732851],[92.1707641,23.7325777],[92.1707673,23.7322412],[92.1707861,23.7320813],[92.1708921,23.7314353],[92.1709546,23.7311235],[92.1710577,23.729454],[92.1710875,23.7287037],[92.1715418,23.7267665],[92.1715357,23.7265983],[92.1714305,23.7262578],[92.171391,23.7261301],[92.1707986,23.7250528],[92.170725,23.72492],[92.1702233,23.7247509],[92.1699375,23.7247011],[92.1695754,23.7241962],[92.1695955,23.7232522],[92.1696005,23.7231865],[92.1697489,23.7230018],[92.1701806,23.7227243],[92.1706802,23.7220951],[92.1714501,23.7204838],[92.1722063,23.7191436],[92.1723986,23.7188156],[92.1728374,23.718079],[92.1729912,23.7178514],[92.1731066,23.717727],[92.1732514,23.717682],[92.173406,23.7176711],[92.1735766,23.7176856],[92.1737556,23.7178254],[92.1738641,23.7178323],[92.1744526,23.7176636],[92.175697,23.7171256],[92.1759328,23.7169766],[92.1762655,23.716712],[92.1765511,23.7164083],[92.1766487,23.7161559],[92.1766789,23.7159416],[92.176679,23.7156051],[92.17659,23.7139357],[92.176557,23.7127986],[92.1763444,23.7125139],[92.1763135,23.712349],[92.1764035,23.712014],[92.1767877,23.7108306],[92.1769078,23.7106235],[92.1771107,23.7105405],[92.1774993,23.7102837],[92.1775219,23.7101636],[92.1774986,23.7095623],[92.1773217,23.7095365],[92.17719,23.7094502],[92.1770723,23.7092723],[92.1770145,23.7091592],[92.177622,23.7078241],[92.17817,23.7076474],[92.1790236,23.7079337],[92.1803494,23.7079646],[92.1806653,23.7079683],[92.1812252,23.7079341],[92.181404,23.7078914],[92.181872,23.7077417],[92.1822568,23.7076217],[92.1829421,23.7075028],[92.183851,23.7079365],[92.1841739,23.70798],[92.1844784,23.708038],[92.1847209,23.7080941],[92.1848981,23.7089838],[92.1849957,23.7094128],[92.1856034,23.7104812],[92.1856673,23.7105857],[92.1857525,23.7106757],[92.1860924,23.7109784],[92.1863556,23.710635],[92.1874625,23.710541],[92.1878844,23.7104176],[92.1883306,23.7102596],[92.1885458,23.7101736],[92.189221,23.7093335],[92.1899649,23.7085237],[92.1911725,23.7078407],[92.1919555,23.7074807],[92.1931889,23.7070226],[92.1940399,23.7068241],[92.1949792,23.7067184],[92.19628,23.7067296],[92.1967846,23.7068928],[92.1968476,23.7069517],[92.1970638,23.707091],[92.1972034,23.7071087],[92.1978764,23.7071639],[92.1984516,23.7071265],[92.1999448,23.7068239],[92.2002464,23.7067252],[92.2004243,23.7066312],[92.2007673,23.7063469],[92.2007995,23.7063203],[92.2010366,23.7060799],[92.2011327,23.7059159],[92.201335,23.7058016],[92.2015593,23.7057069],[92.2017566,23.7056582],[92.2019201,23.7056243],[92.2021349,23.7056894],[92.2023187,23.7057521],[92.2024589,23.7057984],[92.2027037,23.7058089],[92.2028369,23.7058096],[92.2029495,23.7057024],[92.203056,23.7054327],[92.2031257,23.7051779],[92.20311,23.7048303],[92.2032466,23.7045088],[92.2039725,23.7039102],[92.204067,23.7038261],[92.2040202,23.7034704],[92.2039246,23.7028133],[92.2039031,23.7024857],[92.2039479,23.7022284],[92.2041061,23.7019038],[92.2042373,23.7017991],[92.2047775,23.7015398],[92.2049499,23.7014829],[92.2051259,23.7014574],[92.2059599,23.7015157],[92.2065514,23.7008479],[92.2071341,23.6998666],[92.207403,23.6988274],[92.2075754,23.698437],[92.2077729,23.6980661],[92.2079547,23.6978466],[92.2081304,23.6976386],[92.2083234,23.6973562],[92.2086567,23.6967921],[92.209058,23.6960474],[92.2091649,23.6958034],[92.2091868,23.6956463],[92.209201,23.6950701],[92.209233,23.6942855],[92.209351,23.6934597],[92.2094732,23.6931984],[92.2099547,23.6926149],[92.210054,23.6924594],[92.2100758,23.6922937],[92.2099323,23.6918996],[92.209828,23.6914479],[92.2102497,23.6909766],[92.2104881,23.6912712],[92.2105095,23.6912976],[92.2108183,23.6910875],[92.211206,23.6907878],[92.2113277,23.690669],[92.2114212,23.6905364],[92.2111279,23.6900734],[92.210966,23.6898592],[92.2109206,23.6885683],[92.2116662,23.6875274],[92.212408,23.6869542],[92.213086,23.6862793],[92.2134231,23.6857691],[92.2136206,23.6851583],[92.2136586,23.68495],[92.2134613,23.6846684],[92.2132331,23.6845258],[92.2129646,23.6844607],[92.2127684,23.6842407],[92.2127372,23.6839027],[92.2127196,23.6829491],[92.2126032,23.6820662],[92.2123941,23.6811463],[92.2121797,23.6808419],[92.2112004,23.6798263],[92.20994,23.6785074],[92.2091985,23.6781574],[92.2084358,23.6775615],[92.2075491,23.6774907],[92.2070256,23.6767296],[92.206507,23.675776],[92.2063207,23.6751866],[92.2061607,23.6742044],[92.2061259,23.6732125],[92.2058063,23.6726405],[92.2056851,23.6724039],[92.2056818,23.6722271],[92.2058354,23.6719477],[92.2059823,23.6717608],[92.2061895,23.671673],[92.2062675,23.6713717],[92.2062308,23.6707338],[92.2061336,23.6699891],[92.206379,23.6692545],[92.2066481,23.6688964],[92.2069559,23.6683762],[92.2073899,23.6674463],[92.2074854,23.6671909],[92.2074921,23.6670985],[92.2072715,23.6669096],[92.2069238,23.6666227],[92.2068928,23.6665951],[92.20672,23.6664413],[92.2067094,23.6663183],[92.2067336,23.6653641],[92.2068738,23.6643541],[92.2069169,23.6639688],[92.2068907,23.6634538],[92.2068244,23.663024],[92.2066087,23.6621965],[92.2065805,23.6611123],[92.2066036,23.6610042],[92.2067859,23.6609245],[92.2074164,23.6606993],[92.2080886,23.6604657],[92.2086197,23.6602805],[92.2089759,23.6601211],[92.2091828,23.6600179],[92.2092901,23.659947],[92.2106832,23.6589483],[92.2109783,23.6577359],[92.2107807,23.6569851],[92.2107697,23.6568391],[92.210841,23.6561764],[92.2109107,23.6558753],[92.2106967,23.6551401],[92.2105042,23.6546585],[92.2103932,23.6540755],[92.2103468,23.6538224],[92.210344,23.6536686],[92.2104087,23.6535522],[92.2113232,23.6528764],[92.212004,23.652658],[92.2133075,23.6526992],[92.2153963,23.6527512],[92.2157551,23.6527379],[92.2160462,23.6526719],[92.21617,23.652593],[92.216242,23.6524226],[92.2165136,23.6520306],[92.2169822,23.6520125],[92.2178113,23.6521561],[92.2180577,23.6521685],[92.2183448,23.652164],[92.2186652,23.6520564],[92.2189505,23.6519547],[92.2191725,23.6519188],[92.2193656,23.6518996],[92.219695,23.6519647],[92.2203389,23.6522353],[92.2204989,23.65233],[92.2207741,23.6526335],[92.22129,23.6529547],[92.2215673,23.653053],[92.2218427,23.6530487],[92.2220822,23.6530071],[92.2226678,23.6532949],[92.2228713,23.6538424],[92.2231029,23.6543193],[92.2231877,23.6544692],[92.2246735,23.6549426],[92.2255849,23.6551011],[92.2256629,23.655197],[92.22581,23.6555457],[92.2259393,23.6558784],[92.2260073,23.6560717],[92.2260535,23.6563518],[92.2260243,23.6566708],[92.225882,23.6568998],[92.2258094,23.6570953],[92.2259272,23.6577629],[92.2261712,23.6582774],[92.226555,23.6590597],[92.2268654,23.6596811],[92.2272533,23.6603715],[92.228126,23.6619182],[92.228665,23.6628492],[92.2289703,23.6631954],[92.2290796,23.6633988],[92.2291304,23.6636086],[92.2291877,23.664039],[92.2291985,23.6641205],[92.2292345,23.6644816],[92.2297746,23.6661091],[92.2304208,23.6661854],[92.2314711,23.666239],[92.2323618,23.6671699],[92.2329722,23.6678406],[92.2323585,23.6688869],[92.2317215,23.671521],[92.2317211,23.6730814],[92.2316619,23.6733631],[92.2314075,23.6741878],[92.2312835,23.6744543],[92.2310203,23.674804],[92.2307614,23.6750672],[92.230648,23.6752796],[92.230651,23.6754415],[92.2307248,23.6756239],[92.2309119,23.6759125],[92.2312268,23.6761398],[92.2314648,23.6763304],[92.2315972,23.6765173],[92.2316542,23.6767432],[92.2317583,23.6779294],[92.2319473,23.6786391],[92.232264,23.6795952],[92.2324435,23.6801053],[92.2327297,23.6806785],[92.2328909,23.680838],[92.2331942,23.6810654],[92.2333378,23.6812251],[92.233358,23.6813651],[92.233303,23.6815604],[92.2325846,23.6820198],[92.2320954,23.6821949],[92.2320084,23.6822503],[92.2319174,23.6823975],[92.2318102,23.6826259],[92.2317679,23.682875],[92.2320214,23.6845286],[92.2326069,23.6851187],[92.232937,23.6852161],[92.2330787,23.6852678],[92.2333149,23.6853613],[92.2333345,23.6853747],[92.2334989,23.6854948],[92.2336978,23.6856448],[92.2346429,23.6864209],[92.2348159,23.686634],[92.2348785,23.6867787],[92.2349067,23.6871196],[92.2348819,23.6872556],[92.2346954,23.6877807],[92.2345855,23.6880284],[92.2344405,23.6881462],[92.2343657,23.6882277],[92.2343534,23.6884488],[92.2343643,23.6887399],[92.2345251,23.6894704],[92.2348008,23.689933],[92.2352837,23.6906885],[92.2357416,23.6912687],[92.2361626,23.6922161],[92.2363025,23.6927009],[92.2363871,23.6928552],[92.2365351,23.692893],[92.237675,23.6929152],[92.2393806,23.6928682],[92.2404304,23.6930274],[92.2405903,23.6934165],[92.2407487,23.6937253],[92.2409708,23.6939377],[92.2413777,23.694122],[92.2416366,23.6942635],[92.2419259,23.6945753],[92.2420273,23.6947494],[92.2420797,23.6949293],[92.2421102,23.6959782],[92.2422288,23.6970759],[92.2422549,23.6978939],[92.2423683,23.6990017],[92.2424149,23.6991616],[92.2423578,23.6993182],[92.2423063,23.6993878],[92.2422577,23.6994534],[92.2420759,23.6996992],[92.2416876,23.7002225],[92.2415914,23.7003244],[92.24139,23.7003427],[92.2409145,23.7005761],[92.2405765,23.7008727],[92.2405634,23.7010436],[92.2405547,23.7014554],[92.2405246,23.7018877],[92.2403986,23.702442],[92.2403289,23.7025084],[92.2401704,23.7024858],[92.2399031,23.70248],[92.2397124,23.702488],[92.2396369,23.7025344],[92.2396003,23.7026153],[92.239579,23.7032332],[92.2395798,23.7035696],[92.239873,23.7040871],[92.2400807,23.7046964],[92.2400784,23.7048671],[92.2398148,23.7059407],[92.2395678,23.7067279],[92.2394433,23.7067801],[92.2392771,23.7069333],[92.2391974,23.707045],[92.2391996,23.7071605],[92.239331,23.707776],[92.2394169,23.7079955],[92.2387808,23.7095621],[92.2384259,23.710125],[92.2383463,23.7102417],[92.2380181,23.7104829],[92.2371022,23.7110797],[92.2364623,23.7115618],[92.2364095,23.711658],[92.2363521,23.7120857],[92.2362526,23.7131868],[92.2362684,23.7134527],[92.2363369,23.7136173],[92.2364279,23.7136877],[92.2364642,23.7137157],[92.2367939,23.7138511],[92.2384317,23.7157131],[92.2386508,23.7166436],[92.2388322,23.7175997],[92.2388954,23.7177694],[92.2391694,23.7184279],[92.2392589,23.718552],[92.239924,23.7191239],[92.2405998,23.7196856],[92.240914,23.7204539],[92.2417886,23.7208568],[92.2432426,23.7216221],[92.244389,23.7222667],[92.2456903,23.722447],[92.2457325,23.7226672],[92.2458317,23.7227834],[92.2458552,23.7228109],[92.2461559,23.7228513],[92.2463634,23.7228631],[92.2465923,23.7228545],[92.2469349,23.7228039],[92.2473268,23.7227625],[92.2476977,23.7227667],[92.2479719,23.7228477],[92.2481445,23.7230408],[92.2486461,23.7236111],[92.2486627,23.72363],[92.2489308,23.7239672],[92.2490719,23.7242211],[92.2494941,23.7243449],[92.2501368,23.7242996],[92.2507681,23.7242293],[92.252394,23.7242688],[92.2537677,23.7245231],[92.2539877,23.7246251],[92.2542963,23.7247959],[92.2557131,23.7250244],[92.2571666,23.7251771],[92.2577086,23.7252839],[92.2582641,23.7252449],[92.2597427,23.7249904],[92.260089,23.7248443],[92.2602999,23.7247506],[92.2603972,23.7247039],[92.2604993,23.7246219],[92.2609801,23.724087],[92.2614659,23.723532],[92.2616388,23.7234439],[92.2619664,23.7234638],[92.2623868,23.7234922],[92.2628018,23.7235208],[92.2630805,23.7235465],[92.2632283,23.7235792],[92.2634104,23.7236918],[92.2636596,23.7238937],[92.2638606,23.7241415],[92.2640347,23.7244099],[92.2651494,23.7248139],[92.2654905,23.7250072],[92.2657724,23.7264261],[92.2661896,23.7283362],[92.2664286,23.729773],[92.2666326,23.7314638],[92.2666963,23.7323847],[92.2666183,23.7343628],[92.2665284,23.7355982],[92.2662978,23.7367633],[92.2661167,23.7379255],[92.2660698,23.7385779],[92.2657851,23.7405099],[92.2656404,23.7413962],[92.2655232,23.7428063],[92.2655257,23.7432261],[92.265699,23.7444377],[92.2660009,23.7458695],[92.2660543,23.7469375],[92.2662089,23.747498],[92.2666575,23.7489375],[92.2669837,23.7498263],[92.2669278,23.7506052],[92.2671783,23.7516441],[92.2671728,23.7523998],[92.2671048,23.7533471],[92.2667448,23.7554213],[92.2663506,23.7570735],[92.2660282,23.7581772],[92.2657667,23.7591107],[92.2655341,23.7605467],[92.265508,23.7613661],[92.2655498,23.7623638],[92.2655649,23.762468],[92.2657346,23.7636365],[92.2668334,23.7664258],[92.2672495,23.7675923],[92.2673436,23.7680922],[92.2673074,23.7685972],[92.2671116,23.7690665],[92.2668566,23.7694542],[92.2662695,23.7704005],[92.2656261,23.7714541],[92.2653474,23.7719476],[92.2651397,23.7723545],[92.2648709,23.7731623],[92.2645409,23.7743713],[92.2641531,23.7767014],[92.2639751,23.7782821],[92.2632772,23.7814568],[92.2629752,23.7827277],[92.2622726,23.7855091],[92.2619926,23.786926],[92.2618988,23.7873284],[92.2615694,23.7880757],[92.261171,23.7895601],[92.2607827,23.791128],[92.2604672,23.7923632],[92.2601847,23.7929426],[92.2601438,23.7930264],[92.2600144,23.7934721],[92.2598565,23.7943175],[92.2596907,23.7954991],[92.2594511,23.7965786],[92.2591092,23.7977251],[92.2587622,23.7993964],[92.2585351,23.8005421],[92.2579572,23.8033974],[92.2577744,23.8043703],[92.2577391,23.8046451],[92.2576536,23.805441],[92.2573519,23.8077084],[92.2573704,23.8091139],[92.2572419,23.8103056],[92.2570648,23.8124718],[92.2570983,23.81277],[92.2572197,23.8129362],[92.2574719,23.8130752],[92.2578615,23.8130587],[92.2582348,23.8130428],[92.2586709,23.813067],[92.2592271,23.8132785],[92.2602876,23.8137681],[92.2612791,23.8139521],[92.2617268,23.8140608],[92.2629316,23.8145646],[92.2634428,23.8146918],[92.264046,23.8149219],[92.2645418,23.8153711],[92.2653495,23.8157203],[92.2662771,23.8159137],[92.2671296,23.8159816],[92.2680534,23.8160142],[92.2681768,23.8160186],[92.2695114,23.8157632],[92.2704376,23.8156123],[92.2734073,23.8151713],[92.2746955,23.8149593],[92.2757896,23.8149706],[92.2764375,23.8148707],[92.2772004,23.814753],[92.2784685,23.8145496],[92.2785306,23.8145397],[92.2795577,23.8142773],[92.280705,23.8141797],[92.2812869,23.8141303],[92.2817336,23.8142158],[92.2820945,23.8143904],[92.282337,23.8146326],[92.2824784,23.8150485],[92.2825117,23.8153869],[92.2825058,23.8170285],[92.2824821,23.8176066],[92.2823852,23.8180185],[92.2817376,23.8193278],[92.2808637,23.8211816],[92.28038,23.8221136],[92.2803016,23.8222554],[92.280024,23.8227572],[92.2798996,23.822982],[92.2792301,23.8242741],[92.278441,23.8259023],[92.2782213,23.8263306],[92.2780681,23.8266291],[92.2776282,23.8273935],[92.2768273,23.8283513],[92.2760443,23.8292875],[92.2749414,23.8308779],[92.273578,23.8327621],[92.2723141,23.8345868],[92.2719632,23.8352214],[92.2713798,23.8375605],[92.271274,23.8382965],[92.2710551,23.8389935],[92.2707082,23.8394516],[92.2701821,23.8398947],[92.269706,23.8402246],[92.26913,23.8407804],[92.2689806,23.8410749],[92.2688145,23.8414144],[92.2686982,23.8416633],[92.2686797,23.8419305],[92.2686778,23.8421751],[92.2687896,23.8425487],[92.2688817,23.8433375],[92.2689082,23.8444718],[92.2688904,23.8456221],[92.2691755,23.8469129],[92.2695814,23.8476785],[92.2708652,23.8494313],[92.2720538,23.8508599],[92.2726888,23.8515057],[92.2730562,23.851762],[92.2734831,23.8520598],[92.2745903,23.8528321],[92.2755176,23.8535996],[92.2769644,23.8545231],[92.2780025,23.8552547],[92.278782,23.8558253],[92.2792696,23.8563422],[92.2801671,23.8579213],[92.2810039,23.8599922],[92.2816468,23.8616116],[92.2821429,23.8628782],[92.2826373,23.8638741],[92.2833432,23.8650771],[92.2843754,23.8663441],[92.2851117,23.8671491],[92.2859419,23.8677215],[92.2861507,23.8678383],[92.2865753,23.8680758],[92.2875952,23.8684772],[92.2883996,23.8685232],[92.2888487,23.8684971],[92.2896611,23.8681733],[92.2904831,23.8675709],[92.2908598,23.867179],[92.2915399,23.8659156],[92.2921621,23.8650894],[92.2927147,23.8644534],[92.2934689,23.864117],[92.2947215,23.863572],[92.2957386,23.8633394],[92.2963564,23.8629092],[92.2969809,23.8621502],[92.2981296,23.8606761],[92.2986736,23.8601451],[92.2993396,23.8596873],[92.300083,23.8594003],[92.3022279,23.8587299],[92.3037995,23.8583178],[92.3049011,23.8581536],[92.3055399,23.8580214],[92.3062812,23.8576898],[92.3069231,23.8572479],[92.307668,23.8569109],[92.3085446,23.8567857],[92.3091223,23.8569553],[92.3096278,23.8573648],[92.310081,23.8578388],[92.3104564,23.8586121],[92.3107844,23.8592768],[92.3112339,23.8599254],[92.3117001,23.8602153],[92.3121918,23.8603152],[92.3129641,23.8601587],[92.3138427,23.8601959],[92.3145839,23.8602661],[92.3150344,23.8604985],[92.3152367,23.8608632],[92.3152142,23.8612057],[92.3151753,23.8615954],[92.3151048,23.8621149],[92.3151996,23.8625882],[92.3155776,23.8630975],[92.3162148,23.8636549],[92.3165175,23.8639931],[92.3167314,23.8643474],[92.3166748,23.8647072],[92.3165867,23.865267],[92.316419,23.8655574],[92.3161697,23.8658276],[92.315617,23.866363],[92.3153757,23.8665542],[92.3151407,23.866642],[92.3150083,23.8668077],[92.3148816,23.8669665],[92.3146276,23.8673649],[92.3144571,23.8678083],[92.3142073,23.8682797],[92.314001,23.8684286],[92.313752,23.8683635],[92.3133263,23.8681283],[92.3122862,23.8683703],[92.3119696,23.8684841],[92.3116438,23.8687205],[92.3113546,23.8691405],[92.3109728,23.869751],[92.3107998,23.8702822],[92.3106945,23.8707472],[92.3106252,23.8721713],[92.3106288,23.8733435],[92.3111114,23.8749776],[92.3117311,23.8756278],[92.312467,23.8763216],[92.3130553,23.877079],[92.3131793,23.8774695],[92.3131813,23.8777414],[92.3130555,23.878044],[92.3128205,23.8782231],[92.3125629,23.8782819],[92.3123473,23.8783299],[92.3120443,23.8783955],[92.3117268,23.8784867],[92.3112952,23.8792109],[92.311174,23.8796996],[92.311182,23.8801144],[92.3113198,23.8804557],[92.3115696,23.8806778],[92.3119361,23.8808764],[92.3123084,23.8811951],[92.3124809,23.8816279],[92.3124558,23.8819533],[92.3122974,23.8825268],[92.3123173,23.8828676],[92.3123911,23.8833704],[92.3126097,23.8843136],[92.3128613,23.8848072],[92.3130733,23.8851478],[92.3135483,23.8854467],[92.3138118,23.8854403],[92.3142747,23.8853869],[92.3145252,23.8854529],[92.3146894,23.8859869],[92.3145961,23.886333],[92.3145913,23.8867079],[92.3146214,23.8871743],[92.3147055,23.8875785],[92.3149007,23.8879071],[92.3151333,23.888151],[92.3153626,23.8881441],[92.3154462,23.8881468],[92.31562,23.8881524],[92.3159529,23.8882621],[92.3162512,23.8885274],[92.3164257,23.8887154],[92.3165381,23.8888366],[92.3166473,23.8890674],[92.316715,23.8894188],[92.3167434,23.8897996],[92.3167596,23.8903176],[92.3167541,23.8905936],[92.3167547,23.8911762],[92.3167741,23.891565],[92.3168282,23.8919207],[92.3169837,23.8923847],[92.3171554,23.892831],[92.3173174,23.8929511],[92.3174087,23.8931205],[92.3174511,23.8935443],[92.317447,23.8940224],[92.3174239,23.8944327],[92.3173495,23.8950305],[92.3172564,23.8954883],[92.3171456,23.8959233],[92.3170494,23.8962849],[92.3169355,23.8966702],[92.3168411,23.8969629],[92.316717,23.8974631],[92.3166652,23.8979003],[92.3167559,23.8990776],[92.316876,23.8995984],[92.3171469,23.9000528],[92.3173128,23.9001151],[92.31747,23.8998979],[92.3176703,23.8994526],[92.3182082,23.8988585],[92.3184383,23.8992984],[92.3192027,23.9005254],[92.3192629,23.9005837],[92.3195394,23.9008513],[92.3198832,23.9011177],[92.3202073,23.9012223],[92.3207479,23.9013885],[92.32132,23.9015407],[92.3218361,23.9018206],[92.3222439,23.9021274],[92.3226884,23.902806],[92.3227276,23.9031758],[92.3229292,23.9035266],[92.3231306,23.9038315],[92.3235332,23.9041887],[92.3237943,23.904473],[92.3239748,23.90487],[92.3239743,23.9053299],[92.3238932,23.9057875],[92.3224573,23.9082406],[92.3221186,23.9087277],[92.3219876,23.9091466],[92.3219776,23.9100745],[92.3222661,23.9109275],[92.3227221,23.9116417],[92.3231101,23.9121178],[92.3237254,23.9127009],[92.3246827,23.913433],[92.3250678,23.9137642],[92.3251887,23.9140895],[92.3251471,23.91448],[92.3248615,23.9147503],[92.3245961,23.9147913],[92.3243096,23.9148327],[92.3240017,23.9148286],[92.3235475,23.9148018],[92.3231115,23.9146164],[92.3225845,23.914576],[92.322045,23.9146384],[92.321414,23.9147542],[92.3201054,23.915197],[92.3197123,23.915374],[92.3192742,23.9156925],[92.3189576,23.9161209],[92.3188956,23.9166897],[92.3188529,23.917197],[92.318794,23.9177295],[92.3187155,23.9183882],[92.3186573,23.9188125],[92.318585,23.9190697],[92.3185235,23.9192661],[92.3184534,23.9194631],[92.3183881,23.9196718],[92.3183289,23.91994],[92.3182745,23.9203521],[92.3182357,23.9208472],[92.3182168,23.9213049],[92.3182319,23.9217603],[92.3182383,23.9219519],[92.3182096,23.9226265],[92.3181498,23.9230028],[92.3180046,23.9236253],[92.3178078,23.9243595],[92.3176029,23.9250587],[92.3173318,23.9253361],[92.3170267,23.9259016],[92.3168721,23.9266515],[92.3165258,23.9276953],[92.3163001,23.9280646],[92.3160613,23.9283451],[92.3157922,23.9285133],[92.3154914,23.9285677],[92.3152445,23.9285562],[92.3148725,23.9285376],[92.3145706,23.9285218],[92.3142862,23.9285066],[92.3139084,23.9286441],[92.3135636,23.9288961],[92.3130192,23.9293184],[92.3127638,23.9295758],[92.3124525,23.929943],[92.3121793,23.9302222],[92.3118894,23.9304783],[92.3113578,23.9305437],[92.311111,23.9305324],[92.3107259,23.9304248],[92.3102205,23.9301994],[92.3099955,23.9302519],[92.3095497,23.9305032],[92.3092249,23.9308501],[92.3089874,23.9312231],[92.3088882,23.9316691],[92.3088804,23.9319612],[92.3089369,23.9324579],[92.3089966,23.9328195],[92.3095956,23.9338293],[92.3098863,23.9340652],[92.310174,23.9342986],[92.3104789,23.9345555],[92.3106776,23.9348301],[92.3106306,23.9359517],[92.3104317,23.9365444],[92.3103927,23.9370303],[92.3103764,23.9373836],[92.3104958,23.9377619],[92.3103704,23.9385522],[92.3100095,23.9389191],[92.3097557,23.9392],[92.3095669,23.9395486],[92.3094532,23.9397664],[92.3094053,23.9403496],[92.3096043,23.941054],[92.3096473,23.9412111],[92.3097306,23.9415153],[92.3096562,23.9419304],[92.3094477,23.9423221],[92.3093237,23.9427147],[92.3093112,23.942842],[92.3092829,23.9431301],[92.3092639,23.9434581],[92.3092749,23.9441365],[92.3093594,23.9452653],[92.309376,23.9452973],[92.3096902,23.945902],[92.3102587,23.9467593],[92.310599,23.9472215],[92.3109016,23.9477489],[92.3109236,23.9482081],[92.3108966,23.9486452],[92.3107051,23.9490369],[92.3105342,23.9493634],[92.3104443,23.9497341],[92.3104816,23.9502155],[92.3105671,23.9504568],[92.3106331,23.9507417],[92.3106795,23.9518828],[92.310534,23.9523408],[92.3102936,23.9527105],[92.3100447,23.9529491],[92.3097745,23.9529906],[92.3094707,23.9530321],[92.3090932,23.9531824],[92.308741,23.9534644],[92.3084281,23.953922],[92.308292,23.9542277],[92.3082703,23.9545779],[92.3082519,23.9551472],[92.3083044,23.9556513],[92.3084667,23.9560027],[92.308764,23.9563331],[92.308979,23.9566412],[92.3090269,23.9567457],[92.3091703,23.9570586],[92.3091999,23.9573873],[92.3089901,23.9578024],[92.308737,23.9581076],[92.3084075,23.958566],[92.308199,23.9589595],[92.3080407,23.9593533],[92.3079914,23.9601424],[92.3079653,23.960559],[92.3082975,23.961384],[92.3088545,23.9620884],[92.3093413,23.9623101],[92.3097057,23.962619],[92.3099977,23.9630152],[92.3100131,23.9633003],[92.3099715,23.9636948],[92.3097187,23.9642638],[92.3095642,23.9645036],[92.3094229,23.9647227],[92.3090138,23.9656973],[92.3088216,23.9663752],[92.3086054,23.9674468],[92.3085995,23.9680818],[92.3087789,23.9684116],[92.3089597,23.9687195],[92.3092417,23.9690063],[92.3094513,23.9691173],[92.3094836,23.9691209],[92.3096663,23.9691409],[92.3100285,23.9692091],[92.3103092,23.9695177],[92.3104248,23.9698032],[92.3103976,23.970241],[92.3103413,23.9706127],[92.3103183,23.9709849],[92.3103629,23.9718722],[92.3103887,23.9722663],[92.3106307,23.9726623],[92.3108653,23.9729049],[92.31152,23.973085],[92.3119028,23.9730878],[92.3123357,23.9730907],[92.3127049,23.9730491],[92.3131991,23.9728768],[92.3139772,23.9727052],[92.3142275,23.9727063],[92.3144528,23.9728387],[92.3146906,23.9730372],[92.3147269,23.9732565],[92.3147229,23.9735853],[92.3149915,23.9743536],[92.3152225,23.9746615],[92.3156814,23.9750581],[92.3158609,23.9751248],[92.3160958,23.9751041],[92.3164918,23.9749095],[92.3167754,23.9749114],[92.3171256,23.9749138],[92.3173467,23.9751125],[92.3173414,23.9754627],[92.3170957,23.9759207],[92.3168113,23.9769921],[92.3168009,23.9776617],[92.3169039,23.9781442],[92.3170808,23.9785175],[92.3173145,23.9787816],[92.3176844,23.9790028],[92.3180459,23.9790927],[92.3189464,23.9790997],[92.3193346,23.9789687],[92.3196781,23.9788568],[92.3199064,23.9788687],[92.3201444,23.9790203],[92.3202264,23.9793822],[92.320216,23.9798127],[92.3202589,23.9801846],[92.3203026,23.9805341],[92.320673,23.9819796],[92.3209253,23.9824521],[92.3212116,23.9827153],[92.3214549,23.9827209],[92.3217586,23.9826233],[92.3218677,23.9827282],[92.3219424,23.9831973],[92.321901,23.9834938],[92.3218349,23.9837681],[92.3217263,23.9841508],[92.3215042,23.9845762],[92.3211424,23.9855504],[92.3211159,23.9858581],[92.3211676,23.9864686],[92.3212564,23.987076],[92.3214141,23.9875616],[92.3216263,23.9877489],[92.3220126,23.9879995],[92.3221983,23.9879207],[92.3227815,23.9880847],[92.3232351,23.9882774],[92.3235811,23.988545],[92.3234202,23.9889369],[92.3230687,23.9893526],[92.3225846,23.9898118],[92.3222587,23.9903573],[92.3221788,23.9910604],[92.3220108,23.9928143],[92.321991,23.9930821],[92.3220131,23.9933731],[92.3221596,23.9939174],[92.3223972,23.9943884],[92.3229871,23.9954326],[92.3243232,23.9962449],[92.3250168,23.9968646],[92.3256442,23.9971834],[92.3261481,23.997438],[92.3261976,23.9977764],[92.3259966,23.9983454],[92.3256162,23.9989615],[92.3253036,23.9994556],[92.3247472,24.0001726],[92.3243194,24.0006648],[92.32391,24.0011378],[92.3238785,24.0011759],[92.3234539,24.0016898],[92.323151,24.002134],[92.3228393,24.0027268],[92.3230839,24.0033476],[92.3234044,24.0035393],[92.3240439,24.003922],[92.3243296,24.0043001],[92.3243617,24.0046511],[92.3238534,24.0052619],[92.3224538,24.0059044],[92.321919,24.0060061],[92.3210203,24.0062318],[92.3206464,24.0064433],[92.3203129,24.0067073],[92.3202428,24.0067628],[92.3196993,24.0072105],[92.3192175,24.0076158],[92.3188956,24.0082115],[92.3188246,24.0089164],[92.3187842,24.0093176],[92.3188572,24.0099703],[92.319093,24.0107557],[92.3195501,24.0112835],[92.3200229,24.0116049],[92.3201591,24.011889],[92.320185,24.0122583],[92.3201957,24.012649],[92.3200579,24.012951],[92.3198397,24.0132735],[92.3196338,24.0134442],[92.3193345,24.0137437],[92.3192758,24.0139816],[92.319284,24.0143074],[92.3193236,24.01459],[92.3193159,24.0149154],[92.319193,24.0151741],[92.3189566,24.0154312],[92.3186711,24.0156657],[92.3184313,24.0157706],[92.3180611,24.0158087],[92.3177238,24.0158471],[92.3173084,24.015971],[92.3170869,24.0161413],[92.3168676,24.0164201],[92.3166812,24.0167429],[92.3165903,24.0170236],[92.3165667,24.0174574],[92.3166104,24.0179019],[92.3166486,24.0181846],[92.316656,24.018532],[92.3165999,24.0189217],[92.3164145,24.0193095],[92.31618,24.0196748],[92.3159269,24.0199314],[92.3155602,24.0201645],[92.3152542,24.0202031],[92.3149153,24.0201979],[92.3146431,24.0203022],[92.3143895,24.0205369],[92.3141067,24.0209448],[92.3139504,24.0212244],[92.3139245,24.0215712],[92.3139315,24.0219401],[92.3140658,24.0222026],[92.3146138,24.0228836],[92.3148628,24.0231478],[92.3151591,24.0233258],[92.3154203,24.0233733],[92.3156807,24.0233772],[92.3159882,24.023295],[92.3161742,24.0229073],[92.3168793,24.0217897],[92.3171837,24.0215773],[92.3177059,24.0215414],[92.3182503,24.021636],[92.3187695,24.0218817],[92.3191294,24.0222336],[92.319479,24.022737],[92.3198162,24.023745],[92.3198232,24.0244391],[92.3197706,24.0248505],[92.3195647,24.0251729],[92.319256,24.0254072],[92.3189422,24.0254897],[92.3180482,24.0256291],[92.3172553,24.0257048],[92.3167274,24.0256973],[92.3162013,24.0256895],[92.3157753,24.0257049],[92.3151068,24.0257816],[92.3147844,24.0259503],[92.3145014,24.0264014],[92.3144909,24.0266398],[92.3150073,24.0276452],[92.3154339,24.028237],[92.3159053,24.028591],[92.3165818,24.0290778],[92.3168422,24.0294284],[92.3169708,24.0297987],[92.316946,24.0300585],[92.3167047,24.0303153],[92.316284,24.0306778],[92.3158616,24.0309752],[92.3154206,24.0311856],[92.3150584,24.0312452],[92.3146796,24.0312829],[92.3143343,24.031321],[92.3135668,24.0315478],[92.3126241,24.0319451],[92.3123811,24.0320714],[92.3121106,24.0324139],[92.3120514,24.0326731],[92.3122231,24.0329794],[92.3124083,24.0331557],[92.3124922,24.0332221],[92.3135336,24.033381],[92.3151481,24.0341856],[92.3154897,24.0344507],[92.3157365,24.0348661],[92.3158158,24.0352575],[92.3159155,24.0357575],[92.3159805,24.0362137],[92.3159926,24.0365824],[92.3160111,24.0371461],[92.3159041,24.037448],[92.3157115,24.0376835],[92.315546,24.0377243],[92.3153122,24.0377208],[92.3149604,24.0376722],[92.3146093,24.0376451],[92.3140598,24.0376164],[92.3136584,24.0376091],[92.3126779,24.0375941],[92.3124317,24.0376769],[92.312144,24.0380408],[92.3120102,24.0385083],[92.3121593,24.039074],[92.3126677,24.0399486],[92.3139813,24.041919],[92.3155873,24.044039],[92.3162516,24.0448733],[92.3164149,24.0452444],[92.3164274,24.0456131],[92.3163559,24.0459803],[92.3162521,24.046342],[92.315964,24.046749],[92.3156883,24.0470263],[92.3144711,24.0482197],[92.3139191,24.0487524],[92.313335,24.0492774],[92.3129114,24.0496386],[92.3126379,24.0499807],[92.3124481,24.0503241],[92.3122952,24.0507765],[92.3122415,24.0511871],[92.3121542,24.0521171],[92.3122869,24.0541191],[92.3123129,24.0544011],[92.3124906,24.0547074],[92.3127312,24.0548848],[92.3130005,24.0549111],[92.3133859,24.0548961],[92.3137168,24.0547502],[92.3140441,24.0544959],[92.3144796,24.0539617],[92.3149627,24.0533417],[92.315309,24.0531526],[92.315934,24.0532501],[92.3165852,24.0536081],[92.3169492,24.053918],[92.3172459,24.0542266],[92.317444,24.0545986],[92.3176085,24.05497],[92.3176542,24.0553176],[92.3176341,24.0557075],[92.3172894,24.0564598],[92.317004,24.0569748],[92.3168291,24.057275],[92.3166346,24.0574992],[92.3165471,24.0576],[92.3164403,24.0577232],[92.3162998,24.0580457],[92.3162649,24.0585001],[92.3162992,24.0594976],[92.3163146,24.0595529],[92.3165282,24.0603156],[92.3169396,24.060995],[92.3178067,24.0616614],[92.3190547,24.0625527],[92.3195718,24.0628231],[92.3197512,24.0631086],[92.3198459,24.0633923],[92.3198583,24.0637396],[92.3196729,24.0642344],[92.3194259,24.0644244],[92.3189095,24.0646524],[92.317299,24.0659645],[92.3167954,24.066532],[92.3164693,24.0673492],[92.3165006,24.0679343],[92.3165521,24.0697126],[92.3165636,24.0700378],[92.3168096,24.0703027],[92.3169796,24.0703278],[92.317302,24.0703559],[92.3176067,24.0703621],[92.3179785,24.070348],[92.3183442,24.0701606],[92.318783,24.0701264],[92.3193922,24.0701179],[92.3203221,24.0707347],[92.3205187,24.0710211],[92.3212903,24.0726874],[92.3213013,24.0729914],[92.3213192,24.0734906],[92.3212856,24.0744441],[92.3211279,24.0752429],[92.3208059,24.0761894],[92.3205113,24.076486],[92.3200642,24.0767789],[92.3194479,24.0770626],[92.3190979,24.077228],[92.3188852,24.0774398],[92.3188606,24.0776995],[92.3192508,24.0781856],[92.3195423,24.0782791],[92.3200027,24.078355],[92.3204948,24.0783669],[92.3209985,24.0782275],[92.3215541,24.078111],[92.3221136,24.0781035],[92.3226364,24.078117],[92.3226911,24.0781184],[92.3232363,24.0781761],[92.3236382,24.0784905],[92.3239736,24.0788466],[92.3240093,24.0789272],[92.3241586,24.0792639],[92.3241396,24.0796757],[92.3238972,24.0800163],[92.32307,24.0806094],[92.3223713,24.0810032],[92.3222278,24.0812599],[92.3221871,24.0815408],[92.3222838,24.0818688],[92.3227384,24.0827052],[92.3232263,24.0835211],[92.3235661,24.0844632],[92.3239392,24.0853847],[92.3243933,24.0861997],[92.3246659,24.087335],[92.3248222,24.0881736],[92.3248583,24.0896067],[92.3249093,24.090889],[92.3249153,24.0910401],[92.3250644,24.0921713],[92.3251344,24.0933747],[92.3250828,24.095567],[92.3249085,24.0971522],[92.3249191,24.0975866],[92.3251716,24.0983167],[92.3257493,24.0990518],[92.3259966,24.0991689],[92.3262238,24.0992764],[92.3266713,24.099545],[92.327359,24.100576],[92.3276684,24.1014877],[92.3276552,24.1031126],[92.327641,24.1034549],[92.3272219,24.1041924],[92.3268978,24.1044395],[92.3265394,24.1045006],[92.3261901,24.1045044],[92.3255218,24.1043559],[92.3251263,24.1042579],[92.324212,24.1037574],[92.3236996,24.1036784],[92.3232738,24.1036452],[92.3229871,24.1037025],[92.3226767,24.1040412],[92.3226212,24.1043869],[92.3226516,24.1047567],[92.3228698,24.1051531],[92.3232102,24.1056398],[92.3238767,24.1062219],[92.324486,24.1066291],[92.3249723,24.1069243],[92.3250789,24.1069892],[92.3253542,24.1073485],[92.3254967,24.1077439],[92.3256243,24.1090232],[92.3256465,24.1095107],[92.325786,24.1098966],[92.3260881,24.1102053],[92.3270531,24.1108965],[92.3275885,24.1113947],[92.3278508,24.1116892],[92.3279145,24.1119446],[92.3278795,24.1122577],[92.327764,24.1124945],[92.3276807,24.1125073],[92.3276059,24.1125188],[92.327272,24.1125267],[92.3268824,24.1123691],[92.3265597,24.1123846],[92.3254698,24.1125632],[92.3250212,24.1126994],[92.3248092,24.1129478],[92.3251209,24.1136402],[92.3250076,24.1140013],[92.3246955,24.1142966],[92.3243574,24.1148083],[92.3242988,24.1150671],[92.3243106,24.1153929],[92.3244221,24.1156562],[92.3245846,24.1159211],[92.3248854,24.1162546],[92.3252096,24.1164708],[92.325258,24.1165031],[92.3252098,24.1164642],[92.3248093,24.11614],[92.3248775,24.1159574],[92.3252324,24.1158616],[92.325362,24.1158266],[92.3257716,24.1157811],[92.3260724,24.1158565],[92.3264993,24.1161038],[92.326925,24.1165838],[92.3271054,24.1170047],[92.326996,24.1174782],[92.3266568,24.1178979],[92.3258562,24.1184897],[92.3253134,24.1188509],[92.3248742,24.1192746],[92.3247428,24.1196778],[92.3249925,24.1204712],[92.3251683,24.1212402],[92.3250281,24.1213227],[92.3248107,24.1214506],[92.3245835,24.1221928],[92.3247365,24.1242798],[92.3251801,24.1267007],[92.3254727,24.1284665],[92.3253636,24.1291318],[92.3255667,24.1301259],[92.3257922,24.1315718],[92.3258512,24.1320461],[92.3258562,24.1324934],[92.3257818,24.1330755],[92.3251612,24.1342979],[92.324894,24.1349724],[92.3247864,24.1352438],[92.3246178,24.1358471],[92.3247489,24.1368524],[92.3249577,24.13734],[92.3247836,24.138628],[92.3245562,24.1394335],[92.3245783,24.1394802],[92.3247702,24.1396309],[92.3251268,24.1397273],[92.3261616,24.1396545],[92.326941,24.1394978],[92.3275336,24.1393275],[92.3283778,24.1390988],[92.3292036,24.1389735],[92.3299158,24.1390757],[92.3301975,24.139239],[92.3304803,24.1394348],[92.3307022,24.1396941],[92.3309257,24.140323],[92.3309323,24.1407395],[92.3306904,24.1412166],[92.3302587,24.141467],[92.32943,24.1420026],[92.3291561,24.1422568],[92.3289443,24.1425116],[92.3287383,24.1431189],[92.3290259,24.143857],[92.3301748,24.1461102],[92.3308289,24.1481054],[92.3311873,24.1490527],[92.3312305,24.1498222],[92.331238,24.1503028],[92.3317311,24.1517851],[92.331645,24.1522959],[92.3309983,24.1530211],[92.3307519,24.1532731],[92.3302904,24.1535285],[92.3301327,24.1536157],[92.3297613,24.1537708],[92.3293302,24.1540216],[92.3289048,24.1545935],[92.3287263,24.1550721],[92.3286709,24.1555197],[92.3284771,24.1570865],[92.328443,24.1590703],[92.3285313,24.1610355],[92.3285945,24.1622032],[92.3286145,24.1625721],[92.3289826,24.1644962],[92.3286341,24.1662519],[92.3282063,24.1666952],[92.3277474,24.1670114],[92.3271074,24.1672972],[92.3265615,24.1672994],[92.3258782,24.167534],[92.3257315,24.1675963],[92.325217,24.1678148],[92.3244227,24.1681818],[92.3240183,24.1686169],[92.3238615,24.1691386],[92.3238371,24.169626],[92.3238265,24.1700514],[92.3238658,24.1712343],[92.3244808,24.1723206],[92.3250552,24.1727832],[92.3256084,24.1731774],[92.3259086,24.1735546],[92.3260326,24.1739679],[92.3260424,24.1749574],[92.3259929,24.1760431],[92.3259373,24.1765059],[92.3261257,24.1772388],[92.3265268,24.1777172],[92.3267287,24.1778983],[92.3269923,24.1781348],[92.3274897,24.178331],[92.3282693,24.1784375],[92.3303373,24.1783128],[92.3313459,24.1783637],[92.3318554,24.1786937],[92.3320574,24.1795612],[92.3319353,24.1798466],[92.3316862,24.1800972],[92.3307793,24.1806547],[92.3302468,24.1808684],[92.3297746,24.1808599],[92.3289581,24.1808464],[92.327707,24.180827],[92.3270241,24.1808827],[92.3265348,24.181294],[92.326293,24.1816761],[92.3261824,24.1828568],[92.3259823,24.1843243],[92.3256534,24.1851214],[92.325446,24.1855234],[92.3251356,24.185899],[92.3249684,24.1861013],[92.324297,24.1865974],[92.323648,24.1870023],[92.3226378,24.1880112],[92.3224674,24.1883479],[92.3224273,24.1887219],[92.3225133,24.1893523],[92.3227038,24.1896743],[92.3232237,24.189951],[92.3242184,24.1902837],[92.3251484,24.1903997],[92.3254111,24.1904872],[92.3258271,24.1906257],[92.3261709,24.1909152],[92.326362,24.1913636],[92.3261173,24.191839],[92.3256217,24.1919621],[92.3249451,24.1919601],[92.3241041,24.1919693],[92.3232511,24.1923806],[92.3222495,24.1929337],[92.3219763,24.193274],[92.3217863,24.1937769],[92.3217728,24.194183],[92.3219137,24.1945864],[92.3223093,24.1949097],[92.3229169,24.1951821],[92.3236379,24.1951444],[92.3243839,24.1951322],[92.3250298,24.1953236],[92.3254359,24.1956453],[92.3258768,24.1960652],[92.3260859,24.1965165],[92.3261608,24.1968763],[92.3260769,24.1970671],[92.3256144,24.1974272],[92.3244845,24.1976955],[92.3220078,24.1974949],[92.3218566,24.1974826],[92.3205185,24.1972925],[92.3199282,24.1973068],[92.3194456,24.1975689],[92.3191187,24.1978585],[92.3188863,24.1982398],[92.3188315,24.1986167],[92.3188519,24.1990855],[92.318869,24.199131],[92.3191184,24.1997945],[92.3193876,24.2005106],[92.3199112,24.2013095],[92.3206014,24.2019354],[92.3215145,24.203097],[92.3215819,24.2034386],[92.3215375,24.2037321],[92.3211087,24.2041198],[92.3208251,24.2043489],[92.3205575,24.2044262],[92.3202134,24.2044113],[92.3198158,24.2042404],[92.3194567,24.2042519],[92.3190466,24.2046372],[92.3186496,24.2050835],[92.3180731,24.2053501],[92.3177713,24.205422],[92.3173089,24.2055298],[92.3169904,24.2055707],[92.3160897,24.2057534],[92.3154269,24.2059284],[92.3150602,24.2060946],[92.3147035,24.2063852],[92.3145233,24.2066706],[92.3144264,24.2068911],[92.3142931,24.2072992],[92.3141616,24.2088392],[92.3141852,24.2096077],[92.3143564,24.210151],[92.3146347,24.2105012],[92.3150908,24.2105637],[92.3155022,24.2105931],[92.3158829,24.2107893],[92.3162481,24.2111307],[92.3163355,24.2114929],[92.3162663,24.2118044],[92.3161427,24.2120983],[92.3158887,24.2124975],[92.3154585,24.2130668],[92.3150889,24.2135345],[92.3147548,24.2138853],[92.3145963,24.2141581],[92.3141892,24.2150347],[92.3138995,24.2157195],[92.313413,24.2163929],[92.3130876,24.2166724],[92.3128177,24.2167551],[92.3123537,24.2168409],[92.31198,24.2168828],[92.3116391,24.2169131],[92.3112011,24.2173403],[92.3108585,24.2178431],[92.3107303,24.2182061],[92.3106777,24.2186251],[92.3107516,24.2191433],[92.3109803,24.2194379],[92.3111068,24.2196829],[92.3111798,24.2198957],[92.3110841,24.220145],[92.3109123,24.2204559],[92.3106402,24.2209212],[92.3104096,24.2212731],[92.310075,24.2216876],[92.3093991,24.2222625],[92.3081435,24.2225239],[92.3069887,24.2226],[92.3062359,24.2225257],[92.3057709,24.2226779],[92.3050211,24.2232061],[92.3042821,24.2235093],[92.3035539,24.2241184],[92.303158,24.2247216],[92.3027752,24.2252304],[92.3023905,24.2256132],[92.3019906,24.2259637],[92.301559,24.2265682],[92.3011615,24.2272049],[92.3008473,24.2277786],[92.3004695,24.2284364],[92.2995212,24.2292968],[92.2987648,24.2299314],[92.2982341,24.2304066],[92.2977766,24.2309153],[92.2973517,24.23149],[92.2971304,24.2319728],[92.2970698,24.2323951],[92.2970462,24.2328184],[92.2970327,24.2330443],[92.2970209,24.2332419],[92.2968867,24.2337938],[92.2966371,24.2343768],[92.2954237,24.2365664],[92.2951642,24.2373509],[92.2949661,24.2383359],[92.294883,24.2393243],[92.2949535,24.2406416],[92.2948054,24.241762],[92.2944121,24.242564],[92.2940173,24.2434687],[92.293474,24.245069],[92.2930585,24.2460521],[92.2929253,24.2471096],[92.2927504,24.2479549],[92.2925551,24.2485571],[92.2924533,24.248946],[92.2924582,24.2493291],[92.292534,24.2498633],[92.2925769,24.249996],[92.2925337,24.2501241],[92.2923799,24.2503905],[92.2912949,24.251252],[92.2897117,24.2518358],[92.2895925,24.2523534],[92.2823379,24.2521703],[92.2763748,24.2519553],[92.2671901,24.2517371],[92.2592268,24.25139],[92.2505749,24.2510747],[92.2487147,24.2509919],[92.2470048,24.2508707],[92.2346443,24.2505825],[92.2313906,24.2505849],[92.227285,24.2504611],[92.2227688,24.2503057],[92.2173887,24.2501279],[92.2166385,24.2500945],[92.2128724,24.2499268],[92.2138041,24.2516862],[92.2143826,24.2528923],[92.2150351,24.2543482],[92.2156765,24.2557842],[92.2169348,24.2585152],[92.2182862,24.2614665],[92.2188649,24.2628067],[92.2201597,24.2655518],[92.2214114,24.2682581],[92.2219692,24.2695408],[92.2226744,24.2710283],[92.2232672,24.272311],[92.2245039,24.275124],[92.2257623,24.2779891],[92.2264804,24.2794442],[92.2270633,24.2807674],[92.2276004,24.2819862],[92.228282,24.28345],[92.2295202,24.2861468],[92.230148,24.287589],[92.230883,24.289106],[92.2322694,24.2920616],[92.2333354,24.2943657],[92.2333354,24.2943721],[92.234291,24.2964142],[92.2352785,24.2985001],[92.2357459,24.2995275],[92.2363319,24.3008612],[92.236992,24.3022126],[92.2375572,24.3035335],[92.2385846,24.3057556],[92.2392468,24.3071026],[92.2399234,24.3084874],[92.2405162,24.3098758],[92.2415804,24.3121614],[92.2425899,24.3142989],[92.2432248,24.3156134],[92.2438565,24.3170197],[92.2444621,24.3184857],[92.2450961,24.3197834],[92.2459808,24.3217072],[92.2463488,24.3226102],[92.2464653,24.3228595],[92.2465185,24.3229634],[92.2470024,24.3237808],[92.2470036,24.3237832],[92.2472225,24.32425],[92.2476303,24.3253383],[92.2484611,24.3271763],[92.2491886,24.3288336],[92.2498423,24.3304005],[92.2508501,24.3325591],[92.2514694,24.3340087],[92.2526886,24.3368761],[92.2535338,24.3392107],[92.2543303,24.3409809],[92.2556333,24.3437897],[92.2563069,24.3453477],[92.2576695,24.3478089],[92.2584267,24.3496152],[92.2589775,24.3507848],[92.2595305,24.3519206],[92.2609498,24.3548355],[92.2618696,24.3566734],[92.2624891,24.3582178],[92.2630056,24.3592338],[92.2636747,24.3605525],[92.264422,24.3624986],[92.2657299,24.3660161],[92.2661726,24.3669599],[92.2664877,24.3672987],[92.2669656,24.3674932],[92.2677835,24.3676879],[92.2681382,24.3678777],[92.2682069,24.3681892],[92.2680831,24.3688708],[92.2680284,24.3694711],[92.2682246,24.3704463],[92.268579,24.3709793],[92.2687364,24.371354],[92.2687558,24.3717919],[92.2686126,24.3722162],[92.2683804,24.372866],[92.2683997,24.373349],[92.2685027,24.3738863],[92.2686453,24.3743242],[92.2686303,24.3746493],[92.2684525,24.3749516],[92.2678999,24.3758135],[92.2678107,24.3762377],[92.2678644,24.3768697],[92.2680605,24.3781068],[92.2683068,24.3783507],[92.2688586,24.378464],[92.269938,24.3784962],[92.2719192,24.3785112],[92.272417,24.3785612],[92.2727323,24.3787239],[92.2728947,24.3789677],[92.2729093,24.3791483],[92.2727317,24.3794236],[92.2720069,24.3798474],[92.2711244,24.3801177],[92.2708237,24.3803477],[92.2707692,24.3806727],[92.2708378,24.3811106],[92.271069,24.3816434],[92.2711227,24.3821806],[92.2709597,24.3826048],[92.2706244,24.3827988],[92.2701464,24.3828797],[92.2698112,24.3827982],[92.2692792,24.3824412],[92.2690476,24.3823734],[92.2688702,24.3823912],[92.2687468,24.3825717],[92.2686372,24.3840613],[92.2687997,24.3843053],[92.2690262,24.3844994],[92.2694548,24.3846939],[92.2700215,24.3848252],[92.2707115,24.3849069],[92.2711501,24.3849523],[92.2715737,24.3851829],[92.2720169,24.3857023],[92.2727802,24.3865605],[92.2734549,24.387211],[92.2738784,24.3876988],[92.2740359,24.388042],[92.2740899,24.3883174],[92.2738626,24.3890756],[92.2732208,24.3904069],[92.2724754,24.3917516],[92.2720165,24.3923607],[92.2716762,24.3926358],[92.2713753,24.3928162],[92.2709858,24.3929152],[92.2704734,24.3928472],[92.2697292,24.3926526],[92.2693547,24.3925395],[92.2691082,24.3925393],[92.2690193,24.3927649],[92.2690678,24.3936587],[92.2691415,24.3939838],[92.2694073,24.3944219],[92.2702938,24.3953975],[92.270737,24.3959531],[92.2708057,24.3962782],[92.2707859,24.3964407],[92.270608,24.3969281],[92.2700948,24.3976003],[92.2693349,24.398471],[92.2689601,24.3987145],[92.2686051,24.3988903],[92.2681121,24.398908],[92.2677228,24.398795],[92.2672595,24.3987449],[92.2667616,24.3987446],[92.2663574,24.3987939],[92.265894,24.3989381],[92.2653271,24.3990054],[92.2644595,24.3989551],[92.2641391,24.3989549],[92.263675,24.3997986],[92.2632847,24.4007419],[92.2632697,24.4010488],[92.2633927,24.4014055],[92.2632691,24.4017801],[92.2627217,24.4020415],[92.2624701,24.4022038],[92.2623663,24.4025424],[92.2623803,24.4034046],[92.2623993,24.4042803],[92.2625946,24.4063073],[92.2625941,24.4069393],[92.2625199,24.4073455],[92.2622186,24.4079457],[92.2619916,24.4081892],[92.2617745,24.4084148],[92.261725,24.4086901],[92.2617741,24.4089024],[92.2618823,24.4090965],[92.2620054,24.4092455],[92.2624491,24.409291],[92.2629816,24.4092463],[92.2632821,24.4093097],[92.2634941,24.4094723],[92.2635476,24.4102172],[92.2634239,24.4107724],[92.2632806,24.4111921],[92.2628365,24.4115845],[92.2623032,24.4126134],[92.2618984,24.4132631],[92.2614346,24.413669],[92.2606553,24.4140431],[92.2602016,24.414282],[92.2592691,24.4150984],[92.2588101,24.4156352],[92.2585187,24.4162624],[92.2570583,24.4174801],[92.2566437,24.4179176],[92.2564857,24.4182426],[92.2563965,24.4187797],[92.2563222,24.4191633],[92.2560459,24.4193437],[92.255528,24.4196683],[92.2549064,24.4200244],[92.25464,24.4201371],[92.2544819,24.4205342],[92.254338,24.4215001],[92.2543031,24.4218928],[92.2543718,24.4222991],[92.254697,24.422498],[92.2551553,24.4227061],[92.255441,24.4230177],[92.2555837,24.4233428],[92.255864,24.4240067],[92.2560412,24.4243589],[92.2564255,24.4246752],[92.2565388,24.4248377],[92.2565187,24.4251447],[92.2560596,24.4257944],[92.2559161,24.4262999],[92.256182,24.4267064],[92.2564625,24.427325],[92.2566535,24.4286252],[92.256515,24.429221],[92.2564602,24.4298033],[92.2566915,24.4302413],[92.2568874,24.4316092],[92.2568871,24.4320155],[92.2569756,24.4322594],[92.2571529,24.4325168],[92.2577198,24.4326301],[92.2583312,24.4326938],[92.2587058,24.4327933],[92.258952,24.4330508],[92.2593604,24.4340263],[92.2593602,24.4342384],[92.2591867,24.4353307],[92.259398,24.4361253],[92.2592197,24.4368746],[92.2590761,24.4376238],[92.2590559,24.4380616],[92.2592331,24.4384816],[92.2593412,24.438906],[92.2593951,24.439213],[92.2592323,24.439425],[92.2587735,24.4395375],[92.2577971,24.4397671],[92.2572643,24.4399743],[92.2566279,24.44038],[92.2563073,24.4404611],[92.2556516,24.4403793],[92.2550846,24.4402028],[92.2542464,24.4401841],[92.253842,24.4402018],[92.2534672,24.4403143],[92.2532202,24.4407204],[92.2532198,24.4412802],[92.2533082,24.4415917],[92.2534164,24.4418672],[92.2534704,24.4420433],[92.2533273,24.4422237],[92.25313,24.4423229],[92.2528291,24.4424039],[92.2525825,24.4424172],[92.2524939,24.4423539],[92.2524594,24.442223],[92.2524596,24.4420289],[92.2524252,24.4419161],[92.2522626,24.4418346],[92.2521048,24.441848],[92.251197,24.4423033],[92.2510193,24.4425152],[92.2508957,24.4428086],[92.2506835,24.4430341],[92.2502788,24.4433723],[92.2500125,24.4434217],[92.2498005,24.4433719],[92.2490362,24.4434029],[92.2481482,24.4437633],[92.2480791,24.4438581],[92.2479554,24.4442823],[92.2479354,24.4445396],[92.2479007,24.4447201],[92.2476343,24.4448328],[92.2467099,24.4450926],[92.2459003,24.445084],[92.2453718,24.444838],[92.2446208,24.4444867],[92.2440739,24.4447223],[92.2427843,24.4453202],[92.2426063,24.4454092],[92.2425419,24.4454681],[92.2418908,24.4461429],[92.2413409,24.4467028],[92.2400853,24.4471373],[92.2390267,24.4474613],[92.2385674,24.4482463],[92.2385277,24.4483952],[92.2384287,24.4487473],[92.2383645,24.4488601],[92.238014,24.4492344],[92.2376636,24.4495411],[92.2374221,24.4493738],[92.2372051,24.4493737],[92.2369634,24.4494367],[92.2367413,24.4495629],[92.2358625,24.4506093],[92.2357389,24.4507853],[92.2357536,24.4509613],[92.235748,24.451494],[92.2356834,24.4520627],[92.2352589,24.4523467],[92.2350518,24.4523059],[92.2349729,24.4523419],[92.2349235,24.452405],[92.2348739,24.4526081],[92.2348539,24.4529377],[92.2348684,24.4531679],[92.2349274,24.4534162],[92.2350405,24.453642],[92.2350947,24.4536963],[92.2352523,24.4538363],[92.2354889,24.4539945],[92.235617,24.4540668],[92.2359275,24.4542297],[92.2360901,24.4543427],[92.2361591,24.4544195],[92.2363462,24.4546544],[92.23642,24.4548441],[92.2365913,24.456063],[92.2365364,24.4565775],[92.2364412,24.4579498],[92.2364264,24.4580085],[92.236367,24.458189],[92.2362091,24.4583017],[92.2359673,24.4584053],[92.2357601,24.4584322],[92.235553,24.458459],[92.2347781,24.4590226],[92.2346695,24.4591579],[92.2342105,24.459469],[92.2338699,24.4596989],[92.2329917,24.4601179],[92.2324441,24.4602618],[92.2313979,24.4608522],[92.2303814,24.4613116],[92.230263,24.4613522],[92.230184,24.4615146],[92.2299217,24.4622411],[92.2298224,24.4628098],[92.2300091,24.4634736],[92.2303488,24.4639794],[92.2306579,24.4653656],[92.2306622,24.4660292],[92.2304149,24.466677],[92.2307592,24.4672176],[92.2312922,24.4680621],[92.2312821,24.4689029],[92.2312565,24.4689957],[92.2310883,24.469429],[92.2309125,24.4698745],[92.2307196,24.4703342],[92.2306423,24.4705183],[92.2304309,24.4707784],[92.2305975,24.4714339],[92.2309888,24.4719778],[92.2314733,24.4735225],[92.2332746,24.4731544],[92.2342957,24.4738963],[92.2347473,24.4745668],[92.2331535,24.4762286],[92.232818,24.4781404],[92.2313997,24.4799295],[92.2313254,24.480036],[92.2315093,24.4801366],[92.2317606,24.4802903],[92.2318445,24.4803536],[92.231938,24.4804755],[92.2321005,24.4807285],[92.2327011,24.4818666],[92.2328093,24.4821059],[92.2328683,24.482246],[92.2332815,24.4832665],[92.2333552,24.4835193],[92.2333846,24.4837316],[92.2333794,24.483858],[92.2333841,24.4840837],[92.2334778,24.4841921],[92.2336554,24.4842148],[92.2338626,24.4841564],[92.234134,24.4840393],[92.2342771,24.4839581],[92.2344795,24.4838184],[92.2346719,24.4837554],[92.234815,24.4837465],[92.234963,24.4837375],[92.2353082,24.4837604],[92.2355104,24.4837832],[92.2357126,24.4838331],[92.2366096,24.4845245],[92.236649,24.4845878],[92.2364959,24.4847817],[92.2359971,24.4852913],[92.2351279,24.4861934],[92.2348994,24.4869164],[92.2351209,24.4871274],[92.2355511,24.4875324],[92.2357661,24.4877336],[92.2365775,24.4887141],[92.236167,24.4894426],[92.2352263,24.4909246],[92.2347753,24.4916427],[92.2346032,24.4917955],[92.234149,24.4921983],[92.2337006,24.4925081],[92.2331081,24.4929108],[92.2327162,24.4931792],[92.2321785,24.4937341],[92.2320191,24.4938998],[92.2316881,24.4942458],[92.2314158,24.4947897],[92.2312048,24.495213],[92.2308864,24.4966317],[92.2308258,24.4972113],[92.2307337,24.4981509],[92.2306068,24.4995925],[92.2305843,24.4999394],[92.2305308,24.5006691],[92.2305172,24.5008378],[92.2304545,24.5015492],[92.2304391,24.5017103],[92.2298606,24.5023412],[92.2297216,24.5023595],[92.2295833,24.5023777],[92.2290679,24.5024451],[92.2289012,24.5024668],[92.228381,24.5025128],[92.2280983,24.5025367],[92.2275521,24.5025827],[92.227271,24.5026063],[92.2266674,24.5026568],[92.2265118,24.5026671],[92.2257143,24.5026983],[92.2247597,24.5027353],[92.2233879,24.5027876],[92.2228562,24.5028078],[92.2221536,24.502836],[92.2191784,24.5030786],[92.2163372,24.5033312],[92.2138659,24.5037128],[92.2134607,24.503843],[92.2129365,24.5040118],[92.2127364,24.5037483],[92.2126579,24.5036738],[92.2126109,24.503668],[92.2125157,24.5036681],[92.2123967,24.5037118],[92.2111953,24.5042007],[92.2110547,24.5042793],[92.2108695,24.50438],[92.2108296,24.5043913],[92.2107496,24.5044017],[92.210631,24.5044005],[92.2105056,24.5043963],[92.2100975,24.5043736],[92.2095844,24.5042745],[92.2084955,24.504565],[92.2083495,24.5049815],[92.208114,24.5054377],[92.2079732,24.5056845],[92.2077342,24.5060398],[92.207708,24.5060692],[92.2076406,24.5061268],[92.207287,24.5061598],[92.2061425,24.5064297],[92.2061192,24.5065264],[92.2060909,24.5066185],[92.2060531,24.5066558],[92.205962,24.5066985],[92.2058162,24.5067619],[92.2056967,24.506805],[92.2055322,24.5068565],[92.2054058,24.5068875],[92.2033761,24.5072612],[92.2023084,24.5073496],[92.2016331,24.5078892],[92.201379,24.5085056],[92.2007625,24.5088762],[92.200554,24.5098967],[92.200114,24.5109287],[92.1998181,24.511238],[92.1991358,24.5113288],[92.1988393,24.5113601],[92.1987133,24.51136],[92.198654,24.5113177],[92.198624,24.511277],[92.1986084,24.5111599],[92.1986047,24.5109602],[92.1985917,24.5107422],[92.1985833,24.5106517],[92.1983679,24.510443],[92.1982064,24.5104661],[92.1979865,24.5105003],[92.1968823,24.5109003],[92.1964366,24.5112592],[92.195987,24.5116511],[92.1959161,24.5119589],[92.1959019,24.5120415],[92.1959148,24.5121278],[92.1959688,24.5122505],[92.1958045,24.5129859],[92.1946685,24.5143498],[92.1945274,24.5145105],[92.193699,24.5153509],[92.1929774,24.5160043],[92.1927168,24.5170068],[92.1927193,24.5175901],[92.1926865,24.5180495],[92.1926579,24.5181571],[92.1926451,24.5181852],[92.1925843,24.5182044],[92.1923671,24.5182625],[92.1923352,24.518263],[92.1920717,24.5181101],[92.1918806,24.5179925],[92.1917902,24.5179209],[92.1917231,24.5178915],[92.1913979,24.5177845],[92.191315,24.5177663],[92.1911121,24.5177244],[92.1910804,24.5177382],[92.1901925,24.5182144],[92.1895442,24.5185554],[92.1892864,24.5186482],[92.1889944,24.5186831],[92.188756,24.5186673],[92.1886292,24.5186461],[92.1885613,24.5186423],[92.1882574,24.5188319],[92.1881723,24.518905],[92.1880703,24.5189991],[92.1880352,24.5190459],[92.1880148,24.5190961],[92.1880075,24.5191327],[92.1880241,24.5192372],[92.1881058,24.5196339],[92.1881475,24.5198037],[92.1882308,24.5201395],[92.1882572,24.520273],[92.18822,24.5204939],[92.1881094,24.5208461],[92.188016,24.521052],[92.1879523,24.5211321],[92.1879051,24.5211682],[92.1878465,24.5211654],[92.1876249,24.521125],[92.1872509,24.5210147],[92.1869407,24.5208641],[92.186718,24.5208081],[92.186519,24.5207741],[92.1863191,24.5207621],[92.186275,24.5207686],[92.1861214,24.5208022],[92.186094,24.5208257],[92.1860406,24.5209421],[92.1860054,24.5210248],[92.1859828,24.5211003],[92.1859852,24.5211638],[92.186003,24.5212352],[92.1860491,24.5214079],[92.1860895,24.521546],[92.1861212,24.5216878],[92.186137,24.5217916],[92.186135,24.5218194],[92.1861283,24.521868],[92.1860774,24.5221983],[92.1860516,24.522305],[92.1859864,24.5224043],[92.1856794,24.5227524],[92.1854471,24.5229744],[92.1853822,24.5230147],[92.1849702,24.5232222],[92.1848302,24.5232382],[92.1847556,24.5232371],[92.1846147,24.5232022],[92.1845063,24.5231472],[92.1840459,24.5228502],[92.1840088,24.5228253],[92.1838308,24.5226963],[92.1836185,24.5225573],[92.1834196,24.5224598],[92.1833776,24.5224454],[92.1828278,24.5224411],[92.182758,24.5224895],[92.1826234,24.5225933],[92.1825815,24.5226552],[92.1823572,24.5230333],[92.1823335,24.5231203],[92.182332,24.5231782],[92.1823515,24.5233455],[92.1823639,24.5233997],[92.1824092,24.5234602],[92.1824438,24.5234863],[92.1824489,24.5235591],[92.1824336,24.5236171],[92.182378,24.5236885],[92.1822736,24.5237913],[92.1822208,24.5238062],[92.1821285,24.5238076],[92.1820241,24.5237755],[92.1817824,24.5236847],[92.1815802,24.523607],[92.1813936,24.5235021],[92.1811608,24.5233587],[92.1809574,24.5232149],[92.1808399,24.523082],[92.1807004,24.5229176],[92.1806064,24.522755],[92.1805339,24.5225969],[92.1802306,24.5226995],[92.1803713,24.5232214],[92.1803555,24.5233833],[92.180306,24.5236044],[92.1801487,24.5237856],[92.1800884,24.5238527],[92.1798459,24.5240596],[92.179801,24.5240946],[92.1796513,24.5241018],[92.1793049,24.5238989],[92.1791477,24.5237911],[92.1789552,24.5236544],[92.1784914,24.5233236],[92.1775784,24.5233106],[92.1765477,24.5233018],[92.1763096,24.5233103],[92.1762668,24.5233134],[92.1761896,24.5233366],[92.1759487,24.5234823],[92.1758987,24.5235321],[92.1758871,24.5236302],[92.1760507,24.5239412],[92.1761248,24.5241849],[92.1763535,24.5249847],[92.1764199,24.5252506],[92.1764317,24.5253116],[92.1763647,24.5261918],[92.176311,24.5263249],[92.176269,24.5263721],[92.1761258,24.5264477],[92.1759419,24.5264897],[92.1757606,24.5265292],[92.1756298,24.5265532],[92.175568,24.5265395],[92.1748087,24.5265878],[92.1736042,24.527184],[92.1732436,24.5276671],[92.1726608,24.5285918],[92.1723994,24.5292301],[92.1719277,24.5297907],[92.1706299,24.5308487],[92.1698997,24.5314721],[92.169609,24.5316797],[92.1694872,24.5317526],[92.1694258,24.5317658],[92.1692083,24.5317275],[92.1690891,24.5316509],[92.1686383,24.5312929],[92.1683981,24.5310394],[92.1683269,24.5309499],[92.1681154,24.5308012],[92.1679135,24.5307382],[92.1678491,24.5307343],[92.1677052,24.5307683]]]}},{"type":"Feature","id":"in-tripura-d-653","properties":{"id":"in-tripura-d-653","name":"Sepahijala","region":"in-tripura","level":"district","parent":"","source":"LGD via Bharatlas · 2024 snapshot","state_lgd":16,"district_lgd":653,"center":[91.33152549670478,23.58504850297717],"bbox":[91.1491985,23.276504,91.5765125,23.787093]},"geometry":{"type":"Polygon","coordinates":[[[91.568282,23.7823171],[91.5680352,23.7841313],[91.5682524,23.7850854],[91.5676554,23.7855764],[91.5675064,23.785699],[91.5671188,23.7863548],[91.5660139,23.787093],[91.565718,23.7870922],[91.5655435,23.7870299],[91.5641076,23.7862349],[91.562775,23.785741],[91.5616786,23.7850156],[91.5614051,23.7846536],[91.5607725,23.7839015],[91.5594884,23.7827701],[91.5589789,23.7825519],[91.5577238,23.7823316],[91.5572809,23.7823303],[91.5567819,23.7823289],[91.5563499,23.782436],[91.5559562,23.7827598],[91.5555614,23.7834449],[91.5555589,23.7841673],[91.555125,23.784816],[91.5541811,23.785355],[91.5533564,23.7855332],[91.5520611,23.7855655],[91.5515988,23.7850369],[91.5515198,23.7846097],[91.5514335,23.7839863],[91.5516307,23.7823612],[91.5518278,23.7810069],[91.5518771,23.7805555],[91.5512886,23.7802843],[91.5505038,23.7801033],[91.5496207,23.7801028],[91.548983,23.779967],[91.5487378,23.7798315],[91.5484926,23.7796056],[91.548493,23.779109],[91.5485422,23.7787479],[91.5480586,23.7778691],[91.5476602,23.7770319],[91.5472036,23.7765355],[91.5467978,23.7761197],[91.5467906,23.7761123],[91.5446859,23.7739555],[91.5440644,23.7729865],[91.5434643,23.7720506],[91.5425909,23.7706766],[91.5416839,23.7691192],[91.541393,23.7686197],[91.5409192,23.7683124],[91.5400641,23.7683535],[91.5389388,23.7685998],[91.5387453,23.7686422],[91.5383311,23.7686542],[91.536976,23.76865],[91.5365965,23.7685178],[91.5360421,23.7677986],[91.5356511,23.7672915],[91.5345812,23.7664299],[91.5336325,23.7661211],[91.53259,23.7654626],[91.5318801,23.7647613],[91.531075,23.764147],[91.5304102,23.7641012],[91.5296979,23.7640991],[91.5289382,23.7640531],[91.5273286,23.7626499],[91.5264757,23.7621228],[91.5256684,23.7621204],[91.5248809,23.7622558],[91.5240525,23.7624212],[91.5223424,23.762547],[91.5212501,23.7625436],[91.5203971,23.7620664],[91.5204411,23.7607665],[91.5205998,23.7602974],[91.5207581,23.7599368],[91.5209192,23.7588176],[91.5209212,23.7582759],[91.5208902,23.7574273],[91.5208107,23.7563254],[91.5201452,23.7558898],[91.5192824,23.7557788],[91.5181442,23.7558475],[91.517968,23.7555449],[91.5177524,23.7544451],[91.517756,23.7534849],[91.5169785,23.7509557],[91.5168799,23.7506494],[91.5163068,23.7505034],[91.5157331,23.7505016],[91.5151515,23.7510599],[91.5146861,23.7515066],[91.5142162,23.7516492],[91.5132254,23.751598],[91.5125478,23.7514999],[91.5119225,23.7513538],[91.5112447,23.7513036],[91.5105275,23.7516021],[91.5092229,23.75179],[91.5082325,23.7516427],[91.5068798,23.7507742],[91.504861,23.7487292],[91.5032225,23.748343],[91.5022106,23.7480611],[91.5009904,23.747098],[91.5003158,23.7468459],[91.4990905,23.746374],[91.498885,23.7462892],[91.498688,23.7462608],[91.4985524,23.7462929],[91.4984429,23.7463331],[91.4983028,23.7464176],[91.4980405,23.7466312],[91.4978213,23.7468489],[91.4976117,23.7470819],[91.497431,23.7472712],[91.4973142,23.7473235],[91.497194,23.7473171],[91.4971082,23.7472139],[91.4966992,23.7464119],[91.4965662,23.746151],[91.4960489,23.7455565],[91.4954027,23.7451108],[91.4950472,23.744635],[91.4944328,23.7436538],[91.493528,23.7428513],[91.493171,23.7422021],[91.4931382,23.7415775],[91.4932991,23.7411013],[91.4913466,23.7409745],[91.4902494,23.741499],[91.4888572,23.7420489],[91.4874506,23.7426045],[91.486355,23.7426968],[91.4849442,23.7433643],[91.4842468,23.7440814],[91.4836874,23.7446565],[91.4826412,23.7454691],[91.4813884,23.745753],[91.4801378,23.7454607],[91.4791496,23.7447851],[91.4784756,23.7438226],[91.4778046,23.7420918],[91.4770773,23.741369],[91.4764003,23.7411267],[91.4754866,23.7412246],[91.4738132,23.7423712],[91.4720051,23.7429072],[91.4697699,23.7435569],[91.4690619,23.7436992],[91.467127,23.7449888],[91.4664502,23.7454733],[91.4636222,23.7455517],[91.4630448,23.7456057],[91.4596176,23.7460982],[91.4576856,23.7461627],[91.4558519,23.7461507],[91.4530381,23.7455643],[91.4512674,23.7449817],[91.4493427,23.7438222],[91.4464726,23.744196],[91.442975,23.7449998],[91.4406242,23.7459037],[91.4397844,23.7471493],[91.4380966,23.7515135],[91.4369863,23.7549673],[91.4363647,23.7578677],[91.4355904,23.7614803],[91.4338426,23.7634759],[91.4324737,23.7645181],[91.4304271,23.7645105],[91.4281541,23.7642926],[91.426335,23.7642857],[91.4249688,23.7646994],[91.4231477,23.7651114],[91.4213276,23.765314],[91.4166553,23.7661202],[91.4146105,23.7661124],[91.4109494,23.7660984],[91.409606,23.7660932],[91.4060066,23.7652497],[91.4041542,23.7648155],[91.4009258,23.7638556],[91.3998625,23.764295],[91.3978904,23.765273],[91.3975606,23.7656418],[91.3965282,23.7661885],[91.3946395,23.7662495],[91.3933101,23.7660385],[91.3928859,23.7659917],[91.3922836,23.7662498],[91.3921423,23.7663799],[91.3917654,23.7667921],[91.3915355,23.7671041],[91.3911585,23.7676753],[91.3901211,23.7688148],[91.3894388,23.769259],[91.3880504,23.7700968],[91.3864748,23.7709485],[91.3849435,23.7714692],[91.3843265,23.7715911],[91.3838302,23.7714303],[91.3826111,23.7710354],[91.3818266,23.7706057],[91.3807669,23.7700111],[91.3797233,23.7692039],[91.3797843,23.7688467],[91.3800188,23.7684835],[91.3803002,23.7683278],[91.3809282,23.7681953],[91.3814541,23.7681376],[91.3820299,23.7679779],[91.3828045,23.7676696],[91.384318,23.7668258],[91.3849198,23.7662393],[91.3865783,23.7650017],[91.3871012,23.7645563],[91.3872043,23.7644006],[91.3872512,23.763925],[91.3873837,23.7621478],[91.3872532,23.7617684],[91.3870843,23.7615782],[91.3869154,23.7614052],[91.3866904,23.7611112],[91.3864868,23.7607636],[91.3864482,23.7604421],[91.3864764,23.7597763],[91.3865514,23.759413],[91.3866639,23.7590412],[91.3872376,23.7573941],[91.387493,23.7568944],[91.3877255,23.7559631],[91.3879315,23.7549099],[91.387899,23.7533698],[91.3878704,23.7526803],[91.3875341,23.7520949],[91.3872164,23.7514578],[91.387179,23.7507347],[91.3873889,23.7489658],[91.3877409,23.7480811],[91.387837,23.7477862],[91.3872607,23.7467244],[91.3870365,23.7460756],[91.3865883,23.7451909],[91.386254,23.745189],[91.3816438,23.745164],[91.3743683,23.7451344],[91.3666605,23.7404954],[91.3602947,23.740469],[91.3570993,23.7429687],[91.3420514,23.751282],[91.3315557,23.7583572],[91.3274584,23.7591769],[91.3238203,23.7591609],[91.3197339,23.7578862],[91.3179215,23.7566216],[91.3165771,23.7528459],[91.3175196,23.7465673],[91.3175482,23.7411224],[91.3166652,23.7360921],[91.316792,23.733428],[91.3169189,23.7307638],[91.3167604,23.7289805],[91.3165726,23.7268721],[91.3164748,23.7264295],[91.3162836,23.7262535],[91.3152421,23.7258938],[91.3149678,23.7258564],[91.3144185,23.7258541],[91.3126921,23.7259185],[91.3122602,23.7259888],[91.3114738,23.7263104],[91.3100178,23.7271705],[91.30923,23.7277809],[91.3086775,23.7283924],[91.3083613,23.7288244],[91.3079669,23.7292198],[91.3078096,23.7292914],[91.3076919,23.7292909],[91.3067904,23.7291423],[91.3065947,23.7290692],[91.3064379,23.7290324],[91.3062418,23.7290315],[91.3060847,23.7290669],[91.3058093,23.7292101],[91.3056906,23.7293901],[91.305611,23.7296064],[91.3056089,23.7300037],[91.3055683,23.7302563],[91.3054499,23.7304003],[91.3052528,23.7305799],[91.3049632,23.7307851],[91.3043466,23.7312982],[91.3036742,23.7323063],[91.3033967,23.7328467],[91.303078,23.7337482],[91.3026436,23.734288],[91.3024857,23.7344678],[91.3022492,23.7346834],[91.3016993,23.7347892],[91.3004018,23.7353251],[91.2986319,23.7361476],[91.2973331,23.7369001],[91.2955622,23.7379032],[91.2948142,23.7383693],[91.2931635,23.7389034],[91.2928497,23.7389019],[91.2918698,23.7387168],[91.2906159,23.7384221],[91.2900669,23.7383835],[91.2888477,23.7383397],[91.2877059,23.7337791],[91.2856668,23.7325131],[91.2852499,23.7303383],[91.2852343,23.7284518],[91.2850147,23.7270649],[91.2838792,23.7268502],[91.2827426,23.7268449],[91.2813031,23.7266486],[91.2812605,23.7268691],[91.2810365,23.7272812],[91.2806048,23.7275606],[91.2800293,23.7277958],[91.2791207,23.7278961],[91.2777759,23.7280446],[91.2774403,23.7281621],[91.2771046,23.7283533],[91.2768967,23.7285593],[91.2765224,23.7287562],[91.2761069,23.7289179],[91.2747802,23.7292998],[91.2743968,23.7292553],[91.2737898,23.7288575],[91.2734224,23.7286511],[91.2731668,23.7286067],[91.2726394,23.7285916],[91.2721279,23.7288857],[91.2716483,23.7290915],[91.2703379,23.7291053],[91.2701512,23.7290973],[91.2694109,23.7293991],[91.268755,23.7301789],[91.268643,23.7303408],[91.2685949,23.730488],[91.2683385,23.7313122],[91.2682583,23.7317243],[91.2680905,23.7323936],[91.2674193,23.7331488],[91.2670604,23.7335477],[91.2666707,23.733723],[91.2656486,23.7340793],[91.2655307,23.7341148],[91.2654131,23.7341142],[91.2652564,23.7340774],[91.2652175,23.7340049],[91.2651411,23.7336434],[91.2650246,23.7334262],[91.264126,23.7330839],[91.2624271,23.7331841],[91.2599503,23.7331159],[91.2587487,23.7327145],[91.2570211,23.7325866],[91.2545239,23.7319462],[91.2524875,23.7302608],[91.2510364,23.7300865],[91.2499881,23.7300392],[91.2490703,23.7315007],[91.2488357,23.7327561],[91.248826,23.7344314],[91.2476784,23.7363107],[91.2456214,23.7381854],[91.2437977,23.7390141],[91.2419801,23.7390052],[91.239252,23.7387823],[91.2367612,23.7355775],[91.2345134,23.7326854],[91.233586,23.7321532],[91.233556,23.7322969],[91.2335561,23.7324521],[91.2337806,23.7329043],[91.2337471,23.7331942],[91.2335338,23.7334013],[91.2332304,23.7334637],[91.2307397,23.7347061],[91.2305602,23.7350894],[91.2305605,23.7353689],[91.2306519,23.7355021],[91.230853,23.7358242],[91.2308886,23.7359225],[91.2309657,23.7361761],[91.2309247,23.7363127],[91.2305539,23.7365304],[91.2299365,23.7368383],[91.2290935,23.737256],[91.2272881,23.7379394],[91.2267488,23.7381468],[91.2261086,23.7387432],[91.2250081,23.7400069],[91.224941,23.7405143],[91.2249526,23.7408663],[91.2248852,23.7410423],[91.2244433,23.7414372],[91.221502,23.7430897],[91.221327,23.7426547],[91.2211317,23.7421663],[91.2206072,23.7407931],[91.2203023,23.7399825],[91.220149,23.7395704],[91.2200007,23.7391643],[91.2191926,23.7369392],[91.2190283,23.7364265],[91.2188136,23.7369989],[91.2185847,23.7376279],[91.2182059,23.7386839],[91.2177622,23.7398731],[91.2163556,23.7410147],[91.2147171,23.7423378],[91.2137817,23.7430939],[91.213442,23.7433704],[91.212355,23.7442737],[91.2119584,23.7446067],[91.2117561,23.7451454],[91.211462,23.7460084],[91.2111593,23.7468928],[91.2103749,23.7491557],[91.2097943,23.7492464],[91.2087165,23.7494025],[91.2060769,23.7497695],[91.2052002,23.7498889],[91.2041773,23.7500253],[91.2017769,23.7503762],[91.200386,23.7505752],[91.1966286,23.7510932],[91.1960317,23.7510807],[91.1922694,23.7509182],[91.1888093,23.7507636],[91.1865585,23.7506775],[91.1858195,23.7504409],[91.1839986,23.7493987],[91.1831552,23.7489175],[91.1830035,23.7488319],[91.1824372,23.7488596],[91.1817359,23.7488944],[91.1805656,23.7489587],[91.1794138,23.7490296],[91.1763286,23.7492222],[91.1744203,23.7493633],[91.1732991,23.7494322],[91.1719928,23.749512],[91.1688082,23.7496902],[91.1677982,23.7496408],[91.1675009,23.7495709],[91.1661921,23.7489726],[91.1660474,23.7488935],[91.1658806,23.7487945],[91.1650602,23.7481667],[91.1647246,23.7478991],[91.164282,23.7475453],[91.1628962,23.7460521],[91.1601527,23.7430935],[91.1593474,23.7422207],[91.158659,23.7417083],[91.1584399,23.7417529],[91.1576257,23.7419148],[91.157077,23.7420183],[91.156939,23.7415751],[91.1565876,23.740416],[91.1564397,23.7398617],[91.1564331,23.7397788],[91.156874,23.7396574],[91.1575481,23.7394417],[91.1580815,23.7392634],[91.1575673,23.7384074],[91.1571048,23.7376476],[91.1563837,23.7364595],[91.1562083,23.736054],[91.1561872,23.7359766],[91.1562119,23.7358304],[91.1562675,23.7354124],[91.1560583,23.7346752],[91.1559488,23.7344033],[91.155817,23.7340761],[91.1555846,23.7334997],[91.1554359,23.7331529],[91.1552274,23.7326433],[91.1551663,23.7324791],[91.1551355,23.7323027],[91.1550735,23.7319056],[91.155061,23.7317374],[91.1551038,23.7314309],[91.1551452,23.7311976],[91.1551994,23.7308237],[91.1552443,23.7305031],[91.1545492,23.7287263],[91.1534918,23.7260665],[91.1533162,23.7256251],[91.1530395,23.7249191],[91.1529062,23.7245674],[91.153002,23.7234054],[91.1530505,23.7228281],[91.1528839,23.7210817],[91.1520886,23.7193017],[91.151461,23.71808],[91.1510347,23.7173034],[91.1507982,23.7162919],[91.1504349,23.7146484],[91.1502053,23.713646],[91.1500454,23.7133209],[91.1497685,23.712752],[91.149587,23.7123785],[91.1491985,23.7115251],[91.1496918,23.7108562],[91.1499159,23.7097019],[91.1500029,23.709244],[91.1501713,23.7084488],[91.1507609,23.7057872],[91.1510251,23.7056833],[91.1516175,23.704974],[91.1516779,23.7039812],[91.1518484,23.7026966],[91.1520443,23.7018274],[91.1521056,23.7005475],[91.1521252,23.6983709],[91.152132,23.6979064],[91.1521737,23.6977155],[91.1522023,23.6975848],[91.1523646,23.6969808],[91.1525302,23.6963644],[91.1527933,23.6953201],[91.1529353,23.6947225],[91.1529603,23.6945],[91.1530151,23.6939811],[91.1530832,23.6933186],[91.1532248,23.6920038],[91.153529,23.689216],[91.1536864,23.689034],[91.1542427,23.6883929],[91.1544363,23.6883992],[91.1546348,23.688412],[91.1559504,23.6885038],[91.1564431,23.6885465],[91.1571996,23.6886061],[91.1607105,23.688828],[91.1637361,23.6890182],[91.1655635,23.6891279],[91.168458,23.6892909],[91.1685016,23.689293],[91.1688846,23.6893041],[91.1701224,23.6893377],[91.1704094,23.6893436],[91.1711659,23.6893551],[91.1722957,23.6893861],[91.1742812,23.6894419],[91.1753068,23.6894737],[91.1787425,23.6895779],[91.1835677,23.6896929],[91.1878188,23.6897652],[91.1907783,23.6898339],[91.193819,23.6898969],[91.1941081,23.6902521],[91.19452,23.6907897],[91.1949941,23.6914191],[91.1955174,23.6921447],[91.1968844,23.6911835],[91.1983665,23.6901238],[91.1989702,23.689693],[91.2009887,23.6882604],[91.2015805,23.6878408],[91.2024933,23.6869534],[91.2036733,23.6853953],[91.2040966,23.6854943],[91.2048826,23.6856586],[91.2064824,23.6859878],[91.2073641,23.6861667],[91.2085286,23.6864012],[91.2084376,23.6862148],[91.2076786,23.6848587],[91.2075215,23.6848318],[91.2073004,23.6848115],[91.2071426,23.6848102],[91.2068242,23.6848138],[91.2063944,23.6841575],[91.20646,23.683945],[91.20628,23.6831156],[91.2062675,23.6830738],[91.2059894,23.6825522],[91.2059238,23.6824895],[91.2058809,23.6824702],[91.2057834,23.6824676],[91.2056079,23.6824631],[91.2055041,23.6824709],[91.2053817,23.6824881],[91.2045184,23.6821031],[91.2036771,23.6811392],[91.2036147,23.6810311],[91.2035892,23.6809818],[91.2032806,23.6801082],[91.2033103,23.6800994],[91.2033713,23.6800818],[91.2035491,23.6800418],[91.2037242,23.6800053],[91.2044754,23.6798519],[91.2048272,23.6797804],[91.2048904,23.6797676],[91.2049853,23.6797476],[91.2048662,23.6790191],[91.2045564,23.6771389],[91.2043392,23.6757647],[91.2042283,23.6750115],[91.2038876,23.6727922],[91.2037601,23.6719647],[91.2035362,23.6705814],[91.203449,23.6700346],[91.2034241,23.6698766],[91.2031954,23.6683551],[91.2030274,23.6672216],[91.2023847,23.6628866],[91.2024652,23.6625724],[91.2027652,23.6615382],[91.2031158,23.6602871],[91.2035629,23.6586887],[91.203675,23.6582677],[91.2035169,23.6580894],[91.2022345,23.6567687],[91.2014852,23.6560011],[91.2014791,23.655973],[91.2015046,23.6559424],[91.2016253,23.6559024],[91.203553,23.6553557],[91.2039175,23.6552605],[91.2046431,23.6550725],[91.2048705,23.6550143],[91.2050089,23.6549861],[91.2050887,23.6542731],[91.2051284,23.6538939],[91.2039216,23.6538998],[91.2030449,23.653905],[91.2028258,23.6533819],[91.202938,23.6532001],[91.2037297,23.6518684],[91.2039215,23.6515431],[91.2045881,23.650404],[91.2026133,23.650109],[91.2017624,23.649982],[91.2010951,23.6498848],[91.2002514,23.6497675],[91.1996889,23.6496889],[91.1996685,23.6495332],[91.199558,23.6483477],[91.1994918,23.64748],[91.1994217,23.6465789],[91.1980397,23.6464553],[91.1969717,23.6463549],[91.195872,23.6462506],[91.1948792,23.6461463],[91.1940228,23.6460615],[91.1938135,23.6460417],[91.1932827,23.6461923],[91.1919211,23.646588],[91.1915122,23.6467073],[91.1908151,23.6469232],[91.1907343,23.6469487],[91.1908681,23.647412],[91.1912233,23.6486269],[91.1919096,23.6509972],[91.192097,23.6516528],[91.1922674,23.6522446],[91.1925313,23.6531397],[91.1927234,23.6537876],[91.1928701,23.654224],[91.1929481,23.6544312],[91.1928508,23.65446],[91.1921636,23.6546547],[91.1915567,23.65482],[91.1881164,23.6557649],[91.1852369,23.656557],[91.1850626,23.656641],[91.1849853,23.6566865],[91.1848056,23.6568931],[91.1837689,23.6580944],[91.1835673,23.6583594],[91.1833092,23.6587644],[91.1830237,23.6594693],[91.1829132,23.6596194],[91.1828557,23.65966],[91.1827254,23.659678],[91.1825622,23.6596903],[91.1824642,23.6596317],[91.1824334,23.6595846],[91.1824316,23.6595288],[91.1824611,23.6594521],[91.1825409,23.6592658],[91.1825652,23.6590533],[91.182567,23.6589744],[91.182491,23.658474],[91.1824438,23.6582305],[91.182254,23.6578135],[91.1824278,23.6571326],[91.1826518,23.657144],[91.182761,23.6571298],[91.1828148,23.6571063],[91.182844,23.6570017],[91.1828577,23.6569227],[91.1828651,23.6568717],[91.18283,23.6567786],[91.1827243,23.656612],[91.1826858,23.6565881],[91.1823343,23.6564684],[91.1819383,23.6563795],[91.1817048,23.6563499],[91.1815862,23.65634],[91.1813427,23.6563578],[91.1812519,23.6563683],[91.1811666,23.6563969],[91.1810629,23.6564341],[91.1804839,23.6567617],[91.1791396,23.6573577],[91.1779994,23.6582153],[91.1773239,23.6580996],[91.1772533,23.6580189],[91.1771085,23.6578927],[91.1768038,23.6577108],[91.1767309,23.6576713],[91.1766398,23.6576454],[91.176587,23.6576361],[91.176508,23.6576416],[91.1762984,23.6577562],[91.1762068,23.6578213],[91.1761287,23.6579093],[91.1760963,23.6579678],[91.1760812,23.6580407],[91.1760237,23.6584865],[91.1760499,23.6587399],[91.1758907,23.6587642],[91.17581,23.6584616],[91.175775,23.6583818],[91.1756475,23.6581426],[91.1753368,23.657615],[91.1750852,23.6574775],[91.1749436,23.657412],[91.1748671,23.6573956],[91.1745748,23.657415],[91.174467,23.6574317],[91.1743289,23.6574534],[91.1738742,23.6567474],[91.1738435,23.6564359],[91.1738334,23.6563534],[91.1720006,23.656983],[91.1703887,23.6575386],[91.1701927,23.6578223],[91.1697934,23.6584117],[91.1680364,23.6610201],[91.1664628,23.663482],[91.1659469,23.6635196],[91.1651411,23.6635585],[91.1635232,23.6636466],[91.161249,23.6638529],[91.1612063,23.6644842],[91.1611147,23.6660013],[91.1611099,23.6664066],[91.161556,23.6665227],[91.1615225,23.6670676],[91.1612863,23.6671973],[91.1608579,23.6672388],[91.1607666,23.6672315],[91.1603812,23.6673164],[91.1599912,23.6674497],[91.1598488,23.6675913],[91.1597203,23.6677432],[91.1596467,23.6678958],[91.1595456,23.6681637],[91.1592517,23.6685426],[91.1586301,23.669151],[91.15848,23.6692777],[91.1575341,23.6699659],[91.1573814,23.6700707],[91.1569265,23.6703473],[91.1563871,23.6706718],[91.1563038,23.6707174],[91.1563396,23.6700205],[91.1564982,23.6690947],[91.1567916,23.6684096],[91.1568726,23.6677284],[91.156899,23.6675019],[91.1569303,23.6672339],[91.1569546,23.6670255],[91.1569697,23.6669102],[91.1571219,23.6664876],[91.1573485,23.6658697],[91.1580236,23.6640658],[91.1582698,23.6634144],[91.158647,23.6623475],[91.1593582,23.6600091],[91.1595603,23.6593212],[91.1595821,23.6592416],[91.159655,23.6588945],[91.1597497,23.6583422],[91.1597584,23.6580877],[91.1597738,23.6576072],[91.1599975,23.6570863],[91.1603701,23.6563234],[91.1613253,23.6544055],[91.1613657,23.6543142],[91.1610168,23.6523563],[91.1610092,23.6517024],[91.1610183,23.6509575],[91.1610233,23.650178],[91.1610233,23.6496656],[91.1610205,23.6494509],[91.1610187,23.6493133],[91.1610073,23.6487792],[91.1608276,23.6480335],[91.1603301,23.6471199],[91.1598659,23.6458918],[91.1599239,23.6454308],[91.1599035,23.6451316],[91.1598581,23.6445644],[91.1597412,23.643201],[91.1593855,23.6422172],[91.1593501,23.642168],[91.1592384,23.6420658],[91.1590251,23.6418706],[91.1589353,23.6413334],[91.1589979,23.6397955],[91.1590266,23.6393506],[91.1591837,23.6369407],[91.1596882,23.6353838],[91.1600641,23.633769],[91.1606362,23.6322455],[91.1610092,23.6312282],[91.1608427,23.6310527],[91.1600249,23.6302278],[91.1591376,23.6293401],[91.1588487,23.6281774],[91.1592062,23.6259902],[91.1589207,23.6259695],[91.1583815,23.625938],[91.158355,23.6257833],[91.1581413,23.6240854],[91.1581367,23.623381],[91.158143,23.6217792],[91.1581628,23.6217298],[91.1582785,23.6214414],[91.1586252,23.6201636],[91.1590872,23.6176461],[91.1594135,23.6169392],[91.1604306,23.6157897],[91.1608525,23.6149762],[91.1609352,23.614063],[91.1606861,23.6132971],[91.1596753,23.6112914],[91.1598841,23.610736],[91.1607893,23.608382],[91.1619946,23.6051706],[91.1621546,23.6047519],[91.1622945,23.6044005],[91.1625531,23.6037872],[91.1632379,23.6021995],[91.1636064,23.6013522],[91.1637234,23.6010995],[91.1637504,23.6010377],[91.1629006,23.5997669],[91.1621696,23.5986831],[91.1621489,23.5979073],[91.1621465,23.5973916],[91.1625582,23.5973785],[91.1625796,23.5965878],[91.1625821,23.5960283],[91.1624987,23.5950438],[91.1636331,23.5947134],[91.1659465,23.5937432],[91.1670164,23.5932942],[91.1674317,23.5931156],[91.1687542,23.5925866],[91.1692189,23.5928722],[91.1696231,23.5929126],[91.170857,23.5930338],[91.171602,23.5931031],[91.1742358,23.5933367],[91.1743493,23.5933382],[91.1748007,23.5933393],[91.1750249,23.5933277],[91.17713,23.5931983],[91.1780923,23.5917454],[91.1778049,23.5912321],[91.1770368,23.5898787],[91.1764638,23.5893143],[91.1761211,23.5888209],[91.1762877,23.5885811],[91.1765746,23.5876908],[91.1760018,23.5871385],[91.1754105,23.5865913],[91.17529,23.5864123],[91.1751795,23.5861772],[91.1752679,23.5855075],[91.1757801,23.5850431],[91.1758121,23.5850141],[91.1769109,23.5840247],[91.1779511,23.5839795],[91.178547,23.5836208],[91.1795847,23.5828243],[91.1801194,23.5824007],[91.1805849,23.5819116],[91.1810811,23.5814268],[91.1815643,23.58106],[91.1818914,23.5808428],[91.1828712,23.5801981],[91.1833919,23.5798613],[91.1840344,23.5794133],[91.1845094,23.5789629],[91.1853678,23.5781442],[91.1863482,23.5775732],[91.1867903,23.5775574],[91.1872975,23.5775303],[91.187302,23.5768921],[91.1872683,23.575995],[91.1872276,23.5749617],[91.1872094,23.5745322],[91.1871943,23.5735033],[91.187269,23.5731361],[91.1880902,23.5720629],[91.189484,23.5701673],[91.19054,23.5687309],[91.1932787,23.565004],[91.1951102,23.5625429],[91.1951337,23.5625082],[91.1951466,23.5624833],[91.1952671,23.5620143],[91.195266,23.5618188],[91.1952422,23.5612471],[91.1952116,23.560664],[91.1950955,23.5585925],[91.1949733,23.5565945],[91.1948859,23.5551591],[91.1947687,23.5529351],[91.194627,23.5503237],[91.194548,23.5488736],[91.194503,23.548147],[91.1944508,23.5471776],[91.1966661,23.547241],[91.1973014,23.5472648],[91.1990341,23.5473333],[91.1989571,23.5479284],[91.1998754,23.548714],[91.2012904,23.5499201],[91.2015543,23.5499763],[91.201989,23.5500603],[91.2022749,23.5496398],[91.2031172,23.5484191],[91.2039871,23.5471599],[91.2052492,23.5453928],[91.2053442,23.5452627],[91.2058184,23.5453924],[91.2085395,23.5456985],[91.2086703,23.5457299],[91.2092033,23.5458917],[91.2094848,23.5460095],[91.2104689,23.5465439],[91.2105797,23.547252],[91.2104476,23.5473295],[91.2102637,23.5473446],[91.2101652,23.5473634],[91.2095169,23.547869],[91.209755,23.5485187],[91.209936,23.5487003],[91.2123205,23.5500621],[91.2129457,23.5504141],[91.2129696,23.5484373],[91.2129938,23.546965],[91.2130167,23.5456108],[91.2130141,23.5451096],[91.2128647,23.5450491],[91.2115367,23.5444885],[91.2105452,23.5440677],[91.2099577,23.5438176],[91.2082144,23.5430658],[91.2080918,23.5428365],[91.2078403,23.5420709],[91.2076595,23.5414938],[91.2062741,23.5371252],[91.2057663,23.5354307],[91.2056769,23.5351385],[91.2055689,23.5347963],[91.2053325,23.5340843],[91.2052477,23.5338514],[91.2051425,23.5335945],[91.2043022,23.53158],[91.2040199,23.5309465],[91.2033773,23.5294405],[91.2031135,23.5288103],[91.2023962,23.5270732],[91.2011973,23.5242274],[91.2006837,23.5230332],[91.2006813,23.5229865],[91.2007536,23.5202505],[91.2007636,23.5200235],[91.2014368,23.5192653],[91.2020127,23.5186213],[91.2024832,23.5180992],[91.2040667,23.516299],[91.204537,23.5157599],[91.2050823,23.5151313],[91.2053093,23.5148703],[91.2055647,23.5145769],[91.2070856,23.5128887],[91.2077528,23.5121532],[91.2079716,23.5120927],[91.2090736,23.5123934],[91.2106631,23.5128412],[91.2125734,23.5133807],[91.2138564,23.5137454],[91.214613,23.5137774],[91.2156843,23.5138029],[91.2168902,23.5138329],[91.2196468,23.5139103],[91.2232148,23.5140124],[91.2235777,23.5139804],[91.222337,23.5108347],[91.2219995,23.5099791],[91.2209775,23.5074004],[91.2198164,23.5043233],[91.2186546,23.5012201],[91.2179795,23.4995048],[91.2199958,23.4985575],[91.2226914,23.4972839],[91.2230578,23.4972923],[91.2234619,23.497309],[91.2244447,23.4975806],[91.2256379,23.4979139],[91.2266585,23.4982054],[91.2273557,23.4984073],[91.2290556,23.4989002],[91.2296889,23.4990863],[91.2308169,23.4996166],[91.2315815,23.4999733],[91.2347048,23.501402],[91.2355723,23.5017876],[91.2354607,23.5011615],[91.2353462,23.5005278],[91.2348808,23.4982945],[91.2345457,23.4966699],[91.234463,23.4962558],[91.2344405,23.4961432],[91.2358116,23.4956484],[91.2362875,23.4954825],[91.2372255,23.4951234],[91.2371792,23.4945539],[91.2369492,23.4929133],[91.2368182,23.4919812],[91.2366612,23.4908851],[91.2365394,23.4900574],[91.2363774,23.4889937],[91.2381771,23.4895155],[91.2397381,23.4899697],[91.240776,23.4902418],[91.2411328,23.4902909],[91.2412607,23.4903077],[91.2420822,23.4902853],[91.2429535,23.4902482],[91.2436971,23.4902164],[91.2450639,23.4902023],[91.2472454,23.4901894],[91.2490619,23.490184],[91.2493424,23.490171],[91.2495808,23.4889481],[91.250031,23.4868141],[91.2501621,23.486253],[91.2510555,23.4839446],[91.2514493,23.4829772],[91.2519144,23.4818428],[91.2522157,23.481085],[91.2522423,23.4810095],[91.2519597,23.4778682],[91.2517784,23.4755755],[91.2517572,23.4752779],[91.2517035,23.4745851],[91.2515945,23.4732876],[91.2515594,23.4728972],[91.2515483,23.4728258],[91.2514315,23.4722717],[91.2513501,23.4718913],[91.2510394,23.4705765],[91.2509427,23.4702176],[91.2512724,23.4691307],[91.2513611,23.4689703],[91.2514092,23.4688817],[91.2514717,23.4686834],[91.2515958,23.4681915],[91.2516254,23.4680626],[91.2516327,23.4680149],[91.2516606,23.4677216],[91.2516627,23.4676692],[91.2516471,23.4666711],[91.251632,23.4664568],[91.2516062,23.466214],[91.2515949,23.4661236],[91.251578,23.4659879],[91.2514804,23.4655361],[91.2514373,23.4653697],[91.2512666,23.4650901],[91.2511221,23.4648579],[91.2508908,23.464474],[91.2508461,23.4643934],[91.2508196,23.4643317],[91.2508375,23.4640599],[91.2508489,23.4639121],[91.2508754,23.4637284],[91.251072,23.4627737],[91.2511129,23.4627304],[91.2517887,23.4621551],[91.2519403,23.4620775],[91.2521484,23.4619732],[91.2525903,23.4617573],[91.2531148,23.4615263],[91.2534068,23.4605565],[91.2534964,23.4580136],[91.2532751,23.457479],[91.2530601,23.4569843],[91.2528765,23.4565777],[91.252388,23.4555159],[91.2515521,23.4536436],[91.2517493,23.4533066],[91.2523533,23.4523222],[91.2529995,23.4513037],[91.2535755,23.4503966],[91.2536698,23.4502583],[91.2537971,23.4500748],[91.2540263,23.449746],[91.2542675,23.4494002],[91.2544384,23.4491616],[91.2545942,23.4489442],[91.2550245,23.4483638],[91.2551596,23.4481943],[91.2554387,23.4478411],[91.2557819,23.4473626],[91.255823,23.4472205],[91.2559101,23.4468256],[91.2560663,23.4460639],[91.2562009,23.4454076],[91.2562773,23.4450058],[91.2563071,23.4448035],[91.256321,23.4445327],[91.2563196,23.4443994],[91.256326,23.444137],[91.2563395,23.4436838],[91.2563654,23.4431029],[91.256405,23.4422328],[91.256446,23.4416475],[91.2564602,23.4415478],[91.256582,23.4414261],[91.2570533,23.4409899],[91.257841,23.4402731],[91.2587695,23.4395144],[91.2589356,23.4394007],[91.2593706,23.4391275],[91.2602781,23.4385359],[91.2609741,23.4380738],[91.2612288,23.4378681],[91.2617011,23.4374708],[91.2642309,23.4353422],[91.2646078,23.435009],[91.2664151,23.4335149],[91.2683247,23.4318273],[91.2703745,23.4300452],[91.2706506,23.4298021],[91.2704245,23.429601],[91.2702204,23.4294244],[91.2688533,23.4282569],[91.2665313,23.4262845],[91.2655789,23.4254783],[91.2644944,23.4245677],[91.264284,23.4243935],[91.2638363,23.4240371],[91.263434,23.4237241],[91.2636941,23.4235213],[91.264556,23.4229105],[91.2650071,23.4225963],[91.2652981,23.4223977],[91.2655504,23.4222268],[91.2661884,23.4217918],[91.2666782,23.421455],[91.2676978,23.4207449],[91.2685691,23.4201243],[91.2730821,23.4169613],[91.274059,23.4162851],[91.2748985,23.4157181],[91.2752469,23.4154854],[91.2758049,23.4151206],[91.2761387,23.4149042],[91.2763698,23.4147632],[91.276444,23.4147043],[91.2765356,23.4137557],[91.2766005,23.413003],[91.2766588,23.4122033],[91.2767437,23.4112689],[91.2767898,23.4108134],[91.2769482,23.4093638],[91.2770097,23.4087513],[91.2771425,23.4074129],[91.2772233,23.4065569],[91.2774951,23.4037888],[91.2778294,23.4004972],[91.2779148,23.3997331],[91.2780085,23.3988234],[91.2782537,23.395652],[91.2784515,23.393029],[91.2786251,23.3908802],[91.2787793,23.3890907],[91.278929,23.3872491],[91.2791193,23.3848398],[91.2792403,23.3832265],[91.2794759,23.380105],[91.2797511,23.3765982],[91.2799575,23.3765585],[91.2801436,23.3765392],[91.2810979,23.3762069],[91.2816483,23.375969],[91.2819156,23.3758596],[91.2820531,23.3758205],[91.2820912,23.3758174],[91.2821353,23.3758279],[91.2821899,23.3758585],[91.2822299,23.3758947],[91.2825188,23.376171],[91.283236,23.3765802],[91.2841256,23.3769161],[91.2842445,23.3769272],[91.2851122,23.377006],[91.2851548,23.3770096],[91.2852358,23.3769033],[91.2853428,23.3767642],[91.2854731,23.3766005],[91.2856154,23.3764625],[91.2857418,23.3763516],[91.2858367,23.3763129],[91.2868026,23.3759669],[91.2878771,23.3757703],[91.2882344,23.3754434],[91.2884217,23.375393],[91.2885389,23.3753797],[91.2894526,23.3757871],[91.2901963,23.3764736],[91.2904467,23.3768464],[91.2906105,23.3770805],[91.2906805,23.3771773],[91.2909927,23.3775672],[91.2912217,23.3778521],[91.2912881,23.3778921],[91.2913604,23.3779348],[91.2914782,23.3779771],[91.2917211,23.3780601],[91.2918197,23.3780904],[91.2920122,23.3781211],[91.2920621,23.378122],[91.2921427,23.3781132],[91.2931211,23.3778443],[91.2932042,23.3778015],[91.2932362,23.3777755],[91.2933031,23.3775826],[91.2933015,23.3771642],[91.2932948,23.3770871],[91.2932381,23.3769915],[91.2932276,23.3766951],[91.2932606,23.3763522],[91.2933131,23.3759184],[91.2933735,23.3756647],[91.2935048,23.3754685],[91.2937308,23.3751983],[91.2942373,23.3741538],[91.293876,23.372061],[91.2937514,23.3712484],[91.2936194,23.3712442],[91.2910991,23.3711975],[91.2876033,23.371144],[91.2848938,23.371101],[91.2843671,23.3710922],[91.2842351,23.3710839],[91.284253,23.3709754],[91.284454,23.3701558],[91.2845594,23.3697242],[91.2847435,23.3689684],[91.284895,23.3683279],[91.2849778,23.3679778],[91.2852442,23.3668473],[91.2853244,23.3665015],[91.2856033,23.3652884],[91.2859592,23.3637294],[91.2860266,23.3634485],[91.2860758,23.3632491],[91.2861564,23.3630881],[91.2863723,23.3630441],[91.2888349,23.3625546],[91.2925968,23.3617295],[91.2928949,23.3616641],[91.2931717,23.3616024],[91.2935162,23.3615231],[91.2947614,23.3612189],[91.2947718,23.3609659],[91.2945341,23.3599818],[91.2941356,23.3593127],[91.2937218,23.3581779],[91.2935878,23.3578057],[91.292633,23.3550631],[91.2916083,23.3521303],[91.2914227,23.3516448],[91.2910776,23.3506984],[91.2910706,23.3506571],[91.2911144,23.3506567],[91.2914047,23.3506954],[91.2945498,23.351001],[91.2954368,23.3510808],[91.2958091,23.3511117],[91.2962721,23.3511388],[91.2981269,23.3512864],[91.3008996,23.3515468],[91.3010081,23.3515579],[91.3010827,23.3515855],[91.3033442,23.3531202],[91.3086045,23.3566972],[91.3095132,23.3573166],[91.3103024,23.3578497],[91.3107014,23.3581173],[91.3140076,23.3603347],[91.3147997,23.3608646],[91.3148986,23.36093],[91.3149762,23.3609201],[91.3151249,23.3608983],[91.3157665,23.3608011],[91.3158936,23.3607811],[91.3160336,23.3607587],[91.3167364,23.3606459],[91.3170618,23.3605933],[91.3176327,23.360499],[91.3200213,23.3601002],[91.320086,23.3600883],[91.3200669,23.3600016],[91.3200334,23.3598741],[91.3199408,23.3595298],[91.3198647,23.3592495],[91.3196883,23.3586082],[91.3195752,23.3582004],[91.3194037,23.3575828],[91.3186083,23.3547375],[91.3183931,23.3539628],[91.3182881,23.3535453],[91.3182258,23.3531936],[91.3182073,23.3531577],[91.3181081,23.3530561],[91.3180131,23.3529712],[91.3179761,23.3529495],[91.3179379,23.3529315],[91.3176554,23.3528467],[91.3174592,23.3528054],[91.317419,23.352809],[91.3172919,23.3528334],[91.3171864,23.3528549],[91.3170589,23.3528981],[91.3168937,23.3529574],[91.3167651,23.3530104],[91.3166308,23.3530666],[91.3154141,23.3528099],[91.3153829,23.3527924],[91.315139,23.3527051],[91.3150604,23.3526778],[91.3149695,23.3526468],[91.3147808,23.3525876],[91.3146424,23.3525932],[91.3143529,23.3526159],[91.3143173,23.3526189],[91.314266,23.3526307],[91.3142387,23.3526417],[91.3141759,23.3526747],[91.3139489,23.3527976],[91.3138873,23.3528333],[91.3137877,23.3529108],[91.3136847,23.3530072],[91.3136197,23.3530984],[91.3135917,23.3531526],[91.3135002,23.3533363],[91.3134973,23.3533424],[91.3134802,23.353378],[91.3134597,23.3534214],[91.3134266,23.3534993],[91.3133695,23.3536153],[91.3132998,23.353706],[91.3132209,23.3538065],[91.3131995,23.3538272],[91.313157,23.3538422],[91.3130993,23.3538567],[91.3130014,23.3538771],[91.3129197,23.3538897],[91.3127873,23.3539028],[91.3126629,23.3539083],[91.3126063,23.3539099],[91.3125495,23.3539039],[91.3125056,23.3538978],[91.3123493,23.3538605],[91.3123334,23.3538531],[91.3118672,23.3534717],[91.3110528,23.3526627],[91.3110443,23.3526326],[91.3110057,23.3524161],[91.3106382,23.3497259],[91.310565,23.3491651],[91.3102372,23.3465765],[91.3101994,23.3462721],[91.3101584,23.3459386],[91.3101404,23.345784],[91.3101412,23.3457521],[91.31017,23.3456052],[91.3102237,23.3453361],[91.3102431,23.3452404],[91.3102576,23.3451772],[91.3102916,23.3450258],[91.3103499,23.3447438],[91.3104613,23.344192],[91.3104823,23.344085],[91.3105128,23.34393],[91.3105706,23.3436233],[91.3106992,23.3429158],[91.3107937,23.3423828],[91.3102728,23.3424796],[91.309451,23.3426326],[91.3073023,23.3430086],[91.3054333,23.3433252],[91.3046336,23.3432393],[91.3014278,23.3422713],[91.2972655,23.3410078],[91.2965122,23.3409078],[91.2961653,23.3408924],[91.295995,23.3402274],[91.2957258,23.3390997],[91.2952381,23.3370468],[91.2950883,23.3364107],[91.294647,23.3345341],[91.2945915,23.3342965],[91.2938447,23.3310915],[91.2932489,23.3285368],[91.293061,23.3277302],[91.2928212,23.3266873],[91.2925562,23.3255216],[91.2924162,23.3248984],[91.2923366,23.324611],[91.2910872,23.321553],[91.2898528,23.3185245],[91.289958,23.3184399],[91.2902187,23.3182399],[91.2921923,23.316658],[91.2932037,23.3158337],[91.2936872,23.3154415],[91.2961981,23.313419],[91.2962401,23.3133976],[91.2962984,23.313396],[91.2966273,23.3134048],[91.2969384,23.3134153],[91.297434,23.3134323],[91.2994255,23.3135212],[91.3035723,23.313687],[91.3058272,23.3137725],[91.3095314,23.3138533],[91.3095635,23.3138109],[91.3098321,23.3132622],[91.3116703,23.3094689],[91.3130831,23.3064978],[91.3131358,23.3063854],[91.3131549,23.3063382],[91.3131649,23.3063032],[91.313264,23.3058346],[91.3134506,23.3048479],[91.3136818,23.3035845],[91.3140391,23.301644],[91.3145645,23.2988857],[91.3146509,23.2984183],[91.3149543,23.2966778],[91.3149599,23.29661],[91.3148994,23.2966292],[91.3147488,23.2966936],[91.3144111,23.2968335],[91.3142349,23.2969063],[91.3133576,23.2972683],[91.3124198,23.2976508],[91.3115613,23.2979927],[91.3110502,23.2981948],[91.3099901,23.2986052],[91.3095456,23.2987798],[91.3091088,23.2989521],[91.3090093,23.2989927],[91.3088759,23.29905],[91.3080392,23.2994197],[91.3073623,23.2997296],[91.3073006,23.2997559],[91.3072098,23.2997778],[91.3071397,23.2997212],[91.3070427,23.2996368],[91.305554,23.2980705],[91.3047559,23.2972242],[91.3029717,23.2953277],[91.3010624,23.2933144],[91.3003027,23.2925109],[91.3003053,23.2921617],[91.3008585,23.2905871],[91.3011248,23.289836],[91.3012586,23.2894704],[91.3013323,23.2892689],[91.3015654,23.2886081],[91.3016463,23.2883773],[91.3018522,23.2877805],[91.3019859,23.287392],[91.302079,23.287119],[91.3021561,23.2868836],[91.3022111,23.2867032],[91.3022623,23.2865334],[91.3023001,23.2864046],[91.3023187,23.2863659],[91.3023412,23.2863423],[91.3023764,23.2863245],[91.3026497,23.2862332],[91.3040318,23.2857942],[91.3077749,23.2846047],[91.3103746,23.2838367],[91.3120944,23.2832999],[91.3139666,23.2827196],[91.3150123,23.2823958],[91.3153904,23.2822836],[91.3163492,23.2819933],[91.3166075,23.2819126],[91.3166725,23.2818838],[91.3167318,23.2816471],[91.3167711,23.2814458],[91.3167933,23.281268],[91.3167403,23.2811536],[91.3167027,23.2810827],[91.3161059,23.2800361],[91.3169704,23.2798739],[91.3176938,23.2795916],[91.3182083,23.2793837],[91.318996,23.2792056],[91.3193013,23.2794435],[91.3195745,23.2796964],[91.3198477,23.2799493],[91.3201691,23.2801129],[91.3206514,23.2800536],[91.321375,23.2795335],[91.3225488,23.2785526],[91.3232723,23.2781068],[91.3246228,23.2773638],[91.3255257,23.276905],[91.3262492,23.2766079],[91.3270529,23.276504],[91.3294801,23.2765345],[91.3303641,23.2766835],[91.3311035,23.2769216],[91.3318428,23.2773975],[91.3327267,23.2779776],[91.3339321,23.2785132],[91.3349126,23.278796],[91.3355877,23.2788854],[91.3364595,23.2789854],[91.3373597,23.2788519],[91.33826,23.2787629],[91.3390316,23.2787482],[91.3396424,23.2787929],[91.3404943,23.2789716],[91.3409283,23.2790757],[91.341539,23.2793583],[91.3419569,23.2796706],[91.3422783,23.2799829],[91.3429051,23.2804886],[91.3434837,23.2806374],[91.3439017,23.2806672],[91.3443518,23.280697],[91.344834,23.2808904],[91.3451846,23.2811161],[91.3452037,23.2811284],[91.3456793,23.2815849],[91.3458561,23.2817336],[91.3463222,23.282046],[91.3468045,23.2822096],[91.3472545,23.2824921],[91.3475438,23.2827153],[91.3480581,23.2832357],[91.348267,23.2836074],[91.3487609,23.2841059],[91.3491948,23.2843439],[91.3502235,23.2853699],[91.3505609,23.2858458],[91.3508502,23.2861284],[91.3520154,23.287163],[91.3524173,23.287505],[91.3526102,23.2876984],[91.3529799,23.2881147],[91.3530924,23.2882783],[91.3531727,23.2884568],[91.353237,23.2886203],[91.3533655,23.2888136],[91.3535584,23.2889326],[91.3537836,23.2889326],[91.3543623,23.2886799],[91.3551339,23.2887395],[91.3562431,23.2894979],[91.3565484,23.2897507],[91.3568034,23.2900817],[91.3568998,23.2903047],[91.3569158,23.2906467],[91.3567872,23.2909292],[91.3565943,23.2913009],[91.3563852,23.2915834],[91.356144,23.2919402],[91.3558867,23.292416],[91.3558224,23.2927728],[91.3559831,23.2930107],[91.356192,23.2931743],[91.3567708,23.2935461],[91.3587114,23.2945619],[91.3593062,23.2948594],[91.3595795,23.294904],[91.3603672,23.2953055],[91.3608334,23.2956921],[91.3615246,23.296495],[91.3617014,23.2967181],[91.3621354,23.2974912],[91.3625987,23.2983456],[91.3627274,23.2986429],[91.362856,23.298866],[91.3630488,23.2989849],[91.3632097,23.2990592],[91.3635472,23.2990593],[91.3639337,23.2990017],[91.3640456,23.298985],[91.3643028,23.2988511],[91.3646888,23.298643],[91.3650585,23.298539],[91.3652033,23.2985241],[91.3653318,23.2985836],[91.3653961,23.2987174],[91.3656051,23.2991784],[91.3664376,23.2998833],[91.3667109,23.2998982],[91.3673058,23.3000617],[91.3675951,23.3002104],[91.3678363,23.3004781],[91.368206,23.3008498],[91.3684793,23.3010728],[91.3689938,23.3014742],[91.3695667,23.3018413],[91.3698561,23.3020049],[91.3701294,23.3021387],[91.3706277,23.3025699],[91.3707886,23.3027632],[91.3711261,23.3032836],[91.3711423,23.3037296],[91.3710779,23.3039824],[91.3709332,23.3040419],[91.3702741,23.3042352],[91.3699364,23.3043094],[91.3697596,23.3044136],[91.3695827,23.3046663],[91.3696791,23.3048893],[91.3697595,23.3050528],[91.3698904,23.3052305],[91.3703401,23.3055556],[91.3705307,23.3057904],[91.3705942,23.3060297],[91.3705795,23.3063141],[91.3703205,23.3065488],[91.3700321,23.306892],[91.3698561,23.3071583],[91.3698072,23.3073977],[91.3699343,23.3077363],[91.3701787,23.3078988],[91.3708044,23.3081697],[91.3712541,23.3082419],[91.3718162,23.3084677],[91.3721389,23.3086754],[91.3724126,23.3088831],[91.3727498,23.3092308],[91.3730676,23.3096009],[91.3735857,23.310522],[91.373791,23.3110412],[91.3738106,23.3113391],[91.3737617,23.3116371],[91.3741479,23.3122195],[91.374583,23.3123505],[91.3748225,23.3125446],[91.3749496,23.3126484],[91.3751989,23.3130096],[91.3753309,23.3133663],[91.3753309,23.3139035],[91.3751695,23.3142602],[91.3749105,23.3147794],[91.374671,23.3152715],[91.3745878,23.3154792],[91.3745585,23.3156688],[91.3745732,23.3158945],[91.3747492,23.3160887],[91.3750229,23.3163235],[91.3752674,23.3165944],[91.3756621,23.317356],[91.3760398,23.3182197],[91.3760691,23.3184274],[91.3759273,23.3187841],[91.375766,23.3190233],[91.3757025,23.3192039],[91.3756682,23.3194838],[91.3756829,23.3198721],[91.3760838,23.3202152],[91.3763771,23.3203462],[91.3767144,23.3203597],[91.3770371,23.3203777],[91.3773255,23.3204048],[91.37779,23.3204499],[91.3779855,23.3205854],[91.3780637,23.3208653],[91.3780637,23.3212085],[91.3778389,23.3219624],[91.3776434,23.3223011],[91.3774673,23.3224952],[91.3774331,23.3227796],[91.377482,23.3230324],[91.3778389,23.3235381],[91.3784451,23.3242605],[91.3789927,23.3247209],[91.3792902,23.324838],[91.3804594,23.325669],[91.3806842,23.3257006],[91.3812123,23.3256554],[91.3815838,23.3254206],[91.3823807,23.3248652],[91.3834708,23.3246259],[91.3851428,23.3244633],[91.385529,23.3244497],[91.3862526,23.3245535],[91.3872499,23.3249823],[91.3875726,23.3252938],[91.3876948,23.325515],[91.3877291,23.3259755],[91.3876168,23.3266121],[91.3873284,23.3275964],[91.3869423,23.3287116],[91.3865708,23.3295288],[91.3863802,23.3303008],[91.3864095,23.3306033],[91.3864731,23.33096],[91.3866052,23.3312128],[91.3870843,23.3313934],[91.3875195,23.331601],[91.3881942,23.3320298],[91.3895144,23.3335015],[91.3896904,23.3339801],[91.3896905,23.3342691],[91.3897248,23.3345354],[91.3899497,23.3349959],[91.390336,23.3354563],[91.3905903,23.3358898],[91.3907665,23.3365263],[91.3907665,23.3370771],[91.3905612,23.3375693],[91.3905758,23.3377905],[91.3908155,23.3379484],[91.3912311,23.337962],[91.3914706,23.3382599],[91.3914903,23.3387655],[91.3912166,23.3394067],[91.3909429,23.3398672],[91.390718,23.3401924],[91.3906201,23.3403729],[91.3906202,23.3405355],[91.390718,23.3406257],[91.3909576,23.3406393],[91.3913781,23.3405941],[91.3916666,23.3406844],[91.3920479,23.3409461],[91.3921947,23.3412396],[91.392273,23.3415691],[91.3921313,23.3420884],[91.3919846,23.3423864],[91.3914859,23.3425038],[91.3908942,23.3425671],[91.3902978,23.3426394],[91.3899604,23.3428471],[91.3895742,23.3432805],[91.3893835,23.3436418],[91.3892272,23.3441474],[91.389193,23.3444319],[91.3893543,23.3445808],[91.3897699,23.3446259],[91.3902051,23.3445491],[91.3906745,23.3445039],[91.3910266,23.344522],[91.3909777,23.3448199],[91.3908017,23.3451766],[91.3906257,23.3455152],[91.3901906,23.3457997],[91.389594,23.3460662],[91.3892567,23.346292],[91.3890807,23.3466757],[91.3891932,23.3469195],[91.3894035,23.3471091],[91.3897898,23.3473619],[91.3901077,23.347556],[91.3905625,23.3478268],[91.3909292,23.3481203],[91.3909292,23.3486439],[91.3907386,23.3489239],[91.3904013,23.3490865],[91.3898683,23.3491768],[91.3889197,23.3498767],[91.3883233,23.3511861],[91.3881326,23.351457],[91.3881327,23.3517685],[91.3882598,23.3520845],[91.3886168,23.352545],[91.3889836,23.3529016],[91.3891597,23.3532853],[91.3890326,23.3536601],[91.388617,23.3541928],[91.3882308,23.3546263],[91.3881317,23.3547281],[91.3879716,23.3548927],[91.3876979,23.3552088],[91.3876831,23.3554345],[91.3876979,23.3556287],[91.3878739,23.3557461],[91.3884704,23.355746],[91.3888568,23.3558497],[91.3892284,23.3560122],[91.389517,23.3562515],[91.3897909,23.3569784],[91.3899964,23.3576059],[91.3901774,23.3580664],[91.3903338,23.3582289],[91.3905637,23.3583643],[91.3908326,23.3583914],[91.391175,23.3583326],[91.3915563,23.3581836],[91.3917813,23.3581249],[91.392104,23.3581384],[91.3922507,23.3582423],[91.3924219,23.3583686],[91.3927105,23.3590233],[91.3930773,23.3597184],[91.3931751,23.359899],[91.3935127,23.3604634],[91.3936594,23.360671],[91.3938013,23.3607748],[91.3940262,23.36082],[91.3942365,23.3607296],[91.3956837,23.3595421],[91.3964709,23.3588557],[91.3969257,23.3585441],[91.3976102,23.3583093],[91.3983829,23.3583407],[91.3985882,23.3584129],[91.3987839,23.3585755],[91.3991704,23.3592933],[91.3993465,23.3597356],[91.3993955,23.3600472],[91.399508,23.3602729],[91.3996987,23.3604941],[91.4002806,23.3606611],[91.4006817,23.3607648],[91.4010827,23.3610582],[91.4013566,23.3613877],[91.4019974,23.3625253],[91.402159,23.362882],[91.4023986,23.3630444],[91.4027018,23.3632386],[91.4032691,23.3633287],[91.4037484,23.3633287],[91.4042324,23.3632654],[91.4045357,23.3633105],[91.4047802,23.3634007],[91.4050198,23.3636535],[91.4050689,23.3638927],[91.4049222,23.3642765],[91.4048929,23.3645609],[91.404893,23.3649628],[91.4049224,23.3652292],[91.40526,23.3655993],[91.4054849,23.3657663],[91.4056757,23.3660191],[91.4056758,23.3665428],[91.4056124,23.3669265],[91.4054363,23.3672245],[91.4052115,23.3675362],[91.4051138,23.3677619],[91.4050844,23.367938],[91.4050503,23.3681457],[91.4052117,23.3683714],[91.4054709,23.3684571],[91.4060138,23.368457],[91.406625,23.3683124],[91.4075297,23.3679962],[91.4098964,23.3671514],[91.4102192,23.3670746],[91.4107033,23.3673002],[91.4108795,23.3674311],[91.4110898,23.367729],[91.4117993,23.3690516],[91.4123865,23.3703969],[91.4126264,23.3711689],[91.4130128,23.3716023],[91.4143481,23.3720443],[91.4147834,23.3720894],[91.4154094,23.372044],[91.4162309,23.3719851],[91.4166173,23.3720753],[91.4173901,23.3722964],[91.4194297,23.3731536],[91.4199776,23.3735417],[91.4202027,23.3737809],[91.4202914,23.3740058],[91.4203999,23.3743263],[91.420386,23.3749402],[91.420556,23.3772753],[91.4206197,23.3775867],[91.4208155,23.3782278],[91.4213586,23.3789725],[91.4219556,23.3797309],[91.4225674,23.3807059],[91.4227289,23.3812701],[91.4227634,23.3817306],[91.4226167,23.3821009],[91.4216534,23.3824579],[91.4204747,23.3827697],[91.4196092,23.3830228],[91.4193499,23.3831899],[91.4191104,23.3834428],[91.4190274,23.3836505],[91.4190128,23.3842826],[91.4188371,23.385023],[91.4186758,23.3854113],[91.4185144,23.3857364],[91.4184314,23.3860074],[91.4184022,23.3864228],[91.4184512,23.3867207],[91.41874,23.387136],[91.4188819,23.387461],[91.4188531,23.3890412],[91.4188092,23.3895153],[91.4187408,23.3898268],[91.4184865,23.3899036],[91.4174739,23.3895472],[91.4172439,23.3894118],[91.4170385,23.3891862],[91.4169627,23.3891136],[91.4167792,23.3889379],[91.4164906,23.3888296],[91.4161677,23.3887259],[91.4158449,23.3887124],[91.4154438,23.3887893],[91.4149157,23.3891732],[91.4146419,23.389399],[91.4141724,23.3896338],[91.413786,23.389652],[91.413468,23.3895889],[91.4126119,23.3892596],[91.4122402,23.3891423],[91.4119369,23.389052],[91.4116435,23.389025],[91.4113891,23.3890521],[91.4111495,23.389156],[91.4110175,23.3892915],[91.4109392,23.3894721],[91.4108757,23.3897385],[91.4107144,23.3900501],[91.4105384,23.3902713],[91.4103086,23.3904655],[91.4100396,23.3905558],[91.4097656,23.3904521],[91.4095552,23.3903031],[91.4094281,23.3901226],[91.4093155,23.3898698],[91.4092029,23.389784],[91.4089583,23.3897254],[91.4087187,23.389739],[91.4085085,23.3898564],[91.4082981,23.3900642],[91.4082493,23.390335],[91.4082347,23.3907775],[91.4082348,23.3910755],[91.4082497,23.391536],[91.4080932,23.3919379],[91.4079124,23.3923397],[91.4077216,23.3925925],[91.4074038,23.3928951],[91.4070663,23.3932112],[91.4066163,23.3933422],[91.4061517,23.3935049],[91.4058143,23.3937126],[91.4055208,23.3940106],[91.4053155,23.394295],[91.4050564,23.3946969],[91.4049439,23.3949634],[91.4048462,23.3951259],[91.4045918,23.3955006],[91.4044793,23.3956181],[91.4042691,23.3957084],[91.4040098,23.3956498],[91.4035304,23.395528],[91.4029629,23.3953791],[91.402239,23.3953206],[91.4015983,23.3954109],[91.4013244,23.3955013],[91.4007374,23.3957181],[91.3994658,23.3963729],[91.3987909,23.3967433],[91.3986689,23.3968418],[91.3984388,23.3970277],[91.3979056,23.3974567],[91.3971377,23.3978857],[91.3967513,23.3980483],[91.3963013,23.3980483],[91.3958513,23.3980485],[91.3954942,23.398211],[91.3952546,23.3983736],[91.3944476,23.3990283],[91.3942227,23.3993263],[91.393758,23.3997417],[91.393039,23.3999315],[91.3918503,23.4001844],[91.391014,23.4003606],[91.3902753,23.400627],[91.3897911,23.4008528],[91.3887785,23.4012683],[91.388216,23.4013586],[91.3874236,23.4013857],[91.3869931,23.4015664],[91.3867241,23.4018418],[91.386416,23.4021985],[91.3856432,23.4030022],[91.3853888,23.4031647],[91.3851638,23.4033724],[91.3850513,23.4037742],[91.3847286,23.4055979],[91.3842934,23.407973],[91.3842445,23.4087495],[91.3843424,23.409183],[91.3842593,23.409982],[91.3841322,23.4108038],[91.384054,23.4118557],[91.384196,23.4127044],[91.3845678,23.4134629],[91.3850816,23.4141175],[91.3853555,23.4147089],[91.3854045,23.4151875],[91.3852578,23.4163026],[91.3848861,23.4171514],[91.3847443,23.4178918],[91.3846122,23.4187452],[91.3846123,23.4194405],[91.3843725,23.4197249],[91.3840351,23.4198287],[91.3837317,23.419919],[91.3835507,23.420068],[91.3835507,23.4203028],[91.3836975,23.4205105],[91.3840204,23.4207226],[91.3846956,23.4209303],[91.3850185,23.4211831],[91.3852435,23.4214811],[91.3851604,23.4218377],[91.3850332,23.4225195],[91.3851458,23.422682],[91.385322,23.4228174],[91.3857427,23.4228039],[91.3860803,23.4227857],[91.3864815,23.4228444],[91.386819,23.4229934],[91.3874453,23.4233139],[91.3876557,23.4235079],[91.3878319,23.4237337],[91.3879297,23.4239865],[91.3879738,23.4242213],[91.3877683,23.4246547],[91.3874748,23.4249797],[91.3872205,23.4252507],[91.3868633,23.4255035],[91.3865942,23.4256209],[91.3862518,23.4256661],[91.3858701,23.4258151],[91.3855961,23.4260815],[91.3856892,23.4262757],[91.3859485,23.4264969],[91.3867363,23.427147],[91.3871228,23.427472],[91.3873773,23.4277383],[91.3874261,23.4279324],[91.3872647,23.4280815],[91.3870593,23.428262],[91.3868978,23.4284516],[91.3868636,23.4288083],[91.3869468,23.4291831],[91.387172,23.4296435],[91.3873971,23.4298377],[91.3877199,23.4301672],[91.3879109,23.4304968],[91.3879598,23.4307496],[91.3878962,23.4311198],[91.3877348,23.4313456],[91.3875733,23.43149],[91.3874314,23.4316571],[91.3874462,23.4319686],[91.3875587,23.4321627],[91.3877984,23.4323387],[91.3882682,23.4325464],[91.3885079,23.4327315],[91.3889434,23.4331061],[91.3889728,23.4334447],[91.38888,23.4337428],[91.3886989,23.4339234],[91.3882683,23.433937],[91.3877839,23.4338015],[91.3874316,23.433639],[91.3870255,23.4335082],[91.3867711,23.4334766],[91.3865607,23.4335352],[91.3865118,23.4337746],[91.3865461,23.434515],[91.386463,23.4348129],[91.3859346,23.4353051],[91.3855627,23.4354406],[91.3848435,23.4354812],[91.3844227,23.4354677],[91.3833462,23.4355852],[91.3830087,23.4358244],[91.3826368,23.4360006],[91.3815604,23.4363573],[91.3810124,23.4364928],[91.3805965,23.4366282],[91.380166,23.4369352],[91.3794418,23.4376938],[91.3792021,23.4380639],[91.3788596,23.4386283],[91.3787178,23.4393868],[91.3787178,23.4397976],[91.3790896,23.4402129],[91.3795887,23.4408495],[91.3794566,23.44131],[91.3790897,23.4415538],[91.3786542,23.4426419],[91.3780084,23.4434275],[91.3772694,23.4442176],[91.3771492,23.4449318],[91.3774281,23.4457601],[91.3775676,23.4459257],[91.3779823,23.4463526],[91.3788869,23.4483805],[91.3789081,23.44862],[91.3789133,23.4489674],[91.3788076,23.4493485],[91.3787334,23.4495],[91.3785907,23.4496955],[91.3785219,23.4498323],[91.3784176,23.4500948],[91.3782326,23.4508375],[91.378126,23.4512786],[91.3781163,23.4514591],[91.3781162,23.451554],[91.3781162,23.4516488],[91.3781365,23.4517804],[91.3784105,23.452239],[91.3786327,23.452586],[91.3788761,23.4527863],[91.3792363,23.4530462],[91.37959,23.4534397],[91.3797262,23.453911],[91.3799485,23.455149],[91.3799379,23.4558086],[91.3798639,23.456009],[91.3796999,23.4562581],[91.3795676,23.4564536],[91.3793743,23.4567118],[91.3792632,23.4568143],[91.3791891,23.4568975],[91.3791627,23.4570244],[91.3791679,23.4572395],[91.3792103,23.4574447],[91.3793637,23.4577525],[91.3794039,23.4578211],[91.379619,23.4581886],[91.3798254,23.4584866],[91.3800424,23.4587797],[91.3802527,23.4589935],[91.3805173,23.4594456],[91.3805173,23.4601544],[91.3804115,23.4604355],[91.3800155,23.4614872],[91.3795658,23.4626238],[91.3795261,23.4628193],[91.3795393,23.4630271],[91.3800288,23.4639557],[91.3806508,23.4650074],[91.3809683,23.4652395],[91.3811138,23.465484],[91.381352,23.4663027],[91.3813784,23.4665761],[91.3813916,23.4668449],[91.3812991,23.4670893],[91.3811403,23.4672849],[91.3811006,23.4675049],[91.3811403,23.4677737],[91.3813255,23.4679571],[91.3817886,23.4682259],[91.38245,23.468568],[91.3828998,23.4688002],[91.3835877,23.4693134],[91.3839522,23.469658],[91.3842564,23.4700368],[91.3850872,23.4713584],[91.3853519,23.4721649],[91.3855768,23.4731182],[91.3862649,23.4742234],[91.3864633,23.4745412],[91.3867677,23.4748345],[91.3871381,23.4750666],[91.3875483,23.4752743],[91.3876259,23.475281],[91.3887654,23.4756165],[91.3901149,23.476044],[91.3904487,23.4762564],[91.3904569,23.4765534],[91.3904437,23.4767733],[91.390457,23.4771644],[91.3906157,23.477311],[91.3908142,23.4774333],[91.3909862,23.4774698],[91.3911185,23.4774943],[91.3912904,23.477482],[91.3913963,23.4773598],[91.3915418,23.4771643],[91.3916476,23.4770909],[91.3918461,23.4770787],[91.3921107,23.4770909],[91.3923092,23.4773109],[91.3923774,23.4787203],[91.3919707,23.4789908],[91.390557,23.4802643],[91.3899896,23.4809834],[91.3892883,23.4818723],[91.388287,23.4829881],[91.3868686,23.4837413],[91.3837527,23.4854128],[91.3828245,23.4859238],[91.3825747,23.4863486],[91.3829489,23.4869797],[91.3834207,23.4878211],[91.3837786,23.4887227],[91.384396,23.4901104],[91.3845425,23.4905011],[91.3846077,23.4909519],[91.3844775,23.4913877],[91.3844613,23.4920187],[91.3845427,23.4924696],[91.3848518,23.4930255],[91.3850488,23.4933368],[91.3851411,23.4934826],[91.385011,23.4938584],[91.384653,23.4941439],[91.3836932,23.4948501],[91.3833516,23.495361],[91.3831262,23.4962399],[91.3831751,23.496886],[91.3833703,23.4973218],[91.383712,23.4975622],[91.3842001,23.4977726],[91.3850299,23.498073],[91.3855668,23.4985539],[91.3860713,23.4993652],[91.3862666,23.5000414],[91.3863112,23.5004575],[91.3857901,23.5006773],[91.3847116,23.501029],[91.3845772,23.501029],[91.3838451,23.501029],[91.3834828,23.5011644],[91.3831549,23.5016656],[91.3825773,23.5019998],[91.3822151,23.5021984],[91.3819996,23.5025687],[91.381564,23.5036703],[91.3814564,23.5040359],[91.3819263,23.5050292],[91.3819264,23.5056341],[91.3817452,23.5060359],[91.3810551,23.5066003],[91.3800809,23.5074355],[91.3800134,23.5078957],[91.3800074,23.5079367],[91.3802229,23.5095755],[91.3808398,23.5098734],[91.3816378,23.5104107],[91.3821079,23.5114626],[91.3811287,23.5113994],[91.3800468,23.5113633],[91.379753,23.5114988],[91.3796111,23.5116975],[91.3794643,23.5129345],[91.3793565,23.5131015],[91.37896,23.5131331],[91.3782354,23.51307],[91.3779466,23.5132685],[91.377364,23.5143386],[91.3775109,23.5146366],[91.378162,23.5150383],[91.3781621,23.5152731],[91.3771487,23.5162437],[91.3762086,23.5166772],[91.3756995,23.5169436],[91.3752638,23.5177471],[91.3754449,23.518149],[91.3762429,23.5186456],[91.3778684,23.518939],[91.3785538,23.5192054],[91.3788427,23.5195079],[91.3795331,23.5207764],[91.3798121,23.5214717],[91.3808943,23.5221715],[91.3819812,23.5229073],[91.3825982,23.5233407],[91.3830682,23.5236431],[91.3843707,23.5241758],[91.3846644,23.5242751],[91.3850952,23.5241757],[91.3854968,23.524108],[91.3859668,23.5243743],[91.387377,23.5255796],[91.3881016,23.5257466],[91.3888997,23.5256788],[91.3896243,23.5255117],[91.3901678,23.5253446],[91.3904223,23.5250782],[91.3906378,23.5246763],[91.3909266,23.5243106],[91.3911812,23.5242745],[91.3915043,23.5242745],[91.3923024,23.5244775],[91.3934237,23.524676],[91.3947651,23.5243418],[91.3952009,23.5244094],[91.3960333,23.5249421],[91.3967188,23.5248743],[91.3987311,23.5243051],[91.3999941,23.5235374],[91.4007921,23.5234379],[91.4010125,23.5236049],[91.4013701,23.5242053],[91.4015907,23.525641],[91.4014098,23.5273115],[91.4009401,23.5284808],[91.4011899,23.528851],[91.4018069,23.5289818],[91.4020615,23.5290811],[91.4022427,23.5292842],[91.402277,23.5296499],[91.4020617,23.5300834],[91.4016259,23.5303182],[91.3998976,23.530797],[91.3982721,23.5313345],[91.397474,23.5317004],[91.3971118,23.5321338],[91.3967497,23.5332354],[91.3966763,23.5341068],[91.3965686,23.534608],[91.3957364,23.5357096],[91.395482,23.5366803],[91.3958444,23.5373124],[91.3963881,23.5378134],[91.3979453,23.538549],[91.3985624,23.5390817],[91.3988514,23.5399213],[91.3990671,23.5406527],[91.3988811,23.541673],[91.3989156,23.5427746],[91.3988326,23.5431107],[91.3987003,23.5436459],[91.3976871,23.5457816],[91.397036,23.5475198],[91.396855,23.5480887],[91.3970362,23.5483866],[91.397286,23.5486214],[91.3979372,23.5485535],[91.3984099,23.5482871],[91.3983796,23.5495877],[91.3981242,23.5510366],[91.397686,23.5520139],[91.3968459,23.5528564],[91.3966827,23.5529285],[91.3949337,23.5537007],[91.394537,23.5539635],[91.394537,23.5543015],[91.3947878,23.5549596],[91.3949616,23.5565605],[91.3948197,23.5577072],[91.3948075,23.5578057],[91.394904,23.5583988],[91.395232,23.5591102],[91.3954056,23.559377],[91.3957142,23.5596438],[91.3966785,23.5599994],[91.3970769,23.5601962],[91.3972185,23.5602661],[91.3976235,23.5606396],[91.3983179,23.5615645],[91.3985109,23.5620092],[91.3985304,23.5631298],[91.3985306,23.5643928],[91.3986031,23.5650718],[91.3984876,23.5664949],[91.3985071,23.5676511],[91.398353,23.5683804],[91.3986234,23.5707462],[91.3988359,23.5725605],[91.3992208,23.5737929],[91.399356,23.5746823],[91.3992019,23.575714],[91.3994335,23.5767812],[91.3995109,23.5778129],[91.399376,23.5786845],[91.3986625,23.5796985],[91.3983927,23.5802322],[91.3977589,23.5817158],[91.3976047,23.5824629],[91.3978171,23.5832456],[91.3976243,23.5843485],[91.3976051,23.5845441],[91.3976281,23.5846467],[91.397655,23.5847667],[91.3978673,23.5849267],[91.3986259,23.5852156],[91.3987546,23.5852646],[91.3993332,23.585389],[91.399584,23.5855135],[91.4000663,23.5857803],[91.4002471,23.5859694],[91.4003636,23.5860912],[91.4005566,23.586607],[91.4008653,23.5869449],[91.4011739,23.5871761],[91.4024976,23.5873273],[91.4031727,23.587594],[91.4035586,23.5879318],[91.4043496,23.5888033],[91.4047741,23.5894791],[91.4057581,23.5904395],[91.4058436,23.5905115],[91.4064334,23.5910086],[91.4083627,23.5926268],[91.4094792,23.5934538],[91.4104053,23.5942539],[91.4107333,23.5944674],[91.4116979,23.5948229],[91.4127589,23.5949294],[91.4135112,23.5950003],[91.4139935,23.5950891],[91.4145337,23.5955159],[91.4148425,23.5959783],[91.4149199,23.5967965],[91.4148577,23.5975484],[91.4153016,23.5981885],[91.4164016,23.599558],[91.4168262,23.6000737],[91.4172892,23.6003937],[91.4175786,23.6004826],[91.4186396,23.6004289],[91.4192762,23.6004643],[91.4199707,23.6006064],[91.4209356,23.6013889],[91.4215531,23.6021891],[91.4219777,23.6025803],[91.4223829,23.6028292],[91.4227183,23.6027832],[91.4234513,23.6025339],[91.4238371,23.602427],[91.4242808,23.6023913],[91.4245895,23.6024802],[91.4250912,23.6029603],[91.4258055,23.6042585],[91.4267706,23.6057347],[91.4276198,23.6068194],[91.4289515,23.6080996],[91.4295691,23.6086153],[91.4298392,23.6087219],[91.4302637,23.6087929],[91.4305837,23.6087512],[91.4316333,23.6086145],[91.4320658,23.6086068],[91.4325481,23.60866],[91.4328569,23.6089444],[91.4329343,23.6094069],[91.4326646,23.6101718],[91.4326457,23.6112391],[91.433032,23.6122528],[91.4340165,23.6136756],[91.4347307,23.6143868],[91.4361804,23.6158563],[91.4374942,23.6172824],[91.438112,23.6180812],[91.4384996,23.6190788],[91.4390292,23.6201667],[91.4396077,23.620821],[91.4403432,23.6218907],[91.4402845,23.6220487],[91.4401522,23.6221391],[91.4389176,23.6222479],[91.4380847,23.6225688],[91.4372177,23.6231019],[91.4370269,23.6236167],[91.4370076,23.6242396],[91.4373166,23.6248264],[91.4386646,23.6259455],[91.4394343,23.6266991],[91.4402822,23.6274437],[91.4410175,23.6277819],[91.4422722,23.6284405],[91.4433163,23.629203],[91.4441447,23.6298979],[91.4452819,23.6304843],[91.4463063,23.6310166],[91.4471151,23.6314632],[91.447713,23.6318014],[91.4480024,23.6321038],[91.4480788,23.6322286],[91.4481986,23.6324242],[91.4481597,23.6329074],[91.447832,23.6341896],[91.4477346,23.6351649],[91.4476372,23.6363071],[91.4479662,23.6374626],[91.4483538,23.6383699],[91.4487215,23.6387941],[91.4492803,23.638848],[91.4498782,23.639078],[91.4510891,23.6398855],[91.4517068,23.6403457],[91.4523785,23.64086],[91.4528642,23.6418394],[91.4535606,23.6425163],[91.4546781,23.6429942],[91.4554673,23.6432783],[91.4567219,23.6433859],[91.4580157,23.643331],[91.4584616,23.6433308],[91.4588636,23.6435428],[91.459501,23.6440797],[91.459609,23.644337],[91.4596778,23.6446213],[91.4596877,23.6450006],[91.4596488,23.6453798],[91.4595314,23.6456643],[91.4594092,23.6460842],[91.4593604,23.64645],[91.4594146,23.6468562],[91.4596556,23.6481879],[91.4599602,23.6492893],[91.4602451,23.6503591],[91.4604467,23.6514334],[91.4606629,23.6522324],[91.4609427,23.6530133],[91.4612863,23.6536993],[91.4614876,23.6542997],[91.4616106,23.6549993],[91.4617825,23.6556629],[91.4620674,23.6566469],[91.4621707,23.6572202],[91.4622104,23.6577303],[91.4621421,23.6582811],[91.4618928,23.6593015],[91.4618786,23.6600555],[91.4620409,23.6608319],[91.4627331,23.6625922],[91.4628507,23.6626644],[91.4631351,23.6627185],[91.4638506,23.6626683],[91.4644682,23.6626048],[91.4646973,23.6625593],[91.4654035,23.662419],[91.46541,23.6624178],[91.4655169,23.6623965],[91.466056,23.6623871],[91.4664139,23.6624186],[91.4670168,23.6626168],[91.4677523,23.6629505],[91.4681004,23.6632347],[91.4686204,23.6638258],[91.4689686,23.6640783],[91.4695226,23.6642632],[91.470351,23.6643845],[91.4711844,23.6645465],[91.4716942,23.6646952],[91.4719982,23.664853],[91.4723268,23.6651824],[91.4729547,23.6658727],[91.4734846,23.6665992],[91.4739264,23.6674703],[91.4756825,23.6677733],[91.4763878,23.6678841],[91.4766616,23.6680656],[91.4768567,23.668319],[91.4770118,23.6687529],[91.4771653,23.6695842],[91.4772011,23.670451],[91.4772393,23.670704],[91.477513,23.6709216],[91.4780608,23.6712123],[91.4786471,23.6716838],[91.4791156,23.6721911],[91.4793886,23.6725892],[91.4797402,23.6729154],[91.4800144,23.6729886],[91.4805241,23.6729903],[91.4812694,23.6729567],[91.4819754,23.6729229],[91.4822887,23.6729962],[91.482601,23.6733584],[91.4835003,23.6740476],[91.4839705,23.6741214],[91.4842837,23.6742669],[91.4844789,23.6744843],[91.4849064,23.6754608],[91.4851797,23.6757867],[91.4854928,23.6759322],[91.4861196,23.6760788],[91.4868639,23.6762979],[91.4874511,23.6765527],[91.4876856,23.6767702],[91.4878023,23.6770233],[91.487834,23.676918],[91.4881308,23.6756794],[91.4877726,23.6751741],[91.4866001,23.6743681],[91.486257,23.6741323],[91.4857068,23.672557],[91.4863471,23.6702948],[91.4871208,23.669432],[91.4894439,23.6691775],[91.4900469,23.6692358],[91.4911257,23.6697903],[91.492151,23.670846],[91.4937152,23.6714589],[91.494318,23.6713455],[91.4948569,23.6710697],[91.4946206,23.6699052],[91.4945609,23.6688533],[91.495403,23.6677963],[91.4948633,23.6671872],[91.4950282,23.6660392],[91.495854,23.6649594],[91.4962312,23.6645478],[91.4965057,23.6643577],[91.497418,23.6642416],[91.4981182,23.6640973],[91.4985442,23.6639166],[91.4991669,23.6635245],[91.5000846,23.6629517],[91.5004122,23.6628312],[91.5010672,23.6628921],[91.5023447,23.6628327],[91.5027706,23.6626822],[91.5030914,23.6624165],[91.5038787,23.6612094],[91.5040427,23.6609077],[91.5040759,23.6604246],[91.5037816,23.6599413],[91.5035527,23.6595486],[91.5034874,23.6593372],[91.5034549,23.6590956],[91.5035533,23.6589448],[91.5038482,23.6588242],[91.504536,23.6587644],[91.506142,23.6575881],[91.5062021,23.6572906],[91.5064651,23.656234],[91.5066156,23.6553957],[91.5065317,23.6551472],[91.5064665,23.6546942],[91.5064667,23.6545433],[91.5064669,23.6544225],[91.5066961,23.6543322],[91.5074823,23.6542422],[91.50781,23.6540009],[91.5080396,23.6537294],[91.5081053,23.6534275],[91.5081384,23.6530652],[91.5074825,23.6519882],[91.5073516,23.6518068],[91.5070897,23.6517463],[91.5067293,23.6518064],[91.5065001,23.6518364],[91.5062053,23.6518059],[91.505878,23.6516849],[91.5056489,23.6515036],[91.5055182,23.6512317],[91.5054857,23.6508694],[91.5055506,23.6505126],[91.5056639,23.6501094],[91.5056339,23.6497743],[91.5055657,23.649437],[91.5053762,23.6486961],[91.5053226,23.6484117],[91.5053718,23.6481859],[91.5054405,23.6480596],[91.505622,23.6479468],[91.5058131,23.6479425],[91.5062932,23.6480828],[91.5067292,23.6483134],[91.5071651,23.6485666],[91.5076061,23.6486031],[91.507812,23.6485671],[91.5080571,23.6484499],[91.5082141,23.6483507],[91.5083318,23.6482154],[91.5084103,23.6480574],[91.5084362,23.6477317],[91.5084366,23.647316],[91.5084043,23.6468561],[91.5083389,23.6466447],[91.5083678,23.6464141],[91.5084218,23.6462877],[91.5085053,23.6461614],[91.5085836,23.6461389],[91.5087356,23.646148],[91.5090923,23.6464339],[91.5093868,23.6467966],[91.509485,23.6468268],[91.5097472,23.6466459],[91.5104028,23.6459821],[91.5105994,23.6458011],[91.5108039,23.6458833],[91.5109015,23.6463484],[91.5110776,23.6467097],[91.5120079,23.6476404],[91.5122528,23.6478212],[91.5124781,23.6479116],[91.5126878,23.6479118],[91.5132132,23.647867],[91.5136003,23.6479576],[91.5137178,23.6480796],[91.5137177,23.6481834],[91.5134382,23.6485309],[91.5131929,23.6488015],[91.5131633,23.6490273],[91.513212,23.6492214],[91.5134374,23.6494157],[91.5136481,23.6494294],[91.5139911,23.6493574],[91.5145793,23.6492811],[91.5149027,23.6493581],[91.5152799,23.6495525],[91.5157207,23.6498237],[91.5161703,23.6502069],[91.5163672,23.6504292],[91.5163816,23.6507],[91.5160235,23.651088],[91.5156936,23.6513392],[91.5153565,23.6516158],[91.5153368,23.6517918],[91.5154053,23.6519589],[91.5156306,23.6520629],[91.5164294,23.6520183],[91.5168558,23.6520502],[91.5171449,23.6521092],[91.5173261,23.6522764],[91.517473,23.6524886],[91.5175362,23.6530124],[91.5175851,23.653193],[91.517634,23.6533149],[91.5180254,23.6541549],[91.5182995,23.654575],[91.5185149,23.6547241],[91.519059,23.6546613],[91.5196474,23.654287],[91.5199072,23.6542737],[91.5202012,23.6543777],[91.5203565,23.654521],[91.5207546,23.6549018],[91.5212587,23.6557012],[91.521504,23.656472],[91.5215322,23.6568797],[91.5214681,23.6573267],[91.5214042,23.6575524],[91.5211247,23.6577327],[91.5206651,23.6577656],[91.5203275,23.6576672],[91.5199064,23.6576622],[91.5197595,23.6578269],[91.519823,23.6580075],[91.5200615,23.6581655],[91.5221185,23.6590246],[91.5224616,23.659088],[91.5231429,23.6590434],[91.5236969,23.6588902],[91.5242615,23.6585203],[91.5248051,23.6581416],[91.5251482,23.6581102],[91.5254147,23.658156],[91.5255745,23.6582775],[91.5256723,23.6584717],[91.5255741,23.6587741],[91.5253434,23.6591622],[91.5253138,23.6594331],[91.5253283,23.6596724],[91.5254262,23.6598711],[91.5258325,23.6605169],[91.5261258,23.6614382],[91.5261894,23.6616774],[91.526091,23.662025],[91.5259144,23.6622326],[91.5255859,23.6623678],[91.5245675,23.6624395],[91.5239734,23.6624705],[91.5234193,23.662592],[91.5233552,23.6632511],[91.5232903,23.6645874],[91.5233531,23.6657476],[91.5236125,23.6661496],[91.5239407,23.6664208],[91.5242152,23.6665113],[91.5246072,23.6665882],[91.5251903,23.6666654],[91.5256167,23.6667695],[91.5259401,23.6669639],[91.5261212,23.6671581],[91.5261701,23.6673704],[91.5261552,23.6676141],[91.5261061,23.6677946],[91.526008,23.6679301],[91.5258755,23.6680789],[91.5257136,23.6681691],[91.5255029,23.668169],[91.5249637,23.6680919],[91.5244934,23.6679742],[91.5241159,23.6679875],[91.524003,23.6680777],[91.524003,23.6682131],[91.5240837,23.6683307],[91.5241045,23.6683609],[91.5242821,23.6686196],[91.5244729,23.6689628],[91.524409,23.6691614],[91.5243109,23.6692652],[91.5235314,23.6695039],[91.5233989,23.6696528],[91.5233987,23.6698786],[91.5235456,23.670136],[91.5238395,23.6703484],[91.5242462,23.6705699],[91.5245619,23.6706482],[91.5249469,23.670751],[91.5251232,23.6709316],[91.5251571,23.6715051],[91.5252033,23.6716791],[91.5253185,23.6719837],[91.5254017,23.6720876],[91.5255829,23.6722412],[91.5258084,23.6723677],[91.5262151,23.6725621],[91.5266707,23.6726979],[91.5272048,23.6730143],[91.5274986,23.6733305],[91.5275475,23.6735833],[91.5275327,23.6737052],[91.5273855,23.6738721],[91.5271528,23.6739776],[91.5268952,23.6740795],[91.526748,23.6742148],[91.5266203,23.6744721],[91.5265712,23.6746798],[91.5263105,23.6758669],[91.5263103,23.6760024],[91.5263592,23.6761965],[91.5264081,23.676332],[91.5265844,23.6765127],[91.5270744,23.6767523],[91.5276035,23.6771634],[91.5277503,23.677466],[91.5278968,23.6782607],[91.5278966,23.6784413],[91.5278818,23.6786354],[91.527764,23.6787708],[91.5274745,23.6790414],[91.5273764,23.6792671],[91.5273858,23.6794321],[91.5274397,23.679687],[91.5275866,23.6798993],[91.5278806,23.6801072],[91.5283853,23.6803468],[91.5287578,23.6803786],[91.5290667,23.6803788],[91.5293952,23.6802571],[91.529655,23.6801851],[91.5300277,23.6801537],[91.5302726,23.6801854],[91.5306991,23.6802895],[91.5310568,23.6804511],[91.5316448,23.6807732],[91.5323014,23.6811258],[91.532625,23.6812542],[91.5330512,23.6813971],[91.5333943,23.6813973],[91.5340301,23.6813037],[91.5349501,23.6814873],[91.5361782,23.6821215],[91.5369477,23.6823025],[91.5373691,23.6824517],[91.537761,23.6827815],[91.5379226,23.6830389],[91.5379863,23.683188],[91.5381969,23.6834138],[91.5385105,23.6834908],[91.5387214,23.6834909],[91.5391773,23.6834009],[91.539648,23.6832928],[91.5400892,23.6832659],[91.5404176,23.6832932],[91.5406577,23.6834604],[91.5409222,23.683745],[91.5411621,23.6841966],[91.5412159,23.6845217],[91.5412153,23.6853613],[91.5409843,23.6861604],[91.5410674,23.6866254],[91.5411457,23.686788],[91.5416357,23.687032],[91.5423023,23.6871769],[91.5428414,23.6874028],[91.5431599,23.6875829],[91.5435128,23.6877825],[91.5438311,23.6882883],[91.5438503,23.6888572],[91.5435069,23.6893084],[91.5425261,23.6896555],[91.5419916,23.6899712],[91.5417611,23.6901336],[91.5416973,23.6902374],[91.5416825,23.6903142],[91.5417118,23.6905173],[91.5418732,23.691014],[91.5419907,23.6912669],[91.5421376,23.6915243],[91.5421788,23.6917088],[91.5422158,23.6920029],[91.5421176,23.6921112],[91.5420195,23.6921563],[91.5418415,23.6921488],[91.541696,23.692138],[91.540742,23.6923531],[91.5399646,23.6934011],[91.5394103,23.6938974],[91.5388608,23.6944434],[91.5388607,23.6945923],[91.5389649,23.6948749],[91.5394282,23.6957242],[91.5393484,23.6962623],[91.5383004,23.6966693],[91.5371959,23.6979451],[91.5366825,23.6993058],[91.5355647,23.7004184],[91.5342568,23.70149],[91.533977,23.7021187],[91.5347508,23.7035016],[91.5341523,23.7040204],[91.533088,23.7044938],[91.5312415,23.7047665],[91.5290661,23.7064587],[91.5294534,23.7066043],[91.5307228,23.7071649],[91.5311772,23.7076095],[91.5321827,23.7087008],[91.532343,23.7089179],[91.532563,23.7098164],[91.5326754,23.7103898],[91.5327879,23.7107962],[91.5328711,23.7109226],[91.5331407,23.7110764],[91.5336456,23.7112662],[91.5340379,23.7113116],[91.5344743,23.7112847],[91.5349842,23.7111181],[91.5356365,23.7108611],[91.5362054,23.7106402],[91.5366124,23.7105637],[91.537397,23.7105099],[91.5376372,23.7105282],[91.5378236,23.7105824],[91.5381813,23.7108625],[91.5385536,23.7112916],[91.5386074,23.7114812],[91.5386367,23.7116257],[91.5385728,23.7119236],[91.5384893,23.7121133],[91.5382586,23.712533],[91.5377138,23.7134943],[91.5371394,23.7143291],[91.5366537,23.7148344],[91.5362906,23.7152722],[91.535947,23.7157866],[91.5358734,23.7159672],[91.5357847,23.716554],[91.5358188,23.7167708],[91.5358776,23.717001],[91.5360245,23.7172313],[91.5363037,23.7177146],[91.5363526,23.7178997],[91.5363229,23.7181661],[91.53621,23.7184684],[91.5361755,23.71864],[91.5361853,23.718798],[91.5362145,23.7190057],[91.536327,23.7194166],[91.5366305,23.7202925],[91.5367529,23.720559],[91.5371057,23.7209023],[91.5376546,23.7212006],[91.5379831,23.7214897],[91.5381496,23.7216703],[91.5382084,23.7218736],[91.5381788,23.7220812],[91.5380659,23.7222843],[91.5374525,23.7229385],[91.5369863,23.723453],[91.536839,23.7236967],[91.5367751,23.7239539],[91.5366914,23.7244008],[91.536745,23.7249156],[91.537102,23.7265319],[91.5371754,23.726672],[91.5373274,23.7268255],[91.5374548,23.7268662],[91.5382198,23.7268531],[91.5395242,23.7267816],[91.5406079,23.7268544],[91.5415885,23.7269813],[91.5421867,23.727081],[91.5424761,23.7270812],[91.5426967,23.7270225],[91.5428587,23.7268782],[91.5431482,23.7264404],[91.5432661,23.7261561],[91.5435115,23.7257454],[91.5436882,23.7254972],[91.5438109,23.7253844],[91.5441346,23.7252807],[91.5445171,23.7252718],[91.5450859,23.7253444],[91.5458556,23.7254351],[91.5475621,23.7255307],[91.5496706,23.7256762],[91.5504943,23.725776],[91.5513229,23.7259569],[91.5523476,23.7263096],[91.5533918,23.7268337],[91.5543527,23.7272947],[91.5554999,23.7277015],[91.5558284,23.7277874],[91.5562746,23.7278508],[91.5567797,23.7278239],[91.5575154,23.7277566],[91.5579911,23.7276935],[91.5583343,23.7277207],[91.5586432,23.7278067],[91.5590452,23.7280461],[91.5602311,23.7294326],[91.560584,23.7300512],[91.5608484,23.7307962],[91.5609997,23.7322861],[91.5610828,23.7329092],[91.5611661,23.7331439],[91.5612136,23.733213],[91.5613865,23.7334646],[91.5617591,23.7338259],[91.5625874,23.7345801],[91.5644405,23.7360436],[91.5645238,23.7361068],[91.564666,23.7361655],[91.5650927,23.7361657],[91.5659019,23.7359945],[91.5673291,23.7358325],[91.5677508,23.7358642],[91.5682461,23.7359592],[91.5683466,23.7360488],[91.5683982,23.7361952],[91.568452,23.7363984],[91.5684372,23.7366151],[91.5683564,23.7373479],[91.5682942,23.7382718],[91.5683774,23.7384841],[91.5687598,23.7389537],[91.5689069,23.7390667],[91.5693432,23.739288],[91.5695465,23.7393382],[91.5698827,23.7394206],[91.5705725,23.7395837],[91.5713684,23.7398035],[91.5717313,23.7399572],[91.5721816,23.7402377],[91.5722958,23.7403197],[91.5726922,23.7406527],[91.5733746,23.7415051],[91.5737852,23.7420481],[91.5740385,23.7424482],[91.5743635,23.743001],[91.5750097,23.7447891],[91.5752273,23.7454254],[91.575255,23.7455068],[91.5754182,23.7462674],[91.5754559,23.7465754],[91.5754606,23.7466807],[91.575431,23.7469831],[91.5752838,23.7472314],[91.5748175,23.7478001],[91.5744101,23.7485809],[91.5742874,23.748915],[91.5742334,23.7491904],[91.5742576,23.749696],[91.5747131,23.7512016],[91.575022,23.7515177],[91.5756105,23.7516308],[91.5761695,23.7518929],[91.5764833,23.7522947],[91.5765125,23.7527778],[91.5763503,23.7534685],[91.5760362,23.7538973],[91.5755627,23.7541128],[91.5749767,23.7543529],[91.5749764,23.7548946],[91.5751015,23.7554861],[91.5747846,23.7559871],[91.5742841,23.7565873],[91.5739357,23.757156],[91.5736214,23.7579866],[91.573057,23.7587584],[91.5724043,23.759476],[91.5723048,23.7603085],[91.5722952,23.7622252],[91.5725108,23.76274],[91.5721819,23.763259],[91.5720685,23.7644328],[91.5713766,23.7652994],[91.5708513,23.7662923],[91.5707674,23.7673396],[91.5711546,23.7679492],[91.5710017,23.769877],[91.5705846,23.7702605],[91.5699467,23.7706169],[91.5704687,23.7713649],[91.5706967,23.7716916],[91.5705297,23.7722784],[91.5698925,23.7737573],[91.5696254,23.7744495],[91.5695308,23.7747012],[91.5688254,23.7767562],[91.568658,23.7779796],[91.5687653,23.7792572],[91.568282,23.7823171]]]}},{"type":"Feature","id":"in-tripura-d-271","properties":{"id":"in-tripura-d-271","name":"South Tripura","region":"in-tripura","level":"district","parent":"","source":"LGD via Bharatlas · 2024 snapshot","state_lgd":16,"district_lgd":271,"center":[91.58175500000515,23.199725318964415],"bbox":[91.3098561,22.9383515,91.8244597,23.4255043]},"geometry":{"type":"Polygon","coordinates":[[[91.5586989,23.4255043],[91.5582304,23.4251418],[91.5576043,23.4251039],[91.5573291,23.4254643],[91.5567033,23.425318],[91.5558421,23.4244955],[91.5558072,23.4244622],[91.5553378,23.4240139],[91.5538904,23.423793],[91.5520572,23.4219096],[91.5494738,23.4219743],[91.5482193,23.4225846],[91.546734,23.4220024],[91.5459903,23.4220003],[91.545015,23.4210944],[91.5437218,23.4215602],[91.5419255,23.420363],[91.5412611,23.4201081],[91.5398515,23.4202484],[91.5391479,23.4199935],[91.5379369,23.4193398],[91.5366435,23.4198776],[91.5360548,23.4203454],[91.5353888,23.420524],[91.534217,23.4198703],[91.5334742,23.4196153],[91.5321419,23.4200446],[91.5307718,23.4201128],[91.5300292,23.4198216],[91.5299817,23.4197204],[91.5292135,23.4180855],[91.5276871,23.4181169],[91.5269824,23.4181509],[91.5266321,23.4176081],[91.526869,23.4170309],[91.5269103,23.4164531],[91.5262451,23.4164149],[91.5250288,23.4172419],[91.5244039,23.4168788],[91.5245236,23.4162291],[91.5244082,23.415687],[91.5234328,23.4148533],[91.5222602,23.4144162],[91.5219064,23.4148847],[91.5218256,23.4155346],[91.5213539,23.416111],[91.5206119,23.4156753],[91.5200659,23.4151318],[91.5190462,23.4157426],[91.516855,23.4155913],[91.5164676,23.4145065],[91.5151384,23.4141051],[91.5145528,23.4137421],[91.5143594,23.4130914],[91.514166,23.4124768],[91.5135413,23.4120776],[91.5122899,23.4118208],[91.5116652,23.4114215],[91.5107295,23.4104434],[91.5090511,23.4092824],[91.5071767,23.4081929],[91.5065878,23.4086605],[91.5060775,23.4090923],[91.5055691,23.4089823],[91.5049056,23.4085106],[91.5040086,23.4076771],[91.503305,23.4074581],[91.5025223,23.4074556],[91.5019744,23.4074538],[91.5011907,23.4077403],[91.5005631,23.4080994],[91.4999371,23.4080612],[91.4985295,23.4077316],[91.497865,23.4075127],[91.4973972,23.4070417],[91.4971088,23.4068032],[91.4954158,23.4063575],[91.4925151,23.4065718],[91.4912091,23.406663],[91.4896774,23.4060907],[91.4890904,23.4061182],[91.4893847,23.4070255],[91.4885683,23.4076581],[91.4878836,23.4079295],[91.4873934,23.4066341],[91.4870021,23.4066659],[91.4851439,23.4076289],[91.4846597,23.4076607],[91.4842679,23.4070289],[91.4838418,23.4064243],[91.4832547,23.4062757],[91.4828974,23.4060321],[91.482535,23.4055222],[91.481884,23.4050395],[91.4805974,23.4050449],[91.4793255,23.4049554],[91.4788997,23.4046261],[91.4783468,23.4043555],[91.4778575,23.4042971],[91.4768159,23.4047493],[91.4754467,23.4054408],[91.4740771,23.4055636],[91.4726389,23.4055644],[91.4713033,23.405204],[91.4707503,23.4049606],[91.4700656,23.4051415],[91.4694446,23.4055663],[91.468926,23.4055034],[91.4681724,23.4051743],[91.4678493,23.4047229],[91.4676825,23.4040278],[91.4678775,23.4030073],[91.4681071,23.4024022],[91.4684981,23.4020408],[91.4691193,23.4019502],[91.4698042,23.4020717],[91.4703225,23.4017418],[91.4700286,23.4011099],[91.4695389,23.4003878],[91.4692159,23.3999952],[91.4682225,23.3994495],[91.4680656,23.3988988],[91.4683587,23.3982079],[91.4690476,23.3970517],[91.4695068,23.3961891],[91.4703085,23.3954167],[91.4698451,23.3948851],[91.4696477,23.3946586],[91.4692267,23.3941622],[91.4691038,23.3934083],[91.4695135,23.3915389],[91.4703002,23.3903149],[91.4699625,23.3900714],[91.4692631,23.3902343],[91.4687054,23.3899592],[91.4682355,23.3894855],[91.4671838,23.3893415],[91.4664263,23.3904526],[91.4659472,23.3906786],[91.4654583,23.3906445],[91.4646607,23.390589],[91.4627186,23.3901656],[91.4614663,23.3897961],[91.4602079,23.387598],[91.4600067,23.3864649],[91.4604608,23.3852277],[91.4601716,23.3840991],[91.4606397,23.3818054],[91.4601256,23.380695],[91.4598912,23.38047],[91.4596908,23.3802775],[91.4595291,23.3801223],[91.4592985,23.3799008],[91.4593323,23.37921],[91.4604464,23.3774216],[91.4599668,23.3768846],[91.4592721,23.3766276],[91.458103,23.3762987],[91.4575112,23.376299],[91.4569634,23.3761367],[91.4560532,23.3751619],[91.4554955,23.3748417],[91.4539987,23.3744496],[91.4525898,23.373764],[91.4519051,23.373692],[91.4514599,23.3733221],[91.4512392,23.3721348],[91.4511014,23.3706721],[91.4506461,23.3695436],[91.4497311,23.368772],[91.4482932,23.3686281],[91.4475989,23.3687322],[91.4459064,23.3679699],[91.4458303,23.3678585],[91.4451038,23.3667964],[91.4447906,23.3663948],[91.4434848,23.3660612],[91.4424672,23.3653708],[91.4415629,23.36622],[91.4411281,23.3671953],[91.4409619,23.3674889],[91.4392896,23.367643],[91.437964,23.3673049],[91.4365601,23.3661586],[91.4354648,23.3663938],[91.4338908,23.3683898],[91.4324732,23.3698532],[91.4308157,23.3707521],[91.4295295,23.3711046],[91.4278898,23.3705694],[91.4263992,23.3699769],[91.4257292,23.3700268],[91.4245557,23.3705056],[91.4237247,23.3715669],[91.4232848,23.3730736],[91.4231922,23.373391],[91.4226886,23.3735898],[91.4213681,23.3737617],[91.4207666,23.3740689],[91.420641,23.3741571],[91.4203999,23.3743263],[91.4202914,23.3740058],[91.4202027,23.3737809],[91.4199776,23.3735417],[91.4194297,23.3731536],[91.4173901,23.3722964],[91.4166173,23.3720753],[91.4162309,23.3719851],[91.4154094,23.372044],[91.4147834,23.3720894],[91.4143481,23.3720443],[91.4130128,23.3716023],[91.4126264,23.3711689],[91.4123865,23.3703969],[91.4117993,23.3690516],[91.4110898,23.367729],[91.4108795,23.3674311],[91.4107033,23.3673002],[91.4102192,23.3670746],[91.4098964,23.3671514],[91.4075297,23.3679962],[91.406625,23.3683124],[91.4060138,23.368457],[91.4054709,23.3684571],[91.4052117,23.3683714],[91.4050503,23.3681457],[91.4050844,23.367938],[91.4051138,23.3677619],[91.4052115,23.3675362],[91.4054363,23.3672245],[91.4056124,23.3669265],[91.4056758,23.3665428],[91.4056757,23.3660191],[91.4054849,23.3657663],[91.40526,23.3655993],[91.4049224,23.3652292],[91.404893,23.3649628],[91.4048929,23.3645609],[91.4049222,23.3642765],[91.4050689,23.3638927],[91.4050198,23.3636535],[91.4047802,23.3634007],[91.4045357,23.3633105],[91.4042324,23.3632654],[91.4037484,23.3633287],[91.4032691,23.3633287],[91.4027018,23.3632386],[91.4023986,23.3630444],[91.402159,23.362882],[91.4019974,23.3625253],[91.4013566,23.3613877],[91.4010827,23.3610582],[91.4006817,23.3607648],[91.4002806,23.3606611],[91.3996987,23.3604941],[91.399508,23.3602729],[91.3993955,23.3600472],[91.3993465,23.3597356],[91.3991704,23.3592933],[91.3987839,23.3585755],[91.3985882,23.3584129],[91.3983829,23.3583407],[91.3976102,23.3583093],[91.3969257,23.3585441],[91.3964709,23.3588557],[91.3956837,23.3595421],[91.3942365,23.3607296],[91.3940262,23.36082],[91.3938013,23.3607748],[91.3936594,23.360671],[91.3935127,23.3604634],[91.3931751,23.359899],[91.3930773,23.3597184],[91.3927105,23.3590233],[91.3924219,23.3583686],[91.3922507,23.3582423],[91.392104,23.3581384],[91.3917813,23.3581249],[91.3915563,23.3581836],[91.391175,23.3583326],[91.3908326,23.3583914],[91.3905637,23.3583643],[91.3903338,23.3582289],[91.3901774,23.3580664],[91.3899964,23.3576059],[91.3897909,23.3569784],[91.389517,23.3562515],[91.3892284,23.3560122],[91.3888568,23.3558497],[91.3884704,23.355746],[91.3878739,23.3557461],[91.3876979,23.3556287],[91.3876831,23.3554345],[91.3876979,23.3552088],[91.3879716,23.3548927],[91.3881317,23.3547281],[91.3882308,23.3546263],[91.388617,23.3541928],[91.3890326,23.3536601],[91.3891597,23.3532853],[91.3889836,23.3529016],[91.3886168,23.352545],[91.3882598,23.3520845],[91.3881327,23.3517685],[91.3881326,23.351457],[91.3883233,23.3511861],[91.3889197,23.3498767],[91.3898683,23.3491768],[91.3904013,23.3490865],[91.3907386,23.3489239],[91.3909292,23.3486439],[91.3909292,23.3481203],[91.3905625,23.3478268],[91.3901077,23.347556],[91.3897898,23.3473619],[91.3894035,23.3471091],[91.3891932,23.3469195],[91.3890807,23.3466757],[91.3892567,23.346292],[91.389594,23.3460662],[91.3901906,23.3457997],[91.3906257,23.3455152],[91.3908017,23.3451766],[91.3909777,23.3448199],[91.3910266,23.344522],[91.3906745,23.3445039],[91.3902051,23.3445491],[91.3897699,23.3446259],[91.3893543,23.3445808],[91.389193,23.3444319],[91.3892272,23.3441474],[91.3893835,23.3436418],[91.3895742,23.3432805],[91.3899604,23.3428471],[91.3902978,23.3426394],[91.3908942,23.3425671],[91.3914859,23.3425038],[91.3919846,23.3423864],[91.3921313,23.3420884],[91.392273,23.3415691],[91.3921947,23.3412396],[91.3920479,23.3409461],[91.3916666,23.3406844],[91.3913781,23.3405941],[91.3909576,23.3406393],[91.390718,23.3406257],[91.3906202,23.3405355],[91.3906201,23.3403729],[91.390718,23.3401924],[91.3909429,23.3398672],[91.3912166,23.3394067],[91.3914903,23.3387655],[91.3914706,23.3382599],[91.3912311,23.337962],[91.3908155,23.3379484],[91.3905758,23.3377905],[91.3905612,23.3375693],[91.3907665,23.3370771],[91.3907665,23.3365263],[91.3905903,23.3358898],[91.390336,23.3354563],[91.3899497,23.3349959],[91.3897248,23.3345354],[91.3896905,23.3342691],[91.3896904,23.3339801],[91.3895144,23.3335015],[91.3881942,23.3320298],[91.3875195,23.331601],[91.3870843,23.3313934],[91.3866052,23.3312128],[91.3864731,23.33096],[91.3864095,23.3306033],[91.3863802,23.3303008],[91.3865708,23.3295288],[91.3869423,23.3287116],[91.3873284,23.3275964],[91.3876168,23.3266121],[91.3877291,23.3259755],[91.3876948,23.325515],[91.3875726,23.3252938],[91.3872499,23.3249823],[91.3862526,23.3245535],[91.385529,23.3244497],[91.3851428,23.3244633],[91.3834708,23.3246259],[91.3823807,23.3248652],[91.3815838,23.3254206],[91.3812123,23.3256554],[91.3806842,23.3257006],[91.3804594,23.325669],[91.3792902,23.324838],[91.3789927,23.3247209],[91.3784451,23.3242605],[91.3778389,23.3235381],[91.377482,23.3230324],[91.3774331,23.3227796],[91.3774673,23.3224952],[91.3776434,23.3223011],[91.3778389,23.3219624],[91.3780637,23.3212085],[91.3780637,23.3208653],[91.3779855,23.3205854],[91.37779,23.3204499],[91.3773255,23.3204048],[91.3770371,23.3203777],[91.3767144,23.3203597],[91.3763771,23.3203462],[91.3760838,23.3202152],[91.3756829,23.3198721],[91.3756682,23.3194838],[91.3757025,23.3192039],[91.375766,23.3190233],[91.3759273,23.3187841],[91.3760691,23.3184274],[91.3760398,23.3182197],[91.3756621,23.317356],[91.3752674,23.3165944],[91.3750229,23.3163235],[91.3747492,23.3160887],[91.3745732,23.3158945],[91.3745585,23.3156688],[91.3745878,23.3154792],[91.374671,23.3152715],[91.3749105,23.3147794],[91.3751695,23.3142602],[91.3753309,23.3139035],[91.3753309,23.3133663],[91.3751989,23.3130096],[91.3749496,23.3126484],[91.3748225,23.3125446],[91.374583,23.3123505],[91.3741479,23.3122195],[91.3737617,23.3116371],[91.3738106,23.3113391],[91.373791,23.3110412],[91.3735857,23.310522],[91.3730676,23.3096009],[91.3727498,23.3092308],[91.3724126,23.3088831],[91.3721389,23.3086754],[91.3718162,23.3084677],[91.3712541,23.3082419],[91.3708044,23.3081697],[91.3701787,23.3078988],[91.3699343,23.3077363],[91.3698072,23.3073977],[91.3698561,23.3071583],[91.3700321,23.306892],[91.3703205,23.3065488],[91.3705795,23.3063141],[91.3705942,23.3060297],[91.3705307,23.3057904],[91.3703401,23.3055556],[91.3698904,23.3052305],[91.3697595,23.3050528],[91.3696791,23.3048893],[91.3695827,23.3046663],[91.3697596,23.3044136],[91.3699364,23.3043094],[91.3702741,23.3042352],[91.3709332,23.3040419],[91.3710779,23.3039824],[91.3711423,23.3037296],[91.3711261,23.3032836],[91.3707886,23.3027632],[91.3706277,23.3025699],[91.3701294,23.3021387],[91.3698561,23.3020049],[91.3695667,23.3018413],[91.3689938,23.3014742],[91.3684793,23.3010728],[91.368206,23.3008498],[91.3678363,23.3004781],[91.3675951,23.3002104],[91.3673058,23.3000617],[91.3667109,23.2998982],[91.3664376,23.2998833],[91.3656051,23.2991784],[91.3653961,23.2987174],[91.3653318,23.2985836],[91.3652033,23.2985241],[91.3650585,23.298539],[91.3646888,23.298643],[91.3643028,23.2988511],[91.3640456,23.298985],[91.3639337,23.2990017],[91.3635472,23.2990593],[91.3632097,23.2990592],[91.3630488,23.2989849],[91.362856,23.298866],[91.3627274,23.2986429],[91.3625987,23.2983456],[91.3621354,23.2974912],[91.3617014,23.2967181],[91.3615246,23.296495],[91.3608334,23.2956921],[91.3603672,23.2953055],[91.3595795,23.294904],[91.3593062,23.2948594],[91.3587114,23.2945619],[91.3567708,23.2935461],[91.356192,23.2931743],[91.3559831,23.2930107],[91.3558224,23.2927728],[91.3558867,23.292416],[91.356144,23.2919402],[91.3563852,23.2915834],[91.3565943,23.2913009],[91.3567872,23.2909292],[91.3569158,23.2906467],[91.3568998,23.2903047],[91.3568034,23.2900817],[91.3565484,23.2897507],[91.3562431,23.2894979],[91.3551339,23.2887395],[91.3543623,23.2886799],[91.3537836,23.2889326],[91.3535584,23.2889326],[91.3533655,23.2888136],[91.353237,23.2886203],[91.3531727,23.2884568],[91.3530924,23.2882783],[91.3529799,23.2881147],[91.3526102,23.2876984],[91.3524173,23.287505],[91.3520154,23.287163],[91.3508502,23.2861284],[91.3505609,23.2858458],[91.3502235,23.2853699],[91.3491948,23.2843439],[91.3487609,23.2841059],[91.348267,23.2836074],[91.3480581,23.2832357],[91.3475438,23.2827153],[91.3472545,23.2824921],[91.3468045,23.2822096],[91.3463222,23.282046],[91.3458561,23.2817336],[91.3456793,23.2815849],[91.3452037,23.2811284],[91.3451846,23.2811161],[91.344834,23.2808904],[91.3443518,23.280697],[91.3439017,23.2806672],[91.3434837,23.2806374],[91.3429051,23.2804886],[91.3422783,23.2799829],[91.3419569,23.2796706],[91.341539,23.2793583],[91.3409283,23.2790757],[91.3404943,23.2789716],[91.3396424,23.2787929],[91.3390316,23.2787482],[91.33826,23.2787629],[91.3373597,23.2788519],[91.3364595,23.2789854],[91.3355877,23.2788854],[91.3349126,23.278796],[91.3339321,23.2785132],[91.3327267,23.2779776],[91.3318428,23.2773975],[91.3311035,23.2769216],[91.3303641,23.2766835],[91.3294801,23.2765345],[91.3270529,23.276504],[91.3262492,23.2766079],[91.3255257,23.276905],[91.3246228,23.2773638],[91.3232723,23.2781068],[91.3225488,23.2785526],[91.321375,23.2795335],[91.3206514,23.2800536],[91.3201691,23.2801129],[91.3198477,23.2799493],[91.3195745,23.2796964],[91.3193013,23.2794435],[91.318996,23.2792056],[91.3182083,23.2793837],[91.3176938,23.2795916],[91.3169704,23.2798739],[91.3161059,23.2800361],[91.3160677,23.2799647],[91.3157776,23.2794304],[91.3157486,23.2794084],[91.315686,23.2793707],[91.3154744,23.2792759],[91.3153068,23.2792007],[91.3152083,23.2791561],[91.3143011,23.2787158],[91.3138347,23.2784862],[91.3110371,23.27705],[91.3098561,23.2764102],[91.3098897,23.276109],[91.3108056,23.2735357],[91.3109857,23.273063],[91.3111935,23.2724784],[91.3115073,23.271594],[91.311582,23.2713753],[91.3117147,23.2709827],[91.3120155,23.2700687],[91.3127054,23.2681036],[91.3138108,23.2649773],[91.3146458,23.2625993],[91.3152673,23.2608093],[91.3159533,23.2588065],[91.3171943,23.2552599],[91.317322,23.254882],[91.317387,23.2546907],[91.3178908,23.2532434],[91.3179922,23.2529621],[91.3180213,23.252893],[91.3180933,23.2528877],[91.3192585,23.2528079],[91.3224556,23.2525782],[91.3265707,23.2523007],[91.3266068,23.2522866],[91.3265464,23.2519885],[91.3257231,23.2481116],[91.3257148,23.2480739],[91.3256891,23.247958],[91.3256264,23.2476761],[91.3255037,23.2471443],[91.3253964,23.2471131],[91.3241799,23.2468075],[91.3235791,23.2466569],[91.3230805,23.246533],[91.3223178,23.2463517],[91.322243,23.246334],[91.3217221,23.2462126],[91.3214081,23.246142],[91.3206778,23.2459719],[91.3202167,23.2458637],[91.3199301,23.2457951],[91.3189405,23.2455517],[91.3186962,23.2454896],[91.3187251,23.2447198],[91.3188681,23.240974],[91.3188998,23.2400043],[91.318911,23.2398916],[91.3189254,23.2398456],[91.3192393,23.2396864],[91.3201467,23.23923],[91.3209106,23.2388461],[91.321907,23.2383475],[91.3234545,23.2375658],[91.3235929,23.2374887],[91.3236502,23.2374474],[91.3236368,23.2364449],[91.3236456,23.2336028],[91.3236695,23.2287049],[91.3236773,23.2273385],[91.3236876,23.2259242],[91.3236974,23.2248097],[91.3237224,23.2209297],[91.3237253,23.219927],[91.3237274,23.2195587],[91.3237321,23.2190174],[91.3237585,23.2175412],[91.3237817,23.2167427],[91.3237998,23.2159809],[91.3238232,23.2144283],[91.3238285,23.2140768],[91.3238303,23.2138322],[91.3238315,23.2129635],[91.3238288,23.2124405],[91.3238192,23.2105963],[91.3238022,23.2100366],[91.323767,23.2089872],[91.3237518,23.2066109],[91.3237517,23.20546],[91.3237643,23.2049666],[91.3237683,23.2031996],[91.3237472,23.2014411],[91.3237684,23.1999313],[91.3238053,23.1983881],[91.3238234,23.197851],[91.3238483,23.1968962],[91.3238546,23.1966506],[91.3238683,23.1960482],[91.323883,23.1949813],[91.323893,23.1942499],[91.3238934,23.1936377],[91.3238963,23.1924286],[91.3239013,23.1922276],[91.3239155,23.191721],[91.3239342,23.1910891],[91.3239658,23.190573],[91.3240729,23.1878789],[91.324125,23.1862553],[91.3242295,23.1835707],[91.3242819,23.1822274],[91.3243024,23.1816639],[91.3243195,23.1811363],[91.3243243,23.1809527],[91.3243284,23.180708],[91.3243322,23.1802185],[91.3243498,23.1795306],[91.3243581,23.1792499],[91.3243865,23.1783046],[91.3244168,23.1773212],[91.3244496,23.1763589],[91.3245012,23.1750251],[91.3245101,23.1748035],[91.3245234,23.1744196],[91.3246227,23.1715431],[91.3246935,23.1692662],[91.324679,23.1683395],[91.3245689,23.1667148],[91.3242894,23.1624891],[91.3242249,23.1612502],[91.324188,23.1605693],[91.3241548,23.1599574],[91.3241492,23.1598856],[91.3237928,23.1590514],[91.3233826,23.1581225],[91.3233346,23.1580138],[91.3249864,23.1571742],[91.3285165,23.1553335],[91.3295008,23.1548212],[91.3297117,23.1547114],[91.3306582,23.154213],[91.3317372,23.153628],[91.3329849,23.1529291],[91.3330974,23.1528627],[91.3331242,23.1528469],[91.333414,23.1512736],[91.3335175,23.1506935],[91.3336876,23.1497377],[91.333975,23.1480904],[91.33406,23.1476107],[91.3341324,23.1472189],[91.3342056,23.1468248],[91.3343357,23.1461298],[91.3345207,23.1451635],[91.3345818,23.1448399],[91.3347777,23.1437709],[91.3350453,23.1422963],[91.3353856,23.1403488],[91.3358278,23.1378641],[91.336459,23.1343754],[91.3366536,23.1333254],[91.3370946,23.1310545],[91.3371711,23.1310053],[91.3372715,23.1309507],[91.3383025,23.130437],[91.3402277,23.1294836],[91.3417342,23.128736],[91.3417909,23.1258644],[91.3417995,23.1245216],[91.341788,23.1240177],[91.34178,23.1234738],[91.3417704,23.1224259],[91.3417629,23.1210414],[91.341753,23.1189146],[91.3417543,23.1183251],[91.3418704,23.1177964],[91.3446513,23.1182692],[91.346088,23.1185186],[91.3468704,23.1186567],[91.3476272,23.1187859],[91.3476082,23.1184914],[91.347594,23.1182786],[91.3475569,23.1177695],[91.3474842,23.1168969],[91.3474706,23.1167369],[91.3474437,23.1164388],[91.347342,23.1149097],[91.3472489,23.1127291],[91.3472456,23.112085],[91.347246,23.1117666],[91.3472559,23.1112389],[91.3471695,23.1084567],[91.3470602,23.105975],[91.3469616,23.1024132],[91.3469586,23.1023026],[91.347084,23.1021792],[91.3492355,23.0999421],[91.3514869,23.0975355],[91.3515379,23.097464],[91.351631,23.0973276],[91.3525214,23.0960044],[91.3530538,23.0952345],[91.353971,23.0939193],[91.354919,23.0924815],[91.3559024,23.0910152],[91.3562126,23.0905605],[91.3564644,23.0901906],[91.3575634,23.0885267],[91.3584055,23.0871707],[91.35859,23.0868791],[91.3587583,23.0866234],[91.3590883,23.0861258],[91.3591768,23.0859934],[91.359226,23.08592],[91.3600113,23.0847618],[91.3602303,23.0844404],[91.360465,23.0840968],[91.3609564,23.0833887],[91.3615824,23.0824866],[91.3617561,23.0822363],[91.3620597,23.0817978],[91.3622099,23.0815786],[91.3636976,23.079391],[91.365852,23.0762495],[91.3663164,23.0755747],[91.3676369,23.0736337],[91.3687877,23.071907],[91.369291,23.0711341],[91.3697537,23.0704263],[91.3697911,23.0703714],[91.3714041,23.0695636],[91.3722159,23.0691054],[91.3740025,23.0681513],[91.3751238,23.067575],[91.3767802,23.0667306],[91.3772556,23.0666816],[91.3775536,23.0666508],[91.377935,23.0666109],[91.3782488,23.0664057],[91.3784972,23.0662258],[91.3796601,23.065562],[91.3803769,23.0651852],[91.3812508,23.0647247],[91.3818739,23.0643932],[91.3825765,23.0640149],[91.3831943,23.0636818],[91.3847547,23.0628399],[91.385187,23.0625974],[91.386766,23.0616763],[91.3888707,23.0604543],[91.38958,23.060043],[91.3898347,23.0598974],[91.3901773,23.0598716],[91.3911667,23.0593056],[91.3929489,23.058024],[91.3931891,23.0578522],[91.3933623,23.0577326],[91.3933805,23.05772],[91.3957857,23.0561338],[91.3960803,23.056054],[91.3966935,23.0559724],[91.3985947,23.0564709],[91.3988314,23.05672],[91.3990571,23.0573667],[91.3990901,23.0575358],[91.3991442,23.057835],[91.3992018,23.0581811],[91.3992217,23.0583242],[91.3992296,23.0583761],[91.3992354,23.058414],[91.3994776,23.0584129],[91.4007433,23.0583886],[91.401058,23.0583229],[91.4016075,23.0582263],[91.4023014,23.0583119],[91.4023373,23.0583207],[91.4023522,23.0583244],[91.4024571,23.0583833],[91.402666,23.0585506],[91.4028097,23.0586769],[91.4030149,23.058886],[91.4039757,23.0589142],[91.4049319,23.0587997],[91.4060479,23.058978],[91.4065256,23.059297],[91.4076324,23.0599274],[91.4090895,23.0601873],[91.4104017,23.0607267],[91.4106163,23.060843],[91.4110527,23.0612701],[91.4114651,23.0619328],[91.411426,23.0621733],[91.4116259,23.0623086],[91.4130574,23.0627194],[91.4134473,23.0628408],[91.4135736,23.0628763],[91.4138727,23.0629604],[91.414559,23.0631519],[91.4147725,23.0629797],[91.4148629,23.0628848],[91.4149195,23.0628254],[91.4149907,23.0627507],[91.4150404,23.0627294],[91.4154055,23.0626556],[91.415997,23.0626452],[91.4162413,23.063132],[91.4164924,23.0636363],[91.4171692,23.0644503],[91.4172345,23.0645168],[91.4173711,23.0647571],[91.4173863,23.0648136],[91.4173044,23.0648976],[91.4172365,23.0649673],[91.4169328,23.0650524],[91.4166186,23.065074],[91.4164075,23.0650681],[91.415816,23.0649502],[91.4153799,23.064874],[91.4147554,23.0649653],[91.4145835,23.0650101],[91.4144708,23.0650394],[91.4143616,23.0650677],[91.4139967,23.0651617],[91.4138071,23.0652105],[91.4129001,23.0654016],[91.4125987,23.0654046],[91.4123213,23.0654082],[91.4120603,23.0654115],[91.4117133,23.0655179],[91.4111273,23.0657236],[91.410948,23.0658299],[91.4108939,23.0658916],[91.4108535,23.0660232],[91.4108673,23.0662364],[91.4109265,23.0663417],[91.4111087,23.0666129],[91.4112283,23.0667788],[91.4114732,23.0670404],[91.4116109,23.0671861],[91.4121966,23.0678312],[91.4125564,23.0682721],[91.4126796,23.0684693],[91.413201,23.0694874],[91.4133944,23.0715486],[91.4136352,23.0739419],[91.4136829,23.0744366],[91.4137133,23.0748302],[91.4135977,23.0748761],[91.4135655,23.0748794],[91.413524,23.0749081],[91.4134511,23.0750222],[91.4133673,23.0751613],[91.4133661,23.0753337],[91.4133673,23.0754411],[91.413386,23.0755247],[91.4135582,23.0758713],[91.4137698,23.0760586],[91.4141048,23.0761314],[91.4148478,23.0762916],[91.4153228,23.0763674],[91.4160195,23.0764899],[91.4160329,23.0764944],[91.4161152,23.0765216],[91.4161501,23.0765953],[91.4161731,23.0766506],[91.4162021,23.0769104],[91.4162025,23.0770508],[91.4161765,23.0772394],[91.416147,23.0784348],[91.4162896,23.0786609],[91.4163765,23.0789474],[91.4163986,23.0790212],[91.4163968,23.0792726],[91.4163757,23.0795776],[91.4163391,23.080071],[91.4163156,23.0804729],[91.4163276,23.0807983],[91.4163503,23.0810233],[91.416537,23.0815004],[91.4168067,23.0816953],[91.4168728,23.081743],[91.4172041,23.0819987],[91.4175082,23.0823549],[91.4175109,23.0826847],[91.4174744,23.0828777],[91.4174305,23.0828846],[91.4172894,23.082907],[91.4172689,23.0829102],[91.4168797,23.0829359],[91.4163331,23.0829719],[91.4154405,23.0829003],[91.4144142,23.0824676],[91.4113938,23.0829386],[91.4097855,23.0831843],[91.4081877,23.08343],[91.4081233,23.0834567],[91.4079585,23.0836499],[91.4077148,23.083939],[91.40768,23.0839803],[91.4055491,23.0865834],[91.4052278,23.0869807],[91.4052173,23.0870896],[91.4052289,23.0879831],[91.4052697,23.090988],[91.4052798,23.091457],[91.4052968,23.0916005],[91.4055478,23.0934872],[91.4058594,23.0955853],[91.4059752,23.0961856],[91.4059893,23.0962589],[91.4059992,23.0963101],[91.4060176,23.0964261],[91.4060663,23.0969246],[91.4047009,23.0968299],[91.4024382,23.0966438],[91.4016095,23.0965649],[91.4014808,23.0965398],[91.4005806,23.0964431],[91.4002579,23.0964226],[91.4002525,23.0964583],[91.4002473,23.096494],[91.4006498,23.0985447],[91.4011762,23.1012924],[91.4017288,23.1041006],[91.4018885,23.1049499],[91.4022881,23.1070802],[91.4028693,23.1104251],[91.4030806,23.1116613],[91.4034175,23.1137186],[91.4031062,23.1139358],[91.4023652,23.114389],[91.3994165,23.1161877],[91.3983387,23.1168378],[91.3970839,23.1175954],[91.3969748,23.1176779],[91.3970133,23.1194857],[91.3970757,23.1222196],[91.3971071,23.1239827],[91.3971148,23.1242697],[91.3971363,23.1249882],[91.3972135,23.1274737],[91.3972577,23.1288212],[91.3972714,23.1292425],[91.3972955,23.1299896],[91.3972994,23.1301402],[91.3970919,23.1304742],[91.3968909,23.1307999],[91.3967289,23.1310662],[91.396379,23.13165],[91.3959927,23.1323257],[91.395613,23.1330055],[91.3953925,23.1334422],[91.3943053,23.1353332],[91.3937552,23.1362775],[91.3933647,23.1369755],[91.3930808,23.1374978],[91.3921177,23.1392702],[91.3920316,23.139441],[91.3919699,23.1397001],[91.3918986,23.1400264],[91.3918065,23.1404593],[91.3915247,23.1418235],[91.3910638,23.1440691],[91.3902434,23.1480112],[91.3900287,23.1490379],[91.3894311,23.1519952],[91.3893488,23.1523802],[91.3892803,23.1526321],[91.3882212,23.1534723],[91.3869059,23.1545114],[91.3853731,23.1556853],[91.3847688,23.1561537],[91.3847595,23.1571526],[91.3847373,23.1590807],[91.3847225,23.159858],[91.3846763,23.1621936],[91.3846041,23.1650174],[91.3845727,23.1660261],[91.3845708,23.1666336],[91.3846891,23.1679186],[91.3847937,23.169294],[91.3848296,23.169975],[91.3848778,23.1706915],[91.3850206,23.1725876],[91.3850914,23.1735264],[91.3851336,23.1740628],[91.3851432,23.1741848],[91.3851693,23.1745279],[91.3851975,23.1749363],[91.385204,23.1752128],[91.3831308,23.1750826],[91.3818847,23.1750115],[91.3819545,23.175997],[91.3820041,23.1765999],[91.3821405,23.178026],[91.3822024,23.1786039],[91.3823226,23.1797131],[91.3824022,23.1803187],[91.3824987,23.1808846],[91.3826929,23.1822488],[91.3829919,23.1844783],[91.3824924,23.1845415],[91.3822912,23.1845669],[91.3815335,23.1846445],[91.3811874,23.184642],[91.380657,23.1845581],[91.3800902,23.1844716],[91.3798988,23.1844544],[91.3798963,23.1845129],[91.3800283,23.1855519],[91.380063,23.1858247],[91.3802174,23.1868912],[91.3803769,23.1879798],[91.3808562,23.1909668],[91.3809774,23.1915856],[91.3816247,23.1916167],[91.3832405,23.1916998],[91.3854848,23.1918295],[91.3855421,23.1918444],[91.3856944,23.1928894],[91.3857889,23.1936624],[91.3858944,23.194565],[91.3859248,23.1949385],[91.386009,23.1956412],[91.3861187,23.196491],[91.386126,23.1965413],[91.3862038,23.197075],[91.3862465,23.1972658],[91.3865571,23.1992525],[91.3870994,23.2029783],[91.387626,23.2067023],[91.3876903,23.207276],[91.3877551,23.2078903],[91.3865164,23.2079939],[91.3846981,23.2081414],[91.3835679,23.2082159],[91.3834757,23.2082219],[91.3820966,23.2083117],[91.381804,23.2083319],[91.3808624,23.2084074],[91.3807682,23.2084288],[91.3816532,23.2091798],[91.3823397,23.2097581],[91.3839284,23.2110781],[91.3864866,23.2132113],[91.3883715,23.2147422],[91.3894749,23.2163057],[91.3897114,23.2166416],[91.3905138,23.2177604],[91.3911499,23.2186445],[91.3915582,23.219211],[91.3917613,23.2194806],[91.3921348,23.2200263],[91.3920351,23.2201643],[91.3912711,23.2211763],[91.3906817,23.2219571],[91.3872464,23.2265138],[91.386471,23.2275556],[91.3877537,23.2276947],[91.3923499,23.2282026],[91.3941304,23.2283921],[91.3952444,23.2284981],[91.3961645,23.228597],[91.3986382,23.228879],[91.399829,23.2290198],[91.4008393,23.229215],[91.4004363,23.2298563],[91.4000759,23.2305268],[91.4000676,23.2305728],[91.400053,23.23082],[91.4000538,23.2310172],[91.4001253,23.2314404],[91.4002471,23.2318078],[91.4003685,23.2320761],[91.4006287,23.2327194],[91.4003371,23.2337106],[91.4002601,23.233978],[91.4001834,23.2342522],[91.4001317,23.2344606],[91.4001787,23.2348544],[91.39925,23.2354077],[91.3984002,23.236075],[91.3983994,23.2367649],[91.3985134,23.2372298],[91.3986553,23.2374145],[91.3986388,23.2374739],[91.3985535,23.2376534],[91.3984551,23.2378403],[91.3978513,23.2389792],[91.3971677,23.2400846],[91.3970461,23.241018],[91.3971053,23.2410933],[91.3971113,23.2411544],[91.3970826,23.2411939],[91.3968452,23.241507],[91.396494,23.2418187],[91.3962681,23.2419727],[91.3961338,23.2420352],[91.3959622,23.2420809],[91.3958295,23.2420553],[91.3945498,23.2433697],[91.3940459,23.2442115],[91.3937368,23.2446146],[91.3932783,23.2447011],[91.3929496,23.2448976],[91.3927762,23.245045],[91.3925078,23.2453914],[91.392536,23.2457753],[91.3925533,23.2458925],[91.3931966,23.2465713],[91.3934908,23.2465978],[91.3974238,23.2468771],[91.3989715,23.2469914],[91.4005207,23.2470916],[91.4009405,23.2471188],[91.4045471,23.2473448],[91.4078411,23.2475543],[91.4087448,23.2476162],[91.4083953,23.247987],[91.4078973,23.2485153],[91.4050435,23.2515363],[91.402495,23.2542349],[91.4021396,23.2546011],[91.4014791,23.2552783],[91.4006658,23.2560983],[91.3987651,23.256196],[91.3981068,23.2562253],[91.3978375,23.2562279],[91.3972958,23.2562485],[91.3973068,23.2568268],[91.3973161,23.2570947],[91.397334,23.2575862],[91.3974136,23.259945],[91.397448,23.2615117],[91.3974781,23.262787],[91.3975148,23.2642655],[91.3975612,23.2651247],[91.3986272,23.2653602],[91.3990146,23.2654415],[91.3998053,23.2655987],[91.4000731,23.2656499],[91.4003864,23.2657098],[91.4004504,23.2655749],[91.4005724,23.2653179],[91.4016806,23.2628729],[91.402373,23.2613449],[91.4031475,23.259623],[91.4041109,23.2584174],[91.4048017,23.257555],[91.4051287,23.2571481],[91.4055854,23.2565897],[91.4057782,23.2565043],[91.4061689,23.2563517],[91.4066677,23.2561646],[91.4068792,23.2561382],[91.4100581,23.2558],[91.4113244,23.2556645],[91.4112678,23.2562994],[91.4111383,23.2577256],[91.4110627,23.2584244],[91.4110222,23.2587556],[91.4109531,23.2593071],[91.4106657,23.2616955],[91.4101213,23.2665386],[91.4100085,23.2675823],[91.4096392,23.2711187],[91.4096208,23.2713489],[91.4095354,23.2724684],[91.4094484,23.2739964],[91.4093609,23.2757311],[91.4093098,23.2767649],[91.4092358,23.2784391],[91.4090819,23.2815069],[91.409066,23.2817225],[91.4090534,23.281927],[91.4090284,23.2823349],[91.4089569,23.2836942],[91.408937,23.2840935],[91.4088931,23.2851258],[91.4089386,23.2851936],[91.4090498,23.2851304],[91.4091848,23.2849988],[91.4092969,23.2848198],[91.4093581,23.2846972],[91.4093497,23.2845526],[91.4097683,23.2843582],[91.410795,23.2841018],[91.4116341,23.2836882],[91.411733,23.2833439],[91.4120811,23.2827516],[91.4123637,23.2827529],[91.4124247,23.2828726],[91.4124919,23.2829555],[91.412518,23.2829724],[91.4125542,23.2829957],[91.4126486,23.2829539],[91.413041,23.2827175],[91.4131316,23.2825372],[91.4132581,23.2820323],[91.4133456,23.2815848],[91.4134196,23.2814943],[91.4137381,23.2813647],[91.4139449,23.2813015],[91.4140037,23.2812998],[91.4140618,23.2813003],[91.4141818,23.2813684],[91.4140292,23.281529],[91.4139636,23.2815827],[91.4140427,23.281741],[91.4141258,23.2818584],[91.4143228,23.282093],[91.4145239,23.282299],[91.4146261,23.2823571],[91.4153918,23.2827144],[91.4154961,23.2827603],[91.4155302,23.282762],[91.4155999,23.2827654],[91.4156307,23.2827508],[91.4156427,23.2826487],[91.4156373,23.2823735],[91.4155376,23.2821542],[91.415471,23.2815595],[91.4154139,23.2802651],[91.4154821,23.2796853],[91.4155069,23.2795383],[91.4155877,23.2792744],[91.4158137,23.2791579],[91.4159834,23.2791399],[91.4160149,23.2791926],[91.4160535,23.279282],[91.4160632,23.2793532],[91.4160355,23.2794433],[91.4160097,23.2794965],[91.4160187,23.2795148],[91.416126,23.2795932],[91.416159,23.2796174],[91.4162933,23.2795895],[91.416357,23.2795624],[91.4166329,23.2791864],[91.4169644,23.2784653],[91.4174733,23.2774447],[91.4170268,23.2767098],[91.4168856,23.2764223],[91.4166954,23.2757646],[91.4170708,23.2759734],[91.4175112,23.2756734],[91.4180292,23.2747292],[91.4195034,23.2734024],[91.4196081,23.2733139],[91.41963,23.2732703],[91.4196353,23.2732596],[91.4196288,23.2729432],[91.4196099,23.2727531],[91.4196007,23.2726785],[91.4195803,23.2726093],[91.4195124,23.2725174],[91.419346,23.2723312],[91.4192168,23.2722425],[91.4190135,23.2722368],[91.4187213,23.2715426],[91.418353,23.2706575],[91.4182207,23.2699384],[91.417529,23.2694913],[91.4163648,23.2692721],[91.4162487,23.2690688],[91.4167681,23.2682568],[91.416995,23.2675988],[91.4171408,23.2666659],[91.4164857,23.266717],[91.4163946,23.2667036],[91.4165325,23.2663098],[91.4169251,23.2652945],[91.4173039,23.2647888],[91.4173913,23.2645482],[91.4174152,23.2644762],[91.4174029,23.2644378],[91.4172911,23.2643803],[91.4172356,23.2643772],[91.4168953,23.2644448],[91.4166979,23.2645237],[91.4158243,23.2635504],[91.4157723,23.2629155],[91.4159999,23.261508],[91.4165458,23.2606379],[91.4172555,23.2598683],[91.4180374,23.2591408],[91.4184519,23.2584707],[91.4184071,23.2574652],[91.4182864,23.2554293],[91.418313,23.2553878],[91.4183535,23.2553767],[91.4184275,23.2554028],[91.4191781,23.2572178],[91.4206745,23.2607062],[91.4208545,23.261121],[91.4211566,23.2617695],[91.4219972,23.2612545],[91.42365,23.2602837],[91.4246005,23.2597264],[91.4247561,23.2594527],[91.4248161,23.258788],[91.425287,23.2583035],[91.4268382,23.2593977],[91.4288692,23.2607592],[91.4313865,23.2624458],[91.4329555,23.2623016],[91.4350151,23.2621098],[91.4352898,23.2620839],[91.4359349,23.2620231],[91.4394396,23.2616924],[91.4411037,23.2615344],[91.44124,23.2615199],[91.441557,23.2614815],[91.4428831,23.2612789],[91.4463632,23.2607017],[91.4465576,23.2606671],[91.4465698,23.260665],[91.4471269,23.2604537],[91.4475807,23.2602781],[91.4484293,23.2599478],[91.4489132,23.259876],[91.4513898,23.2601128],[91.4531187,23.2602828],[91.4542104,23.2603708],[91.4544454,23.2583005],[91.4544471,23.258282],[91.4545228,23.2574425],[91.4545245,23.2574237],[91.4549495,23.2569508],[91.4549866,23.2569096],[91.4554149,23.2564324],[91.4543411,23.2552141],[91.4542755,23.2551599],[91.4536572,23.254649],[91.453346,23.2545321],[91.4526038,23.2542533],[91.4509689,23.2534765],[91.4494339,23.2519665],[91.4493039,23.251288],[91.44916,23.250715],[91.4489348,23.2499529],[91.448727,23.2497627],[91.4482653,23.249709],[91.4478229,23.2497257],[91.4470472,23.2498529],[91.4467111,23.2499298],[91.4464009,23.2500007],[91.4459771,23.250027],[91.4452251,23.2481724],[91.4452357,23.2470744],[91.4459324,23.2474007],[91.4466189,23.2477467],[91.4468682,23.2478853],[91.4471715,23.2474708],[91.4473074,23.2471603],[91.447468,23.2467107],[91.4475587,23.2463714],[91.4475511,23.2459552],[91.4475266,23.2456682],[91.447453,23.2452381],[91.4473657,23.2447716],[91.4472899,23.2443853],[91.4471696,23.2440213],[91.4470613,23.2437693],[91.4475498,23.2437466],[91.448555,23.2437412],[91.4496404,23.2439345],[91.4505549,23.2441068],[91.451201,23.2442946],[91.4516053,23.2444197],[91.45239,23.2446163],[91.4546228,23.2451614],[91.4547506,23.245192],[91.4552609,23.2451497],[91.4553674,23.2451371],[91.4555272,23.2451828],[91.456218,23.2454072],[91.4565975,23.2455325],[91.4574748,23.2458369],[91.4577877,23.2459514],[91.4579086,23.2459911],[91.4582188,23.2455401],[91.4586705,23.244883],[91.4601061,23.2426971],[91.4612778,23.2409191],[91.4618259,23.2400873],[91.4619823,23.2398554],[91.4624115,23.2398574],[91.462532,23.2398632],[91.4631899,23.2388939],[91.4638981,23.2377533],[91.4648342,23.236262],[91.4654413,23.2353097],[91.4666966,23.2333123],[91.468466,23.2304817],[91.4694582,23.228928],[91.4702729,23.2276306],[91.4699515,23.2275431],[91.4693106,23.2273775],[91.4661545,23.2265765],[91.4633864,23.2258821],[91.4625671,23.2256776],[91.4618191,23.2254864],[91.4611714,23.2253177],[91.4604523,23.2251294],[91.4578835,23.2244495],[91.454456,23.2235439],[91.4532903,23.2231748],[91.4532163,23.2231178],[91.4531588,23.2230313],[91.4531307,23.2229892],[91.4529887,23.222648],[91.4529838,23.2226022],[91.4529939,23.2225463],[91.4530797,23.2225096],[91.4532362,23.2220797],[91.4525303,23.2212722],[91.4521717,23.2210309],[91.4516211,23.2209529],[91.4511202,23.2205237],[91.4507554,23.2201151],[91.4505951,23.2195112],[91.450588,23.2194575],[91.4506133,23.2194134],[91.4508524,23.2192217],[91.4510556,23.2191253],[91.4521587,23.2186983],[91.4534491,23.2182846],[91.4538737,23.2177444],[91.455187,23.2170874],[91.4561276,23.2166196],[91.4568453,23.2162656],[91.4580287,23.2157414],[91.4582473,23.2156375],[91.4582783,23.2156106],[91.4581708,23.2149434],[91.4581182,23.2145831],[91.4581029,23.2142107],[91.4581005,23.2140135],[91.4581152,23.2138002],[91.4581401,23.2137203],[91.4581913,23.2136739],[91.4586241,23.213285],[91.4609267,23.2142393],[91.4641047,23.2155692],[91.4678867,23.2171698],[91.4692089,23.2177343],[91.4737033,23.219637],[91.4754093,23.2203554],[91.4770958,23.2182753],[91.4813029,23.2130812],[91.4818675,23.2123767],[91.4826455,23.2113976],[91.4844308,23.2091809],[91.4843956,23.2089744],[91.4842906,23.208371],[91.48376,23.2056445],[91.483544,23.2044247],[91.4831916,23.2024746],[91.4825738,23.1990666],[91.4824404,23.1984181],[91.4816894,23.1982786],[91.4779592,23.1976525],[91.4745438,23.1970759],[91.4739253,23.1969695],[91.4723807,23.1967018],[91.4708549,23.1964364],[91.4711255,23.1962033],[91.4716917,23.1958456],[91.4721104,23.195594],[91.4725806,23.1953197],[91.4751244,23.1938411],[91.4775735,23.1924378],[91.4806017,23.1907337],[91.4808428,23.1905937],[91.4825998,23.1895637],[91.4839845,23.1887481],[91.4849309,23.1882078],[91.4852615,23.1885565],[91.4858846,23.1892444],[91.4861139,23.1895029],[91.486588,23.1900465],[91.4867844,23.1902778],[91.4869823,23.190511],[91.4873671,23.1909475],[91.488401,23.1920728],[91.4884544,23.1921294],[91.4884791,23.1921296],[91.4885251,23.19213],[91.4890146,23.1921177],[91.4899381,23.1911479],[91.4920563,23.1889397],[91.4921951,23.1888096],[91.4927654,23.1889763],[91.4944984,23.1894893],[91.4957774,23.1898688],[91.4999198,23.1910982],[91.5019905,23.1917219],[91.5024147,23.191846],[91.5032333,23.1920779],[91.503861,23.1904318],[91.5040581,23.1899143],[91.5042451,23.1894132],[91.5042848,23.1892877],[91.5038827,23.1887703],[91.5025213,23.1870492],[91.5020618,23.1864705],[91.5018368,23.1861933],[91.5015672,23.1858611],[91.5010986,23.185274],[91.5011082,23.1852719],[91.5011558,23.1852613],[91.5016691,23.1851465],[91.5031014,23.1847989],[91.5040777,23.184561],[91.50695,23.1838598],[91.5075405,23.1836843],[91.5073018,23.1825231],[91.5068095,23.1802486],[91.50673,23.1799206],[91.5043696,23.1801243],[91.5037511,23.1801844],[91.5035671,23.180201],[91.5034234,23.180209],[91.5032164,23.1802063],[91.5029811,23.1801894],[91.4995028,23.1799279],[91.4983037,23.1798466],[91.4973873,23.1797833],[91.4971689,23.1797094],[91.4961324,23.1793052],[91.4953762,23.1790067],[91.492538,23.1778772],[91.4917412,23.1775596],[91.4917602,23.1772529],[91.4919267,23.1756797],[91.4920494,23.1745351],[91.4921488,23.1736307],[91.4922215,23.1729845],[91.4923229,23.1721126],[91.4923576,23.1719371],[91.4929029,23.1719183],[91.4940635,23.1718688],[91.497224,23.1717072],[91.4982599,23.1716459],[91.4982176,23.1714874],[91.4978924,23.1705811],[91.4967153,23.1673144],[91.4962384,23.1660292],[91.4962119,23.1659797],[91.496029,23.1654903],[91.4953791,23.1636609],[91.4951017,23.1628576],[91.4949761,23.1624828],[91.4948072,23.1619993],[91.4946622,23.1618782],[91.4937901,23.1613966],[91.492979,23.1603857],[91.4915044,23.1584448],[91.4914591,23.1583848],[91.4911211,23.1579369],[91.4910988,23.1579058],[91.4908818,23.1576036],[91.4910558,23.1573374],[91.4913921,23.1568286],[91.4921711,23.1556291],[91.4926467,23.1548812],[91.4928123,23.1545984],[91.492922,23.1544109],[91.4933511,23.1537048],[91.4936811,23.1531737],[91.4942844,23.1522114],[91.4947641,23.1522777],[91.4950832,23.1523268],[91.4999115,23.1530809],[91.501861,23.1533859],[91.5032474,23.1536076],[91.5052152,23.1539358],[91.5064891,23.154133],[91.5068263,23.1541808],[91.5072154,23.1542357],[91.5072835,23.1538],[91.5073402,23.1534101],[91.5068892,23.1531383],[91.5057361,23.1524612],[91.5052111,23.1521545],[91.5032004,23.1509969],[91.5029271,23.1508459],[91.5023725,23.1505785],[91.501659,23.150237],[91.4995968,23.1492996],[91.4986858,23.1488866],[91.4978853,23.1485325],[91.4977275,23.1484631],[91.4965817,23.1479346],[91.494888,23.1471422],[91.4948272,23.1470063],[91.495227,23.1467546],[91.4952872,23.1467203],[91.4956227,23.1467043],[91.4964049,23.1461824],[91.4969629,23.1452825],[91.4975908,23.1448432],[91.4985859,23.1438728],[91.4988141,23.1433555],[91.4985865,23.1430475],[91.4987466,23.1427017],[91.4996419,23.1422795],[91.5001514,23.1423763],[91.5006059,23.1428253],[91.5013397,23.1430743],[91.5016441,23.1430549],[91.5017044,23.1430281],[91.5033623,23.1418086],[91.503696,23.1415458],[91.5040178,23.1411858],[91.5040708,23.1411117],[91.5048777,23.1404186],[91.5056973,23.1403077],[91.5065573,23.1401875],[91.5070366,23.1400303],[91.507069,23.1399595],[91.5070917,23.1399101],[91.5071901,23.1398055],[91.5072369,23.1397676],[91.5073026,23.1397457],[91.5074157,23.1397321],[91.5081911,23.1396465],[91.508275,23.1396705],[91.5083226,23.1396999],[91.5084245,23.1397649],[91.5084588,23.1398107],[91.5084566,23.1398531],[91.5084396,23.1398982],[91.5084147,23.1399319],[91.5083588,23.1400075],[91.5086875,23.1403144],[91.5090266,23.140155],[91.5098434,23.1402522],[91.5099083,23.1402739],[91.5099749,23.1403169],[91.5100201,23.1403712],[91.510044,23.1404458],[91.5100316,23.1405369],[91.5099687,23.1408991],[91.509937,23.1409506],[91.5099771,23.1413516],[91.5099626,23.1423491],[91.5099858,23.1432378],[91.5109069,23.1433713],[91.511345,23.1433678],[91.511447,23.1432196],[91.5114935,23.1431643],[91.511535,23.1431451],[91.5116075,23.1431182],[91.5118148,23.1430948],[91.5119206,23.1431472],[91.5122584,23.1433182],[91.5130619,23.1437447],[91.5135655,23.1440248],[91.5153181,23.1449884],[91.5152297,23.1437488],[91.5151337,23.1424396],[91.5150488,23.1412599],[91.5149501,23.1397022],[91.5148823,23.1386212],[91.5148748,23.1385577],[91.5146748,23.1384177],[91.5141214,23.1380359],[91.5108687,23.1357893],[91.509097,23.1345844],[91.5074747,23.13347],[91.5061933,23.1325813],[91.5056183,23.1321831],[91.5049438,23.1317189],[91.5041809,23.1311985],[91.5035549,23.1307743],[91.5031458,23.130491],[91.5037986,23.1272384],[91.5038092,23.1272296],[91.5047805,23.1271061],[91.5057716,23.12698],[91.5072835,23.1267828],[91.5075919,23.1267425],[91.509071,23.1265434],[91.509982,23.1264158],[91.5109108,23.126288],[91.5125565,23.1260714],[91.5135702,23.1259389],[91.5166551,23.1255421],[91.5176374,23.12542],[91.5174872,23.1252442],[91.5165942,23.1244009],[91.5162962,23.1241265],[91.5152404,23.1232974],[91.5142644,23.1225479],[91.5142674,23.1224975],[91.5142718,23.1224765],[91.5143406,23.1221509],[91.5144584,23.1215947],[91.5144832,23.1214876],[91.5148504,23.12001],[91.5153364,23.1179769],[91.5153742,23.1177982],[91.515415,23.1176306],[91.5160562,23.1176409],[91.5172213,23.1176801],[91.5184417,23.1177221],[91.5192232,23.1177398],[91.5192424,23.1177403],[91.5193631,23.1174069],[91.5203626,23.1146159],[91.5204161,23.1144338],[91.5198798,23.1143468],[91.5160308,23.1137818],[91.5133253,23.1133674],[91.5124608,23.1132426],[91.5123,23.1132154],[91.5122992,23.11321],[91.5122316,23.1127377],[91.5120665,23.111248],[91.5119044,23.1097407],[91.5117025,23.1080574],[91.5115304,23.1064196],[91.5115079,23.1061913],[91.5114896,23.1060054],[91.5113152,23.1041882],[91.5113335,23.1041878],[91.5124876,23.1041612],[91.5129871,23.1041621],[91.5132391,23.1041697],[91.5144118,23.1041509],[91.5151903,23.1041376],[91.5155396,23.1041306],[91.5168609,23.1040947],[91.5184442,23.1040602],[91.5210231,23.1040221],[91.5223628,23.1040015],[91.5221861,23.1034238],[91.5218501,23.1024042],[91.521792,23.1022277],[91.5216252,23.1017345],[91.5212642,23.1006845],[91.5203221,23.0980093],[91.5193623,23.0953058],[91.5190007,23.0942692],[91.5190163,23.094131],[91.519456,23.093998],[91.5201867,23.0937818],[91.520634,23.0936522],[91.5230398,23.0930102],[91.5247737,23.0925412],[91.525921,23.0922307],[91.5281527,23.0916239],[91.5285149,23.0915272],[91.5286779,23.0915406],[91.5291717,23.091587],[91.5296904,23.0916392],[91.5298135,23.091659],[91.5298321,23.091662],[91.5298681,23.0904979],[91.529889,23.0895377],[91.5299386,23.0873466],[91.5299788,23.0858493],[91.5299757,23.0857338],[91.529573,23.0854841],[91.5289137,23.0851003],[91.527058,23.0839825],[91.525214,23.0828636],[91.5251316,23.0828079],[91.5251736,23.0827027],[91.5253943,23.0822437],[91.5254539,23.0821252],[91.5267247,23.0796504],[91.5272633,23.0786277],[91.5279073,23.0774217],[91.5304266,23.0727085],[91.5310844,23.071465],[91.5316244,23.0704055],[91.5318197,23.0700172],[91.5323311,23.0690091],[91.5325697,23.0685432],[91.5332795,23.0671792],[91.5336619,23.0664662],[91.5345522,23.0648118],[91.5351334,23.0637274],[91.5353428,23.0633143],[91.5329533,23.0624839],[91.5299183,23.061422],[91.5260083,23.0600395],[91.5258371,23.059971],[91.5252381,23.0569566],[91.5251354,23.0563781],[91.524997,23.0555765],[91.5249635,23.0553478],[91.5277326,23.0553294],[91.5285501,23.0553247],[91.529203,23.055324],[91.5304021,23.0553267],[91.5307189,23.0553275],[91.5317283,23.055326],[91.5352083,23.0553145],[91.5356448,23.0549935],[91.5362757,23.0545148],[91.5362261,23.0543683],[91.5358628,23.0533898],[91.5353286,23.0520065],[91.5349561,23.0510124],[91.5344258,23.0495553],[91.5337817,23.0477778],[91.5334021,23.0468126],[91.5327925,23.0453216],[91.5316105,23.0424347],[91.5304897,23.0383084],[91.5316314,23.0383144],[91.5317869,23.0383167],[91.5321852,23.0383226],[91.5323341,23.0383248],[91.5326351,23.0383292],[91.5330008,23.0383346],[91.5336462,23.0383441],[91.5338,23.0383464],[91.5339649,23.0383488],[91.5342044,23.0383506],[91.5348795,23.0383557],[91.5351838,23.038358],[91.5357394,23.0383622],[91.535841,23.0383629],[91.5359606,23.0383638],[91.5361855,23.0383637],[91.5363867,23.0383635],[91.5368642,23.0383631],[91.5373132,23.0383628],[91.5380157,23.0383622],[91.5385368,23.0383618],[91.5427579,23.0384597],[91.5453895,23.0384406],[91.5503498,23.0384086],[91.5488459,23.0359582],[91.5485073,23.0353788],[91.5483482,23.0351066],[91.5481709,23.0348033],[91.5480448,23.0345792],[91.5475924,23.0337758],[91.5475266,23.0336628],[91.5469049,23.0326107],[91.5464352,23.0318487],[91.546155,23.031394],[91.5457346,23.0306928],[91.5452968,23.0299626],[91.5452595,23.0298972],[91.5444796,23.0285311],[91.5441724,23.027993],[91.5434554,23.0267112],[91.5432238,23.0262973],[91.5426685,23.0254287],[91.5418195,23.0241606],[91.5413,23.0234174],[91.5404344,23.022185],[91.5401309,23.0217585],[91.5400664,23.0216679],[91.5396997,23.0211527],[91.5395582,23.0209538],[91.5388903,23.0198637],[91.5386317,23.0191932],[91.5425616,23.0192119],[91.5455329,23.0192343],[91.5457911,23.0192369],[91.5458193,23.0192372],[91.5482155,23.0192353],[91.5478236,23.0178162],[91.5472507,23.0158232],[91.5468011,23.0142963],[91.5467321,23.0140621],[91.5457448,23.0106908],[91.5449999,23.0081232],[91.5443878,23.0060849],[91.5442972,23.0057607],[91.544081,23.0049875],[91.5437649,23.0038562],[91.5437372,23.0037572],[91.5436374,23.0034023],[91.5432604,23.0020823],[91.5432497,23.0020448],[91.5430357,23.0013319],[91.5427671,23.0004369],[91.5424865,22.9994571],[91.5436766,22.9981803],[91.544772,22.9970491],[91.545003,22.9968106],[91.5461368,22.9956255],[91.5464228,22.9953265],[91.5475161,22.9941837],[91.5493176,22.9946636],[91.551713,22.9952662],[91.5570352,22.9966012],[91.5570855,22.9928086],[91.5570606,22.990173],[91.55702,22.9875434],[91.5570513,22.9845103],[91.5570638,22.9833348],[91.5571,22.9815367],[91.5572225,22.9784597],[91.5582191,22.9778555],[91.5595527,22.9770652],[91.5607191,22.9763816],[91.5610095,22.9762137],[91.5628246,22.9752164],[91.5648552,22.9740501],[91.5666181,22.9730438],[91.5673588,22.9726291],[91.5675219,22.97254],[91.5678055,22.9723947],[91.5682235,22.972223],[91.5691291,22.9718638],[91.569609,22.9716938],[91.5697914,22.9716345],[91.5704985,22.9713348],[91.5708948,22.9711608],[91.5710902,22.9710664],[91.5719584,22.9705205],[91.5736523,22.9694767],[91.5746546,22.9688819],[91.5750608,22.9686405],[91.5754239,22.9677785],[91.575612,22.9673325],[91.5763157,22.9657436],[91.576447,22.9654828],[91.5765129,22.9654151],[91.5767625,22.965219],[91.5770773,22.9655381],[91.5774307,22.9658584],[91.5779092,22.9662538],[91.5791607,22.9672313],[91.5805659,22.9683935],[91.5809848,22.968744],[91.582892,22.970343],[91.5833235,22.9707048],[91.5844855,22.9716319],[91.5849362,22.9719812],[91.5864257,22.9730536],[91.5876858,22.9736774],[91.5877921,22.9737324],[91.5880342,22.9739406],[91.5888593,22.9746662],[91.5898204,22.9758904],[91.5900008,22.9761637],[91.5901023,22.9763239],[91.5901515,22.9765824],[91.5902364,22.9766849],[91.5903837,22.9767777],[91.5904168,22.9767935],[91.5906289,22.9768947],[91.5907666,22.976925],[91.5909512,22.9769131],[91.5911198,22.9768851],[91.5914186,22.976727],[91.5915929,22.976602],[91.5917248,22.9764579],[91.5918196,22.9762418],[91.5919315,22.9759236],[91.5920502,22.9752437],[91.5923514,22.9737999],[91.5924681,22.9734402],[91.5925806,22.9731684],[91.5927452,22.9729042],[91.5930565,22.972627],[91.5933882,22.9725573],[91.5935592,22.9725846],[91.594223,22.9729495],[91.594645,22.9732567],[91.5954226,22.9738467],[91.5957995,22.9741398],[91.5962988,22.9745321],[91.5967219,22.9748759],[91.596915,22.97503],[91.5975274,22.975492],[91.5978077,22.9756862],[91.5981383,22.9758285],[91.5982631,22.97586],[91.5985168,22.9758983],[91.5990769,22.9759289],[91.599228,22.9759354],[91.5994439,22.9757973],[91.5995341,22.9757325],[91.5996659,22.9756261],[91.5997486,22.9754956],[91.5998138,22.9753838],[91.5998505,22.9753032],[91.6003092,22.9740455],[91.6005118,22.9734139],[91.6006325,22.9729683],[91.6007145,22.9726218],[91.6007966,22.9721899],[91.6012474,22.9714332],[91.6013417,22.9713417],[91.6014122,22.9712997],[91.601501,22.9712946],[91.6016189,22.9713056],[91.6018375,22.9713792],[91.6024031,22.971488],[91.6037079,22.9717364],[91.6056508,22.9720269],[91.6059345,22.9719846],[91.6061045,22.9719086],[91.6061934,22.971809],[91.6062139,22.971786],[91.6063124,22.9715093],[91.6063719,22.971303],[91.6063764,22.9709759],[91.6062902,22.9703353],[91.6062206,22.9701119],[91.6058482,22.969166],[91.6056264,22.9683541],[91.6054556,22.9676959],[91.6053646,22.9671971],[91.605284,22.966651],[91.6052638,22.9662975],[91.6052869,22.9660299],[91.6054159,22.9657117],[91.6056348,22.9653061],[91.6057109,22.9651798],[91.6060605,22.9649167],[91.606389,22.964734],[91.6068041,22.9645463],[91.6069853,22.9644784],[91.6075026,22.9643018],[91.6097533,22.9635296],[91.6101111,22.9633856],[91.6108571,22.9630711],[91.6110443,22.9629698],[91.6113121,22.9628023],[91.6115994,22.9625806],[91.6118776,22.9623478],[91.612125,22.9620761],[91.6122797,22.9618811],[91.6126389,22.9613757],[91.6132121,22.9605392],[91.6133382,22.9602951],[91.6137228,22.9589772],[91.6137968,22.9586319],[91.6138139,22.9585477],[91.6138092,22.9584245],[91.6137964,22.9583715],[91.6136816,22.9581571],[91.6135743,22.9580491],[91.6133727,22.9578974],[91.6132477,22.9578232],[91.612907,22.9576675],[91.6125618,22.9576378],[91.6124895,22.9576583],[91.6123272,22.9577301],[91.6121891,22.9578129],[91.6114304,22.9585189],[91.6108421,22.9590774],[91.6107304,22.9591861],[91.6106092,22.9593041],[91.6104361,22.9594769],[91.6098356,22.9600298],[91.6088697,22.960853],[91.6084984,22.9611317],[91.6081057,22.9613938],[91.6073642,22.9618056],[91.6071838,22.9618804],[91.6069972,22.9619554],[91.6064733,22.9621238],[91.6055419,22.962364],[91.6050137,22.9622132],[91.6047728,22.9620591],[91.6039944,22.9612866],[91.6036204,22.9609128],[91.6032701,22.9604911],[91.6022599,22.9593403],[91.6022077,22.9592849],[91.6019498,22.9589882],[91.6018882,22.9589077],[91.6011291,22.9577625],[91.6011075,22.9577291],[91.6005547,22.9568644],[91.6003839,22.9565275],[91.6001229,22.9559983],[91.6000668,22.955873],[91.6000845,22.9549262],[91.6001662,22.9546956],[91.6003329,22.954268],[91.6004454,22.9540847],[91.600562,22.9539854],[91.6013577,22.9533294],[91.6014268,22.953295],[91.6018671,22.9532032],[91.6019759,22.9531992],[91.6024449,22.9532191],[91.6027949,22.9533859],[91.6029904,22.9535321],[91.6035351,22.9540216],[91.6037952,22.9542511],[91.6041714,22.9545717],[91.6060431,22.9561467],[91.6063914,22.9564172],[91.6068107,22.9565608],[91.6072664,22.9567181],[91.6078075,22.9569276],[91.608018,22.9570652],[91.6082259,22.957242],[91.6084432,22.9572088],[91.6090183,22.9570146],[91.6091613,22.9568533],[91.6094589,22.9564914],[91.6095653,22.9563054],[91.609596,22.9561146],[91.6095349,22.9558436],[91.6095005,22.9557516],[91.6093799,22.955557],[91.6092195,22.9553207],[91.6090162,22.9550402],[91.6083707,22.9542522],[91.6080388,22.9538527],[91.6077181,22.9533887],[91.6074276,22.9529187],[91.6072569,22.9525902],[91.6069889,22.9519939],[91.6066798,22.9508044],[91.6068001,22.9505258],[91.6071111,22.9500378],[91.607518,22.9499351],[91.6079294,22.9499444],[91.6087061,22.9501428],[91.6088794,22.9502109],[91.609138,22.9503283],[91.6093997,22.9504486],[91.6095854,22.9505417],[91.6105573,22.9510907],[91.6113953,22.9515712],[91.6117178,22.9517159],[91.6119551,22.9518224],[91.6126527,22.9519769],[91.6133095,22.9522494],[91.6134018,22.952366],[91.6134806,22.9523847],[91.6138594,22.9524392],[91.6143907,22.9523743],[91.6148447,22.9521731],[91.6150997,22.9520043],[91.615456,22.9517572],[91.6158423,22.9514699],[91.6159524,22.9513398],[91.6164005,22.9506962],[91.6165061,22.9504569],[91.6165823,22.9502712],[91.6166728,22.9500293],[91.6166944,22.9498386],[91.616458,22.949116],[91.6163604,22.9490555],[91.6161998,22.9490294],[91.6151803,22.9492259],[91.614714,22.949402],[91.6141623,22.9495288],[91.6134381,22.9496491],[91.6132171,22.9496292],[91.6131595,22.9496159],[91.6129925,22.9495702],[91.6126848,22.9491676],[91.61263,22.9489134],[91.6126096,22.9487428],[91.6125473,22.9481582],[91.6128066,22.9467764],[91.6130182,22.9461351],[91.6130373,22.9461045],[91.6131091,22.9460203],[91.6132196,22.9459075],[91.6138614,22.94541],[91.6140857,22.9452677],[91.6142077,22.9451965],[91.6158065,22.9443951],[91.6168482,22.9440553],[91.6169064,22.9440366],[91.6169447,22.9440085],[91.6169485,22.9440057],[91.6169687,22.943966],[91.6170062,22.9437684],[91.6170314,22.9435631],[91.6170307,22.9433276],[91.6170059,22.9430191],[91.6169819,22.9427727],[91.6169513,22.9425781],[91.6169075,22.9423961],[91.6168627,22.9422253],[91.6168356,22.942113],[91.6167519,22.9415799],[91.6166646,22.9408789],[91.6166603,22.9407392],[91.6166578,22.9403652],[91.6166633,22.9403223],[91.6166822,22.9401892],[91.6167205,22.9399611],[91.6167379,22.939899],[91.6168683,22.9395504],[91.616956,22.9393748],[91.6170463,22.9392194],[91.6171002,22.9391523],[91.6173025,22.9389077],[91.6173469,22.9388588],[91.6173948,22.9388064],[91.6175759,22.9387007],[91.6176919,22.9386407],[91.6178466,22.9385691],[91.6179471,22.9385285],[91.618193,22.9384536],[91.6182913,22.9384333],[91.6183872,22.9384232],[91.6190068,22.9383609],[91.6191369,22.9383515],[91.6193827,22.9383611],[91.6199845,22.9384195],[91.6200454,22.9384301],[91.6200919,22.9384487],[91.6203011,22.9385353],[91.6204836,22.9387202],[91.6205979,22.9388969],[91.6221953,22.9409946],[91.6222659,22.9410839],[91.6224005,22.9412378],[91.6228977,22.9417493],[91.6229815,22.9418328],[91.623229,22.942053],[91.6235009,22.9422809],[91.6237617,22.9424931],[91.6238108,22.9425275],[91.623883,22.9425627],[91.6240067,22.942621],[91.6246788,22.9431191],[91.624835,22.9432447],[91.6252512,22.9436117],[91.6252993,22.9436663],[91.6254579,22.9438797],[91.6255413,22.9440196],[91.6255633,22.944114],[91.6256009,22.9442882],[91.6256049,22.9443141],[91.6256165,22.9445483],[91.6256138,22.9449776],[91.6255397,22.9453469],[91.6255144,22.9454081],[91.6254219,22.9456322],[91.625104,22.946331],[91.625039,22.9464726],[91.6249323,22.9466823],[91.6248658,22.9468036],[91.6243314,22.9474755],[91.6236773,22.9483479],[91.623558,22.9485783],[91.6235225,22.9487669],[91.6235223,22.9487676],[91.6234942,22.9493886],[91.6235508,22.9495578],[91.6236784,22.9498649],[91.6243599,22.9508538],[91.6249577,22.9517362],[91.6263715,22.9538643],[91.626666,22.9543307],[91.6268003,22.9545753],[91.62682,22.9546444],[91.6269749,22.9554504],[91.6270077,22.9556633],[91.6269883,22.9558854],[91.6269162,22.9560925],[91.6267843,22.9564477],[91.6261872,22.9577027],[91.6256784,22.9587018],[91.6252379,22.9594939],[91.6250035,22.9598867],[91.6245243,22.9608664],[91.6244548,22.9611255],[91.6244344,22.9612748],[91.6244926,22.9614285],[91.6245637,22.9615663],[91.6246778,22.9617002],[91.6248635,22.9618645],[91.6255467,22.9622744],[91.6256573,22.9622887],[91.6263149,22.9621858],[91.626702,22.9620184],[91.6267824,22.9619203],[91.626923,22.9617489],[91.6274272,22.9612386],[91.628364,22.9603246],[91.6289136,22.959852],[91.6291326,22.9597125],[91.6295489,22.9594875],[91.6301142,22.9592071],[91.6304677,22.959047],[91.6307495,22.9589848],[91.6309477,22.9589635],[91.6312514,22.9589963],[91.6315199,22.9590608],[91.631915,22.9592054],[91.6321127,22.959288],[91.6325495,22.9594771],[91.6330358,22.9597263],[91.6341906,22.9602607],[91.6346516,22.9604374],[91.6348478,22.9605513],[91.6350951,22.960701],[91.6352065,22.9607725],[91.6354219,22.9609173],[91.6354956,22.9609754],[91.6356168,22.961078],[91.6362215,22.9617696],[91.6363225,22.9619054],[91.6364675,22.9621065],[91.6366815,22.9624248],[91.6369899,22.9629412],[91.6371234,22.9632587],[91.6372531,22.9635761],[91.637266,22.9639781],[91.6371448,22.9647024],[91.637011,22.9651946],[91.6371797,22.9657647],[91.6371985,22.9657984],[91.6372546,22.965899],[91.637977,22.966851],[91.63876,22.9678526],[91.6392656,22.9684205],[91.6393621,22.9684956],[91.6394629,22.9686106],[91.6395889,22.9687929],[91.6399848,22.9694089],[91.6400825,22.9695742],[91.6405028,22.9703286],[91.6405442,22.9704859],[91.6405864,22.9707003],[91.6406723,22.9715089],[91.6407655,22.9725809],[91.6407813,22.9729239],[91.6407929,22.9732289],[91.6407495,22.9739162],[91.6407743,22.9744497],[91.6408084,22.9748886],[91.6408766,22.974992],[91.6411012,22.975227],[91.641372,22.9754972],[91.641638,22.9756731],[91.6417688,22.9757269],[91.642319,22.9758605],[91.6424705,22.975888],[91.6431392,22.9759518],[91.6434276,22.9759615],[91.6438072,22.9759603],[91.6441724,22.9759333],[91.6443861,22.9758852],[91.6446073,22.9758631],[91.6447832,22.9758741],[91.6452641,22.9760833],[91.6455163,22.9762756],[91.6457028,22.9765501],[91.6457801,22.9768063],[91.6457797,22.9785866],[91.6456877,22.9803484],[91.6455103,22.9815222],[91.645327,22.9825203],[91.645243,22.9830648],[91.6451702,22.9839151],[91.6452077,22.9843443],[91.6452607,22.9848774],[91.6454595,22.9850216],[91.6456681,22.9851103],[91.6459218,22.9851561],[91.6462027,22.9851301],[91.6465148,22.9850743],[91.6468754,22.9849692],[91.6473223,22.9847394],[91.6477898,22.9844801],[91.6493557,22.9833129],[91.6494988,22.9831207],[91.6498321,22.9826727],[91.6503458,22.9819376],[91.6506042,22.9815538],[91.6506448,22.9814394],[91.650671,22.9812927],[91.6506433,22.980808],[91.6506194,22.9798352],[91.6506269,22.9783217],[91.6507116,22.9778325],[91.6508786,22.9771894],[91.6509465,22.9770128],[91.6510855,22.976894],[91.6512983,22.9767809],[91.6515365,22.9767162],[91.6518278,22.9766835],[91.6521966,22.976663],[91.6524887,22.9766921],[91.6536491,22.9766311],[91.6542322,22.976564],[91.6550122,22.9764873],[91.6551662,22.9764836],[91.6553556,22.9765147],[91.6554819,22.9765373],[91.6559506,22.9766578],[91.6561855,22.9767254],[91.6566276,22.9770211],[91.6567788,22.9771805],[91.6580381,22.9780759],[91.6580795,22.9781078],[91.6580978,22.9781261],[91.6580941,22.9782965],[91.6580668,22.978858],[91.6580404,22.9790444],[91.6579925,22.9792033],[91.6579396,22.9792789],[91.6577639,22.9794477],[91.6574561,22.9796856],[91.6572561,22.9798342],[91.6570612,22.9799124],[91.6569175,22.9799336],[91.6567607,22.9799511],[91.6567179,22.9799637],[91.6566468,22.9800321],[91.6565388,22.9801769],[91.6563587,22.9804605],[91.656338,22.9805561],[91.6563242,22.9806433],[91.6563558,22.9807652],[91.6563955,22.9808897],[91.6564726,22.981037],[91.6566046,22.9812577],[91.6566935,22.9813974],[91.6567935,22.9814675],[91.6569566,22.9815489],[91.6571347,22.9816283],[91.6573036,22.981692],[91.657398,22.9817233],[91.6577042,22.9817336],[91.6580471,22.9817222],[91.6582009,22.9817111],[91.6583137,22.9816931],[91.6584943,22.9816605],[91.6585429,22.9816479],[91.6586338,22.9816246],[91.659161,22.9814211],[91.659315,22.981348],[91.659729,22.9811246],[91.6598332,22.981066],[91.6598903,22.9809977],[91.6602644,22.9804989],[91.6606236,22.9800011],[91.6606667,22.9799358],[91.6609881,22.9796699],[91.6614641,22.9793051],[91.6615921,22.9792313],[91.6617773,22.9791736],[91.6619161,22.9791581],[91.6621094,22.9791734],[91.6624061,22.9792236],[91.6626128,22.9792739],[91.662768,22.979361],[91.6629127,22.9794843],[91.6630613,22.9796742],[91.6635005,22.9802672],[91.6636377,22.9805008],[91.6638052,22.9808998],[91.6638834,22.9811322],[91.6639838,22.9813088],[91.6640821,22.9814724],[91.6641483,22.9815568],[91.6642443,22.9816307],[91.6643528,22.9816693],[91.6644757,22.9816632],[91.6646025,22.9816469],[91.6647895,22.9815697],[91.6649791,22.9814711],[91.6657381,22.9808094],[91.6659224,22.9806118],[91.6660247,22.9804884],[91.6662213,22.9802388],[91.6663416,22.9800429],[91.6667166,22.9796098],[91.6670938,22.9791887],[91.6672477,22.9790322],[91.6674829,22.9788313],[91.6676937,22.9786667],[91.6681616,22.9784519],[91.6690172,22.9780158],[91.6695254,22.9776219],[91.6697729,22.9774458],[91.6700672,22.9772488],[91.6702738,22.9771392],[91.6703377,22.9771138],[91.6703909,22.977107],[91.6708644,22.9770519],[91.6709387,22.9770523],[91.6714231,22.9772098],[91.6715768,22.9772646],[91.6718303,22.9773709],[91.6720355,22.9774616],[91.672103,22.9774972],[91.6722505,22.9776249],[91.6723361,22.9777176],[91.6723688,22.977753],[91.6725005,22.9778985],[91.6735967,22.9791036],[91.6744272,22.9798518],[91.6750517,22.9802316],[91.6767976,22.980799],[91.6769088,22.9808314],[91.677544,22.9808278],[91.6777695,22.980809],[91.6780458,22.9807706],[91.6781793,22.9807353],[91.6783646,22.9806454],[91.6787273,22.980432],[91.6789165,22.9803124],[91.6790405,22.9802219],[91.6792125,22.9800175],[91.6792923,22.9798871],[91.679342,22.9797921],[91.6794736,22.9795126],[91.6795377,22.9793299],[91.6800492,22.978374],[91.6808683,22.9774537],[91.6810755,22.977369],[91.6811712,22.9773368],[91.6813528,22.9773036],[91.6815054,22.9772775],[91.6817731,22.97725],[91.6819821,22.9772934],[91.6825157,22.9774314],[91.6827592,22.9775526],[91.6828489,22.9776068],[91.6832135,22.9778439],[91.6833195,22.9779263],[91.6834406,22.9780395],[91.6835882,22.978178],[91.6836845,22.9782983],[91.6838466,22.9785338],[91.6840179,22.9788002],[91.6841966,22.97908],[91.6844408,22.9794561],[91.6846826,22.9797675],[91.6848027,22.9799199],[91.6849925,22.9801577],[91.6850695,22.9802485],[91.6857623,22.9807231],[91.685877,22.9807987],[91.6859811,22.9808419],[91.6861524,22.980906],[91.6874207,22.9812793],[91.6887227,22.9816672],[91.6909931,22.9832559],[91.6913921,22.9840908],[91.6915032,22.9844034],[91.6915073,22.9844511],[91.69151,22.9845244],[91.6915103,22.9845464],[91.6915162,22.9849641],[91.6915129,22.9853434],[91.6914821,22.9856051],[91.6914883,22.9856767],[91.691524,22.985893],[91.691616,22.98644],[91.6916234,22.9864781],[91.6916484,22.9865416],[91.6916929,22.9866494],[91.6917406,22.9867365],[91.6918039,22.9868361],[91.6918706,22.9869293],[91.692214,22.9873618],[91.6922683,22.9874296],[91.6924309,22.9876093],[91.6925321,22.9877085],[91.6926488,22.9878091],[91.6927149,22.9878609],[91.6928327,22.9879168],[91.6929852,22.9879883],[91.6935999,22.988255],[91.6941961,22.9883036],[91.6945647,22.988331],[91.6952167,22.9883073],[91.6958416,22.9882577],[91.6973493,22.9883628],[91.7001475,22.9888907],[91.7005126,22.9889687],[91.7007028,22.9890071],[91.7007339,22.9890103],[91.7009867,22.9889977],[91.7017043,22.9889018],[91.7017737,22.9888806],[91.7022203,22.9886948],[91.7032635,22.9882532],[91.7033198,22.9882226],[91.7033978,22.9881655],[91.7034691,22.9880989],[91.7035309,22.987993],[91.7036333,22.9877528],[91.7037018,22.9875739],[91.7042415,22.9866711],[91.7060726,22.984162],[91.7067225,22.9832029],[91.7067871,22.9831173],[91.7070694,22.9828163],[91.7071508,22.9827305],[91.7072375,22.9826565],[91.7082277,22.9820291],[91.7082969,22.9819948],[91.7084418,22.9819321],[91.7085305,22.9819011],[91.7086474,22.9818675],[91.7087506,22.981859],[91.7088383,22.9818556],[91.7092466,22.9818853],[91.710022,22.9819509],[91.7100987,22.9819821],[91.7104476,22.9821352],[91.710589,22.9822009],[91.7107882,22.9823141],[91.7109072,22.9823897],[91.7110125,22.9824767],[91.7110638,22.9825499],[91.7111438,22.9826886],[91.7116401,22.9835783],[91.7116588,22.9836744],[91.7116718,22.9838621],[91.7116664,22.9839665],[91.7115745,22.9846996],[91.7113418,22.9865148],[91.7110804,22.9877717],[91.711074,22.9878103],[91.7110782,22.9878584],[91.7111955,22.9880641],[91.7112682,22.9881756],[91.7113231,22.9882535],[91.7114502,22.9884157],[91.711556,22.9885429],[91.7117108,22.9887015],[91.7118595,22.9887928],[91.7120953,22.9889152],[91.7121231,22.9889197],[91.7126612,22.9888345],[91.7129334,22.9887172],[91.7136946,22.9882246],[91.7144906,22.9876888],[91.7145679,22.9876385],[91.7149282,22.9874571],[91.7152691,22.9872928],[91.7158039,22.9870359],[91.7160688,22.9869207],[91.7162666,22.9868388],[91.7163766,22.986799],[91.7165176,22.9867503],[91.7166951,22.9867048],[91.7170025,22.9866457],[91.7170907,22.9866338],[91.7177207,22.986584],[91.7179313,22.9865778],[91.7180613,22.986575],[91.7181926,22.9865746],[91.7183333,22.9865934],[91.7187946,22.9867539],[91.7205841,22.9874051],[91.7206247,22.9874239],[91.7208482,22.9875981],[91.7210552,22.9877967],[91.721112,22.9878538],[91.7212163,22.9879669],[91.7212639,22.9880241],[91.7212933,22.9880779],[91.7213736,22.9882346],[91.7218939,22.9897995],[91.7219215,22.9899123],[91.7219799,22.9901752],[91.7219887,22.9902498],[91.7220244,22.9908333],[91.7221551,22.9917058],[91.722347,22.9929471],[91.722618,22.993618],[91.722762,22.9939499],[91.7227999,22.994006],[91.7229226,22.9941624],[91.7235355,22.9951722],[91.7237003,22.9956812],[91.7239968,22.9962064],[91.724422,22.9968806],[91.7249791,22.9976444],[91.7250825,22.9977821],[91.7251928,22.9979159],[91.7260628,22.9988883],[91.7260994,22.99892],[91.7261374,22.9989517],[91.726188,22.9989909],[91.7262385,22.9990238],[91.7264161,22.9991027],[91.72731,22.9994134],[91.7278972,22.999558],[91.7281616,22.999578],[91.7287339,22.9996533],[91.7289748,22.9996876],[91.7291616,22.9997304],[91.729831,22.9998843],[91.7301559,22.9999614],[91.730467,23.0000412],[91.730686,23.0001003],[91.7309163,23.0001708],[91.7315202,23.000413],[91.7318461,23.0005531],[91.7320546,23.0006509],[91.7321162,23.0006875],[91.7331165,23.0012374],[91.7337622,23.0015911],[91.7340952,23.0017427],[91.7345408,23.0019393],[91.734651,23.0019887],[91.734824,23.002071],[91.7352986,23.0023206],[91.7357299,23.0025732],[91.7362935,23.0029864],[91.7377242,23.0037116],[91.7403534,23.0050185],[91.7403581,23.0050204],[91.7404458,23.005056],[91.7405685,23.0051043],[91.7406381,23.0051317],[91.7410168,23.0052801],[91.7419693,23.00561],[91.7426232,23.0057889],[91.7426727,23.0058069],[91.743809,23.006378],[91.7439092,23.0064347],[91.7439608,23.006482],[91.7440168,23.0065408],[91.7441949,23.0067319],[91.7443349,23.0069474],[91.7443817,23.0071238],[91.7444068,23.0072417],[91.7444939,23.0076619],[91.7445631,23.0080043],[91.7446066,23.0082387],[91.7446375,23.0084154],[91.7446878,23.0088376],[91.7447204,23.009127],[91.7447555,23.009357],[91.7449959,23.010141],[91.7453173,23.0109594],[91.7453568,23.0110285],[91.7466879,23.0127439],[91.7474373,23.013711],[91.747579,23.0138929],[91.748206,23.0146756],[91.74934,23.0160458],[91.7494251,23.0161437],[91.7495076,23.0162333],[91.7496067,23.0163215],[91.7499431,23.0166034],[91.7501334,23.0167549],[91.750561,23.017112],[91.7508309,23.0173376],[91.751011,23.0174975],[91.751108,23.017612],[91.7511473,23.0176592],[91.751519,23.0181589],[91.7516172,23.0183365],[91.7517614,23.0186196],[91.7521432,23.0194644],[91.7522383,23.0196848],[91.7524331,23.0201918],[91.7525496,23.0205485],[91.7527086,23.0210089],[91.7530556,23.0215845],[91.7533603,23.0220788],[91.7535382,23.0222557],[91.7537468,23.0224591],[91.754437,23.0230192],[91.7546202,23.0231401],[91.7548802,23.0233036],[91.7556313,23.0237219],[91.7560806,23.0239302],[91.7568475,23.024271],[91.7569215,23.0242869],[91.7570828,23.0243196],[91.7573203,23.0243536],[91.7578209,23.0244234],[91.7582238,23.0244386],[91.758773,23.0244463],[91.7589654,23.0244495],[91.7594554,23.0244646],[91.7598142,23.0246035],[91.7600089,23.0246816],[91.7601562,23.0247514],[91.7603514,23.0248665],[91.7607497,23.0253082],[91.7610719,23.0256736],[91.7614811,23.0262003],[91.7615636,23.0263817],[91.761555,23.0266236],[91.7615453,23.0267905],[91.7615148,23.0272667],[91.7612133,23.0284873],[91.7609956,23.0294013],[91.7609908,23.0294886],[91.7609973,23.0296016],[91.761093,23.029859],[91.7617518,23.0303366],[91.7622881,23.0304531],[91.7627758,23.0305511],[91.7635051,23.030674],[91.7640398,23.0307345],[91.7641792,23.0307634],[91.7644491,23.0308978],[91.7648435,23.0311745],[91.7655658,23.0317074],[91.7661371,23.0323187],[91.7666208,23.032827],[91.7669431,23.0331475],[91.7681861,23.034228],[91.7684297,23.0341423],[91.7693858,23.0334721],[91.7695167,23.0333755],[91.7697278,23.0331034],[91.76977,23.0330478],[91.7700195,23.0329192],[91.7703291,23.0328265],[91.7705407,23.0328238],[91.7715431,23.0328235],[91.7719165,23.033027],[91.7719739,23.0331028],[91.7720215,23.033191],[91.7720562,23.0333039],[91.7720169,23.0335585],[91.7719648,23.0338377],[91.7718539,23.0341698],[91.7716519,23.0346101],[91.771497,23.0348723],[91.7709997,23.0357021],[91.7708219,23.035983],[91.7703394,23.0366963],[91.7698578,23.0372381],[91.769697,23.037332],[91.7695399,23.0374442],[91.7690392,23.0378178],[91.7689314,23.037908],[91.7686733,23.0381317],[91.7685136,23.0382959],[91.7683865,23.0384292],[91.7683508,23.0384755],[91.7679583,23.039004],[91.7677292,23.0393988],[91.7676365,23.0396234],[91.7676649,23.0397547],[91.767724,23.039953],[91.768026,23.0404666],[91.7682844,23.0407175],[91.7684286,23.0408535],[91.7685423,23.0409347],[91.7692121,23.0412662],[91.7692752,23.0412868],[91.7700363,23.0415222],[91.7707174,23.0414984],[91.7709454,23.0414802],[91.7711267,23.041432],[91.771472,23.0412929],[91.7715999,23.0412179],[91.771895,23.0410396],[91.7721342,23.0408805],[91.7723001,23.0407621],[91.7723961,23.0406935],[91.7726086,23.0405224],[91.7730956,23.0401183],[91.7737022,23.0395228],[91.7738191,23.0393744],[91.7744081,23.0384822],[91.7744229,23.0383595],[91.7744327,23.0381267],[91.7744311,23.0380196],[91.7742954,23.0373416],[91.7739803,23.0366046],[91.7736856,23.0359103],[91.7734214,23.0350349],[91.7733758,23.034864],[91.7731623,23.0338349],[91.7728941,23.0329198],[91.7728354,23.0320725],[91.7728326,23.0318796],[91.7728297,23.0316868],[91.7728816,23.0307125],[91.772921,23.0302405],[91.7730117,23.0296607],[91.773577,23.0280524],[91.7737054,23.0277875],[91.7739092,23.0274788],[91.7743069,23.0270788],[91.7747301,23.0268408],[91.7758349,23.0268361],[91.7759309,23.026841],[91.7761728,23.0268686],[91.7764479,23.026911],[91.7776321,23.0274314],[91.7787635,23.0279037],[91.77925,23.0281033],[91.7800823,23.0285314],[91.7802385,23.0286721],[91.7806082,23.0290925],[91.7806199,23.0291194],[91.7806386,23.0291747],[91.7806507,23.0292241],[91.7806865,23.0294564],[91.7806848,23.0295586],[91.7806816,23.0295895],[91.7806593,23.0298082],[91.7806004,23.0303271],[91.7805098,23.0305656],[91.780425,23.0308685],[91.7804225,23.0309226],[91.7804225,23.0315834],[91.7804398,23.0320924],[91.7804661,23.032448],[91.7804601,23.0325892],[91.7803748,23.0331926],[91.7802838,23.0335151],[91.7799972,23.0343282],[91.7798528,23.0345478],[91.7797021,23.034784],[91.7795376,23.0350745],[91.7789879,23.0362063],[91.7789358,23.0364112],[91.7789336,23.0364819],[91.778996,23.0365321],[91.7791338,23.0366325],[91.7792401,23.0366943],[91.7792987,23.036701],[91.779768,23.0367252],[91.7798392,23.0367122],[91.779923,23.0366736],[91.7800209,23.0365973],[91.7800705,23.0365531],[91.7801823,23.0364286],[91.7802379,23.0363453],[91.780439,23.0360063],[91.7805591,23.0357855],[91.7806876,23.0354805],[91.7807142,23.0353029],[91.7807526,23.0350411],[91.7807897,23.0349205],[91.7809151,23.0346186],[91.7811101,23.0341986],[91.7812536,23.0340195],[91.7813109,23.0339497],[91.7814126,23.0339124],[91.7815033,23.0338977],[91.7817014,23.0339102],[91.7817927,23.0339391],[91.7819138,23.0340022],[91.7820335,23.0340923],[91.7820523,23.034124],[91.7820768,23.0341653],[91.7821519,23.0343026],[91.7822891,23.0345892],[91.7823079,23.0346535],[91.7823526,23.0348212],[91.7823654,23.0349186],[91.7824109,23.0351434],[91.7824516,23.0352645],[91.7824684,23.0353003],[91.7826851,23.0356881],[91.7827714,23.0358192],[91.7829201,23.036002],[91.7834099,23.036532],[91.7836499,23.0367407],[91.7839455,23.0370869],[91.7839857,23.037169],[91.7840331,23.0373066],[91.7841024,23.0377097],[91.7841273,23.0378581],[91.7841316,23.0379287],[91.7841044,23.0380672],[91.784095,23.0380898],[91.783759,23.0388555],[91.783604,23.039239],[91.7835755,23.0393955],[91.7835234,23.0397161],[91.7834806,23.0400065],[91.7835088,23.0403726],[91.7835308,23.0405465],[91.7835507,23.0405778],[91.7836286,23.040688],[91.783636,23.040745],[91.7836373,23.0411655],[91.7836215,23.0413069],[91.7835462,23.0415902],[91.7835076,23.0417258],[91.7833947,23.0419886],[91.7832812,23.0422168],[91.7832011,23.0423592],[91.7831649,23.0424219],[91.7831468,23.0424534],[91.7830559,23.0425733],[91.7825724,23.043436],[91.7825597,23.0434605],[91.7825309,23.0435155],[91.7820283,23.0445242],[91.7819791,23.0448087],[91.7819622,23.0449249],[91.781949,23.0451201],[91.78198,23.045411],[91.7820025,23.0454873],[91.782074,23.0456626],[91.7821879,23.0459417],[91.782412,23.0464869],[91.7824891,23.0466488],[91.7825312,23.046789],[91.7825855,23.0470377],[91.7825977,23.047319],[91.7825201,23.0482087],[91.7824726,23.0484241],[91.7822488,23.0488071],[91.7820338,23.0490641],[91.7817926,23.049351],[91.781509,23.0496508],[91.7809088,23.0507422],[91.7807457,23.0512627],[91.7805629,23.0517069],[91.7804697,23.0519006],[91.7802508,23.0522539],[91.7798399,23.0527899],[91.7786904,23.0540828],[91.7775188,23.0555051],[91.7773992,23.055714],[91.7772864,23.0560264],[91.7772217,23.0563457],[91.7772525,23.0564466],[91.7773322,23.0566053],[91.7773497,23.0566396],[91.7773718,23.0566651],[91.7774784,23.0567327],[91.7776289,23.0568255],[91.7776428,23.056834],[91.7779548,23.056945],[91.7782667,23.0570516],[91.778655,23.0571817],[91.7788191,23.0572586],[91.7789574,23.0573818],[91.7790978,23.0575337],[91.7791537,23.0576407],[91.7792084,23.0577764],[91.7792264,23.0578422],[91.7792596,23.0579854],[91.779496,23.0591829],[91.779507,23.0592976],[91.7794997,23.0594327],[91.7794657,23.0597605],[91.7794277,23.0599175],[91.7791922,23.0604733],[91.7790165,23.0608675],[91.77862,23.0614469],[91.7785345,23.0615413],[91.7774033,23.0626052],[91.7765797,23.0632675],[91.7758459,23.0639143],[91.7747659,23.0648699],[91.7741096,23.0655157],[91.7740106,23.0656419],[91.7739345,23.0657462],[91.7737464,23.0660401],[91.7735921,23.0663106],[91.7734864,23.0666163],[91.773454,23.0667345],[91.7734223,23.0669057],[91.7734147,23.0670207],[91.7734308,23.0671655],[91.7736025,23.0680781],[91.7736375,23.0682442],[91.7739894,23.0689606],[91.7740704,23.0690846],[91.7741104,23.069134],[91.7741842,23.0692253],[91.7743422,23.0694143],[91.7745174,23.069616],[91.7749363,23.0698175],[91.7752379,23.0699573],[91.7757891,23.0701916],[91.7760652,23.0702843],[91.7763842,23.0703435],[91.7780968,23.0707183],[91.7783685,23.0708312],[91.7788655,23.0709585],[91.7789963,23.0709913],[91.7792267,23.0710401],[91.7796388,23.0710966],[91.7802746,23.071169],[91.7805108,23.071189],[91.7825003,23.0713908],[91.7835791,23.0715107],[91.783826,23.0715176],[91.7847328,23.0714487],[91.7850961,23.0713508],[91.7855147,23.0712134],[91.7855653,23.0711783],[91.785685,23.0709815],[91.7857971,23.0707948],[91.7858842,23.0705927],[91.7859246,23.0703897],[91.7859323,23.0701728],[91.7858838,23.0696234],[91.7858134,23.0691677],[91.7857815,23.0688967],[91.7857787,23.068812],[91.7857995,23.0686466],[91.7858515,23.0684894],[91.7858977,23.0683611],[91.786063,23.0682039],[91.7863292,23.0680182],[91.7863446,23.068013],[91.7878555,23.0675132],[91.7882675,23.0673782],[91.7889284,23.0672043],[91.7889594,23.0672024],[91.7889856,23.0672137],[91.7890448,23.0672425],[91.7890984,23.06729],[91.7891636,23.067384],[91.7891965,23.0674496],[91.7892338,23.0675315],[91.7892487,23.0676261],[91.7892421,23.0676899],[91.7892115,23.0677843],[91.7891367,23.0679492],[91.7890268,23.0681837],[91.7889429,23.0682998],[91.7888308,23.0684465],[91.7884837,23.0689374],[91.7882101,23.0693441],[91.788144,23.069462],[91.7881425,23.0694663],[91.7881177,23.0695745],[91.7880964,23.0697193],[91.788096,23.0699812],[91.7881019,23.0700946],[91.7881123,23.070169],[91.7881363,23.0702628],[91.7881893,23.0704362],[91.7882322,23.0705529],[91.7883372,23.0707878],[91.7883875,23.0708898],[91.7884405,23.0709567],[91.7885121,23.0710257],[91.7891628,23.0715809],[91.7892619,23.0716394],[91.7893016,23.071656],[91.7893675,23.0716793],[91.7894473,23.0716845],[91.7895387,23.0716701],[91.7895855,23.0716548],[91.7896153,23.0716303],[91.7896526,23.0715972],[91.7896964,23.07155],[91.7897326,23.0714959],[91.7897582,23.0714094],[91.7897761,23.0713159],[91.7897862,23.0711487],[91.7897909,23.071008],[91.789772,23.0709243],[91.789719,23.0708238],[91.789715,23.0708162],[91.7896317,23.0706362],[91.7895973,23.070524],[91.7895756,23.0704186],[91.7895541,23.0702751],[91.7895444,23.0701291],[91.7895474,23.0695945],[91.7895492,23.0693171],[91.7895607,23.0692462],[91.78972,23.0688339],[91.7897562,23.0687806],[91.7898167,23.0687254],[91.7899184,23.0686752],[91.7899943,23.0686393],[91.7900352,23.068624],[91.7904709,23.0686099],[91.7909162,23.0686237],[91.791139,23.0686395],[91.791583,23.0686789],[91.7916764,23.0686925],[91.7926766,23.0688648],[91.7929015,23.0689093],[91.7930414,23.0689433],[91.7931199,23.0689656],[91.7932313,23.0690069],[91.7933335,23.0690437],[91.7933856,23.0690485],[91.7934746,23.0690473],[91.7936214,23.0690361],[91.7937085,23.0690203],[91.7937629,23.0690056],[91.7938198,23.0689893],[91.7940944,23.0688778],[91.7943721,23.0687445],[91.794437,23.0687033],[91.7945167,23.0686432],[91.7946478,23.0685343],[91.7948278,23.0683836],[91.7949745,23.0682535],[91.7950638,23.0681584],[91.7952967,23.0678974],[91.7956747,23.0674513],[91.7957432,23.0673704],[91.7958051,23.0672958],[91.7958608,23.0671474],[91.7958947,23.0669978],[91.795914,23.0668802],[91.7959133,23.06678],[91.7958872,23.0666062],[91.7958644,23.0665381],[91.7958134,23.0664992],[91.7957507,23.0664603],[91.7955405,23.0663861],[91.7949512,23.0662304],[91.7946309,23.0661505],[91.7945635,23.066139],[91.7944917,23.0661127],[91.7943835,23.0660643],[91.7942782,23.0659856],[91.7941744,23.0658937],[91.7940166,23.0657271],[91.793942,23.0656262],[91.793851,23.0654906],[91.7937589,23.0653403],[91.7937114,23.0652531],[91.7935606,23.0648229],[91.793489,23.0645799],[91.7934762,23.0645124],[91.7934523,23.0643192],[91.7934243,23.064015],[91.793424,23.0639342],[91.7934273,23.0638215],[91.7934321,23.0637476],[91.793445,23.0636542],[91.7934662,23.0635529],[91.7935368,23.0632171],[91.7935649,23.0631328],[91.7936423,23.0629158],[91.7937022,23.0627612],[91.79377,23.0626391],[91.7938432,23.0625301],[91.7939081,23.0624361],[91.7939459,23.0623827],[91.7940023,23.0623354],[91.7940872,23.0622838],[91.7944076,23.0621453],[91.7944964,23.0621302],[91.7947395,23.0620984],[91.7948519,23.0620907],[91.7949888,23.0620921],[91.7951477,23.0621041],[91.7952101,23.0621219],[91.7953615,23.062193],[91.7954716,23.0622546],[91.7957146,23.062445],[91.7965447,23.0632115],[91.7967262,23.0633871],[91.7971464,23.0638037],[91.7977279,23.0643962],[91.7978066,23.0644892],[91.7979069,23.0645726],[91.7981857,23.0647377],[91.7983209,23.0647966],[91.7991182,23.0649348],[91.7992368,23.0649434],[91.7993628,23.0649473],[91.7998758,23.0649384],[91.7999932,23.0649299],[91.8002294,23.0648896],[91.8003048,23.0648754],[91.8003608,23.0648599],[91.8010604,23.0646365],[91.8013002,23.0645581],[91.801449,23.0645065],[91.8020463,23.064296],[91.8023025,23.0641886],[91.8024109,23.0641406],[91.8026128,23.0640479],[91.8027053,23.064004],[91.8030726,23.0637965],[91.8031948,23.0637118],[91.8033301,23.0636067],[91.8034405,23.0635214],[91.80364,23.0633867],[91.8036934,23.063362],[91.803941,23.0632943],[91.8046456,23.0631658],[91.8060276,23.0630284],[91.8064475,23.0631969],[91.8065622,23.0632779],[91.8066105,23.0633247],[91.8066915,23.0634377],[91.8067928,23.0636804],[91.8068831,23.0639254],[91.8068802,23.0640621],[91.8068752,23.064297],[91.8068633,23.0644779],[91.8068456,23.0646836],[91.8067979,23.0648424],[91.8067447,23.0649582],[91.8065291,23.0653901],[91.8063424,23.065554],[91.8061217,23.0657375],[91.805963,23.0658965],[91.8056969,23.0663008],[91.8056674,23.0663701],[91.805648,23.0664618],[91.8056513,23.0665149],[91.8056656,23.0665779],[91.8057273,23.0667047],[91.8058988,23.0669092],[91.8059766,23.0669681],[91.8061835,23.0670095],[91.8062996,23.0670204],[91.8063948,23.0670237],[91.8065242,23.0670232],[91.8068468,23.0669682],[91.8069716,23.0669079],[91.8070574,23.0668481],[91.8071321,23.0667839],[91.8072191,23.0667263],[91.8073098,23.0666721],[91.8073121,23.066671],[91.8074589,23.0666013],[91.8075123,23.0665803],[91.8081256,23.0664595],[91.8083782,23.0664596],[91.8084442,23.0664678],[91.8085545,23.0664969],[91.8088043,23.0665479],[91.8095896,23.0666688],[91.809757,23.0666836],[91.8100496,23.0666573],[91.8103315,23.0665769],[91.8105841,23.0664912],[91.8109886,23.0662794],[91.8111484,23.0661983],[91.811728,23.0660214],[91.81179,23.0660059],[91.8118436,23.0660019],[91.8118925,23.0660058],[91.8120535,23.0660782],[91.8122084,23.0661564],[91.8122946,23.0662084],[91.8123453,23.0662506],[91.8123803,23.0663055],[91.8124158,23.066392],[91.8124451,23.0664741],[91.8124556,23.0665225],[91.8124639,23.0665924],[91.8124891,23.0670495],[91.8124984,23.0672605],[91.8124908,23.0673261],[91.8124537,23.0674587],[91.8123609,23.0676971],[91.8122959,23.0678368],[91.812111,23.0681249],[91.8120764,23.0681751],[91.8119712,23.0683266],[91.8117696,23.0685573],[91.8117412,23.0686164],[91.8116418,23.0688255],[91.8116316,23.068873],[91.811563,23.0695108],[91.8115725,23.0695728],[91.8115846,23.0696506],[91.8116064,23.0697203],[91.8116655,23.0698348],[91.8117105,23.0699042],[91.8119843,23.0701785],[91.8119871,23.0701805],[91.8120127,23.0701996],[91.8121973,23.0702966],[91.8122783,23.0703306],[91.8124612,23.0703994],[91.8127008,23.0704211],[91.8129121,23.0704354],[91.8129683,23.0704369],[91.8130342,23.0704349],[91.813134,23.0704167],[91.8132628,23.0703789],[91.8133589,23.0703596],[91.8134188,23.0703477],[91.813438,23.0703439],[91.813527,23.0703394],[91.8136143,23.0703789],[91.8136587,23.0704134],[91.8137872,23.0705179],[91.8138355,23.0705602],[91.8138553,23.0705814],[91.8138536,23.0706266],[91.8138386,23.0706889],[91.8137811,23.0708421],[91.8137086,23.0709695],[91.813638,23.0710664],[91.8134076,23.0713268],[91.8131814,23.0715443],[91.8131391,23.0715708],[91.812994,23.0716608],[91.8128367,23.0717565],[91.8126131,23.0718994],[91.8125904,23.0719358],[91.8124966,23.0721098],[91.8124934,23.0721415],[91.8124967,23.072199],[91.8125059,23.0722396],[91.8125646,23.0724116],[91.8125939,23.0724925],[91.8129999,23.0732801],[91.8130614,23.07339],[91.8130825,23.0734157],[91.8131494,23.0734803],[91.813194,23.0735227],[91.8132606,23.0735693],[91.8133149,23.0736058],[91.8133812,23.0736366],[91.8135427,23.0736582],[91.8136159,23.0736596],[91.8137147,23.0736549],[91.8137707,23.0736463],[91.8138363,23.073624],[91.8140072,23.073545],[91.8142058,23.0734397],[91.8145853,23.0731062],[91.8146238,23.0730695],[91.8147308,23.0729609],[91.8147809,23.0728846],[91.8148429,23.0727866],[91.8148654,23.0727423],[91.8149233,23.0726162],[91.8149864,23.0725104],[91.8150628,23.0723931],[91.8151406,23.0722893],[91.8151922,23.0722333],[91.8152872,23.0721417],[91.8154117,23.0720588],[91.8155754,23.071989],[91.8156761,23.071947],[91.8157356,23.071927],[91.8161054,23.0718455],[91.8162615,23.0718367],[91.816392,23.0718305],[91.8164994,23.0718303],[91.816629,23.0718433],[91.8169067,23.0718837],[91.8170046,23.0719039],[91.8174014,23.0719892],[91.8175104,23.0720149],[91.8175557,23.072029],[91.8176885,23.0720905],[91.8179086,23.0721961],[91.8180956,23.0723789],[91.8183503,23.0726783],[91.8183891,23.0727421],[91.8184349,23.0728635],[91.8184513,23.0729819],[91.8184635,23.0731455],[91.8184606,23.0731952],[91.8184211,23.0733267],[91.8183823,23.0734266],[91.8183279,23.0735402],[91.8182955,23.0735757],[91.8181845,23.0736663],[91.8181299,23.0736828],[91.8179359,23.0736876],[91.8177003,23.0736906],[91.8175087,23.0736897],[91.8173843,23.0736947],[91.8173319,23.0736987],[91.8169523,23.0737849],[91.8168892,23.0738072],[91.8167873,23.073848],[91.8166516,23.0739153],[91.8164641,23.0740261],[91.8163796,23.0740916],[91.8163109,23.07415],[91.8162054,23.0742722],[91.8160079,23.0745345],[91.8159601,23.0745995],[91.8159258,23.0746734],[91.8159232,23.0747479],[91.8159397,23.0747872],[91.8159993,23.074852],[91.8160636,23.0749099],[91.8162751,23.0750946],[91.8163072,23.0751224],[91.8164424,23.0751851],[91.8166229,23.0752539],[91.8172698,23.0754997],[91.8175798,23.0754934],[91.8176225,23.0754929],[91.8176964,23.0755416],[91.8178038,23.075617],[91.8178523,23.0756785],[91.8178839,23.0757481],[91.8178956,23.0757954],[91.8179027,23.0758642],[91.8179166,23.0761373],[91.8179162,23.0762728],[91.8179012,23.0767372],[91.8178906,23.0768446],[91.8178646,23.0770238],[91.817832,23.0771706],[91.817344,23.0787724],[91.8172885,23.0789357],[91.8172234,23.0790454],[91.8171373,23.0791636],[91.8170504,23.0792265],[91.8169651,23.0792812],[91.8168357,23.0793186],[91.8167482,23.0793409],[91.8166134,23.0793719],[91.8159026,23.079659],[91.814902,23.0800652],[91.8147737,23.080179],[91.8147169,23.0802545],[91.8147002,23.0803181],[91.8146936,23.0803463],[91.8146722,23.0804372],[91.8146816,23.0804826],[91.814748,23.080576],[91.8149097,23.0806958],[91.8150122,23.0807335],[91.8152572,23.0807889],[91.8154035,23.0808211],[91.8155796,23.0808481],[91.815673,23.0808616],[91.815998,23.080859],[91.8161672,23.0808383],[91.8161972,23.0807898],[91.8162883,23.080774],[91.8163742,23.0807615],[91.8164287,23.0807608],[91.8164832,23.0807617],[91.8165149,23.0807695],[91.8165649,23.0808208],[91.8166919,23.0809736],[91.816768,23.0811254],[91.8167923,23.0812259],[91.8168133,23.0813378],[91.8169314,23.0819961],[91.8169289,23.0821279],[91.8169327,23.0822644],[91.8170907,23.082607],[91.8171106,23.0826458],[91.8171789,23.0827505],[91.8172199,23.0827858],[91.8173408,23.0828818],[91.8173887,23.0829104],[91.8174946,23.082948],[91.8175704,23.0829601],[91.8178185,23.0829861],[91.8179452,23.0829991],[91.8180982,23.0830085],[91.8182806,23.0829883],[91.8183995,23.0829526],[91.8185244,23.0828405],[91.8188149,23.0821833],[91.8189607,23.0817117],[91.8191872,23.0807708],[91.8192922,23.0802737],[91.8192897,23.0802266],[91.8192859,23.0800933],[91.8193357,23.0799009],[91.8193545,23.0798616],[91.8194044,23.0797943],[91.8194514,23.0797628],[91.819502,23.0797427],[91.8195863,23.0797384],[91.819618,23.0797461],[91.8197468,23.0797818],[91.8198088,23.0798135],[91.8198091,23.0798137],[91.819935,23.0799094],[91.8200335,23.0800333],[91.8202181,23.0802752],[91.8208797,23.0809278],[91.8214247,23.0814133],[91.8226629,23.0824328],[91.8227002,23.0824632],[91.8227854,23.0825174],[91.8230336,23.0826637],[91.8231858,23.0827302],[91.8232033,23.0827379],[91.8235358,23.0828783],[91.8235505,23.0828838],[91.8237814,23.082971],[91.8240504,23.0831025],[91.8241357,23.0831615],[91.8242463,23.0832771],[91.8243682,23.0834348],[91.8244412,23.0836127],[91.8244597,23.0836807],[91.8241875,23.0836655],[91.8220333,23.0836312],[91.8200421,23.0838094],[91.8194561,23.0840254],[91.8188312,23.0842775],[91.818245,23.084638],[91.8180099,23.0853241],[91.8177749,23.0857933],[91.8173449,23.0862624],[91.8170713,23.0864426],[91.8167978,23.0865868],[91.8157435,23.08673],[91.8155873,23.0867298],[91.8153142,23.0866211],[91.8152752,23.0865488],[91.8151582,23.0865487],[91.8148848,23.0865483],[91.8148068,23.0865483],[91.8146896,23.0865843],[91.8140644,23.0869808],[91.813517,23.0874858],[91.812305,23.0887123],[91.8122657,23.088893],[91.8121483,23.0890373],[91.8120702,23.0891094],[91.8117967,23.0892175],[91.8108204,23.0893968],[91.8101171,23.0897933],[91.8096087,23.0903344],[91.8095687,23.0910568],[91.809176,23.0926455],[91.8090585,23.0928621],[91.8088239,23.0931147],[91.808472,23.0934392],[91.8081593,23.0937278],[91.8079638,23.0939082],[91.8077679,23.0943414],[91.8075327,23.0949913],[91.8072192,23.0957133],[91.8070237,23.096002],[91.8067891,23.0961822],[91.8065547,23.0962542],[91.8063204,23.09629],[91.8060081,23.0962535],[91.8055007,23.0961806],[91.8052665,23.0961081],[91.804564,23.0958904],[91.8040568,23.0956369],[91.8036667,23.0954559],[91.8033935,23.0953833],[91.8028076,23.095527],[91.8024951,23.0956349],[91.8020653,23.095815],[91.8015574,23.0960672],[91.80144,23.0962115],[91.8010092,23.0971139],[91.8009699,23.0972945],[91.8009695,23.0974751],[91.8010862,23.0978003],[91.8012808,23.098234],[91.8013584,23.0985231],[91.8013971,23.0987398],[91.8013187,23.0989565],[91.801123,23.0992452],[91.8008884,23.0995338],[91.8005365,23.0998584],[91.8002236,23.1002192],[91.8001062,23.1003636],[91.8000279,23.1005079],[91.7999886,23.1006162],[91.7999493,23.1007967],[91.7999879,23.1011219],[91.8001046,23.1013748],[91.8001821,23.1017723],[91.8001038,23.1019528],[91.8000255,23.102061],[91.799361,23.1025658],[91.7987348,23.1035402],[91.7987727,23.1042626],[91.798225,23.1049482],[91.7979894,23.1057786],[91.7979891,23.1059593],[91.798028,23.1061038],[91.7981446,23.1063929],[91.7983006,23.1065375],[91.7983393,23.1067543],[91.798378,23.1070433],[91.7983778,23.1071878],[91.7982995,23.1072961],[91.798104,23.1074403],[91.7974789,23.1076562],[91.7968539,23.1078359],[91.7960724,23.10816],[91.7957988,23.1083402],[91.7956033,23.1085206],[91.795564,23.108665],[91.7956029,23.1087734],[91.7957197,23.1089541],[91.7957977,23.1090626],[91.7960317,23.1092435],[91.7964217,23.109533],[91.7966555,23.1098223],[91.7967334,23.1100391],[91.7966158,23.1102917],[91.7963742,23.1107184],[91.7957058,23.1111544],[91.795016,23.1116181],[91.7947024,23.1118385],[91.7944515,23.1121168],[91.7943385,23.1125114],[91.7943063,23.1131334],[91.794231,23.1133538],[91.794068,23.1134698],[91.7939426,23.1135161],[91.7937545,23.1135392],[91.7935791,23.113516],[91.7934537,23.1134927],[91.7933159,23.1134345],[91.793178,23.1133184],[91.7929274,23.1130746],[91.7926142,23.1128888],[91.7921127,23.1128304],[91.7918687,23.112868],[91.7917182,23.1129144],[91.7914673,23.1131928],[91.791467,23.1134713],[91.7913165,23.1137035],[91.7909651,23.1141676],[91.7905702,23.1146545],[91.7897638,23.1153553],[91.7893798,23.1158868],[91.789062,23.1164682],[91.789006,23.1177452],[91.7891412,23.118118],[91.7892764,23.1183356],[91.7893311,23.1190318],[91.7893033,23.1192872],[91.7891652,23.119568],[91.7884473,23.1209978],[91.7882262,23.1214573],[91.7873982,23.1224529],[91.7865708,23.1226312],[91.7862672,23.1228098],[91.7860739,23.1231928],[91.7858805,23.1236778],[91.7857422,23.1243674],[91.7856591,23.1248015],[91.7859893,23.1259254],[91.7860993,23.1262831],[91.7860991,23.1266151],[91.7859331,23.1274066],[91.7856384,23.1279781],[91.7846093,23.1287962],[91.7843061,23.128515],[91.7838999,23.1285844],[91.7832304,23.1287953],[91.7828516,23.1289158],[91.7820166,23.1289733],[91.7812446,23.128743],[91.7809138,23.128513],[91.780672,23.1280669],[91.780749,23.127619],[91.7812737,23.1267254],[91.7816051,23.1260361],[91.7817711,23.1252189],[91.7817735,23.124192],[91.7821049,23.1236303],[91.7824366,23.1225068],[91.7824922,23.1219194],[91.7829064,23.1213067],[91.7832376,23.1209239],[91.7836516,23.1204133],[91.7837622,23.1201069],[91.7836796,23.1198515],[91.7835142,23.1196981],[91.7832108,23.119698],[91.7828522,23.119902],[91.7825487,23.1200807],[91.7822728,23.1202593],[91.7819419,23.120208],[91.781749,23.119978],[91.7810052,23.1188538],[91.7808951,23.1185472],[91.7807303,23.1177043],[91.7805651,23.1174234],[91.7804549,23.1173211],[91.7801593,23.1171676],[91.7801606,23.1173845],[91.7801036,23.117616],[91.7799557,23.117879],[91.7797054,23.1183209],[91.7794893,23.1186575],[91.7793415,23.1187941],[91.7791596,23.1188362],[91.7789779,23.1187939],[91.7787053,23.1186254],[91.778501,23.1184674],[91.7781716,23.1182883],[91.7778081,23.118246],[91.7775354,23.1182669],[91.7774109,23.1183308],[91.7772739,23.1184771],[91.7772739,23.1185614],[91.7773646,23.1186667],[91.7774668,23.1188561],[91.7775575,23.1190982],[91.77758,23.1193297],[91.7775572,23.1195556],[91.7774548,23.1197766],[91.7773525,23.1198922],[91.7772046,23.120029],[91.7770455,23.1201025],[91.7768751,23.1201129],[91.7767047,23.1200496],[91.7765911,23.1199654],[91.7764889,23.1199022],[91.7762959,23.1198073],[91.7760573,23.1197861],[91.7758868,23.119786],[91.7757163,23.1198491],[91.7755572,23.1199753],[91.7754548,23.120154],[91.7753637,23.120417],[91.775318,23.1207538],[91.7752837,23.1210695],[91.775363,23.1213747],[91.7755105,23.1216484],[91.7755899,23.1217748],[91.7755811,23.1220304],[91.775456,23.1221881],[91.7753196,23.1222616],[91.7750241,23.1223351],[91.7747287,23.1223665],[91.7743083,23.1223768],[91.7738652,23.1223764],[91.7737685,23.1223695],[91.773422,23.1223446],[91.7731266,23.1223759],[91.7728312,23.1224494],[91.7726379,23.122565],[91.7725583,23.1226808],[91.7725582,23.122807],[91.7726263,23.1229439],[91.7728192,23.1231756],[91.7731555,23.123582],[91.7736662,23.124319],[91.7738137,23.1246138],[91.7738249,23.1248558],[91.7738245,23.125182],[91.7738444,23.1256923],[91.7739919,23.1259345],[91.7743325,23.1262714],[91.7747298,23.1266611],[91.7748999,23.1271033],[91.7750019,23.1275769],[91.7750595,23.1280758],[91.7750025,23.1283178],[91.7748772,23.1285493],[91.7747294,23.1287176],[91.774593,23.1287911],[91.7742635,23.1288119],[91.7739226,23.1288328],[91.7733204,23.1288113],[91.7730135,23.1288531],[91.7727181,23.1290108],[91.7725247,23.1292001],[91.7723882,23.1294631],[91.7723084,23.1297051],[91.7722181,23.1300482],[91.7722293,23.1303113],[91.7723199,23.1305428],[91.7725016,23.1307218],[91.7727288,23.1308062],[91.772956,23.1308485],[91.7731832,23.1309328],[91.7733649,23.1311329],[91.7736146,23.1314803],[91.7737393,23.1317751],[91.7737299,23.1321064],[91.7736502,23.1322537],[91.7735364,23.1323589],[91.773366,23.1324324],[91.7731955,23.1324744],[91.7730024,23.1324952],[91.7728319,23.1324741],[91.772616,23.1324213],[91.7723662,23.1322739],[91.7720709,23.1320737],[91.7716848,23.1319051],[91.7714234,23.1318312],[91.7712303,23.1318416],[91.7710484,23.1319046],[91.7708892,23.1320519],[91.7708323,23.1321886],[91.7707639,23.1323674],[91.7707525,23.1325779],[91.7707978,23.1327253],[91.7704563,23.1334301],[91.7697631,23.1335138],[91.7691721,23.1336397],[91.768797,23.1338288],[91.7678873,23.1347121],[91.767566,23.135724],[91.7675999,23.1359977],[91.7675656,23.1362712],[91.7674745,23.1364711],[91.7673038,23.1367972],[91.7671332,23.1369865],[91.7669399,23.1371021],[91.7666785,23.1371861],[91.7664285,23.1371964],[91.7661785,23.1371542],[91.7659514,23.1370488],[91.7656561,23.1368592],[91.7651904,23.1365852],[91.7648384,23.1364376],[91.7645201,23.1365005],[91.7643268,23.1366056],[91.7642017,23.1367529],[91.7640652,23.1369316],[91.7640082,23.1371],[91.7639741,23.1372367],[91.7639625,23.1374577],[91.7639921,23.1375191],[91.7638647,23.1377466],[91.7636388,23.1380249],[91.7634254,23.1382452],[91.7632247,23.1383959],[91.7629989,23.1385466],[91.7628264,23.1385946],[91.7626729,23.1385812],[91.76256,23.1385463],[91.7624221,23.1384998],[91.7622968,23.1384185],[91.7613157,23.138295],[91.760711,23.1392179],[91.7593667,23.1393486],[91.7576232,23.1403128],[91.7571279,23.1415592],[91.7568648,23.1441893],[91.7582046,23.1438131],[91.7588035,23.1425629],[91.7604614,23.1425845],[91.7628915,23.1451988],[91.7647199,23.1488995],[91.7686882,23.1506386],[91.7714522,23.1502214],[91.7736969,23.148338],[91.7786331,23.1463938],[91.7830294,23.1452306],[91.7875796,23.1465203],[91.790928,23.1469363],[91.7912128,23.1485652],[91.7899897,23.1522778],[91.7882402,23.1566574],[91.7841252,23.1613359],[91.7808764,23.1662404],[91.7801457,23.1727587],[91.7804474,23.1773378],[91.775142,23.1796005],[91.7752591,23.1803332],[91.778457,23.1861448],[91.7778706,23.1893517],[91.773127,23.1935667],[91.7705753,23.195707],[91.767399,23.1977061],[91.768101,23.2021031],[91.7681652,23.2056223],[91.767476,23.207613],[91.765961,23.2097974],[91.7609423,23.2130918],[91.7595274,23.214826],[91.7590229,23.2155814],[91.7589772,23.218777],[91.7585366,23.2230517],[91.7576697,23.2266866],[91.7546529,23.2307525],[91.7573929,23.233597],[91.7598332,23.2369156],[91.7578979,23.2381607],[91.7567956,23.2402613],[91.7572506,23.242347],[91.7562426,23.2435282],[91.7554136,23.243354],[91.7553023,23.2429525],[91.7542427,23.2415757],[91.7524749,23.2409058],[91.7504734,23.2439877],[91.7496654,23.2499672],[91.7466952,23.2558024],[91.7433235,23.263195],[91.7425862,23.2629171],[91.741176,23.262704],[91.7410329,23.2631552],[91.7401601,23.2643365],[91.7394551,23.265412],[91.7385671,23.2666458],[91.7381053,23.2671562],[91.737848,23.2674642],[91.7376902,23.2681501],[91.7377673,23.2686921],[91.7383529,23.2690903],[91.7388997,23.2693802],[91.7392897,23.2698504],[91.7394839,23.2705009],[91.7389746,23.2709695],[91.7385047,23.271366],[91.7377601,23.2722677],[91.7373668,23.2734951],[91.7365826,23.2745773],[91.7349775,23.2756581],[91.7331389,23.2761606],[91.7331365,23.2773886],[91.7330569,23.2780747],[91.7317657,23.278542],[91.7302382,23.2798757],[91.7291869,23.279722],[91.7289875,23.2796929],[91.7284363,23.2814979],[91.7287747,23.2823721],[91.7291486,23.2832269],[91.7293291,23.2846417],[91.7299918,23.2856181],[91.7299108,23.2869544],[91.729714,23.287568],[91.729244,23.2880006],[91.7286177,23.2882884],[91.7285384,23.2888661],[91.729239,23.2903844],[91.7293158,23.2911069],[91.728785,23.2918661],[91.7277474,23.293199],[91.7273934,23.2942097],[91.7273136,23.2949681],[91.7275079,23.2955462],[91.727937,23.2960527],[91.728562,23.2963427],[91.7285035,23.2969772],[91.7282842,23.2983287],[91.7289074,23.2994857],[91.728906,23.3001744],[91.7289051,23.3006053],[91.7290601,23.3012918],[91.72984,23.3023767],[91.7294476,23.30299],[91.7288212,23.3033501],[91.728156,23.3035656],[91.7283503,23.30418],[91.729091,23.3052648],[91.7283836,23.3069612],[91.7285778,23.3076117],[91.7290461,23.308082],[91.7297506,23.3077943],[91.7300893,23.3075732],[91.7309645,23.3070019],[91.7316685,23.3069669],[91.7321369,23.3074012],[91.7327574,23.3098945],[91.7324015,23.3118081],[91.7327914,23.3124228],[91.7327118,23.3131089],[91.732826,23.314626],[91.735602,23.3149559],[91.7352069,23.3169778],[91.7347739,23.3183496],[91.733522,23.3184919],[91.7328955,23.3188881],[91.732816,23.3195381],[91.7334787,23.3205866],[91.7336338,23.3212371],[91.7335934,23.3218871],[91.7328862,23.3234751],[91.7323765,23.3240882],[91.7318684,23.3239428],[91.7304613,23.3234708],[91.7300301,23.3239758],[91.7296363,23.3252392],[91.7289322,23.3253463],[91.7283461,23.3250202],[91.7275266,23.3241519],[91.7274497,23.3235378],[91.7276087,23.32231],[91.7280018,23.3213356],[91.7281228,23.3195659],[91.7273409,23.3194201],[91.7266364,23.3196717],[91.7255787,23.3205366],[91.7250692,23.3210413],[91.7233073,23.3219773],[91.7226033,23.321976],[91.7222132,23.3215419],[91.7216663,23.3212158],[91.7211965,23.3214678],[91.7209997,23.3220092],[91.7206074,23.3225864],[91.7200978,23.3231273],[91.7208387,23.324176],[91.7214217,23.3258746],[91.720131,23.3259445],[91.7190194,23.3259645],[91.7180578,23.3260852],[91.7180563,23.3267353],[91.7181677,23.3271763],[91.7182101,23.3279637],[91.7177016,23.3279988],[91.7172327,23.3278174],[91.7164499,23.3280326],[91.7149996,23.3295469],[91.7155054,23.3307397],[91.7155429,23.3314622],[91.7151509,23.3318587],[91.7145638,23.3321105],[91.7137425,23.3320729],[91.7130391,23.3317826],[91.7113975,23.3312738],[91.7104966,23.33185],[91.7105343,23.3324641],[91.7110418,23.3329346],[91.7110014,23.3335124],[91.7101387,23.3345221],[91.7093931,23.3356042],[91.7091165,23.3368678],[91.7080975,23.3377689],[91.7072671,23.3390409],[91.7070378,23.3393921],[91.7057439,23.3407622],[91.7047644,23.3414826],[91.7033164,23.341841],[91.7026902,23.3419482],[91.7031585,23.3424548],[91.704252,23.3432153],[91.7045631,23.3440105],[91.7039742,23.3449846],[91.7044422,23.3455995],[91.7040497,23.3462127],[91.7033042,23.3469308],[91.7032264,23.3470057],[91.7026778,23.347402],[91.702052,23.3474008],[91.701466,23.3470746],[91.7001759,23.3467109],[91.6988478,23.3459137],[91.6972812,23.3467413],[91.6969668,23.3473908],[91.6971991,23.3484388],[91.6980163,23.3502824],[91.6978975,23.3508961],[91.69817,23.3514745],[91.6990675,23.3524515],[91.6998107,23.352489],[91.7003966,23.3528514],[91.7003938,23.3541155],[91.7007449,23.3545135],[91.7010563,23.3551642],[91.7011332,23.3557783],[91.7007798,23.3563556],[91.7008566,23.3569697],[91.701639,23.3570074],[91.7023033,23.3572975],[91.7038262,23.3585646],[91.7040988,23.359107],[91.704019,23.3597931],[91.7035486,23.3602256],[91.7028441,23.3603325],[91.7022568,23.3605842],[91.7018251,23.3611613],[91.7020585,23.3617396],[91.7016238,23.363653],[91.7015037,23.3648808],[91.7009941,23.3652771],[91.6997019,23.3657802],[91.6991149,23.3658874],[91.6984771,23.3658273],[91.697628,23.3659929],[91.697353,23.366498],[91.6973516,23.3670781],[91.6973093,23.3684482],[91.6970732,23.3690618],[91.696408,23.3690966],[91.6961541,23.3690081],[91.6957825,23.3688787],[91.6950786,23.3687328],[91.6945303,23.3689846],[91.6936673,23.369958],[91.6936648,23.3710416],[91.693273,23.3712575],[91.6920602,23.371255],[91.6897487,23.3725868],[91.6893171,23.3730915],[91.6890418,23.373705],[91.6886102,23.3742098],[91.687946,23.3738472],[91.6877518,23.3731967],[91.6881443,23.3726918],[91.6883412,23.3721505],[91.6883039,23.3713919],[91.6880705,23.3708497],[91.6873673,23.3703787],[91.6849043,23.3696153],[91.6830255,23.3700087],[91.6824784,23.3697186],[91.6818125,23.3700423],[91.6812637,23.3705107],[91.6805205,23.3704369],[91.6802472,23.3701835],[91.6798949,23.3702912],[91.6795791,23.3714462],[91.6792649,23.371879],[91.6787555,23.3722391],[91.6780515,23.3721654],[91.6778181,23.371587],[91.6777807,23.3709007],[91.6775865,23.3703224],[91.6772359,23.3697077],[91.6766893,23.3692009],[91.6761425,23.3688385],[91.6756447,23.3678929],[91.6752859,23.3672114],[91.6747391,23.366813],[91.6739572,23.3665946],[91.6712565,23.3670945],[91.6693388,23.3673433],[91.6680089,23.367232],[91.6667184,23.3670126],[91.6662498,23.3666864],[91.6649994,23.3660698],[91.6643344,23.3660322],[91.6638266,23.365706],[91.6632428,23.364549],[91.6621102,23.363788],[91.6616029,23.3632451],[91.6609773,23.3631354],[91.6602337,23.3632421],[91.6598855,23.3617244],[91.6588704,23.3609637],[91.658167,23.360637],[91.6567975,23.3607423],[91.6555855,23.3604507],[91.6553127,23.3600528],[91.6550408,23.3592937],[91.6544947,23.3587146],[91.654063,23.3592193],[91.6539831,23.3598331],[91.6532795,23.3596509],[91.65199,23.3590701],[91.6515954,23.3603334],[91.6517112,23.3609477],[91.6513166,23.3622109],[91.6512727,23.3640167],[91.6508392,23.3651715],[91.6507593,23.3658214],[91.6496445,23.3670048],[91.6489937,23.3676955],[91.6483283,23.3678385],[91.6477029,23.3676204],[91.6469989,23.3675465],[91.6464892,23.3679426],[91.6453895,23.3695293],[91.6454504,23.3703516],[91.6449609,23.372393],[91.6446344,23.3738617],[91.644391,23.3755934],[91.644391,23.3770755],[91.6445049,23.37834],[91.6449715,23.3794245],[91.6440299,23.3803614],[91.6432446,23.3813709],[91.6434383,23.3820937],[91.6430454,23.3826707],[91.6432096,23.3844733],[91.6432682,23.3871137],[91.642756,23.3883766],[91.6430266,23.3895691],[91.642515,23.3906515],[91.6419661,23.3910475],[91.6415341,23.3916244],[91.6412572,23.3927434],[91.6409815,23.3933567],[91.6403548,23.3936081],[91.6388692,23.3931351],[91.6382051,23.3927001],[91.6367214,23.3915047],[91.6361353,23.3912144],[91.6354698,23.3913212],[91.6348431,23.3915364],[91.634217,23.3915349],[91.6335915,23.3913529],[91.6329256,23.391568],[91.63214,23.3926135],[91.6327631,23.3936985],[91.632331,23.3943115],[91.6318604,23.3946715],[91.6316238,23.3953211],[91.6317787,23.3958993],[91.6317342,23.3977773],[91.6311835,23.3988235],[91.6314758,23.3994211],[91.6317671,23.4000167],[91.6308625,23.4016398],[91.6308841,23.4019945],[91.6309207,23.4033601],[91.6308946,23.404132],[91.6310107,23.404638],[91.6315178,23.4051809],[91.6315162,23.4057588],[91.6311624,23.4063359],[91.6299895,23.4059357],[91.6282616,23.4080264],[91.6291406,23.4089693],[91.6295101,23.4093657],[91.629939,23.4099447],[91.6300153,23.4106311],[91.6305234,23.4108851],[91.6309853,23.4108862],[91.6313061,23.410887],[91.6318551,23.410491],[91.6320882,23.4111056],[91.6317738,23.4116105],[91.6311856,23.4119702],[91.6309092,23.4128725],[91.6321155,23.4153314],[91.6323862,23.4164878],[91.6321108,23.4169928],[91.6307369,23.4184703],[91.6308116,23.4197346],[91.6304187,23.4202754],[91.629477,23.4211038],[91.6287691,23.4222941],[91.6287799,23.4228692],[91.6288031,23.4241],[91.6284888,23.4245326],[91.627588,23.4247472],[91.6261788,23.4247799],[91.6254728,23.4253199],[91.6252805,23.4240915],[91.6237969,23.4228237],[91.6225853,23.4222068],[91.6212556,23.4218784],[91.6198902,23.420322],[91.6195023,23.4191292],[91.6173495,23.4191961],[91.6173513,23.418546],[91.6172358,23.4179317],[91.6166108,23.4174968],[91.616536,23.4163047],[91.6164201,23.4157988],[91.6151279,23.4160122],[91.6146198,23.4157943],[91.6150127,23.4152535],[91.6149366,23.4145309],[91.6145858,23.4140244],[91.6139199,23.4142394],[91.6133731,23.4138408],[91.6123994,23.4122492],[91.612401,23.4117074],[91.6128326,23.4113473],[91.6134593,23.4111683],[91.6122108,23.409865],[91.6118211,23.4092861],[91.6100232,23.408487],[91.6093188,23.4084851],[91.6088092,23.4087728],[91.6078669,23.4097817],[91.6071236,23.4097075],[91.6063417,23.4094166],[91.605677,23.4092343],[91.6048937,23.4094129],[91.6039549,23.4092661],[91.6035262,23.4086871],[91.6025889,23.4080346],[91.6023173,23.4072754],[91.6017312,23.4069489],[91.6003854,23.4069098],[91.6003616,23.4069091],[91.5999325,23.4064746],[91.5992682,23.4061479],[91.5985253,23.4059292],[91.5979415,23.4048803],[91.597434,23.4044456],[91.5957153,23.4034298],[91.5951295,23.4030309],[91.5952117,23.401767],[91.5934538,23.4007511],[91.5923659,23.3982561],[91.5904856,23.3988651],[91.5895046,23.3996933],[91.5888,23.3997997],[91.5878947,23.4014587],[91.5868722,23.4030813],[91.5863599,23.4041996],[91.5859282,23.4045595],[91.5851836,23.4049187],[91.5838144,23.4047345],[91.5825627,23.4045505],[91.5811531,23.4048356],[91.5807609,23.4050874],[91.5807175,23.4064236],[91.5800905,23.4066747],[91.5792691,23.4065642],[91.5785264,23.4062732],[91.5784459,23.4069592],[91.5786767,23.4082239],[91.5794143,23.4100679],[91.5789023,23.4110778],[91.5781191,23.4112201],[91.577998,23.4124117],[91.5772932,23.4124819],[91.5768218,23.4130224],[91.5768199,23.4136364],[91.5778739,23.41447],[91.5782246,23.4149405],[91.5770829,23.4170322],[91.5764561,23.4172471],[91.5760244,23.417571],[91.5769605,23.4185849],[91.5774286,23.4190557],[91.577388,23.4195251],[91.5767231,23.4193788],[91.5755901,23.4187617],[91.5744544,23.4189753],[91.5745308,23.4195533],[91.5740581,23.4204911],[91.573665,23.4210318],[91.5725282,23.4215704],[91.5729529,23.4233414],[91.571738,23.4238436],[91.5705264,23.4232985],[91.5697045,23.4232962],[91.5690018,23.4227524],[91.5689861,23.4227524],[91.5683364,23.4227506],[91.5672385,23.4233615],[91.5659104,23.4225632],[91.5652842,23.4225614],[91.5643018,23.4237144],[91.5635915,23.4254821],[91.5629269,23.4252275],[91.5610093,23.4251498],[91.5602266,23.4251114],[91.5595236,23.4246399],[91.5586989,23.4255043]]]}},{"type":"Feature","id":"in-tripura-d-655","properties":{"id":"in-tripura-d-655","name":"Unakoti","region":"in-tripura","level":"district","parent":"","source":"LGD via Bharatlas · 2024 snapshot","state_lgd":16,"district_lgd":655,"center":[92.0432802664004,24.201118993128333],"bbox":[91.9027029,24.0100426,92.2034075,24.3937077]},"geometry":{"type":"Polygon","coordinates":[[[91.9975143,24.3923218],[91.9974518,24.3923646],[91.9973893,24.3924075],[91.9973614,24.3924441],[91.9973571,24.3926555],[91.9973257,24.3930497],[91.9973204,24.393112],[91.997249,24.3932824],[91.9971561,24.3933981],[91.996969,24.3935556],[91.9967369,24.3936674],[91.9966507,24.3937077],[91.9965587,24.3936916],[91.9964397,24.3936672],[91.9963661,24.3936118],[91.9963437,24.3935933],[91.9962787,24.39349],[91.9962634,24.3934265],[91.9962639,24.3932644],[91.9962828,24.3928834],[91.9962816,24.3926184],[91.9962772,24.3925447],[91.9961733,24.3923854],[91.9960907,24.3922664],[91.9959028,24.3920881],[91.9958007,24.3920287],[91.9957193,24.3919836],[91.9956654,24.3919771],[91.9955048,24.3920141],[91.9952552,24.392116],[91.9951406,24.3921639],[91.9950937,24.392195],[91.9949963,24.3922325],[91.9948618,24.3922214],[91.9947977,24.3921731],[91.9947735,24.3921415],[91.9947963,24.3920877],[91.9948441,24.3920175],[91.9954153,24.3915741],[91.9957163,24.3913913],[91.995944,24.3912866],[91.9959945,24.3912211],[91.9960875,24.3910622],[91.9961588,24.390865],[91.9962003,24.3907209],[91.9962309,24.3906048],[91.9960837,24.3899205],[91.9959547,24.3895177],[91.9956407,24.3886903],[91.9955559,24.3885392],[91.9954872,24.3884316],[91.9953625,24.3882915],[91.9950072,24.388081],[91.9947484,24.3880426],[91.9936396,24.3881667],[91.9934077,24.3883643],[91.9932308,24.3887626],[91.9927392,24.3894384],[91.9920429,24.389998],[91.9917694,24.3901051],[91.9904695,24.3905873],[91.9903463,24.3905365],[91.9898719,24.3902927],[91.9896229,24.3901508],[91.9895811,24.3898257],[91.9896437,24.3897898],[91.9897296,24.3897868],[91.9900718,24.3897821],[91.9902496,24.3897796],[91.9903222,24.3897733],[91.9908796,24.3897183],[91.9909406,24.3897104],[91.9912449,24.3896098],[91.991511,24.3895151],[91.9918962,24.389226],[91.9919698,24.3891654],[91.9919922,24.3891353],[91.9920327,24.3890402],[91.9920727,24.3889171],[91.9921192,24.3887238],[91.9921746,24.3882607],[91.9921787,24.3880488],[91.9920954,24.3876349],[91.9920357,24.3874974],[91.9918695,24.38716],[91.9918441,24.3871288],[91.9917352,24.3870165],[91.9914067,24.3866936],[91.9911574,24.3865343],[91.9909178,24.3863853],[91.990686,24.3862432],[91.9903306,24.3860292],[91.99023,24.3859571],[91.9899471,24.3857334],[91.9896018,24.3854317],[91.9893979,24.3852437],[91.9889394,24.3848071],[91.9886427,24.3844382],[91.9884627,24.3841973],[91.9883336,24.3840187],[91.9881419,24.3836431],[91.9880963,24.3835457],[91.9880156,24.3830618],[91.987943,24.3826075],[91.9879274,24.3824711],[91.9879205,24.3824012],[91.9880562,24.3817076],[91.9881022,24.3814845],[91.988134,24.38133],[91.988187,24.3810648],[91.9882223,24.3807701],[91.9883334,24.3796321],[91.988342,24.3794604],[91.988347,24.3793044],[91.9883319,24.3790822],[91.9882791,24.3789637],[91.9880067,24.3784731],[91.9877133,24.3781918],[91.9870108,24.3777906],[91.985787,24.3768907],[91.985158,24.3766579],[91.9847521,24.3766026],[91.9838318,24.3769674],[91.9835516,24.3772319],[91.9834126,24.3774907],[91.9833255,24.3777544],[91.983286,24.3778767],[91.9832081,24.3781879],[91.9831959,24.378327],[91.9831373,24.3786612],[91.98312,24.3787599],[91.9829374,24.3793997],[91.9829093,24.3794886],[91.9828012,24.3798297],[91.9827357,24.3800151],[91.9826497,24.3802123],[91.9824133,24.3804876],[91.9817096,24.3810148],[91.9811831,24.3812067],[91.980871,24.3813004],[91.9805113,24.3814006],[91.9801364,24.3814685],[91.9799808,24.3814802],[91.9788507,24.3815948],[91.9779056,24.3817202],[91.9777586,24.3817469],[91.9768932,24.3819187],[91.9762296,24.3821087],[91.9759838,24.3821939],[91.9758002,24.3822706],[91.9754688,24.3824521],[91.9752386,24.3825999],[91.9748634,24.3828943],[91.9742557,24.3834525],[91.9736233,24.3840244],[91.9734017,24.3841929],[91.9727699,24.3845479],[91.9724951,24.3846392],[91.972193,24.3847081],[91.9719943,24.3847508],[91.971849,24.3847585],[91.9715001,24.3847633],[91.9713169,24.3847354],[91.9710584,24.384695],[91.9709149,24.3846725],[91.9707606,24.3846309],[91.9704534,24.384521],[91.9702952,24.3844019],[91.9702746,24.3843865],[91.9701316,24.3842781],[91.9699205,24.3840698],[91.9696455,24.3837712],[91.968536,24.3825796],[91.9681234,24.382158],[91.9675152,24.3814494],[91.9673331,24.3811967],[91.9672052,24.3809894],[91.9671307,24.3808242],[91.9671006,24.3807573],[91.9669754,24.3803544],[91.9669253,24.3800157],[91.9669151,24.3797738],[91.9669244,24.3796749],[91.9669802,24.3793744],[91.9671136,24.3790723],[91.9671844,24.3789153],[91.9676691,24.3786835],[91.9679077,24.3786987],[91.9679685,24.3787047],[91.9683596,24.3788017],[91.9684477,24.3788511],[91.9686499,24.3789809],[91.968763,24.3790593],[91.9691469,24.3793055],[91.9699133,24.3797657],[91.9700572,24.3798436],[91.9706263,24.38002],[91.9707095,24.3800306],[91.9708735,24.3800332],[91.9710766,24.3800255],[91.971188,24.3800045],[91.9713913,24.3799402],[91.9716694,24.3798311],[91.9717518,24.3797929],[91.9720885,24.3796226],[91.9722647,24.3795314],[91.9723032,24.3794783],[91.9725171,24.3791575],[91.9725657,24.3790662],[91.9726655,24.3788582],[91.9727987,24.3785493],[91.9728086,24.3785043],[91.9728569,24.3782063],[91.9728779,24.3780579],[91.9728813,24.3779408],[91.972882,24.3775996],[91.9728451,24.3774228],[91.9727962,24.3772333],[91.9727341,24.3770188],[91.972595,24.376779],[91.972524,24.3766669],[91.9720142,24.3760832],[91.9717217,24.3758357],[91.9715469,24.375691],[91.9714056,24.3755779],[91.9708516,24.3752161],[91.9707022,24.3751265],[91.9703845,24.3749623],[91.9701627,24.3748747],[91.9701369,24.3748564],[91.9700777,24.3748145],[91.97,24.3747541],[91.9699934,24.3747367],[91.9700208,24.3746554],[91.9700677,24.3745551],[91.9701462,24.3743875],[91.9702025,24.3743195],[91.9722952,24.3729249],[91.9726137,24.372749],[91.9729674,24.3723853],[91.9730423,24.372282],[91.9732614,24.3719485],[91.9736342,24.3713273],[91.9736497,24.3712335],[91.9736481,24.371137],[91.9736574,24.3709867],[91.9736642,24.3708872],[91.9736999,24.3707922],[91.9737587,24.3707455],[91.9738397,24.3706889],[91.9739851,24.3705962],[91.9740843,24.3705451],[91.9744028,24.370569],[91.9745479,24.3705894],[91.9746816,24.3706285],[91.9747383,24.3706462],[91.9755638,24.3711465],[91.9758781,24.3713595],[91.9760342,24.3714685],[91.9761657,24.3715681],[91.9764032,24.3717734],[91.9765706,24.3719212],[91.9766301,24.3719837],[91.9767173,24.3721092],[91.9768211,24.3722686],[91.9769063,24.3724039],[91.9769811,24.372551],[91.9774878,24.3723358],[91.9772794,24.3716522],[91.9777773,24.3711557],[91.9784547,24.370498],[91.9785373,24.3704353],[91.9786265,24.370322],[91.9787973,24.3700885],[91.9789279,24.3697666],[91.9789652,24.3695842],[91.9789613,24.3695282],[91.9783629,24.367608],[91.978312,24.3674804],[91.9782638,24.3672594],[91.9782239,24.3670305],[91.9782302,24.3669002],[91.9782932,24.3667263],[91.9783969,24.366579],[91.9785443,24.3663844],[91.9786026,24.3663156],[91.9787069,24.3661994],[91.979058,24.3658679],[91.9791803,24.3658176],[91.9792414,24.3657954],[91.979309,24.365775],[91.9793893,24.3657544],[91.9795186,24.365741],[91.9795913,24.3657749],[91.9797428,24.3658214],[91.980056,24.3652513],[91.9800741,24.3651927],[91.9801756,24.3646546],[91.980208,24.3644287],[91.9802091,24.3643684],[91.9802076,24.3642809],[91.980196,24.3642169],[91.9803973,24.3636833],[91.9809669,24.3632145],[91.9820164,24.3623775],[91.98277,24.3622523],[91.9833221,24.3621396],[91.9838541,24.3618367],[91.9844096,24.3612904],[91.9844597,24.3612411],[91.9845589,24.3610763],[91.9846223,24.3609335],[91.9846465,24.3608574],[91.9846451,24.3607699],[91.9846038,24.3598158],[91.984588,24.3597577],[91.9845226,24.3596575],[91.9843584,24.3594828],[91.9843372,24.3594812],[91.9836317,24.3594307],[91.982416,24.3591399],[91.9819928,24.3590387],[91.9819034,24.3590197],[91.9818315,24.3590176],[91.9816824,24.3591002],[91.9815324,24.359201],[91.9814998,24.3592587],[91.9811739,24.3598562],[91.9801163,24.3601127],[91.9796449,24.3601001],[91.9793327,24.3595656],[91.9790502,24.3585874],[91.9786656,24.3578078],[91.9785205,24.3577843],[91.9783388,24.3577211],[91.9782397,24.357679],[91.9781658,24.3576185],[91.9781101,24.3575408],[91.9781009,24.3574773],[91.9781203,24.3573911],[91.9781542,24.3573386],[91.9783701,24.3570917],[91.9785229,24.3569517],[91.9786009,24.356906],[91.9787329,24.3568342],[91.9788007,24.3568036],[91.9788399,24.3567935],[91.9795749,24.3562222],[91.9795701,24.3562084],[91.9795743,24.3561129],[91.9795827,24.3560598],[91.9799831,24.3555578],[91.9801377,24.3553881],[91.9802507,24.3552857],[91.9803708,24.3551971],[91.9804635,24.3551343],[91.9805566,24.3550916],[91.9806244,24.3550631],[91.9806871,24.3550697],[91.9807662,24.3550951],[91.9809553,24.355189],[91.9818648,24.3543108],[91.9824739,24.3530603],[91.9828639,24.3522806],[91.9831697,24.3520101],[91.9853047,24.3503331],[91.9860094,24.3498205],[91.9863151,24.349339],[91.9863327,24.3487225],[91.9872685,24.3480433],[91.9874319,24.347919],[91.9876232,24.3476533],[91.9884434,24.3464964],[91.9887877,24.3453096],[91.9892901,24.3436236],[91.9898108,24.3435805],[91.9919728,24.3433879],[91.992128,24.3433735],[91.992279,24.3431789],[91.9925579,24.3427878],[91.9929328,24.3422596],[91.9929496,24.3421025],[91.9930133,24.3410402],[91.99305,24.3404011],[91.9930953,24.3398353],[91.9940043,24.3398081],[91.9956619,24.3390806],[91.9959531,24.3386304],[91.9961046,24.3383924],[91.9963506,24.3379984],[91.9963819,24.3376887],[91.9967929,24.3367773],[91.9972426,24.3362214],[91.997867,24.3347785],[91.9983432,24.3340631],[91.9983447,24.3335713],[91.9983272,24.3317959],[91.9983238,24.3317403],[91.9981182,24.3317154],[91.99608,24.3315292],[91.9950889,24.3314418],[91.9950125,24.331427],[91.9949801,24.3308533],[91.9949883,24.3303588],[91.9950123,24.3301176],[91.9951074,24.3292008],[91.995373,24.3283025],[91.9958115,24.3268853],[91.9964187,24.3265987],[91.9964579,24.3263609],[91.9962325,24.3245737],[91.9960659,24.3242503],[91.9959386,24.3230865],[91.9959481,24.3225908],[91.9959506,24.3220545],[91.9956676,24.3220619],[91.9956058,24.3220644],[91.9950105,24.3220886],[91.9930152,24.322113],[91.9927801,24.3223234],[91.9925462,24.3225372],[91.9922034,24.3228374],[91.9915709,24.3233546],[91.9915148,24.3233978],[91.9914431,24.323453],[91.991242,24.3235791],[91.9910835,24.3236662],[91.9908667,24.3237577],[91.990583,24.3238745],[91.990425,24.3239174],[91.9903833,24.3239284],[91.9902735,24.3238893],[91.989981,24.3237072],[91.9890085,24.3230926],[91.988724,24.3228546],[91.9884537,24.322635],[91.988377,24.3226012],[91.9882326,24.322545],[91.9877957,24.3223813],[91.9872877,24.3222162],[91.986855,24.3220757],[91.9866981,24.322029],[91.9864181,24.3220631],[91.9862067,24.3220998],[91.9856777,24.3221944],[91.9855569,24.3222207],[91.98533,24.3222993],[91.9850409,24.3224049],[91.9833768,24.3229815],[91.983279,24.3230321],[91.9829023,24.3232831],[91.9822701,24.3238835],[91.9818208,24.3244449],[91.9816112,24.3250648],[91.9815915,24.3251285],[91.9815526,24.3253939],[91.9814478,24.3261709],[91.9814118,24.3266123],[91.9814229,24.3268659],[91.9814303,24.3269959],[91.9814537,24.3275729],[91.98138,24.3278261],[91.9806115,24.3283506],[91.9803733,24.328392],[91.9799443,24.328306],[91.9795425,24.32808],[91.9788702,24.3277229],[91.9785525,24.3275592],[91.9777257,24.327282],[91.9774801,24.3272902],[91.977265,24.3273677],[91.9771394,24.3274171],[91.9769901,24.3276999],[91.976814,24.3286745],[91.976407,24.3297095],[91.975887,24.3303987],[91.975236,24.3311214],[91.9747188,24.3316647],[91.9738467,24.3325253],[91.9736942,24.332621],[91.973552,24.3327102],[91.9734958,24.3327617],[91.9733867,24.3329694],[91.9732878,24.3331658],[91.9730115,24.3338609],[91.9730019,24.3338851],[91.9729323,24.3340748],[91.9721577,24.3362282],[91.9718861,24.3370805],[91.9717756,24.3375182],[91.9717096,24.3378157],[91.9715975,24.3385159],[91.9715769,24.3390802],[91.9715729,24.339267],[91.9715865,24.3394503],[91.9716153,24.3400229],[91.971655,24.3411523],[91.9716526,24.3413278],[91.9715408,24.3419024],[91.9715114,24.3420348],[91.9714494,24.3422207],[91.9711799,24.3427106],[91.9710503,24.3429458],[91.9709132,24.3431585],[91.9701868,24.34407],[91.9699458,24.3443695],[91.9698336,24.3444901],[91.9690684,24.3450721],[91.9688046,24.3452705],[91.9681903,24.3456299],[91.9680318,24.3457142],[91.9678711,24.3457711],[91.9671322,24.3460292],[91.9666238,24.3462068],[91.9664929,24.3462569],[91.9663364,24.346354],[91.9662217,24.3464297],[91.9661696,24.346469],[91.966045,24.3465866],[91.9659331,24.346725],[91.9658874,24.3468335],[91.9658313,24.3470515],[91.9658318,24.3470805],[91.9659549,24.3474104],[91.9660371,24.3476024],[91.9660607,24.3476504],[91.9661181,24.3477204],[91.9663748,24.3479438],[91.9665538,24.3480363],[91.9673729,24.3483808],[91.9675583,24.3484378],[91.9679044,24.3485408],[91.9684216,24.3486882],[91.9686356,24.3487786],[91.9688279,24.3489337],[91.9690069,24.349134],[91.9690559,24.3492243],[91.9691646,24.3494248],[91.9691911,24.3495452],[91.9692186,24.349717],[91.9689973,24.3501515],[91.9686698,24.3503218],[91.9685303,24.3503881],[91.9683681,24.3504563],[91.9679737,24.3505133],[91.9678229,24.3505347],[91.9675321,24.3504759],[91.9669402,24.3503827],[91.9654417,24.3501812],[91.965308,24.3501686],[91.9649918,24.3501745],[91.9647969,24.350182],[91.9646777,24.3501965],[91.9645568,24.3502208],[91.9643316,24.3503059],[91.9640949,24.3504428],[91.9639683,24.350546],[91.9634789,24.3510211],[91.9633968,24.351159],[91.9628043,24.3523116],[91.9624797,24.3529825],[91.9623176,24.3531714],[91.962047,24.3533796],[91.9616701,24.3536504],[91.9613414,24.3537499],[91.9609078,24.3538782],[91.9608308,24.3538985],[91.9605697,24.3539375],[91.9601964,24.3539974],[91.9600353,24.3540302],[91.9596507,24.3541498],[91.9593038,24.3543187],[91.9592207,24.3543939],[91.9583188,24.3554332],[91.9581913,24.3555879],[91.9579708,24.3558565],[91.9578229,24.3560517],[91.9577087,24.3561643],[91.9575806,24.3562804],[91.9568015,24.3566342],[91.9566778,24.356584],[91.9565897,24.356547],[91.9564661,24.3564598],[91.9562195,24.3557775],[91.9561554,24.3555128],[91.9557435,24.3549547],[91.9553251,24.3544918],[91.9546642,24.3538755],[91.9542288,24.3535004],[91.9538172,24.3531542],[91.953675,24.3531777],[91.9535333,24.3532257],[91.9530967,24.3532962],[91.9523049,24.3532871],[91.9520251,24.3530988],[91.9512372,24.3525058],[91.9511705,24.3519136],[91.9507675,24.351366],[91.9502018,24.3510295],[91.9497621,24.3511139],[91.949501,24.3511497],[91.9492584,24.3509779],[91.9491623,24.3506381],[91.948429,24.3509216],[91.9479093,24.3509349],[91.9466884,24.3508394],[91.946305,24.350671],[91.9462649,24.3505824],[91.9462994,24.3503269],[91.9464835,24.3496852],[91.9463616,24.349],[91.9463309,24.3488606],[91.9462805,24.3486493],[91.9462298,24.3485225],[91.9461578,24.3484266],[91.9461047,24.3483613],[91.9455389,24.3483214],[91.9447773,24.3487266],[91.9436439,24.3487436],[91.9431859,24.3479125],[91.9428324,24.3475209],[91.9422758,24.3472196],[91.9421995,24.3471715],[91.942131,24.3469819],[91.9420733,24.3456836],[91.9421293,24.3456614],[91.9421371,24.3456336],[91.9421376,24.3453235],[91.9421374,24.3448029],[91.9420788,24.3445843],[91.9416161,24.3439654],[91.9412924,24.343516],[91.9415212,24.3433729],[91.9416068,24.343136],[91.9415946,24.3430643],[91.9415685,24.3429802],[91.9414894,24.342767],[91.9413977,24.3426321],[91.9413317,24.342546],[91.9412487,24.3425194],[91.9412089,24.342525],[91.9410499,24.3426507],[91.9409539,24.3427516],[91.9408708,24.3428069],[91.9404981,24.3429002],[91.939843,24.3428058],[91.9394131,24.3425948],[91.9389763,24.3429827],[91.9389507,24.3431028],[91.938695,24.3431113],[91.9384936,24.3430851],[91.9379278,24.3427222],[91.9376065,24.3424265],[91.9370851,24.3418556],[91.9368935,24.3416253],[91.9358025,24.3412514],[91.9356441,24.3411749],[91.9353407,24.3408363],[91.9352839,24.3407258],[91.9352317,24.3406034],[91.935093,24.3402358],[91.9345154,24.3399692],[91.933066,24.3410645],[91.9324246,24.3411563],[91.9322124,24.3410381],[91.9317229,24.3404067],[91.9318269,24.3399861],[91.931853,24.3399585],[91.9318431,24.3399229],[91.9318144,24.339889],[91.9316897,24.339802],[91.9314632,24.3396992],[91.9311719,24.3396487],[91.9307699,24.3396013],[91.9304331,24.3396287],[91.9284857,24.3396121],[91.928308,24.3395344],[91.9274614,24.3390294],[91.9267878,24.3383161],[91.9265423,24.3377085],[91.9264661,24.3373433],[91.9263537,24.3371503],[91.9260524,24.3367609],[91.9258246,24.3364836],[91.9258005,24.3365354],[91.9257665,24.3365573],[91.9257321,24.3365578],[91.9255994,24.3365539],[91.9253201,24.3364704],[91.9241651,24.3361097],[91.9226637,24.3356879],[91.9224088,24.3356367],[91.9220059,24.335594],[91.9219305,24.3355992],[91.9216538,24.3357286],[91.9208966,24.3363942],[91.9203994,24.3368846],[91.920283,24.3370529],[91.9199888,24.3374609],[91.9199888,24.3374603],[91.9200118,24.3373735],[91.9203478,24.3362372],[91.9206093,24.3353803],[91.9219096,24.3310341],[91.9225457,24.3289171],[91.9232252,24.3266618],[91.9233058,24.3264272],[91.9236194,24.3253969],[91.9238935,24.3244902],[91.9244064,24.3227532],[91.9246,24.3221],[91.9253937,24.3194623],[91.926211,24.3167708],[91.9270205,24.3140915],[91.9271158,24.3137728],[91.9278087,24.3114448],[91.9280563,24.3105872],[91.9283968,24.3094432],[91.9293606,24.3062663],[91.9296898,24.3051689],[91.9298705,24.3045506],[91.9299804,24.3041743],[91.9299806,24.3041716],[91.9299808,24.3041495],[91.9300159,24.3040168],[91.9304444,24.3025866],[91.9316775,24.2985326],[91.9327352,24.2950604],[91.9337148,24.2918292],[91.9338268,24.2914308],[91.9341126,24.2904518],[91.9344867,24.2892221],[91.9350963,24.2872242],[91.9354779,24.285954],[91.9357758,24.2849526],[91.9359795,24.2842655],[91.9368099,24.2814898],[91.936909,24.2812184],[91.9371545,24.2803989],[91.9376871,24.2786108],[91.9379613,24.2776841],[91.938769,24.2749516],[91.93919,24.2735307],[91.9394253,24.2727536],[91.939744,24.2717127],[91.9405499,24.2690323],[91.9408187,24.2680915],[91.9408168,24.2680841],[91.9402206,24.2661181],[91.939285,24.2629683],[91.9387948,24.2613131],[91.938425,24.2600411],[91.9383569,24.2598031],[91.9379948,24.2585263],[91.9376329,24.257266],[91.9370481,24.2552366],[91.9368552,24.2545789],[91.9366507,24.2539226],[91.9362193,24.252489],[91.9354114,24.24968],[91.9348178,24.2476212],[91.9342171,24.2455957],[91.9339184,24.2445887],[91.9337287,24.2439675],[91.9336238,24.2436354],[91.9333988,24.2430129],[91.9324344,24.2397843],[91.9322165,24.2390531],[91.9315841,24.2368356],[91.9313727,24.2361102],[91.9310936,24.2351732],[91.9303575,24.23265],[91.9296843,24.2302953],[91.9285123,24.226294],[91.9278014,24.2238631],[91.9276218,24.2232337],[91.9274306,24.2225573],[91.9271761,24.221677],[91.9270511,24.2212456],[91.9260997,24.2180717],[91.9258011,24.2171107],[91.9255504,24.2162945],[91.9239624,24.2109715],[91.9235513,24.2095917],[91.9233651,24.2089448],[91.9231065,24.2080451],[91.922636,24.2064168],[91.9212136,24.2015499],[91.9207194,24.1998651],[91.9198159,24.196802],[91.9195976,24.196078],[91.9188889,24.1936915],[91.9179784,24.1905971],[91.9177288,24.1897436],[91.9162898,24.1848381],[91.9160161,24.1839043],[91.9146508,24.1792202],[91.9135796,24.1755234],[91.9127419,24.1726878],[91.9122134,24.1708707],[91.9119709,24.1700529],[91.9115914,24.1688055],[91.9114014,24.1681785],[91.911389,24.1681255],[91.9113578,24.1679077],[91.911578,24.1679839],[91.9123472,24.1679956],[91.9136281,24.1675134],[91.9147916,24.1666851],[91.9146732,24.1661807],[91.9141327,24.1660691],[91.9132131,24.165552],[91.9128701,24.1647953],[91.9123044,24.1643086],[91.9120799,24.1642647],[91.9114728,24.1640909],[91.9114262,24.1640754],[91.9114002,24.1640523],[91.9113966,24.1640245],[91.9114245,24.1639684],[91.9118661,24.1634916],[91.912198,24.1633522],[91.9124111,24.1632774],[91.9127225,24.1632586],[91.9129415,24.1631559],[91.9136845,24.1624301],[91.9135813,24.1621748],[91.9132803,24.1615437],[91.9128383,24.1614001],[91.9127032,24.1609472],[91.9128079,24.1606964],[91.9132993,24.1599314],[91.9137381,24.1597774],[91.9138683,24.1597243],[91.9140182,24.1596035],[91.9142011,24.1594426],[91.9142134,24.1594116],[91.9142032,24.1593751],[91.9141883,24.159343],[91.9140934,24.1593047],[91.9137465,24.1591055],[91.913745,24.1582122],[91.9137526,24.1575858],[91.9134685,24.1567095],[91.9135491,24.1559516],[91.9135183,24.1552094],[91.9135041,24.1549146],[91.9133812,24.154895],[91.9133305,24.1548795],[91.9131468,24.154802],[91.9130327,24.1547385],[91.912847,24.1546223],[91.9128092,24.154559],[91.9128044,24.1545141],[91.9128753,24.1541807],[91.9129363,24.1539899],[91.913008,24.1538702],[91.9130625,24.1537895],[91.9131603,24.1537695],[91.9132379,24.1537672],[91.9137703,24.1538413],[91.9138965,24.153897],[91.914006,24.1539306],[91.9140687,24.1539385],[91.9141449,24.1539337],[91.9144032,24.1538127],[91.9145015,24.1537452],[91.9145333,24.1536898],[91.9145403,24.1536134],[91.9145147,24.153545],[91.9144554,24.1535033],[91.9137288,24.1532907],[91.913614,24.1532672],[91.9133262,24.1532436],[91.912328,24.1531683],[91.9117946,24.1535453],[91.911761,24.1535695],[91.911636,24.15359],[91.911512,24.1535904],[91.9113934,24.1535782],[91.9113554,24.153505],[91.9111828,24.1530137],[91.9110122,24.1521411],[91.9110146,24.1521186],[91.9110606,24.152098],[91.9118682,24.1518359],[91.9126808,24.1517213],[91.9129054,24.1517107],[91.9130571,24.1514862],[91.9128844,24.1514198],[91.9123542,24.151227],[91.9122323,24.1511849],[91.9116733,24.1511499],[91.9115933,24.151171],[91.911477,24.1512188],[91.9113036,24.1513661],[91.9111445,24.1514682],[91.9111215,24.1514772],[91.9106597,24.1513035],[91.9104719,24.1512273],[91.9103964,24.1511908],[91.9098104,24.15074],[91.9096993,24.150609],[91.9096926,24.1505316],[91.9097029,24.1504927],[91.9097883,24.1503803],[91.9099356,24.1502221],[91.9103986,24.149961],[91.9111943,24.148953],[91.9111026,24.1485855],[91.9106085,24.1481722],[91.910344,24.148072],[91.9100492,24.147946],[91.9098899,24.1476107],[91.9098369,24.1470178],[91.9100586,24.1463174],[91.9090816,24.1460306],[91.9081881,24.1459843],[91.9067725,24.1452904],[91.9060958,24.1448046],[91.9058445,24.1443807],[91.9059346,24.143936],[91.9058947,24.1423491],[91.9059511,24.1414479],[91.9056668,24.1409919],[91.9057756,24.1402333],[91.9059076,24.1400125],[91.9059995,24.1396759],[91.9059847,24.1391109],[91.9057526,24.1386002],[91.9049786,24.1384781],[91.9045356,24.1384164],[91.903429,24.1381338],[91.9027029,24.1377964],[91.9034299,24.1374712],[91.9049824,24.1361358],[91.9069521,24.134341],[91.9086879,24.132863],[91.9093538,24.1323493],[91.9099817,24.1319045],[91.9105816,24.1312983],[91.9111072,24.1306726],[91.9119383,24.129236],[91.9128195,24.1277905],[91.9136188,24.1264984],[91.9145877,24.1247928],[91.9154695,24.1231831],[91.9157893,24.1226036],[91.9161466,24.1218828],[91.917057,24.1195491],[91.9176541,24.1175221],[91.9183673,24.1154291],[91.9186967,24.1170456],[91.9187861,24.1178963],[91.9189634,24.1193693],[91.9192004,24.121126],[91.9212008,24.1200233],[91.9236816,24.1172439],[91.9240361,24.1166662],[91.9244692,24.1160524],[91.9248235,24.115872],[91.9256106,24.1155835],[91.9263978,24.1151506],[91.9266734,24.1149702],[91.9267526,24.1140674],[91.9271465,24.1134175],[91.9275009,24.1129843],[91.9279732,24.1126234],[91.9284848,24.1125514],[91.9289962,24.1127323],[91.9295076,24.1128409],[91.9299405,24.1127327],[91.9301767,24.1125161],[91.9301768,24.1122994],[91.9300988,24.111216],[91.9299815,24.1098435],[91.9300998,24.1094102],[91.9307299,24.1083994],[91.9313204,24.1077495],[91.9317145,24.1066663],[91.9322658,24.1059442],[91.9329347,24.1056918],[91.9332103,24.1054752],[91.9338794,24.1048977],[91.9347849,24.1039591],[91.9353752,24.1035982],[91.9356113,24.1035984],[91.9362409,24.1034542],[91.9372641,24.1028407],[91.9377226,24.1025254],[91.9377364,24.1025159],[91.938248,24.102191],[91.9386022,24.1020829],[91.9389169,24.1021552],[91.9393495,24.102336],[91.9398609,24.102589],[91.940215,24.1026614],[91.9405297,24.1025893],[91.9408052,24.1023727],[91.9410744,24.1019613],[91.9412777,24.1016506],[91.9417502,24.1009646],[91.9421045,24.1005675],[91.9426161,24.1002427],[91.9444258,24.0992183],[91.9505121,24.095735],[91.9507137,24.0956266],[91.9516576,24.0951793],[91.9519722,24.0950482],[91.9524001,24.0949171],[91.9526017,24.0948899],[91.9531721,24.0948896],[91.9539146,24.0948893],[91.9550309,24.094812],[91.9553751,24.0947306],[91.9557487,24.0945995],[91.9570367,24.0939172],[91.9572629,24.0937862],[91.9575234,24.0935738],[91.9577199,24.0933119],[91.9580098,24.0928648],[91.9588303,24.0917991],[91.9592284,24.0913248],[91.959828,24.0907467],[91.9611457,24.0905609],[91.9613187,24.0905437],[91.9616915,24.0905065],[91.9617456,24.0905064],[91.9619177,24.0905063],[91.9619767,24.0905062],[91.9622914,24.0904835],[91.9624636,24.0904563],[91.9627192,24.0903524],[91.9628912,24.0901943],[91.9630041,24.0899053],[91.963004,24.0896932],[91.9629743,24.0894584],[91.9628316,24.0891921],[91.9627182,24.0888536],[91.9626342,24.0882758],[91.9627177,24.0879056],[91.9628599,24.0875128],[91.9631449,24.0871695],[91.9642068,24.086722],[91.9644624,24.0866452],[91.9648361,24.0865907],[91.9650918,24.0865636],[91.9653229,24.0865634],[91.9655491,24.0866445],[91.9657803,24.0867211],[91.966036,24.0867752],[91.9663802,24.0866937],[91.9666948,24.0865898],[91.9669259,24.0864857],[91.9671226,24.0864856],[91.9674078,24.0865351],[91.9678948,24.0866432],[91.9684406,24.0868009],[91.9688685,24.0868503],[91.9692127,24.086823],[91.9709585,24.0863244],[91.9712503,24.08524],[91.9715601,24.0847025],[91.9717449,24.0840022],[91.9716831,24.0831572],[91.9715623,24.0827619],[91.9716686,24.0816043],[91.9718064,24.0814333],[91.9722517,24.0808616],[91.9724567,24.0805698],[91.9724922,24.0802258],[91.9724494,24.0801632],[91.9714407,24.0792009],[91.9703078,24.0783578],[91.9698592,24.0777207],[91.9697882,24.0774696],[91.9698482,24.0770642],[91.9698998,24.0767417],[91.9696864,24.0754457],[91.9693549,24.0749266],[91.9692968,24.0746886],[91.969337,24.0743218],[91.9695277,24.0739078],[91.969766,24.0736622],[91.9700872,24.0733067],[91.9700834,24.0726404],[91.9699732,24.0720165],[91.9698325,24.071266],[91.9696879,24.0706086],[91.9702885,24.0697897],[91.9726671,24.0695146],[91.9732303,24.0694688],[91.9743379,24.0693882],[91.97431,24.0694203],[91.9740557,24.0696075],[91.9734822,24.0697043],[91.9730263,24.0700815],[91.9729973,24.0707406],[91.9733801,24.0708127],[91.973678,24.0706482],[91.9738281,24.0706634],[91.9738872,24.0707672],[91.9741182,24.0714016],[91.9739134,24.0716384],[91.9735445,24.0720647],[91.9733375,24.0723039],[91.9732804,24.0724354],[91.9732233,24.0726194],[91.9732235,24.0728296],[91.9732808,24.0730662],[91.9733955,24.0732764],[91.9736245,24.0734601],[91.9738535,24.0735389],[91.9741396,24.0735125],[91.9746545,24.0732756],[91.9752301,24.0727826],[91.9755706,24.072491],[91.976313,24.0718552],[91.9765131,24.0715923],[91.9768849,24.0712767],[91.9771709,24.0711714],[91.977314,24.071145],[91.9774857,24.0711975],[91.9776289,24.0713025],[91.9777148,24.0714075],[91.9778294,24.0717229],[91.9780303,24.0725113],[91.977803,24.0745877],[91.9778605,24.0750082],[91.9779179,24.0751658],[91.9780324,24.0753234],[91.9782901,24.0754284],[91.978519,24.0754809],[91.9786335,24.0754545],[91.9787765,24.0753493],[91.9789194,24.0752177],[91.9792625,24.0748233],[91.9793768,24.0746393],[91.9794339,24.0744552],[91.9795482,24.0742975],[91.9799486,24.0739293],[91.980287,24.0737616],[91.9806636,24.0736134],[91.9808926,24.0736658],[91.9810931,24.0738496],[91.9812363,24.0740599],[91.9816947,24.0747954],[91.9821529,24.0752945],[91.983778,24.0765485],[91.9848372,24.0772575],[91.9859538,24.0778349],[91.9871276,24.0787014],[91.9883302,24.079673],[91.9885137,24.0798482],[91.989705,24.0809862],[91.993018,24.0814952],[91.993022,24.0814958],[91.9934434,24.08156],[91.9937638,24.0816088],[91.9970276,24.0821645],[92.0002699,24.079552],[91.9998063,24.0842494],[91.9987793,24.0877852],[92.0010895,24.0906139],[92.0039131,24.0913211],[92.0056517,24.0910551],[92.010074,24.0903782],[92.0116142,24.0915567],[92.0114893,24.0938529],[92.0113577,24.0962712],[92.0109226,24.0988021],[92.0109197,24.0988189],[92.0105877,24.1007498],[92.010942,24.1022133],[92.0116149,24.1049928],[92.0118717,24.1080571],[92.0157228,24.1087641],[92.0185469,24.1085281],[92.02113,24.1069466],[92.0232749,24.1056333],[92.0247079,24.1047559],[92.0277883,24.1033412],[92.030869,24.1033407],[92.0342068,24.1047544],[92.0372875,24.1047538],[92.0390766,24.1034755],[92.0419077,24.1014527],[92.0437048,24.101688],[92.0471977,24.1046644],[92.0474461,24.1049048],[92.0488764,24.1064047],[92.0508953,24.1085219],[92.0528885,24.1085213],[92.060908,24.1085185],[92.0662984,24.1063951],[92.0681102,24.1061986],[92.0706405,24.1059242],[92.0706626,24.1059218],[92.0720607,24.1056002],[92.0743987,24.1051269],[92.0755399,24.1049767],[92.0760863,24.1046419],[92.0779609,24.1047616],[92.0791098,24.1048477],[92.0804748,24.1049523],[92.0805242,24.1044196],[92.0800375,24.1040041],[92.0788967,24.1035568],[92.078674,24.1034345],[92.0780165,24.1030735],[92.0774562,24.102658],[92.077304,24.102053],[92.0768645,24.1014932],[92.0756124,24.1015287],[92.0749289,24.1014834],[92.0746535,24.1011582],[92.0745258,24.100937],[92.0747031,24.100305],[92.0750231,24.0996144],[92.07524,24.098373],[92.0753239,24.0976869],[92.0753585,24.0971091],[92.0750884,24.0962919],[92.0747787,24.0960299],[92.074051,24.0957318],[92.0725759,24.0952391],[92.0719367,24.0952073],[92.0718193,24.0937897],[92.0721301,24.0914334],[92.0724159,24.0901604],[92.07282,24.0884361],[92.0731745,24.0872399],[92.073278,24.086617],[92.0733028,24.0861385],[92.0732939,24.0841793],[92.0733778,24.0834796],[92.0735899,24.0819899],[92.0739351,24.079787],[92.0739354,24.0790331],[92.0742807,24.0763743],[92.0743031,24.0754684],[92.0743308,24.0743474],[92.0741294,24.073801],[92.0738199,24.0733088],[92.0729895,24.0719904],[92.0726849,24.0715749],[92.0724589,24.0710511],[92.0719679,24.069823],[92.0718847,24.0690014],[92.0719095,24.0683333],[92.0718658,24.0672679],[92.0717956,24.0661786],[92.0717302,24.065437],[92.072014,24.0635632],[92.0720524,24.0626356],[92.0721477,24.0607702],[92.0722813,24.0598603],[92.0723608,24.0583839],[92.0723614,24.0571414],[92.0725508,24.05518],[92.0726464,24.0540251],[92.0727436,24.0526714],[92.0727441,24.0516563],[92.0728389,24.0497212],[92.0728211,24.0486101],[92.0728027,24.0473851],[92.0727857,24.0461165],[92.0728246,24.044139],[92.0729012,24.0430471],[92.0733522,24.0426273],[92.0746648,24.0417528],[92.0761235,24.0408171],[92.077303,24.039715],[92.0784603,24.0385531],[92.0790881,24.0378008],[92.0792026,24.0369609],[92.0789219,24.0363389],[92.0781996,24.0355687],[92.0777434,24.035096],[92.0774053,24.0350965],[92.0767205,24.0356213],[92.0761881,24.0354461],[92.075865,24.035096],[92.075599,24.0345534],[92.075257,24.0338533],[92.0736812,24.0330212],[92.073187,24.0325486],[92.0729411,24.0318964],[92.0727514,24.0307588],[92.0728486,24.0301851],[92.0727919,24.0294501],[92.0727333,24.0287762],[92.0727337,24.0278662],[92.072791,24.0275337],[92.0737979,24.0269483],[92.0757897,24.0264416],[92.0763412,24.0261268],[92.0775395,24.0251647],[92.0784309,24.0230711],[92.0784694,24.0221211],[92.0789657,24.0215378],[92.0796107,24.0207564],[92.0804299,24.0187873],[92.0812995,24.0182314],[92.0822899,24.0180797],[92.0823445,24.0180713],[92.0834641,24.0178997],[92.0848902,24.0176201],[92.0852897,24.0171478],[92.0865224,24.0166244],[92.0875492,24.0164672],[92.0884736,24.0165663],[92.0891451,24.0170131],[92.0893792,24.0184956],[92.0897033,24.0192948],[92.0902734,24.0195026],[92.0910942,24.0194486],[92.0918955,24.0187536],[92.0927755,24.0174311],[92.0938571,24.0160319],[92.0943538,24.0148538],[92.0946246,24.0134002],[92.0947573,24.0129307],[92.0958484,24.0129129],[92.096792,24.0130396],[92.0969885,24.0130441],[92.0974656,24.0115815],[92.0978689,24.0106291],[92.0981884,24.0100426],[92.0986035,24.0102087],[92.0992422,24.0103197],[92.0997059,24.010559],[92.1007448,24.0112424],[92.1017101,24.0118316],[92.102108,24.0110793],[92.102807,24.0103449],[92.1036322,24.0106624],[92.104226,24.0107308],[92.1045785,24.0106284],[92.1051166,24.0105773],[92.1059701,24.0106457],[92.1067723,24.0110612],[92.1072911,24.0118447],[92.1075304,24.0126671],[92.1074375,24.0132137],[92.1072887,24.0141703],[92.1071252,24.0152677],[92.1073294,24.015746],[92.107682,24.0160364],[92.1080694,24.0161121],[92.1082946,24.0161562],[92.1089629,24.0161733],[92.1097983,24.0163784],[92.1111535,24.0167544],[92.111429,24.0171954],[92.1118002,24.0177763],[92.1121899,24.0182375],[92.1123881,24.0184529],[92.1129696,24.0186988],[92.113257,24.0187515],[92.1132024,24.019308],[92.112961,24.0197692],[92.1124413,24.0205375],[92.1122224,24.0211783],[92.1121852,24.0218616],[92.1125378,24.0226645],[92.1127418,24.0229205],[92.113139,24.0228877],[92.1136408,24.0227852],[92.1137337,24.0224774],[92.1137333,24.0220756],[92.1138077,24.021595],[92.1140865,24.0210136],[92.114514,24.0206374],[92.1154989,24.0201587],[92.1163703,24.0200082],[92.116586,24.0200259],[92.1167575,24.0200784],[92.1170526,24.0202974],[92.1174454,24.0206642],[92.1181886,24.0215706],[92.1190941,24.0227783],[92.119763,24.0237189],[92.1205621,24.0243003],[92.1218758,24.0248669],[92.1232942,24.025247],[92.1240184,24.0260336],[92.1243862,24.0269913],[92.1242806,24.0271471],[92.1234932,24.0278621],[92.122876,24.0283147],[92.122099,24.0288867],[92.1207966,24.0299955],[92.1200818,24.0304054],[92.1197762,24.0305463],[92.1184785,24.0309335],[92.1174829,24.030914],[92.1169986,24.030756],[92.1170062,24.0309379],[92.1170872,24.0326442],[92.1174317,24.0336676],[92.1179588,24.0346067],[92.1184916,24.0352134],[92.1190729,24.0356259],[92.1196584,24.0357888],[92.1202427,24.0360354],[92.1206465,24.0362554],[92.1210045,24.0365314],[92.1212012,24.0370027],[92.1215548,24.0376123],[92.1217549,24.0378893],[92.1219331,24.0381108],[92.1222028,24.0382766],[92.1224739,24.0383313],[92.1236108,24.0379941],[92.1257511,24.037098],[92.1270721,24.0364822],[92.1278255,24.035979],[92.1308057,24.0339925],[92.1331992,24.0325916],[92.1338361,24.0323112],[92.1343779,24.0323668],[92.1348042,24.0326186],[92.1350722,24.0328706],[92.1352163,24.0340463],[92.13554,24.0355018],[92.1363416,24.0369298],[92.1369458,24.0378262],[92.1377106,24.0385835],[92.1381337,24.0392971],[92.1393085,24.0399447],[92.1402579,24.0404243],[92.1412313,24.0406526],[92.1427326,24.0407685],[92.1429777,24.0424215],[92.1430444,24.0434013],[92.1430214,24.0438768],[92.1427718,24.0443788],[92.1424317,24.0447122],[92.1420007,24.0451009],[92.1416378,24.0452663],[92.1411388,24.045347],[92.1405034,24.0453991],[92.1390284,24.0458372],[92.1386425,24.0460861],[92.1385745,24.0462253],[92.1385746,24.0465324],[92.1386883,24.046896],[92.1391659,24.0475129],[92.1402305,24.0484532],[92.140776,24.0486246],[92.1411394,24.0486551],[92.1419364,24.0493032],[92.1424164,24.0500608],[92.1425232,24.0502386],[92.1429891,24.0510148],[92.1429943,24.051908],[92.1432719,24.0528789],[92.1434569,24.0533271],[92.1439218,24.0546148],[92.1444829,24.056266],[92.1451378,24.057946],[92.1455067,24.0584971],[92.1458309,24.0589746],[92.1464138,24.0600685],[92.1468134,24.0609931],[92.1474228,24.0621988],[92.1482397,24.063491],[92.1495728,24.065035],[92.150908,24.0665797],[92.1523315,24.0683553],[92.152518,24.068567],[92.1527044,24.0687786],[92.1532318,24.0689815],[92.1551841,24.0708506],[92.1559541,24.0716712],[92.1561257,24.0721758],[92.156081,24.0729772],[92.1572563,24.0742083],[92.1582849,24.0752575],[92.1588188,24.0756571],[92.1593786,24.0761689],[92.1601149,24.0772699],[92.1606614,24.078089],[92.1609342,24.0788757],[92.1612211,24.0801377],[92.1614575,24.0812724],[92.1616392,24.082813],[92.1614942,24.0840686],[92.161502,24.0851035],[92.1615346,24.0855038],[92.1616092,24.08642],[92.1616578,24.0872883],[92.1616812,24.0880721],[92.1616474,24.0884632],[92.1617207,24.0891501],[92.1617745,24.0896536],[92.1620919,24.0911152],[92.1625405,24.0923836],[92.1629108,24.0933148],[92.1634496,24.0945294],[92.1636601,24.0954298],[92.1637663,24.0959081],[92.1640577,24.0964741],[92.1644192,24.0971427],[92.1647418,24.0979615],[92.1647641,24.0984582],[92.1649815,24.0998986],[92.1653798,24.1004371],[92.1657311,24.1007602],[92.1658014,24.1011479],[92.1653111,24.1017228],[92.1653112,24.1018951],[92.1657094,24.1024336],[92.1660607,24.1026921],[92.1665759,24.1028212],[92.1671848,24.1030581],[92.167536,24.1033165],[92.1676042,24.1038554],[92.1679555,24.1041138],[92.1685644,24.1044583],[92.1689112,24.1047914],[92.1688879,24.1051145],[92.1687943,24.1054162],[92.1678581,24.1064935],[92.1668096,24.1078194],[92.1665989,24.1080995],[92.1665522,24.1085519],[92.1666811,24.1089289],[92.16681,24.1093058],[92.1667398,24.1095859],[92.1660879,24.1101846],[92.1657929,24.1103607],[92.1652618,24.1104288],[92.1644762,24.1104529],[92.1636889,24.1113355],[92.1630595,24.1117103],[92.1622189,24.1136019],[92.1617175,24.1146358],[92.1606259,24.1159904],[92.1593376,24.1171012],[92.1579655,24.117756],[92.1569031,24.1179187],[92.1557571,24.1180092],[92.1550489,24.1179416],[92.1543651,24.117427],[92.1541879,24.116917],[92.1541633,24.1164249],[92.1540156,24.1160051],[92.1537598,24.1158652],[92.1531499,24.1158924],[92.1507991,24.1167549],[92.1492254,24.1175226],[92.1484925,24.1178748],[92.1477793,24.1178749],[92.1463874,24.1175681],[92.1460578,24.1175681],[92.1456546,24.1178255],[92.1453497,24.1188548],[92.145581,24.1197982],[92.1459844,24.1201006],[92.1462156,24.1201503],[92.1467959,24.1201231],[92.1475336,24.1195182],[92.1482369,24.1186874],[92.1489697,24.11829],[92.1495058,24.1181952],[92.1502141,24.1183576],[92.1509765,24.1188722],[92.151739,24.1195718],[92.1520686,24.1202263],[92.1528557,24.1209485],[92.1533034,24.1213999],[92.1544694,24.1227765],[92.1550057,24.1234988],[92.1560437,24.1242434],[92.1562158,24.1243563],[92.1568259,24.1248212],[92.1578197,24.1258232],[92.1583424,24.1263455],[92.1588551,24.1263809],[92.1597294,24.1263458],[92.1605827,24.1263694],[92.1611259,24.126584],[92.1615343,24.1269074],[92.1629817,24.1284862],[92.1635338,24.1291533],[92.1635732,24.129784],[92.1634757,24.1309084],[92.1634235,24.1313861],[92.1634123,24.131866],[92.163499,24.1322582],[92.1636805,24.1325294],[92.1639075,24.1327067],[92.1643204,24.1328211],[92.1648309,24.1328105],[92.1655228,24.1329147],[92.1659426,24.1330606],[92.1663396,24.1332692],[92.166396,24.1333966],[92.1663624,24.1335613],[92.1661709,24.133763],[92.1658987,24.1338882],[92.1656719,24.1339926],[92.1656379,24.1341073],[92.1656833,24.1342951],[92.1659102,24.1344411],[92.1666577,24.1348663],[92.1678869,24.134939],[92.1683776,24.134959],[92.1689561,24.1350527],[92.1692965,24.1352613],[92.1695518,24.1355595],[92.1698014,24.1358307],[92.1699376,24.1359037],[92.1702552,24.1358827],[92.1705614,24.1356949],[92.1708196,24.1351565],[92.1710242,24.1345919],[92.1712056,24.1344145],[92.1714438,24.1344039],[92.1733835,24.1345286],[92.1740074,24.1345701],[92.1743749,24.1346926],[92.1759859,24.1352867],[92.1762808,24.1354536],[92.1768652,24.1359853],[92.1770865,24.1361939],[92.1772201,24.1364885],[92.1772089,24.1366553],[92.1771071,24.1372708],[92.1771831,24.1375602],[92.177376,24.1376749],[92.1776369,24.1377061],[92.1783402,24.1376342],[92.1789515,24.1376028],[92.1792238,24.1376549],[92.1795982,24.1378947],[92.180052,24.1382179],[92.1806065,24.1386846],[92.1813754,24.139163],[92.1820779,24.1394128],[92.1828205,24.1397808],[92.1830928,24.1400206],[92.183161,24.1404899],[92.1832301,24.1410882],[92.183355,24.1414219],[92.1835479,24.141714],[92.1843735,24.1426771],[92.1846996,24.1434763],[92.1851623,24.1442217],[92.186954,24.1460123],[92.1876207,24.1466566],[92.1878589,24.1467191],[92.1881653,24.1466981],[92.1893045,24.1469575],[92.189645,24.1470826],[92.1902123,24.1472284],[92.1905185,24.1471866],[92.1907908,24.1470926],[92.1910969,24.1467273],[92.1912897,24.1466126],[92.1914485,24.1466125],[92.1916754,24.1467167],[92.1917942,24.1469394],[92.1919192,24.1474504],[92.1930502,24.1495936],[92.1935898,24.150467],[92.1939757,24.1507902],[92.1944296,24.1509674],[92.1950422,24.1510402],[92.1953599,24.1510192],[92.1955559,24.1508202],[92.1955752,24.1506226],[92.195575,24.1502159],[92.1956315,24.1498298],[92.1957336,24.1497046],[92.1959385,24.1496062],[92.1964581,24.1501754],[92.196583,24.1504882],[92.1967195,24.1510723],[92.1968229,24.151787],[92.1968907,24.1524175],[92.1970156,24.1528034],[92.1976172,24.1535957],[92.1981732,24.1537936],[92.1985364,24.1539709],[92.1987407,24.1541377],[92.198945,24.1543879],[92.1990103,24.1548],[92.1990559,24.155405],[92.1992467,24.1565512],[92.1995401,24.1580462],[92.1995127,24.158722],[92.199899,24.1595146],[92.2000331,24.1603335],[92.2000561,24.1609489],[92.1998297,24.1619765],[92.1997618,24.1627019],[92.1997111,24.1634009],[92.1993867,24.1648046],[92.1991834,24.1653211],[92.199036,24.1655401],[92.1990362,24.165801],[92.1991271,24.16602],[92.1993201,24.1662285],[92.2000536,24.166732],[92.2019133,24.1671039],[92.202712,24.1675581],[92.2031691,24.1689564],[92.2033611,24.1699229],[92.2032858,24.1713215],[92.2028698,24.1727087],[92.202376,24.1738278],[92.2018824,24.1749468],[92.202379,24.1758461],[92.202912,24.1769646],[92.2030649,24.1783631],[92.2030646,24.1795735],[92.2034075,24.1807271],[92.2032939,24.1814963],[92.2028662,24.1823794],[92.2024916,24.1836861],[92.202617,24.1840774],[92.2030629,24.185469],[92.2031805,24.1866459],[92.2024206,24.18787],[92.2024972,24.1890587],[92.2023077,24.1902126],[92.2017802,24.1912754],[92.1999544,24.1908567],[92.1991177,24.1906473],[92.1969881,24.1909979],[92.195581,24.1908237],[92.1942969,24.1903406],[92.1933076,24.1893271],[92.1925848,24.1888729],[92.1912159,24.1890483],[92.1907215,24.1891883],[92.1893522,24.1886994],[92.1890482,24.1890491],[92.1888966,24.1902729],[92.1871169,24.190795],[92.1859001,24.1911801],[92.1846929,24.1923297],[92.1835142,24.1930643],[92.1825258,24.1939388],[92.1823045,24.1951137],[92.1820388,24.1964425],[92.1816208,24.1975264],[92.1820018,24.1988549],[92.1820045,24.1998514],[92.1809013,24.1992573],[92.1803688,24.1990128],[92.1795699,24.1986634],[92.1792656,24.1985936],[92.178201,24.199503],[92.176767,24.2011387],[92.1766769,24.2012492],[92.1763109,24.2016982],[92.1745232,24.2015239],[92.1736104,24.2014193],[92.1733381,24.2012457],[92.1731844,24.2009936],[92.1731093,24.2008872],[92.1730156,24.2007818],[92.1729032,24.2006813],[92.1726418,24.2004794],[92.1725367,24.2005045],[92.1723513,24.2005644],[92.1722163,24.2006271],[92.1720957,24.2007046],[92.1719771,24.200799],[92.171749,24.2010085],[92.1715791,24.2012006],[92.171441,24.2014822],[92.1708148,24.2028496],[92.1701524,24.2040512],[92.1697835,24.2050586],[92.1696535,24.2058478],[92.1700715,24.2082888],[92.1701175,24.2084693],[92.1705228,24.2093985],[92.1709061,24.2106763],[92.170945,24.2110529],[92.1708637,24.2120551],[92.1708392,24.2122122],[92.1708086,24.2123145],[92.1704787,24.2129665],[92.1700952,24.2134135],[92.1692679,24.2133552],[92.1688435,24.2133024],[92.1683601,24.2133478],[92.1679532,24.2135186],[92.1679533,24.2139028],[92.1679985,24.2142127],[92.1682552,24.2147999],[92.1683383,24.2150919],[92.1684383,24.2163204],[92.1683026,24.2171976],[92.1681504,24.2181437],[92.1678946,24.2191466],[92.1677636,24.219428],[92.1671417,24.2203895],[92.1666695,24.2213098],[92.1665062,24.2219521],[92.1666318,24.2223274],[92.1668938,24.222684],[92.1670857,24.2228604],[92.1675341,24.2233181],[92.1677511,24.2238179],[92.1678017,24.2240313],[92.1678847,24.2248643],[92.1678992,24.2254503],[92.167895,24.2255815],[92.1676954,24.2264695],[92.1674467,24.2268714],[92.1670671,24.2269545],[92.1659426,24.2270391],[92.1653411,24.2277492],[92.1649632,24.2282874],[92.1645347,24.2289809],[92.1640716,24.2296065],[92.1633779,24.2301465],[92.1632679,24.2302096],[92.1629327,24.2303074],[92.1621457,24.2304193],[92.1610219,24.2303224],[92.1599722,24.2300732],[92.1601514,24.2290724],[92.1600967,24.2284575],[92.1599717,24.2281699],[92.1590911,24.2278396],[92.1570431,24.2272259],[92.1563143,24.2271325],[92.1552953,24.2268341],[92.1542979,24.2264527],[92.1531343,24.225929],[92.1528399,24.2259209],[92.1524906,24.226005],[92.1520639,24.2262837],[92.1519492,24.2264103],[92.1519324,24.2267871],[92.15199,24.2270228],[92.152279,24.2276526],[92.1530467,24.2288493],[92.1531663,24.2291089],[92.1533871,24.2305654],[92.1534983,24.2318295],[92.153263,24.2326588],[92.1531699,24.2329124],[92.1525116,24.2337337],[92.1520859,24.2343637],[92.1520012,24.2345978],[92.1519656,24.2351903],[92.1519395,24.2356592],[92.1519393,24.2364397],[92.1518577,24.2368875],[92.1516351,24.2375847],[92.1506515,24.2377841],[92.1497199,24.2379284],[92.147989,24.2381347],[92.1471227,24.2383648],[92.1461143,24.2385146],[92.1439336,24.2382843],[92.1436116,24.2383124],[92.1431355,24.2384266],[92.1423071,24.238749],[92.1417396,24.2390863],[92.1411983,24.2395997],[92.1406613,24.2403324],[92.1402997,24.2408026],[92.1397404,24.2412139],[92.1385566,24.242065],[92.1374875,24.2429543],[92.1368746,24.2433203],[92.1351748,24.2442006],[92.1349944,24.2442586],[92.1332479,24.2444677],[92.132611,24.244575],[92.1320827,24.2447536],[92.1310068,24.2451906],[92.1307245,24.2453923],[92.1306054,24.245541],[92.1290852,24.248494],[92.1279353,24.2507506],[92.1287364,24.25075],[92.1280047,24.2518363],[92.1256728,24.252787],[92.1248954,24.2532149],[92.1246881,24.2537378],[92.1235998,24.2547361],[92.123237,24.2558295],[92.1231851,24.2569705],[92.1232299,24.2572496],[92.123396,24.2582861],[92.1235478,24.2595376],[92.1233922,24.2604883],[92.1237031,24.2612014],[92.1241177,24.2619621],[92.1245323,24.2624375],[92.1249468,24.2631982],[92.1253096,24.2641014],[92.1252577,24.2650997],[92.1260869,24.2664308],[92.1249847,24.2681139],[92.1228253,24.2714116],[92.1224644,24.2715064],[92.1219622,24.2713438],[92.1218885,24.2713176],[92.1203076,24.2707569],[92.1137743,24.270447],[92.1128621,24.2703048],[92.1083217,24.2710806],[92.1080705,24.2714463],[92.1076714,24.2728276],[92.1072526,24.2738161],[92.1070641,24.2738002],[92.1068655,24.2736339],[92.1064769,24.2729526],[92.1061229,24.2723427],[92.1056565,24.2718436],[92.1053716,24.2716296],[92.1050694,24.2714395],[92.1047498,24.2713206],[92.1044474,24.2713365],[92.1027578,24.2716165],[92.1017472,24.2718064],[92.1006934,24.2722418],[92.1003997,24.2721626],[92.0997692,24.2720436],[92.0994151,24.2719961],[92.0991122,24.2720979],[92.0988319,24.2722415],[92.0985621,24.2723797],[92.0983878,24.2724568],[92.0979165,24.2726655],[92.0965981,24.2726275],[92.0963436,24.2726811],[92.0959255,24.2732657],[92.0951916,24.2736577],[92.0944105,24.2736168],[92.0940075,24.2734452],[92.0937474,24.2732339],[92.093508,24.2729651],[92.0932942,24.2725667],[92.0929349,24.2726599],[92.0922611,24.2728974],[92.0916046,24.2731665],[92.0912677,24.2733249],[92.0910258,24.2735466],[92.0907407,24.2736732],[92.0904643,24.2737445],[92.0900842,24.2738077],[92.0897473,24.2738314],[92.08897,24.2737519],[92.0879766,24.2739497],[92.0865256,24.2738067],[92.0861369,24.273767],[92.0854628,24.2739169],[92.0844066,24.2745866],[92.0832365,24.2753285],[92.082623,24.2757174],[92.0809256,24.2758639],[92.0802996,24.2775701],[92.0802107,24.2781163],[92.0802695,24.2787618],[92.0804367,24.2793848],[92.0806039,24.2799311],[92.0814503,24.2817235],[92.081243,24.2829423],[92.0813014,24.2848113],[92.0811677,24.2866575],[92.0812955,24.2873076],[92.0808858,24.2897316],[92.0811513,24.2909551],[92.0804465,24.2921195],[92.080845,24.2932618],[92.0809381,24.2945392],[92.0810906,24.2951352],[92.0818139,24.2969005],[92.081759,24.2987378],[92.0818602,24.2992454],[92.0820344,24.2999522],[92.0819157,24.3011756],[92.0821618,24.3017625],[92.0825949,24.3027241],[92.0836885,24.3024446],[92.0837965,24.303194],[92.0837471,24.3037944],[92.0830426,24.3040425],[92.0823728,24.303979],[92.0821952,24.3046154],[92.0822738,24.3052429],[92.0812626,24.3056523],[92.0798006,24.3062308],[92.0789728,24.3071604],[92.0786229,24.3076569],[92.0773373,24.30753],[92.0769973,24.3077963],[92.076603,24.3083559],[92.0764302,24.3092045],[92.0765529,24.3104595],[92.076173,24.3117414],[92.0757737,24.3122694],[92.0744288,24.3125714],[92.0734237,24.3131939],[92.0729359,24.3136226],[92.0726105,24.3141281],[92.0728073,24.3146473],[92.0728461,24.3159836],[92.0727867,24.3166201],[92.0730965,24.3177126],[92.0737414,24.3188008],[92.074608,24.3198483],[92.074657,24.3204217],[92.0743658,24.3216043],[92.0740207,24.3222091],[92.073981,24.3228681],[92.0746554,24.3239293],[92.0746552,24.3245613],[92.0740484,24.3263441],[92.0737277,24.3275313],[92.0735991,24.3287862],[92.0738794,24.329969],[92.0741057,24.3305017],[92.0740873,24.3326623],[92.0742273,24.3342305],[92.0743749,24.3347813],[92.0749606,24.3358423],[92.0752905,24.3363571],[92.0755415,24.3370162],[92.0758983,24.3392543],[92.075935,24.3396032],[92.0759543,24.3403549],[92.0759388,24.3413094],[92.0754062,24.3424242],[92.0753222,24.342984],[92.0758341,24.3441533],[92.0761026,24.3454609],[92.0760945,24.3459862],[92.0751677,24.3468075],[92.0750295,24.3474845],[92.0750091,24.3492586],[92.0750285,24.3498455],[92.0751859,24.3504233],[92.0756335,24.3521931],[92.0761696,24.354667],[92.0765929,24.3575715],[92.0769269,24.3582651],[92.0769562,24.3589422],[92.0765763,24.3601023],[92.0770634,24.3616057],[92.0771424,24.3620722],[92.0771169,24.3636371],[92.0770181,24.364242],[92.0776632,24.3654023],[92.0780813,24.3672397],[92.078022,24.367831],[92.0769015,24.3719747],[92.0759903,24.3751073],[92.0751181,24.3751183],[92.0731436,24.3751421],[92.07046,24.3751737],[92.0622644,24.3752611],[92.0577081,24.3753109],[92.0551002,24.3753368],[92.051645,24.3753663],[92.0495496,24.3754275],[92.0492305,24.3761776],[92.0490276,24.3774699],[92.049019,24.3775285],[92.0489718,24.3775701],[92.0489161,24.3775752],[92.048806,24.3775783],[92.0483913,24.3775038],[92.0481655,24.3774574],[92.0469468,24.3764691],[92.0460999,24.3764097],[92.0455972,24.3758526],[92.0456692,24.3754861],[92.0453557,24.3751646],[92.0452942,24.3751158],[92.0451237,24.3750378],[92.0450309,24.3750275],[92.0439757,24.3749154],[92.0434705,24.3752384],[92.0433839,24.3753113],[92.0433547,24.375376],[92.0432259,24.3756805],[92.0431983,24.375751],[92.0431956,24.3765229],[92.0432117,24.3770007],[92.043264,24.3770731],[92.0432834,24.377181],[92.0432701,24.377244],[92.0432215,24.377385],[92.0431745,24.3774398],[92.043102,24.3774949],[92.0429519,24.3775833],[92.0418262,24.3772734],[92.0408464,24.3770916],[92.040281,24.3768789],[92.0401592,24.3767564],[92.0394872,24.3767543],[92.0383432,24.3771493],[92.0379974,24.3774583],[92.0378454,24.3778113],[92.037623,24.3783408],[92.0371222,24.3786417],[92.0362701,24.3792167],[92.0356408,24.3800312],[92.0349043,24.379897],[92.0347321,24.3797211],[92.0346932,24.3796807],[92.0344884,24.3790901],[92.0344796,24.3790405],[92.0344581,24.3789985],[92.0344291,24.3789828],[92.0339268,24.3788218],[92.033534,24.3788114],[92.0315155,24.3794778],[92.0305397,24.3795149],[92.0300123,24.3795771],[92.0288654,24.3798207],[92.0280205,24.3795823],[92.0278116,24.3795915],[92.0268612,24.3796366],[92.0267755,24.3797367],[92.0267448,24.3798213],[92.0267879,24.379926],[92.0268546,24.3800639],[92.0269873,24.3804366],[92.0269081,24.3810501],[92.0267312,24.3817302],[92.0264499,24.3820814],[92.0259178,24.3821331],[92.0253899,24.3821638],[92.0249978,24.3828933],[92.0249581,24.38326],[92.0247945,24.3835043],[92.0244721,24.383593],[92.0238003,24.3834048],[92.0231794,24.3830522],[92.0230942,24.3829539],[92.0230335,24.3829001],[92.0223905,24.3827829],[92.022209,24.3827834],[92.0219286,24.3829115],[92.0218722,24.3829734],[92.0217978,24.3830565],[92.0215366,24.3833716],[92.0215289,24.3837316],[92.0215388,24.3837756],[92.0215738,24.3838067],[92.021636,24.3838184],[92.0217166,24.3838257],[92.0217616,24.3837704],[92.0218656,24.38367],[92.0218932,24.3836696],[92.0223092,24.3838152],[92.0223532,24.3838377],[92.022649,24.3840713],[92.0234441,24.3847629],[92.0237205,24.3852093],[92.0238026,24.3854417],[92.0236151,24.3856338],[92.0231718,24.3859158],[92.0224546,24.386029],[92.0220292,24.3860119],[92.0219645,24.3859855],[92.0217727,24.3859251],[92.0216504,24.3858931],[92.0214873,24.3858912],[92.0213387,24.3859354],[92.0211787,24.3859903],[92.0208936,24.3861101],[92.0205608,24.3862684],[92.0203673,24.3863785],[92.0200692,24.3865447],[92.0199677,24.386523],[92.0199327,24.3864941],[92.0183156,24.3851533],[92.0172514,24.3845821],[92.0170354,24.3846239],[92.0168661,24.3846354],[92.016779,24.3846412],[92.0164002,24.3846121],[92.0161343,24.3844633],[92.0160039,24.3843871],[92.0155114,24.3840604],[92.0141624,24.3837696],[92.0135797,24.3836418],[92.0129525,24.3831838],[92.0122684,24.3827349],[92.012092,24.3827102],[92.0118133,24.3827225],[92.0116499,24.3827918],[92.0113344,24.3827879],[92.0109362,24.38276],[92.0104581,24.3824611],[92.0101176,24.3821937],[92.0101022,24.3820976],[92.0097167,24.3818707],[92.0087544,24.3815953],[92.0078151,24.3813343],[92.007307,24.3814273],[92.0071093,24.3814971],[92.0069822,24.3815533],[92.0070492,24.3817345],[92.0070644,24.381818],[92.0070653,24.3818724],[92.0070386,24.3819189],[92.0069776,24.3819616],[92.0065792,24.3821912],[92.0059984,24.3823166],[92.0053048,24.3827974],[92.0047111,24.3832433],[92.0044451,24.3836008],[92.0044342,24.3836345],[92.0044539,24.3837382],[92.0044548,24.3837401],[92.0046386,24.3838283],[92.0047934,24.3839217],[92.0050335,24.3840978],[92.0051994,24.3843807],[92.00545,24.3849953],[92.0054704,24.3850819],[92.0055251,24.3853257],[92.0055424,24.3854973],[92.0055555,24.3856322],[92.005533,24.3857961],[92.0055087,24.3858602],[92.005389,24.3860703],[92.0046714,24.3872067],[92.0039641,24.3880114],[92.0036116,24.3883855],[92.0033886,24.388474],[92.0032859,24.3884726],[92.0028447,24.3884643],[92.0027322,24.38845],[92.0025452,24.3884164],[92.0024119,24.3883864],[92.0023468,24.3883714],[92.0022673,24.3883407],[92.0019749,24.3883448],[92.0019023,24.3883501],[92.0014005,24.3887813],[92.0010437,24.3892742],[92.0008012,24.3897119],[92.0001764,24.3905357],[91.9998235,24.3914585],[91.9998717,24.3915027],[91.9999138,24.3915614],[91.999918,24.3916251],[91.9998139,24.3917366],[91.9993007,24.392236],[91.9992585,24.392267],[91.9991176,24.3922545],[91.9989212,24.3922311],[91.9988371,24.3922135],[91.9975946,24.3923018],[91.9975143,24.3923218]]]}},{"type":"Feature","id":"in-tripura-d-272","properties":{"id":"in-tripura-d-272","name":"West Tripura","region":"in-tripura","level":"district","parent":"","source":"LGD via Bharatlas · 2024 snapshot","state_lgd":16,"district_lgd":272,"center":[91.39930209914712,23.886597011392922],"bbox":[91.221502,23.7258541,91.5676277,24.1114986]},"geometry":{"type":"Polygon","coordinates":[[[91.4020525,24.109393],[91.4014503,24.1096255],[91.401379,24.1096537],[91.4013621,24.1096705],[91.4013507,24.109705],[91.4012638,24.1100394],[91.4011196,24.110598],[91.4010981,24.1106816],[91.4010953,24.1107121],[91.4011023,24.1107601],[91.401149,24.1109156],[91.4013351,24.1112081],[91.4015224,24.1114986],[91.4001814,24.1113519],[91.4000487,24.1112413],[91.3999233,24.1111209],[91.3996045,24.1107267],[91.3993432,24.1104075],[91.3985655,24.1097088],[91.3980872,24.1094781],[91.3967333,24.1092285],[91.3946882,24.1087266],[91.3936719,24.1082774],[91.3924843,24.1079859],[91.3922919,24.1079868],[91.3917642,24.1080087],[91.3914865,24.1080212],[91.3914611,24.1080479],[91.390887,24.1087717],[91.3901547,24.1086889],[91.3889889,24.1085555],[91.3886353,24.108247],[91.3882352,24.1077979],[91.3872108,24.1072147],[91.387023,24.107253],[91.3868636,24.1072835],[91.3858766,24.1074706],[91.3856399,24.1075102],[91.3852768,24.1074362],[91.3850615,24.1073907],[91.3848748,24.1073486],[91.3847071,24.1072783],[91.3845374,24.107209],[91.3844558,24.1071901],[91.3842497,24.1071436],[91.384162,24.1071286],[91.3833063,24.1070537],[91.382638,24.1070845],[91.3817058,24.1071683],[91.3804712,24.1074997],[91.3802029,24.1076219],[91.3800135,24.107705],[91.3795167,24.1078621],[91.3794229,24.1078481],[91.3792119,24.1078146],[91.3789101,24.1077652],[91.3786557,24.1075911],[91.3783725,24.1073874],[91.3778027,24.1071314],[91.37741,24.1069624],[91.377274,24.1069049],[91.3771984,24.1068776],[91.3770613,24.1069041],[91.3768147,24.1069635],[91.3754798,24.1070773],[91.3753584,24.1071401],[91.37502,24.1073554],[91.3748797,24.1074605],[91.3747411,24.1076197],[91.3746106,24.1077704],[91.3745781,24.107512],[91.3743967,24.1059836],[91.3746192,24.1038162],[91.3746597,24.1034469],[91.3747409,24.1027166],[91.3750462,24.0998786],[91.3751142,24.0991587],[91.375158,24.0987146],[91.3753206,24.0971913],[91.3755765,24.0948252],[91.375914,24.0914692],[91.3762403,24.0881982],[91.3763256,24.0873526],[91.3764133,24.0865049],[91.3764989,24.0856788],[91.376947,24.0814703],[91.3770459,24.0805827],[91.377126,24.0798945],[91.3771325,24.0798427],[91.3775753,24.0791564],[91.3794487,24.0762432],[91.3817834,24.0726295],[91.3835981,24.0698267],[91.3842321,24.0688412],[91.3855889,24.0667324],[91.3867187,24.0649932],[91.3872248,24.0642157],[91.3877219,24.0634707],[91.3882063,24.0627355],[91.3892353,24.0611136],[91.3894697,24.0607242],[91.3895968,24.0604981],[91.3901086,24.0596643],[91.391104,24.058116],[91.391614,24.0573265],[91.3925544,24.0557881],[91.3941172,24.0534453],[91.3963981,24.0499323],[91.3965985,24.0496201],[91.3965893,24.0492256],[91.3965878,24.0491605],[91.3965686,24.0485355],[91.3965493,24.048014],[91.3965094,24.0460611],[91.3964832,24.044496],[91.3964492,24.0426002],[91.3963165,24.0420104],[91.3957026,24.0404645],[91.3949086,24.0384704],[91.3939893,24.0360493],[91.3932712,24.0341979],[91.3926077,24.032481],[91.3922786,24.0316256],[91.390804,24.0277794],[91.3908281,24.0269607],[91.3908553,24.0257773],[91.390452,24.0252367],[91.3899999,24.024671],[91.3892546,24.0237314],[91.3888212,24.023174],[91.3877311,24.0217567],[91.383895,24.0167635],[91.3827519,24.0152679],[91.3819666,24.0142482],[91.3813252,24.0134206],[91.3810169,24.0130349],[91.3804304,24.012277],[91.3797889,24.0114459],[91.3793159,24.0108307],[91.3786138,24.0099129],[91.3767801,24.0075079],[91.3752837,24.0055858],[91.3742868,24.0043111],[91.37442,24.0037265],[91.3736742,24.0031217],[91.3733359,24.0026453],[91.3733619,24.0022453],[91.3734513,24.0021418],[91.373691,24.0022248],[91.3739363,24.0022905],[91.3741357,24.0023394],[91.3744069,24.0024016],[91.3747376,24.0023238],[91.3749665,24.002179],[91.3749772,24.0019887],[91.3748278,24.0018778],[91.37467,24.0018642],[91.3745086,24.0018344],[91.3744012,24.001773],[91.3741984,24.001657],[91.3740185,24.0012525],[91.3739624,24.0010715],[91.3739783,24.0008218],[91.374031,24.0006949],[91.3740735,24.000608],[91.3743457,24.0003429],[91.3744961,24.0002431],[91.3745523,24.0002058],[91.3747434,24.0000505],[91.3749062,23.9998945],[91.3751395,23.9996232],[91.3751843,23.999532],[91.3752187,23.9992529],[91.3750965,23.9987485],[91.3750049,23.9988595],[91.374763,23.998998],[91.3745734,23.9990701],[91.3738892,23.9985862],[91.3737911,23.9979248],[91.3737664,23.9976182],[91.3737917,23.9975683],[91.3739406,23.9973227],[91.3740329,23.9972678],[91.3742144,23.9971969],[91.3744238,23.9972046],[91.3748309,23.9975323],[91.3750477,23.9977711],[91.3750917,23.9978107],[91.3752717,23.9978165],[91.3754366,23.997735],[91.3754086,23.9973463],[91.3753109,23.9971376],[91.3751205,23.9969365],[91.3746857,23.9964554],[91.3747743,23.9960786],[91.3748454,23.9960207],[91.3750159,23.9959164],[91.3752741,23.9959765],[91.3754357,23.996016],[91.3753421,23.9962622],[91.3752715,23.9963051],[91.3751272,23.9963928],[91.3751462,23.9967157],[91.3756924,23.996973],[91.3759052,23.9969623],[91.3760918,23.9969324],[91.3764828,23.9967752],[91.3765763,23.9966241],[91.3761308,23.9956106],[91.3756936,23.9952248],[91.3754894,23.9953716],[91.3753316,23.995452],[91.3745886,23.9953695],[91.374323,23.9952802],[91.3742492,23.9952064],[91.3742331,23.9951374],[91.3742341,23.9950174],[91.3742452,23.9949558],[91.3751005,23.9941674],[91.3757303,23.9937108],[91.3763338,23.9933171],[91.3769462,23.9930918],[91.3771014,23.9931865],[91.3772485,23.993198],[91.3774599,23.9931754],[91.3780988,23.9930969],[91.3783116,23.9929922],[91.3784242,23.9926561],[91.3783605,23.9923524],[91.3783296,23.9922381],[91.3781594,23.9921942],[91.3781244,23.9921852],[91.3778785,23.9921054],[91.3778115,23.9920257],[91.3777722,23.9919459],[91.377799,23.9918653],[91.3778815,23.9916257],[91.3780245,23.9914638],[91.3780838,23.9914339],[91.3783177,23.9913905],[91.3783551,23.9913851],[91.3784921,23.9913653],[91.3787133,23.9913299],[91.3788596,23.9912678],[91.3789441,23.9912023],[91.3789946,23.9911451],[91.3790268,23.9910438],[91.3790272,23.9910321],[91.3789649,23.9909552],[91.3788394,23.9908001],[91.3782655,23.9907391],[91.3773621,23.990742],[91.3770448,23.9907568],[91.3769054,23.9906857],[91.3767701,23.9905891],[91.376728,23.9904486],[91.3766596,23.9900558],[91.3775198,23.9898145],[91.3780346,23.989001],[91.3785133,23.9885676],[91.3777021,23.9882486],[91.3770601,23.9880101],[91.3767026,23.9878648],[91.3764272,23.9871213],[91.3766235,23.9863503],[91.377159,23.9851138],[91.3774456,23.9852128],[91.3774893,23.9853024],[91.3776991,23.9853944],[91.3779956,23.9854169],[91.3778484,23.9846647],[91.3778352,23.9846296],[91.377719,23.984525],[91.3773366,23.9838788],[91.3773418,23.982851],[91.3773737,23.9826588],[91.3775412,23.9825906],[91.3776031,23.982592],[91.3782126,23.9826115],[91.3788765,23.9823447],[91.3796374,23.9825546],[91.3801456,23.9824675],[91.3800688,23.9822725],[91.3799834,23.9820756],[91.3795214,23.9813616],[91.3790426,23.9810432],[91.3785308,23.9808211],[91.3777451,23.9801162],[91.3777384,23.9799028],[91.3783513,23.979844],[91.3788408,23.9799802],[91.3788556,23.9799833],[91.3791034,23.9800345],[91.379495,23.9792515],[91.3793471,23.9776684],[91.3792073,23.9775747],[91.3791257,23.9773366],[91.3790676,23.9770984],[91.3795299,23.9765418],[91.3795722,23.9765179],[91.3797856,23.9763612],[91.3795266,23.9753262],[91.3768587,23.9752777],[91.3736283,23.9752286],[91.3729828,23.9757908],[91.372145,23.9765597],[91.37211,23.9766048],[91.372054,23.9766767],[91.3711234,23.9774967],[91.3679146,23.9803092],[91.3662488,23.9812242],[91.3639022,23.9825175],[91.3634588,23.9827618],[91.3627716,23.9831461],[91.3626966,23.9838378],[91.3626246,23.9845149],[91.3625322,23.9853591],[91.3621765,23.9857402],[91.3616629,23.9862604],[91.3607391,23.9860175],[91.3602884,23.985893],[91.359779,23.9856548],[91.3593592,23.9854539],[91.3591029,23.9853275],[91.3589994,23.9849375],[91.3589464,23.9847375],[91.3588068,23.9842323],[91.3586246,23.9841843],[91.3579632,23.9840325],[91.3573339,23.9838979],[91.3569775,23.9839394],[91.3564203,23.9839828],[91.355967,23.9839139],[91.355727,23.9838283],[91.3554517,23.9837197],[91.3550985,23.9835761],[91.3544199,23.9831651],[91.3543914,23.9831328],[91.3543239,23.9830567],[91.3543339,23.9829936],[91.3541378,23.9824503],[91.3536523,23.98215],[91.3532824,23.9819485],[91.3528021,23.9816934],[91.3527411,23.9820946],[91.3525663,23.9821818],[91.351971,23.9824361],[91.3515994,23.9824967],[91.3514135,23.9825127],[91.3506729,23.9825704],[91.3503514,23.9826368],[91.3501621,23.9829712],[91.3500204,23.9832481],[91.3497605,23.9834311],[91.3494691,23.9835795],[91.3488152,23.9838217],[91.3475405,23.984206],[91.347292,23.9841767],[91.3466142,23.9838299],[91.3454145,23.9830653],[91.3446232,23.9827402],[91.3445196,23.9827269],[91.3435599,23.982907],[91.3423266,23.9825164],[91.3418141,23.9821618],[91.341221,23.9819852],[91.3406381,23.9821111],[91.3396512,23.9832606],[91.3396619,23.9835995],[91.3394468,23.9839467],[91.3391945,23.9841977],[91.3390209,23.9842374],[91.3385938,23.9842699],[91.3382321,23.9842939],[91.3374095,23.9844125],[91.3373365,23.9845145],[91.3372942,23.9845862],[91.3369545,23.9855],[91.3369196,23.9859248],[91.336723,23.9863811],[91.3362365,23.9872742],[91.3357622,23.9881702],[91.3351053,23.9886343],[91.3350487,23.9885702],[91.3349472,23.9885559],[91.3348397,23.9885626],[91.3343138,23.988904],[91.3340159,23.9894695],[91.3340115,23.989633],[91.3340264,23.9898534],[91.3341365,23.9902649],[91.3330204,23.990935],[91.3327608,23.9910306],[91.3320645,23.9911207],[91.3314778,23.9915768],[91.3310507,23.9918678],[91.3300986,23.9924014],[91.3293828,23.9922313],[91.3291223,23.992055],[91.3290155,23.9919439],[91.3284484,23.991742],[91.3280477,23.9916184],[91.3272432,23.9916487],[91.3267881,23.9918267],[91.3261965,23.992188],[91.3255366,23.9928185],[91.3244998,23.993925],[91.3242841,23.9940639],[91.3237968,23.9943441],[91.3234099,23.9943515],[91.3228928,23.9941738],[91.3212526,23.9936739],[91.3204899,23.9933654],[91.3197861,23.992967],[91.3186494,23.9923351],[91.3184308,23.9922059],[91.3181974,23.9920579],[91.3180681,23.9919603],[91.3178281,23.9917743],[91.3173119,23.9913133],[91.3172638,23.9912662],[91.3170905,23.9909333],[91.3158341,23.9905172],[91.3151404,23.990459],[91.314586,23.9908204],[91.3139207,23.9910634],[91.3135869,23.9910839],[91.3132536,23.9911474],[91.3126547,23.9913088],[91.3122444,23.9914589],[91.311355,23.9917995],[91.3110068,23.9920857],[91.3105914,23.9925602],[91.3100628,23.9929706],[91.309184,23.9934923],[91.3082505,23.9940766],[91.3076897,23.9947131],[91.3076261,23.994755],[91.3064326,23.9951428],[91.3058277,23.9952247],[91.3051982,23.9954389],[91.3045314,23.9958743],[91.3043927,23.9963319],[91.3044258,23.9969884],[91.3041307,23.9978721],[91.3040111,23.9980099],[91.3039798,23.9980023],[91.3036413,23.9979052],[91.3032242,23.9972729],[91.3031581,23.9968756],[91.3035741,23.9969311],[91.303688,23.9969057],[91.3037522,23.9968733],[91.3037362,23.9967738],[91.3036971,23.996682],[91.3036247,23.9966053],[91.3028718,23.9960081],[91.3022794,23.9954231],[91.3016844,23.9941716],[91.3015781,23.9938366],[91.3015697,23.9935876],[91.3016998,23.9933522],[91.3018259,23.9931783],[91.3020447,23.992923],[91.3022485,23.9924653],[91.3023357,23.9921031],[91.3023676,23.991964],[91.3023804,23.9918611],[91.302362,23.9917595],[91.302329,23.9917015],[91.3021025,23.9909214],[91.3023468,23.9897215],[91.3028037,23.9890941],[91.3031328,23.9885962],[91.3035744,23.987829],[91.3032821,23.9872604],[91.3020229,23.9848555],[91.3005968,23.982168],[91.2999544,23.9810006],[91.2996543,23.9804554],[91.2994049,23.9800041],[91.2987004,23.9787525],[91.2974256,23.9764865],[91.2973196,23.9762979],[91.2973221,23.9762616],[91.2979953,23.9751514],[91.2989084,23.9736243],[91.2994385,23.9727238],[91.2997941,23.9721197],[91.2987839,23.9718162],[91.2984032,23.9717095],[91.2977644,23.9716136],[91.2968557,23.9712043],[91.296174,23.9705619],[91.2955705,23.9700057],[91.2945417,23.9694713],[91.2942396,23.9693691],[91.2925114,23.9687967],[91.2909697,23.9682892],[91.2904196,23.9677643],[91.2902237,23.9676979],[91.2902171,23.9676958],[91.2899709,23.9677038],[91.2898088,23.9677905],[91.2896091,23.9679362],[91.2893925,23.9683052],[91.2888411,23.9684394],[91.2883941,23.9684728],[91.2882403,23.968439],[91.2880927,23.9683816],[91.2880283,23.9683411],[91.2879561,23.9681655],[91.2878619,23.9680225],[91.2877753,23.967988],[91.2876796,23.9680065],[91.2874898,23.9681844],[91.2871233,23.9688808],[91.2870608,23.9690106],[91.2870527,23.9691457],[91.2870928,23.9693157],[91.2875401,23.9697663],[91.2879272,23.9702294],[91.2875962,23.9707057],[91.2872299,23.9712801],[91.2868212,23.9721748],[91.2867693,23.972302],[91.2868095,23.9724416],[91.287014,23.9725686],[91.2872985,23.9727171],[91.287412,23.972925],[91.2876866,23.9737268],[91.2875729,23.9739479],[91.2872941,23.9736548],[91.2870763,23.9738679],[91.2866851,23.9745892],[91.2866651,23.9754382],[91.2864285,23.9759225],[91.2858727,23.976183],[91.2852763,23.9764951],[91.2849549,23.9767402],[91.284857,23.9768566],[91.284774,23.9770084],[91.2846824,23.9772692],[91.2847019,23.9775068],[91.2848339,23.9778656],[91.2850001,23.9782574],[91.2851663,23.979318],[91.2850494,23.9794746],[91.2849637,23.9795998],[91.2849921,23.9797662],[91.2850195,23.9798393],[91.2851055,23.9799652],[91.285313,23.9801522],[91.2854468,23.9802176],[91.2857228,23.9802551],[91.2857864,23.9803145],[91.2860453,23.9816898],[91.2858075,23.9818342],[91.2846882,23.9820999],[91.2844475,23.9817509],[91.2830026,23.9796131],[91.2807744,23.9763468],[91.2794111,23.9743682],[91.2768076,23.9705831],[91.2753095,23.9684123],[91.2738308,23.9662502],[91.2727331,23.9646602],[91.2722887,23.9640198],[91.2715182,23.9628994],[91.2710855,23.9617563],[91.2705816,23.9604425],[91.2701142,23.959229],[91.2694454,23.957564],[91.2691606,23.9568526],[91.2689387,23.9562946],[91.2687598,23.9558429],[91.2681701,23.9543402],[91.2671501,23.9517688],[91.2668188,23.9509245],[91.2665571,23.9502573],[91.2664113,23.9498823],[91.2659838,23.948781],[91.2646614,23.9453384],[91.2642305,23.9442194],[91.2643071,23.9441476],[91.2662206,23.9427311],[91.2670083,23.9421538],[91.267828,23.9415576],[91.2686396,23.9409579],[91.2709261,23.9392376],[91.2718612,23.9385145],[91.2729136,23.9376418],[91.2729974,23.937345],[91.2735864,23.9346885],[91.2737199,23.9340506],[91.2739379,23.9330173],[91.2741301,23.9321158],[91.2750139,23.9280115],[91.2753864,23.9262981],[91.2755897,23.9253675],[91.2757785,23.9245437],[91.2759736,23.923654],[91.2762137,23.922525],[91.2747115,23.923234],[91.2737148,23.9237132],[91.2724902,23.9242882],[91.2717213,23.9246486],[91.2710401,23.9246777],[91.2678181,23.9248183],[91.2664789,23.924878],[91.2639453,23.9249827],[91.2635867,23.9247393],[91.2627616,23.9241875],[91.26179,23.9235596],[91.2617665,23.9235609],[91.2613572,23.9236148],[91.2598794,23.9238211],[91.2587466,23.9240456],[91.2581446,23.9241708],[91.2576811,23.9242715],[91.2567794,23.9244882],[91.2559953,23.9246806],[91.2558192,23.9247285],[91.2540229,23.9252314],[91.2530462,23.9255086],[91.2528723,23.9255642],[91.2521034,23.9260174],[91.2517066,23.9260692],[91.2502515,23.9262346],[91.2478661,23.9264836],[91.2454868,23.9267306],[91.2450231,23.9267759],[91.2449329,23.9267831],[91.2436975,23.926897],[91.2421959,23.9270396],[91.2412761,23.9271307],[91.2394428,23.9273187],[91.2388548,23.9273779],[91.2379518,23.9274689],[91.2371979,23.9275431],[91.2355472,23.9277024],[91.2349675,23.9277577],[91.2345853,23.9277938],[91.2339216,23.9278479],[91.2336605,23.9276009],[91.233019,23.9269572],[91.2363777,23.9252623],[91.240282,23.9232843],[91.2414321,23.9227004],[91.241444,23.9226909],[91.2426119,23.920511],[91.2427485,23.9202561],[91.243377,23.9190409],[91.2441171,23.9176354],[91.2448141,23.9163308],[91.2458759,23.9143369],[91.2461931,23.9137139],[91.2461974,23.91331],[91.2461845,23.9130801],[91.2461048,23.9126944],[91.2455719,23.910359],[91.2452676,23.9089897],[91.2448919,23.9070085],[91.2448281,23.9069395],[91.2430069,23.9058308],[91.2377848,23.9026552],[91.2353833,23.9011944],[91.2352522,23.9011291],[91.2350537,23.9010438],[91.2349159,23.9009858],[91.2336273,23.9004846],[91.2307709,23.8993684],[91.2292885,23.8987918],[91.2288753,23.8986346],[91.2284697,23.8986314],[91.2285223,23.8977178],[91.2286014,23.8964266],[91.2286636,23.8957333],[91.2286963,23.895267],[91.2287312,23.8947598],[91.2287969,23.8937065],[91.2288777,23.8922256],[91.228895,23.89178],[91.2290902,23.888667],[91.2291863,23.8871468],[91.229252,23.8862129],[91.2293021,23.8855315],[91.2293436,23.8848334],[91.2294249,23.8834083],[91.2294546,23.8828733],[91.2294955,23.8821238],[91.2295323,23.8815642],[91.2295916,23.8807186],[91.2296156,23.8805944],[91.2318299,23.8781074],[91.2324235,23.8780141],[91.2338573,23.8778051],[91.2344921,23.8777164],[91.2352254,23.8776168],[91.2357863,23.8775338],[91.2363968,23.8761452],[91.2367985,23.8752421],[91.2375298,23.8736155],[91.237787,23.8730514],[91.2379344,23.8727276],[91.2381591,23.8722015],[91.2382003,23.8716745],[91.2382149,23.8715005],[91.2383157,23.8703783],[91.2385295,23.8679978],[91.2386438,23.8676592],[91.2392438,23.8660615],[91.2405527,23.8625325],[91.2408348,23.8617793],[91.2408694,23.8617002],[91.2413507,23.8610356],[91.242072,23.8600522],[91.2427787,23.8590917],[91.244435,23.8568449],[91.2473191,23.8529247],[91.248887,23.8508131],[91.2492207,23.8495263],[91.2493941,23.848852],[91.2496203,23.8479919],[91.249831,23.8471994],[91.2499268,23.8468473],[91.2501116,23.8464303],[91.2507066,23.8451527],[91.2513665,23.8437808],[91.2523708,23.8416735],[91.254115,23.8379944],[91.2541154,23.8377953],[91.2540879,23.8371857],[91.2540709,23.8369838],[91.2516197,23.8342882],[91.2496221,23.8320964],[91.2494016,23.8318542],[91.2462364,23.8275737],[91.24485,23.8256888],[91.2443417,23.8249977],[91.2428678,23.8229622],[91.2425434,23.8224127],[91.2405661,23.8189918],[91.2396228,23.8173662],[91.2385433,23.8154677],[91.2377608,23.8140479],[91.237431,23.8135978],[91.2363494,23.812641],[91.2359049,23.8124356],[91.2351455,23.81216],[91.2345,23.8116904],[91.2342534,23.8114535],[91.2337597,23.8108251],[91.233602,23.8098991],[91.2335662,23.8092591],[91.2336046,23.8085244],[91.2337164,23.8080309],[91.2338093,23.8076317],[91.233857,23.8070879],[91.2338744,23.8066481],[91.2337403,23.8061885],[91.2336203,23.8057873],[91.2333687,23.804961],[91.2332273,23.8045014],[91.2325546,23.8023875],[91.2322962,23.8017091],[91.232008,23.8009801],[91.2317876,23.8004377],[91.2313923,23.7990251],[91.2315027,23.7986056],[91.2316111,23.7981832],[91.2305206,23.7970407],[91.2292032,23.795949],[91.2290167,23.795774],[91.228845,23.7956123],[91.2283687,23.7951527],[91.2272767,23.7933449],[91.2271654,23.7930713],[91.2270384,23.7927112],[91.2268764,23.792252],[91.2266367,23.7915639],[91.2264164,23.7909264],[91.226657,23.7905845],[91.2268432,23.7903237],[91.2275457,23.7897464],[91.2281166,23.7892682],[91.2285186,23.7887876],[91.2285664,23.7884557],[91.2286482,23.7878464],[91.2287316,23.7872121],[91.2286881,23.7870008],[91.2286127,23.7866541],[91.2284886,23.786121],[91.2284596,23.7859954],[91.2284077,23.785771],[91.2283679,23.7855663],[91.2287414,23.785353],[91.2292739,23.7850539],[91.2294616,23.7849531],[91.2299729,23.784684],[91.2303413,23.7845038],[91.2305326,23.7843996],[91.2305077,23.7840806],[91.2304192,23.7829765],[91.2302338,23.7806675],[91.2301659,23.7798328],[91.2301434,23.7795634],[91.2302946,23.7778353],[91.2303375,23.7774595],[91.2304313,23.7766118],[91.2304944,23.7759249],[91.2305045,23.775508],[91.230529,23.7743946],[91.2305365,23.7733708],[91.2305541,23.7724593],[91.2305994,23.7703815],[91.230625,23.7693789],[91.2306396,23.7688694],[91.230668,23.7672565],[91.2306818,23.7649209],[91.2294324,23.7630093],[91.2283894,23.7613872],[91.2277599,23.7604216],[91.2272985,23.7597179],[91.226426,23.7583896],[91.2252214,23.7565327],[91.225862,23.7535255],[91.2263647,23.7511384],[91.2256964,23.7501611],[91.2253365,23.7496501],[91.223889,23.7476502],[91.2224735,23.7456897],[91.2217121,23.7436732],[91.221502,23.7430897],[91.2244433,23.7414372],[91.2248852,23.7410423],[91.2249526,23.7408663],[91.224941,23.7405143],[91.2250081,23.7400069],[91.2261086,23.7387432],[91.2267488,23.7381468],[91.2272881,23.7379394],[91.2290935,23.737256],[91.2299365,23.7368383],[91.2305539,23.7365304],[91.2309247,23.7363127],[91.2309657,23.7361761],[91.2308886,23.7359225],[91.230853,23.7358242],[91.2306519,23.7355021],[91.2305605,23.7353689],[91.2305602,23.7350894],[91.2307397,23.7347061],[91.2332304,23.7334637],[91.2335338,23.7334013],[91.2337471,23.7331942],[91.2337806,23.7329043],[91.2335561,23.7324521],[91.233556,23.7322969],[91.233586,23.7321532],[91.2345134,23.7326854],[91.2367612,23.7355775],[91.239252,23.7387823],[91.2419801,23.7390052],[91.2437977,23.7390141],[91.2456214,23.7381854],[91.2476784,23.7363107],[91.248826,23.7344314],[91.2488357,23.7327561],[91.2490703,23.7315007],[91.2499881,23.7300392],[91.2510364,23.7300865],[91.2524875,23.7302608],[91.2545239,23.7319462],[91.2570211,23.7325866],[91.2587487,23.7327145],[91.2599503,23.7331159],[91.2624271,23.7331841],[91.264126,23.7330839],[91.2650246,23.7334262],[91.2651411,23.7336434],[91.2652175,23.7340049],[91.2652564,23.7340774],[91.2654131,23.7341142],[91.2655307,23.7341148],[91.2656486,23.7340793],[91.2666707,23.733723],[91.2670604,23.7335477],[91.2674193,23.7331488],[91.2680905,23.7323936],[91.2682583,23.7317243],[91.2683385,23.7313122],[91.2685949,23.730488],[91.268643,23.7303408],[91.268755,23.7301789],[91.2694109,23.7293991],[91.2701512,23.7290973],[91.2703379,23.7291053],[91.2716483,23.7290915],[91.2721279,23.7288857],[91.2726394,23.7285916],[91.2731668,23.7286067],[91.2734224,23.7286511],[91.2737898,23.7288575],[91.2743968,23.7292553],[91.2747802,23.7292998],[91.2761069,23.7289179],[91.2765224,23.7287562],[91.2768967,23.7285593],[91.2771046,23.7283533],[91.2774403,23.7281621],[91.2777759,23.7280446],[91.2791207,23.7278961],[91.2800293,23.7277958],[91.2806048,23.7275606],[91.2810365,23.7272812],[91.2812605,23.7268691],[91.2813031,23.7266486],[91.2827426,23.7268449],[91.2838792,23.7268502],[91.2850147,23.7270649],[91.2852343,23.7284518],[91.2852499,23.7303383],[91.2856668,23.7325131],[91.2877059,23.7337791],[91.2888477,23.7383397],[91.2900669,23.7383835],[91.2906159,23.7384221],[91.2918698,23.7387168],[91.2928497,23.7389019],[91.2931635,23.7389034],[91.2948142,23.7383693],[91.2955622,23.7379032],[91.2973331,23.7369001],[91.2986319,23.7361476],[91.3004018,23.7353251],[91.3016993,23.7347892],[91.3022492,23.7346834],[91.3024857,23.7344678],[91.3026436,23.734288],[91.303078,23.7337482],[91.3033967,23.7328467],[91.3036742,23.7323063],[91.3043466,23.7312982],[91.3049632,23.7307851],[91.3052528,23.7305799],[91.3054499,23.7304003],[91.3055683,23.7302563],[91.3056089,23.7300037],[91.305611,23.7296064],[91.3056906,23.7293901],[91.3058093,23.7292101],[91.3060847,23.7290669],[91.3062418,23.7290315],[91.3064379,23.7290324],[91.3065947,23.7290692],[91.3067904,23.7291423],[91.3076919,23.7292909],[91.3078096,23.7292914],[91.3079669,23.7292198],[91.3083613,23.7288244],[91.3086775,23.7283924],[91.30923,23.7277809],[91.3100178,23.7271705],[91.3114738,23.7263104],[91.3122602,23.7259888],[91.3126921,23.7259185],[91.3144185,23.7258541],[91.3149678,23.7258564],[91.3152421,23.7258938],[91.3162836,23.7262535],[91.3164748,23.7264295],[91.3165726,23.7268721],[91.3167604,23.7289805],[91.3169189,23.7307638],[91.316792,23.733428],[91.3166652,23.7360921],[91.3175482,23.7411224],[91.3175196,23.7465673],[91.3165771,23.7528459],[91.3179215,23.7566216],[91.3197339,23.7578862],[91.3238203,23.7591609],[91.3274584,23.7591769],[91.3315557,23.7583572],[91.3420514,23.751282],[91.3570993,23.7429687],[91.3602947,23.740469],[91.3666605,23.7404954],[91.3743683,23.7451344],[91.3816438,23.745164],[91.386254,23.745189],[91.3865883,23.7451909],[91.3870365,23.7460756],[91.3872607,23.7467244],[91.387837,23.7477862],[91.3877409,23.7480811],[91.3873889,23.7489658],[91.387179,23.7507347],[91.3872164,23.7514578],[91.3875341,23.7520949],[91.3878704,23.7526803],[91.387899,23.7533698],[91.3879315,23.7549099],[91.3877255,23.7559631],[91.387493,23.7568944],[91.3872376,23.7573941],[91.3866639,23.7590412],[91.3865514,23.759413],[91.3864764,23.7597763],[91.3864482,23.7604421],[91.3864868,23.7607636],[91.3866904,23.7611112],[91.3869154,23.7614052],[91.3870843,23.7615782],[91.3872532,23.7617684],[91.3873837,23.7621478],[91.3872512,23.763925],[91.3872043,23.7644006],[91.3871012,23.7645563],[91.3865783,23.7650017],[91.3849198,23.7662393],[91.384318,23.7668258],[91.3828045,23.7676696],[91.3820299,23.7679779],[91.3814541,23.7681376],[91.3809282,23.7681953],[91.3803002,23.7683278],[91.3800188,23.7684835],[91.3797843,23.7688467],[91.3797233,23.7692039],[91.3807669,23.7700111],[91.3818266,23.7706057],[91.3826111,23.7710354],[91.3838302,23.7714303],[91.3843265,23.7715911],[91.3849435,23.7714692],[91.3864748,23.7709485],[91.3880504,23.7700968],[91.3894388,23.769259],[91.3901211,23.7688148],[91.3911585,23.7676753],[91.3915355,23.7671041],[91.3917654,23.7667921],[91.3921423,23.7663799],[91.3922836,23.7662498],[91.3928859,23.7659917],[91.3933101,23.7660385],[91.3946395,23.7662495],[91.3965282,23.7661885],[91.3975606,23.7656418],[91.3978904,23.765273],[91.3998625,23.764295],[91.4009258,23.7638556],[91.4041542,23.7648155],[91.4060066,23.7652497],[91.409606,23.7660932],[91.4109494,23.7660984],[91.4146105,23.7661124],[91.4166553,23.7661202],[91.4213276,23.765314],[91.4231477,23.7651114],[91.4249688,23.7646994],[91.426335,23.7642857],[91.4281541,23.7642926],[91.4304271,23.7645105],[91.4324737,23.7645181],[91.4338426,23.7634759],[91.4355904,23.7614803],[91.4363647,23.7578677],[91.4369863,23.7549673],[91.4380966,23.7515135],[91.4397844,23.7471493],[91.4406242,23.7459037],[91.442975,23.7449998],[91.4464726,23.744196],[91.4493427,23.7438222],[91.4512674,23.7449817],[91.4530381,23.7455643],[91.4558519,23.7461507],[91.4576856,23.7461627],[91.4596176,23.7460982],[91.4630448,23.7456057],[91.4636222,23.7455517],[91.4664502,23.7454733],[91.467127,23.7449888],[91.4690619,23.7436992],[91.4697699,23.7435569],[91.4720051,23.7429072],[91.4738132,23.7423712],[91.4754866,23.7412246],[91.4764003,23.7411267],[91.4770773,23.741369],[91.4778046,23.7420918],[91.4784756,23.7438226],[91.4791496,23.7447851],[91.4801378,23.7454607],[91.4813884,23.745753],[91.4826412,23.7454691],[91.4836874,23.7446565],[91.4842468,23.7440814],[91.4849442,23.7433643],[91.486355,23.7426968],[91.4874506,23.7426045],[91.4888572,23.7420489],[91.4902494,23.741499],[91.4913466,23.7409745],[91.4932991,23.7411013],[91.4931382,23.7415775],[91.493171,23.7422021],[91.493528,23.7428513],[91.4944328,23.7436538],[91.4950472,23.744635],[91.4954027,23.7451108],[91.4960489,23.7455565],[91.4965662,23.746151],[91.4966992,23.7464119],[91.4971082,23.7472139],[91.497194,23.7473171],[91.4973142,23.7473235],[91.497431,23.7472712],[91.4976117,23.7470819],[91.4978213,23.7468489],[91.4980405,23.7466312],[91.4983028,23.7464176],[91.4984429,23.7463331],[91.4985524,23.7462929],[91.498688,23.7462608],[91.498885,23.7462892],[91.4990905,23.746374],[91.5003158,23.7468459],[91.5009904,23.747098],[91.5022106,23.7480611],[91.5032225,23.748343],[91.504861,23.7487292],[91.5068798,23.7507742],[91.5082325,23.7516427],[91.5092229,23.75179],[91.5105275,23.7516021],[91.5112447,23.7513036],[91.5119225,23.7513538],[91.5125478,23.7514999],[91.5132254,23.751598],[91.5142162,23.7516492],[91.5146861,23.7515066],[91.5151515,23.7510599],[91.5157331,23.7505016],[91.5163068,23.7505034],[91.5168799,23.7506494],[91.5169785,23.7509557],[91.517756,23.7534849],[91.5177524,23.7544451],[91.517968,23.7555449],[91.5181442,23.7558475],[91.5192824,23.7557788],[91.5201452,23.7558898],[91.5208107,23.7563254],[91.5208902,23.7574273],[91.5209212,23.7582759],[91.5209192,23.7588176],[91.5207581,23.7599368],[91.5205998,23.7602974],[91.5204411,23.7607665],[91.5203971,23.7620664],[91.5212501,23.7625436],[91.5223424,23.762547],[91.5240525,23.7624212],[91.5248809,23.7622558],[91.5256684,23.7621204],[91.5264757,23.7621228],[91.5273286,23.7626499],[91.5289382,23.7640531],[91.5296979,23.7640991],[91.5304102,23.7641012],[91.531075,23.764147],[91.5318801,23.7647613],[91.53259,23.7654626],[91.5336325,23.7661211],[91.5345812,23.7664299],[91.5356511,23.7672915],[91.5360421,23.7677986],[91.5365965,23.7685178],[91.536976,23.76865],[91.5383311,23.7686542],[91.5387453,23.7686422],[91.5389388,23.7685998],[91.5400641,23.7683535],[91.5409192,23.7683124],[91.541393,23.7686197],[91.5416839,23.7691192],[91.5425909,23.7706766],[91.5434643,23.7720506],[91.5440644,23.7729865],[91.5446859,23.7739555],[91.5467906,23.7761123],[91.5467978,23.7761197],[91.5472036,23.7765355],[91.5476602,23.7770319],[91.5480586,23.7778691],[91.5485422,23.7787479],[91.548493,23.779109],[91.5484926,23.7796056],[91.5487378,23.7798315],[91.548983,23.779967],[91.5496207,23.7801028],[91.5505038,23.7801033],[91.5512886,23.7802843],[91.5518771,23.7805555],[91.5518278,23.7810069],[91.5516307,23.7823612],[91.5514335,23.7839863],[91.5515198,23.7846097],[91.5515988,23.7850369],[91.5520611,23.7855655],[91.5533564,23.7855332],[91.5541811,23.785355],[91.555125,23.784816],[91.5555589,23.7841673],[91.5555614,23.7834449],[91.5559562,23.7827598],[91.5563499,23.782436],[91.5567819,23.7823289],[91.5572809,23.7823303],[91.5577238,23.7823316],[91.5589789,23.7825519],[91.5594884,23.7827701],[91.5607725,23.7839015],[91.5614051,23.7846536],[91.5616786,23.7850156],[91.562775,23.785741],[91.5641076,23.7862349],[91.5655435,23.7870299],[91.565718,23.7870922],[91.5660139,23.787093],[91.5671188,23.7863548],[91.5675064,23.785699],[91.5675681,23.7870674],[91.5676277,23.7883897],[91.5673819,23.7896175],[91.5673812,23.790841],[91.5668512,23.7912741],[91.5661052,23.7919645],[91.5667132,23.7924208],[91.5671545,23.7930078],[91.5675025,23.793762],[91.5673893,23.7943985],[91.5671976,23.7950891],[91.5665599,23.7950121],[91.5659514,23.7953414],[91.5661553,23.7958843],[91.566309,23.7964386],[91.5661171,23.7976393],[91.5669754,23.798353],[91.5671417,23.7992199],[91.5668765,23.7997705],[91.5665666,23.8014814],[91.5663454,23.8022488],[91.5665953,23.8029621],[91.566487,23.8035716],[91.5654612,23.8043115],[91.5646411,23.8058055],[91.5640856,23.8076698],[91.5643305,23.8085095],[91.5645802,23.8096609],[91.5647612,23.8108709],[91.5646526,23.8121484],[91.5642889,23.8132949],[91.562904,23.815362],[91.5634583,23.8158453],[91.5638554,23.8162498],[91.5640126,23.8164099],[91.5642478,23.8170329],[91.5652431,23.8186179],[91.5653294,23.819733],[91.5642083,23.820901],[91.5636353,23.8214979],[91.5633979,23.822075],[91.5634348,23.8227613],[91.5631973,23.8233023],[91.5628818,23.8237349],[91.562409,23.8242391],[91.5618192,23.8245263],[91.5611724,23.8246236],[91.5611695,23.824624],[91.5605175,23.8247283],[91.5599107,23.8248617],[91.5594614,23.8251696],[91.5597734,23.8257845],[91.5603965,23.8264617],[91.5610346,23.8275731],[91.5615304,23.8286065],[91.5620007,23.8288607],[91.5622302,23.8303987],[91.5623456,23.8313536],[91.5628527,23.8323302],[91.5628492,23.8333776],[91.5625333,23.8338822],[91.5619815,23.8345307],[91.5614306,23.8348903],[91.5606838,23.83511],[91.5597406,23.835355],[91.5591098,23.8361476],[91.559145,23.8373395],[91.5594576,23.8377739],[91.5605555,23.8382104],[91.5609846,23.8390062],[91.5610596,23.8400538],[91.5610532,23.8419317],[91.5616388,23.8429085],[91.562263,23.8441021],[91.5621826,23.8446436],[91.5615932,23.8447864],[91.5608856,23.8450372],[91.5609395,23.8457731],[91.561008,23.8466422],[91.5613118,23.8477935],[91.5615913,23.8482767],[91.5620867,23.8488367],[91.5621159,23.8493243],[91.5619779,23.8505205],[91.5627234,23.8514147],[91.5636207,23.8534151],[91.5632324,23.8542817],[91.5639828,23.8554062],[91.563899,23.8560697],[91.5628188,23.8566787],[91.5626223,23.8570894],[91.5634808,23.8580062],[91.5632986,23.8592161],[91.5622993,23.8605139],[91.562218,23.8606195],[91.5621637,23.8613102],[91.5621732,23.861485],[91.5621928,23.861843],[91.5625215,23.8621772],[91.5630221,23.8624077],[91.5636602,23.8624576],[91.5641966,23.8650927],[91.5642816,23.8663719],[91.5633093,23.8671345],[91.5635885,23.8683084],[91.5644566,23.8698256],[91.5637348,23.8701323],[91.5628753,23.870949],[91.5625458,23.8721226],[91.5613771,23.8728354],[91.5612687,23.8733681],[91.5613761,23.8744651],[91.5611402,23.8750429],[91.560364,23.8759861],[91.5595585,23.8767757],[91.5582869,23.8769286],[91.5572606,23.8773615],[91.5570394,23.8778715],[91.5570632,23.8790679],[91.5564986,23.8792889],[91.5552465,23.8795411],[91.5544164,23.8802313],[91.5543617,23.8813509],[91.5540662,23.8830256],[91.5540688,23.8830781],[91.5541777,23.885319],[91.5540929,23.8876394],[91.5553102,23.8881005],[91.5565868,23.8881282],[91.5572642,23.8883678],[91.556321,23.889338],[91.5562123,23.8904349],[91.5566291,23.8915322],[91.5572615,23.8932389],[91.5572612,23.8938032],[91.556858,23.8948369],[91.5566364,23.8959835],[91.5566066,23.8965432],[91.5567097,23.89724],[91.5569933,23.8988142],[91.5576018,23.899471],[91.5582151,23.9000156],[91.5571444,23.9005388],[91.5557892,23.9006374],[91.5561174,23.9018656],[91.5559577,23.9031564],[91.5557034,23.9045362],[91.5554078,23.9064699],[91.5556044,23.9069316],[91.5556281,23.9075941],[91.5552693,23.9081041],[91.5550186,23.9086637],[91.5551557,23.9093275],[91.5547965,23.9103972],[91.5543789,23.9107537],[91.5538235,23.9116473],[91.5538526,23.9123109],[91.5534112,23.912028],[91.5525078,23.9109965],[91.5507653,23.909849],[91.5503269,23.9095709],[91.5503259,23.9095703],[91.5493378,23.908955],[91.5485171,23.9084708],[91.5483259,23.9079832],[91.5479388,23.9066829],[91.5474382,23.9062988],[91.5460784,23.9057157],[91.5448312,23.9055841],[91.5443889,23.9061482],[91.5444349,23.9063303],[91.5445554,23.9068074],[91.5450261,23.9078821],[91.5447213,23.908365],[91.5444167,23.908568],[91.543447,23.9086574],[91.5428355,23.9085941],[91.5411533,23.9077706],[91.5411175,23.9077534],[91.5399209,23.9081081],[91.5391487,23.9085176],[91.538745,23.9087317],[91.5374978,23.9085774],[91.5360838,23.908247],[91.5350628,23.9075828],[91.5338514,23.9083004],[91.5325316,23.9091159],[91.5323707,23.9092154],[91.5318454,23.9091112],[91.530996,23.908591],[91.5307606,23.9084468],[91.5301224,23.9083471],[91.528713,23.9084455],[91.5283788,23.9087793],[91.5276169,23.9097314],[91.5271986,23.9108055],[91.5271142,23.9119792],[91.5271728,23.9124353],[91.5280018,23.9134832],[91.5286423,23.914822],[91.529203,23.915994],[91.5300907,23.9174482],[91.530753,23.9183696],[91.5318919,23.9188805],[91.5319993,23.9199279],[91.5318902,23.9211513],[91.532155,23.9217518],[91.5326507,23.9220591],[91.5327043,23.9227228],[91.5324584,23.923156],[91.5311817,23.9230017],[91.5307638,23.9234845],[91.5308219,23.9246086],[91.5311258,23.9254259],[91.5319256,23.9263926],[91.5319005,23.9269568],[91.5320843,23.9275703],[91.5331623,23.9275309],[91.533329,23.9279644],[91.5337412,23.928371],[91.5344639,23.9288189],[91.5354055,23.9293698],[91.535906,23.9299027],[91.5355422,23.9303901],[91.5342407,23.9303351],[91.5339907,23.9298023],[91.5332147,23.9297747],[91.5313285,23.9300805],[91.5310238,23.9303105],[91.5308859,23.9307663],[91.5311066,23.931227],[91.5318279,23.932171],[91.5323824,23.9328079],[91.5325589,23.9332278],[91.531753,23.9332993],[91.5306185,23.93366],[91.5300341,23.9336099],[91.5289244,23.9332526],[91.5278733,23.9332744],[91.5272888,23.933405],[91.5268756,23.9340908],[91.5261216,23.9346245],[91.525652,23.9349569],[91.5253912,23.9354577],[91.5253072,23.9361438],[91.5257486,23.9369342],[91.5258746,23.9371428],[91.5267443,23.9385962],[91.5268903,23.939087],[91.5269109,23.9391561],[91.5259132,23.9398416],[91.5253966,23.9409292],[91.5251206,23.9421254],[91.5253706,23.9426899],[91.5250658,23.9431727],[91.5244515,23.9435289],[91.5232624,23.9439343],[91.5214591,23.9447773],[91.5215958,23.9457706],[91.5213154,23.946258],[91.5210941,23.9465603],[91.5210008,23.9465511],[91.5203326,23.9467809],[91.5194478,23.9474936],[91.5191669,23.9485136],[91.5194705,23.9497102],[91.5191068,23.9510629],[91.5190655,23.9522741],[91.5191475,23.9526941],[91.5192988,23.9534689],[91.5194274,23.9541885],[91.5189013,23.954802],[91.5181494,23.9550543],[91.517815,23.9554874],[91.5177605,23.9560472],[91.5178435,23.9566341],[91.5183534,23.9577225],[91.518716,23.9589191],[91.518686,23.9595059],[91.5186018,23.9601695],[91.5180449,23.9623631],[91.5175434,23.9627464],[91.515897,23.9634947],[91.5156705,23.9641581],[91.5150359,23.9651011],[91.5152085,23.9656809],[91.5153396,23.9661216],[91.5152261,23.9666813],[91.5146698,23.9679585],[91.5139148,23.9689858],[91.513632,23.9693707],[91.5129637,23.9696004],[91.5126881,23.9700607],[91.5124369,23.970697],[91.5121223,23.971537],[91.5112118,23.9726599],[91.509826,23.9730425],[91.5090872,23.9749696],[91.5085615,23.9750188],[91.5080062,23.9751944],[91.5077306,23.9757043],[91.5077004,23.976395],[91.5075328,23.9770315],[91.5067564,23.9771617],[91.5061759,23.9778971],[91.5067841,23.9789946],[91.5074366,23.9800018],[91.5063793,23.9809942],[91.5066121,23.9816173],[91.5068254,23.9820915],[91.5082638,23.9833431],[91.5085126,23.9852574],[91.5087229,23.986314],[91.5086707,23.9865479],[91.5085798,23.986955],[91.5082746,23.9874648],[91.5066132,23.9881993],[91.5058322,23.9879188],[91.504559,23.9885047],[91.5039199,23.9889646],[91.5044993,23.9893984],[91.5046654,23.9903421],[91.5043064,23.9906217],[91.503475,23.9916187],[91.5035815,23.9931988],[91.5019979,23.9946512],[91.5008883,23.9937067],[91.4995321,23.9937281],[91.4996687,23.9947259],[91.4991426,23.9950821],[91.4979477,23.9957673],[91.497077,23.9961784],[91.4967051,23.9964267],[91.4966454,23.9967715],[91.496697,23.9976835],[91.4965193,23.9980812],[91.4963415,23.9983153],[91.4960108,23.9983856],[91.4952223,23.9984564],[91.4946374,23.9986907],[91.4943069,23.9989482],[91.4942308,23.9991821],[91.4947656,23.9998366],[91.4957076,24.0006545],[91.4963157,24.001448],[91.4964888,24.0019559],[91.4964545,24.0021781],[91.4962132,24.0026227],[91.4958337,24.0030674],[91.4955921,24.0031946],[91.4951433,24.0032902],[91.4946597,24.0032906],[91.4944182,24.003513],[91.4943498,24.0042113],[91.4945583,24.0056715],[91.4946967,24.0059888],[91.4952154,24.0067502],[91.4953329,24.0068446],[91.4957684,24.0071943],[91.4960449,24.0075433],[91.4961487,24.0077019],[91.4962179,24.0078606],[91.4958385,24.0084323],[91.49539,24.008877],[91.4951057,24.0094977],[91.4948706,24.0101204],[91.4949308,24.0108319],[91.4950099,24.0114218],[91.4949759,24.0119298],[91.494838,24.0121838],[91.4942514,24.0128827],[91.4939755,24.0133273],[91.4938724,24.0138988],[91.4939531,24.01458],[91.4939711,24.0147313],[91.4940626,24.015698],[91.4940816,24.0161524],[91.493978,24.0162478],[91.4933565,24.0163435],[91.4928732,24.0165026],[91.4922147,24.0169107],[91.4918031,24.01717],[91.4914579,24.0174242],[91.4913889,24.0176148],[91.4913893,24.0180274],[91.4915967,24.0182178],[91.4920806,24.0187253],[91.4922881,24.0189791],[91.4923227,24.0190743],[91.4923228,24.019233],[91.4918801,24.019464],[91.4912872,24.0197734],[91.4905968,24.0201866],[91.4903552,24.0204408],[91.4902518,24.0206631],[91.4902521,24.0209488],[91.4903559,24.0212343],[91.4907016,24.0215833],[91.4909435,24.0217736],[91.4913585,24.0226227],[91.4916356,24.0232969],[91.491636,24.0236778],[91.4914646,24.024577],[91.4915693,24.0257197],[91.4916041,24.0260054],[91.4918459,24.0261322],[91.4921223,24.026132],[91.4924329,24.0258779],[91.4925882,24.0257921],[91.4926056,24.0257825],[91.4926401,24.025846],[91.4926058,24.0260364],[91.4923648,24.0270525],[91.4922999,24.0272618],[91.4921582,24.0277192],[91.4915177,24.0286824],[91.4911233,24.0292755],[91.4906056,24.0297203],[91.4901223,24.0300381],[91.489087,24.0312451],[91.4887076,24.0317533],[91.4884662,24.0323249],[91.4881563,24.0334997],[91.4880533,24.0342298],[91.4881918,24.0346741],[91.488434,24.0351502],[91.4884345,24.0356581],[91.4883311,24.0359756],[91.4878481,24.0367695],[91.4874685,24.037246],[91.4873652,24.0374683],[91.4871928,24.0379446],[91.4870899,24.0388652],[91.4870925,24.0396408],[91.4875849,24.0399343],[91.4879057,24.040124],[91.4882676,24.0403383],[91.4884752,24.0406238],[91.4883027,24.0409414],[91.4881576,24.0410368],[91.4876079,24.0413706],[91.4871288,24.0416724],[91.4865765,24.0421489],[91.4867149,24.0424346],[91.4870606,24.0427835],[91.4872339,24.0433865],[91.4873254,24.0438058],[91.4874771,24.0451006],[91.487512,24.0455449],[91.4874779,24.0461482],[91.4873403,24.0467831],[91.4870991,24.0475769],[91.4870653,24.0484657],[91.487047,24.0486527],[91.487031,24.0488149],[91.4869966,24.0489737],[91.4863249,24.0495707],[91.4861692,24.0510377],[91.4864115,24.0515455],[91.4871304,24.0519991],[91.4875175,24.0522431],[91.4876215,24.0525604],[91.4875529,24.0531954],[91.4876222,24.053481],[91.4878988,24.053703],[91.4885552,24.0537344],[91.489039,24.0538609],[91.4891082,24.0539562],[91.4890046,24.0540832],[91.4885903,24.0543057],[91.4871052,24.0549416],[91.4870696,24.0554253],[91.4870499,24.0558238],[91.4870485,24.0561488],[91.4870861,24.0565823],[91.4869669,24.0569069],[91.4867691,24.0571952],[91.4858221,24.0579504],[91.4848746,24.0588139],[91.4843381,24.05905],[91.4836532,24.0593514],[91.4815619,24.0610416],[91.4806541,24.061833],[91.4802542,24.0634568],[91.4804879,24.0639993],[91.4807615,24.0644336],[91.4808389,24.0647228],[91.4803246,24.0654795],[91.4796941,24.0657662],[91.4780779,24.0666634],[91.4778014,24.0669515],[91.4777209,24.0673846],[91.4779934,24.0680717],[91.4781087,24.0687221],[91.4780264,24.0696246],[91.4777484,24.0702737],[91.4774334,24.0703449],[91.4769613,24.0703794],[91.476686,24.0703784],[91.4765284,24.0704501],[91.4763701,24.0706663],[91.4763683,24.0710996],[91.4764841,24.0716417],[91.4761265,24.0725434],[91.4756121,24.0732638],[91.4753347,24.0737684],[91.475215,24.0741653],[91.4747413,24.074597],[91.474032,24.0748835],[91.4735985,24.0750987],[91.4734013,24.0752063],[91.473083,24.076108],[91.4731597,24.0765777],[91.4732759,24.0770115],[91.4734322,24.0772649],[91.4741397,24.0773757],[91.4758649,24.0781389],[91.4768711,24.0781605],[91.4769694,24.0779994],[91.4771276,24.0777833],[91.477403,24.0777842],[91.4784637,24.0781129],[91.4800723,24.0791658],[91.48066,24.0797095],[91.4806191,24.0801066],[91.4805388,24.0805035],[91.4801029,24.0812966],[91.4799024,24.0822349],[91.4797414,24.0831372],[91.4797767,24.0841123],[91.4803627,24.0851256],[91.4805952,24.0859931],[91.4807134,24.0864905],[91.4808627,24.0879081],[91.4808963,24.0893166],[91.4808542,24.0900026],[91.4806953,24.0903632],[91.4802607,24.0908312],[91.4800232,24.0911915],[91.4799428,24.0916246],[91.4798997,24.0925273],[91.4798984,24.0928546],[91.4798969,24.0932135],[91.4799111,24.0934497],[91.4802006,24.0933156],[91.4808153,24.0931656],[91.4808881,24.0931479],[91.4818281,24.0939933],[91.482822,24.0949362],[91.4838787,24.0956899],[91.4848896,24.0964344],[91.4841063,24.0964381],[91.4833822,24.0970338],[91.4832793,24.0974808],[91.4829054,24.0976674],[91.4823946,24.0978143],[91.4818964,24.0979483],[91.4806811,24.0981529],[91.479874,24.0980618],[91.4794218,24.0979998],[91.4791765,24.0979625],[91.4790378,24.0979411],[91.4790066,24.0979362],[91.4788532,24.0979097],[91.4787652,24.0979059],[91.4786519,24.0979212],[91.4780985,24.0980299],[91.4775164,24.0982935],[91.4763335,24.0992704],[91.4762265,24.0995864],[91.4761934,24.099801],[91.4761361,24.1002253],[91.4758683,24.1003288],[91.4756777,24.1003846],[91.4752232,24.1003378],[91.4748294,24.1001499],[91.4741087,24.0998273],[91.4734972,24.0997774],[91.4734643,24.0997988],[91.4731429,24.1002084],[91.4731093,24.1002743],[91.4731752,24.1006529],[91.4734447,24.1011031],[91.473628,24.1013892],[91.4736894,24.1015068],[91.4731647,24.1017527],[91.4720234,24.0998143],[91.471932,24.0996579],[91.4716971,24.0990344],[91.4712953,24.098782],[91.4709273,24.0987054],[91.4706192,24.0986453],[91.4700096,24.0987662],[91.4693043,24.0989856],[91.4688737,24.09912],[91.468391,24.0992567],[91.468031,24.0992228],[91.4673398,24.0990726],[91.4654694,24.0986266],[91.4648863,24.0983197],[91.4641893,24.0978446],[91.4639556,24.0974758],[91.4636062,24.0969305],[91.4632353,24.096464],[91.4625449,24.0960657],[91.4614531,24.0963694],[91.4609219,24.0966519],[91.4604569,24.0970261],[91.4601806,24.0971264],[91.4595587,24.0973106],[91.4588885,24.097444],[91.4584989,24.0973497],[91.4586474,24.0971734],[91.4583606,24.0969573],[91.4579549,24.0967633],[91.4576403,24.0968317],[91.4575344,24.0969945],[91.456537,24.0972133],[91.4557899,24.0967541],[91.4551448,24.0967399],[91.4543223,24.0970847],[91.4542807,24.0971712],[91.4545684,24.0974682],[91.4549588,24.0975659],[91.4549256,24.0978687],[91.4546803,24.0982598],[91.4542704,24.0986578],[91.454077,24.0986442],[91.4536927,24.0985855],[91.4535413,24.098514],[91.4535395,24.098368],[91.453294,24.0980315],[91.4526357,24.0980982],[91.4524771,24.0981389],[91.4520612,24.0982866],[91.4512259,24.1003971],[91.4505043,24.1011034],[91.4498348,24.1011885],[91.4494118,24.100979],[91.4486858,24.1005575],[91.4476729,24.1000545],[91.4478283,24.0996184],[91.447176,24.0993023],[91.4463456,24.0992175],[91.4453125,24.0988919],[91.4445146,24.0984389],[91.4444584,24.0983206],[91.444386,24.0981472],[91.4443074,24.0978273],[91.444291,24.0975784],[91.4438404,24.0974222],[91.4432159,24.0972861],[91.4428462,24.0972642],[91.4422498,24.0973245],[91.4421796,24.0973355],[91.4420952,24.0973712],[91.4420455,24.0974188],[91.4420508,24.0974905],[91.442075,24.0975497],[91.4421083,24.0976303],[91.4419258,24.0983238],[91.4415261,24.0990584],[91.4409866,24.1020026],[91.4401329,24.102208],[91.4394486,24.1021073],[91.4386747,24.102358],[91.4378536,24.1026143],[91.437302,24.1026819],[91.4371819,24.1026459],[91.4369865,24.1024653],[91.4368005,24.1022473],[91.436472,24.101756],[91.4357632,24.101116],[91.4354287,24.1009226],[91.4351332,24.1007607],[91.4348162,24.100739],[91.4346214,24.1007605],[91.434433,24.1008369],[91.4336976,24.1012006],[91.4312146,24.1001317],[91.4311075,24.1000721],[91.4309016,24.0999576],[91.4308279,24.0999335],[91.4307737,24.0999252],[91.4300521,24.1006345],[91.4298796,24.1009058],[91.4298437,24.1009753],[91.4298406,24.1010338],[91.4298584,24.1010726],[91.4299077,24.1011555],[91.4300064,24.1013335],[91.430042,24.1014023],[91.4300844,24.1015579],[91.4301009,24.1016464],[91.4300732,24.1017584],[91.430036,24.1018775],[91.429993,24.1019932],[91.429659,24.1020054],[91.4295754,24.1019584],[91.4296262,24.1018444],[91.4295667,24.101712],[91.4294404,24.1016513],[91.4293647,24.1016236],[91.4290799,24.1015503],[91.4289086,24.1015963],[91.4286243,24.1017268],[91.4285938,24.1017626],[91.4285826,24.1017928],[91.4288698,24.1022296],[91.4289579,24.1023316],[91.4291029,24.1025074],[91.4293003,24.1030196],[91.4293542,24.1031733],[91.4294356,24.1036778],[91.4294096,24.1042507],[91.4293139,24.104491],[91.4290661,24.1046052],[91.4287125,24.1047488],[91.4283601,24.1050274],[91.4283343,24.1050693],[91.427989,24.1056859],[91.4278706,24.1062609],[91.4278979,24.1066231],[91.427899,24.106637],[91.4279225,24.1068075],[91.4279526,24.1069341],[91.4280726,24.1071999],[91.4284788,24.107673],[91.42859,24.1078075],[91.4286927,24.108021],[91.4285996,24.1082123],[91.4284081,24.1083478],[91.4280946,24.1084516],[91.4278246,24.1083974],[91.4275446,24.1083105],[91.4263167,24.1077165],[91.4251643,24.1072466],[91.4235973,24.1074067],[91.4222909,24.107829],[91.4209867,24.1082295],[91.4202116,24.1084123],[91.4198283,24.1084621],[91.4192044,24.1085296],[91.4185529,24.1084813],[91.4182947,24.1084204],[91.4177663,24.1082966],[91.4172039,24.1081654],[91.4171089,24.1082097],[91.416839,24.1083714],[91.4165566,24.10854],[91.4164061,24.1086243],[91.4163103,24.1086779],[91.4144469,24.109544],[91.4141871,24.1096231],[91.4137908,24.109734],[91.4128894,24.1098783],[91.4123984,24.1099381],[91.4113517,24.1099976],[91.4110708,24.1100131],[91.410881,24.109962],[91.4107034,24.1098539],[91.4106031,24.1097813],[91.4103486,24.1095886],[91.4101198,24.1093947],[91.4097622,24.109252],[91.4086803,24.1092265],[91.4080466,24.1092406],[91.407661,24.1092621],[91.4072883,24.1092805],[91.4067701,24.1093023],[91.4066065,24.1092941],[91.4053518,24.1092093],[91.40494,24.1091761],[91.4040916,24.109105],[91.4030047,24.1093865],[91.4020525,24.109393]]]}}]}
