{"type":"FeatureCollection","features":[{"type":"Feature","id":"in-west-bengal-t-2173","properties":{"id":"in-west-bengal-t-2173","name":"Alipurduar - I","region":"in-west-bengal","level":"tehsil","parent":"in-west-bengal-d-664","district":"Alipurduar","source":"LGD via Bharatlas · 2024 snapshot","state_lgd":19,"district_lgd":664,"subdistrict_lgd":2173,"center":[89.40906322316096,26.52954468],"bbox":[89.2450811,26.4623163,89.5944847,26.7984582]},"geometry":{"type":"Point","coordinates":[89.40906322316096,26.52954468]}},{"type":"Feature","id":"in-west-bengal-t-2174","properties":{"id":"in-west-bengal-t-2174","name":"Alipurduar - II","region":"in-west-bengal","level":"tehsil","parent":"in-west-bengal-d-664","district":"Alipurduar","source":"LGD via Bharatlas · 2024 snapshot","state_lgd":19,"district_lgd":664,"subdistrict_lgd":2174,"center":[89.64331681406065,26.510249256883725],"bbox":[89.5298381,26.3953344,89.7441323,26.6463802]},"geometry":{"type":"Point","coordinates":[89.64331681406065,26.510249256883725]}},{"type":"Feature","id":"in-west-bengal-t-2322","properties":{"id":"in-west-bengal-t-2322","name":"Amdanga","region":"in-west-bengal","level":"tehsil","parent":"in-west-bengal-d-303","district":"24 Paraganas North","source":"LGD via Bharatlas · 2024 snapshot","state_lgd":19,"district_lgd":303,"subdistrict_lgd":2322,"center":[88.49049952968923,22.838092837072516],"bbox":[88.4136669,22.7507383,88.5556609,22.9352256]},"geometry":{"type":"Point","coordinates":[88.49049952968923,22.838092837072516]}},{"type":"Feature","id":"in-west-bengal-t-2400","properties":{"id":"in-west-bengal-t-2400","name":"Amta - I","region":"in-west-bengal","level":"tehsil","parent":"in-west-bengal-d-313","district":"Howrah","source":"LGD via Bharatlas · 2024 snapshot","state_lgd":19,"district_lgd":313,"subdistrict_lgd":2400,"center":[88.02524628468632,22.599504287595238],"bbox":[87.968984,22.5128708,88.0760971,22.7129217]},"geometry":{"type":"Point","coordinates":[88.02524628468632,22.599504287595238]}},{"type":"Feature","id":"in-west-bengal-t-2399","properties":{"id":"in-west-bengal-t-2399","name":"Amta - II","region":"in-west-bengal","level":"tehsil","parent":"in-west-bengal-d-313","district":"Howrah","source":"LGD via Bharatlas · 2024 snapshot","state_lgd":19,"district_lgd":313,"subdistrict_lgd":2399,"center":[87.92385991458144,22.573475905869063],"bbox":[87.8433489,22.5068655,87.9996588,22.6343892]},"geometry":{"type":"Point","coordinates":[87.92385991458144,22.573475905869063]}},{"type":"Feature","id":"in-west-bengal-t-2340","properties":{"id":"in-west-bengal-t-2340","name":"Arambag","region":"in-west-bengal","level":"tehsil","parent":"in-west-bengal-d-312","district":"Hooghly","source":"LGD via Bharatlas · 2024 snapshot","state_lgd":19,"district_lgd":312,"subdistrict_lgd":2340,"center":[87.84251259808202,22.85960908067693],"bbox":[87.7364128,22.7482415,87.9414062,22.9672024]},"geometry":{"type":"Point","coordinates":[87.84251259808202,22.85960908067693]}},{"type":"Feature","id":"in-west-bengal-t-2389","properties":{"id":"in-west-bengal-t-2389","name":"Arsha","region":"in-west-bengal","level":"tehsil","parent":"in-west-bengal-d-321","district":"Purulia","source":"LGD via Bharatlas · 2024 snapshot","state_lgd":19,"district_lgd":321,"subdistrict_lgd":2389,"center":[86.20302176781665,23.288483401663232],"bbox":[86.055005,23.1769445,86.3507795,23.3842336]},"geometry":{"type":"Point","coordinates":[86.20302176781665,23.288483401663232]}},{"type":"Feature","id":"in-west-bengal-t-source-5171","properties":{"id":"in-west-bengal-t-source-5171","name":"Asansol Kulti Township","region":"in-west-bengal","level":"tehsil","parent":"in-west-bengal-d-704","district":"Paschim Bardhaman","source":"LGD via Bharatlas · 2024 snapshot","state_lgd":19,"district_lgd":704,"subdistrict_lgd":null,"source_objectid":5171,"center":[86.91264027555887,23.695658914256608],"bbox":[86.7991284,23.6269925,87.0310912,23.7857684]},"geometry":{"type":"Point","coordinates":[86.91264027555887,23.695658914256608]}},{"type":"Feature","id":"in-west-bengal-t-2277","properties":{"id":"in-west-bengal-t-2277","name":"Ausgram - I","region":"in-west-bengal","level":"tehsil","parent":"in-west-bengal-d-306","district":"Purba Bardhaman","source":"LGD via Bharatlas · 2024 snapshot","state_lgd":19,"district_lgd":306,"subdistrict_lgd":2277,"center":[87.64707415659913,23.504168006899786],"bbox":[87.4751673,23.3628723,87.7866507,23.6208707]},"geometry":{"type":"Point","coordinates":[87.64707415659913,23.504168006899786]}},{"type":"Feature","id":"in-west-bengal-t-2276","properties":{"id":"in-west-bengal-t-2276","name":"Ausgram - II","region":"in-west-bengal","level":"tehsil","parent":"in-west-bengal-d-704","district":"Paschim Bardhaman","source":"LGD via Bharatlas · 2024 snapshot","state_lgd":19,"district_lgd":704,"subdistrict_lgd":2276,"center":[87.51335734274869,23.435274910184514],"bbox":[87.4341509,23.318129,87.5782451,23.5325639]},"geometry":{"type":"Point","coordinates":[87.51335734274869,23.435274910184514]}},{"type":"Feature","id":"in-west-bengal-t-2328","properties":{"id":"in-west-bengal-t-2328","name":"Baduria","region":"in-west-bengal","level":"tehsil","parent":"in-west-bengal-d-303","district":"24 Paraganas North","source":"LGD via Bharatlas · 2024 snapshot","state_lgd":19,"district_lgd":303,"subdistrict_lgd":2328,"center":[88.80320032600548,22.75969477266609],"bbox":[88.7097245,22.6896057,88.9132911,22.8659485]},"geometry":{"type":"Point","coordinates":[88.80320032600548,22.75969477266609]}},{"type":"Feature","id":"in-west-bengal-t-2316","properties":{"id":"in-west-bengal-t-2316","name":"Bagda","region":"in-west-bengal","level":"tehsil","parent":"in-west-bengal-d-303","district":"24 Paraganas North","source":"LGD via Bharatlas · 2024 snapshot","state_lgd":19,"district_lgd":303,"subdistrict_lgd":2316,"center":[88.83232234792163,23.189734353444624],"bbox":[88.6939499,23.1076612,88.9957321,23.2560878]},"geometry":{"type":"Point","coordinates":[88.83232234792163,23.189734353444624]}},{"type":"Feature","id":"in-west-bengal-t-2392","properties":{"id":"in-west-bengal-t-2392","name":"Bagmundi","region":"in-west-bengal","level":"tehsil","parent":"in-west-bengal-d-321","district":"Purulia","source":"LGD via Bharatlas · 2024 snapshot","state_lgd":19,"district_lgd":321,"subdistrict_lgd":2392,"center":[86.03795380141439,23.19731825764399],"bbox":[85.864394,23.08014,86.1967734,23.2945455]},"geometry":{"type":"Point","coordinates":[86.03795380141439,23.19731825764399]}},{"type":"Feature","id":"in-west-bengal-t-2408","properties":{"id":"in-west-bengal-t-2408","name":"Bagnan - I","region":"in-west-bengal","level":"tehsil","parent":"in-west-bengal-d-313","district":"Howrah","source":"LGD via Bharatlas · 2024 snapshot","state_lgd":19,"district_lgd":313,"subdistrict_lgd":2408,"center":[87.94790367582884,22.495248441560847],"bbox":[87.879616,22.4469078,88.0169596,22.5393735]},"geometry":{"type":"Point","coordinates":[87.94790367582884,22.495248441560847]}},{"type":"Feature","id":"in-west-bengal-t-2409","properties":{"id":"in-west-bengal-t-2409","name":"Bagnan - II","region":"in-west-bengal","level":"tehsil","parent":"in-west-bengal-d-313","district":"Howrah","source":"LGD via Bharatlas · 2024 snapshot","state_lgd":19,"district_lgd":313,"subdistrict_lgd":2409,"center":[87.95511939754773,22.432620503530092],"bbox":[87.8744806,22.3892997,88.0290935,22.4787102]},"geometry":{"type":"Point","coordinates":[87.95511939754773,22.432620503530092]}},{"type":"Feature","id":"in-west-bengal-t-source-4870","properties":{"id":"in-west-bengal-t-source-4870","name":"Baharampur & Domkol","region":"in-west-bengal","level":"tehsil","parent":"in-west-bengal-d-319","district":"Murshidabad","source":"LGD via Bharatlas · 2024 snapshot","state_lgd":19,"district_lgd":319,"subdistrict_lgd":null,"source_objectid":4870,"center":[88.48243160418026,24.059580232117348],"bbox":[88.4721698,24.0458542,88.4954795,24.0724918]},"geometry":{"type":"Point","coordinates":[88.48243160418026,24.059580232117348]}},{"type":"Feature","id":"in-west-bengal-t-source-4871","properties":{"id":"in-west-bengal-t-source-4871","name":"Baharampur & Lalbag","region":"in-west-bengal","level":"tehsil","parent":"in-west-bengal-d-319","district":"Murshidabad","source":"LGD via Bharatlas · 2024 snapshot","state_lgd":19,"district_lgd":319,"subdistrict_lgd":null,"source_objectid":4871,"center":[88.30793690353514,24.131676417432775],"bbox":[88.2897887,24.1187696,88.3285829,24.1389676]},"geometry":{"type":"Point","coordinates":[88.30793690353514,24.131676417432775]}},{"type":"Feature","id":"in-west-bengal-t-2345","properties":{"id":"in-west-bengal-t-2345","name":"Balagarh","region":"in-west-bengal","level":"tehsil","parent":"in-west-bengal-d-312","district":"Hooghly","source":"LGD via Bharatlas · 2024 snapshot","state_lgd":19,"district_lgd":312,"subdistrict_lgd":2345,"center":[88.42385157751448,23.116476876780478],"bbox":[88.3494563,23.0107446,88.5076636,23.2247469]},"geometry":{"type":"Point","coordinates":[88.42385157751448,23.116476876780478]}},{"type":"Feature","id":"in-west-bengal-t-2393","properties":{"id":"in-west-bengal-t-2393","name":"Balarampur","region":"in-west-bengal","level":"tehsil","parent":"in-west-bengal-d-321","district":"Purulia","source":"LGD via Bharatlas · 2024 snapshot","state_lgd":19,"district_lgd":321,"subdistrict_lgd":2393,"center":[86.22337624326734,23.11151383233796],"bbox":[86.1338447,23.0081799,86.319327,23.2221588]},"geometry":{"type":"Point","coordinates":[86.22337624326734,23.11151383233796]}},{"type":"Feature","id":"in-west-bengal-t-2403","properties":{"id":"in-west-bengal-t-2403","name":"Bally Jagachha","region":"in-west-bengal","level":"tehsil","parent":"in-west-bengal-d-313","district":"Howrah","source":"LGD via Bharatlas · 2024 snapshot","state_lgd":19,"district_lgd":313,"subdistrict_lgd":2403,"center":[88.31320386172911,22.644004727317817],"bbox":[88.2743428,22.6131682,88.3578348,22.6705943]},"geometry":{"type":"Point","coordinates":[88.31320386172911,22.644004727317817]}},{"type":"Feature","id":"in-west-bengal-t-2204","properties":{"id":"in-west-bengal-t-2204","name":"Balurghat","region":"in-west-bengal","level":"tehsil","parent":"in-west-bengal-d-310","district":"Dinajpur Dakshin","source":"LGD via Bharatlas · 2024 snapshot","state_lgd":19,"district_lgd":310,"subdistrict_lgd":2204,"center":[88.7962928966729,25.26322488662023],"bbox":[88.6549636,25.1649089,88.9496486,25.3624296]},"geometry":{"type":"Point","coordinates":[88.7962928966729,25.26322488662023]}},{"type":"Feature","id":"in-west-bengal-t-source-4842","properties":{"id":"in-west-bengal-t-source-4842","name":"Balurghat & Gangarampur","region":"in-west-bengal","level":"tehsil","parent":"in-west-bengal-d-310","district":"Dinajpur Dakshin","source":"LGD via Bharatlas · 2024 snapshot","state_lgd":19,"district_lgd":310,"subdistrict_lgd":null,"source_objectid":4842,"center":[88.63490686226568,25.38509166283833],"bbox":[88.6208276,25.3704895,88.6482273,25.3991279]},"geometry":{"type":"Point","coordinates":[88.63490686226568,25.38509166283833]}},{"type":"Feature","id":"in-west-bengal-t-2215","properties":{"id":"in-west-bengal-t-2215","name":"Bamangola","region":"in-west-bengal","level":"tehsil","parent":"in-west-bengal-d-316","district":"Maldah","source":"LGD via Bharatlas · 2024 snapshot","state_lgd":19,"district_lgd":316,"subdistrict_lgd":2215,"center":[88.39928057503992,25.18130442952835],"bbox":[88.3029979,25.0904536,88.4639657,25.3159248]},"geometry":{"type":"Point","coordinates":[88.39928057503992,25.18130442952835]}},{"type":"Feature","id":"in-west-bengal-t-2361","properties":{"id":"in-west-bengal-t-2361","name":"Bankura - I","region":"in-west-bengal","level":"tehsil","parent":"in-west-bengal-d-305","district":"Bankura","source":"LGD via Bharatlas · 2024 snapshot","state_lgd":19,"district_lgd":305,"subdistrict_lgd":2361,"center":[86.98574058248356,23.225692214657222],"bbox":[86.8950727,23.1585329,87.1019673,23.2982205]},"geometry":{"type":"Point","coordinates":[86.98574058248356,23.225692214657222]}},{"type":"Feature","id":"in-west-bengal-t-2362","properties":{"id":"in-west-bengal-t-2362","name":"Bankura - II","region":"in-west-bengal","level":"tehsil","parent":"in-west-bengal-d-305","district":"Bankura","source":"LGD via Bharatlas · 2024 snapshot","state_lgd":19,"district_lgd":305,"subdistrict_lgd":2362,"center":[87.10294931410006,23.27756742564804],"bbox":[86.9923806,23.2020399,87.2350827,23.3821602]},"geometry":{"type":"Point","coordinates":[87.10294931410006,23.27756742564804]}},{"type":"Feature","id":"in-west-bengal-t-2206","properties":{"id":"in-west-bengal-t-2206","name":"Bansihari","region":"in-west-bengal","level":"tehsil","parent":"in-west-bengal-d-310","district":"Dinajpur Dakshin","source":"LGD via Bharatlas · 2024 snapshot","state_lgd":19,"district_lgd":310,"subdistrict_lgd":2206,"center":[88.39098833724037,25.389384088994966],"bbox":[88.3186054,25.2887431,88.4834339,25.4936024]},"geometry":{"type":"Point","coordinates":[88.39098833724037,25.389384088994966]}},{"type":"Feature","id":"in-west-bengal-t-2269","properties":{"id":"in-west-bengal-t-2269","name":"Barabani","region":"in-west-bengal","level":"tehsil","parent":"in-west-bengal-d-704","district":"Paschim Bardhaman","source":"LGD via Bharatlas · 2024 snapshot","state_lgd":19,"district_lgd":704,"subdistrict_lgd":2269,"center":[86.99567204414076,23.78532319762158],"bbox":[86.935749,23.7039147,87.0596776,23.8688409]},"geometry":{"type":"Point","coordinates":[86.99567204414076,23.78532319762158]}},{"type":"Feature","id":"in-west-bengal-t-2394","properties":{"id":"in-west-bengal-t-2394","name":"Barabazar","region":"in-west-bengal","level":"tehsil","parent":"in-west-bengal-d-321","district":"Purulia","source":"LGD via Bharatlas · 2024 snapshot","state_lgd":19,"district_lgd":321,"subdistrict_lgd":2394,"center":[86.38366886575346,23.074139368449593],"bbox":[86.1792312,22.9707097,86.5453279,23.2101281]},"geometry":{"type":"Point","coordinates":[86.38366886575346,23.074139368449593]}},{"type":"Feature","id":"in-west-bengal-t-2325","properties":{"id":"in-west-bengal-t-2325","name":"Barasat - I","region":"in-west-bengal","level":"tehsil","parent":"in-west-bengal-d-303","district":"24 Paraganas North","source":"LGD via Bharatlas · 2024 snapshot","state_lgd":19,"district_lgd":303,"subdistrict_lgd":2325,"center":[88.51760785753206,22.741230732259],"bbox":[88.421138,22.6906793,88.5976917,22.7941437]},"geometry":{"type":"Point","coordinates":[88.51760785753206,22.741230732259]}},{"type":"Feature","id":"in-west-bengal-t-2326","properties":{"id":"in-west-bengal-t-2326","name":"Barasat - II","region":"in-west-bengal","level":"tehsil","parent":"in-west-bengal-d-303","district":"24 Paraganas North","source":"LGD via Bharatlas · 2024 snapshot","state_lgd":19,"district_lgd":303,"subdistrict_lgd":2326,"center":[88.54006190996438,22.66790326869617],"bbox":[88.4345358,22.6120701,88.6411705,22.7218088]},"geometry":{"type":"Point","coordinates":[88.54006190996438,22.66790326869617]}},{"type":"Feature","id":"in-west-bengal-t-2363","properties":{"id":"in-west-bengal-t-2363","name":"Barjora","region":"in-west-bengal","level":"tehsil","parent":"in-west-bengal-d-305","district":"Bankura","source":"LGD via Bharatlas · 2024 snapshot","state_lgd":19,"district_lgd":305,"subdistrict_lgd":2363,"center":[87.27401859014775,23.377554535662966],"bbox":[87.1611616,23.2381084,87.4080466,23.5134768]},"geometry":{"type":"Point","coordinates":[87.27401859014775,23.377554535662966]}},{"type":"Feature","id":"in-west-bengal-t-2323","properties":{"id":"in-west-bengal-t-2323","name":"Barrackpur - I","region":"in-west-bengal","level":"tehsil","parent":"in-west-bengal-d-303","district":"24 Paraganas North","source":"LGD via Bharatlas · 2024 snapshot","state_lgd":19,"district_lgd":303,"subdistrict_lgd":2323,"center":[88.43020505836115,22.87360942337067],"bbox":[88.3514516,22.7811969,88.5161209,22.9567873]},"geometry":{"type":"Point","coordinates":[88.43020505836115,22.87360942337067]}},{"type":"Feature","id":"in-west-bengal-t-2324","properties":{"id":"in-west-bengal-t-2324","name":"Barrackpur - II","region":"in-west-bengal","level":"tehsil","parent":"in-west-bengal-d-303","district":"24 Paraganas North","source":"LGD via Bharatlas · 2024 snapshot","state_lgd":19,"district_lgd":303,"subdistrict_lgd":2324,"center":[88.39671954070846,22.702069076173814],"bbox":[88.3317992,22.6093764,88.4593819,22.7958006]},"geometry":{"type":"Point","coordinates":[88.39671954070846,22.702069076173814]}},{"type":"Feature","id":"in-west-bengal-t-2422","properties":{"id":"in-west-bengal-t-2422","name":"Baruipur","region":"in-west-bengal","level":"tehsil","parent":"in-west-bengal-d-304","district":"24 Paraganas South","source":"LGD via Bharatlas · 2024 snapshot","state_lgd":19,"district_lgd":304,"subdistrict_lgd":2422,"center":[88.47961280382131,22.338668251959792],"bbox":[88.378663,22.2670816,88.6006627,22.4230637]},"geometry":{"type":"Point","coordinates":[88.47961280382131,22.338668251959792]}},{"type":"Feature","id":"in-west-bengal-t-2434","properties":{"id":"in-west-bengal-t-2434","name":"Basanti","region":"in-west-bengal","level":"tehsil","parent":"in-west-bengal-d-304","district":"24 Paraganas South","source":"LGD via Bharatlas · 2024 snapshot","state_lgd":19,"district_lgd":304,"subdistrict_lgd":2434,"center":[88.76317885734942,22.175227843866278],"bbox":[88.6278955,21.9430949,88.9701913,22.374189]},"geometry":{"type":"Point","coordinates":[88.76317885734942,22.175227843866278]}},{"type":"Feature","id":"in-west-bengal-t-2329","properties":{"id":"in-west-bengal-t-2329","name":"Basirhat - I","region":"in-west-bengal","level":"tehsil","parent":"in-west-bengal-d-303","district":"24 Paraganas North","source":"LGD via Bharatlas · 2024 snapshot","state_lgd":19,"district_lgd":303,"subdistrict_lgd":2329,"center":[88.89406378119264,22.652786591661044],"bbox":[88.8198719,22.5891713,88.9623664,22.7359234]},"geometry":{"type":"Point","coordinates":[88.89406378119264,22.652786591661044]}},{"type":"Feature","id":"in-west-bengal-t-2330","properties":{"id":"in-west-bengal-t-2330","name":"Basirhat - II","region":"in-west-bengal","level":"tehsil","parent":"in-west-bengal-d-303","district":"24 Paraganas North","source":"LGD via Bharatlas · 2024 snapshot","state_lgd":19,"district_lgd":303,"subdistrict_lgd":2330,"center":[88.78218541511123,22.65851048656433],"bbox":[88.7050403,22.5807184,88.8647624,22.721237]},"geometry":{"type":"Point","coordinates":[88.78218541511123,22.65851048656433]}},{"type":"Feature","id":"in-west-bengal-t-2244","properties":{"id":"in-west-bengal-t-2244","name":"Beldanga - I","region":"in-west-bengal","level":"tehsil","parent":"in-west-bengal-d-319","district":"Murshidabad","source":"LGD via Bharatlas · 2024 snapshot","state_lgd":19,"district_lgd":319,"subdistrict_lgd":2244,"center":[88.26271152209114,23.953919029470942],"bbox":[88.1847206,23.8719215,88.3368798,24.0373989]},"geometry":{"type":"Point","coordinates":[88.26271152209114,23.953919029470942]}},{"type":"Feature","id":"in-west-bengal-t-2245","properties":{"id":"in-west-bengal-t-2245","name":"Beldanga - II","region":"in-west-bengal","level":"tehsil","parent":"in-west-bengal-d-319","district":"Murshidabad","source":"LGD via Bharatlas · 2024 snapshot","state_lgd":19,"district_lgd":319,"subdistrict_lgd":2245,"center":[88.2456452430304,23.846748119692183],"bbox":[88.1515249,23.7584241,88.3540615,23.9319673]},"geometry":{"type":"Point","coordinates":[88.2456452430304,23.846748119692183]}},{"type":"Feature","id":"in-west-bengal-t-2241","properties":{"id":"in-west-bengal-t-2241","name":"Berhampore","region":"in-west-bengal","level":"tehsil","parent":"in-west-bengal-d-319","district":"Murshidabad","source":"LGD via Bharatlas · 2024 snapshot","state_lgd":19,"district_lgd":319,"subdistrict_lgd":2241,"center":[88.28636642528272,24.080318740642372],"bbox":[88.1429359,23.9259487,88.4842976,24.1773081]},"geometry":{"type":"Point","coordinates":[88.28636642528272,24.080318740642372]}},{"type":"Feature","id":"in-west-bengal-t-2231","properties":{"id":"in-west-bengal-t-2231","name":"Bhagawangola - I","region":"in-west-bengal","level":"tehsil","parent":"in-west-bengal-d-319","district":"Murshidabad","source":"LGD via Bharatlas · 2024 snapshot","state_lgd":19,"district_lgd":319,"subdistrict_lgd":2231,"center":[88.31864201920845,24.3210942470822],"bbox":[88.2215157,24.2451866,88.4251592,24.3832177]},"geometry":{"type":"Point","coordinates":[88.31864201920845,24.3210942470822]}},{"type":"Feature","id":"in-west-bengal-t-2232","properties":{"id":"in-west-bengal-t-2232","name":"Bhagawangola - II","region":"in-west-bengal","level":"tehsil","parent":"in-west-bengal-d-319","district":"Murshidabad","source":"LGD via Bharatlas · 2024 snapshot","state_lgd":19,"district_lgd":319,"subdistrict_lgd":2232,"center":[88.37557020026526,24.274138544322806],"bbox":[88.2966657,24.2187357,88.4444463,24.334942]},"geometry":{"type":"Point","coordinates":[88.37557020026526,24.274138544322806]}},{"type":"Feature","id":"in-west-bengal-t-2480","properties":{"id":"in-west-bengal-t-2480","name":"Bhagawanpur - I","region":"in-west-bengal","level":"tehsil","parent":"in-west-bengal-d-317","district":"Medinipur East","source":"LGD via Bharatlas · 2024 snapshot","state_lgd":19,"district_lgd":317,"subdistrict_lgd":2480,"center":[87.7552741155412,22.097699859077363],"bbox":[87.6703947,22.0060667,87.8377168,22.1766246]},"geometry":{"type":"Point","coordinates":[87.7552741155412,22.097699859077363]}},{"type":"Feature","id":"in-west-bengal-t-2479","properties":{"id":"in-west-bengal-t-2479","name":"Bhagawanpur - II","region":"in-west-bengal","level":"tehsil","parent":"in-west-bengal-d-317","district":"Medinipur East","source":"LGD via Bharatlas · 2024 snapshot","state_lgd":19,"district_lgd":317,"subdistrict_lgd":2479,"center":[87.71463800349115,21.98619727472658],"bbox":[87.6464714,21.9018272,87.8122501,22.062768]},"geometry":{"type":"Point","coordinates":[87.71463800349115,21.98619727472658]}},{"type":"Feature","id":"in-west-bengal-t-2418","properties":{"id":"in-west-bengal-t-2418","name":"Bhangar - I","region":"in-west-bengal","level":"tehsil","parent":"in-west-bengal-d-304","district":"24 Paraganas South","source":"LGD via Bharatlas · 2024 snapshot","state_lgd":19,"district_lgd":304,"subdistrict_lgd":2418,"center":[88.57070631934357,22.469133714324947],"bbox":[88.4735572,22.3933364,88.6572006,22.529436]},"geometry":{"type":"Point","coordinates":[88.57070631934357,22.469133714324947]}},{"type":"Feature","id":"in-west-bengal-t-2419","properties":{"id":"in-west-bengal-t-2419","name":"Bhangar - II","region":"in-west-bengal","level":"tehsil","parent":"in-west-bengal-d-304","district":"24 Paraganas South","source":"LGD via Bharatlas · 2024 snapshot","state_lgd":19,"district_lgd":304,"subdistrict_lgd":2419,"center":[88.5616777597902,22.552101145046446],"bbox":[88.4582265,22.5004815,88.646812,22.625066]},"geometry":{"type":"Point","coordinates":[88.5616777597902,22.552101145046446]}},{"type":"Feature","id":"in-west-bengal-t-2247","properties":{"id":"in-west-bengal-t-2247","name":"Bharatpur - I","region":"in-west-bengal","level":"tehsil","parent":"in-west-bengal-d-319","district":"Murshidabad","source":"LGD via Bharatlas · 2024 snapshot","state_lgd":19,"district_lgd":319,"subdistrict_lgd":2247,"center":[88.08350683760021,23.883965082852683],"bbox":[87.9690476,23.8184556,88.1863416,23.9514547]},"geometry":{"type":"Point","coordinates":[88.08350683760021,23.883965082852683]}},{"type":"Feature","id":"in-west-bengal-t-2246","properties":{"id":"in-west-bengal-t-2246","name":"Bharatpur - II","region":"in-west-bengal","level":"tehsil","parent":"in-west-bengal-d-319","district":"Murshidabad","source":"LGD via Bharatlas · 2024 snapshot","state_lgd":19,"district_lgd":319,"subdistrict_lgd":2246,"center":[88.10952688353932,23.789365210821366],"bbox":[88.0269753,23.7223208,88.1967806,23.8501473]},"geometry":{"type":"Point","coordinates":[88.10952688353932,23.789365210821366]}},{"type":"Feature","id":"in-west-bengal-t-2286","properties":{"id":"in-west-bengal-t-2286","name":"Bhatar","region":"in-west-bengal","level":"tehsil","parent":"in-west-bengal-d-306","district":"Purba Bardhaman","source":"LGD via Bharatlas · 2024 snapshot","state_lgd":19,"district_lgd":306,"subdistrict_lgd":2286,"center":[87.88920898286987,23.421814393061474],"bbox":[87.7262272,23.3275199,88.0555721,23.5119985]},"geometry":{"type":"Point","coordinates":[87.88920898286987,23.421814393061474]}},{"type":"Feature","id":"in-west-bengal-t-2442","properties":{"id":"in-west-bengal-t-2442","name":"Binpur - I","region":"in-west-bengal","level":"tehsil","parent":"in-west-bengal-d-703","district":"Jhargram","source":"LGD via Bharatlas · 2024 snapshot","state_lgd":19,"district_lgd":703,"subdistrict_lgd":2442,"center":[87.02619951773609,22.591376769587068],"bbox":[86.897118,22.4748697,87.1236015,22.7307756]},"geometry":{"type":"Point","coordinates":[87.02619951773609,22.591376769587068]}},{"type":"Feature","id":"in-west-bengal-t-2441","properties":{"id":"in-west-bengal-t-2441","name":"Binpur - II","region":"in-west-bengal","level":"tehsil","parent":"in-west-bengal-d-703","district":"Jhargram","source":"LGD via Bharatlas · 2024 snapshot","state_lgd":19,"district_lgd":703,"subdistrict_lgd":2441,"center":[86.75227073426247,22.655176078310973],"bbox":[86.5580063,22.5279162,86.9651706,22.7987719]},"geometry":{"type":"Point","coordinates":[86.75227073426247,22.655176078310973]}},{"type":"Feature","id":"in-west-bengal-t-2415","properties":{"id":"in-west-bengal-t-2415","name":"Bishnupur - I","region":"in-west-bengal","level":"tehsil","parent":"in-west-bengal-d-304","district":"24 Paraganas South","source":"LGD via Bharatlas · 2024 snapshot","state_lgd":19,"district_lgd":304,"subdistrict_lgd":2415,"center":[88.32439733019561,22.388480634168513],"bbox":[88.2541311,22.3244087,88.3919517,22.4680378]},"geometry":{"type":"Point","coordinates":[88.32439733019561,22.388480634168513]}},{"type":"Feature","id":"in-west-bengal-t-2416","properties":{"id":"in-west-bengal-t-2416","name":"Bishnupur - II","region":"in-west-bengal","level":"tehsil","parent":"in-west-bengal-d-304","district":"24 Paraganas South","source":"LGD via Bharatlas · 2024 snapshot","state_lgd":19,"district_lgd":304,"subdistrict_lgd":2416,"center":[88.24014519037468,22.38281491094451],"bbox":[88.1986893,22.3252155,88.3045952,22.4541356]},"geometry":{"type":"Point","coordinates":[88.24014519037468,22.38281491094451]}},{"type":"Feature","id":"in-west-bengal-t-source-4899","properties":{"id":"in-west-bengal-t-source-4899","name":"Bolpur & Siuri","region":"in-west-bengal","level":"tehsil","parent":"in-west-bengal-d-307","district":"Birbhum","source":"LGD via Bharatlas · 2024 snapshot","state_lgd":19,"district_lgd":307,"subdistrict_lgd":null,"source_objectid":4899,"center":[87.71619625239123,23.745757630905697],"bbox":[87.6265854,23.737577,87.7250823,23.7549204]},"geometry":{"type":"Point","coordinates":[87.71619625239123,23.745757630905697]}},{"type":"Feature","id":"in-west-bengal-t-2264","properties":{"id":"in-west-bengal-t-2264","name":"Bolpur Sriniketan","region":"in-west-bengal","level":"tehsil","parent":"in-west-bengal-d-307","district":"Birbhum","source":"LGD via Bharatlas · 2024 snapshot","state_lgd":19,"district_lgd":307,"subdistrict_lgd":2264,"center":[87.70699513693349,23.67394056963142],"bbox":[87.5739994,23.5591491,87.8421941,23.7707221]},"geometry":{"type":"Point","coordinates":[87.70699513693349,23.67394056963142]}},{"type":"Feature","id":"in-west-bengal-t-2317","properties":{"id":"in-west-bengal-t-2317","name":"Bongaon","region":"in-west-bengal","level":"tehsil","parent":"in-west-bengal-d-303","district":"24 Paraganas North","source":"LGD via Bharatlas · 2024 snapshot","state_lgd":19,"district_lgd":303,"subdistrict_lgd":2317,"center":[88.77434065873288,23.068513711710292],"bbox":[88.6625156,22.9460422,88.8956728,23.1670975]},"geometry":{"type":"Point","coordinates":[88.77434065873288,23.068513711710292]}},{"type":"Feature","id":"in-west-bengal-t-2413","properties":{"id":"in-west-bengal-t-2413","name":"Budge Budge - I","region":"in-west-bengal","level":"tehsil","parent":"in-west-bengal-d-304","district":"24 Paraganas South","source":"LGD via Bharatlas · 2024 snapshot","state_lgd":19,"district_lgd":304,"subdistrict_lgd":2413,"center":[88.17526319449463,22.462390895756478],"bbox":[88.1181048,22.421768,88.2417357,22.4982001]},"geometry":{"type":"Point","coordinates":[88.17526319449463,22.462390895756478]}},{"type":"Feature","id":"in-west-bengal-t-2414","properties":{"id":"in-west-bengal-t-2414","name":"Budge Budge - II","region":"in-west-bengal","level":"tehsil","parent":"in-west-bengal-d-304","district":"24 Paraganas South","source":"LGD via Bharatlas · 2024 snapshot","state_lgd":19,"district_lgd":304,"subdistrict_lgd":2414,"center":[88.16585107536373,22.390240331233],"bbox":[88.0913541,22.3353037,88.2173657,22.4486569]},"geometry":{"type":"Point","coordinates":[88.16585107536373,22.390240331233]}},{"type":"Feature","id":"in-west-bengal-t-2397","properties":{"id":"in-west-bengal-t-2397","name":"Bundwan","region":"in-west-bengal","level":"tehsil","parent":"in-west-bengal-d-321","district":"Purulia","source":"LGD via Bharatlas · 2024 snapshot","state_lgd":19,"district_lgd":321,"subdistrict_lgd":2397,"center":[86.52487869137599,22.8269181181908],"bbox":[86.4162225,22.7049958,86.6746429,22.9518734]},"geometry":{"type":"Point","coordinates":[86.52487869137599,22.8269181181908]}},{"type":"Feature","id":"in-west-bengal-t-2289","properties":{"id":"in-west-bengal-t-2289","name":"Burdwan - I","region":"in-west-bengal","level":"tehsil","parent":"in-west-bengal-d-306","district":"Purba Bardhaman","source":"LGD via Bharatlas · 2024 snapshot","state_lgd":19,"district_lgd":306,"subdistrict_lgd":2289,"center":[87.8880386023137,23.297910335153087],"bbox":[87.7691756,23.2056733,88.0666999,23.3759362]},"geometry":{"type":"Point","coordinates":[87.8880386023137,23.297910335153087]}},{"type":"Feature","id":"in-west-bengal-t-2290","properties":{"id":"in-west-bengal-t-2290","name":"Burdwan - II","region":"in-west-bengal","level":"tehsil","parent":"in-west-bengal-d-306","district":"Purba Bardhaman","source":"LGD via Bharatlas · 2024 snapshot","state_lgd":19,"district_lgd":306,"subdistrict_lgd":2290,"center":[87.97002480169661,23.244049712635878],"bbox":[87.8520621,23.1636912,88.0817205,23.3308234]},"geometry":{"type":"Point","coordinates":[87.97002480169661,23.244049712635878]}},{"type":"Feature","id":"in-west-bengal-t-2248","properties":{"id":"in-west-bengal-t-2248","name":"Burwan","region":"in-west-bengal","level":"tehsil","parent":"in-west-bengal-d-319","district":"Murshidabad","source":"LGD via Bharatlas · 2024 snapshot","state_lgd":19,"district_lgd":319,"subdistrict_lgd":2248,"center":[87.92522362225205,23.93081121553973],"bbox":[87.842839,23.8048238,88.0244728,24.0507935]},"geometry":{"type":"Point","coordinates":[87.92522362225205,23.93081121553973]}},{"type":"Feature","id":"in-west-bengal-t-2420","properties":{"id":"in-west-bengal-t-2420","name":"Canning - I","region":"in-west-bengal","level":"tehsil","parent":"in-west-bengal-d-304","district":"24 Paraganas South","source":"LGD via Bharatlas · 2024 snapshot","state_lgd":19,"district_lgd":304,"subdistrict_lgd":2420,"center":[88.6139967072818,22.27116210164906],"bbox":[88.5356313,22.1353015,88.6989961,22.352629]},"geometry":{"type":"Point","coordinates":[88.6139967072818,22.27116210164906]}},{"type":"Feature","id":"in-west-bengal-t-2421","properties":{"id":"in-west-bengal-t-2421","name":"Canning - II","region":"in-west-bengal","level":"tehsil","parent":"in-west-bengal-d-304","district":"24 Paraganas South","source":"LGD via Bharatlas · 2024 snapshot","state_lgd":19,"district_lgd":304,"subdistrict_lgd":2421,"center":[88.68058036229311,22.39524192458833],"bbox":[88.5124903,22.3239266,88.7899589,22.4958945]},"geometry":{"type":"Point","coordinates":[88.68058036229311,22.39524192458833]}},{"type":"Feature","id":"in-west-bengal-t-source-5061","properties":{"id":"in-west-bengal-t-source-5061","name":"Canning & Baruipur","region":"in-west-bengal","level":"tehsil","parent":"in-west-bengal-d-304","district":"24 Paraganas South","source":"LGD via Bharatlas · 2024 snapshot","state_lgd":19,"district_lgd":304,"subdistrict_lgd":null,"source_objectid":5061,"center":[88.59134814704845,22.371605855735567],"bbox":[88.5609554,22.3528895,88.6073235,22.3987821]},"geometry":{"type":"Point","coordinates":[88.59134814704845,22.371605855735567]}},{"type":"Feature","id":"in-west-bengal-t-2314","properties":{"id":"in-west-bengal-t-2314","name":"Chakdah","region":"in-west-bengal","level":"tehsil","parent":"in-west-bengal-d-320","district":"Nadia","source":"LGD via Bharatlas · 2024 snapshot","state_lgd":19,"district_lgd":320,"subdistrict_lgd":2314,"center":[88.546720279945,23.03728440631245],"bbox":[88.4039364,22.9352838,88.6956362,23.1202919]},"geometry":{"type":"Point","coordinates":[88.546720279945,23.03728440631245]}},{"type":"Feature","id":"in-west-bengal-t-2210","properties":{"id":"in-west-bengal-t-2210","name":"Chanchal - I","region":"in-west-bengal","level":"tehsil","parent":"in-west-bengal-d-316","district":"Maldah","source":"LGD via Bharatlas · 2024 snapshot","state_lgd":19,"district_lgd":316,"subdistrict_lgd":2210,"center":[88.03987210106388,25.417866652565905],"bbox":[87.9667859,25.3425568,88.1144737,25.5113202]},"geometry":{"type":"Point","coordinates":[88.03987210106388,25.417866652565905]}},{"type":"Feature","id":"in-west-bengal-t-2211","properties":{"id":"in-west-bengal-t-2211","name":"Chanchal - II","region":"in-west-bengal","level":"tehsil","parent":"in-west-bengal-d-316","district":"Maldah","source":"LGD via Bharatlas · 2024 snapshot","state_lgd":19,"district_lgd":316,"subdistrict_lgd":2211,"center":[88.0100045803098,25.318335238325805],"bbox":[87.8817234,25.2478864,88.1263409,25.4103589]},"geometry":{"type":"Point","coordinates":[88.0100045803098,25.318335238325805]}},{"type":"Feature","id":"in-west-bengal-t-source-4983","properties":{"id":"in-west-bengal-t-source-4983","name":"chandannagar","region":"in-west-bengal","level":"tehsil","parent":"in-west-bengal-d-312","district":"Hooghly","source":"LGD via Bharatlas · 2024 snapshot","state_lgd":19,"district_lgd":312,"subdistrict_lgd":null,"source_objectid":4983,"center":[88.29176325513733,22.76486021372927],"bbox":[88.1085106,22.7580757,88.2976739,22.7928617]},"geometry":{"type":"Point","coordinates":[88.29176325513733,22.76486021372927]}},{"type":"Feature","id":"in-west-bengal-t-source-4984","properties":{"id":"in-west-bengal-t-source-4984","name":"Chandannagar & Srirampur","region":"in-west-bengal","level":"tehsil","parent":"in-west-bengal-d-312","district":"Hooghly","source":"LGD via Bharatlas · 2024 snapshot","state_lgd":19,"district_lgd":312,"subdistrict_lgd":null,"source_objectid":4984,"center":[88.22908755928408,22.749919275184066],"bbox":[88.0952589,22.7390602,88.2400102,22.7963383]},"geometry":{"type":"Point","coordinates":[88.22908755928408,22.749919275184066]}},{"type":"Feature","id":"in-west-bengal-t-2481","properties":{"id":"in-west-bengal-t-2481","name":"Chandipur","region":"in-west-bengal","level":"tehsil","parent":"in-west-bengal-d-317","district":"Medinipur East","source":"LGD via Bharatlas · 2024 snapshot","state_lgd":19,"district_lgd":317,"subdistrict_lgd":2481,"center":[87.8631752269697,22.100653556109595],"bbox":[87.7986612,22.0274723,87.9547739,22.1649291]},"geometry":{"type":"Point","coordinates":[87.8631752269697,22.100653556109595]}},{"type":"Feature","id":"in-west-bengal-t-2351","properties":{"id":"in-west-bengal-t-2351","name":"Chanditala - I","region":"in-west-bengal","level":"tehsil","parent":"in-west-bengal-d-312","district":"Hooghly","source":"LGD via Bharatlas · 2024 snapshot","state_lgd":19,"district_lgd":312,"subdistrict_lgd":2351,"center":[88.1855120956016,22.72029307801831],"bbox":[88.1371891,22.6523382,88.2340143,22.7781576]},"geometry":{"type":"Point","coordinates":[88.1855120956016,22.72029307801831]}},{"type":"Feature","id":"in-west-bengal-t-2352","properties":{"id":"in-west-bengal-t-2352","name":"Chanditala - II","region":"in-west-bengal","level":"tehsil","parent":"in-west-bengal-d-312","district":"Hooghly","source":"LGD via Bharatlas · 2024 snapshot","state_lgd":19,"district_lgd":312,"subdistrict_lgd":2352,"center":[88.26373765956399,22.70764021367353],"bbox":[88.2142191,22.6580008,88.3130322,22.7655456]},"geometry":{"type":"Point","coordinates":[88.26373765956399,22.70764021367353]}},{"type":"Feature","id":"in-west-bengal-t-2446","properties":{"id":"in-west-bengal-t-2446","name":"Chandrakona - I","region":"in-west-bengal","level":"tehsil","parent":"in-west-bengal-d-318","district":"Medinipur West","source":"LGD via Bharatlas · 2024 snapshot","state_lgd":19,"district_lgd":318,"subdistrict_lgd":2446,"center":[87.60734380782132,22.750089712895335],"bbox":[87.4683498,22.5984777,87.7073907,22.8676716]},"geometry":{"type":"Point","coordinates":[87.60734380782132,22.750089712895335]}},{"type":"Feature","id":"in-west-bengal-t-2447","properties":{"id":"in-west-bengal-t-2447","name":"Chandrakona - II","region":"in-west-bengal","level":"tehsil","parent":"in-west-bengal-d-318","district":"Medinipur West","source":"LGD via Bharatlas · 2024 snapshot","state_lgd":19,"district_lgd":318,"subdistrict_lgd":2447,"center":[87.53049913060143,22.738933804665063],"bbox":[87.4509285,22.630602,87.6045182,22.8458916]},"geometry":{"type":"Point","coordinates":[87.53049913060143,22.738933804665063]}},{"type":"Feature","id":"in-west-bengal-t-2305","properties":{"id":"in-west-bengal-t-2305","name":"Chapra","region":"in-west-bengal","level":"tehsil","parent":"in-west-bengal-d-320","district":"Nadia","source":"LGD via Bharatlas · 2024 snapshot","state_lgd":19,"district_lgd":320,"subdistrict_lgd":2305,"center":[88.58268974253076,23.540224500578567],"bbox":[88.449322,23.4562645,88.6974423,23.641217]},"geometry":{"type":"Point","coordinates":[88.58268974253076,23.540224500578567]}},{"type":"Feature","id":"in-west-bengal-t-2359","properties":{"id":"in-west-bengal-t-2359","name":"Chhatna","region":"in-west-bengal","level":"tehsil","parent":"in-west-bengal-d-305","district":"Bankura","source":"LGD via Bharatlas · 2024 snapshot","state_lgd":19,"district_lgd":305,"subdistrict_lgd":2359,"center":[86.89350555016665,23.33856447151073],"bbox":[86.7783346,23.1759077,87.0154186,23.4974491]},"geometry":{"type":"Point","coordinates":[86.89350555016665,23.33856447151073]}},{"type":"Feature","id":"in-west-bengal-t-2346","properties":{"id":"in-west-bengal-t-2346","name":"Chinsurah - Magra","region":"in-west-bengal","level":"tehsil","parent":"in-west-bengal-d-312","district":"Hooghly","source":"LGD via Bharatlas · 2024 snapshot","state_lgd":19,"district_lgd":312,"subdistrict_lgd":2346,"center":[88.37916333498995,22.96771856602323],"bbox":[88.3285473,22.8680143,88.4226124,23.0649441]},"geometry":{"type":"Point","coordinates":[88.37916333498995,22.96771856602323]}},{"type":"Feature","id":"in-west-bengal-t-2191","properties":{"id":"in-west-bengal-t-2191","name":"Chopra","region":"in-west-bengal","level":"tehsil","parent":"in-west-bengal-d-311","district":"Dinajpur Uttar","source":"LGD via Bharatlas · 2024 snapshot","state_lgd":19,"district_lgd":311,"subdistrict_lgd":2191,"center":[88.37127770365557,26.407580612134662],"bbox":[88.0185057,25.6944089,88.5248399,26.4994564]},"geometry":{"type":"Point","coordinates":[88.37127770365557,26.407580612134662]}},{"type":"Feature","id":"in-west-bengal-t-2488","properties":{"id":"in-west-bengal-t-2488","name":"Contai - I","region":"in-west-bengal","level":"tehsil","parent":"in-west-bengal-d-317","district":"Medinipur East","source":"LGD via Bharatlas · 2024 snapshot","state_lgd":19,"district_lgd":317,"subdistrict_lgd":2488,"center":[87.70245407587228,21.75239213074616],"bbox":[87.6039255,21.670039,87.7854167,21.8390477]},"geometry":{"type":"Point","coordinates":[87.70245407587228,21.75239213074616]}},{"type":"Feature","id":"in-west-bengal-t-2490","properties":{"id":"in-west-bengal-t-2490","name":"Contai - III","region":"in-west-bengal","level":"tehsil","parent":"in-west-bengal-d-317","district":"Medinipur East","source":"LGD via Bharatlas · 2024 snapshot","state_lgd":19,"district_lgd":317,"subdistrict_lgd":2490,"center":[87.72719499021004,21.854378309808723],"bbox":[87.6300342,21.7562207,87.8179097,21.9203843]},"geometry":{"type":"Point","coordinates":[87.72719499021004,21.854378309808723]}},{"type":"Feature","id":"in-west-bengal-t-2184","properties":{"id":"in-west-bengal-t-2184","name":"Cooch Behar - II","region":"in-west-bengal","level":"tehsil","parent":"in-west-bengal-d-308","district":"Coochbehar","source":"LGD via Bharatlas · 2024 snapshot","state_lgd":19,"district_lgd":308,"subdistrict_lgd":2184,"center":[89.4351281589496,26.405364758570016],"bbox":[89.2800363,26.3052348,89.5664206,26.4966492]},"geometry":{"type":"Point","coordinates":[89.4351281589496,26.405364758570016]}},{"type":"Feature","id":"in-west-bengal-t-2183","properties":{"id":"in-west-bengal-t-2183","name":"COOCHBEHAR I","region":"in-west-bengal","level":"tehsil","parent":"in-west-bengal-d-308","district":"Coochbehar","source":"LGD via Bharatlas · 2024 snapshot","state_lgd":19,"district_lgd":308,"subdistrict_lgd":2183,"center":[89.41649516417111,26.262954601787357],"bbox":[89.271656,26.1740866,89.5756169,26.3594247]},"geometry":{"type":"Point","coordinates":[89.41649516417111,26.262954601787357]}},{"type":"Feature","id":"in-west-bengal-t-2467","properties":{"id":"in-west-bengal-t-2467","name":"Dantan - I","region":"in-west-bengal","level":"tehsil","parent":"in-west-bengal-d-318","district":"Medinipur West","source":"LGD via Bharatlas · 2024 snapshot","state_lgd":19,"district_lgd":318,"subdistrict_lgd":2467,"center":[87.28611968817259,21.93153604756028],"bbox":[87.1964909,21.7992465,87.3769829,22.0694306]},"geometry":{"type":"Point","coordinates":[87.28611968817259,21.93153604756028]}},{"type":"Feature","id":"in-west-bengal-t-2468","properties":{"id":"in-west-bengal-t-2468","name":"Dantan - II","region":"in-west-bengal","level":"tehsil","parent":"in-west-bengal-d-318","district":"Medinipur West","source":"LGD via Bharatlas · 2024 snapshot","state_lgd":19,"district_lgd":318,"subdistrict_lgd":2468,"center":[87.41591788868402,21.94901268756347],"bbox":[87.3268588,21.8616136,87.5132142,22.0349441]},"geometry":{"type":"Point","coordinates":[87.41591788868402,21.94901268756347]}},{"type":"Feature","id":"in-west-bengal-t-2154","properties":{"id":"in-west-bengal-t-2154","name":"Darjeeling Pulbazar","region":"in-west-bengal","level":"tehsil","parent":"in-west-bengal-d-309","district":"Darjeeling","source":"LGD via Bharatlas · 2024 snapshot","state_lgd":19,"district_lgd":309,"subdistrict_lgd":2154,"center":[88.14467023627016,27.09100074323731],"bbox":[87.9868305,26.9782879,88.3422805,27.2210674]},"geometry":{"type":"Point","coordinates":[88.14467023627016,27.09100074323731]}},{"type":"Feature","id":"in-west-bengal-t-source-5090","properties":{"id":"in-west-bengal-t-source-5090","name":"Daspur","region":"in-west-bengal","level":"tehsil","parent":"in-west-bengal-d-318","district":"Medinipur West","source":"LGD via Bharatlas · 2024 snapshot","state_lgd":19,"district_lgd":318,"subdistrict_lgd":null,"source_objectid":5090,"center":[87.79362342893572,22.54871710752879],"bbox":[87.785863,22.5404459,87.8024984,22.5571056]},"geometry":{"type":"Point","coordinates":[87.79362342893572,22.54871710752879]}},{"type":"Feature","id":"in-west-bengal-t-2449","properties":{"id":"in-west-bengal-t-2449","name":"Daspur - I","region":"in-west-bengal","level":"tehsil","parent":"in-west-bengal-d-318","district":"Medinipur West","source":"LGD via Bharatlas · 2024 snapshot","state_lgd":19,"district_lgd":318,"subdistrict_lgd":2449,"center":[87.68384162268117,22.566519555842632],"bbox":[87.5454338,22.4859742,87.7642336,22.6414584]},"geometry":{"type":"Point","coordinates":[87.68384162268117,22.566519555842632]}},{"type":"Feature","id":"in-west-bengal-t-2450","properties":{"id":"in-west-bengal-t-2450","name":"Daspur - II","region":"in-west-bengal","level":"tehsil","parent":"in-west-bengal-d-318","district":"Medinipur West","source":"LGD via Bharatlas · 2024 snapshot","state_lgd":19,"district_lgd":318,"subdistrict_lgd":2450,"center":[87.798726716834,22.55416861868227],"bbox":[87.7378677,22.4730314,87.8906373,22.6415778]},"geometry":{"type":"Point","coordinates":[87.798726716834,22.55416861868227]}},{"type":"Feature","id":"in-west-bengal-t-2462","properties":{"id":"in-west-bengal-t-2462","name":"Debra","region":"in-west-bengal","level":"tehsil","parent":"in-west-bengal-d-318","district":"Medinipur West","source":"LGD via Bharatlas · 2024 snapshot","state_lgd":19,"district_lgd":318,"subdistrict_lgd":2462,"center":[87.59053233658071,22.429789066660188],"bbox":[87.4859307,22.3097244,87.6913585,22.5635648]},"geometry":{"type":"Point","coordinates":[87.59053233658071,22.429789066660188]}},{"type":"Feature","id":"in-west-bengal-t-2327","properties":{"id":"in-west-bengal-t-2327","name":"Deganga","region":"in-west-bengal","level":"tehsil","parent":"in-west-bengal-d-303","district":"24 Paraganas North","source":"LGD via Bharatlas · 2024 snapshot","state_lgd":19,"district_lgd":303,"subdistrict_lgd":2327,"center":[88.66675998833217,22.71246362846741],"bbox":[88.587911,22.612621,88.7425302,22.822792]},"geometry":{"type":"Point","coordinates":[88.66675998833217,22.71246362846741]}},{"type":"Feature","id":"in-west-bengal-t-2489","properties":{"id":"in-west-bengal-t-2489","name":"Deshopran","region":"in-west-bengal","level":"tehsil","parent":"in-west-bengal-d-317","district":"Medinipur East","source":"LGD via Bharatlas · 2024 snapshot","state_lgd":19,"district_lgd":317,"subdistrict_lgd":2489,"center":[87.82000468338671,21.806859802274023],"bbox":[87.7545356,21.694195,87.885524,21.9132238]},"geometry":{"type":"Point","coordinates":[87.82000468338671,21.806859802274023]}},{"type":"Feature","id":"in-west-bengal-t-2343","properties":{"id":"in-west-bengal-t-2343","name":"Dhaniakhali","region":"in-west-bengal","level":"tehsil","parent":"in-west-bengal-d-312","district":"Hooghly","source":"LGD via Bharatlas · 2024 snapshot","state_lgd":19,"district_lgd":312,"subdistrict_lgd":2343,"center":[88.09244248175068,22.97395101802088],"bbox":[87.9616737,22.8795778,88.1920479,23.0794944]},"geometry":{"type":"Point","coordinates":[88.09244248175068,22.97395101802088]}},{"type":"Feature","id":"in-west-bengal-t-2176","properties":{"id":"in-west-bengal-t-2176","name":"Dhupguri","region":"in-west-bengal","level":"tehsil","parent":"in-west-bengal-d-314","district":"Jalpaiguri","source":"LGD via Bharatlas · 2024 snapshot","state_lgd":19,"district_lgd":314,"subdistrict_lgd":2176,"center":[89.00600483359547,26.690021651276496],"bbox":[88.8714964,26.5168096,89.1262829,26.8954645]},"geometry":{"type":"Point","coordinates":[89.00600483359547,26.690021651276496]}},{"type":"Feature","id":"in-west-bengal-t-2426","properties":{"id":"in-west-bengal-t-2426","name":"Diamond Harbour - I","region":"in-west-bengal","level":"tehsil","parent":"in-west-bengal-d-304","district":"24 Paraganas South","source":"LGD via Bharatlas · 2024 snapshot","state_lgd":19,"district_lgd":304,"subdistrict_lgd":2426,"center":[88.19930410084504,22.20720482],"bbox":[88.132772,22.1673037,88.2733341,22.2670565]},"geometry":{"type":"Point","coordinates":[88.19930410084504,22.20720482]}},{"type":"Feature","id":"in-west-bengal-t-2427","properties":{"id":"in-west-bengal-t-2427","name":"Diamond Harbour - II","region":"in-west-bengal","level":"tehsil","parent":"in-west-bengal-d-304","district":"24 Paraganas South","source":"LGD via Bharatlas · 2024 snapshot","state_lgd":19,"district_lgd":304,"subdistrict_lgd":2427,"center":[88.14416963921764,22.2463615584008],"bbox":[88.0690492,22.2020902,88.2296754,22.2905574]},"geometry":{"type":"Point","coordinates":[88.14416963921764,22.2463615584008]}},{"type":"Feature","id":"in-west-bengal-t-source-5062","properties":{"id":"in-west-bengal-t-source-5062","name":"Diamond Harbour & Kakdwip","region":"in-west-bengal","level":"tehsil","parent":"in-west-bengal-d-304","district":"24 Paraganas South","source":"LGD via Bharatlas · 2024 snapshot","state_lgd":19,"district_lgd":304,"subdistrict_lgd":null,"source_objectid":5062,"center":[88.22403454367009,21.965391867388796],"bbox":[88.1755347,21.9307604,88.2720916,22.0122656]},"geometry":{"type":"Point","coordinates":[88.22403454367009,21.965391867388796]}},{"type":"Feature","id":"in-west-bengal-t-2187","properties":{"id":"in-west-bengal-t-2187","name":"Dinhata - I","region":"in-west-bengal","level":"tehsil","parent":"in-west-bengal-d-308","district":"Coochbehar","source":"LGD via Bharatlas · 2024 snapshot","state_lgd":19,"district_lgd":308,"subdistrict_lgd":2187,"center":[89.44167121313501,26.123395255771662],"bbox":[89.3171325,25.9960677,89.5227325,26.2303033]},"geometry":{"type":"Point","coordinates":[89.44167121313501,26.123395255771662]}},{"type":"Feature","id":"in-west-bengal-t-2188","properties":{"id":"in-west-bengal-t-2188","name":"Dinhata - II","region":"in-west-bengal","level":"tehsil","parent":"in-west-bengal-d-308","district":"Coochbehar","source":"LGD via Bharatlas · 2024 snapshot","state_lgd":19,"district_lgd":308,"subdistrict_lgd":2188,"center":[89.56431976255591,26.10552333196851],"bbox":[89.491009,25.9652165,89.6587013,26.2295047]},"geometry":{"type":"Point","coordinates":[89.56431976255591,26.10552333196851]}},{"type":"Feature","id":"in-west-bengal-t-2402","properties":{"id":"in-west-bengal-t-2402","name":"Domjur","region":"in-west-bengal","level":"tehsil","parent":"in-west-bengal-d-313","district":"Howrah","source":"LGD via Bharatlas · 2024 snapshot","state_lgd":19,"district_lgd":313,"subdistrict_lgd":2402,"center":[88.22658203711417,22.62586325191114],"bbox":[88.1538153,22.571468,88.2901914,22.6783582]},"geometry":{"type":"Point","coordinates":[88.22658203711417,22.62586325191114]}},{"type":"Feature","id":"in-west-bengal-t-2235","properties":{"id":"in-west-bengal-t-2235","name":"Domkal","region":"in-west-bengal","level":"tehsil","parent":"in-west-bengal-d-319","district":"Murshidabad","source":"LGD via Bharatlas · 2024 snapshot","state_lgd":19,"district_lgd":319,"subdistrict_lgd":2235,"center":[88.56499861636948,24.09237463521043],"bbox":[88.4460558,23.9487603,88.6818414,24.2415769]},"geometry":{"type":"Point","coordinates":[88.56499861636948,24.09237463521043]}},{"type":"Feature","id":"in-west-bengal-t-source-4866","properties":{"id":"in-west-bengal-t-source-4866","name":"Domkol & Baharampur","region":"in-west-bengal","level":"tehsil","parent":"in-west-bengal-d-319","district":"Murshidabad","source":"LGD via Bharatlas · 2024 snapshot","state_lgd":19,"district_lgd":319,"subdistrict_lgd":null,"source_objectid":4866,"center":[88.50209792563625,24.009472133774715],"bbox":[88.486487,23.9754927,88.5185782,24.0393183]},"geometry":{"type":"Point","coordinates":[88.50209792563625,24.009472133774715]}},{"type":"Feature","id":"in-west-bengal-t-source-4867","properties":{"id":"in-west-bengal-t-source-4867","name":"Domkol & Lalbag","region":"in-west-bengal","level":"tehsil","parent":"in-west-bengal-d-319","district":"Murshidabad","source":"LGD via Bharatlas · 2024 snapshot","state_lgd":19,"district_lgd":319,"subdistrict_lgd":null,"source_objectid":4867,"center":[88.43803505522617,24.323355870204942],"bbox":[88.3781631,24.2669596,88.5057245,24.3420114]},"geometry":{"type":"Point","coordinates":[88.43803505522617,24.323355870204942]}},{"type":"Feature","id":"in-west-bengal-t-2266","properties":{"id":"in-west-bengal-t-2266","name":"Dubrajpur","region":"in-west-bengal","level":"tehsil","parent":"in-west-bengal-d-307","district":"Birbhum","source":"LGD via Bharatlas · 2024 snapshot","state_lgd":19,"district_lgd":307,"subdistrict_lgd":2266,"center":[87.41169039886843,23.799102216708334],"bbox":[87.3044587,23.6864956,87.5216499,23.903965]},"geometry":{"type":"Point","coordinates":[87.41169039886843,23.799102216708334]}},{"type":"Feature","id":"in-west-bengal-t-2491","properties":{"id":"in-west-bengal-t-2491","name":"Egra - I","region":"in-west-bengal","level":"tehsil","parent":"in-west-bengal-d-317","district":"Medinipur East","source":"LGD via Bharatlas · 2024 snapshot","state_lgd":19,"district_lgd":317,"subdistrict_lgd":2491,"center":[87.50180539374067,21.836952466093894],"bbox":[87.4259889,21.7269274,87.5841325,21.9502988]},"geometry":{"type":"Point","coordinates":[87.50180539374067,21.836952466093894]}},{"type":"Feature","id":"in-west-bengal-t-2492","properties":{"id":"in-west-bengal-t-2492","name":"Egra - II","region":"in-west-bengal","level":"tehsil","parent":"in-west-bengal-d-317","district":"Medinipur East","source":"LGD via Bharatlas · 2024 snapshot","state_lgd":19,"district_lgd":317,"subdistrict_lgd":2492,"center":[87.59532732152215,21.84392426807642],"bbox":[87.5112653,21.7316188,87.6869643,21.9421635]},"geometry":{"type":"Point","coordinates":[87.59532732152215,21.84392426807642]}},{"type":"Feature","id":"in-west-bengal-t-source-5114","properties":{"id":"in-west-bengal-t-source-5114","name":"Egra and Haldia","region":"in-west-bengal","level":"tehsil","parent":"in-west-bengal-d-317","district":"Medinipur East","source":"LGD via Bharatlas · 2024 snapshot","state_lgd":19,"district_lgd":317,"subdistrict_lgd":null,"source_objectid":5114,"center":[87.60914457126489,21.795935993042317],"bbox":[87.5997498,21.7805028,87.6543422,22.0379394]},"geometry":{"type":"Point","coordinates":[87.60914457126489,21.795935993042317]}},{"type":"Feature","id":"in-west-bengal-t-source-5115","properties":{"id":"in-west-bengal-t-source-5115","name":"Egra and kanthi","region":"in-west-bengal","level":"tehsil","parent":"in-west-bengal-d-317","district":"Medinipur East","source":"LGD via Bharatlas · 2024 snapshot","state_lgd":19,"district_lgd":317,"subdistrict_lgd":null,"source_objectid":5115,"center":[87.75738856630979,22.015934080792263],"bbox":[87.44987,21.740262,87.7661039,22.0237013]},"geometry":{"type":"Point","coordinates":[87.75738856630979,22.015934080792263]}},{"type":"Feature","id":"in-west-bengal-t-source-5116","properties":{"id":"in-west-bengal-t-source-5116","name":"Egra and Kanthi","region":"in-west-bengal","level":"tehsil","parent":"in-west-bengal-d-317","district":"Medinipur East","source":"LGD via Bharatlas · 2024 snapshot","state_lgd":19,"district_lgd":317,"subdistrict_lgd":null,"source_objectid":5116,"center":[87.81700486125575,22.015467428706682],"bbox":[87.6303804,21.9938188,87.8533677,22.0697836]},"geometry":{"type":"Point","coordinates":[87.81700486125575,22.015467428706682]}},{"type":"Feature","id":"in-west-bengal-t-2218","properties":{"id":"in-west-bengal-t-2218","name":"English Bazar","region":"in-west-bengal","level":"tehsil","parent":"in-west-bengal-d-316","district":"Maldah","source":"LGD via Bharatlas · 2024 snapshot","state_lgd":19,"district_lgd":316,"subdistrict_lgd":2218,"center":[88.08936614506008,24.989790992878874],"bbox":[87.9703839,24.8199668,88.183479,25.096577]},"geometry":{"type":"Point","coordinates":[88.08936614506008,24.989790992878874]}},{"type":"Feature","id":"in-west-bengal-t-2175","properties":{"id":"in-west-bengal-t-2175","name":"Falakata","region":"in-west-bengal","level":"tehsil","parent":"in-west-bengal-d-664","district":"Alipurduar","source":"LGD via Bharatlas · 2024 snapshot","state_lgd":19,"district_lgd":664,"subdistrict_lgd":2175,"center":[89.16672617930232,26.59712933856233],"bbox":[89.0449223,26.4897863,89.2836392,26.7079581]},"geometry":{"type":"Point","coordinates":[89.16672617930232,26.59712933856233]}},{"type":"Feature","id":"in-west-bengal-t-2425","properties":{"id":"in-west-bengal-t-2425","name":"Falta","region":"in-west-bengal","level":"tehsil","parent":"in-west-bengal-d-304","district":"24 Paraganas South","source":"LGD via Bharatlas · 2024 snapshot","state_lgd":19,"district_lgd":304,"subdistrict_lgd":2425,"center":[88.17965987215729,22.3092249505034],"bbox":[88.0896154,22.2566943,88.2745823,22.365214]},"geometry":{"type":"Point","coordinates":[88.17965987215729,22.3092249505034]}},{"type":"Feature","id":"in-west-bengal-t-2223","properties":{"id":"in-west-bengal-t-2223","name":"Farakka","region":"in-west-bengal","level":"tehsil","parent":"in-west-bengal-d-319","district":"Murshidabad","source":"LGD via Bharatlas · 2024 snapshot","state_lgd":19,"district_lgd":319,"subdistrict_lgd":2223,"center":[87.91023533440254,24.75862526398082],"bbox":[87.8163649,24.6732741,87.9685948,24.8577684]},"geometry":{"type":"Point","coordinates":[87.91023533440254,24.75862526398082]}},{"type":"Feature","id":"in-west-bengal-t-2274","properties":{"id":"in-west-bengal-t-2274","name":"Faridpur Durgapur","region":"in-west-bengal","level":"tehsil","parent":"in-west-bengal-d-704","district":"Paschim Bardhaman","source":"LGD via Bharatlas · 2024 snapshot","state_lgd":19,"district_lgd":704,"subdistrict_lgd":2274,"center":[87.31560859087548,23.593498457025984],"bbox":[87.2166561,23.4648796,87.3981091,23.7227256]},"geometry":{"type":"Point","coordinates":[87.31560859087548,23.593498457025984]}},{"type":"Feature","id":"in-west-bengal-t-2318","properties":{"id":"in-west-bengal-t-2318","name":"Gaighata","region":"in-west-bengal","level":"tehsil","parent":"in-west-bengal-d-303","district":"24 Paraganas North","source":"LGD via Bharatlas · 2024 snapshot","state_lgd":19,"district_lgd":303,"subdistrict_lgd":2318,"center":[88.78120296220152,22.9400642459173],"bbox":[88.6550543,22.8743101,88.9083937,23.0156683]},"geometry":{"type":"Point","coordinates":[88.78120296220152,22.9400642459173]}},{"type":"Feature","id":"in-west-bengal-t-2287","properties":{"id":"in-west-bengal-t-2287","name":"Galsi - I","region":"in-west-bengal","level":"tehsil","parent":"in-west-bengal-d-306","district":"Purba Bardhaman","source":"LGD via Bharatlas · 2024 snapshot","state_lgd":19,"district_lgd":306,"subdistrict_lgd":2287,"center":[87.61069982618939,23.345830292861294],"bbox":[87.5349807,23.256678,87.6956863,23.4189339]},"geometry":{"type":"Point","coordinates":[87.61069982618939,23.345830292861294]}},{"type":"Feature","id":"in-west-bengal-t-2288","properties":{"id":"in-west-bengal-t-2288","name":"Galsi - II","region":"in-west-bengal","level":"tehsil","parent":"in-west-bengal-d-306","district":"Purba Bardhaman","source":"LGD via Bharatlas · 2024 snapshot","state_lgd":19,"district_lgd":306,"subdistrict_lgd":2288,"center":[87.71126390288595,23.304824917358832],"bbox":[87.6010744,23.227533,87.8054671,23.3968071]},"geometry":{"type":"Point","coordinates":[87.71126390288595,23.304824917358832]}},{"type":"Feature","id":"in-west-bengal-t-2358","properties":{"id":"in-west-bengal-t-2358","name":"Gangajalghati","region":"in-west-bengal","level":"tehsil","parent":"in-west-bengal-d-305","district":"Bankura","source":"LGD via Bharatlas · 2024 snapshot","state_lgd":19,"district_lgd":305,"subdistrict_lgd":2358,"center":[87.11848644459164,23.41295165317671],"bbox":[86.9841189,23.2971381,87.2235833,23.5304931]},"geometry":{"type":"Point","coordinates":[87.11848644459164,23.41295165317671]}},{"type":"Feature","id":"in-west-bengal-t-2201","properties":{"id":"in-west-bengal-t-2201","name":"Gangarampur","region":"in-west-bengal","level":"tehsil","parent":"in-west-bengal-d-310","district":"Dinajpur Dakshin","source":"LGD via Bharatlas · 2024 snapshot","state_lgd":19,"district_lgd":310,"subdistrict_lgd":2201,"center":[88.56063027741531,25.425962483011794],"bbox":[88.402097,25.3249026,88.6989862,25.5208846]},"geometry":{"type":"Point","coordinates":[88.56063027741531,25.425962483011794]}},{"type":"Feature","id":"in-west-bengal-t-2444","properties":{"id":"in-west-bengal-t-2444","name":"Garbeta - I","region":"in-west-bengal","level":"tehsil","parent":"in-west-bengal-d-318","district":"Medinipur West","source":"LGD via Bharatlas · 2024 snapshot","state_lgd":19,"district_lgd":318,"subdistrict_lgd":2444,"center":[87.37781036783676,22.8675949198662],"bbox":[87.2235314,22.4634192,87.5434612,22.955195]},"geometry":{"type":"Point","coordinates":[87.37781036783676,22.8675949198662]}},{"type":"Feature","id":"in-west-bengal-t-2443","properties":{"id":"in-west-bengal-t-2443","name":"Garbeta - II","region":"in-west-bengal","level":"tehsil","parent":"in-west-bengal-d-318","district":"Medinipur West","source":"LGD via Bharatlas · 2024 snapshot","state_lgd":19,"district_lgd":318,"subdistrict_lgd":2443,"center":[87.17314160639584,22.785555477680706],"bbox":[87.0535095,22.6709496,87.2914685,22.9078805]},"geometry":{"type":"Point","coordinates":[87.17314160639584,22.785555477680706]}},{"type":"Feature","id":"in-west-bengal-t-2445","properties":{"id":"in-west-bengal-t-2445","name":"Garbeta - III","region":"in-west-bengal","level":"tehsil","parent":"in-west-bengal-d-318","district":"Medinipur West","source":"LGD via Bharatlas · 2024 snapshot","state_lgd":19,"district_lgd":318,"subdistrict_lgd":2445,"center":[87.37656885795366,22.740967232198006],"bbox":[87.232635,22.6664492,87.5048391,22.8364893]},"geometry":{"type":"Point","coordinates":[87.37656885795366,22.740967232198006]}},{"type":"Feature","id":"in-west-bengal-t-2214","properties":{"id":"in-west-bengal-t-2214","name":"Gazole","region":"in-west-bengal","level":"tehsil","parent":"in-west-bengal-d-316","district":"Maldah","source":"LGD via Bharatlas · 2024 snapshot","state_lgd":19,"district_lgd":316,"subdistrict_lgd":2214,"center":[88.23132526977653,25.215155522255763],"bbox":[88.058622,25.1121592,88.4134554,25.3173916]},"geometry":{"type":"Point","coordinates":[88.23132526977653,25.215155522255763]}},{"type":"Feature","id":"in-west-bengal-t-2448","properties":{"id":"in-west-bengal-t-2448","name":"Ghatal","region":"in-west-bengal","level":"tehsil","parent":"in-west-bengal-d-318","district":"Medinipur West","source":"LGD via Bharatlas · 2024 snapshot","state_lgd":19,"district_lgd":318,"subdistrict_lgd":2448,"center":[87.69330283390157,22.675608749672552],"bbox":[87.5942472,22.5810414,87.802139,22.7886125]},"geometry":{"type":"Point","coordinates":[87.69330283390157,22.675608749672552]}},{"type":"Feature","id":"in-west-bengal-t-2193","properties":{"id":"in-west-bengal-t-2193","name":"Goalpokhar - I","region":"in-west-bengal","level":"tehsil","parent":"in-west-bengal-d-311","district":"Dinajpur Uttar","source":"LGD via Bharatlas · 2024 snapshot","state_lgd":19,"district_lgd":311,"subdistrict_lgd":2193,"center":[88.0791558306288,26.056623421061083],"bbox":[87.9636055,25.9084569,88.1858204,26.1787573]},"geometry":{"type":"Point","coordinates":[88.0791558306288,26.056623421061083]}},{"type":"Feature","id":"in-west-bengal-t-2194","properties":{"id":"in-west-bengal-t-2194","name":"Goalpokhar - II","region":"in-west-bengal","level":"tehsil","parent":"in-west-bengal-d-311","district":"Dinajpur Uttar","source":"LGD via Bharatlas · 2024 snapshot","state_lgd":19,"district_lgd":311,"subdistrict_lgd":2194,"center":[87.9416383296333,25.993329082431632],"bbox":[87.8073546,25.9043147,88.0624568,26.0965939]},"geometry":{"type":"Point","coordinates":[87.9416383296333,25.993329082431632]}},{"type":"Feature","id":"in-west-bengal-t-2338","properties":{"id":"in-west-bengal-t-2338","name":"Goghat - I","region":"in-west-bengal","level":"tehsil","parent":"in-west-bengal-d-312","district":"Hooghly","source":"LGD via Bharatlas · 2024 snapshot","state_lgd":19,"district_lgd":312,"subdistrict_lgd":2338,"center":[87.72595834323305,22.86946128715526],"bbox":[87.6564232,22.7748637,87.7906007,22.9738276]},"geometry":{"type":"Point","coordinates":[87.72595834323305,22.86946128715526]}},{"type":"Feature","id":"in-west-bengal-t-2339","properties":{"id":"in-west-bengal-t-2339","name":"Goghat - II","region":"in-west-bengal","level":"tehsil","parent":"in-west-bengal-d-312","district":"Hooghly","source":"LGD via Bharatlas · 2024 snapshot","state_lgd":19,"district_lgd":312,"subdistrict_lgd":2339,"center":[87.63346360442715,22.902219779887318],"bbox":[87.5042173,22.8000619,87.7469031,23.0275771]},"geometry":{"type":"Point","coordinates":[87.63346360442715,22.902219779887318]}},{"type":"Feature","id":"in-west-bengal-t-2457","properties":{"id":"in-west-bengal-t-2457","name":"Gopiballavpur - I","region":"in-west-bengal","level":"tehsil","parent":"in-west-bengal-d-703","district":"Jhargram","source":"LGD via Bharatlas · 2024 snapshot","state_lgd":19,"district_lgd":703,"subdistrict_lgd":2457,"center":[86.86163466979765,22.165824302584493],"bbox":[86.7160535,22.0858031,86.9853413,22.2365942]},"geometry":{"type":"Point","coordinates":[86.86163466979765,22.165824302584493]}},{"type":"Feature","id":"in-west-bengal-t-2456","properties":{"id":"in-west-bengal-t-2456","name":"Gopiballavpur - II","region":"in-west-bengal","level":"tehsil","parent":"in-west-bengal-d-703","district":"Jhargram","source":"LGD via Bharatlas · 2024 snapshot","state_lgd":19,"district_lgd":703,"subdistrict_lgd":2456,"center":[86.9447683974777,22.245024563146362],"bbox":[86.7922617,22.1726439,87.0609297,22.3119107]},"geometry":{"type":"Point","coordinates":[86.9447683974777,22.245024563146362]}},{"type":"Feature","id":"in-west-bengal-t-2158","properties":{"id":"in-west-bengal-t-2158","name":"Gorubathan","region":"in-west-bengal","level":"tehsil","parent":"in-west-bengal-d-702","district":"Kalimpong","source":"LGD via Bharatlas · 2024 snapshot","state_lgd":19,"district_lgd":702,"subdistrict_lgd":2158,"center":[88.74381816077734,27.032338765597267],"bbox":[88.6012994,26.9051727,88.8811719,27.1458048]},"geometry":{"type":"Point","coordinates":[88.74381816077734,27.032338765597267]}},{"type":"Feature","id":"in-west-bengal-t-2435","properties":{"id":"in-west-bengal-t-2435","name":"Gosaba","region":"in-west-bengal","level":"tehsil","parent":"in-west-bengal-d-304","district":"24 Paraganas South","source":"LGD via Bharatlas · 2024 snapshot","state_lgd":19,"district_lgd":304,"subdistrict_lgd":2435,"center":[88.86011644001886,21.954841208975008],"bbox":[88.6844261,21.5341555,89.1512309,22.2062719]},"geometry":{"type":"Point","coordinates":[88.86011644001886,21.954841208975008]}},{"type":"Feature","id":"in-west-bengal-t-2216","properties":{"id":"in-west-bengal-t-2216","name":"Habibpur","region":"in-west-bengal","level":"tehsil","parent":"in-west-bengal-d-316","district":"Maldah","source":"LGD via Bharatlas · 2024 snapshot","state_lgd":19,"district_lgd":316,"subdistrict_lgd":2216,"center":[88.32800622323234,25.012297578341922],"bbox":[88.2239276,24.8701398,88.4528698,25.1250884]},"geometry":{"type":"Point","coordinates":[88.32800622323234,25.012297578341922]}},{"type":"Feature","id":"in-west-bengal-t-2320","properties":{"id":"in-west-bengal-t-2320","name":"Habra - I","region":"in-west-bengal","level":"tehsil","parent":"in-west-bengal-d-303","district":"24 Paraganas North","source":"LGD via Bharatlas · 2024 snapshot","state_lgd":19,"district_lgd":303,"subdistrict_lgd":2320,"center":[88.68436953244678,22.829103554349423],"bbox":[88.5697029,22.7600326,88.7913823,22.8995267]},"geometry":{"type":"Point","coordinates":[88.68436953244678,22.829103554349423]}},{"type":"Feature","id":"in-west-bengal-t-2321","properties":{"id":"in-west-bengal-t-2321","name":"Habra - II","region":"in-west-bengal","level":"tehsil","parent":"in-west-bengal-d-303","district":"24 Paraganas North","source":"LGD via Bharatlas · 2024 snapshot","state_lgd":19,"district_lgd":303,"subdistrict_lgd":2321,"center":[88.58279018614769,22.847881480476598],"bbox":[88.5078145,22.7726678,88.6585336,22.9228117]},"geometry":{"type":"Point","coordinates":[88.58279018614769,22.847881480476598]}},{"type":"Feature","id":"in-west-bengal-t-2483","properties":{"id":"in-west-bengal-t-2483","name":"Haldia","region":"in-west-bengal","level":"tehsil","parent":"in-west-bengal-d-317","district":"Medinipur East","source":"LGD via Bharatlas · 2024 snapshot","state_lgd":19,"district_lgd":317,"subdistrict_lgd":2483,"center":[88.05826891932273,22.084767444741917],"bbox":[87.978053,22.0133142,88.146829,22.1553105]},"geometry":{"type":"Point","coordinates":[88.05826891932273,22.084767444741917]}},{"type":"Feature","id":"in-west-bengal-t-source-5117","properties":{"id":"in-west-bengal-t-source-5117","name":"Haldia and Kanthi","region":"in-west-bengal","level":"tehsil","parent":"in-west-bengal-d-317","district":"Medinipur East","source":"LGD via Bharatlas · 2024 snapshot","state_lgd":19,"district_lgd":317,"subdistrict_lgd":null,"source_objectid":5117,"center":[87.9203462593677,21.94195641418191],"bbox":[87.908065,21.9222358,87.9323805,21.9642993]},"geometry":{"type":"Point","coordinates":[87.9203462593677,21.94195641418191]}},{"type":"Feature","id":"in-west-bengal-t-2179","properties":{"id":"in-west-bengal-t-2179","name":"Haldibari","region":"in-west-bengal","level":"tehsil","parent":"in-west-bengal-d-308","district":"Coochbehar","source":"LGD via Bharatlas · 2024 snapshot","state_lgd":19,"district_lgd":308,"subdistrict_lgd":2179,"center":[88.8252526860064,26.317593135022342],"bbox":[88.7480029,26.2305481,88.9263387,26.3987031]},"geometry":{"type":"Point","coordinates":[88.8252526860064,26.317593135022342]}},{"type":"Feature","id":"in-west-bengal-t-2310","properties":{"id":"in-west-bengal-t-2310","name":"Hanskhali","region":"in-west-bengal","level":"tehsil","parent":"in-west-bengal-d-320","district":"Nadia","source":"LGD via Bharatlas · 2024 snapshot","state_lgd":19,"district_lgd":320,"subdistrict_lgd":2310,"center":[88.63093902781719,23.343008977473307],"bbox":[88.5092265,23.2795299,88.7655529,23.4183543]},"geometry":{"type":"Point","coordinates":[88.63093902781719,23.343008977473307]}},{"type":"Feature","id":"in-west-bengal-t-2242","properties":{"id":"in-west-bengal-t-2242","name":"Hariharpara","region":"in-west-bengal","level":"tehsil","parent":"in-west-bengal-d-319","district":"Murshidabad","source":"LGD via Bharatlas · 2024 snapshot","state_lgd":19,"district_lgd":319,"subdistrict_lgd":2242,"center":[88.40299775112321,24.030261464512567],"bbox":[88.3072162,23.935723,88.5030959,24.1227768]},"geometry":{"type":"Point","coordinates":[88.40299775112321,24.030261464512567]}},{"type":"Feature","id":"in-west-bengal-t-2315","properties":{"id":"in-west-bengal-t-2315","name":"Haringhata","region":"in-west-bengal","level":"tehsil","parent":"in-west-bengal-d-320","district":"Nadia","source":"LGD via Bharatlas · 2024 snapshot","state_lgd":19,"district_lgd":320,"subdistrict_lgd":2315,"center":[88.59861812995011,22.957606759433368],"bbox":[88.5113996,22.8752507,88.6795799,23.0279572]},"geometry":{"type":"Point","coordinates":[88.59861812995011,22.957606759433368]}},{"type":"Feature","id":"in-west-bengal-t-2348","properties":{"id":"in-west-bengal-t-2348","name":"Haripal","region":"in-west-bengal","level":"tehsil","parent":"in-west-bengal-d-312","district":"Hooghly","source":"LGD via Bharatlas · 2024 snapshot","state_lgd":19,"district_lgd":312,"subdistrict_lgd":2348,"center":[88.12150736104093,22.836239582402396],"bbox":[88.0057548,22.7666044,88.2219501,22.9065738]},"geometry":{"type":"Point","coordinates":[88.12150736104093,22.836239582402396]}},{"type":"Feature","id":"in-west-bengal-t-2207","properties":{"id":"in-west-bengal-t-2207","name":"Harirampur","region":"in-west-bengal","level":"tehsil","parent":"in-west-bengal-d-310","district":"Dinajpur Dakshin","source":"LGD via Bharatlas · 2024 snapshot","state_lgd":19,"district_lgd":310,"subdistrict_lgd":2207,"center":[88.26021441858926,25.380036956442094],"bbox":[88.1652641,25.2962646,88.350101,25.4608236]},"geometry":{"type":"Point","coordinates":[88.26021441858926,25.380036956442094]}},{"type":"Feature","id":"in-west-bengal-t-2208","properties":{"id":"in-west-bengal-t-2208","name":"Harischandrapur - I","region":"in-west-bengal","level":"tehsil","parent":"in-west-bengal-d-316","district":"Maldah","source":"LGD via Bharatlas · 2024 snapshot","state_lgd":19,"district_lgd":316,"subdistrict_lgd":2208,"center":[87.92974766997918,25.456832100426347],"bbox":[87.8497541,25.3698217,88.0067499,25.539771]},"geometry":{"type":"Point","coordinates":[87.92974766997918,25.456832100426347]}},{"type":"Feature","id":"in-west-bengal-t-2209","properties":{"id":"in-west-bengal-t-2209","name":"Harischandrapur - II","region":"in-west-bengal","level":"tehsil","parent":"in-west-bengal-d-316","district":"Maldah","source":"LGD via Bharatlas · 2024 snapshot","state_lgd":19,"district_lgd":316,"subdistrict_lgd":2209,"center":[87.85658694033698,25.373750287582737],"bbox":[87.7638829,25.2694477,87.9722801,25.4971016]},"geometry":{"type":"Point","coordinates":[87.85658694033698,25.373750287582737]}},{"type":"Feature","id":"in-west-bengal-t-2331","properties":{"id":"in-west-bengal-t-2331","name":"Haroa","region":"in-west-bengal","level":"tehsil","parent":"in-west-bengal-d-303","district":"24 Paraganas North","source":"LGD via Bharatlas · 2024 snapshot","state_lgd":19,"district_lgd":303,"subdistrict_lgd":2331,"center":[88.68568092176743,22.585547988801423],"bbox":[88.5893255,22.501777,88.7908828,22.6371704]},"geometry":{"type":"Point","coordinates":[88.68568092176743,22.585547988801423]}},{"type":"Feature","id":"in-west-bengal-t-2336","properties":{"id":"in-west-bengal-t-2336","name":"Hasnabad","region":"in-west-bengal","level":"tehsil","parent":"in-west-bengal-d-303","district":"24 Paraganas North","source":"LGD via Bharatlas · 2024 snapshot","state_lgd":19,"district_lgd":303,"subdistrict_lgd":2336,"center":[88.88821155230185,22.54179722323219],"bbox":[88.7968898,22.4656798,88.9742927,22.618876]},"geometry":{"type":"Point","coordinates":[88.88821155230185,22.54179722323219]}},{"type":"Feature","id":"in-west-bengal-t-2197","properties":{"id":"in-west-bengal-t-2197","name":"Hemtabad","region":"in-west-bengal","level":"tehsil","parent":"in-west-bengal-d-311","district":"Dinajpur Uttar","source":"LGD via Bharatlas · 2024 snapshot","state_lgd":19,"district_lgd":311,"subdistrict_lgd":2197,"center":[88.25575649420983,25.706400650538303],"bbox":[88.1969327,25.5884889,88.3398961,25.8138265]},"geometry":{"type":"Point","coordinates":[88.25575649420983,25.706400650538303]}},{"type":"Feature","id":"in-west-bengal-t-2203","properties":{"id":"in-west-bengal-t-2203","name":"Hilli","region":"in-west-bengal","level":"tehsil","parent":"in-west-bengal-d-310","district":"Dinajpur Dakshin","source":"LGD via Bharatlas · 2024 snapshot","state_lgd":19,"district_lgd":310,"subdistrict_lgd":2203,"center":[88.93621564462457,25.265301158374143],"bbox":[88.8751983,25.2061123,89.0094419,25.3171956]},"geometry":{"type":"Point","coordinates":[88.93621564462457,25.265301158374143]}},{"type":"Feature","id":"in-west-bengal-t-2337","properties":{"id":"in-west-bengal-t-2337","name":"Hingalganj","region":"in-west-bengal","level":"tehsil","parent":"in-west-bengal-d-303","district":"24 Paraganas North","source":"LGD via Bharatlas · 2024 snapshot","state_lgd":19,"district_lgd":303,"subdistrict_lgd":2337,"center":[88.9807010862812,22.323842704084345],"bbox":[88.8921489,22.1201545,89.098708,22.5154229]},"geometry":{"type":"Point","coordinates":[88.9807010862812,22.323842704084345]}},{"type":"Feature","id":"in-west-bengal-t-2374","properties":{"id":"in-west-bengal-t-2374","name":"Hirbandh","region":"in-west-bengal","level":"tehsil","parent":"in-west-bengal-d-305","district":"Bankura","source":"LGD via Bharatlas · 2024 snapshot","state_lgd":19,"district_lgd":305,"subdistrict_lgd":2374,"center":[86.80540767283564,23.07408950903149],"bbox":[86.717285,22.9921485,86.9282707,23.1679331]},"geometry":{"type":"Point","coordinates":[86.80540767283564,23.07408950903149]}},{"type":"Feature","id":"in-west-bengal-t-source-5059","properties":{"id":"in-west-bengal-t-source-5059","name":"Howrah","region":"in-west-bengal","level":"tehsil","parent":"in-west-bengal-d-313","district":"Howrah","source":"LGD via Bharatlas · 2024 snapshot","state_lgd":19,"district_lgd":313,"subdistrict_lgd":null,"source_objectid":5059,"center":[88.31665375585612,22.592600169515],"bbox":[88.2702122,22.5496536,88.3661102,22.641051]},"geometry":{"type":"Point","coordinates":[88.31665375585612,22.592600169515]}},{"type":"Feature","id":"in-west-bengal-t-2386","properties":{"id":"in-west-bengal-t-2386","name":"Hura","region":"in-west-bengal","level":"tehsil","parent":"in-west-bengal-d-321","district":"Purulia","source":"LGD via Bharatlas · 2024 snapshot","state_lgd":19,"district_lgd":321,"subdistrict_lgd":2386,"center":[86.60533442470282,23.31171219023687],"bbox":[86.4806738,23.2174416,86.7872564,23.4351798]},"geometry":{"type":"Point","coordinates":[86.60533442470282,23.31171219023687]}},{"type":"Feature","id":"in-west-bengal-t-2265","properties":{"id":"in-west-bengal-t-2265","name":"Illambazar","region":"in-west-bengal","level":"tehsil","parent":"in-west-bengal-d-307","district":"Birbhum","source":"LGD via Bharatlas · 2024 snapshot","state_lgd":19,"district_lgd":307,"subdistrict_lgd":2265,"center":[87.53125601157178,23.672686692996773],"bbox":[87.4095087,23.5948409,87.6530658,23.782213]},"geometry":{"type":"Point","coordinates":[87.53125601157178,23.672686692996773]}},{"type":"Feature","id":"in-west-bengal-t-2360","properties":{"id":"in-west-bengal-t-2360","name":"Indpur","region":"in-west-bengal","level":"tehsil","parent":"in-west-bengal-d-305","district":"Bankura","source":"LGD via Bharatlas · 2024 snapshot","state_lgd":19,"district_lgd":305,"subdistrict_lgd":2360,"center":[86.88799836983914,23.14248757010034],"bbox":[86.7514855,23.033562,87.0362145,23.2765686]},"geometry":{"type":"Point","coordinates":[86.88799836983914,23.14248757010034]}},{"type":"Feature","id":"in-west-bengal-t-2366","properties":{"id":"in-west-bengal-t-2366","name":"Indus","region":"in-west-bengal","level":"tehsil","parent":"in-west-bengal-d-305","district":"Bankura","source":"LGD via Bharatlas · 2024 snapshot","state_lgd":19,"district_lgd":305,"subdistrict_lgd":2366,"center":[87.64889076800051,23.111385918760693],"bbox":[87.5229076,23.0106316,87.7642818,23.2472676]},"geometry":{"type":"Point","coordinates":[87.64889076800051,23.111385918760693]}},{"type":"Feature","id":"in-west-bengal-t-2192","properties":{"id":"in-west-bengal-t-2192","name":"Islampur","region":"in-west-bengal","level":"tehsil","parent":"in-west-bengal-d-311","district":"Dinajpur Uttar","source":"LGD via Bharatlas · 2024 snapshot","state_lgd":19,"district_lgd":311,"subdistrict_lgd":2192,"center":[88.2336857889666,26.23638834427788],"bbox":[88.0757857,26.1252116,88.3792878,26.3535702]},"geometry":{"type":"Point","coordinates":[88.2336857889666,26.23638834427788]}},{"type":"Feature","id":"in-west-bengal-t-2199","properties":{"id":"in-west-bengal-t-2199","name":"Itahar","region":"in-west-bengal","level":"tehsil","parent":"in-west-bengal-d-311","district":"Dinajpur Uttar","source":"LGD via Bharatlas · 2024 snapshot","state_lgd":19,"district_lgd":311,"subdistrict_lgd":2199,"center":[88.15731538932097,25.437936212196654],"bbox":[88.0337169,25.2447008,88.2704471,25.5785471]},"geometry":{"type":"Point","coordinates":[88.15731538932097,25.437936212196654]}},{"type":"Feature","id":"in-west-bengal-t-2401","properties":{"id":"in-west-bengal-t-2401","name":"Jagatballavpur","region":"in-west-bengal","level":"tehsil","parent":"in-west-bengal-d-313","district":"Howrah","source":"LGD via Bharatlas · 2024 snapshot","state_lgd":19,"district_lgd":313,"subdistrict_lgd":2401,"center":[88.10532408946004,22.63283387246283],"bbox":[88.0341495,22.5418634,88.1869585,22.707392]},"geometry":{"type":"Point","coordinates":[88.10532408946004,22.63283387246283]}},{"type":"Feature","id":"in-west-bengal-t-2378","properties":{"id":"in-west-bengal-t-2378","name":"Jaipur","region":"in-west-bengal","level":"tehsil","parent":"in-west-bengal-d-321","district":"Purulia","source":"LGD via Bharatlas · 2024 snapshot","state_lgd":19,"district_lgd":321,"subdistrict_lgd":2378,"center":[86.13184086703434,23.47484182998519],"bbox":[86.0162778,23.3582801,86.247582,23.5868814]},"geometry":{"type":"Point","coordinates":[86.13184086703434,23.47484182998519]}},{"type":"Feature","id":"in-west-bengal-t-2234","properties":{"id":"in-west-bengal-t-2234","name":"Jalangi","region":"in-west-bengal","level":"tehsil","parent":"in-west-bengal-d-319","district":"Murshidabad","source":"LGD via Bharatlas · 2024 snapshot","state_lgd":19,"district_lgd":319,"subdistrict_lgd":2234,"center":[88.67477444408792,24.185668363495022],"bbox":[88.5840004,24.0818299,88.7464907,24.2906434]},"geometry":{"type":"Point","coordinates":[88.67477444408792,24.185668363495022]}},{"type":"Feature","id":"in-west-bengal-t-2178","properties":{"id":"in-west-bengal-t-2178","name":"Jalpaiguri","region":"in-west-bengal","level":"tehsil","parent":"in-west-bengal-d-314","district":"Jalpaiguri","source":"LGD via Bharatlas · 2024 snapshot","state_lgd":19,"district_lgd":314,"subdistrict_lgd":2178,"center":[88.69146159289012,26.49010234727188],"bbox":[88.5737934,26.2589048,88.8506115,26.6826877]},"geometry":{"type":"Point","coordinates":[88.69146159289012,26.49010234727188]}},{"type":"Feature","id":"in-west-bengal-t-2295","properties":{"id":"in-west-bengal-t-2295","name":"Jamalpur","region":"in-west-bengal","level":"tehsil","parent":"in-west-bengal-d-306","district":"Purba Bardhaman","source":"LGD via Bharatlas · 2024 snapshot","state_lgd":19,"district_lgd":306,"subdistrict_lgd":2295,"center":[88.02481446466837,23.068808845497554],"bbox":[87.9431205,22.9517289,88.1521529,23.1699441]},"geometry":{"type":"Point","coordinates":[88.02481446466837,23.068808845497554]}},{"type":"Feature","id":"in-west-bengal-t-2455","properties":{"id":"in-west-bengal-t-2455","name":"Jamboni","region":"in-west-bengal","level":"tehsil","parent":"in-west-bengal-d-703","district":"Jhargram","source":"LGD via Bharatlas · 2024 snapshot","state_lgd":19,"district_lgd":703,"subdistrict_lgd":2455,"center":[86.85912292668245,22.44662458731099],"bbox":[86.7472795,22.297135,86.9530754,22.5712854]},"geometry":{"type":"Point","coordinates":[86.85912292668245,22.44662458731099]}},{"type":"Feature","id":"in-west-bengal-t-2270","properties":{"id":"in-west-bengal-t-2270","name":"Jamuria","region":"in-west-bengal","level":"tehsil","parent":"in-west-bengal-d-704","district":"Paschim Bardhaman","source":"LGD via Bharatlas · 2024 snapshot","state_lgd":19,"district_lgd":704,"subdistrict_lgd":2270,"center":[87.11004502601119,23.71627326605409],"bbox":[87.0091153,23.634876,87.2292089,23.8196578]},"geometry":{"type":"Point","coordinates":[87.11004502601119,23.71627326605409]}},{"type":"Feature","id":"in-west-bengal-t-2353","properties":{"id":"in-west-bengal-t-2353","name":"Jangipara","region":"in-west-bengal","level":"tehsil","parent":"in-west-bengal-d-312","district":"Hooghly","source":"LGD via Bharatlas · 2024 snapshot","state_lgd":19,"district_lgd":312,"subdistrict_lgd":2353,"center":[88.06657784893162,22.739301355785784],"bbox":[87.9798772,22.6778025,88.1504203,22.7993993]},"geometry":{"type":"Point","coordinates":[88.06657784893162,22.739301355785784]}},{"type":"Feature","id":"in-west-bengal-t-2431","properties":{"id":"in-west-bengal-t-2431","name":"Jaynagar - I","region":"in-west-bengal","level":"tehsil","parent":"in-west-bengal-d-304","district":"24 Paraganas South","source":"LGD via Bharatlas · 2024 snapshot","state_lgd":19,"district_lgd":304,"subdistrict_lgd":2431,"center":[88.49450066686114,22.226145277615018],"bbox":[88.4077551,22.1553316,88.591284,22.2817499]},"geometry":{"type":"Point","coordinates":[88.49450066686114,22.226145277615018]}},{"type":"Feature","id":"in-west-bengal-t-2432","properties":{"id":"in-west-bengal-t-2432","name":"Jaynagar - II","region":"in-west-bengal","level":"tehsil","parent":"in-west-bengal-d-304","district":"24 Paraganas South","source":"LGD via Bharatlas · 2024 snapshot","state_lgd":19,"district_lgd":304,"subdistrict_lgd":2432,"center":[88.50048108247802,22.10742305612946],"bbox":[88.4041509,21.9804187,88.5553173,22.2132638]},"geometry":{"type":"Point","coordinates":[88.50048108247802,22.10742305612946]}},{"type":"Feature","id":"in-west-bengal-t-2368","properties":{"id":"in-west-bengal-t-2368","name":"Jaypur","region":"in-west-bengal","level":"tehsil","parent":"in-west-bengal-d-305","district":"Bankura","source":"LGD via Bharatlas · 2024 snapshot","state_lgd":19,"district_lgd":305,"subdistrict_lgd":2368,"center":[87.46682379112332,23.027355667082723],"bbox":[87.3690536,22.9100816,87.5495977,23.1230583]},"geometry":{"type":"Point","coordinates":[87.46682379112332,23.027355667082723]}},{"type":"Feature","id":"in-west-bengal-t-2390","properties":{"id":"in-west-bengal-t-2390","name":"Jhalda - I","region":"in-west-bengal","level":"tehsil","parent":"in-west-bengal-d-321","district":"Purulia","source":"LGD via Bharatlas · 2024 snapshot","state_lgd":19,"district_lgd":321,"subdistrict_lgd":2390,"center":[85.92336275584977,23.342974960678976],"bbox":[85.8196735,23.2199035,86.0363516,23.4843132]},"geometry":{"type":"Point","coordinates":[85.92336275584977,23.342974960678976]}},{"type":"Feature","id":"in-west-bengal-t-2391","properties":{"id":"in-west-bengal-t-2391","name":"Jhalda - II","region":"in-west-bengal","level":"tehsil","parent":"in-west-bengal-d-321","district":"Purulia","source":"LGD via Bharatlas · 2024 snapshot","state_lgd":19,"district_lgd":321,"subdistrict_lgd":2391,"center":[86.04036383398248,23.413531904355224],"bbox":[85.936676,23.2764092,86.1363332,23.4946682]},"geometry":{"type":"Point","coordinates":[86.04036383398248,23.413531904355224]}},{"type":"Feature","id":"in-west-bengal-t-2454","properties":{"id":"in-west-bengal-t-2454","name":"Jhargram","region":"in-west-bengal","level":"tehsil","parent":"in-west-bengal-d-703","district":"Jhargram","source":"LGD via Bharatlas · 2024 snapshot","state_lgd":19,"district_lgd":703,"subdistrict_lgd":2454,"center":[87.04050104792069,22.37943021977354],"bbox":[86.9041174,22.2544864,87.2583364,22.5029111]},"geometry":{"type":"Point","coordinates":[87.04050104792069,22.37943021977354]}},{"type":"Feature","id":"in-west-bengal-t-2159","properties":{"id":"in-west-bengal-t-2159","name":"Jorebunglow Sukiapokhri","region":"in-west-bengal","level":"tehsil","parent":"in-west-bengal-d-309","district":"Darjeeling","source":"LGD via Bharatlas · 2024 snapshot","state_lgd":19,"district_lgd":309,"subdistrict_lgd":2159,"center":[88.24373715988678,26.9722639119888],"bbox":[88.1201347,26.8947681,88.4207576,27.048345]},"geometry":{"type":"Point","coordinates":[88.24373715988678,26.9722639119888]}},{"type":"Feature","id":"in-west-bengal-t-2437","properties":{"id":"in-west-bengal-t-2437","name":"Kakdwip","region":"in-west-bengal","level":"tehsil","parent":"in-west-bengal-d-304","district":"24 Paraganas South","source":"LGD via Bharatlas · 2024 snapshot","state_lgd":19,"district_lgd":304,"subdistrict_lgd":2437,"center":[88.23984460723601,21.774662195920637],"bbox":[88.1496963,21.5565274,88.3218392,22.1746165]},"geometry":{"type":"Point","coordinates":[88.23984460723601,21.774662195920637]}},{"type":"Feature","id":"in-west-bengal-t-2171","properties":{"id":"in-west-bengal-t-2171","name":"Kalchini","region":"in-west-bengal","level":"tehsil","parent":"in-west-bengal-d-664","district":"Alipurduar","source":"LGD via Bharatlas · 2024 snapshot","state_lgd":19,"district_lgd":664,"subdistrict_lgd":2171,"center":[89.46316685633077,26.713939947630077],"bbox":[89.2767875,26.5489295,89.6662914,26.8621783]},"geometry":{"type":"Point","coordinates":[89.46316685633077,26.713939947630077]}},{"type":"Feature","id":"in-west-bengal-t-2220","properties":{"id":"in-west-bengal-t-2220","name":"Kaliachak - I","region":"in-west-bengal","level":"tehsil","parent":"in-west-bengal-d-316","district":"Maldah","source":"LGD via Bharatlas · 2024 snapshot","state_lgd":19,"district_lgd":316,"subdistrict_lgd":2220,"center":[88.04770802681165,24.875158198710903],"bbox":[87.9474084,24.8275904,88.1229655,24.9273349]},"geometry":{"type":"Point","coordinates":[88.04770802681165,24.875158198710903]}},{"type":"Feature","id":"in-west-bengal-t-2221","properties":{"id":"in-west-bengal-t-2221","name":"Kaliachak - II","region":"in-west-bengal","level":"tehsil","parent":"in-west-bengal-d-316","district":"Maldah","source":"LGD via Bharatlas · 2024 snapshot","state_lgd":19,"district_lgd":316,"subdistrict_lgd":2221,"center":[88.002063512723,24.930623895971962],"bbox":[87.9027523,24.8515789,88.0959025,24.9959653]},"geometry":{"type":"Point","coordinates":[88.002063512723,24.930623895971962]}},{"type":"Feature","id":"in-west-bengal-t-2222","properties":{"id":"in-west-bengal-t-2222","name":"Kaliachak - III","region":"in-west-bengal","level":"tehsil","parent":"in-west-bengal-d-316","district":"Maldah","source":"LGD via Bharatlas · 2024 snapshot","state_lgd":19,"district_lgd":316,"subdistrict_lgd":2222,"center":[88.0150491041563,24.777678489328267],"bbox":[87.8966662,24.6552453,88.1362841,24.8718533]},"geometry":{"type":"Point","coordinates":[88.0150491041563,24.777678489328267]}},{"type":"Feature","id":"in-west-bengal-t-2198","properties":{"id":"in-west-bengal-t-2198","name":"Kaliaganj","region":"in-west-bengal","level":"tehsil","parent":"in-west-bengal-d-311","district":"Dinajpur Uttar","source":"LGD via Bharatlas · 2024 snapshot","state_lgd":19,"district_lgd":311,"subdistrict_lgd":2198,"center":[88.32595032004083,25.611689725930994],"bbox":[88.1925319,25.4869474,88.4565262,25.7352638]},"geometry":{"type":"Point","coordinates":[88.32595032004083,25.611689725930994]}},{"type":"Feature","id":"in-west-bengal-t-2303","properties":{"id":"in-west-bengal-t-2303","name":"Kaliganj","region":"in-west-bengal","level":"tehsil","parent":"in-west-bengal-d-320","district":"Nadia","source":"LGD via Bharatlas · 2024 snapshot","state_lgd":19,"district_lgd":320,"subdistrict_lgd":2303,"center":[88.24997613556225,23.700674473504385],"bbox":[88.1343355,23.6107774,88.3652747,23.8230999]},"geometry":{"type":"Point","coordinates":[88.24997613556225,23.700674473504385]}},{"type":"Feature","id":"in-west-bengal-t-2157","properties":{"id":"in-west-bengal-t-2157","name":"Kalimpong - II","region":"in-west-bengal","level":"tehsil","parent":"in-west-bengal-d-702","district":"Kalimpong","source":"LGD via Bharatlas · 2024 snapshot","state_lgd":19,"district_lgd":702,"subdistrict_lgd":2157,"center":[88.59976426240821,27.110326969089563],"bbox":[88.4785702,27.0060982,88.7178469,27.1912635]},"geometry":{"type":"Point","coordinates":[88.59976426240821,27.110326969089563]}},{"type":"Feature","id":"in-west-bengal-t-2156","properties":{"id":"in-west-bengal-t-2156","name":"Kalimpong -I","region":"in-west-bengal","level":"tehsil","parent":"in-west-bengal-d-702","district":"Kalimpong","source":"LGD via Bharatlas · 2024 snapshot","state_lgd":19,"district_lgd":702,"subdistrict_lgd":2156,"center":[88.51152663397455,26.984177540511485],"bbox":[88.3914812,26.8654995,88.6209386,27.1316871]},"geometry":{"type":"Point","coordinates":[88.51152663397455,26.984177540511485]}},{"type":"Feature","id":"in-west-bengal-t-2293","properties":{"id":"in-west-bengal-t-2293","name":"Kalna - I","region":"in-west-bengal","level":"tehsil","parent":"in-west-bengal-d-306","district":"Purba Bardhaman","source":"LGD via Bharatlas · 2024 snapshot","state_lgd":19,"district_lgd":306,"subdistrict_lgd":2293,"center":[88.28110917933071,23.27618734679231],"bbox":[88.2021848,23.2044603,88.3786158,23.3533706]},"geometry":{"type":"Point","coordinates":[88.28110917933071,23.27618734679231]}},{"type":"Feature","id":"in-west-bengal-t-2294","properties":{"id":"in-west-bengal-t-2294","name":"Kalna - II","region":"in-west-bengal","level":"tehsil","parent":"in-west-bengal-d-306","district":"Purba Bardhaman","source":"LGD via Bharatlas · 2024 snapshot","state_lgd":19,"district_lgd":306,"subdistrict_lgd":2294,"center":[88.29479160770012,23.179752881941432],"bbox":[88.1839661,23.1159108,88.4150227,23.2335893]},"geometry":{"type":"Point","coordinates":[88.29479160770012,23.179752881941432]}},{"type":"Feature","id":"in-west-bengal-t-source-4941","properties":{"id":"in-west-bengal-t-source-4941","name":"Kalyani & Ranaghat","region":"in-west-bengal","level":"tehsil","parent":"in-west-bengal-d-320","district":"Nadia","source":"LGD via Bharatlas · 2024 snapshot","state_lgd":19,"district_lgd":320,"subdistrict_lgd":null,"source_objectid":4941,"center":[88.55491632638314,23.122750489346384],"bbox":[88.5047149,23.1050966,88.5606926,23.1302449]},"geometry":{"type":"Point","coordinates":[88.55491632638314,23.122750489346384]}},{"type":"Feature","id":"in-west-bengal-t-2240","properties":{"id":"in-west-bengal-t-2240","name":"Kandi","region":"in-west-bengal","level":"tehsil","parent":"in-west-bengal-d-319","district":"Murshidabad","source":"LGD via Bharatlas · 2024 snapshot","state_lgd":19,"district_lgd":319,"subdistrict_lgd":2240,"center":[88.09958100574177,24.01072746946602],"bbox":[87.9807636,23.8950855,88.1910091,24.1246423]},"geometry":{"type":"Point","coordinates":[88.09958100574177,24.01072746946602]}},{"type":"Feature","id":"in-west-bengal-t-source-4868","properties":{"id":"in-west-bengal-t-source-4868","name":"Kandi & Lalbag","region":"in-west-bengal","level":"tehsil","parent":"in-west-bengal-d-319","district":"Murshidabad","source":"LGD via Bharatlas · 2024 snapshot","state_lgd":19,"district_lgd":319,"subdistrict_lgd":null,"source_objectid":4868,"center":[88.06082787758,24.11433193929962],"bbox":[88.0442409,24.0979363,88.1752847,24.1289429]},"geometry":{"type":"Point","coordinates":[88.06082787758,24.11433193929962]}},{"type":"Feature","id":"in-west-bengal-t-2275","properties":{"id":"in-west-bengal-t-2275","name":"Kanksa","region":"in-west-bengal","level":"tehsil","parent":"in-west-bengal-d-704","district":"Paschim Bardhaman","source":"LGD via Bharatlas · 2024 snapshot","state_lgd":19,"district_lgd":704,"subdistrict_lgd":2275,"center":[87.42611098311143,23.540309613320705],"bbox":[87.3438476,23.4022123,87.5347882,23.6941447]},"geometry":{"type":"Point","coordinates":[87.42611098311143,23.540309613320705]}},{"type":"Feature","id":"in-west-bengal-t-source-5118","properties":{"id":"in-west-bengal-t-source-5118","name":"Kanthi","region":"in-west-bengal","level":"tehsil","parent":"in-west-bengal-d-317","district":"Medinipur East","source":"LGD via Bharatlas · 2024 snapshot","state_lgd":19,"district_lgd":317,"subdistrict_lgd":null,"source_objectid":5118,"center":[87.84889417849296,22.024038504756746],"bbox":[87.8343582,22.0147184,87.8616534,22.0336077]},"geometry":{"type":"Point","coordinates":[87.84889417849296,22.024038504756746]}},{"type":"Feature","id":"in-west-bengal-t-2195","properties":{"id":"in-west-bengal-t-2195","name":"Karandighi","region":"in-west-bengal","level":"tehsil","parent":"in-west-bengal-d-311","district":"Dinajpur Uttar","source":"LGD via Bharatlas · 2024 snapshot","state_lgd":19,"district_lgd":311,"subdistrict_lgd":2195,"center":[87.974762237856,25.84736211643546],"bbox":[87.8195668,25.7164115,88.1138726,25.9316116]},"geometry":{"type":"Point","coordinates":[87.974762237856,25.84736211643546]}},{"type":"Feature","id":"in-west-bengal-t-2299","properties":{"id":"in-west-bengal-t-2299","name":"Karimpur - I","region":"in-west-bengal","level":"tehsil","parent":"in-west-bengal-d-320","district":"Nadia","source":"LGD via Bharatlas · 2024 snapshot","state_lgd":19,"district_lgd":320,"subdistrict_lgd":2299,"center":[88.6840676660638,23.99706412268529],"bbox":[88.5776726,23.8988463,88.7691993,24.0947088]},"geometry":{"type":"Point","coordinates":[88.6840676660638,23.99706412268529]}},{"type":"Feature","id":"in-west-bengal-t-2300","properties":{"id":"in-west-bengal-t-2300","name":"Karimpur - II","region":"in-west-bengal","level":"tehsil","parent":"in-west-bengal-d-320","district":"Nadia","source":"LGD via Bharatlas · 2024 snapshot","state_lgd":19,"district_lgd":320,"subdistrict_lgd":2300,"center":[88.57562982071207,23.929233123672578],"bbox":[88.4571783,23.8616928,88.6967611,24.0414053]},"geometry":{"type":"Point","coordinates":[88.57562982071207,23.929233123672578]}},{"type":"Feature","id":"in-west-bengal-t-2385","properties":{"id":"in-west-bengal-t-2385","name":"Kashipur","region":"in-west-bengal","level":"tehsil","parent":"in-west-bengal-d-321","district":"Purulia","source":"LGD via Bharatlas · 2024 snapshot","state_lgd":19,"district_lgd":321,"subdistrict_lgd":2385,"center":[86.72010269224958,23.411636726695644],"bbox":[86.573301,23.2938957,86.8660615,23.5248331]},"geometry":{"type":"Point","coordinates":[86.72010269224958,23.411636726695644]}},{"type":"Feature","id":"in-west-bengal-t-2281","properties":{"id":"in-west-bengal-t-2281","name":"Katwa - I","region":"in-west-bengal","level":"tehsil","parent":"in-west-bengal-d-306","district":"Purba Bardhaman","source":"LGD via Bharatlas · 2024 snapshot","state_lgd":19,"district_lgd":306,"subdistrict_lgd":2281,"center":[88.09933031827183,23.577921274218973],"bbox":[88.0289457,23.4489217,88.1942345,23.6719314]},"geometry":{"type":"Point","coordinates":[88.09933031827183,23.577921274218973]}},{"type":"Feature","id":"in-west-bengal-t-2282","properties":{"id":"in-west-bengal-t-2282","name":"Katwa - II","region":"in-west-bengal","level":"tehsil","parent":"in-west-bengal-d-306","district":"Purba Bardhaman","source":"LGD via Bharatlas · 2024 snapshot","state_lgd":19,"district_lgd":306,"subdistrict_lgd":2282,"center":[88.17864640665566,23.543631397968465],"bbox":[88.0803977,23.4683613,88.2787216,23.6224896]},"geometry":{"type":"Point","coordinates":[88.17864640665566,23.543631397968465]}},{"type":"Feature","id":"in-west-bengal-t-2466","properties":{"id":"in-west-bengal-t-2466","name":"Keshiary","region":"in-west-bengal","level":"tehsil","parent":"in-west-bengal-d-318","district":"Medinipur West","source":"LGD via Bharatlas · 2024 snapshot","state_lgd":19,"district_lgd":318,"subdistrict_lgd":2466,"center":[87.23379847161424,22.129936130690837],"bbox":[87.1350441,22.0228376,87.3251687,22.2421303]},"geometry":{"type":"Point","coordinates":[87.23379847161424,22.129936130690837]}},{"type":"Feature","id":"in-west-bengal-t-2451","properties":{"id":"in-west-bengal-t-2451","name":"Keshpur","region":"in-west-bengal","level":"tehsil","parent":"in-west-bengal-d-318","district":"Medinipur West","source":"LGD via Bharatlas · 2024 snapshot","state_lgd":19,"district_lgd":318,"subdistrict_lgd":2451,"center":[87.45413811129146,22.575895463563423],"bbox":[87.3262749,22.4320417,87.5804455,22.7000874]},"geometry":{"type":"Point","coordinates":[87.45413811129146,22.575895463563423]}},{"type":"Feature","id":"in-west-bengal-t-2279","properties":{"id":"in-west-bengal-t-2279","name":"Ketugram - I","region":"in-west-bengal","level":"tehsil","parent":"in-west-bengal-d-306","district":"Purba Bardhaman","source":"LGD via Bharatlas · 2024 snapshot","state_lgd":19,"district_lgd":306,"subdistrict_lgd":2279,"center":[87.98038455205628,23.733964732311204],"bbox":[87.9088115,23.6301477,88.0598366,23.8446652]},"geometry":{"type":"Point","coordinates":[87.98038455205628,23.733964732311204]}},{"type":"Feature","id":"in-west-bengal-t-2280","properties":{"id":"in-west-bengal-t-2280","name":"Ketugram - II","region":"in-west-bengal","level":"tehsil","parent":"in-west-bengal-d-306","district":"Purba Bardhaman","source":"LGD via Bharatlas · 2024 snapshot","state_lgd":19,"district_lgd":306,"subdistrict_lgd":2280,"center":[88.0965100853147,23.702590091361838],"bbox":[87.9996076,23.6348362,88.233016,23.7703655]},"geometry":{"type":"Point","coordinates":[88.0965100853147,23.702590091361838]}},{"type":"Feature","id":"in-west-bengal-t-2354","properties":{"id":"in-west-bengal-t-2354","name":"Khanakul - I","region":"in-west-bengal","level":"tehsil","parent":"in-west-bengal-d-312","district":"Hooghly","source":"LGD via Bharatlas · 2024 snapshot","state_lgd":19,"district_lgd":312,"subdistrict_lgd":2354,"center":[87.84917602781307,22.732826255381315],"bbox":[87.7407385,22.6822809,87.9545506,22.7796665]},"geometry":{"type":"Point","coordinates":[87.84917602781307,22.732826255381315]}},{"type":"Feature","id":"in-west-bengal-t-2355","properties":{"id":"in-west-bengal-t-2355","name":"Khanakul - II","region":"in-west-bengal","level":"tehsil","parent":"in-west-bengal-d-312","district":"Hooghly","source":"LGD via Bharatlas · 2024 snapshot","state_lgd":19,"district_lgd":312,"subdistrict_lgd":2355,"center":[87.85840349420873,22.653894872473934],"bbox":[87.7723953,22.5951599,87.9395045,22.7031922]},"geometry":{"type":"Point","coordinates":[87.85840349420873,22.653894872473934]}},{"type":"Feature","id":"in-west-bengal-t-2297","properties":{"id":"in-west-bengal-t-2297","name":"Khandaghosh","region":"in-west-bengal","level":"tehsil","parent":"in-west-bengal-d-306","district":"Purba Bardhaman","source":"LGD via Bharatlas · 2024 snapshot","state_lgd":19,"district_lgd":306,"subdistrict_lgd":2297,"center":[87.74705575974245,23.162803404571513],"bbox":[87.6468794,22.9964388,87.8510345,23.2488895]},"geometry":{"type":"Point","coordinates":[87.74705575974245,23.162803404571513]}},{"type":"Feature","id":"in-west-bengal-t-2460","properties":{"id":"in-west-bengal-t-2460","name":"Kharagpur - I","region":"in-west-bengal","level":"tehsil","parent":"in-west-bengal-d-318","district":"Medinipur West","source":"LGD via Bharatlas · 2024 snapshot","state_lgd":19,"district_lgd":318,"subdistrict_lgd":2460,"center":[87.27780251701829,22.316582128672255],"bbox":[87.1554913,22.218511,87.3827995,22.4129134]},"geometry":{"type":"Point","coordinates":[87.27780251701829,22.316582128672255]}},{"type":"Feature","id":"in-west-bengal-t-2461","properties":{"id":"in-west-bengal-t-2461","name":"Kharagpur - II","region":"in-west-bengal","level":"tehsil","parent":"in-west-bengal-d-318","district":"Medinipur West","source":"LGD via Bharatlas · 2024 snapshot","state_lgd":19,"district_lgd":318,"subdistrict_lgd":2461,"center":[87.4344752127522,22.33231599816661],"bbox":[87.3277397,22.2370662,87.5240106,22.4619153]},"geometry":{"type":"Point","coordinates":[87.4344752127522,22.33231599816661]}},{"type":"Feature","id":"in-west-bengal-t-source-5091","properties":{"id":"in-west-bengal-t-source-5091","name":"Kharagpur & Medinipursadr","region":"in-west-bengal","level":"tehsil","parent":"in-west-bengal-d-318","district":"Medinipur West","source":"LGD via Bharatlas · 2024 snapshot","state_lgd":19,"district_lgd":318,"subdistrict_lgd":null,"source_objectid":5091,"center":[87.56437333659757,22.498500667967825],"bbox":[87.5589663,22.4917637,87.5690225,22.5064671]},"geometry":{"type":"Point","coordinates":[87.56437333659757,22.498500667967825]}},{"type":"Feature","id":"in-west-bengal-t-2239","properties":{"id":"in-west-bengal-t-2239","name":"Khargram","region":"in-west-bengal","level":"tehsil","parent":"in-west-bengal-d-319","district":"Murshidabad","source":"LGD via Bharatlas · 2024 snapshot","state_lgd":19,"district_lgd":319,"subdistrict_lgd":2239,"center":[87.98415522458814,24.082802984725518],"bbox":[87.8908794,23.9638159,88.0890641,24.2006345]},"geometry":{"type":"Point","coordinates":[87.98415522458814,24.082802984725518]}},{"type":"Feature","id":"in-west-bengal-t-2165","properties":{"id":"in-west-bengal-t-2165","name":"Kharibari","region":"in-west-bengal","level":"tehsil","parent":"in-west-bengal-d-309","district":"Darjeeling","source":"LGD via Bharatlas · 2024 snapshot","state_lgd":19,"district_lgd":309,"subdistrict_lgd":2165,"center":[88.18151899774097,26.592235055347146],"bbox":[88.1033949,26.516011,88.2636538,26.6675012]},"geometry":{"type":"Point","coordinates":[88.18151899774097,26.592235055347146]}},{"type":"Feature","id":"in-west-bengal-t-2373","properties":{"id":"in-west-bengal-t-2373","name":"Khatra","region":"in-west-bengal","level":"tehsil","parent":"in-west-bengal-d-305","district":"Bankura","source":"LGD via Bharatlas · 2024 snapshot","state_lgd":19,"district_lgd":305,"subdistrict_lgd":2373,"center":[86.87727974656404,22.978299852340278],"bbox":[86.7540544,22.9003579,86.9794502,23.0554823]},"geometry":{"type":"Point","coordinates":[86.87727974656404,22.978299852340278]}},{"type":"Feature","id":"in-west-bengal-t-2486","properties":{"id":"in-west-bengal-t-2486","name":"Khejuri - I","region":"in-west-bengal","level":"tehsil","parent":"in-west-bengal-d-317","district":"Medinipur East","source":"LGD via Bharatlas · 2024 snapshot","state_lgd":19,"district_lgd":317,"subdistrict_lgd":2486,"center":[87.8307722660026,21.94780010999226],"bbox":[87.747695,21.888198,87.9171129,22.006453]},"geometry":{"type":"Point","coordinates":[87.8307722660026,21.94780010999226]}},{"type":"Feature","id":"in-west-bengal-t-2487","properties":{"id":"in-west-bengal-t-2487","name":"Khejuri - II","region":"in-west-bengal","level":"tehsil","parent":"in-west-bengal-d-317","district":"Medinipur East","source":"LGD via Bharatlas · 2024 snapshot","state_lgd":19,"district_lgd":317,"subdistrict_lgd":2487,"center":[87.91824608006843,21.87150223821197],"bbox":[87.8576331,21.7941136,88.0016329,21.9434731]},"geometry":{"type":"Point","coordinates":[87.91824608006843,21.87150223821197]}},{"type":"Feature","id":"in-west-bengal-t-2267","properties":{"id":"in-west-bengal-t-2267","name":"Khoyrasol","region":"in-west-bengal","level":"tehsil","parent":"in-west-bengal-d-307","district":"Birbhum","source":"LGD via Bharatlas · 2024 snapshot","state_lgd":19,"district_lgd":307,"subdistrict_lgd":2267,"center":[87.23962126864025,23.799323852262653],"bbox":[87.0867074,23.7174184,87.3646434,23.9130341]},"geometry":{"type":"Point","coordinates":[87.23962126864025,23.799323852262653]}},{"type":"Feature","id":"in-west-bengal-t-2471","properties":{"id":"in-west-bengal-t-2471","name":"Kolaghat","region":"in-west-bengal","level":"tehsil","parent":"in-west-bengal-d-317","district":"Medinipur East","source":"LGD via Bharatlas · 2024 snapshot","state_lgd":19,"district_lgd":317,"subdistrict_lgd":2471,"center":[87.82406877394824,22.44296699590147],"bbox":[87.7512513,22.3629245,87.9005381,22.5193933]},"geometry":{"type":"Point","coordinates":[87.82406877394824,22.44296699590147]}},{"type":"Feature","id":"in-west-bengal-t-source-5060","properties":{"id":"in-west-bengal-t-source-5060","name":"Kolkata","region":"in-west-bengal","level":"tehsil","parent":"in-west-bengal-d-315","district":"Kolkata","source":"LGD via Bharatlas · 2024 snapshot","state_lgd":19,"district_lgd":315,"subdistrict_lgd":null,"source_objectid":5060,"center":[88.35600778769435,22.526744318242645],"bbox":[88.233628,22.4520292,88.4610776,22.6188255]},"geometry":{"type":"Point","coordinates":[88.35600778769435,22.526744318242645]}},{"type":"Feature","id":"in-west-bengal-t-2367","properties":{"id":"in-west-bengal-t-2367","name":"Kotulpur","region":"in-west-bengal","level":"tehsil","parent":"in-west-bengal-d-305","district":"Bankura","source":"LGD via Bharatlas · 2024 snapshot","state_lgd":19,"district_lgd":305,"subdistrict_lgd":2367,"center":[87.59356837116172,22.99188849731809],"bbox":[87.5006811,22.8887319,87.6995456,23.0887606]},"geometry":{"type":"Point","coordinates":[87.59356837116172,22.99188849731809]}},{"type":"Feature","id":"in-west-bengal-t-2309","properties":{"id":"in-west-bengal-t-2309","name":"Krishnaganj","region":"in-west-bengal","level":"tehsil","parent":"in-west-bengal-d-320","district":"Nadia","source":"LGD via Bharatlas · 2024 snapshot","state_lgd":19,"district_lgd":320,"subdistrict_lgd":2309,"center":[88.7170527362781,23.443783467350016],"bbox":[88.6430062,23.3686908,88.8014393,23.5172684]},"geometry":{"type":"Point","coordinates":[88.7170527362781,23.443783467350016]}},{"type":"Feature","id":"in-west-bengal-t-2308","properties":{"id":"in-west-bengal-t-2308","name":"Krishnagar - I","region":"in-west-bengal","level":"tehsil","parent":"in-west-bengal-d-320","district":"Nadia","source":"LGD via Bharatlas · 2024 snapshot","state_lgd":19,"district_lgd":320,"subdistrict_lgd":2308,"center":[88.50315485775236,23.391052118578394],"bbox":[88.3605962,23.2956139,88.6584605,23.4760205]},"geometry":{"type":"Point","coordinates":[88.50315485775236,23.391052118578394]}},{"type":"Feature","id":"in-west-bengal-t-2306","properties":{"id":"in-west-bengal-t-2306","name":"Krishnagar - II","region":"in-west-bengal","level":"tehsil","parent":"in-west-bengal-d-320","district":"Nadia","source":"LGD via Bharatlas · 2024 snapshot","state_lgd":19,"district_lgd":320,"subdistrict_lgd":2306,"center":[88.45280323124928,23.487481167754765],"bbox":[88.3567012,23.4151667,88.5499926,23.5407304]},"geometry":{"type":"Point","coordinates":[88.45280323124928,23.487481167754765]}},{"type":"Feature","id":"in-west-bengal-t-2433","properties":{"id":"in-west-bengal-t-2433","name":"Kultali","region":"in-west-bengal","level":"tehsil","parent":"in-west-bengal-d-304","district":"24 Paraganas South","source":"LGD via Bharatlas · 2024 snapshot","state_lgd":19,"district_lgd":304,"subdistrict_lgd":2433,"center":[88.5736604963628,22.055813824232878],"bbox":[88.4847461,21.5270815,88.6700918,22.2225733]},"geometry":{"type":"Point","coordinates":[88.5736604963628,22.055813824232878]}},{"type":"Feature","id":"in-west-bengal-t-2202","properties":{"id":"in-west-bengal-t-2202","name":"Kumarganj","region":"in-west-bengal","level":"tehsil","parent":"in-west-bengal-d-310","district":"Dinajpur Dakshin","source":"LGD via Bharatlas · 2024 snapshot","state_lgd":19,"district_lgd":310,"subdistrict_lgd":2202,"center":[88.76070174937874,25.41529572682213],"bbox":[88.6548637,25.320404,88.8798858,25.5258355]},"geometry":{"type":"Point","coordinates":[88.76070174937874,25.41529572682213]}},{"type":"Feature","id":"in-west-bengal-t-2172","properties":{"id":"in-west-bengal-t-2172","name":"Kumargram","region":"in-west-bengal","level":"tehsil","parent":"in-west-bengal-d-664","district":"Alipurduar","source":"LGD via Bharatlas · 2024 snapshot","state_lgd":19,"district_lgd":664,"subdistrict_lgd":2172,"center":[89.772228562572,26.59921995508967],"bbox":[89.6005638,26.4113137,89.8826022,26.7399972]},"geometry":{"type":"Point","coordinates":[89.772228562572,26.59921995508967]}},{"type":"Feature","id":"in-west-bengal-t-2161","properties":{"id":"in-west-bengal-t-2161","name":"Kurseong","region":"in-west-bengal","level":"tehsil","parent":"in-west-bengal-d-309","district":"Darjeeling","source":"LGD via Bharatlas · 2024 snapshot","state_lgd":19,"district_lgd":309,"subdistrict_lgd":2161,"center":[88.33742247712813,26.86972282695039],"bbox":[88.2334163,26.764499,88.4638596,26.9637683]},"geometry":{"type":"Point","coordinates":[88.33742247712813,26.86972282695039]}},{"type":"Feature","id":"in-west-bengal-t-2200","properties":{"id":"in-west-bengal-t-2200","name":"Kushmundi","region":"in-west-bengal","level":"tehsil","parent":"in-west-bengal-d-310","district":"Dinajpur Dakshin","source":"LGD via Bharatlas · 2024 snapshot","state_lgd":19,"district_lgd":310,"subdistrict_lgd":2200,"center":[88.40221292397611,25.516400024018107],"bbox":[88.2539046,25.4390299,88.5412524,25.6070207]},"geometry":{"type":"Point","coordinates":[88.40221292397611,25.516400024018107]}},{"type":"Feature","id":"in-west-bengal-t-2262","properties":{"id":"in-west-bengal-t-2262","name":"Labpur","region":"in-west-bengal","level":"tehsil","parent":"in-west-bengal-d-307","district":"Birbhum","source":"LGD via Bharatlas · 2024 snapshot","state_lgd":19,"district_lgd":307,"subdistrict_lgd":2262,"center":[87.81993142975902,23.814022839267153],"bbox":[87.7165083,23.7107544,87.9658032,23.8972678]},"geometry":{"type":"Point","coordinates":[87.81993142975902,23.814022839267153]}},{"type":"Feature","id":"in-west-bengal-t-source-4872","properties":{"id":"in-west-bengal-t-source-4872","name":"Lalbag","region":"in-west-bengal","level":"tehsil","parent":"in-west-bengal-d-319","district":"Murshidabad","source":"LGD via Bharatlas · 2024 snapshot","state_lgd":19,"district_lgd":319,"subdistrict_lgd":null,"source_objectid":4872,"center":[88.3072616456765,24.130137480275305],"bbox":[88.3025921,24.1273943,88.3140301,24.1327373]},"geometry":{"type":"Point","coordinates":[88.3072616456765,24.130137480275305]}},{"type":"Feature","id":"in-west-bengal-t-source-4869","properties":{"id":"in-west-bengal-t-source-4869","name":"Lalbag & Domkol","region":"in-west-bengal","level":"tehsil","parent":"in-west-bengal-d-319","district":"Murshidabad","source":"LGD via Bharatlas · 2024 snapshot","state_lgd":19,"district_lgd":319,"subdistrict_lgd":null,"source_objectid":4869,"center":[88.4440812626144,24.291950644755463],"bbox":[88.4348489,24.2800202,88.4515068,24.3016305]},"geometry":{"type":"Point","coordinates":[88.4440812626144,24.291950644755463]}},{"type":"Feature","id":"in-west-bengal-t-2229","properties":{"id":"in-west-bengal-t-2229","name":"Lalgola","region":"in-west-bengal","level":"tehsil","parent":"in-west-bengal-d-319","district":"Murshidabad","source":"LGD via Bharatlas · 2024 snapshot","state_lgd":19,"district_lgd":319,"subdistrict_lgd":2229,"center":[88.23513629764955,24.39195114570415],"bbox":[88.1438736,24.3119714,88.344848,24.4565722]},"geometry":{"type":"Point","coordinates":[88.23513629764955,24.39195114570415]}},{"type":"Feature","id":"in-west-bengal-t-2170","properties":{"id":"in-west-bengal-t-2170","name":"Madarihat","region":"in-west-bengal","level":"tehsil","parent":"in-west-bengal-d-664","district":"Alipurduar","source":"LGD via Bharatlas · 2024 snapshot","state_lgd":19,"district_lgd":664,"subdistrict_lgd":2170,"center":[89.20025551449315,26.74192886357994],"bbox":[89.0702992,26.5841996,89.3268799,26.8515711]},"geometry":{"type":"Point","coordinates":[89.20025551449315,26.74192886357994]}},{"type":"Feature","id":"in-west-bengal-t-2424","properties":{"id":"in-west-bengal-t-2424","name":"Magrahat - I","region":"in-west-bengal","level":"tehsil","parent":"in-west-bengal-d-304","district":"24 Paraganas South","source":"LGD via Bharatlas · 2024 snapshot","state_lgd":19,"district_lgd":304,"subdistrict_lgd":2424,"center":[88.30068289815205,22.246135335083068],"bbox":[88.247748,22.161565,88.3717762,22.3355353]},"geometry":{"type":"Point","coordinates":[88.30068289815205,22.246135335083068]}},{"type":"Feature","id":"in-west-bengal-t-2423","properties":{"id":"in-west-bengal-t-2423","name":"Magrahat - II","region":"in-west-bengal","level":"tehsil","parent":"in-west-bengal-d-304","district":"24 Paraganas South","source":"LGD via Bharatlas · 2024 snapshot","state_lgd":19,"district_lgd":304,"subdistrict_lgd":2423,"center":[88.37884739005477,22.265774614306746],"bbox":[88.3179573,22.1825744,88.4427979,22.3367867]},"geometry":{"type":"Point","coordinates":[88.37884739005477,22.265774614306746]}},{"type":"Feature","id":"in-west-bengal-t-2475","properties":{"id":"in-west-bengal-t-2475","name":"Mahisadal","region":"in-west-bengal","level":"tehsil","parent":"in-west-bengal-d-317","district":"Medinipur East","source":"LGD via Bharatlas · 2024 snapshot","state_lgd":19,"district_lgd":317,"subdistrict_lgd":2475,"center":[87.99654458961544,22.164220045097327],"bbox":[87.9107175,22.097807,88.0907572,22.2647289]},"geometry":{"type":"Point","coordinates":[87.99654458961544,22.164220045097327]}},{"type":"Feature","id":"in-west-bengal-t-2167","properties":{"id":"in-west-bengal-t-2167","name":"Mal","region":"in-west-bengal","level":"tehsil","parent":"in-west-bengal-d-314","district":"Jalpaiguri","source":"LGD via Bharatlas · 2024 snapshot","state_lgd":19,"district_lgd":314,"subdistrict_lgd":2167,"center":[88.68831283782553,26.78026133715324],"bbox":[88.4752165,26.5904435,88.8538905,26.968773]},"geometry":{"type":"Point","coordinates":[88.68831283782553,26.78026133715324]}},{"type":"Feature","id":"in-west-bengal-t-2217","properties":{"id":"in-west-bengal-t-2217","name":"Maldah (Old)","region":"in-west-bengal","level":"tehsil","parent":"in-west-bengal-d-316","district":"Maldah","source":"LGD via Bharatlas · 2024 snapshot","state_lgd":19,"district_lgd":316,"subdistrict_lgd":2217,"center":[88.17864837270913,25.060583021042536],"bbox":[88.0635497,24.9515411,88.2683905,25.1426046]},"geometry":{"type":"Point","coordinates":[88.17864837270913,25.060583021042536]}},{"type":"Feature","id":"in-west-bengal-t-2395","properties":{"id":"in-west-bengal-t-2395","name":"Manbazar - I","region":"in-west-bengal","level":"tehsil","parent":"in-west-bengal-d-321","district":"Purulia","source":"LGD via Bharatlas · 2024 snapshot","state_lgd":19,"district_lgd":321,"subdistrict_lgd":2395,"center":[86.61540635099868,23.08466899853601],"bbox":[86.4324028,22.9577763,86.7521544,23.1714556]},"geometry":{"type":"Point","coordinates":[86.61540635099868,23.08466899853601]}},{"type":"Feature","id":"in-west-bengal-t-2396","properties":{"id":"in-west-bengal-t-2396","name":"Manbazar - II","region":"in-west-bengal","level":"tehsil","parent":"in-west-bengal-d-321","district":"Purulia","source":"LGD via Bharatlas · 2024 snapshot","state_lgd":19,"district_lgd":321,"subdistrict_lgd":2396,"center":[86.6072928779895,22.950160302920885],"bbox":[86.5066138,22.8550696,86.7097916,23.0548929]},"geometry":{"type":"Point","coordinates":[86.6072928779895,22.950160302920885]}},{"type":"Feature","id":"in-west-bengal-t-2429","properties":{"id":"in-west-bengal-t-2429","name":"Mandirbazar","region":"in-west-bengal","level":"tehsil","parent":"in-west-bengal-d-304","district":"24 Paraganas South","source":"LGD via Bharatlas · 2024 snapshot","state_lgd":19,"district_lgd":304,"subdistrict_lgd":2429,"center":[88.33523650276939,22.14698802989702],"bbox":[88.2799488,22.0707532,88.4159016,22.2192777]},"geometry":{"type":"Point","coordinates":[88.33523650276939,22.14698802989702]}},{"type":"Feature","id":"in-west-bengal-t-2278","properties":{"id":"in-west-bengal-t-2278","name":"Mangolkote","region":"in-west-bengal","level":"tehsil","parent":"in-west-bengal-d-306","district":"Purba Bardhaman","source":"LGD via Bharatlas · 2024 snapshot","state_lgd":19,"district_lgd":306,"subdistrict_lgd":2278,"center":[87.93281310005571,23.541410952380414],"bbox":[87.7259373,23.4533104,88.069299,23.6436483]},"geometry":{"type":"Point","coordinates":[87.93281310005571,23.541410952380414]}},{"type":"Feature","id":"in-west-bengal-t-2219","properties":{"id":"in-west-bengal-t-2219","name":"Manikchak","region":"in-west-bengal","level":"tehsil","parent":"in-west-bengal-d-316","district":"Maldah","source":"LGD via Bharatlas · 2024 snapshot","state_lgd":19,"district_lgd":316,"subdistrict_lgd":2219,"center":[87.87808199715026,25.11198081922489],"bbox":[87.7130736,24.9902553,87.9846325,25.2641123]},"geometry":{"type":"Point","coordinates":[87.87808199715026,25.11198081922489]}},{"type":"Feature","id":"in-west-bengal-t-2285","properties":{"id":"in-west-bengal-t-2285","name":"Manteswar","region":"in-west-bengal","level":"tehsil","parent":"in-west-bengal-d-306","district":"Purba Bardhaman","source":"LGD via Bharatlas · 2024 snapshot","state_lgd":19,"district_lgd":306,"subdistrict_lgd":2285,"center":[88.13511992572995,23.395680203208446],"bbox":[87.9942428,23.2753927,88.2352726,23.4983202]},"geometry":{"type":"Point","coordinates":[88.13511992572995,23.395680203208446]}},{"type":"Feature","id":"in-west-bengal-t-2181","properties":{"id":"in-west-bengal-t-2181","name":"Mathabhanga - I","region":"in-west-bengal","level":"tehsil","parent":"in-west-bengal-d-308","district":"Coochbehar","source":"LGD via Bharatlas · 2024 snapshot","state_lgd":19,"district_lgd":308,"subdistrict_lgd":2181,"center":[89.15410675006973,26.374224007187863],"bbox":[89.0309368,26.2460713,89.2768884,26.5375597]},"geometry":{"type":"Point","coordinates":[89.15410675006973,26.374224007187863]}},{"type":"Feature","id":"in-west-bengal-t-2182","properties":{"id":"in-west-bengal-t-2182","name":"MATHABHANGA II","region":"in-west-bengal","level":"tehsil","parent":"in-west-bengal-d-308","district":"Coochbehar","source":"LGD via Bharatlas · 2024 snapshot","state_lgd":19,"district_lgd":308,"subdistrict_lgd":2182,"center":[89.2581053179401,26.405201383659932],"bbox":[89.1219904,26.2863541,89.3521009,26.5101758]},"geometry":{"type":"Point","coordinates":[89.2581053179401,26.405201383659932]}},{"type":"Feature","id":"in-west-bengal-t-2430","properties":{"id":"in-west-bengal-t-2430","name":"Mathurapur - I","region":"in-west-bengal","level":"tehsil","parent":"in-west-bengal-d-304","district":"24 Paraganas South","source":"LGD via Bharatlas · 2024 snapshot","state_lgd":19,"district_lgd":304,"subdistrict_lgd":2430,"center":[88.37977737244535,22.073688315784665],"bbox":[88.2954384,21.9856834,88.49098,22.1484347]},"geometry":{"type":"Point","coordinates":[88.37977737244535,22.073688315784665]}},{"type":"Feature","id":"in-west-bengal-t-2436","properties":{"id":"in-west-bengal-t-2436","name":"Mathurapur - II","region":"in-west-bengal","level":"tehsil","parent":"in-west-bengal-d-304","district":"24 Paraganas South","source":"LGD via Bharatlas · 2024 snapshot","state_lgd":19,"district_lgd":304,"subdistrict_lgd":2436,"center":[88.44227098147557,21.989120768388087],"bbox":[88.3624331,21.881109,88.5170831,22.1042107]},"geometry":{"type":"Point","coordinates":[88.44227098147557,21.989120768388087]}},{"type":"Feature","id":"in-west-bengal-t-2168","properties":{"id":"in-west-bengal-t-2168","name":"Matiali","region":"in-west-bengal","level":"tehsil","parent":"in-west-bengal-d-314","district":"Jalpaiguri","source":"LGD via Bharatlas · 2024 snapshot","state_lgd":19,"district_lgd":314,"subdistrict_lgd":2168,"center":[88.79479859173743,26.893799471247085],"bbox":[88.7376446,26.7582392,88.8645161,26.9918915]},"geometry":{"type":"Point","coordinates":[88.79479859173743,26.893799471247085]}},{"type":"Feature","id":"in-west-bengal-t-2162","properties":{"id":"in-west-bengal-t-2162","name":"Matigara","region":"in-west-bengal","level":"tehsil","parent":"in-west-bengal-d-309","district":"Darjeeling","source":"LGD via Bharatlas · 2024 snapshot","state_lgd":19,"district_lgd":309,"subdistrict_lgd":2162,"center":[88.40064840698541,26.787769628285886],"bbox":[88.2976791,26.6751093,88.5124697,26.961844]},"geometry":{"type":"Point","coordinates":[88.40064840698541,26.787769628285886]}},{"type":"Feature","id":"in-west-bengal-t-2177","properties":{"id":"in-west-bengal-t-2177","name":"Maynaguri","region":"in-west-bengal","level":"tehsil","parent":"in-west-bengal-d-314","district":"Jalpaiguri","source":"LGD via Bharatlas · 2024 snapshot","state_lgd":19,"district_lgd":314,"subdistrict_lgd":2177,"center":[88.84222362207714,26.545146468053886],"bbox":[88.7471429,26.3851155,88.9705598,26.7437044]},"geometry":{"type":"Point","coordinates":[88.84222362207714,26.545146468053886]}},{"type":"Feature","id":"in-west-bengal-t-2255","properties":{"id":"in-west-bengal-t-2255","name":"Mayureswar - I","region":"in-west-bengal","level":"tehsil","parent":"in-west-bengal-d-307","district":"Birbhum","source":"LGD via Bharatlas · 2024 snapshot","state_lgd":19,"district_lgd":307,"subdistrict_lgd":2255,"center":[87.76528485482442,24.04210938525888],"bbox":[87.6459757,23.9666002,87.8980065,24.1117412]},"geometry":{"type":"Point","coordinates":[87.76528485482442,24.04210938525888]}},{"type":"Feature","id":"in-west-bengal-t-2256","properties":{"id":"in-west-bengal-t-2256","name":"Mayureswar - II","region":"in-west-bengal","level":"tehsil","parent":"in-west-bengal-d-307","district":"Birbhum","source":"LGD via Bharatlas · 2024 snapshot","state_lgd":19,"district_lgd":307,"subdistrict_lgd":2256,"center":[87.79234908603883,23.949263036413388],"bbox":[87.6811449,23.8724618,87.8673603,24.0260176]},"geometry":{"type":"Point","coordinates":[87.79234908603883,23.949263036413388]}},{"type":"Feature","id":"in-west-bengal-t-source-5092","properties":{"id":"in-west-bengal-t-source-5092","name":"Medinipur Sadar","region":"in-west-bengal","level":"tehsil","parent":"in-west-bengal-d-318","district":"Medinipur West","source":"LGD via Bharatlas · 2024 snapshot","state_lgd":19,"district_lgd":318,"subdistrict_lgd":null,"source_objectid":5092,"center":[87.42133553906214,22.40853116416847],"bbox":[87.3413445,22.3937369,87.5700144,22.5415399]},"geometry":{"type":"Point","coordinates":[87.42133553906214,22.40853116416847]}},{"type":"Feature","id":"in-west-bengal-t-2357","properties":{"id":"in-west-bengal-t-2357","name":"Mejhia","region":"in-west-bengal","level":"tehsil","parent":"in-west-bengal-d-305","district":"Bankura","source":"LGD via Bharatlas · 2024 snapshot","state_lgd":19,"district_lgd":305,"subdistrict_lgd":2357,"center":[87.12538152783907,23.544626972917843],"bbox":[87.027141,23.4841804,87.260756,23.6170561]},"geometry":{"type":"Point","coordinates":[87.12538152783907,23.544626972917843]}},{"type":"Feature","id":"in-west-bengal-t-2180","properties":{"id":"in-west-bengal-t-2180","name":"Mekliganj","region":"in-west-bengal","level":"tehsil","parent":"in-west-bengal-d-308","district":"Coochbehar","source":"LGD via Bharatlas · 2024 snapshot","state_lgd":19,"district_lgd":308,"subdistrict_lgd":2180,"center":[89.01716943163305,26.48493732],"bbox":[88.7968438,26.2387082,89.1641303,26.5464946]},"geometry":{"type":"Point","coordinates":[89.01716943163305,26.48493732]}},{"type":"Feature","id":"in-west-bengal-t-2291","properties":{"id":"in-west-bengal-t-2291","name":"Memari - I","region":"in-west-bengal","level":"tehsil","parent":"in-west-bengal-d-306","district":"Purba Bardhaman","source":"LGD via Bharatlas · 2024 snapshot","state_lgd":19,"district_lgd":306,"subdistrict_lgd":2291,"center":[88.1018619836104,23.175077898707443],"bbox":[87.9730334,23.088971,88.2064836,23.2500179]},"geometry":{"type":"Point","coordinates":[88.1018619836104,23.175077898707443]}},{"type":"Feature","id":"in-west-bengal-t-2292","properties":{"id":"in-west-bengal-t-2292","name":"Memari - II","region":"in-west-bengal","level":"tehsil","parent":"in-west-bengal-d-306","district":"Purba Bardhaman","source":"LGD via Bharatlas · 2024 snapshot","state_lgd":19,"district_lgd":306,"subdistrict_lgd":2292,"center":[88.12031247905435,23.271858383934],"bbox":[88.0231168,23.2009596,88.2374115,23.3732107]},"geometry":{"type":"Point","coordinates":[88.12031247905435,23.271858383934]}},{"type":"Feature","id":"in-west-bengal-t-2453","properties":{"id":"in-west-bengal-t-2453","name":"Midnapore","region":"in-west-bengal","level":"tehsil","parent":"in-west-bengal-d-318","district":"Medinipur West","source":"LGD via Bharatlas · 2024 snapshot","state_lgd":19,"district_lgd":318,"subdistrict_lgd":2453,"center":[87.27154951621421,22.451398025787245],"bbox":[87.0825528,22.3932092,87.48436,22.5436059]},"geometry":{"type":"Point","coordinates":[87.27154951621421,22.451398025787245]}},{"type":"Feature","id":"in-west-bengal-t-2333","properties":{"id":"in-west-bengal-t-2333","name":"Minakhan","region":"in-west-bengal","level":"tehsil","parent":"in-west-bengal-d-303","district":"24 Paraganas North","source":"LGD via Bharatlas · 2024 snapshot","state_lgd":19,"district_lgd":303,"subdistrict_lgd":2333,"center":[88.74522444620209,22.51334518376408],"bbox":[88.6492712,22.3995245,88.8424409,22.5915958]},"geometry":{"type":"Point","coordinates":[88.74522444620209,22.51334518376408]}},{"type":"Feature","id":"in-west-bengal-t-2160","properties":{"id":"in-west-bengal-t-2160","name":"Mirik","region":"in-west-bengal","level":"tehsil","parent":"in-west-bengal-d-309","district":"Darjeeling","source":"LGD via Bharatlas · 2024 snapshot","state_lgd":19,"district_lgd":309,"subdistrict_lgd":2160,"center":[88.20023150273491,26.857347831463635],"bbox":[88.1361529,26.7852335,88.2476389,26.9220224]},"geometry":{"type":"Point","coordinates":[88.20023150273491,26.857347831463635]}},{"type":"Feature","id":"in-west-bengal-t-2257","properties":{"id":"in-west-bengal-t-2257","name":"Mohammad Bazar","region":"in-west-bengal","level":"tehsil","parent":"in-west-bengal-d-307","district":"Birbhum","source":"LGD via Bharatlas · 2024 snapshot","state_lgd":19,"district_lgd":307,"subdistrict_lgd":2257,"center":[87.5758412171539,24.031818985557404],"bbox":[87.4376935,23.9403927,87.6918054,24.1281078]},"geometry":{"type":"Point","coordinates":[87.5758412171539,24.031818985557404]}},{"type":"Feature","id":"in-west-bengal-t-2469","properties":{"id":"in-west-bengal-t-2469","name":"Mohanpur","region":"in-west-bengal","level":"tehsil","parent":"in-west-bengal-d-318","district":"Medinipur West","source":"LGD via Bharatlas · 2024 snapshot","state_lgd":19,"district_lgd":318,"subdistrict_lgd":2469,"center":[87.39410819142614,21.83289084804557],"bbox":[87.2958875,21.7649905,87.4574367,21.9084058]},"geometry":{"type":"Point","coordinates":[87.39410819142614,21.83289084804557]}},{"type":"Feature","id":"in-west-bengal-t-2476","properties":{"id":"in-west-bengal-t-2476","name":"Moyna","region":"in-west-bengal","level":"tehsil","parent":"in-west-bengal-d-317","district":"Medinipur East","source":"LGD via Bharatlas · 2024 snapshot","state_lgd":19,"district_lgd":317,"subdistrict_lgd":2476,"center":[87.75869993826852,22.233880795227808],"bbox":[87.6991448,22.1592396,87.8311017,22.3167486]},"geometry":{"type":"Point","coordinates":[87.75869993826852,22.233880795227808]}},{"type":"Feature","id":"in-west-bengal-t-2249","properties":{"id":"in-west-bengal-t-2249","name":"Murarai - I","region":"in-west-bengal","level":"tehsil","parent":"in-west-bengal-d-307","district":"Birbhum","source":"LGD via Bharatlas · 2024 snapshot","state_lgd":19,"district_lgd":307,"subdistrict_lgd":2249,"center":[87.84289475311984,24.47713796085436],"bbox":[87.770188,24.3659577,87.9145817,24.5832537]},"geometry":{"type":"Point","coordinates":[87.84289475311984,24.47713796085436]}},{"type":"Feature","id":"in-west-bengal-t-2250","properties":{"id":"in-west-bengal-t-2250","name":"Murarai - II","region":"in-west-bengal","level":"tehsil","parent":"in-west-bengal-d-307","district":"Birbhum","source":"LGD via Bharatlas · 2024 snapshot","state_lgd":19,"district_lgd":307,"subdistrict_lgd":2250,"center":[87.91920594130448,24.427628702722792],"bbox":[87.8451713,24.3340875,87.9791238,24.5442645]},"geometry":{"type":"Point","coordinates":[87.91920594130448,24.427628702722792]}},{"type":"Feature","id":"in-west-bengal-t-2237","properties":{"id":"in-west-bengal-t-2237","name":"Murshidabad Jiaganj","region":"in-west-bengal","level":"tehsil","parent":"in-west-bengal-d-319","district":"Murshidabad","source":"LGD via Bharatlas · 2024 snapshot","state_lgd":19,"district_lgd":319,"subdistrict_lgd":2237,"center":[88.30249370386443,24.19589919998337],"bbox":[88.2118156,24.1221901,88.4377573,24.2839209]},"geometry":{"type":"Point","coordinates":[88.30249370386443,24.19589919998337]}},{"type":"Feature","id":"in-west-bengal-t-2307","properties":{"id":"in-west-bengal-t-2307","name":"Nabadwip","region":"in-west-bengal","level":"tehsil","parent":"in-west-bengal-d-320","district":"Nadia","source":"LGD via Bharatlas · 2024 snapshot","state_lgd":19,"district_lgd":320,"subdistrict_lgd":2307,"center":[88.3759675358822,23.399633289071733],"bbox":[88.3280055,23.3049845,88.4581073,23.4737735]},"geometry":{"type":"Point","coordinates":[88.3759675358822,23.399633289071733]}},{"type":"Feature","id":"in-west-bengal-t-2238","properties":{"id":"in-west-bengal-t-2238","name":"Nabagram","region":"in-west-bengal","level":"tehsil","parent":"in-west-bengal-d-319","district":"Murshidabad","source":"LGD via Bharatlas · 2024 snapshot","state_lgd":19,"district_lgd":319,"subdistrict_lgd":2238,"center":[88.11206985391705,24.180290411753013],"bbox":[87.9816406,24.0919209,88.2394268,24.2615191]},"geometry":{"type":"Point","coordinates":[88.11206985391705,24.180290411753013]}},{"type":"Feature","id":"in-west-bengal-t-2169","properties":{"id":"in-west-bengal-t-2169","name":"Nagrakata","region":"in-west-bengal","level":"tehsil","parent":"in-west-bengal-d-314","district":"Jalpaiguri","source":"LGD via Bharatlas · 2024 snapshot","state_lgd":19,"district_lgd":314,"subdistrict_lgd":2169,"center":[88.9140506748018,26.842283137734146],"bbox":[88.8016996,26.6305515,89.0844311,26.9939272]},"geometry":{"type":"Point","coordinates":[88.9140506748018,26.842283137734146]}},{"type":"Feature","id":"in-west-bengal-t-2304","properties":{"id":"in-west-bengal-t-2304","name":"Nakashipara","region":"in-west-bengal","level":"tehsil","parent":"in-west-bengal-d-320","district":"Nadia","source":"LGD via Bharatlas · 2024 snapshot","state_lgd":19,"district_lgd":320,"subdistrict_lgd":2304,"center":[88.39264883415386,23.604919908653425],"bbox":[88.261667,23.5207949,88.5270912,23.7103722]},"geometry":{"type":"Point","coordinates":[88.39264883415386,23.604919908653425]}},{"type":"Feature","id":"in-west-bengal-t-2251","properties":{"id":"in-west-bengal-t-2251","name":"Nalhati - I","region":"in-west-bengal","level":"tehsil","parent":"in-west-bengal-d-307","district":"Birbhum","source":"LGD via Bharatlas · 2024 snapshot","state_lgd":19,"district_lgd":307,"subdistrict_lgd":2251,"center":[87.83603581564977,24.295341740903805],"bbox":[87.6866583,24.2222028,87.9532609,24.3833962]},"geometry":{"type":"Point","coordinates":[87.83603581564977,24.295341740903805]}},{"type":"Feature","id":"in-west-bengal-t-2252","properties":{"id":"in-west-bengal-t-2252","name":"Nalhati - II","region":"in-west-bengal","level":"tehsil","parent":"in-west-bengal-d-307","district":"Birbhum","source":"LGD via Bharatlas · 2024 snapshot","state_lgd":19,"district_lgd":307,"subdistrict_lgd":2252,"center":[87.97223283092329,24.274570141590218],"bbox":[87.9214853,24.1904247,88.0250714,24.3579851]},"geometry":{"type":"Point","coordinates":[87.97223283092329,24.274570141590218]}},{"type":"Feature","id":"in-west-bengal-t-2439","properties":{"id":"in-west-bengal-t-2439","name":"Namkhana","region":"in-west-bengal","level":"tehsil","parent":"in-west-bengal-d-304","district":"24 Paraganas South","source":"LGD via Bharatlas · 2024 snapshot","state_lgd":19,"district_lgd":304,"subdistrict_lgd":2439,"center":[88.31829860516432,21.794542110708463],"bbox":[88.1823918,21.6052192,88.3947362,21.8618272]},"geometry":{"type":"Point","coordinates":[88.31829860516432,21.794542110708463]}},{"type":"Feature","id":"in-west-bengal-t-2474","properties":{"id":"in-west-bengal-t-2474","name":"Nanda Kumar","region":"in-west-bengal","level":"tehsil","parent":"in-west-bengal-d-317","district":"Medinipur East","source":"LGD via Bharatlas · 2024 snapshot","state_lgd":19,"district_lgd":317,"subdistrict_lgd":2474,"center":[87.8903750832588,22.205041748328444],"bbox":[87.8103145,22.1292232,87.9744555,22.2610469]},"geometry":{"type":"Point","coordinates":[87.8903750832588,22.205041748328444]}},{"type":"Feature","id":"in-west-bengal-t-2484","properties":{"id":"in-west-bengal-t-2484","name":"Nandigram - I","region":"in-west-bengal","level":"tehsil","parent":"in-west-bengal-d-317","district":"Medinipur East","source":"LGD via Bharatlas · 2024 snapshot","state_lgd":19,"district_lgd":317,"subdistrict_lgd":2484,"center":[87.98534630375215,21.992952085897183],"bbox":[87.9151666,21.8902298,88.0566632,22.0799393]},"geometry":{"type":"Point","coordinates":[87.98534630375215,21.992952085897183]}},{"type":"Feature","id":"in-west-bengal-t-2485","properties":{"id":"in-west-bengal-t-2485","name":"Nandigram - II","region":"in-west-bengal","level":"tehsil","parent":"in-west-bengal-d-317","district":"Medinipur East","source":"LGD via Bharatlas · 2024 snapshot","state_lgd":19,"district_lgd":317,"subdistrict_lgd":2485,"center":[87.91206382270043,22.02414274913894],"bbox":[87.8406954,21.945849,87.9993528,22.1080093]},"geometry":{"type":"Point","coordinates":[87.91206382270043,22.02414274913894]}},{"type":"Feature","id":"in-west-bengal-t-2263","properties":{"id":"in-west-bengal-t-2263","name":"Nanoor","region":"in-west-bengal","level":"tehsil","parent":"in-west-bengal-d-307","district":"Birbhum","source":"LGD via Bharatlas · 2024 snapshot","state_lgd":19,"district_lgd":307,"subdistrict_lgd":2263,"center":[87.8700627317186,23.669325654205867],"bbox":[87.7545202,23.540302,87.9611393,23.7886863]},"geometry":{"type":"Point","coordinates":[87.8700627317186,23.669325654205867]}},{"type":"Feature","id":"in-west-bengal-t-2465","properties":{"id":"in-west-bengal-t-2465","name":"Narayangarh","region":"in-west-bengal","level":"tehsil","parent":"in-west-bengal-d-318","district":"Medinipur West","source":"LGD via Bharatlas · 2024 snapshot","state_lgd":19,"district_lgd":318,"subdistrict_lgd":2465,"center":[87.39746127406946,22.12920519039968],"bbox":[87.2779892,21.981828,87.5181566,22.2523318]},"geometry":{"type":"Point","coordinates":[87.39746127406946,22.12920519039968]}},{"type":"Feature","id":"in-west-bengal-t-2243","properties":{"id":"in-west-bengal-t-2243","name":"Nawda","region":"in-west-bengal","level":"tehsil","parent":"in-west-bengal-d-319","district":"Murshidabad","source":"LGD via Bharatlas · 2024 snapshot","state_lgd":19,"district_lgd":319,"subdistrict_lgd":2243,"center":[88.4128547117461,23.901871538149027],"bbox":[88.3132685,23.8039633,88.5108556,24.0054411]},"geometry":{"type":"Point","coordinates":[88.4128547117461,23.901871538149027]}},{"type":"Feature","id":"in-west-bengal-t-2163","properties":{"id":"in-west-bengal-t-2163","name":"Naxalbari","region":"in-west-bengal","level":"tehsil","parent":"in-west-bengal-d-309","district":"Darjeeling","source":"LGD via Bharatlas · 2024 snapshot","state_lgd":19,"district_lgd":309,"subdistrict_lgd":2163,"center":[88.25153953977299,26.71869364146754],"bbox":[88.1638856,26.6410071,88.3754025,26.8118138]},"geometry":{"type":"Point","coordinates":[88.25153953977299,26.71869364146754]}},{"type":"Feature","id":"in-west-bengal-t-2458","properties":{"id":"in-west-bengal-t-2458","name":"Nayagram","region":"in-west-bengal","level":"tehsil","parent":"in-west-bengal-d-703","district":"Jhargram","source":"LGD via Bharatlas · 2024 snapshot","state_lgd":19,"district_lgd":703,"subdistrict_lgd":2458,"center":[87.07840459991019,22.026275060246352],"bbox":[86.9557084,21.8658726,87.2321679,22.1860916]},"geometry":{"type":"Point","coordinates":[87.07840459991019,22.026275060246352]}},{"type":"Feature","id":"in-west-bengal-t-2383","properties":{"id":"in-west-bengal-t-2383","name":"Neturia","region":"in-west-bengal","level":"tehsil","parent":"in-west-bengal-d-321","district":"Purulia","source":"LGD via Bharatlas · 2024 snapshot","state_lgd":19,"district_lgd":321,"subdistrict_lgd":2383,"center":[86.74448748333883,23.648087022036055],"bbox":[86.6127974,23.5715963,86.8686429,23.6992033]},"geometry":{"type":"Point","coordinates":[86.74448748333883,23.648087022036055]}},{"type":"Feature","id":"in-west-bengal-t-2370","properties":{"id":"in-west-bengal-t-2370","name":"Onda","region":"in-west-bengal","level":"tehsil","parent":"in-west-bengal-d-305","district":"Bankura","source":"LGD via Bharatlas · 2024 snapshot","state_lgd":19,"district_lgd":305,"subdistrict_lgd":2370,"center":[87.1618552115177,23.129430855891357],"bbox":[86.9879952,23.0096361,87.3046715,23.2430548]},"geometry":{"type":"Point","coordinates":[87.1618552115177,23.129430855891357]}},{"type":"Feature","id":"in-west-bengal-t-2272","properties":{"id":"in-west-bengal-t-2272","name":"Ondal","region":"in-west-bengal","level":"tehsil","parent":"in-west-bengal-d-704","district":"Paschim Bardhaman","source":"LGD via Bharatlas · 2024 snapshot","state_lgd":19,"district_lgd":704,"subdistrict_lgd":2272,"center":[87.20046395074294,23.60760615141808],"bbox":[87.1478651,23.5503809,87.2647898,23.6597728]},"geometry":{"type":"Point","coordinates":[87.20046395074294,23.60760615141808]}},{"type":"Feature","id":"in-west-bengal-t-2405","properties":{"id":"in-west-bengal-t-2405","name":"Panchla","region":"in-west-bengal","level":"tehsil","parent":"in-west-bengal-d-313","district":"Howrah","source":"LGD via Bharatlas · 2024 snapshot","state_lgd":19,"district_lgd":313,"subdistrict_lgd":2405,"center":[88.13732930766118,22.564633948791986],"bbox":[88.0704948,22.5112058,88.1910595,22.6279745]},"geometry":{"type":"Point","coordinates":[88.13732930766118,22.564633948791986]}},{"type":"Feature","id":"in-west-bengal-t-2273","properties":{"id":"in-west-bengal-t-2273","name":"Pandabeswar","region":"in-west-bengal","level":"tehsil","parent":"in-west-bengal-d-704","district":"Paschim Bardhaman","source":"LGD via Bharatlas · 2024 snapshot","state_lgd":19,"district_lgd":704,"subdistrict_lgd":2273,"center":[87.24411203088842,23.691614743130632],"bbox":[87.1779881,23.6153153,87.3234188,23.7495432]},"geometry":{"type":"Point","coordinates":[87.24411203088842,23.691614743130632]}},{"type":"Feature","id":"in-west-bengal-t-2344","properties":{"id":"in-west-bengal-t-2344","name":"Pandua","region":"in-west-bengal","level":"tehsil","parent":"in-west-bengal-d-312","district":"Hooghly","source":"LGD via Bharatlas · 2024 snapshot","state_lgd":19,"district_lgd":312,"subdistrict_lgd":2344,"center":[88.25353159089205,23.078015523936298],"bbox":[88.1473013,22.9791494,88.3767404,23.1613182]},"geometry":{"type":"Point","coordinates":[88.25353159089205,23.078015523936298]}},{"type":"Feature","id":"in-west-bengal-t-2470","properties":{"id":"in-west-bengal-t-2470","name":"Panskura","region":"in-west-bengal","level":"tehsil","parent":"in-west-bengal-d-317","district":"Medinipur East","source":"LGD via Bharatlas · 2024 snapshot","state_lgd":19,"district_lgd":317,"subdistrict_lgd":2470,"center":[87.7226336836365,22.390821864370274],"bbox":[87.6438848,22.291004,87.8378799,22.5073754]},"geometry":{"type":"Point","coordinates":[87.7226336836365,22.390821864370274]}},{"type":"Feature","id":"in-west-bengal-t-2380","properties":{"id":"in-west-bengal-t-2380","name":"Para","region":"in-west-bengal","level":"tehsil","parent":"in-west-bengal-d-321","district":"Purulia","source":"LGD via Bharatlas · 2024 snapshot","state_lgd":19,"district_lgd":321,"subdistrict_lgd":2380,"center":[86.4749577448039,23.50856434640954],"bbox":[86.357289,23.426369,86.591183,23.5974405]},"geometry":{"type":"Point","coordinates":[86.4749577448039,23.50856434640954]}},{"type":"Feature","id":"in-west-bengal-t-2440","properties":{"id":"in-west-bengal-t-2440","name":"Patharpratima","region":"in-west-bengal","level":"tehsil","parent":"in-west-bengal-d-304","district":"24 Paraganas South","source":"LGD via Bharatlas · 2024 snapshot","state_lgd":19,"district_lgd":304,"subdistrict_lgd":2440,"center":[88.36713436828965,21.8936700081503],"bbox":[88.254968,21.5895305,88.5000184,22.0017475]},"geometry":{"type":"Point","coordinates":[88.36713436828965,21.8936700081503]}},{"type":"Feature","id":"in-west-bengal-t-2365","properties":{"id":"in-west-bengal-t-2365","name":"Patrasayer","region":"in-west-bengal","level":"tehsil","parent":"in-west-bengal-d-305","district":"Bankura","source":"LGD via Bharatlas · 2024 snapshot","state_lgd":19,"district_lgd":305,"subdistrict_lgd":2365,"center":[87.51267020701509,23.200578635295916],"bbox":[87.395335,23.1046233,87.6276266,23.326625]},"geometry":{"type":"Point","coordinates":[87.51267020701509,23.200578635295916]}},{"type":"Feature","id":"in-west-bengal-t-2164","properties":{"id":"in-west-bengal-t-2164","name":"Phansidewa","region":"in-west-bengal","level":"tehsil","parent":"in-west-bengal-d-309","district":"Darjeeling","source":"LGD via Bharatlas · 2024 snapshot","state_lgd":19,"district_lgd":309,"subdistrict_lgd":2164,"center":[88.29813658253356,26.57850042028203],"bbox":[88.1786164,26.4515096,88.4095854,26.7047553]},"geometry":{"type":"Point","coordinates":[88.29813658253356,26.57850042028203]}},{"type":"Feature","id":"in-west-bengal-t-2463","properties":{"id":"in-west-bengal-t-2463","name":"Pingla","region":"in-west-bengal","level":"tehsil","parent":"in-west-bengal-d-318","district":"Medinipur West","source":"LGD via Bharatlas · 2024 snapshot","state_lgd":19,"district_lgd":318,"subdistrict_lgd":2463,"center":[87.60372194662746,22.279646826937597],"bbox":[87.482943,22.2127552,87.7238833,22.3373352]},"geometry":{"type":"Point","coordinates":[87.60372194662746,22.279646826937597]}},{"type":"Feature","id":"in-west-bengal-t-2347","properties":{"id":"in-west-bengal-t-2347","name":"Polba - Dadpur","region":"in-west-bengal","level":"tehsil","parent":"in-west-bengal-d-312","district":"Hooghly","source":"LGD via Bharatlas · 2024 snapshot","state_lgd":19,"district_lgd":312,"subdistrict_lgd":2347,"center":[88.26502117534305,22.94117173807619],"bbox":[88.1443559,22.8680322,88.3731918,23.022554]},"geometry":{"type":"Point","coordinates":[88.26502117534305,22.94117173807619]}},{"type":"Feature","id":"in-west-bengal-t-2477","properties":{"id":"in-west-bengal-t-2477","name":"Potashpur - I","region":"in-west-bengal","level":"tehsil","parent":"in-west-bengal-d-317","district":"Medinipur East","source":"LGD via Bharatlas · 2024 snapshot","state_lgd":19,"district_lgd":317,"subdistrict_lgd":2477,"center":[87.57159905173022,22.05602307222662],"bbox":[87.4599912,21.9860936,87.6864172,22.1047495]},"geometry":{"type":"Point","coordinates":[87.57159905173022,22.05602307222662]}},{"type":"Feature","id":"in-west-bengal-t-2478","properties":{"id":"in-west-bengal-t-2478","name":"Potashpur - II","region":"in-west-bengal","level":"tehsil","parent":"in-west-bengal-d-317","district":"Medinipur East","source":"LGD via Bharatlas · 2024 snapshot","state_lgd":19,"district_lgd":317,"subdistrict_lgd":2478,"center":[87.58594567960769,21.97261464787417],"bbox":[87.4791863,21.90819,87.6815334,22.0410192]},"geometry":{"type":"Point","coordinates":[87.58594567960769,21.97261464787417]}},{"type":"Feature","id":"in-west-bengal-t-2388","properties":{"id":"in-west-bengal-t-2388","name":"Puncha","region":"in-west-bengal","level":"tehsil","parent":"in-west-bengal-d-321","district":"Purulia","source":"LGD via Bharatlas · 2024 snapshot","state_lgd":19,"district_lgd":321,"subdistrict_lgd":2388,"center":[86.6100540725383,23.196084585172247],"bbox":[86.4244432,23.1244782,86.7908387,23.2555494]},"geometry":{"type":"Point","coordinates":[86.6100540725383,23.196084585172247]}},{"type":"Feature","id":"in-west-bengal-t-2283","properties":{"id":"in-west-bengal-t-2283","name":"Purbasthali - I","region":"in-west-bengal","level":"tehsil","parent":"in-west-bengal-d-306","district":"Purba Bardhaman","source":"LGD via Bharatlas · 2024 snapshot","state_lgd":19,"district_lgd":306,"subdistrict_lgd":2283,"center":[88.28343885295178,23.391142546477727],"bbox":[88.2109838,23.3054311,88.35671,23.4628409]},"geometry":{"type":"Point","coordinates":[88.28343885295178,23.391142546477727]}},{"type":"Feature","id":"in-west-bengal-t-2284","properties":{"id":"in-west-bengal-t-2284","name":"Purbasthali - II","region":"in-west-bengal","level":"tehsil","parent":"in-west-bengal-d-306","district":"Purba Bardhaman","source":"LGD via Bharatlas · 2024 snapshot","state_lgd":19,"district_lgd":306,"subdistrict_lgd":2284,"center":[88.288872936051,23.506397994869385],"bbox":[88.2034664,23.4356097,88.3891026,23.6068508]},"geometry":{"type":"Point","coordinates":[88.288872936051,23.506397994869385]}},{"type":"Feature","id":"in-west-bengal-t-2341","properties":{"id":"in-west-bengal-t-2341","name":"Pursura","region":"in-west-bengal","level":"tehsil","parent":"in-west-bengal-d-312","district":"Hooghly","source":"LGD via Bharatlas · 2024 snapshot","state_lgd":19,"district_lgd":312,"subdistrict_lgd":2341,"center":[87.94435202451486,22.85356655806599],"bbox":[87.904726,22.7713851,87.9851255,22.9573821]},"geometry":{"type":"Point","coordinates":[87.94435202451486,22.85356655806599]}},{"type":"Feature","id":"in-west-bengal-t-2387","properties":{"id":"in-west-bengal-t-2387","name":"Purulia - I","region":"in-west-bengal","level":"tehsil","parent":"in-west-bengal-d-321","district":"Purulia","source":"LGD via Bharatlas · 2024 snapshot","state_lgd":19,"district_lgd":321,"subdistrict_lgd":2387,"center":[86.3470144308586,23.29436541137048],"bbox":[86.2121203,23.1620058,86.5057276,23.4307684]},"geometry":{"type":"Point","coordinates":[86.3470144308586,23.29436541137048]}},{"type":"Feature","id":"in-west-bengal-t-2379","properties":{"id":"in-west-bengal-t-2379","name":"Purulia - II","region":"in-west-bengal","level":"tehsil","parent":"in-west-bengal-d-321","district":"Purulia","source":"LGD via Bharatlas · 2024 snapshot","state_lgd":19,"district_lgd":321,"subdistrict_lgd":2379,"center":[86.42214604858103,23.37199691577617],"bbox":[86.3051962,23.2605634,86.5228802,23.4803381]},"geometry":{"type":"Point","coordinates":[86.42214604858103,23.37199691577617]}},{"type":"Feature","id":"in-west-bengal-t-2227","properties":{"id":"in-west-bengal-t-2227","name":"Raghunathganj - I","region":"in-west-bengal","level":"tehsil","parent":"in-west-bengal-d-319","district":"Murshidabad","source":"LGD via Bharatlas · 2024 snapshot","state_lgd":19,"district_lgd":319,"subdistrict_lgd":2227,"center":[88.04524982551797,24.424972882227618],"bbox":[87.9705128,24.3676081,88.1318142,24.5055866]},"geometry":{"type":"Point","coordinates":[88.04524982551797,24.424972882227618]}},{"type":"Feature","id":"in-west-bengal-t-2228","properties":{"id":"in-west-bengal-t-2228","name":"Raghunathganj - II","region":"in-west-bengal","level":"tehsil","parent":"in-west-bengal-d-319","district":"Murshidabad","source":"LGD via Bharatlas · 2024 snapshot","state_lgd":19,"district_lgd":319,"subdistrict_lgd":2228,"center":[88.12524587001124,24.468461607009655],"bbox":[88.04959,24.3900972,88.2229161,24.5310428]},"geometry":{"type":"Point","coordinates":[88.12524587001124,24.468461607009655]}},{"type":"Feature","id":"in-west-bengal-t-2382","properties":{"id":"in-west-bengal-t-2382","name":"Raghunathpur - I","region":"in-west-bengal","level":"tehsil","parent":"in-west-bengal-d-321","district":"Purulia","source":"LGD via Bharatlas · 2024 snapshot","state_lgd":19,"district_lgd":321,"subdistrict_lgd":2382,"center":[86.69701929785512,23.542993346469736],"bbox":[86.5786076,23.465692,86.7902057,23.6430612]},"geometry":{"type":"Point","coordinates":[86.69701929785512,23.542993346469736]}},{"type":"Feature","id":"in-west-bengal-t-2381","properties":{"id":"in-west-bengal-t-2381","name":"Raghunathpur - II","region":"in-west-bengal","level":"tehsil","parent":"in-west-bengal-d-321","district":"Purulia","source":"LGD via Bharatlas · 2024 snapshot","state_lgd":19,"district_lgd":321,"subdistrict_lgd":2381,"center":[86.5721348226228,23.59814061732217],"bbox":[86.433656,23.5061024,86.6998077,23.6755871]},"geometry":{"type":"Point","coordinates":[86.5721348226228,23.59814061732217]}},{"type":"Feature","id":"in-west-bengal-t-2196","properties":{"id":"in-west-bengal-t-2196","name":"Raiganj","region":"in-west-bengal","level":"tehsil","parent":"in-west-bengal-d-311","district":"Dinajpur Uttar","source":"LGD via Bharatlas · 2024 snapshot","state_lgd":19,"district_lgd":311,"subdistrict_lgd":2196,"center":[88.11842110429093,25.683217182195072],"bbox":[87.9953675,25.5256968,88.2337139,25.8477476]},"geometry":{"type":"Point","coordinates":[88.11842110429093,25.683217182195072]}},{"type":"Feature","id":"in-west-bengal-t-2296","properties":{"id":"in-west-bengal-t-2296","name":"Raina - I","region":"in-west-bengal","level":"tehsil","parent":"in-west-bengal-d-306","district":"Purba Bardhaman","source":"LGD via Bharatlas · 2024 snapshot","state_lgd":19,"district_lgd":306,"subdistrict_lgd":2296,"center":[87.88001163856947,23.114285540957372],"bbox":[87.778281,23.0287661,87.9765754,23.2062027]},"geometry":{"type":"Point","coordinates":[87.88001163856947,23.114285540957372]}},{"type":"Feature","id":"in-west-bengal-t-2298","properties":{"id":"in-west-bengal-t-2298","name":"Raina - II","region":"in-west-bengal","level":"tehsil","parent":"in-west-bengal-d-306","district":"Purba Bardhaman","source":"LGD via Bharatlas · 2024 snapshot","state_lgd":19,"district_lgd":306,"subdistrict_lgd":2298,"center":[87.8517763535196,22.9961655413884],"bbox":[87.7271335,22.9321718,87.9661461,23.0623095]},"geometry":{"type":"Point","coordinates":[87.8517763535196,22.9961655413884]}},{"type":"Feature","id":"in-west-bengal-t-2376","properties":{"id":"in-west-bengal-t-2376","name":"Raipur","region":"in-west-bengal","level":"tehsil","parent":"in-west-bengal-d-305","district":"Bankura","source":"LGD via Bharatlas · 2024 snapshot","state_lgd":19,"district_lgd":305,"subdistrict_lgd":2376,"center":[86.89799542205238,22.758162403070678],"bbox":[86.7929794,22.6264208,86.9978827,22.9180382]},"geometry":{"type":"Point","coordinates":[86.89799542205238,22.758162403070678]}},{"type":"Feature","id":"in-west-bengal-t-2332","properties":{"id":"in-west-bengal-t-2332","name":"Rajarhat","region":"in-west-bengal","level":"tehsil","parent":"in-west-bengal-d-303","district":"24 Paraganas North","source":"LGD via Bharatlas · 2024 snapshot","state_lgd":19,"district_lgd":303,"subdistrict_lgd":2332,"center":[88.46994073979377,22.590810839248803],"bbox":[88.3920084,22.5181062,88.5602216,22.6680878]},"geometry":{"type":"Point","coordinates":[88.46994073979377,22.590810839248803]}},{"type":"Feature","id":"in-west-bengal-t-2166","properties":{"id":"in-west-bengal-t-2166","name":"Rajganj","region":"in-west-bengal","level":"tehsil","parent":"in-west-bengal-d-314","district":"Jalpaiguri","source":"LGD via Bharatlas · 2024 snapshot","state_lgd":19,"district_lgd":314,"subdistrict_lgd":2166,"center":[88.51518040763223,26.664417531349155],"bbox":[88.3898324,26.4496433,88.6510402,26.8541848]},"geometry":{"type":"Point","coordinates":[88.51518040763223,26.664417531349155]}},{"type":"Feature","id":"in-west-bengal-t-2258","properties":{"id":"in-west-bengal-t-2258","name":"Rajnagar","region":"in-west-bengal","level":"tehsil","parent":"in-west-bengal-d-307","district":"Birbhum","source":"LGD via Bharatlas · 2024 snapshot","state_lgd":19,"district_lgd":307,"subdistrict_lgd":2258,"center":[87.34277602360478,23.959911950201686],"bbox":[87.2328878,23.8720361,87.456619,24.0453344]},"geometry":{"type":"Point","coordinates":[87.34277602360478,23.959911950201686]}},{"type":"Feature","id":"in-west-bengal-t-2493","properties":{"id":"in-west-bengal-t-2493","name":"Ramnagar - I","region":"in-west-bengal","level":"tehsil","parent":"in-west-bengal-d-317","district":"Medinipur East","source":"LGD via Bharatlas · 2024 snapshot","state_lgd":19,"district_lgd":317,"subdistrict_lgd":2493,"center":[87.52820323149935,21.67028733414724],"bbox":[87.4447542,21.6112612,87.6421715,21.7527986]},"geometry":{"type":"Point","coordinates":[87.52820323149935,21.67028733414724]}},{"type":"Feature","id":"in-west-bengal-t-2494","properties":{"id":"in-west-bengal-t-2494","name":"Ramnagar - II","region":"in-west-bengal","level":"tehsil","parent":"in-west-bengal-d-317","district":"Medinipur East","source":"LGD via Bharatlas · 2024 snapshot","state_lgd":19,"district_lgd":317,"subdistrict_lgd":2494,"center":[87.61485490407239,21.70988639343038],"bbox":[87.4962625,21.6485057,87.7228467,21.7808972]},"geometry":{"type":"Point","coordinates":[87.61485490407239,21.70988639343038]}},{"type":"Feature","id":"in-west-bengal-t-2253","properties":{"id":"in-west-bengal-t-2253","name":"Rampurhat - I","region":"in-west-bengal","level":"tehsil","parent":"in-west-bengal-d-307","district":"Birbhum","source":"LGD via Bharatlas · 2024 snapshot","state_lgd":19,"district_lgd":307,"subdistrict_lgd":2253,"center":[87.73197111811011,24.176317777058944],"bbox":[87.5743202,24.0875383,87.84816,24.2664119]},"geometry":{"type":"Point","coordinates":[87.73197111811011,24.176317777058944]}},{"type":"Feature","id":"in-west-bengal-t-2254","properties":{"id":"in-west-bengal-t-2254","name":"Rampurhat - II","region":"in-west-bengal","level":"tehsil","parent":"in-west-bengal-d-307","district":"Birbhum","source":"LGD via Bharatlas · 2024 snapshot","state_lgd":19,"district_lgd":307,"subdistrict_lgd":2254,"center":[87.86891516053477,24.158233774272286],"bbox":[87.7938129,24.0640715,87.9762498,24.2487757]},"geometry":{"type":"Point","coordinates":[87.86891516053477,24.158233774272286]}},{"type":"Feature","id":"in-west-bengal-t-source-4942","properties":{"id":"in-west-bengal-t-source-4942","name":"Ranaghat","region":"in-west-bengal","level":"tehsil","parent":"in-west-bengal-d-320","district":"Nadia","source":"LGD via Bharatlas · 2024 snapshot","state_lgd":19,"district_lgd":320,"subdistrict_lgd":null,"source_objectid":4942,"center":[88.32772594593824,23.783433213390314],"bbox":[88.2097167,23.6068357,88.3464206,23.8133456]},"geometry":{"type":"Point","coordinates":[88.32772594593824,23.783433213390314]}},{"type":"Feature","id":"in-west-bengal-t-2312","properties":{"id":"in-west-bengal-t-2312","name":"Ranaghat - I","region":"in-west-bengal","level":"tehsil","parent":"in-west-bengal-d-320","district":"Nadia","source":"LGD via Bharatlas · 2024 snapshot","state_lgd":19,"district_lgd":320,"subdistrict_lgd":2312,"center":[88.53173568064622,23.20258507813712],"bbox":[88.4498341,23.1092052,88.6101536,23.305879]},"geometry":{"type":"Point","coordinates":[88.53173568064622,23.20258507813712]}},{"type":"Feature","id":"in-west-bengal-t-2313","properties":{"id":"in-west-bengal-t-2313","name":"Ranaghat - II","region":"in-west-bengal","level":"tehsil","parent":"in-west-bengal-d-320","district":"Nadia","source":"LGD via Bharatlas · 2024 snapshot","state_lgd":19,"district_lgd":320,"subdistrict_lgd":2313,"center":[88.64273026443625,23.19597161928199],"bbox":[88.5485722,23.0955223,88.754248,23.2941295]},"geometry":{"type":"Point","coordinates":[88.64273026443625,23.19597161928199]}},{"type":"Feature","id":"in-west-bengal-t-2155","properties":{"id":"in-west-bengal-t-2155","name":"Rangli Rangliot","region":"in-west-bengal","level":"tehsil","parent":"in-west-bengal-d-309","district":"Darjeeling","source":"LGD via Bharatlas · 2024 snapshot","state_lgd":19,"district_lgd":309,"subdistrict_lgd":2155,"center":[88.36762579964008,27.048142248603273],"bbox":[88.3063167,26.9879024,88.4329466,27.1103571]},"geometry":{"type":"Point","coordinates":[88.36762579964008,27.048142248603273]}},{"type":"Feature","id":"in-west-bengal-t-2375","properties":{"id":"in-west-bengal-t-2375","name":"Ranibundh","region":"in-west-bengal","level":"tehsil","parent":"in-west-bengal-d-305","district":"Bankura","source":"LGD via Bharatlas · 2024 snapshot","state_lgd":19,"district_lgd":305,"subdistrict_lgd":2375,"center":[86.7565065357796,22.854244062630418],"bbox":[86.6089485,22.7082861,86.8895948,23.0323571]},"geometry":{"type":"Point","coordinates":[86.7565065357796,22.854244062630418]}},{"type":"Feature","id":"in-west-bengal-t-2271","properties":{"id":"in-west-bengal-t-2271","name":"Raniganj","region":"in-west-bengal","level":"tehsil","parent":"in-west-bengal-d-704","district":"Paschim Bardhaman","source":"LGD via Bharatlas · 2024 snapshot","state_lgd":19,"district_lgd":704,"subdistrict_lgd":2271,"center":[87.09327266441399,23.62394399158723],"bbox":[87.0021729,23.5728565,87.1606843,23.6702265]},"geometry":{"type":"Point","coordinates":[87.09327266441399,23.62394399158723]}},{"type":"Feature","id":"in-west-bengal-t-2236","properties":{"id":"in-west-bengal-t-2236","name":"Raninagar - I","region":"in-west-bengal","level":"tehsil","parent":"in-west-bengal-d-319","district":"Murshidabad","source":"LGD via Bharatlas · 2024 snapshot","state_lgd":19,"district_lgd":319,"subdistrict_lgd":2236,"center":[88.46566994537899,24.2174664272926],"bbox":[88.3844407,24.1377307,88.5528505,24.3112173]},"geometry":{"type":"Point","coordinates":[88.46566994537899,24.2174664272926]}},{"type":"Feature","id":"in-west-bengal-t-2233","properties":{"id":"in-west-bengal-t-2233","name":"Raninagar - II","region":"in-west-bengal","level":"tehsil","parent":"in-west-bengal-d-319","district":"Murshidabad","source":"LGD via Bharatlas · 2024 snapshot","state_lgd":19,"district_lgd":319,"subdistrict_lgd":2233,"center":[88.55860435295598,24.2813860646938],"bbox":[88.4221327,24.1829001,88.7286378,24.3837271]},"geometry":{"type":"Point","coordinates":[88.55860435295598,24.2813860646938]}},{"type":"Feature","id":"in-west-bengal-t-2212","properties":{"id":"in-west-bengal-t-2212","name":"Ratua - I","region":"in-west-bengal","level":"tehsil","parent":"in-west-bengal-d-316","district":"Maldah","source":"LGD via Bharatlas · 2024 snapshot","state_lgd":19,"district_lgd":316,"subdistrict_lgd":2212,"center":[87.9395829704577,25.221939563044483],"bbox":[87.8243384,25.152162,88.0649254,25.2911235]},"geometry":{"type":"Point","coordinates":[87.9395829704577,25.221939563044483]}},{"type":"Feature","id":"in-west-bengal-t-2213","properties":{"id":"in-west-bengal-t-2213","name":"Ratua - II","region":"in-west-bengal","level":"tehsil","parent":"in-west-bengal-d-316","district":"Maldah","source":"LGD via Bharatlas · 2024 snapshot","state_lgd":19,"district_lgd":316,"subdistrict_lgd":2213,"center":[88.03252199866898,25.149087329583786],"bbox":[87.9548665,25.0346459,88.1017261,25.2792591]},"geometry":{"type":"Point","coordinates":[88.03252199866898,25.149087329583786]}},{"type":"Feature","id":"in-west-bengal-t-2464","properties":{"id":"in-west-bengal-t-2464","name":"Sabang","region":"in-west-bengal","level":"tehsil","parent":"in-west-bengal-d-318","district":"Medinipur West","source":"LGD via Bharatlas · 2024 snapshot","state_lgd":19,"district_lgd":318,"subdistrict_lgd":2464,"center":[87.60320595416489,22.16401911460802],"bbox":[87.4885685,22.0814287,87.7299029,22.248521]},"geometry":{"type":"Point","coordinates":[87.60320595416489,22.16401911460802]}},{"type":"Feature","id":"in-west-bengal-t-2438","properties":{"id":"in-west-bengal-t-2438","name":"Sagar","region":"in-west-bengal","level":"tehsil","parent":"in-west-bengal-d-304","district":"24 Paraganas South","source":"LGD via Bharatlas · 2024 snapshot","state_lgd":19,"district_lgd":304,"subdistrict_lgd":2438,"center":[88.11317079537992,21.734221194781163],"bbox":[88.0095529,21.5407428,88.2082504,21.9306952]},"geometry":{"type":"Point","coordinates":[88.11317079537992,21.734221194781163]}},{"type":"Feature","id":"in-west-bengal-t-2230","properties":{"id":"in-west-bengal-t-2230","name":"Sagardighi","region":"in-west-bengal","level":"tehsil","parent":"in-west-bengal-d-319","district":"Murshidabad","source":"LGD via Bharatlas · 2024 snapshot","state_lgd":19,"district_lgd":319,"subdistrict_lgd":2230,"center":[88.11075996764552,24.311071579893945],"bbox":[87.9548715,24.2197763,88.2536093,24.3992268]},"geometry":{"type":"Point","coordinates":[88.11075996764552,24.311071579893945]}},{"type":"Feature","id":"in-west-bengal-t-2473","properties":{"id":"in-west-bengal-t-2473","name":"Sahid Matangini","region":"in-west-bengal","level":"tehsil","parent":"in-west-bengal-d-317","district":"Medinipur East","source":"LGD via Bharatlas · 2024 snapshot","state_lgd":19,"district_lgd":317,"subdistrict_lgd":2473,"center":[87.90253835579472,22.367436043359856],"bbox":[87.8415381,22.2941363,87.9557818,22.4299577]},"geometry":{"type":"Point","coordinates":[87.90253835579472,22.367436043359856]}},{"type":"Feature","id":"in-west-bengal-t-2261","properties":{"id":"in-west-bengal-t-2261","name":"Sainthia","region":"in-west-bengal","level":"tehsil","parent":"in-west-bengal-d-307","district":"Birbhum","source":"LGD via Bharatlas · 2024 snapshot","state_lgd":19,"district_lgd":307,"subdistrict_lgd":2261,"center":[87.67447806439749,23.867875708537902],"bbox":[87.5848533,23.7431686,87.7744178,24.0017583]},"geometry":{"type":"Point","coordinates":[87.67447806439749,23.867875708537902]}},{"type":"Feature","id":"in-west-bengal-t-2268","properties":{"id":"in-west-bengal-t-2268","name":"Salanpur","region":"in-west-bengal","level":"tehsil","parent":"in-west-bengal-d-704","district":"Paschim Bardhaman","source":"LGD via Bharatlas · 2024 snapshot","state_lgd":19,"district_lgd":704,"subdistrict_lgd":2268,"center":[86.8924120138995,23.805432650150664],"bbox":[86.7993455,23.7374911,86.9524053,23.8824316]},"geometry":{"type":"Point","coordinates":[86.8924120138995,23.805432650150664]}},{"type":"Feature","id":"in-west-bengal-t-2452","properties":{"id":"in-west-bengal-t-2452","name":"Salbani","region":"in-west-bengal","level":"tehsil","parent":"in-west-bengal-d-318","district":"Medinipur West","source":"LGD via Bharatlas · 2024 snapshot","state_lgd":19,"district_lgd":318,"subdistrict_lgd":2452,"center":[87.23395966349221,22.581961788066717],"bbox":[87.0887622,22.4581148,87.3633765,22.7015772]},"geometry":{"type":"Point","coordinates":[87.23395966349221,22.581961788066717]}},{"type":"Feature","id":"in-west-bengal-t-2356","properties":{"id":"in-west-bengal-t-2356","name":"Saltora","region":"in-west-bengal","level":"tehsil","parent":"in-west-bengal-d-305","district":"Bankura","source":"LGD via Bharatlas · 2024 snapshot","state_lgd":19,"district_lgd":305,"subdistrict_lgd":2356,"center":[86.97101262354121,23.534304824419046],"bbox":[86.8643761,23.4115733,87.0875432,23.6381391]},"geometry":{"type":"Point","coordinates":[86.97101262354121,23.534304824419046]}},{"type":"Feature","id":"in-west-bengal-t-2224","properties":{"id":"in-west-bengal-t-2224","name":"Samserganj","region":"in-west-bengal","level":"tehsil","parent":"in-west-bengal-d-319","district":"Murshidabad","source":"LGD via Bharatlas · 2024 snapshot","state_lgd":19,"district_lgd":319,"subdistrict_lgd":2224,"center":[87.95184240119092,24.64779407024525],"bbox":[87.8758323,24.6054808,88.0371727,24.7026751]},"geometry":{"type":"Point","coordinates":[87.95184240119092,24.64779407024525]}},{"type":"Feature","id":"in-west-bengal-t-2334","properties":{"id":"in-west-bengal-t-2334","name":"Sandeshkhali - I","region":"in-west-bengal","level":"tehsil","parent":"in-west-bengal-d-303","district":"24 Paraganas North","source":"LGD via Bharatlas · 2024 snapshot","state_lgd":19,"district_lgd":303,"subdistrict_lgd":2334,"center":[88.81831910789406,22.4409127496064],"bbox":[88.7259655,22.3663078,88.9176818,22.507102]},"geometry":{"type":"Point","coordinates":[88.81831910789406,22.4409127496064]}},{"type":"Feature","id":"in-west-bengal-t-2335","properties":{"id":"in-west-bengal-t-2335","name":"Sandeshkhali - II","region":"in-west-bengal","level":"tehsil","parent":"in-west-bengal-d-303","district":"24 Paraganas North","source":"LGD via Bharatlas · 2024 snapshot","state_lgd":19,"district_lgd":303,"subdistrict_lgd":2335,"center":[88.87536779391874,22.334389635872103],"bbox":[88.8031698,22.2515836,88.95742,22.4261717]},"geometry":{"type":"Point","coordinates":[88.87536779391874,22.334389635872103]}},{"type":"Feature","id":"in-west-bengal-t-2459","properties":{"id":"in-west-bengal-t-2459","name":"Sankrail","region":"in-west-bengal","level":"tehsil","parent":"in-west-bengal-d-703","district":"Jhargram","source":"LGD via Bharatlas · 2024 snapshot","state_lgd":19,"district_lgd":703,"subdistrict_lgd":2459,"center":[87.12365121533796,22.2191271802006],"bbox":[87.0159759,22.0930638,87.2278818,22.3371167]},"geometry":{"type":"Point","coordinates":[87.12365121533796,22.2191271802006]}},{"type":"Feature","id":"in-west-bengal-t-2404","properties":{"id":"in-west-bengal-t-2404","name":"Sankrail","region":"in-west-bengal","level":"tehsil","parent":"in-west-bengal-d-313","district":"Howrah","source":"LGD via Bharatlas · 2024 snapshot","state_lgd":19,"district_lgd":313,"subdistrict_lgd":2404,"center":[88.21308146972981,22.556027100693377],"bbox":[88.157094,22.5063968,88.2775956,22.5996792]},"geometry":{"type":"Point","coordinates":[88.21308146972981,22.556027100693377]}},{"type":"Feature","id":"in-west-bengal-t-2311","properties":{"id":"in-west-bengal-t-2311","name":"Santipur","region":"in-west-bengal","level":"tehsil","parent":"in-west-bengal-d-320","district":"Nadia","source":"LGD via Bharatlas · 2024 snapshot","state_lgd":19,"district_lgd":320,"subdistrict_lgd":2311,"center":[88.43775403572543,23.26225760015958],"bbox":[88.3260289,23.190013,88.5549401,23.3310799]},"geometry":{"type":"Point","coordinates":[88.43775403572543,23.26225760015958]}},{"type":"Feature","id":"in-west-bengal-t-2384","properties":{"id":"in-west-bengal-t-2384","name":"Santuri","region":"in-west-bengal","level":"tehsil","parent":"in-west-bengal-d-321","district":"Purulia","source":"LGD via Bharatlas · 2024 snapshot","state_lgd":19,"district_lgd":321,"subdistrict_lgd":2384,"center":[86.84261709080069,23.555583379451402],"bbox":[86.7622496,23.4619905,86.906333,23.6601955]},"geometry":{"type":"Point","coordinates":[86.84261709080069,23.555583379451402]}},{"type":"Feature","id":"in-west-bengal-t-2377","properties":{"id":"in-west-bengal-t-2377","name":"Sarenga","region":"in-west-bengal","level":"tehsil","parent":"in-west-bengal-d-305","district":"Bankura","source":"LGD via Bharatlas · 2024 snapshot","state_lgd":19,"district_lgd":305,"subdistrict_lgd":2377,"center":[87.0047058842452,22.794917858517515],"bbox":[86.9272313,22.6486353,87.088587,22.9074487]},"geometry":{"type":"Point","coordinates":[87.0047058842452,22.794917858517515]}},{"type":"Feature","id":"in-west-bengal-t-2350","properties":{"id":"in-west-bengal-t-2350","name":"Serampur Uttarpara","region":"in-west-bengal","level":"tehsil","parent":"in-west-bengal-d-312","district":"Hooghly","source":"LGD via Bharatlas · 2024 snapshot","state_lgd":19,"district_lgd":312,"subdistrict_lgd":2350,"center":[88.32619610309311,22.7306495870082],"bbox":[88.2798516,22.6550295,88.3635295,22.8083967]},"geometry":{"type":"Point","coordinates":[88.32619610309311,22.7306495870082]}},{"type":"Feature","id":"in-west-bengal-t-2410","properties":{"id":"in-west-bengal-t-2410","name":"Shyampur - I","region":"in-west-bengal","level":"tehsil","parent":"in-west-bengal-d-313","district":"Howrah","source":"LGD via Bharatlas · 2024 snapshot","state_lgd":19,"district_lgd":313,"subdistrict_lgd":2410,"center":[88.04569639679984,22.290881182725858],"bbox":[87.9533367,22.2057705,88.1049997,22.3949433]},"geometry":{"type":"Point","coordinates":[88.04569639679984,22.290881182725858]}},{"type":"Feature","id":"in-west-bengal-t-2411","properties":{"id":"in-west-bengal-t-2411","name":"Shyampur - II","region":"in-west-bengal","level":"tehsil","parent":"in-west-bengal-d-313","district":"Howrah","source":"LGD via Bharatlas · 2024 snapshot","state_lgd":19,"district_lgd":313,"subdistrict_lgd":2411,"center":[87.9968497706509,22.348228536289536],"bbox":[87.9416003,22.2813055,88.0660161,22.4074054]},"geometry":{"type":"Point","coordinates":[87.9968497706509,22.348228536289536]}},{"type":"Feature","id":"in-west-bengal-t-2372","properties":{"id":"in-west-bengal-t-2372","name":"Simlapal","region":"in-west-bengal","level":"tehsil","parent":"in-west-bengal-d-305","district":"Bankura","source":"LGD via Bharatlas · 2024 snapshot","state_lgd":19,"district_lgd":305,"subdistrict_lgd":2372,"center":[87.07277365120471,22.917484594401426],"bbox":[86.9217281,22.8426367,87.2207107,22.9927808]},"geometry":{"type":"Point","coordinates":[87.07277365120471,22.917484594401426]}},{"type":"Feature","id":"in-west-bengal-t-2349","properties":{"id":"in-west-bengal-t-2349","name":"Singur","region":"in-west-bengal","level":"tehsil","parent":"in-west-bengal-d-312","district":"Hooghly","source":"LGD via Bharatlas · 2024 snapshot","state_lgd":19,"district_lgd":312,"subdistrict_lgd":2349,"center":[88.27232706232385,22.82347556677245],"bbox":[88.1765431,22.7348519,88.3830021,22.887447]},"geometry":{"type":"Point","coordinates":[88.27232706232385,22.82347556677245]}},{"type":"Feature","id":"in-west-bengal-t-2189","properties":{"id":"in-west-bengal-t-2189","name":"Sitai","region":"in-west-bengal","level":"tehsil","parent":"in-west-bengal-d-308","district":"Coochbehar","source":"LGD via Bharatlas · 2024 snapshot","state_lgd":19,"district_lgd":308,"subdistrict_lgd":2189,"center":[89.33808601288247,26.082465045872553],"bbox":[89.2543613,26.0071231,89.4124899,26.1777395]},"geometry":{"type":"Point","coordinates":[89.33808601288247,26.082465045872553]}},{"type":"Feature","id":"in-west-bengal-t-2190","properties":{"id":"in-west-bengal-t-2190","name":"Sitalkuchi","region":"in-west-bengal","level":"tehsil","parent":"in-west-bengal-d-308","district":"Coochbehar","source":"LGD via Bharatlas · 2024 snapshot","state_lgd":19,"district_lgd":308,"subdistrict_lgd":2190,"center":[89.214196033531,26.199445569847597],"bbox":[89.0999248,26.0905925,89.3178986,26.3158326]},"geometry":{"type":"Point","coordinates":[89.214196033531,26.199445569847597]}},{"type":"Feature","id":"in-west-bengal-t-2364","properties":{"id":"in-west-bengal-t-2364","name":"Sonamukhi","region":"in-west-bengal","level":"tehsil","parent":"in-west-bengal-d-305","district":"Bankura","source":"LGD via Bharatlas · 2024 snapshot","state_lgd":19,"district_lgd":305,"subdistrict_lgd":2364,"center":[87.4028738050355,23.301557594050195],"bbox":[87.2446706,23.1787354,87.5335515,23.4284337]},"geometry":{"type":"Point","coordinates":[87.4028738050355,23.301557594050195]}},{"type":"Feature","id":"in-west-bengal-t-2417","properties":{"id":"in-west-bengal-t-2417","name":"Sonar pur","region":"in-west-bengal","level":"tehsil","parent":"in-west-bengal-d-304","district":"24 Paraganas South","source":"LGD via Bharatlas · 2024 snapshot","state_lgd":19,"district_lgd":304,"subdistrict_lgd":2417,"center":[88.4380213019223,22.4431572397581],"bbox":[88.3411376,22.3657016,88.5443403,22.5239208]},"geometry":{"type":"Point","coordinates":[88.4380213019223,22.4431572397581]}},{"type":"Feature","id":"in-west-bengal-t-2259","properties":{"id":"in-west-bengal-t-2259","name":"Suri - I","region":"in-west-bengal","level":"tehsil","parent":"in-west-bengal-d-307","district":"Birbhum","source":"LGD via Bharatlas · 2024 snapshot","state_lgd":19,"district_lgd":307,"subdistrict_lgd":2259,"center":[87.49928523091182,23.905717015966584],"bbox":[87.4116803,23.806318,87.608155,23.9879608]},"geometry":{"type":"Point","coordinates":[87.49928523091182,23.905717015966584]}},{"type":"Feature","id":"in-west-bengal-t-2260","properties":{"id":"in-west-bengal-t-2260","name":"Suri - II","region":"in-west-bengal","level":"tehsil","parent":"in-west-bengal-d-307","district":"Birbhum","source":"LGD via Bharatlas · 2024 snapshot","state_lgd":19,"district_lgd":307,"subdistrict_lgd":2260,"center":[87.57858590439982,23.83983451356577],"bbox":[87.5085754,23.7629921,87.6724534,23.9200874]},"geometry":{"type":"Point","coordinates":[87.57858590439982,23.83983451356577]}},{"type":"Feature","id":"in-west-bengal-t-2482","properties":{"id":"in-west-bengal-t-2482","name":"Sutahata","region":"in-west-bengal","level":"tehsil","parent":"in-west-bengal-d-317","district":"Medinipur East","source":"LGD via Bharatlas · 2024 snapshot","state_lgd":19,"district_lgd":317,"subdistrict_lgd":2482,"center":[88.1287686168677,22.129617400139203],"bbox":[88.0599867,22.0595794,88.1905392,22.1921954]},"geometry":{"type":"Point","coordinates":[88.1287686168677,22.129617400139203]}},{"type":"Feature","id":"in-west-bengal-t-2225","properties":{"id":"in-west-bengal-t-2225","name":"Suti - I","region":"in-west-bengal","level":"tehsil","parent":"in-west-bengal-d-319","district":"Murshidabad","source":"LGD via Bharatlas · 2024 snapshot","state_lgd":19,"district_lgd":319,"subdistrict_lgd":2225,"center":[87.9989963895215,24.52881271904003],"bbox":[87.8893224,24.4566397,88.1270925,24.5897808]},"geometry":{"type":"Point","coordinates":[87.9989963895215,24.52881271904003]}},{"type":"Feature","id":"in-west-bengal-t-2226","properties":{"id":"in-west-bengal-t-2226","name":"Suti - II","region":"in-west-bengal","level":"tehsil","parent":"in-west-bengal-d-319","district":"Murshidabad","source":"LGD via Bharatlas · 2024 snapshot","state_lgd":19,"district_lgd":319,"subdistrict_lgd":2226,"center":[88.00077963367433,24.59036312233659],"bbox":[87.906087,24.5335347,88.0922947,24.6457682]},"geometry":{"type":"Point","coordinates":[88.00077963367433,24.59036312233659]}},{"type":"Feature","id":"in-west-bengal-t-2319","properties":{"id":"in-west-bengal-t-2319","name":"Swarupnagar","region":"in-west-bengal","level":"tehsil","parent":"in-west-bengal-d-303","district":"24 Paraganas North","source":"LGD via Bharatlas · 2024 snapshot","state_lgd":19,"district_lgd":303,"subdistrict_lgd":2319,"center":[88.87745535021001,22.83146251621702],"bbox":[88.7684274,22.7292445,88.9686751,22.9035464]},"geometry":{"type":"Point","coordinates":[88.87745535021001,22.83146251621702]}},{"type":"Feature","id":"in-west-bengal-t-source-4943","properties":{"id":"in-west-bengal-t-source-4943","name":"Tahatta & Krishnanagar","region":"in-west-bengal","level":"tehsil","parent":"in-west-bengal-d-320","district":"Nadia","source":"LGD via Bharatlas · 2024 snapshot","state_lgd":19,"district_lgd":320,"subdistrict_lgd":null,"source_objectid":4943,"center":[88.51562292291668,23.6454567205709],"bbox":[88.4650244,23.6258393,88.5633777,23.6659346]},"geometry":{"type":"Point","coordinates":[88.51562292291668,23.6454567205709]}},{"type":"Feature","id":"in-west-bengal-t-2371","properties":{"id":"in-west-bengal-t-2371","name":"Taldangra","region":"in-west-bengal","level":"tehsil","parent":"in-west-bengal-d-305","district":"Bankura","source":"LGD via Bharatlas · 2024 snapshot","state_lgd":19,"district_lgd":305,"subdistrict_lgd":2371,"center":[87.13929890153719,23.000228278994904],"bbox":[86.9553768,22.8956544,87.3178383,23.0927632]},"geometry":{"type":"Point","coordinates":[87.13929890153719,23.000228278994904]}},{"type":"Feature","id":"in-west-bengal-t-2472","properties":{"id":"in-west-bengal-t-2472","name":"Tamluk","region":"in-west-bengal","level":"tehsil","parent":"in-west-bengal-d-317","district":"Medinipur East","source":"LGD via Bharatlas · 2024 snapshot","state_lgd":19,"district_lgd":317,"subdistrict_lgd":2472,"center":[87.86038128453947,22.295958245069226],"bbox":[87.7834159,22.2364703,87.9559319,22.3740565]},"geometry":{"type":"Point","coordinates":[87.86038128453947,22.295958245069226]}},{"type":"Feature","id":"in-west-bengal-t-source-5119","properties":{"id":"in-west-bengal-t-source-5119","name":"Tamluk and Haldia","region":"in-west-bengal","level":"tehsil","parent":"in-west-bengal-d-317","district":"Medinipur East","source":"LGD via Bharatlas · 2024 snapshot","state_lgd":19,"district_lgd":317,"subdistrict_lgd":null,"source_objectid":5119,"center":[87.89001207199908,22.052196691448824],"bbox":[87.867321,22.0321408,87.973154,22.1893399]},"geometry":{"type":"Point","coordinates":[87.89001207199908,22.052196691448824]}},{"type":"Feature","id":"in-west-bengal-t-2205","properties":{"id":"in-west-bengal-t-2205","name":"Tapan","region":"in-west-bengal","level":"tehsil","parent":"in-west-bengal-d-310","district":"Dinajpur Dakshin","source":"LGD via Bharatlas · 2024 snapshot","state_lgd":19,"district_lgd":310,"subdistrict_lgd":2205,"center":[88.56341742892168,25.279974776361534],"bbox":[88.4043948,25.1750881,88.704933,25.3829334]},"geometry":{"type":"Point","coordinates":[88.56341742892168,25.279974776361534]}},{"type":"Feature","id":"in-west-bengal-t-2342","properties":{"id":"in-west-bengal-t-2342","name":"Tarakeswar","region":"in-west-bengal","level":"tehsil","parent":"in-west-bengal-d-312","district":"Hooghly","source":"LGD via Bharatlas · 2024 snapshot","state_lgd":19,"district_lgd":312,"subdistrict_lgd":2342,"center":[88.01331985505234,22.859470653469092],"bbox":[87.9538561,22.7884259,88.0833366,22.9149328]},"geometry":{"type":"Point","coordinates":[88.01331985505234,22.859470653469092]}},{"type":"Feature","id":"in-west-bengal-t-2301","properties":{"id":"in-west-bengal-t-2301","name":"Tehatta - I","region":"in-west-bengal","level":"tehsil","parent":"in-west-bengal-d-320","district":"Nadia","source":"LGD via Bharatlas · 2024 snapshot","state_lgd":19,"district_lgd":320,"subdistrict_lgd":2301,"center":[88.5196054029903,23.762695263543137],"bbox":[88.4208073,23.6484197,88.6021342,23.8839108]},"geometry":{"type":"Point","coordinates":[88.5196054029903,23.762695263543137]}},{"type":"Feature","id":"in-west-bengal-t-2302","properties":{"id":"in-west-bengal-t-2302","name":"Tehatta - II","region":"in-west-bengal","level":"tehsil","parent":"in-west-bengal-d-320","district":"Nadia","source":"LGD via Bharatlas · 2024 snapshot","state_lgd":19,"district_lgd":320,"subdistrict_lgd":2302,"center":[88.41292030394587,23.760867111649727],"bbox":[88.331792,23.6809857,88.5236001,23.8563112]},"geometry":{"type":"Point","coordinates":[88.41292030394587,23.760867111649727]}},{"type":"Feature","id":"in-west-bengal-t-2412","properties":{"id":"in-west-bengal-t-2412","name":"Thakurpukur Mahestola","region":"in-west-bengal","level":"tehsil","parent":"in-west-bengal-d-304","district":"24 Paraganas South","source":"LGD via Bharatlas · 2024 snapshot","state_lgd":19,"district_lgd":304,"subdistrict_lgd":2412,"center":[88.25766902389464,22.487759276206585],"bbox":[88.186852,22.4075174,88.311512,22.549246]},"geometry":{"type":"Point","coordinates":[88.25766902389464,22.487759276206585]}},{"type":"Feature","id":"in-west-bengal-t-2185","properties":{"id":"in-west-bengal-t-2185","name":"Tufanganj - I","region":"in-west-bengal","level":"tehsil","parent":"in-west-bengal-d-308","district":"Coochbehar","source":"LGD via Bharatlas · 2024 snapshot","state_lgd":19,"district_lgd":308,"subdistrict_lgd":2185,"center":[89.62548184002114,26.30164397199094],"bbox":[89.5267802,26.1517548,89.7365505,26.4418722]},"geometry":{"type":"Point","coordinates":[89.62548184002114,26.30164397199094]}},{"type":"Feature","id":"in-west-bengal-t-2186","properties":{"id":"in-west-bengal-t-2186","name":"Tufanganj - II","region":"in-west-bengal","level":"tehsil","parent":"in-west-bengal-d-308","district":"Coochbehar","source":"LGD via Bharatlas · 2024 snapshot","state_lgd":19,"district_lgd":308,"subdistrict_lgd":2186,"center":[89.74952115562762,26.376568223449645],"bbox":[89.6631051,26.2574591,89.8643079,26.4708605]},"geometry":{"type":"Point","coordinates":[89.74952115562762,26.376568223449645]}},{"type":"Feature","id":"in-west-bengal-t-2398","properties":{"id":"in-west-bengal-t-2398","name":"Udaynarayanpur","region":"in-west-bengal","level":"tehsil","parent":"in-west-bengal-d-313","district":"Howrah","source":"LGD via Bharatlas · 2024 snapshot","state_lgd":19,"district_lgd":313,"subdistrict_lgd":2398,"center":[87.97242187734255,22.692041453454024],"bbox":[87.9213662,22.6121365,88.0324468,22.7822449]},"geometry":{"type":"Point","coordinates":[87.97242187734255,22.692041453454024]}},{"type":"Feature","id":"in-west-bengal-t-2407","properties":{"id":"in-west-bengal-t-2407","name":"Uluberia - I","region":"in-west-bengal","level":"tehsil","parent":"in-west-bengal-d-313","district":"Howrah","source":"LGD via Bharatlas · 2024 snapshot","state_lgd":19,"district_lgd":313,"subdistrict_lgd":2407,"center":[88.0857118811102,22.44642598634529],"bbox":[87.9956712,22.3817271,88.1938769,22.5172964]},"geometry":{"type":"Point","coordinates":[88.0857118811102,22.44642598634529]}},{"type":"Feature","id":"in-west-bengal-t-2406","properties":{"id":"in-west-bengal-t-2406","name":"Uluberia - II","region":"in-west-bengal","level":"tehsil","parent":"in-west-bengal-d-313","district":"Howrah","source":"LGD via Bharatlas · 2024 snapshot","state_lgd":19,"district_lgd":313,"subdistrict_lgd":2406,"center":[88.07605171197716,22.508218746831474],"bbox":[87.9989027,22.4720098,88.1650401,22.5400657]},"geometry":{"type":"Point","coordinates":[88.07605171197716,22.508218746831474]}},{"type":"Feature","id":"in-west-bengal-t-2369","properties":{"id":"in-west-bengal-t-2369","name":"Vishnupur","region":"in-west-bengal","level":"tehsil","parent":"in-west-bengal-d-305","district":"Bankura","source":"LGD via Bharatlas · 2024 snapshot","state_lgd":19,"district_lgd":305,"subdistrict_lgd":2369,"center":[87.34268642787951,23.081162094658133],"bbox":[87.2534546,22.9329103,87.4362624,23.230179]},"geometry":{"type":"Point","coordinates":[87.34268642787951,23.081162094658133]}}]}
