{"type":"FeatureCollection","features":[{"type":"Feature","id":"kashmir-united","properties":{"id":"kashmir-united","name":"Combined Jammu & Kashmir · Indian claimed extent","region":"kashmir-united","level":"region","parent":"","source":"Union of LGD/Bharatlas J&K and Ladakh outlines · 2024","center":[76.32501096455017,34.64008358893719],"bbox":[72.5127625,32.2760053,80.3450836,37.0883418]},"geometry":{"type":"MultiPolygon","coordinates":[[[[72.5127625,35.9364299],[72.5136501,35.9344674],[72.5168895,35.9321037],[72.5168922,35.9321018],[72.5168,35.930334],[72.5157199,35.9286003],[72.5150267,35.9266923],[72.5160665,35.9200556],[72.5168332,35.9119792],[72.5184736,35.9054827],[72.5237233,35.9036915],[72.5316079,35.9030969],[72.5344868,35.9013872],[72.5368696,35.8977626],[72.5395339,35.8957383],[72.5430302,35.89449],[72.5464722,35.8959806],[72.5510235,35.8959835],[72.5564662,35.8978873],[72.5582354,35.8976647],[72.559523,35.8958517],[72.5595251,35.8958488],[72.5602506,35.8908324],[72.5605695,35.8893722],[72.5623216,35.8888282],[72.5654224,35.887593],[72.5678543,35.8849321],[72.5704746,35.8821042],[72.5716881,35.878841],[72.5741814,35.8736016],[72.5776618,35.8683276],[72.5800249,35.8643807],[72.5828167,35.8610627],[72.5851009,35.8593726],[72.5906799,35.8601431],[72.6046109,35.861747],[72.6099416,35.8615594],[72.6114868,35.8608609],[72.6144662,35.8573746],[72.6166898,35.8545589],[72.6188015,35.8533573],[72.6199945,35.8534762],[72.622509,35.8561247],[72.6251697,35.8578019],[72.6281396,35.8578579],[72.6308349,35.8564745],[72.6357531,35.8522749],[72.6421639,35.846412],[72.6496721,35.8388996],[72.6646354,35.8303158],[72.6779236,35.8237225],[72.6843838,35.8225252],[72.6873959,35.8233834],[72.6904863,35.8256881],[72.6998687,35.8309873],[72.7125794,35.8429292],[72.7233682,35.8522017],[72.7265791,35.853052],[72.7315801,35.8504559],[72.7361509,35.8472311],[72.7429365,35.844731],[72.7482521,35.8406735],[72.7572466,35.8351939],[72.7614386,35.8323039],[72.7648465,35.8331461],[72.7691942,35.8366914],[72.7751918,35.8414646],[72.7794075,35.8425989],[72.7842887,35.8414544],[72.7865218,35.8424999],[72.7868345,35.8445819],[72.7874953,35.8493886],[72.7874287,35.8553491],[72.789141,35.8577018],[72.7918049,35.8593756],[72.7965961,35.8601663],[72.8034344,35.8586273],[72.8082078,35.8590962],[72.8103245,35.8615948],[72.8125394,35.8658612],[72.812942,35.86955],[72.8140439,35.8751454],[72.8157027,35.8800762],[72.8191577,35.8817203],[72.8239064,35.8781639],[72.8326041,35.870919],[72.839317,35.8671284],[72.8432835,35.8673037],[72.8551654,35.8710503],[72.8727832,35.8747435],[72.8827185,35.8755006],[72.8911269,35.8737374],[72.8935666,35.8713918],[72.8929451,35.8673892],[72.8905721,35.8603924],[72.8890435,35.8543302],[72.8893277,35.8488444],[72.8924475,35.8445409],[72.8983663,35.8407766],[72.9052558,35.8401965],[72.9184423,35.8390573],[72.9295854,35.8402484],[72.9466263,35.8442755],[72.9582663,35.8472169],[72.9657806,35.8506359],[72.9733046,35.8542152],[72.9776433,35.8574321],[72.9832903,35.8593107],[72.9870778,35.8598106],[72.9943814,35.8595321],[72.9988474,35.8580733],[73.0002309,35.8577652],[73.0062905,35.8526046],[73.0123049,35.8492938],[73.0196124,35.8474118],[73.0242654,35.8467403],[73.0288244,35.8470581],[73.0348781,35.8496595],[73.0423358,35.8538888],[73.0450519,35.855429],[73.0580389,35.862691],[73.0658128,35.8739735],[73.0681504,35.877703],[73.0742578,35.8785754],[73.0798473,35.8783586],[73.0838828,35.8774626],[73.0899605,35.8726671],[73.096044,35.8654065],[73.1058733,35.8575065],[73.1202879,35.8478243],[73.1336878,35.8415073],[73.1407608,35.838272],[73.1473002,35.8337017],[73.1486614,35.8311882],[73.1486641,35.8311834],[73.1479142,35.8287482],[73.1411892,35.8250691],[73.1372092,35.8191869],[73.135414,35.8118631],[73.133459,35.8018343],[73.131219,35.7946511],[73.1303802,35.7922544],[73.1279432,35.7852901],[73.1265005,35.7762268],[73.1258196,35.7672568],[73.1256626,35.7569104],[73.1273042,35.7514233],[73.1263679,35.7355611],[73.1264165,35.7210158],[73.1281082,35.7163892],[73.1329152,35.7107773],[73.1379595,35.7066349],[73.1482944,35.7025304],[73.1536049,35.7003489],[73.1576673,35.7000653],[73.1576679,35.7000653],[73.1585611,35.697323],[73.1585626,35.6973183],[73.162399,35.6932226],[73.1663227,35.6906023],[73.175812,35.6845141],[73.1839307,35.6793043],[73.1943227,35.6737144],[73.2036624,35.670754],[73.2126157,35.6689177],[73.2159341,35.6663199],[73.2190352,35.6626213],[73.2238702,35.6576206],[73.2311846,35.6511645],[73.239839,35.6444074],[73.2495984,35.6384682],[73.2537366,35.6344803],[73.259894,35.6289317],[73.2686779,35.6243861],[73.282635,35.6180279],[73.2886526,35.6151954],[73.29973,35.6111709],[73.3062808,35.6096719],[73.3161517,35.6081605],[73.3273549,35.6062242],[73.3317818,35.604564],[73.3415762,35.601821],[73.3524466,35.5994029],[73.3606821,35.598325],[73.3634821,35.5972237],[73.3683507,35.5929551],[73.3732341,35.5889322],[73.3811322,35.5799767],[73.3918409,35.5676989],[73.3939269,35.5624398],[73.3939289,35.5624345],[73.3981236,35.5570828],[73.4026687,35.5573877],[73.4117003,35.5594789],[73.424556,35.5623967],[73.4387132,35.564396],[73.4545959,35.5674312],[73.4702019,35.570846],[73.4773608,35.5719017],[73.4810925,35.5712517],[73.4848739,35.5689967],[73.4872851,35.5665527],[73.495919,35.5599011],[73.5015053,35.5575694],[73.5072624,35.5579428],[73.5128588,35.5605421],[73.5221196,35.5661916],[73.5279243,35.5673019],[73.5331056,35.5657259],[73.5367349,35.5634757],[73.5418315,35.558204],[73.5502472,35.5505714],[73.5567983,35.5468399],[73.5615972,35.5463887],[73.5684936,35.548067],[73.5761977,35.5505736],[73.5866737,35.5539473],[73.5959471,35.5550292],[73.6017203,35.5556443],[73.6092755,35.5581554],[73.614194,35.5618893],[73.6221229,35.567836],[73.6283884,35.5690452],[73.6314532,35.5674333],[73.6379544,35.56296],[73.6455071,35.5560981],[73.6518163,35.5510159],[73.6588385,35.5476286],[73.663288,35.5464489],[73.6656632,35.5458524],[73.6734304,35.5446514],[73.6779758,35.5449467],[73.6909864,35.545489],[73.7030246,35.5473057],[73.7141444,35.5489149],[73.7212559,35.5492195],[73.7227977,35.5474255],[73.7243605,35.5436576],[73.7252972,35.5395472],[73.7252908,35.5348628],[73.7252908,35.5348616],[73.7269018,35.5318314],[73.7296142,35.5294925],[73.736436,35.5277126],[73.7436152,35.5267798],[73.7524812,35.5262654],[73.7653511,35.5247101],[73.7785049,35.5228943],[73.7803004,35.5181286],[73.7812785,35.5124126],[73.782692,35.4950851],[73.7838431,35.4851683],[73.7854171,35.4770825],[73.7872472,35.4705883],[73.7885527,35.4630075],[73.7897855,35.4588849],[73.789786,35.4588829],[73.7920359,35.4542251],[73.7920386,35.4542197],[73.7902956,35.4529406],[73.7795594,35.447868],[73.7629763,35.440957],[73.7524015,35.4359984],[73.7395869,35.4290413],[73.7314719,35.4224926],[73.7270231,35.4189887],[73.72325,35.4120017],[73.7212669,35.4070325],[73.7148631,35.3943644],[73.7105397,35.3881411],[73.698283,35.3757289],[73.695439,35.3690703],[73.6939041,35.3593942],[73.6928921,35.3508052],[73.6951409,35.3322065],[73.6948426,35.318406],[73.6948426,35.3184058],[73.6985143,35.3101045],[73.7065816,35.3000066],[73.7151958,35.2868003],[73.7206108,35.2799014],[73.724975,35.2730485],[73.7241383,35.2671648],[73.7228437,35.2611778],[73.720729,35.249553],[73.7190627,35.2424722],[73.7137235,35.2320992],[73.7108697,35.2275374],[73.7079841,35.2224836],[73.7202336,35.2144199],[73.7293935,35.2096985],[73.7335252,35.2085292],[73.7354365,35.2101717],[73.7411547,35.2148531],[73.7470925,35.218291],[73.7565671,35.2229286],[73.7617121,35.2280046],[73.7664242,35.2333463],[73.7705084,35.2360019],[73.7756784,35.2368822],[73.7824812,35.2374429],[73.7921569,35.2382452],[73.7990853,35.2384293],[73.8044302,35.2396707],[73.8083279,35.2394964],[73.8191263,35.2345721],[73.8284493,35.230083],[73.8339274,35.2267543],[73.8348065,35.2262201],[73.8419763,35.2255275],[73.8453743,35.2246344],[73.8483407,35.2217869],[73.8527843,35.2140616],[73.8567168,35.2099367],[73.8611892,35.2071441],[73.8662346,35.206176],[73.8691395,35.2069082],[73.8840813,35.2100559],[73.8969681,35.2116916],[73.9054268,35.2100733],[73.9152089,35.2080241],[73.9245491,35.203897],[73.9318734,35.1966538],[73.941701,35.186458],[73.9474911,35.1787905],[73.9517414,35.172797],[73.9542964,35.1715988],[73.9568447,35.168045],[73.9582485,35.1681714],[73.9623577,35.1704648],[73.9694697,35.1758658],[73.9777027,35.1806419],[73.9830998,35.1813478],[73.9930032,35.179936],[74.0002995,35.1799863],[73.9996294,35.1827832],[73.9997536,35.1828611],[74.0012696,35.183812],[74.0028281,35.1836478],[74.0041487,35.1816537],[74.0049828,35.1774728],[74.005269,35.1718445],[74.0047623,35.1677289],[74.004762,35.1677257],[74.0063436,35.1662717],[74.0089687,35.1653217],[74.0134131,35.1647475],[74.0165589,35.1632209],[74.0191629,35.1603385],[74.0253612,35.1526864],[74.0307555,35.1480171],[74.033814,35.1468623],[74.0356141,35.1469626],[74.0406373,35.1482936],[74.0441029,35.1497891],[74.0464529,35.1481147],[74.0511616,35.1465142],[74.0564439,35.1467279],[74.0634147,35.1470465],[74.0662231,35.1487563],[74.0696058,35.1522802],[74.0721337,35.1531745],[74.0741129,35.1526215],[74.0800598,35.1494891],[74.0851732,35.148881],[74.0881895,35.1455175],[74.0910554,35.1416085],[74.0934618,35.140759],[74.095814,35.1407405],[74.0991814,35.1424233],[74.1066288,35.1479645],[74.10984,35.14901],[74.1122721,35.1485271],[74.1133428,35.1478332],[74.1133444,35.1478322],[74.113988,35.1442116],[74.1136444,35.1376916],[74.1112529,35.1339379],[74.1070746,35.1302683],[74.1060623,35.1270018],[74.1058618,35.1257279],[74.105861,35.1257225],[74.1109856,35.1252969],[74.1136175,35.1228713],[74.1148935,35.1218905],[74.1165713,35.1202463],[74.119018,35.1183817],[74.1279351,35.1161193],[74.1310193,35.1137639],[74.1336719,35.110048],[74.1339279,35.105709],[74.1337449,35.1046468],[74.1335503,35.1035173],[74.1323887,35.1029279],[74.1273964,35.1036243],[74.1191467,35.1041982],[74.1155828,35.1028934],[74.1113966,35.1006973],[74.1061517,35.0993794],[74.1014304,35.0991415],[74.1002912,35.0972618],[74.0974455,35.0950022],[74.0938725,35.0919481],[74.0917894,35.0893762],[74.0883986,35.0841039],[74.0819146,35.0794371],[74.0815161,35.0753129],[74.080818,35.0700981],[74.0798965,35.068116],[74.0775242,35.0662019],[74.0729393,35.0614455],[74.0711671,35.0584908],[74.0711669,35.0584905],[74.0723407,35.0560418],[74.0735805,35.0546071],[74.0735844,35.0546025],[74.0715855,35.0532232],[74.0714837,35.051755],[74.0703776,35.0503338],[74.0679868,35.0481442],[74.0667756,35.04682],[74.0667375,35.0462694],[74.0675984,35.0457687],[74.070066,35.0458372],[74.0734199,35.045772],[74.0750971,35.0441283],[74.0767169,35.0416586],[74.0779613,35.0386596],[74.0779636,35.038654],[74.081413,35.0367428],[74.0894334,35.0329594],[74.0918751,35.0326604],[74.094878,35.0339922],[74.0982216,35.0321776],[74.1000445,35.0294218],[74.1019714,35.0265705],[74.1019725,35.0265689],[74.1034365,35.0219006],[74.1034378,35.0218964],[74.1058784,35.0183748],[74.1097411,35.0160782],[74.109747,35.0160747],[74.1089278,35.0155609],[74.103688,35.0142429],[74.1014601,35.0127827],[74.0974953,35.0104837],[74.0960291,35.0087113],[74.0951462,35.0072798],[74.0948241,35.0042567],[74.0926412,35.0034387],[74.0896088,35.0017797],[74.0814598,35.0002472],[74.0776362,34.9997468],[74.0744742,34.9993329],[74.0699325,34.9983948],[74.0655542,34.9977942],[74.0632041,34.9961776],[74.0593248,34.9926755],[74.059003,34.9900429],[74.0597716,34.9870182],[74.0597727,34.9870139],[74.0632876,34.9832842],[74.0615512,34.9803689],[74.0610344,34.9769396],[74.0622222,34.9738909],[74.0613348,34.9711696],[74.0609574,34.9677338],[74.0630211,34.9652196],[74.0644179,34.9631993],[74.0644194,34.963197],[74.0649576,34.9608694],[74.0648068,34.9586892],[74.0641464,34.9572242],[74.0655047,34.9546273],[74.0668393,34.9516867],[74.0675212,34.9473952],[74.0697683,34.9394615],[74.0711704,34.9354816],[74.0699287,34.9336979],[74.0643754,34.9322316],[74.0613145,34.930418],[74.0536652,34.924905],[74.0479339,34.9228707],[74.038867,34.9211071],[74.0372002,34.9192279],[74.0365003,34.9110868],[74.0343499,34.9062369],[74.0347228,34.9015],[74.0347228,34.9014994],[74.0359342,34.898795],[74.0391873,34.8953045],[74.041652,34.8925415],[74.0419671,34.8910301],[74.0383876,34.8877436],[74.0328745,34.8847775],[74.0307986,34.8830324],[74.0300524,34.8803042],[74.0299157,34.8762811],[74.026269,34.8740336],[74.0204338,34.8724635],[74.0168606,34.8733207],[74.015037,34.8752476],[74.0110986,34.8748552],[74.0056815,34.873265],[74.0005077,34.8752322],[73.999633,34.8746972],[73.9996668,34.8712778],[73.9996683,34.8711267],[73.9990937,34.8688508],[73.9966686,34.8676279],[73.9927225,34.8659173],[73.9859918,34.864546],[73.9766108,34.8636126],[73.9722634,34.863498],[73.9674356,34.8638262],[73.9673418,34.8605693],[73.9671066,34.8571085],[73.9664053,34.8543004],[73.9646934,34.8516442],[73.9652298,34.8501466],[73.9641469,34.8473562],[73.9624566,34.8450145],[73.9611765,34.8430747],[73.9609975,34.8385593],[73.9579857,34.8355421],[73.9513495,34.8336388],[73.947484,34.8330804],[73.9382765,34.8327675],[73.9326871,34.8331296],[73.9304681,34.8323898],[73.9289345,34.8304614],[73.928404,34.8263829],[73.9270186,34.8209759],[73.9257677,34.8175616],[73.9227083,34.8138094],[73.9193736,34.8116478],[73.9125068,34.8119624],[73.9049122,34.8128359],[73.9018807,34.8170773],[73.8993157,34.8187725],[73.8949918,34.8189699],[73.8888387,34.8166206],[73.8822406,34.815238],[73.8767792,34.8155919],[73.8709373,34.8140691],[73.8629851,34.8095912],[73.8566632,34.8085104],[73.8531446,34.8093011],[73.8476246,34.812602],[73.8431442,34.8142776],[73.8377123,34.8131556],[73.8343311,34.8102576],[73.8320458,34.8065737],[73.8269899,34.7976496],[73.8241758,34.7936738],[73.821776,34.7920988],[73.8180264,34.791321],[73.8099865,34.7931558],[73.8045955,34.7945555],[73.8007811,34.7947269],[73.7928731,34.7927675],[73.7837284,34.7913891],[73.7763412,34.7954017],[73.7723068,34.7961081],[73.7670831,34.7942376],[73.7563031,34.7873548],[73.7513381,34.7835786],[73.7469886,34.7794592],[73.7371019,34.7725352],[73.7355148,34.7716589],[73.7313884,34.7728942],[73.7299422,34.772222],[73.7258485,34.7680906],[73.7223565,34.7634064],[73.7208482,34.755899],[73.7192181,34.7523945],[73.7163831,34.7479966],[73.7118485,34.7429375],[73.7098468,34.7356622],[73.7076639,34.7275532],[73.7046283,34.7220067],[73.7015294,34.7194085],[73.6977683,34.7164187],[73.6879806,34.7108542],[73.6845811,34.7075324],[73.6813495,34.6969444],[73.6789668,34.6935777],[73.6753617,34.6910012],[73.6704679,34.6901644],[73.6683142,34.6883655],[73.6673697,34.6855666],[73.6664524,34.6831872],[73.6638369,34.6801461],[73.6590537,34.6730972],[73.6588514,34.66995],[73.6602572,34.6661062],[73.6602592,34.666101],[73.6635118,34.6632228],[73.6672465,34.6619015],[73.6877157,34.6555294],[73.6929188,34.6533008],[73.6949978,34.6500567],[73.6950003,34.6500527],[73.6946765,34.6470161],[73.690475,34.6410997],[73.6844904,34.6351566],[73.6778703,34.6272423],[73.6677306,34.6180097],[73.662717,34.6112865],[73.6574638,34.604784],[73.6537552,34.6005281],[73.6541267,34.5964104],[73.6541269,34.5964086],[73.6577819,34.5899366],[73.6577824,34.5899356],[73.6598558,34.5845841],[73.6597994,34.5797469],[73.6585825,34.5766441],[73.6551623,34.5729015],[73.6537122,34.5701245],[73.6512254,34.5630794],[73.6502636,34.5619643],[73.6459979,34.5608888],[73.6373272,34.5605323],[73.6330092,34.562615],[73.6289926,34.5694188],[73.6251889,34.5755819],[73.621651,34.5779458],[73.6156295,34.5812595],[73.6111498,34.5848214],[73.6084992,34.5851472],[73.6018693,34.5849097],[73.5946118,34.5848043],[73.584964,34.5851178],[73.5769792,34.5835701],[73.5722789,34.5836683],[73.5644658,34.5868466],[73.5561315,34.5898365],[73.5549699,34.589571],[73.5498052,34.584323],[73.5447483,34.5787546],[73.5387102,34.5737542],[73.5321769,34.5709841],[73.5271775,34.5703571],[73.5171636,34.5708917],[73.5086171,34.57252],[73.4995759,34.5743792],[73.49324,34.5747548],[73.4871736,34.5733302],[73.4761438,34.569802],[73.4702113,34.5684761],[73.4665493,34.570946],[73.4639376,34.5718985],[73.4538387,34.5710641],[73.4504629,34.5699446],[73.4482517,34.5670926],[73.4463045,34.5623358],[73.4454758,34.5592148],[73.4434734,34.5556174],[73.4452275,34.5490208],[73.4465389,34.5434948],[73.4462991,34.5396125],[73.4436732,34.5341479],[73.4408691,34.527849],[73.4367706,34.5252869],[73.4312713,34.5226786],[73.4308069,34.5213306],[73.4311847,34.5192106],[73.43563,34.5109238],[73.4356308,34.5109222],[73.4372669,34.5065397],[73.4366447,34.5005693],[73.4363213,34.4953227],[73.4355143,34.4884133],[73.4351678,34.4848509],[73.4335153,34.4807125],[73.4306217,34.4770472],[73.4269874,34.4737288],[73.424556,34.4693074],[73.4219423,34.466051],[73.4218004,34.4637424],[73.4223759,34.4627713],[73.424507,34.4602627],[73.4245079,34.4602616],[73.425783,34.4562099],[73.4263173,34.4525051],[73.4263037,34.446088],[73.426011,34.4392617],[73.4267614,34.4308133],[73.4277375,34.4260376],[73.4262841,34.4230479],[73.4232338,34.4188629],[73.4221347,34.4154373],[73.4194432,34.4088173],[73.4179946,34.4038282],[73.4161749,34.4010642],[73.4140099,34.3947375],[73.4139114,34.3910592],[73.4121093,34.3865058],[73.4107213,34.3845652],[73.4104578,34.3802625],[73.4091515,34.377582],[73.4029734,34.3761585],[73.399125,34.3754786],[73.3972953,34.3746085],[73.39606,34.3730822],[73.3960968,34.3716077],[73.4008385,34.3661478],[73.4030098,34.3622726],[73.403012,34.3622687],[73.4035833,34.3570891],[73.4043013,34.3543267],[73.4043022,34.3543233],[73.4059261,34.351835],[73.4078607,34.3502806],[73.4100117,34.35019],[73.413827,34.3503449],[73.4166235,34.3504374],[73.4177237,34.3497597],[73.4193857,34.3479009],[73.4213393,34.3466611],[73.4239963,34.3465489],[73.428843,34.3469755],[73.429943,34.3462977],[73.430723,34.3445866],[73.4307255,34.3445811],[73.4286665,34.3420377],[73.4246712,34.3389448],[73.4250742,34.3372443],[73.4285601,34.3320466],[73.4331092,34.3276455],[73.4382181,34.3261666],[73.4418025,34.3246469],[73.4445179,34.3213752],[73.4460882,34.3180468],[73.447195,34.3133702],[73.4466223,34.3061342],[73.4455509,34.3031319],[73.4455496,34.3031283],[73.4477548,34.3018773],[73.4522361,34.3005296],[73.4540035,34.2983501],[73.4560919,34.29521],[73.4590393,34.2916123],[73.4604076,34.289134],[73.4606508,34.2869139],[73.4589521,34.28404],[73.4555841,34.280816],[73.4553864,34.279667],[73.4554157,34.2780901],[73.4554157,34.2780874],[73.4567093,34.2764541],[73.4598634,34.2762147],[73.4658994,34.2795353],[73.4719942,34.2838002],[73.4736803,34.2864642],[73.4740891,34.2889721],[73.475503,34.2913319],[73.4785441,34.2913074],[73.4792638,34.2906453],[73.4808341,34.2894222],[73.4811661,34.2865656],[73.4814218,34.2845554],[73.4820791,34.2808445],[73.4843841,34.2771719],[73.4843864,34.2771683],[73.484483,34.2746387],[73.4806152,34.271542],[73.4759438,34.2677429],[73.4743584,34.2646538],[73.4730419,34.2597643],[73.4729345,34.2559808],[73.4728337,34.2523022],[73.4737439,34.2485804],[73.4773693,34.2436905],[73.4799054,34.2375842],[73.4820215,34.2308692],[73.482023,34.2308644],[73.4871375,34.2254895],[73.4959878,34.2150085],[73.4985366,34.2112195],[73.4985389,34.2112161],[73.498609,34.2082666],[73.4961657,34.2056354],[73.4933567,34.2032302],[73.4927472,34.2015726],[73.4937888,34.1979501],[73.4943838,34.1952939],[73.4938642,34.1910016],[73.4917092,34.1868847],[73.4911064,34.185332],[73.4912353,34.1833271],[73.4925424,34.1799037],[73.4935708,34.1760712],[73.4922455,34.1730763],[73.4908396,34.1708214],[73.4910947,34.1688111],[73.4916831,34.1660498],[73.4923716,34.1628633],[73.4924484,34.1600187],[73.4910778,34.156289],[73.4913004,34.1537538],[73.4931667,34.1491488],[73.4935544,34.1472379],[73.4929063,34.1449505],[73.4910245,34.1411375],[73.4909334,34.1396686],[73.4909334,34.1396681],[73.4917129,34.137951],[73.4933954,34.1365108],[73.4963881,34.1337515],[73.4971935,34.1324541],[73.4970958,34.1308798],[73.4953794,34.1276911],[73.4944334,34.1246798],[73.4949342,34.1225536],[73.4963905,34.1195486],[73.4972806,34.1155084],[73.4972808,34.1155073],[73.497725,34.1145453],[73.497727,34.114541],[73.4983473,34.1123044],[73.4975886,34.1082327],[73.4976326,34.1048632],[73.4986054,34.1021905],[73.5006731,34.0988416],[73.5006745,34.0988393],[73.5012947,34.0966026],[73.501258,34.0939732],[73.500584,34.091266],[73.4992271,34.0877461],[73.4996495,34.0843603],[73.5001849,34.0807592],[73.5000416,34.0784501],[73.4996746,34.074572],[73.5001009,34.0732908],[73.5035893,34.0704046],[73.5059619,34.067882],[73.5077973,34.0648563],[73.5085041,34.0619844],[73.5090063,34.0578592],[73.5105697,34.0545286],[73.5113915,34.0494416],[73.5115762,34.0442767],[73.5118065,34.0398466],[73.5113804,34.0350238],[73.5113565,34.0326042],[73.5121194,34.0306822],[73.5121216,34.0306769],[73.5154839,34.025796],[73.5178896,34.0217982],[73.5181371,34.0196827],[73.5182149,34.014838],[73.5175561,34.0103409],[73.5165865,34.00491],[73.5163385,34.0009213],[73.5164536,33.9988263],[73.5189367,33.9963215],[73.5233213,33.9935346],[73.5260681,33.9914178],[73.5277834,33.9881467],[73.5287188,33.9839102],[73.528758,33.983743],[73.5290969,33.9822996],[73.5290979,33.9822953],[73.5315799,33.9797905],[73.5315802,33.9797901],[73.5321984,33.9781649],[73.5324656,33.9747564],[73.5325433,33.9721563],[73.5325434,33.9721555],[73.5338169,33.9695027],[73.5353793,33.9676368],[73.536426,33.9651936],[73.5366433,33.9609881],[73.5367706,33.9591842],[73.5377923,33.9563425],[73.5404257,33.9524318],[73.5425558,33.9481433],[73.5454014,33.9438258],[73.5463619,33.9399853],[73.5476097,33.9369339],[73.5500529,33.9338305],[73.5544957,33.9320389],[73.557718,33.9299005],[73.5598716,33.9260102],[73.5613453,33.9227489],[73.5631204,33.9204735],[73.5660781,33.9179468],[73.5711619,33.9149277],[73.5752642,33.9115515],[73.5798067,33.9075565],[73.5844364,33.9049563],[73.5873554,33.9018312],[73.5909158,33.897479],[73.5928408,33.8937978],[73.5935457,33.8897703],[73.5935212,33.8855749],[73.5935343,33.8819773],[73.5933336,33.8787888],[73.5910578,33.8768901],[73.5877889,33.8744353],[73.5868466,33.8708795],[73.5871239,33.8676701],[73.5875649,33.8632544],[73.5871632,33.8606742],[73.5832419,33.8554501],[73.580578,33.8511702],[73.5779518,33.8474881],[73.5769726,33.8433344],[73.5760061,33.8393799],[73.5758436,33.8367891],[73.5765863,33.8333594],[73.5763988,33.8303701],[73.5756588,33.8262058],[73.574705,33.8224506],[73.5725699,33.8189467],[73.5697062,33.8152748],[73.5688027,33.8123166],[73.5683144,33.8083412],[73.5678386,33.804565],[73.5668354,33.8000125],[73.5640866,33.794337],[73.561853,33.7892386],[73.5601218,33.7845178],[73.5599225,33.7813291],[73.5611925,33.7786758],[73.5638321,33.7749635],[73.5696362,33.7721123],[73.5718589,33.769419],[73.5718604,33.7694172],[73.5726019,33.7659913],[73.5726027,33.7659874],[73.5748267,33.7632923],[73.5783185,33.7617407],[73.5839577,33.760095],[73.5862187,33.7579975],[73.5889317,33.7554805],[73.5917197,33.7541592],[73.594646,33.751233],[73.5967787,33.747147],[73.5967811,33.7471423],[73.596543,33.7433557],[73.5977487,33.7397055],[73.5987025,33.7358695],[73.601089,33.7319645],[73.6030225,33.7284821],[73.6035624,33.7256604],[73.6034702,33.724196],[73.6033993,33.7230695],[73.603186,33.7196814],[73.603136,33.715087],[73.6009146,33.7101883],[73.6000362,33.7076288],[73.5998732,33.7050379],[73.59902,33.702877],[73.5971503,33.6997615],[73.5920059,33.6939917],[73.5884176,33.690152],[73.5851931,33.6882949],[73.5812036,33.6856717],[73.5786821,33.6835837],[73.5775412,33.6806359],[73.5747442,33.6779603],[73.5719099,33.6746868],[73.5688125,33.671025],[73.5674587,33.6684861],[73.5672469,33.6650978],[73.5678889,33.6600734],[73.5699585,33.6549919],[73.5699608,33.6549864],[73.5721197,33.6512946],[73.573576,33.6478333],[73.5755461,33.6449491],[73.5772904,33.6422746],[73.5777432,33.6380578],[73.5760142,33.6333369],[73.5719152,33.6289196],[73.5690203,33.6246493],[73.5672795,33.619729],[73.567155,33.6177358],[73.5699515,33.6166142],[73.5754183,33.6161751],[73.5811856,33.6167219],[73.5854862,33.6167331],[73.5882699,33.6154118],[73.5922953,33.611038],[73.5953793,33.6069061],[73.59538,33.6069052],[73.5967955,33.6028501],[73.5967971,33.6028456],[73.5985399,33.6001708],[73.6008966,33.5996674],[73.6029649,33.6021746],[73.6066756,33.6042097],[73.6091453,33.6055],[73.6119032,33.6037795],[73.611715,33.6007899],[73.6093833,33.5978947],[73.6072773,33.5947896],[73.6059361,33.5924503],[73.6053595,33.5908768],[73.6049835,33.5886948],[73.6060489,33.5866492],[73.6107867,33.5860407],[73.6165896,33.5833864],[73.6219158,33.5807528],[73.6254115,33.5756016],[73.628704,33.571062],[73.6287063,33.5710588],[73.6287557,33.5680586],[73.6278528,33.5651005],[73.6257469,33.5619957],[73.62527,33.5582192],[73.6268727,33.5533514],[73.6273605,33.5497322],[73.6252425,33.546428],[73.6240892,33.5432811],[73.6244141,33.5408712],[73.6244145,33.5408682],[73.6266061,33.5377732],[73.6307393,33.5351919],[73.6375533,33.5334909],[73.6410212,33.5317387],[73.6410224,33.5317381],[73.6417727,33.5285069],[73.6411077,33.5255382],[73.6384522,33.5250564],[73.6324776,33.5249213],[73.630298,33.5244182],[73.6277926,33.5225304],[73.6257003,33.5196248],[73.6227442,33.5181565],[73.6204519,33.5158594],[73.6184856,33.5149469],[73.6146407,33.5145171],[73.6114471,33.5130591],[73.6113092,33.5108665],[73.6121333,33.5088369],[73.6121356,33.5088313],[73.6154538,33.5046873],[73.6181081,33.5013721],[73.6194101,33.4993158],[73.6199858,33.4970917],[73.6186833,33.4953504],[73.6163294,33.4958542],[73.6138378,33.497963],[73.6112961,33.4992744],[73.6087166,33.4999878],[73.6053984,33.500334],[73.6029441,33.499243],[73.6020677,33.4966832],[73.6036079,33.4946166],[73.6050831,33.4915583],[73.6050855,33.4915534],[73.6049728,33.4897594],[73.6043343,33.4871892],[73.6042467,33.485794],[73.6060746,33.4845141],[73.6084283,33.4840105],[73.610942,33.4823023],[73.6109446,33.4823005],[73.6107066,33.4785133],[73.6102433,33.474936],[73.6098551,33.4725546],[73.6104684,33.4709285],[73.6126591,33.4716313],[73.6131099,33.4750093],[73.6143744,33.4761528],[73.6163399,33.4770653],[73.6186682,33.4761629],[73.6201324,33.4729001],[73.6193305,33.4677388],[73.6191548,33.4649482],[73.6199537,33.4625199],[73.6199556,33.4625143],[73.6232598,33.4619684],[73.6282412,33.461548],[73.6305313,33.4600474],[73.6320682,33.4579831],[73.6320702,33.4579804],[73.6323698,33.4551688],[73.6319686,33.4525881],[73.6324808,33.4493673],[73.6318921,33.4475945],[73.6308907,33.4468393],[73.6290011,33.4471229],[73.6264359,33.4480361],[73.6228693,33.4481939],[73.6197782,33.4483307],[73.6159237,33.4477015],[73.6142966,33.4445754],[73.6131325,33.4412288],[73.6113054,33.4387111],[73.6093659,33.4381971],[73.6072136,33.4380922],[73.6039977,33.440033],[73.5996931,33.439823],[73.5960644,33.4389835],[73.5952387,33.437221],[73.5955644,33.4348081],[73.5960902,33.4317867],[73.5959404,33.4293948],[73.5935007,33.4285028],[73.589397,33.427684],[73.5861446,33.4252286],[73.5867081,33.4228053],[73.5890478,33.4221028],[73.5941145,33.423079],[73.5984058,33.4230899],[73.6017337,33.4229432],[73.602597,33.4215059],[73.6031601,33.4190825],[73.6015839,33.4167534],[73.5991196,33.4154629],[73.5960046,33.4152004],[73.5935778,33.4145078],[73.5908759,33.4132276],[73.5890874,33.4113075],[73.5889223,33.4086677],[73.5888879,33.4081182],[73.5885006,33.4057366],[73.5850861,33.4044877],[73.5819093,33.4032282],[73.5812597,33.4004584],[73.5812732,33.3968599],[73.5810898,33.3955491],[73.5783368,33.3945858],[73.575923,33.3938787],[73.5733175,33.3918246],[73.5724307,33.389695],[73.5710919,33.3872239],[73.5705899,33.3843546],[73.5712863,33.3817038],[73.5711402,33.3793611],[73.5699539,33.3776061],[73.5681127,33.3739823],[73.5663671,33.3718904],[73.5651305,33.3693244],[73.5651545,33.3662513],[73.5670209,33.3633685],[73.5689889,33.3603909],[73.5703687,33.3583426],[73.5718782,33.35665],[73.5742236,33.3562759],[73.5768624,33.3571539],[73.5796199,33.3582074],[73.5814677,33.3584876],[73.5829147,33.3575204],[73.5837661,33.3556811],[73.5837685,33.3556757],[73.5831304,33.3540774],[73.5804016,33.3517578],[73.5755937,33.3488971],[73.5730857,33.346658],[73.5717812,33.3447275],[73.5704879,33.3429772],[73.5704774,33.3410802],[73.5711053,33.3390648],[73.5738628,33.3384016],[73.5753152,33.3375246],[73.5772014,33.3350043],[73.5772031,33.3350021],[73.5779388,33.3312652],[73.578419,33.3286283],[73.5784198,33.3286238],[73.5802676,33.3271872],[73.5830692,33.3289614],[73.5854186,33.3321109],[73.587463,33.3355447],[73.5899486,33.3374231],[73.592101,33.3391354],[73.5935585,33.340065],[73.5955022,33.3401601],[73.5965362,33.339482],[73.5980264,33.3375209],[73.598028,33.3375187],[73.5985198,33.3350574],[73.5991302,33.3327716],[73.599571,33.3312161],[73.5993564,33.3295088],[73.5976335,33.3277777],[73.594148,33.3271182],[73.5913572,33.3272412],[73.5901539,33.3269328],[73.5890186,33.3259889],[73.5892955,33.3235407],[73.5892959,33.3235371],[73.5919232,33.320801],[73.5942001,33.3176285],[73.5948332,33.3139863],[73.5953647,33.310439],[73.5952524,33.3052032],[73.5956424,33.3028368],[73.5971505,33.3011438],[73.5989127,33.3000721],[73.6010871,33.2987111],[73.6041819,33.2983034],[73.608282,33.2967668],[73.6113992,33.2950025],[73.613195,33.2944713],[73.6141719,33.2928919],[73.6137708,33.2916447],[73.6103091,33.2896292],[73.6070734,33.2877844],[73.6055262,33.2854132],[73.6053173,33.2820792],[73.6061304,33.2778867],[73.6065143,33.2737135],[73.6065144,33.2737133],[73.6081064,33.2699382],[73.6103194,33.2657741],[73.6122048,33.263251],[73.6142651,33.2600876],[73.6152053,33.2579728],[73.6152076,33.2579676],[73.6153484,33.2550699],[73.6138354,33.2515225],[73.6129547,33.2494832],[73.6131963,33.2482124],[73.6131973,33.2482074],[73.6149695,33.2473157],[73.6174134,33.246846],[73.6194114,33.2461249],[73.6201936,33.2449188],[73.6201957,33.2449155],[73.620438,33.2419229],[73.6207818,33.2388354],[73.6217859,33.2359897],[73.623727,33.2343674],[73.6273556,33.2339353],[73.6310069,33.2338635],[73.6339921,33.2334598],[73.6363113,33.2327242],[73.6375615,33.2304129],[73.6375633,33.2304095],[73.6383127,33.2269424],[73.6378044,33.2256999],[73.6356034,33.2248942],[73.6323416,33.2243163],[73.6317319,33.2231687],[73.6329726,33.2206738],[73.6345153,33.2178987],[73.6345178,33.2178943],[73.6337936,33.2115108],[73.6335499,33.2076379],[73.6335498,33.2076361],[73.6353092,33.204847],[73.6380734,33.2043626],[73.6395122,33.2050214],[73.6409461,33.207307],[73.6407557,33.2111107],[73.6412142,33.2149759],[73.642666,33.2192486],[73.6453078,33.2219322],[73.6476217,33.2228231],[73.6495287,33.2223767],[73.6513049,33.2198577],[73.6520927,33.217024],[73.6520935,33.2170213],[73.653824,33.2137814],[73.6556283,33.2117129],[73.6583916,33.2095112],[73.6605127,33.209055],[73.6621206,33.2089832],[73.6641847,33.2076259],[73.6658028,33.2060173],[73.666772,33.2043475],[73.6680089,33.2018573],[73.6673478,33.1998995],[73.6648804,33.196576],[73.6636604,33.1942811],[73.6626378,33.1917062],[73.6631099,33.1889742],[73.6640334,33.1865835],[73.6640358,33.1865778],[73.6659165,33.1840557],[73.665918,33.1840538],[73.6664242,33.1818624],[73.6649445,33.1788562],[73.6628277,33.1759688],[73.6619068,33.173299],[73.6618534,33.1690543],[73.6630925,33.166559],[73.6644136,33.1637036],[73.6644159,33.1636986],[73.664482,33.1613461],[73.6627611,33.1596158],[73.6602401,33.1588248],[73.6570204,33.1588783],[73.6518496,33.1586574],[73.649892,33.156576],[73.6491916,33.1539866],[73.6493019,33.1489213],[73.6499479,33.143832],[73.6495965,33.139962],[73.6486877,33.1374724],[73.6467086,33.1367474],[73.6440253,33.1367766],[73.6410383,33.1388074],[73.6389024,33.1407098],[73.6362982,33.1420005],[73.6336091,33.1419395],[73.6312011,33.1395164],[73.6312737,33.1372572],[73.6312738,33.137254],[73.633883,33.1343367],[73.6361146,33.1322493],[73.6381263,33.1300814],[73.6392899,33.128136],[73.6392924,33.1281318],[73.6389308,33.1257984],[73.6359764,33.123219],[73.6328641,33.1198333],[73.6313247,33.1175523],[73.6315493,33.1142892],[73.6319427,33.1102956],[73.6330181,33.1069042],[73.6327407,33.1024887],[73.6324411,33.0994296],[73.6318596,33.0952987],[73.6330362,33.0918124],[73.6351314,33.0892792],[73.6377385,33.0846448],[73.6398958,33.0831028],[73.6419409,33.0831924],[73.6443023,33.0848944],[73.6469168,33.0855007],[73.6494387,33.086342],[73.6526638,33.0860373],[73.6556784,33.0854207],[73.656389,33.0845856],[73.6568671,33.083124],[73.656869,33.0831183],[73.6605049,33.083277],[73.6635597,33.083301],[73.6667948,33.0831561],[73.6703699,33.0823534],[73.6728437,33.0822425],[73.6754493,33.0842141],[73.6786158,33.0859999],[73.6815719,33.0874738],[73.6853881,33.087463],[73.6887729,33.0866683],[73.6913355,33.0849465],[73.6938297,33.0851556],[73.6963137,33.0852045],[73.6997289,33.08489],[73.7023217,33.0836486],[73.7047267,33.0824687],[73.7077509,33.0807142],[73.7096926,33.0794344],[73.7122989,33.0790612],[73.7157229,33.0788215],[73.7170809,33.0779085],[73.7186873,33.0761327],[73.7208575,33.0752681],[73.7234203,33.0742154],[73.7260351,33.0723939],[73.729064,33.0707238],[73.7328314,33.0695312],[73.7371068,33.0673219],[73.7406102,33.0672765],[73.7428309,33.0661538],[73.7466327,33.0623475],[73.7492895,33.0596151],[73.7498602,33.0579994],[73.7498968,33.0543641],[73.748989,33.0486142],[73.7487366,33.0458278],[73.748528,33.0435254],[73.7481252,33.0393423],[73.747639,33.0359594],[73.7476388,33.0359578],[73.7491067,33.03362],[73.7518714,33.0325859],[73.7540475,33.0307836],[73.7560056,33.0297861],[73.7579128,33.0279959],[73.7581017,33.0267383],[73.7580075,33.025271],[73.7580073,33.0252664],[73.7601068,33.0243759],[73.7627345,33.0233485],[73.7627367,33.0233476],[73.7627692,33.0217601],[73.7627693,33.0217564],[73.7644292,33.0203181],[73.7667974,33.0194152],[73.7700156,33.0191548],[73.7730338,33.0178815],[73.7745591,33.0164492],[73.7771303,33.0145149],[73.7807764,33.0125314],[73.7816074,33.0110277],[73.7817421,33.0107839],[73.7834088,33.0094585],[73.7843452,33.0072581],[73.7874606,33.0054122],[73.790522,33.0048178],[73.7933365,33.0045753],[73.7945109,33.0035912],[73.7945766,33.0024976],[73.7946374,33.0016154],[73.7948329,33.0006818],[73.7948337,33.0006778],[73.7954662,32.9999626],[73.7954719,32.9982336],[73.7957607,32.996046],[73.795761,32.9960435],[73.7966393,32.9946427],[73.7979216,32.992863],[73.7979234,32.9928604],[73.7982242,32.9908511],[73.7983161,32.9889422],[73.7978657,32.9869673],[73.795997,32.9846948],[73.793383,32.982547],[73.7913897,32.980008],[73.7899447,32.9776252],[73.789491,32.9739272],[73.7897475,32.9695617],[73.7904308,32.9668093],[73.7933764,32.9657672],[73.7975838,32.9659371],[73.8016058,32.9665688],[73.8060336,32.9668189],[73.8093106,32.9675754],[73.8119186,32.9696324],[73.8147354,32.971589],[73.8171719,32.972656],[73.8205448,32.9732263],[73.823553,32.9748111],[73.8259704,32.9772394],[73.8271239,32.9800888],[73.8275012,32.9842438],[73.8277419,32.9879516],[73.8273035,32.9911465],[73.8264166,32.9957226],[73.8254122,32.99849],[73.8254441,33.0022981],[73.8256629,33.0040114],[73.8281749,33.0036133],[73.8293186,33.003432],[73.8354973,33.0024455],[73.8399579,33.0022395],[73.8405643,33.0021928],[73.8456518,33.001801],[73.8518929,33.0017753],[73.856774,33.0016369],[73.86211,33.0020909],[73.8656017,33.002981],[73.8694399,33.0028029],[73.8717686,33.001818],[73.8743683,33.0002068],[73.8777806,32.9982947],[73.8805355,32.9974652],[73.8842753,32.9973788],[73.8879229,32.997472],[73.8902795,32.998502],[73.8936213,33.000275],[73.8963006,33.0014652],[73.8987438,33.0022279],[73.9031063,33.002112],[73.908264,33.0014326],[73.9105519,32.9998352],[73.9126785,32.9973685],[73.9162801,32.9936053],[73.919916,32.9919446],[73.9232637,32.990648],[73.92403,32.9896476],[73.9249863,32.9883753],[73.9266227,32.9879479],[73.9289043,32.9878409],[73.932298,32.9872433],[73.9356222,32.9855967],[73.9385604,32.9844066],[73.9400582,32.9834594],[73.9414464,32.9824297],[73.9433421,32.982779],[73.9457794,32.9834534],[73.9492712,32.9843412],[73.9538633,32.9845633],[73.9579782,32.9869997],[73.9625647,32.9871342],[73.9646447,32.9871237],[73.9664243,32.9857245],[73.9677891,32.9843449],[73.9683639,32.9820382],[73.9689836,32.9788563],[73.9689844,32.9788524],[73.9702375,32.9773926],[73.9702394,32.9773903],[73.9703655,32.9761569],[73.9694304,32.9730446],[73.9694925,32.9708497],[73.9700946,32.9689852],[73.9700963,32.96898],[73.9723706,32.9672066],[73.9762012,32.9669378],[73.9792885,32.966441],[73.9827381,32.9651379],[73.9870915,32.9633535],[73.9895099,32.9621867],[73.9922639,32.9629329],[73.9950866,32.9631497],[73.9983402,32.9620308],[74.0023924,32.9588573],[74.0061843,32.9549068],[74.0067989,32.9532117],[74.0062147,32.9506967],[74.0033075,32.9461001],[74.0007817,32.9425376],[73.9987057,32.9394797],[73.9981452,32.9373143],[73.9987949,32.9361436],[73.999681,32.9354001],[74.003027,32.9356795],[74.0050999,32.9355809],[74.008145,32.9344716],[74.0125316,32.9332107],[74.0152715,32.9322035],[74.0195367,32.930685],[74.0244646,32.9297486],[74.0294628,32.9298608],[74.0353937,32.9299283],[74.0391718,32.9304492],[74.0421736,32.9317962],[74.0459188,32.9333706],[74.0499573,32.9346679],[74.0537238,32.9350135],[74.0581628,32.9345376],[74.059542,32.9334201],[74.0595431,32.9334192],[74.0599552,32.9318211],[74.0597075,32.9281503],[74.0596284,32.9254359],[74.0591971,32.9221246],[74.059682,32.9200899],[74.0596833,32.9200846],[74.0620195,32.919271],[74.0635241,32.9169189],[74.0629209,32.914142],[74.0634289,32.9124571],[74.0634305,32.9124516],[74.0659797,32.9117153],[74.0678953,32.9108341],[74.0689524,32.9095557],[74.0720195,32.9087945],[74.0735441,32.9082827],[74.0756223,32.9082705],[74.0779491,32.90886],[74.081093,32.9092347],[74.0833784,32.9092123],[74.0867621,32.9085231],[74.0904684,32.9079937],[74.0955364,32.9060831],[74.0993283,32.9052861],[74.1061334,32.9029404],[74.1103719,32.9010693],[74.1111922,32.9007056],[74.1148115,32.8991007],[74.1167883,32.8976019],[74.1217252,32.8968365],[74.1270027,32.8964928],[74.1314633,32.8963639],[74.1370634,32.8961795],[74.1442553,32.8949528],[74.1516243,32.8932786],[74.1563116,32.8919102],[74.1606521,32.8900323],[74.1632495,32.8885025],[74.1656336,32.8868954],[74.1677232,32.8870564],[74.1687095,32.8877974],[74.1698129,32.8872173],[74.171197,32.8861851],[74.1727688,32.8863713],[74.1734863,32.8877392],[74.1744051,32.8890096],[74.1759468,32.8887588],[74.1775487,32.889382],[74.1788037,32.8894959],[74.1800842,32.8884687],[74.182327,32.8878327],[74.1844301,32.8866774],[74.186515,32.8852599],[74.1890443,32.884259],[74.1907209,32.8829491],[74.1918294,32.8809689],[74.1918313,32.8809654],[74.1921252,32.8791972],[74.1921457,32.8764778],[74.1924566,32.8749767],[74.1924576,32.8749717],[74.1942555,32.8739189],[74.1954803,32.8735957],[74.1965641,32.874244],[74.1975746,32.8753344],[74.1999627,32.8753048],[74.2027107,32.8744682],[74.2050807,32.8741764],[74.2085959,32.8739158],[74.2112645,32.8734337],[74.2125996,32.8717019],[74.2126497,32.8694194],[74.2127118,32.8673117],[74.2129388,32.8645821],[74.2141581,32.8626805],[74.2179835,32.8624044],[74.2198449,32.8623127],[74.2198474,32.8623125],[74.2196849,32.8584621],[74.2197106,32.85583],[74.2187311,32.853686],[74.218007,32.8522309],[74.2181968,32.8504677],[74.219641,32.848818],[74.2216142,32.8488084],[74.2254693,32.848969],[74.2301284,32.8487391],[74.2344466,32.8480873],[74.2385273,32.8470087],[74.2409514,32.8460118],[74.2440855,32.8462949],[74.2441062,32.8450719],[74.2477116,32.8446249],[74.2534667,32.843726],[74.2571512,32.8429294],[74.2595019,32.8423743],[74.2634298,32.8420917],[74.2650984,32.8406934],[74.2662965,32.8385318],[74.266298,32.8385291],[74.2668765,32.8363957],[74.2671746,32.8332258],[74.2671748,32.8332238],[74.2677288,32.8322317],[74.2702315,32.8323704],[74.2715162,32.8314296],[74.2744268,32.8314602],[74.2767224,32.8316091],[74.2766556,32.8336294],[74.2782389,32.8339891],[74.2805162,32.8338758],[74.2808754,32.8330686],[74.2847845,32.8325232],[74.2910014,32.832301],[74.2939959,32.8320639],[74.2939972,32.8320638],[74.2943,32.8304757],[74.2943011,32.8304701],[74.2975951,32.8300426],[74.3033977,32.8298405],[74.3044199,32.8281232],[74.3063253,32.827151],[74.3089245,32.8257055],[74.3113833,32.8237408],[74.3128315,32.8221775],[74.3114109,32.8182145],[74.3091433,32.8125398],[74.3084297,32.8097692],[74.3082767,32.8075881],[74.3082764,32.8075844],[74.3099498,32.8062729],[74.3129079,32.805511],[74.3151415,32.8047853],[74.3148593,32.8007653],[74.3144801,32.7968417],[74.317248,32.7948575],[74.318337,32.7941013],[74.3212639,32.7929022],[74.3256269,32.7914556],[74.3272261,32.7905865],[74.327227,32.790586],[74.3278026,32.7884565],[74.3304608,32.7848986],[74.332035,32.7821886],[74.3336707,32.7803524],[74.3356904,32.7795493],[74.339773,32.7785548],[74.3422311,32.7780804],[74.3443776,32.7761306],[74.3474008,32.7748383],[74.3513316,32.7746404],[74.3527104,32.7736073],[74.352712,32.7736061],[74.3531346,32.7707819],[74.3544711,32.7691337],[74.3550481,32.7669984],[74.358023,32.7664976],[74.3614487,32.7665002],[74.3629446,32.7656354],[74.3648974,32.7653614],[74.3678554,32.766089],[74.370557,32.7661279],[74.3745042,32.7647005],[74.3762272,32.7655781],[74.3779546,32.7650522],[74.3799736,32.7642484],[74.382189,32.7647501],[74.3834902,32.7640703],[74.3849921,32.7632926],[74.386198,32.7641963],[74.3875364,32.7640408],[74.3888313,32.7632735],[74.3910033,32.7631634],[74.3920335,32.7645144],[74.3923169,32.7670434],[74.3935438,32.7697],[74.3942348,32.7721207],[74.3969407,32.7707555],[74.3992926,32.7687944],[74.4011708,32.7674712],[74.4029292,32.7673819],[74.404063,32.7687275],[74.4056915,32.7711882],[74.4070533,32.7742763],[74.4073746,32.7773296],[74.4075963,32.7789847],[74.4100191,32.7794755],[74.4122624,32.7818171],[74.4143463,32.7833775],[74.4152611,32.7845588],[74.4175308,32.7843556],[74.4210232,32.7838269],[74.4246315,32.7834677],[74.4261047,32.7837434],[74.4261074,32.7852343],[74.4291859,32.7847265],[74.4334086,32.784248],[74.4389887,32.7838754],[74.4444652,32.7835079],[74.448672,32.7842575],[74.4537504,32.7855764],[74.4569542,32.7868156],[74.4589786,32.7875799],[74.4594089,32.7877424],[74.4605295,32.7860209],[74.4605311,32.7860184],[74.4611513,32.7830937],[74.4611516,32.7830923],[74.4627688,32.7795889],[74.4639189,32.776811],[74.4645802,32.7759],[74.4674702,32.7756641],[74.4721752,32.7761243],[74.4747611,32.7759915],[74.4759646,32.7754034],[74.4788915,32.7727972],[74.482232,32.7701697],[74.4842781,32.7683103],[74.485315,32.7668536],[74.486074,32.764452],[74.4860758,32.7644463],[74.4885579,32.7643186],[74.4941743,32.7644679],[74.4966817,32.7646895],[74.4979077,32.7658542],[74.5005715,32.765366],[74.5021164,32.7651986],[74.5025516,32.764036],[74.5046327,32.764104],[74.5050906,32.7646943],[74.5049532,32.7656662],[74.505314,32.7663493],[74.5066459,32.7661051],[74.5078049,32.764905],[74.5101899,32.7648696],[74.5116189,32.7645326],[74.5101985,32.7635535],[74.5104329,32.7624889],[74.5116256,32.7603223],[74.5124868,32.7593129],[74.5140836,32.7584415],[74.5144087,32.7571997],[74.5152454,32.7558374],[74.5141042,32.754406],[74.5148335,32.7530567],[74.5148362,32.7530519],[74.5140702,32.7510741],[74.5128885,32.7505212],[74.511504,32.7514699],[74.5100184,32.7510204],[74.5095501,32.7488518],[74.5094303,32.7471953],[74.50943,32.7471915],[74.5115911,32.7455011],[74.5146741,32.7450786],[74.5165416,32.7450698],[74.518489,32.7457295],[74.5185632,32.7457546],[74.5196858,32.7469245],[74.5229103,32.7470207],[74.5270463,32.7468066],[74.5291671,32.745995],[74.5301123,32.7447181],[74.531851,32.7443649],[74.53386,32.7448747],[74.5346853,32.7462353],[74.5350907,32.7475299],[74.5358824,32.749857],[74.5374526,32.7500387],[74.5385202,32.7490185],[74.5391868,32.7481945],[74.541029,32.7478358],[74.5421202,32.7485685],[74.5420341,32.7502395],[74.541948,32.7519105],[74.5433431,32.7525398],[74.543372,32.7500824],[74.5440513,32.7480351],[74.5440531,32.7480296],[74.5469564,32.7465632],[74.5482226,32.7468482],[74.548318,32.7481589],[74.5483154,32.7481613],[74.5463771,32.750014],[74.546378,32.7500166],[74.5470276,32.7518221],[74.549242,32.7537244],[74.5525605,32.7565341],[74.5542517,32.7583759],[74.5570375,32.7581432],[74.5588146,32.7583139],[74.5611725,32.7593314],[74.5628909,32.7601191],[74.567667,32.7601334],[74.5703367,32.7597311],[74.5720436,32.7589404],[74.5736931,32.7573633],[74.5762323,32.7566172],[74.5762337,32.7566168],[74.5765974,32.7544927],[74.5755072,32.7523567],[74.5740255,32.7505083],[74.5740225,32.7505045],[74.575742,32.7498885],[74.5768325,32.7492189],[74.5768347,32.7492175],[74.5768423,32.7479071],[74.5768423,32.7479014],[74.5796405,32.7478431],[74.5805188,32.7484989],[74.5812403,32.7512681],[74.5823894,32.7527869],[74.5845545,32.7525861],[74.5867398,32.7512439],[74.5899133,32.7506394],[74.5916253,32.7513393],[74.5926318,32.7537426],[74.5949762,32.7559882],[74.5960487,32.7564584],[74.6001393,32.7570336],[74.6036095,32.7576413],[74.6096008,32.7572395],[74.6134718,32.7576504],[74.6136196,32.7596601],[74.6161592,32.7603162],[74.6191967,32.760683],[74.6215302,32.7599464],[74.6225455,32.7582265],[74.6239809,32.7565722],[74.6263463,32.7562724],[74.6277232,32.7552351],[74.6304834,32.7532479],[74.6327911,32.7507581],[74.6342584,32.7495406],[74.6353178,32.7512391],[74.6380384,32.7515344],[74.6381544,32.7531072],[74.6382444,32.755734],[74.638242,32.7557348],[74.636829,32.7562471],[74.63683,32.7562516],[74.6371389,32.7576342],[74.6383537,32.7586228],[74.6383509,32.7586281],[74.6374421,32.7603374],[74.6348952,32.7624013],[74.6326648,32.7645361],[74.6313523,32.7664472],[74.6303563,32.7684294],[74.6303566,32.7684301],[74.63117,32.771018],[74.631286,32.7725908],[74.632931,32.773825],[74.6321062,32.7752668],[74.6322934,32.7763973],[74.6349174,32.7781889],[74.6375803,32.7805047],[74.639668,32.7820614],[74.6429261,32.7825915],[74.6455767,32.7819255],[74.6474645,32.7807733],[74.6497012,32.7815325],[74.6515501,32.7812596],[74.6540131,32.7808664],[74.6552995,32.782816],[74.6563403,32.7842522],[74.6564217,32.7843073],[74.6575428,32.7850659],[74.6580148,32.7858304],[74.6583574,32.7876543],[74.6566184,32.7894128],[74.6535345,32.7912422],[74.6496358,32.7932899],[74.645433,32.7954413],[74.6418247,32.7986137],[74.637065,32.8030747],[74.6356614,32.805166],[74.6346264,32.8066239],[74.6346263,32.8066266],[74.6344965,32.8090867],[74.6352137,32.8117681],[74.637218,32.8135924],[74.6390542,32.8159517],[74.6405217,32.8189445],[74.6427655,32.8211946],[74.6474606,32.8242804],[74.6506684,32.8269182],[74.6528507,32.8291708],[74.6532555,32.8295886],[74.6533476,32.8296861],[74.6556228,32.8320952],[74.657725,32.8324228],[74.6590435,32.8320026],[74.6590445,32.8320023],[74.659438,32.8303191],[74.659439,32.8303149],[74.6614504,32.8280157],[74.6634811,32.8259787],[74.665596,32.8250775],[74.6678791,32.8250446],[74.6700525,32.8263331],[74.6712751,32.8274087],[74.6723294,32.8276161],[74.6725496,32.8291834],[74.6741862,32.8302371],[74.6768256,32.8322026],[74.6795168,32.8334636],[74.681529,32.8353745],[74.6835023,32.8367611],[74.6870666,32.8371862],[74.690204,32.8374584],[74.6928694,32.8383696],[74.695613,32.8403292],[74.696687,32.8407985],[74.699501,32.8409122],[74.7008147,32.8411345],[74.7026581,32.8414463],[74.7047707,32.8419471],[74.7047737,32.8419479],[74.7044617,32.8391575],[74.7046729,32.8350235],[74.7047089,32.829934],[74.7054375,32.8257725],[74.7050205,32.8201807],[74.7039517,32.816992],[74.700904,32.813733],[74.6974876,32.809704],[74.6962051,32.8050354],[74.6942766,32.8014536],[74.6914237,32.7980086],[74.6897994,32.794323],[74.6871853,32.7884968],[74.6841582,32.7840961],[74.6834718,32.7804483],[74.6818287,32.7765004],[74.678421,32.7725583],[74.6767912,32.768785],[74.6776565,32.7650551],[74.6770674,32.7613144],[74.6749076,32.7559903],[74.6726837,32.7525994],[74.6700659,32.7494924],[74.6664336,32.7452987],[74.6645723,32.7425902],[74.6632408,32.7386256],[74.6618125,32.7347539],[74.6594476,32.7308439],[74.6559183,32.7279646],[74.6559134,32.7279606],[74.658769,32.7272833],[74.6618637,32.727032],[74.6636317,32.7257119],[74.6636338,32.7257104],[74.6637112,32.7239519],[74.6616178,32.7209048],[74.6594018,32.717601],[74.6579676,32.7150452],[74.6577995,32.7127735],[74.6581225,32.7101248],[74.6578898,32.7069793],[74.6558035,32.702616],[74.6542663,32.7000656],[74.6534978,32.6966853],[74.6544989,32.6947903],[74.6562491,32.6918031],[74.6587095,32.6886029],[74.6600591,32.6872157],[74.6613568,32.6865332],[74.6613571,32.686533],[74.6619576,32.6848346],[74.6618542,32.6834376],[74.6618541,32.6834366],[74.6627581,32.6816344],[74.6651082,32.6783521],[74.6669546,32.6752719],[74.6705316,32.6745562],[74.6754192,32.6733322],[74.6779949,32.6725817],[74.6783633,32.6724743],[74.6823903,32.6722607],[74.6825524,32.6688363],[74.6825527,32.668831],[74.6881759,32.6677429],[74.6911776,32.6662676],[74.6927784,32.6654807],[74.6952641,32.6654363],[74.6960033,32.6642606],[74.696006,32.6642564],[74.6957633,32.6632876],[74.6952687,32.6613131],[74.6934661,32.6579879],[74.6917474,32.654395],[74.6888673,32.6519165],[74.6877826,32.6512723],[74.6853233,32.6516661],[74.6807209,32.6525245],[74.6780931,32.6506464],[74.6750337,32.6475587],[74.6749552,32.6474795],[74.6712626,32.6452191],[74.6705519,32.6412217],[74.6703837,32.6389499],[74.6677826,32.6388246],[74.6657106,32.6374431],[74.6637096,32.6356192],[74.6623219,32.6350786],[74.6596564,32.6354829],[74.6573587,32.6366571],[74.6550998,32.636952],[74.6550288,32.6359908],[74.6560527,32.6344488],[74.656055,32.6344453],[74.6560356,32.6327797],[74.6543963,32.6316383],[74.6531061,32.6309213],[74.6530991,32.6309174],[74.6555515,32.6304369],[74.6569986,32.6304478],[74.6570036,32.6304478],[74.6560227,32.6283944],[74.6550159,32.624588],[74.6554483,32.6220213],[74.6555515,32.6192088],[74.6558032,32.6170025],[74.654945,32.6152058],[74.6524994,32.6143702],[74.6490731,32.6142882],[74.6464146,32.6147795],[74.6433366,32.6152052],[74.6408523,32.6152486],[74.6390457,32.6146422],[74.6390331,32.613064],[74.6397949,32.6107431],[74.6403373,32.6082583],[74.639757,32.6060083],[74.6394671,32.6034797],[74.6415882,32.6027542],[74.6418418,32.6005474],[74.6439452,32.5995591],[74.6466082,32.5991554],[74.6466097,32.5991552],[74.6468155,32.5977462],[74.6468163,32.5977408],[74.6488614,32.5973695],[74.650971,32.597872],[74.6522354,32.5995596],[74.6542999,32.5994504],[74.6577128,32.597954],[74.6587708,32.5968454],[74.6582997,32.5946773],[74.6571127,32.5926349],[74.6538936,32.5911385],[74.6523777,32.5902538],[74.6501586,32.5896694],[74.6488944,32.5879818],[74.6486432,32.5845754],[74.648643,32.584574],[74.6498301,32.582406],[74.6518813,32.5821221],[74.6540486,32.5820074],[74.6546872,32.5808333],[74.6540293,32.5775347],[74.6525782,32.5733132],[74.652114,32.569829],[74.6517336,32.5660771],[74.6525399,32.5629643],[74.6556482,32.5629752],[74.6577184,32.5643569],[74.6602529,32.5650122],[74.6627293,32.564881],[74.6654252,32.5663171],[74.667502,32.567786],[74.6693402,32.5688289],[74.6719329,32.5688668],[74.6738353,32.5679764],[74.6742798,32.5655843],[74.6743306,32.5620727],[74.6743427,32.5580369],[74.6744902,32.5544325],[74.6732713,32.5533568],[74.667268,32.5534121],[74.6627413,32.5538275],[74.6617093,32.5496716],[74.6618058,32.5467728],[74.6618058,32.5467717],[74.6628824,32.5445216],[74.6653517,32.5428995],[74.6734555,32.5390484],[74.6769045,32.5380758],[74.6797924,32.5365188],[74.6824998,32.5353223],[74.6861036,32.5350429],[74.6887984,32.535075],[74.6906071,32.5329634],[74.6906092,32.532961],[74.6908592,32.5293511],[74.690729,32.5262],[74.6907344,32.5234803],[74.6881998,32.5200186],[74.6842342,32.5154048],[74.6827766,32.5124998],[74.6825697,32.5097068],[74.6825695,32.5097037],[74.6843993,32.5078519],[74.6856533,32.506647],[74.6856557,32.5066447],[74.6855452,32.5037557],[74.6848155,32.4994961],[74.6831326,32.4963399],[74.6821007,32.4935876],[74.6827254,32.4922386],[74.684497,32.4910039],[74.6861845,32.4886333],[74.6879172,32.4868744],[74.6902754,32.4865734],[74.6935809,32.486485],[74.6945995,32.4876589],[74.6959462,32.4876749],[74.6960823,32.4895098],[74.6980736,32.4898423],[74.7002581,32.489989],[74.7010973,32.4929268],[74.70332,32.4921942],[74.703674,32.4913858],[74.7057043,32.4922424],[74.7084303,32.492711],[74.710183,32.4926174],[74.7123147,32.4906613],[74.7136727,32.4880447],[74.7134071,32.4858658],[74.7122193,32.4824203],[74.7113929,32.4796573],[74.7111803,32.4781837],[74.7111794,32.4781774],[74.7133831,32.478586],[74.7141948,32.4783671],[74.7144955,32.4768652],[74.7144966,32.4768597],[74.7155209,32.4767172],[74.716275,32.4771155],[74.7167653,32.478142],[74.7189941,32.4774965],[74.7216222,32.4766541],[74.7238769,32.476358],[74.7274587,32.4758153],[74.7279557,32.4769291],[74.7282672,32.4797196],[74.7283453,32.4807682],[74.7310255,32.4806246],[74.7353485,32.4803052],[74.737803,32.4799104],[74.7381566,32.4791019],[74.7405014,32.4786252],[74.7453854,32.4788894],[74.7485301,32.4794223],[74.7502368,32.4787165],[74.7515507,32.478295],[74.7530526,32.4790038],[74.7546281,32.4820773],[74.7580037,32.4815448],[74.7620878,32.4807987],[74.7654829,32.4805282],[74.7683186,32.4810773],[74.771128,32.4812768],[74.7736723,32.480701],[74.7765061,32.4798463],[74.7782519,32.4796644],[74.7810219,32.4793395],[74.784461,32.4782765],[74.7888342,32.4772507],[74.79183,32.4771765],[74.7947732,32.4764032],[74.797679,32.4765092],[74.7995366,32.4778123],[74.7998547,32.4792865],[74.800425,32.4813611],[74.8004974,32.4823222],[74.8027652,32.4821994],[74.8070024,32.4807417],[74.810268,32.4801261],[74.8128186,32.4796369],[74.8129241,32.4810348],[74.8133042,32.4846989],[74.8137717,32.486779],[74.8152001,32.4892457],[74.8170394,32.4944097],[74.8181454,32.4967184],[74.8187534,32.4979136],[74.8198941,32.4979394],[74.821052,32.4968238],[74.8221002,32.4956264],[74.8242322,32.495072],[74.828233,32.4945914],[74.8330151,32.4948578],[74.8355224,32.4951601],[74.8377441,32.4944251],[74.8395837,32.4927458],[74.840136,32.4918384],[74.8414232,32.4910665],[74.8440005,32.4909261],[74.8457066,32.4902191],[74.8470769,32.4891794],[74.8487329,32.4891768],[74.8505849,32.4903918],[74.851506,32.4902539],[74.853601,32.4905783],[74.8549774,32.4923455],[74.857518,32.4930842],[74.8586387,32.4928476],[74.8618281,32.489866],[74.8630154,32.4877833],[74.8652866,32.4863432],[74.8682694,32.4860924],[74.8707433,32.4859572],[74.8718307,32.4880033],[74.8728583,32.4892631],[74.8758613,32.4919939],[74.8772813,32.492969],[74.8779884,32.4927485],[74.8800114,32.4921177],[74.8835396,32.4908716],[74.883895,32.4887465],[74.8812376,32.4851196],[74.8791358,32.4819886],[74.8783476,32.4784357],[74.8783474,32.4784347],[74.8792516,32.4767182],[74.8848836,32.4745673],[74.8917484,32.4709447],[74.8974561,32.468438],[74.9007903,32.4673775],[74.9037505,32.4708997],[74.9065972,32.4729366],[74.9083092,32.472316],[74.9096451,32.4708388],[74.9121441,32.4683324],[74.9139483,32.4662152],[74.9174214,32.4642693],[74.919283,32.4642545],[74.9215141,32.4650089],[74.9251093,32.467355],[74.9281693,32.4694674],[74.9309964,32.4712417],[74.9346371,32.4714794],[74.9379351,32.4712973],[74.9359121,32.4692156],[74.936196,32.4675375],[74.9361968,32.4675329],[74.9389413,32.4655388],[74.941632,32.4628457],[74.9435709,32.4571268],[74.9435721,32.4571233],[74.9450886,32.4539687],[74.9463969,32.4508303],[74.9463989,32.4508254],[74.9470403,32.4484264],[74.9470417,32.4484209],[74.9486499,32.4478055],[74.9512123,32.4474882],[74.9526615,32.4474958],[74.9547941,32.4496588],[74.9567073,32.4516586],[74.960713,32.4552971],[74.9654692,32.4579287],[74.9685789,32.4593355],[74.9712851,32.4595362],[74.9741807,32.4568311],[74.9772197,32.4546443],[74.9805744,32.4525276],[74.9832415,32.4508877],[74.9843614,32.45065],[74.9865183,32.4504422],[74.9873478,32.4517999],[74.9887413,32.4524243],[74.9906584,32.4517911],[74.9918745,32.4514602],[74.9937209,32.4525857],[74.9951957,32.4542584],[74.9967534,32.4556632],[74.9981674,32.4565495],[74.9992723,32.4574531],[75.000963,32.4565692],[75.0032909,32.4572291],[75.009681,32.4622247],[75.011898,32.464119],[75.0146927,32.4654545],[75.0173584,32.4651301],[75.0193016,32.4661622],[75.0197466,32.4678921],[75.0197436,32.4678947],[75.0179041,32.4694867],[75.0165564,32.4707903],[75.0164838,32.4751814],[75.0168166,32.4794621],[75.0181813,32.4823691],[75.0219972,32.487508],[75.0236227,32.4911023],[75.0260934,32.4949124],[75.0280228,32.4970858],[75.0300242,32.494868],[75.0316991,32.4936901],[75.0328706,32.4928662],[75.0368856,32.4899213],[75.0416356,32.4871107],[75.0438614,32.4877756],[75.0453522,32.4883062],[75.0483769,32.4859429],[75.0523086,32.4832655],[75.0547691,32.4816357],[75.0572017,32.4809726],[75.0594623,32.4807578],[75.0622387,32.4791979],[75.0648358,32.4793151],[75.0678182,32.4777434],[75.0695907,32.4779069],[75.0699405,32.4797298],[75.0732115,32.4778785],[75.0765922,32.4761087],[75.0828449,32.4726852],[75.0840335,32.472004],[75.0842397,32.4693648],[75.08424,32.46936],[75.0855385,32.4687603],[75.0862871,32.4703852],[75.0871321,32.4706007],[75.0883001,32.4696574],[75.0907527,32.4692557],[75.0926831,32.4701119],[75.0944967,32.4721153],[75.0959463,32.4734374],[75.0967363,32.4755864],[75.0989761,32.4777412],[75.1013533,32.4776945],[75.1032082,32.4762735],[75.106657,32.4740602],[75.1079398,32.4719722],[75.1079415,32.4719694],[75.1087379,32.4676248],[75.1086126,32.4660336],[75.1084558,32.4640432],[75.1077692,32.4605758],[75.1077685,32.4605722],[75.1110997,32.45819],[75.1174049,32.4554636],[75.1192706,32.4542186],[75.119273,32.454217],[75.1192038,32.4520273],[75.1181861,32.4469957],[75.1185976,32.44434],[75.1209663,32.4415732],[75.1217901,32.4402103],[75.1227717,32.4382242],[75.1243966,32.4365546],[75.1243988,32.4365524],[75.124453,32.4346239],[75.1244531,32.4346189],[75.1266641,32.4337914],[75.1284015,32.4335173],[75.1293552,32.4311817],[75.1319367,32.4298066],[75.1332243,32.4278068],[75.1332269,32.4278029],[75.1330134,32.426411],[75.1299235,32.4265866],[75.127252,32.4255098],[75.1270659,32.4231512],[75.1266324,32.4202802],[75.1270844,32.4181506],[75.1270849,32.4181485],[75.1275309,32.4172457],[75.1300297,32.4161386],[75.1316563,32.4144667],[75.1311818,32.4123877],[75.1314204,32.4088696],[75.1314208,32.4088643],[75.1332537,32.4084969],[75.1355128,32.4095969],[75.1411094,32.4123498],[75.1443031,32.4148005],[75.1473118,32.4175249],[75.1507665,32.4193464],[75.1526626,32.4210811],[75.1551819,32.4202355],[75.1586827,32.4187196],[75.1601245,32.4186374],[75.1619593,32.4209019],[75.1638557,32.4226365],[75.1676257,32.423211],[75.1713126,32.4227372],[75.1746696,32.4220188],[75.1767908,32.4213711],[75.1782534,32.4215507],[75.1790311,32.4235245],[75.1803295,32.42424],[75.1825062,32.4242909],[75.1849376,32.4249415],[75.1870948,32.4260466],[75.1897656,32.4258059],[75.1919996,32.4240127],[75.1920023,32.4240105],[75.1917469,32.4220992],[75.1917462,32.4220946],[75.1935513,32.4213769],[75.1967439,32.4211939],[75.1988455,32.4215999],[75.1995761,32.4204215],[75.1995788,32.4204171],[75.1987868,32.4182687],[75.1991691,32.4165808],[75.1991694,32.4165795],[75.2003929,32.4137943],[75.2003953,32.4137889],[75.1991566,32.4112274],[75.1974936,32.409831],[75.1945004,32.4099149],[75.1924478,32.4101203],[75.1919928,32.4083036],[75.1920305,32.4048791],[75.1924118,32.4018737],[75.1939548,32.400469],[75.199409,32.3975237],[75.2048364,32.3955449],[75.2075605,32.3946864],[75.2095548,32.3976432],[75.211865,32.4006695],[75.2150167,32.4012782],[75.2179869,32.3996156],[75.220978,32.3982149],[75.2230869,32.3961653],[75.2230894,32.3961629],[75.2229361,32.3942455],[75.224822,32.393255],[75.2260086,32.3925724],[75.227394,32.3917906],[75.2286173,32.3928609],[75.2308194,32.3919443],[75.23378,32.3888778],[75.2355281,32.3874607],[75.2383057,32.3859841],[75.2415509,32.3851826],[75.244824,32.3847304],[75.2458017,32.3866045],[75.247575,32.3880817],[75.2497999,32.3887429],[75.2520389,32.3895789],[75.2543318,32.3897973],[75.2559439,32.3892653],[75.257184,32.3879651],[75.2570366,32.3861307],[75.2562272,32.3824918],[75.2554787,32.3783229],[75.2553595,32.3768379],[75.2570953,32.376562],[75.2577014,32.3751279],[75.2577036,32.3751228],[75.2581288,32.3714172],[75.2581293,32.3714124],[75.2601107,32.3703324],[75.2623142,32.3707314],[75.2648175,32.3722821],[75.2650348,32.3724168],[75.2657823,32.3717933],[75.2663915,32.3712851],[75.2678606,32.371551],[75.2706235,32.3737604],[75.2729046,32.37512],[75.2753819,32.3750641],[75.2807316,32.3734374],[75.2849559,32.3719636],[75.2897483,32.3698423],[75.289661,32.3674779],[75.288481,32.3643872],[75.2873548,32.3606791],[75.2876044,32.3586462],[75.2885321,32.3560473],[75.2883031,32.3544864],[75.2883024,32.354481],[75.2914713,32.3540336],[75.2962049,32.3537583],[75.2988714,32.3535155],[75.2988733,32.3535153],[75.299038,32.3504342],[75.2996466,32.3464497],[75.3021596,32.3442849],[75.3068079,32.3429611],[75.3113351,32.3426972],[75.3168307,32.3429033],[75.3226704,32.3435278],[75.3242496,32.3413293],[75.3258107,32.3376414],[75.3258113,32.33764],[75.3268335,32.3349475],[75.3272454,32.3323784],[75.3270047,32.3294086],[75.3277701,32.3261223],[75.3277714,32.3261167],[75.3277945,32.3261196],[75.3322322,32.326683],[75.3319543,32.3266842],[75.3319541,32.3266842],[75.3316884,32.3267041],[75.3314763,32.32672],[75.3316823,32.3269359],[75.3321672,32.3271876],[75.3327729,32.3275021],[75.3327741,32.3275031],[75.3354311,32.3301571],[75.3351908,32.333214],[75.3350308,32.3348958],[75.3359008,32.3369431],[75.3362522,32.3367922],[75.3389443,32.3356365],[75.3392435,32.3359754],[75.3407229,32.3376524],[75.3407151,32.3377614],[75.340624,32.3390384],[75.3406055,32.3392981],[75.3403284,32.3415479],[75.3407627,32.3449027],[75.341198,32.3454754],[75.3415909,32.345746],[75.3417251,32.3457587],[75.342069,32.3457912],[75.3420729,32.3457906],[75.3451922,32.3453231],[75.3492766,32.3452608],[75.349376,32.3449711],[75.3498295,32.3436467],[75.3527143,32.3402927],[75.3551728,32.3386684],[75.3557368,32.3382957],[75.3555725,32.3375895],[75.3553654,32.3366995],[75.3574474,32.3358837],[75.358653,32.3353428],[75.3608676,32.3349238],[75.3622909,32.3357309],[75.3634749,32.3361188],[75.3634327,32.3360693],[75.3619937,32.3341033],[75.3622912,32.3335171],[75.3631198,32.3329446],[75.3635553,32.3328589],[75.364936,32.3329763],[75.3661628,32.3332784],[75.3685844,32.3337746],[75.3703416,32.3341685],[75.3706768,32.3342436],[75.3720977,32.3347958],[75.3724984,32.3349515],[75.3732472,32.3357901],[75.3745324,32.3373186],[75.3745324,32.3373187],[75.3749679,32.3369805],[75.3749123,32.3362114],[75.3749095,32.3361735],[75.3750263,32.335488],[75.3754193,32.3350327],[75.3759344,32.3346494],[75.3765399,32.3343067],[75.3772143,32.3340858],[75.3778251,32.3340362],[75.3785738,32.3340542],[75.3794448,32.3341894],[75.3794449,32.3341894],[75.3798378,32.3341533],[75.3802946,32.3339865],[75.3820948,32.3328456],[75.3847287,32.3314387],[75.3880104,32.3298423],[75.3919823,32.3279435],[75.3944831,32.3269287],[75.3944833,32.3269286],[75.3952954,32.3274402],[75.3993856,32.3300163],[75.4021893,32.3300518],[75.4021895,32.3300518],[75.4024652,32.3286089],[75.4031183,32.328239],[75.4033198,32.3274815],[75.4036914,32.3268772],[75.4048384,32.3270799],[75.4050562,32.3271632],[75.4052739,32.3272465],[75.4054705,32.3273953],[75.4054919,32.327765],[75.4054035,32.3280023],[75.4053098,32.3282534],[75.4053535,32.3284412],[75.4063538,32.3287978],[75.4066181,32.328892],[75.4070168,32.3284527],[75.4071542,32.3283012],[75.4083173,32.328621],[75.4097403,32.3286882],[75.4097405,32.3286882],[75.4105105,32.3286204],[75.411222,32.3282685],[75.4115526,32.3278808],[75.4143376,32.3246154],[75.4160997,32.322694],[75.416418,32.3221213],[75.4167734,32.3214178],[75.4177608,32.3207772],[75.4184296,32.3200375],[75.4199318,32.319063],[75.4237277,32.3181237],[75.4262549,32.3176538],[75.4262545,32.3169323],[75.4288023,32.3153351],[75.4299915,32.3149965],[75.4307401,32.3150638],[75.4311387,32.3155506],[75.4313484,32.316042],[75.4316119,32.3166595],[75.4320335,32.3167018],[75.4334493,32.3168436],[75.4352495,32.3172305],[75.4370923,32.3178202],[75.4376442,32.3172518],[75.4404908,32.3180214],[75.4406294,32.3182513],[75.4407147,32.3183928],[75.4411643,32.3191388],[75.4416019,32.319865],[75.4421436,32.3202568],[75.4429035,32.3208065],[75.4429036,32.3208065],[75.4437741,32.3205717],[75.4437742,32.3205716],[75.4449588,32.3212067],[75.4452548,32.3219168],[75.4457143,32.3230189],[75.4481275,32.326043],[75.4493109,32.3251314],[75.4495063,32.3238238],[75.4495063,32.3238237],[75.4620997,32.3270575],[75.4620998,32.3270575],[75.4648658,32.32628],[75.4677845,32.3246007],[75.4677847,32.3246006],[75.4684237,32.3262774],[75.4687012,32.3263956],[75.469449,32.326714],[75.4696466,32.327787],[75.468803,32.3281045],[75.4659732,32.3291694],[75.4675572,32.3304443],[75.4678943,32.3306744],[75.4687846,32.331282],[75.470995,32.3323895],[75.4718665,32.3328578],[75.4718246,32.3335116],[75.4715879,32.3336891],[75.4706083,32.3344237],[75.4700311,32.3348566],[75.4700268,32.3352613],[75.4700117,32.3366872],[75.4691269,32.3386312],[75.4712032,32.3384537],[75.4712041,32.3384938],[75.4712145,32.3389993],[75.4721332,32.338913],[75.4738431,32.3388575],[75.4738433,32.3388575],[75.4750392,32.339925],[75.4750394,32.3399251],[75.4751538,32.3396464],[75.4754319,32.3389683],[75.4754631,32.3388923],[75.475792,32.3384952],[75.4770407,32.3390263],[75.4776723,32.3386876],[75.4782245,32.3385203],[75.4789359,32.3384882],[75.4789361,32.3384882],[75.4797607,32.339444],[75.4798847,32.3395877],[75.4800051,32.3397272],[75.480364,32.3397838],[75.4807461,32.3398441],[75.4814441,32.3399542],[75.482337,32.340095],[75.4841168,32.3404632],[75.4851777,32.3418627],[75.485186,32.3418735],[75.4859347,32.3418728],[75.4859349,32.3418728],[75.4863333,32.3419717],[75.4870842,32.3435807],[75.4865873,32.343941],[75.4862935,32.344154],[75.4864907,32.3447264],[75.4879575,32.3453609],[75.488684,32.3454887],[75.489105,32.3455628],[75.4903682,32.3448898],[75.4910624,32.3441714],[75.4911856,32.3440439],[75.4916678,32.343545],[75.4926549,32.3428722],[75.4928424,32.3427565],[75.4932857,32.342483],[75.4942947,32.3418606],[75.4949417,32.3411251],[75.4940166,32.3404045],[75.4932621,32.3402204],[75.4908345,32.3398349],[75.4901225,32.3396327],[75.4897665,32.3394482],[75.4892723,32.3392998],[75.4888741,32.3393182],[75.4886388,32.3394818],[75.4883222,32.3397019],[75.4880672,32.3396346],[75.4869294,32.3386527],[75.4867247,32.3381168],[75.4864408,32.3373739],[75.4861355,32.3365747],[75.4844743,32.3375816],[75.4841008,32.336872],[75.483644,32.3360043],[75.4832909,32.3362236],[75.482779,32.3365416],[75.4827789,32.3365415],[75.481508,32.3351675],[75.4822184,32.3340622],[75.4822976,32.3336564],[75.4818771,32.3328812],[75.4817439,32.3324975],[75.4816799,32.3323132],[75.4817801,32.3316909],[75.4820903,32.330999],[75.4827547,32.3295168],[75.4832048,32.3284569],[75.483709,32.3270718],[75.4837976,32.3268286],[75.4846975,32.3245644],[75.485515,32.323781],[75.4856629,32.3236392],[75.4845141,32.3221658],[75.4833711,32.3210756],[75.4821577,32.3204228],[75.4819153,32.3202924],[75.4863923,32.3166318],[75.4894135,32.3166606],[75.4894137,32.3166606],[75.490305,32.3161277],[75.494391,32.3142483],[75.4990236,32.3123365],[75.4992724,32.3123781],[75.5000001,32.3124997],[75.501084,32.3120995],[75.5027253,32.3113136],[75.5033206,32.3110286],[75.5041675,32.312257],[75.5044653,32.3126889],[75.5046762,32.3125898],[75.50548,32.312212],[75.5076532,32.3110101],[75.510023,32.3095514],[75.5107222,32.309107],[75.511532,32.3085924],[75.5132912,32.3071061],[75.5126482,32.306512],[75.5121775,32.306077],[75.5112446,32.3048137],[75.5110168,32.3045287],[75.5103966,32.3037533],[75.5096389,32.3025668],[75.5091038,32.3016374],[75.5086909,32.3006947],[75.5076208,32.2989849],[75.5062265,32.2975363],[75.5054844,32.2966879],[75.5051351,32.2958534],[75.5048818,32.2946898],[75.5047766,32.2939592],[75.5044701,32.2928859],[75.5040305,32.2921911],[75.5039459,32.2919025],[75.5039336,32.2914279],[75.5039307,32.2913163],[75.5043082,32.2908703],[75.5047537,32.2905665],[75.5050148,32.2903885],[75.5058177,32.2894199],[75.5061375,32.2883651],[75.5073674,32.2874432],[75.5076902,32.2868179],[75.5081683,32.2858916],[75.5091899,32.2839942],[75.5095775,32.2839135],[75.5118497,32.2835277],[75.51237,32.283438],[75.513915,32.2830111],[75.5160762,32.2822688],[75.5183857,32.2816486],[75.5186639,32.2797146],[75.5187784,32.2796945],[75.5190155,32.279653],[75.521021,32.2793017],[75.5209633,32.2780927],[75.5209225,32.2772365],[75.5209573,32.2772304],[75.5232476,32.276828],[75.5244635,32.2764142],[75.5246149,32.2763782],[75.5259959,32.2760499],[75.5261833,32.2760053],[75.5261835,32.2760053],[75.5261828,32.276623],[75.5261647,32.2767321],[75.5260386,32.277493],[75.5286119,32.2782345],[75.529535,32.2782825],[75.5295575,32.2782837],[75.5303739,32.2783261],[75.5322427,32.2778315],[75.5325448,32.2781788],[75.533892,32.279068],[75.534911,32.2803311],[75.5355408,32.2811118],[75.5368286,32.2831146],[75.5370344,32.2843096],[75.5380722,32.28693],[75.5385799,32.2890992],[75.5393307,32.2921747],[75.5393872,32.2942579],[75.5394699,32.2950188],[75.5396292,32.2964854],[75.5394581,32.2979101],[75.5395302,32.3002232],[75.5398802,32.301067],[75.5399062,32.3011298],[75.54146,32.3030516],[75.5422132,32.3038095],[75.5427102,32.3060869],[75.5433127,32.3091984],[75.5434822,32.3116237],[75.5435276,32.3122737],[75.5420547,32.3146669],[75.5418946,32.3155866],[75.5420309,32.317548],[75.5427906,32.3213562],[75.5428396,32.3216022],[75.5409684,32.3238734],[75.540084,32.3248],[75.5390974,32.3258335],[75.5386184,32.3258542],[75.5376637,32.3258956],[75.5378422,32.3278976],[75.5381275,32.3295706],[75.5385567,32.3313379],[75.5385612,32.3313564],[75.5389708,32.334075],[75.538994,32.3342289],[75.5390831,32.334531],[75.5392852,32.3352165],[75.5397939,32.3363936],[75.5405754,32.3373263],[75.541083,32.3379321],[75.5420115,32.3390328],[75.544691,32.3419293],[75.5450215,32.3422372],[75.546023,32.3431701],[75.5469728,32.3442618],[75.5477738,32.3455247],[75.5481242,32.3460118],[75.5492699,32.3476042],[75.5503259,32.34875],[75.5526137,32.3506812],[75.5529009,32.3508981],[75.5537073,32.3515069],[75.5547373,32.3522334],[75.555296,32.352471],[75.5568294,32.3531228],[75.5577744,32.3538448],[75.5584695,32.3548145],[75.5591695,32.3563839],[75.5597801,32.3569794],[75.5618085,32.3580355],[75.5637148,32.3592944],[75.5638774,32.3593825],[75.5664549,32.3607791],[75.5682776,32.361837],[75.5703186,32.36298],[75.5717921,32.3637708],[75.5742153,32.3652309],[75.5751167,32.365774],[75.5763555,32.3664364],[75.5786271,32.367651],[75.5786273,32.3676511],[75.5818354,32.3695684],[75.5868388,32.3723745],[75.589585,32.3738813],[75.5938448,32.3762484],[75.5939038,32.3762811],[75.5953116,32.377039],[75.5966608,32.3770483],[75.598782,32.3770615],[75.5992721,32.3770646],[75.5998433,32.3770682],[75.6001638,32.3770702],[75.6004024,32.3770716],[75.6033717,32.3770901],[75.6053629,32.3770336],[75.6073194,32.376978],[75.6082599,32.3768203],[75.6119261,32.3768568],[75.6146251,32.3770645],[75.6146252,32.3770645],[75.6179407,32.3774749],[75.6187626,32.377567],[75.6241412,32.3781695],[75.6255697,32.3784299],[75.6262185,32.3785482],[75.6262187,32.3785482],[75.6290668,32.3789629],[75.6321217,32.379535],[75.6325575,32.3796166],[75.6325577,32.3796166],[75.6345713,32.3799095],[75.6345715,32.3799095],[75.6362347,32.3805631],[75.6370903,32.38105],[75.6373007,32.3812221],[75.638557,32.3822492],[75.6391528,32.3827224],[75.6403904,32.3837053],[75.6410962,32.3841488],[75.6420106,32.3847234],[75.6435684,32.3857023],[75.6438226,32.3858648],[75.6457261,32.3870816],[75.6465179,32.3874242],[75.6484959,32.3878411],[75.6497886,32.3881136],[75.6515655,32.3884882],[75.6533703,32.3888627],[75.6536789,32.3889391],[75.6550367,32.3894062],[75.6595701,32.3907442],[75.6596674,32.3907705],[75.6639257,32.3919226],[75.6643479,32.3920368],[75.664348,32.3920369],[75.6652118,32.3922413],[75.666022,32.392433],[75.6663014,32.3924923],[75.6707079,32.3934271],[75.6715813,32.3936124],[75.6730959,32.3939184],[75.6730961,32.3939184],[75.673614,32.3939499],[75.6742758,32.3939901],[75.6746351,32.3939987],[75.6750199,32.3940078],[75.6753793,32.393898],[75.6754928,32.3938633],[75.6761568,32.3933942],[75.6764329,32.3930107],[75.6766876,32.392375],[75.6767442,32.3922263],[75.6769847,32.3915948],[75.6772586,32.3913954],[75.6786952,32.3903496],[75.6798055,32.3899659],[75.6808947,32.389731],[75.6808948,32.389731],[75.6818884,32.3896404],[75.6833391,32.389581],[75.6836602,32.3896177],[75.6847951,32.3897472],[75.6847952,32.3897472],[75.686161,32.3899629],[75.6872507,32.3902509],[75.6876814,32.3907242],[75.6883728,32.3914136],[75.6885917,32.3915249],[75.6889044,32.3916839],[75.6896326,32.3920442],[75.6903397,32.3924452],[75.691621,32.3933328],[75.6930196,32.3945088],[75.6950668,32.3960858],[75.6973105,32.3972612],[75.6985308,32.3980062],[75.6999742,32.3987521],[75.7012822,32.3994412],[75.702112,32.4003785],[75.7038839,32.402731],[75.703932,32.4028147],[75.7051987,32.4050162],[75.7060977,32.4058317],[75.7075236,32.407517],[75.7080763,32.4080533],[75.7091675,32.409112],[75.7104973,32.4102699],[75.7107247,32.4106162],[75.7111494,32.411263],[75.7113437,32.4115589],[75.7119543,32.4109768],[75.7128943,32.4100293],[75.713834,32.4089781],[75.7149597,32.4079628],[75.7160701,32.4074705],[75.717951,32.4068379],[75.7213091,32.4059426],[75.7225249,32.4056545],[75.7227598,32.4055988],[75.7228728,32.4070009],[75.7229167,32.4081462],[75.722793,32.4088347],[75.7226948,32.4093818],[75.7232327,32.4103823],[75.7244194,32.4117385],[75.7245336,32.4118604],[75.724909,32.4122612],[75.7253467,32.4125483],[75.7254994,32.4126485],[75.7264947,32.4136801],[75.7272712,32.4151143],[75.7274854,32.4155099],[75.7282888,32.4165856],[75.7283638,32.416686],[75.7299826,32.4192141],[75.7310691,32.4209581],[75.7318737,32.422558],[75.7320879,32.4238249],[75.7321098,32.4243704],[75.7319936,32.4249882],[75.7313724,32.4257147],[75.7313114,32.4257647],[75.7301561,32.4267121],[75.7301395,32.4267282],[75.7284198,32.4284044],[75.7275936,32.4293012],[75.7275012,32.4294015],[75.7273318,32.4300735],[75.7274074,32.4310292],[75.7277482,32.4316827],[75.7286477,32.4325161],[75.7290788,32.4328089],[75.7298869,32.4328984],[75.7304451,32.4327897],[75.7316621,32.4323514],[75.7326663,32.4318455],[75.7347061,32.4304506],[75.7354977,32.4301026],[75.7364172,32.4298854],[75.7381503,32.4298117],[75.739623,32.4299186],[75.7414734,32.4300972],[75.7423352,32.4303593],[75.7424785,32.4304029],[75.7433352,32.4308574],[75.743804,32.431601],[75.7438472,32.43216],[75.7437202,32.4325794],[75.7432318,32.433139],[75.7424722,32.4336267],[75.7418569,32.4337835],[75.741744,32.4338122],[75.7406969,32.4339756],[75.740503,32.4339961],[75.739841,32.4340664],[75.7379915,32.4345957],[75.737136,32.4349797],[75.7366211,32.4356519],[75.7363944,32.4360632],[75.7363028,32.4362294],[75.7358572,32.4370459],[75.7355337,32.4377721],[75.7352368,32.4384982],[75.7344996,32.4390062],[75.7343391,32.4391167],[75.734339,32.4391168],[75.7338289,32.4392434],[75.7334079,32.4392364],[75.7320157,32.4392133],[75.7302395,32.4388722],[75.7298386,32.4388582],[75.7292346,32.438837],[75.7292345,32.438837],[75.7286979,32.439108],[75.7285176,32.4394733],[75.7284767,32.4409432],[75.7280951,32.4420843],[75.7271449,32.4434287],[75.7266563,32.4440108],[75.7266095,32.4448088],[75.7267062,32.445679],[75.7273025,32.4463503],[75.7273152,32.4463641],[75.7276059,32.4466792],[75.7285423,32.4472061],[75.728686,32.4472869],[75.7288407,32.4476701],[75.7287988,32.4483419],[75.7286311,32.450335],[75.728696,32.4513719],[75.7292559,32.4526744],[75.7297937,32.4532015],[75.7307989,32.4534396],[75.7322284,32.4535957],[75.734346,32.4538944],[75.7366018,32.4543409],[75.7371083,32.4544093],[75.7385909,32.4546097],[75.7401868,32.4549689],[75.7409847,32.4550768],[75.7415111,32.455148],[75.7423419,32.4551295],[75.7431969,32.4551103],[75.7443559,32.454947],[75.7456291,32.4546318],[75.7461845,32.4544943],[75.7489988,32.4540866],[75.7490243,32.4540829],[75.7499987,32.4545357],[75.7509339,32.4549748],[75.7515718,32.4552744],[75.7539307,32.4570126],[75.7568848,32.4591796],[75.7570195,32.4592573],[75.7571625,32.4593133],[75.7575863,32.4594792],[75.7591469,32.4603326],[75.7593362,32.4605118],[75.7593431,32.4605183],[75.7597124,32.4605032],[75.7605263,32.4603056],[75.761319,32.4600763],[75.7620212,32.4599643],[75.7627285,32.4599874],[75.7634088,32.4603713],[75.7645086,32.4611793],[75.7655822,32.4617754],[75.7662679,32.4620195],[75.7673687,32.4620655],[75.7698024,32.4619795],[75.7698631,32.4619774],[75.7708308,32.4621766],[75.7720109,32.4627141],[75.7743922,32.4638252],[75.7769383,32.4651167],[75.7779471,32.4658704],[75.7782191,32.4660735],[75.7811785,32.4689253],[75.7812593,32.4690174],[75.7828116,32.4707867],[75.7836169,32.4717045],[75.7858859,32.4738884],[75.7884317,32.4760633],[75.7892448,32.4767222],[75.7900798,32.4771623],[75.7924135,32.4783925],[75.7925333,32.4784729],[75.7940669,32.4795027],[75.7945829,32.4799195],[75.7966927,32.4816235],[75.7972997,32.4820947],[75.7973102,32.4821029],[75.7985339,32.4830528],[75.7988085,32.4832659],[75.7990946,32.4835794],[75.8005092,32.4851291],[75.8006835,32.4852182],[75.8010834,32.4854225],[75.8023492,32.4857749],[75.805099,32.4865384],[75.8091624,32.4875822],[75.8117104,32.4878495],[75.8135985,32.4884545],[75.8153322,32.489294],[75.8179274,32.4906749],[75.818414,32.4909483],[75.8196843,32.4916621],[75.819943,32.4918074],[75.8201715,32.4920144],[75.82073,32.4925202],[75.8220219,32.4934991],[75.823362,32.4946269],[75.8243986,32.4959303],[75.8253871,32.4980994],[75.8256036,32.4985366],[75.8261577,32.4996552],[75.8263231,32.4999891],[75.8264232,32.5006484],[75.8262255,32.5021227],[75.82606,32.5034031],[75.8260751,32.503571],[75.8260916,32.5037549],[75.826156,32.5038837],[75.8269972,32.5043747],[75.8274002,32.5044407],[75.8274246,32.5044439],[75.8293893,32.5041886],[75.8294329,32.5041573],[75.8297522,32.5038779],[75.8300397,32.5035804],[75.8302899,32.5033552],[75.83054,32.5031614],[75.8308167,32.5029991],[75.8311574,32.5028639],[75.8315351,32.5028055],[75.8318438,32.5028236],[75.8321524,32.5028598],[75.832381,32.5029185],[75.832812,32.5030945],[75.8331365,32.5032524],[75.8334162,32.5034322],[75.8334662,32.5034644],[75.8337641,32.5037305],[75.8340459,32.5042086],[75.8342531,32.5047541],[75.8344019,32.5053493],[75.8344761,32.5059175],[75.834476,32.5063954],[75.8343746,32.5070131],[75.8342517,32.5076713],[75.834076,32.5082258],[75.8331177,32.5095421],[75.8322551,32.5107096],[75.8322482,32.5107178],[75.8320665,32.5109315],[75.8310816,32.5120464],[75.8304436,32.5128247],[75.8303296,32.5132431],[75.8304121,32.5137265],[75.8308231,32.5141581],[75.8310271,32.5142226],[75.8315256,32.5143803],[75.8329021,32.5144148],[75.8332477,32.5143557],[75.8333665,32.5143353],[75.8339452,32.5142363],[75.8359755,32.513854],[75.8370423,32.513505],[75.8372398,32.5134403],[75.8382349,32.5134171],[75.8382364,32.5134178],[75.8388217,32.5136966],[75.8387661,32.5140682],[75.8384794,32.5145959],[75.8373328,32.5167676],[75.8366892,32.5184722],[75.8370295,32.5202155],[75.8372048,32.5210903],[75.8372336,32.521182],[75.8382597,32.5223153],[75.8385772,32.5224793],[75.8389231,32.5225831],[75.8394872,32.5227005],[75.8400246,32.5227232],[75.840487,32.5227391],[75.8406846,32.5227459],[75.841403,32.5228273],[75.8420096,32.5229582],[75.842217,32.5230226],[75.8423875,32.5230755],[75.8429833,32.5233868],[75.8438773,32.5239867],[75.8449519,32.5247219],[75.8455484,32.5251758],[75.8473838,32.5261003],[75.8486014,32.526309],[75.8507495,32.5266771],[75.8516518,32.5267296],[75.8520084,32.5267297],[75.8523064,32.5268018],[75.8526629,32.5269462],[75.8530834,32.5271898],[75.8538283,32.5276993],[75.8544189,32.5281909],[75.8546424,32.5285021],[75.8556432,32.5300403],[75.8556465,32.5308789],[75.854983,32.5340324],[75.8548985,32.5369001],[75.8569644,32.5384408],[75.8608475,32.5404406],[75.8617282,32.5410027],[75.8652075,32.5432234],[75.8682922,32.5451666],[75.8698552,32.5465391],[75.8698552,32.5465392],[75.8698682,32.5465474],[75.8711777,32.5473635],[75.8717846,32.5478279],[75.8722051,32.5481526],[75.8725884,32.5486395],[75.8730944,32.5493733],[75.8732638,32.5496325],[75.8735093,32.5500282],[75.873685,32.5505467],[75.8740751,32.5520568],[75.8733331,32.5541285],[75.8722516,32.5553094],[75.8718908,32.5557678],[75.8714543,32.5563719],[75.8710549,32.5570077],[75.8706556,32.5575216],[75.8701125,32.5580852],[75.869314,32.558748],[75.8682384,32.5595054],[75.8677569,32.5598775],[75.8661374,32.5624591],[75.8664519,32.5636066],[75.8667096,32.5639606],[75.8697356,32.5661006],[75.8719001,32.5664925],[75.8720516,32.5665988],[75.8726971,32.5670517],[75.8730831,32.5671162],[75.8748615,32.5673957],[75.875475,32.5675271],[75.8761922,32.5677252],[75.8762885,32.5677565],[75.876757,32.5680134],[75.877103,32.5682795],[75.8774332,32.5686221],[75.8777101,32.5691451],[75.8779817,32.5698934],[75.8786243,32.5716964],[75.8790958,32.5739077],[75.8793026,32.5746186],[75.8795741,32.5756646],[75.879686,32.5761471],[75.8798245,32.5769586],[75.8798884,32.577387],[75.879931,32.5779911],[75.8799525,32.5788884],[75.8798885,32.5798577],[75.8798407,32.580498],[75.8796491,32.581553],[75.8795692,32.5819633],[75.8793935,32.5826351],[75.8791858,32.5833068],[75.878696,32.5847903],[75.8784989,32.5852321],[75.8783178,32.5855929],[75.8782273,32.5858769],[75.8782178,32.5859848],[75.8789496,32.5869753],[75.8800483,32.5878272],[75.8802885,32.5879238],[75.8810714,32.5882077],[75.8817851,32.5885684],[75.8825094,32.5890734],[75.8829943,32.589477],[75.8840424,32.5898182],[75.8844914,32.5898352],[75.8862476,32.5899017],[75.8886571,32.5891954],[75.8890114,32.5891361],[75.8903595,32.589032],[75.8908974,32.5889508],[75.8917495,32.5889326],[75.8922767,32.5889416],[75.892729,32.5889571],[75.8943166,32.5893267],[75.8943904,32.5894003],[75.8952432,32.5897975],[75.895548,32.589868],[75.8969091,32.5901831],[75.8976908,32.5906594],[75.8991425,32.59211],[75.8994729,32.5924571],[75.899883,32.5929846],[75.9001868,32.5935165],[75.9007623,32.5944632],[75.9018919,32.5960951],[75.9022382,32.5966721],[75.9033361,32.5983762],[75.9036237,32.5987683],[75.9040767,32.5993138],[75.9045989,32.5998772],[75.9050252,32.6003686],[75.9052436,32.6008239],[75.905313,32.6012162],[75.9053829,32.6029836],[75.9053726,32.6038222],[75.9053728,32.6046608],[75.905384,32.6061036],[75.9054038,32.6064263],[75.9059105,32.6075855],[75.907227,32.6089204],[75.9100634,32.6106289],[75.9128242,32.6120941],[75.9157828,32.6136849],[75.9163556,32.6144279],[75.9164144,32.6147435],[75.916436,32.6155551],[75.9164951,32.6165604],[75.91657,32.6171826],[75.9167993,32.6178408],[75.9176739,32.6195358],[75.9181485,32.6203787],[75.9184044,32.6209242],[75.9185325,32.621402],[75.9185754,32.6217221],[75.9185329,32.6221505],[75.9182615,32.6226781],[75.9179798,32.6233064],[75.91773,32.6245713],[75.9177202,32.6245802],[75.9157882,32.6263541],[75.915767,32.6264213],[75.9155012,32.6277071],[75.9161137,32.6286434],[75.9173998,32.6292906],[75.9175507,32.6293196],[75.917977,32.629342],[75.9184672,32.629405],[75.9187923,32.6294724],[75.918984,32.6295716],[75.9191281,32.6296932],[75.9191761,32.6298871],[75.9190857,32.6301531],[75.9188879,32.6306631],[75.9185748,32.6320843],[75.9186275,32.6331076],[75.9205735,32.6344807],[75.9221545,32.6359698],[75.922515,32.6362205],[75.9225894,32.6362673],[75.9241969,32.6367499],[75.9249086,32.6362764],[75.9251151,32.6359896],[75.9253919,32.6353177],[75.9255993,32.634718],[75.9259184,32.6336719],[75.9261258,32.6330586],[75.9263494,32.6325625],[75.9266634,32.632089],[75.9269616,32.6316831],[75.9271134,32.63154],[75.9273396,32.6313267],[75.9277285,32.6310786],[75.9282026,32.630916],[75.9286714,32.6308347],[75.9292788,32.6308435],[75.9297851,32.6308884],[75.93019,32.6309873],[75.9304406,32.6311315],[75.9307072,32.6313884],[75.9308725,32.6317625],[75.9309954,32.6322088],[75.9309956,32.6325605],[75.9309469,32.633138],[75.93092,32.6331879],[75.9298219,32.6352203],[75.9289991,32.6367955],[75.9288134,32.637171],[75.929,32.6382975],[75.9293701,32.6388857],[75.9299342,32.6397821],[75.9308158,32.6402095],[75.9317075,32.6406417],[75.9338115,32.6426498],[75.9341522,32.6447587],[75.9339078,32.645694],[75.9337493,32.6463006],[75.9332295,32.6471056],[75.9331087,32.6471568],[75.932998,32.6472037],[75.9325875,32.6471317],[75.9306473,32.646542],[75.9294801,32.6461548],[75.9280355,32.6455738],[75.9275131,32.6453305],[75.9270494,32.6450872],[75.9266922,32.6448981],[75.9263243,32.6445826],[75.9256153,32.6440824],[75.9251519,32.643762],[75.9234099,32.6427445],[75.9212566,32.6426615],[75.9203069,32.642888],[75.9199662,32.6433632],[75.9196627,32.6438864],[75.9193698,32.6442562],[75.9192881,32.6443156],[75.9191035,32.6444501],[75.9187997,32.6445629],[75.918448,32.6445946],[75.9180963,32.6445541],[75.9177446,32.6444325],[75.9171475,32.6440315],[75.9165878,32.6436078],[75.9161027,32.643351],[75.9158671,32.6433121],[75.9150287,32.6435962],[75.9147792,32.6437962],[75.9140613,32.6447054],[75.9141704,32.6475499],[75.9143475,32.6479617],[75.9146609,32.6485365],[75.9150982,32.6492532],[75.915221,32.6496454],[75.9155345,32.6509719],[75.9155371,32.6515265],[75.9153128,32.652292],[75.9151638,32.6527789],[75.9149933,32.6530991],[75.9147057,32.6533562],[75.914402,32.6535502],[75.9136613,32.6539066],[75.9130913,32.6541892],[75.9108897,32.6561631],[75.9080091,32.657749],[75.9062551,32.6581421],[75.9054925,32.658147],[75.9051088,32.6581335],[75.9046078,32.6580661],[75.9040694,32.657958],[75.9035578,32.6577868],[75.9031579,32.6575975],[75.9028434,32.6574217],[75.9022463,32.6570026],[75.9016653,32.6565248],[75.9011802,32.6560424],[75.9009987,32.6558496],[75.9008069,32.6556458],[75.9000339,32.6549606],[75.8994422,32.6544783],[75.8992663,32.6543881],[75.8991825,32.6543763],[75.8991064,32.6543655],[75.8989092,32.6543973],[75.8986481,32.6544604],[75.8982697,32.6545056],[75.8980511,32.654456],[75.897838,32.6543208],[75.897678,32.6541089],[75.897374,32.6532388],[75.8973099,32.6528511],[75.8972246,32.6526077],[75.8970274,32.6523416],[75.8966223,32.651954],[75.896201,32.6515844],[75.8947009,32.6500721],[75.8931139,32.6486142],[75.8916058,32.6486188],[75.88961,32.6492428],[75.8867744,32.6504012],[75.8860369,32.6511565],[75.8858335,32.652176],[75.8862001,32.6531578],[75.8883508,32.6550672],[75.8890283,32.6553952],[75.8894813,32.6556386],[75.8897851,32.6558956],[75.8900517,32.6562021],[75.8903929,32.6567476],[75.8906804,32.6573375],[75.8921832,32.6588019],[75.8930811,32.6617883],[75.8929482,32.6630963],[75.8928354,32.6641279],[75.8929262,32.6643399],[75.8929475,32.6645291],[75.8929689,32.6653498],[75.8929691,32.6657285],[75.8929477,32.6659314],[75.8929852,32.6661478],[75.8930705,32.6663958],[75.8932091,32.6666572],[75.8933637,32.6668601],[75.8935876,32.6670178],[75.8939662,32.6672162],[75.8944033,32.6674145],[75.8951123,32.667757],[75.8954535,32.6679554],[75.8957628,32.6681402],[75.8961359,32.6684106],[75.8965038,32.6686946],[75.8967384,32.6689245],[75.8975382,32.669781],[75.8975916,32.6699252],[75.8975915,32.6700605],[75.8975543,32.6702183],[75.8974158,32.6704348],[75.8972398,32.6706512],[75.8970321,32.6708857],[75.8968881,32.6711427],[75.8968189,32.6714132],[75.896819,32.6716838],[75.896867,32.6719272],[75.8969258,32.6721031],[75.8970218,32.6722653],[75.8971923,32.672387],[75.8974216,32.6724592],[75.8978321,32.6725402],[75.8981786,32.6725987],[75.8984345,32.6726618],[75.8985784,32.672743],[75.8987864,32.6730315],[75.8988344,32.6731938],[75.8988558,32.6734463],[75.8988346,32.6737123],[75.8989131,32.6751469],[75.8986283,32.6758466],[75.897226,32.6774717],[75.8971348,32.6782],[75.8969509,32.6798916],[75.8975816,32.6826444],[75.8977496,32.6832527],[75.8977602,32.6834196],[75.8977497,32.6836675],[75.8976857,32.6839696],[75.8975046,32.6843709],[75.8973181,32.6846911],[75.8972938,32.6847575],[75.8971901,32.6855186],[75.8972224,32.6857055],[75.8973184,32.6859264],[75.8975051,32.6861924],[75.8977824,32.6865756],[75.8981239,32.6875313],[75.898332,32.6883293],[75.8990254,32.6890867],[75.8991854,32.689294],[75.8993561,32.6895645],[75.8994202,32.6898485],[75.8994522,32.6901415],[75.8994416,32.6903715],[75.8993777,32.690624],[75.8993084,32.690899],[75.8992552,32.691156],[75.8992339,32.6912958],[75.8992659,32.6913679],[75.8993193,32.6914581],[75.8996126,32.6918277],[75.8999006,32.6921433],[75.9002473,32.6925581],[75.9003699,32.6927879],[75.9004127,32.6929818],[75.9004448,32.6931712],[75.9004555,32.6935273],[75.9003864,32.6939602],[75.9002905,32.6943705],[75.9001413,32.6947267],[75.8999282,32.6951054],[75.8996722,32.6954707],[75.8993045,32.6959262],[75.8990912,32.6961336],[75.8987394,32.6963591],[75.8983663,32.6965348],[75.8973757,32.6975368],[75.8974131,32.6976211],[75.8975561,32.6977029],[75.8978387,32.697811],[75.8980894,32.69805],[75.8983134,32.6983565],[75.8986548,32.6988613],[75.8987828,32.6991544],[75.8987989,32.6994069],[75.8989805,32.7004889],[75.8993574,32.7017627],[75.8997916,32.7026299],[75.899829,32.7026574],[75.9000636,32.7027565],[75.9003569,32.7028106],[75.9006769,32.7028781],[75.9009329,32.7029863],[75.9010875,32.703108],[75.9011408,32.7032613],[75.9011943,32.7035002],[75.9012318,32.7038203],[75.9012372,32.7040593],[75.9013011,32.7042757],[75.9013973,32.7045506],[75.9015894,32.7049384],[75.9016855,32.7051097],[75.9018881,32.7054252],[75.9022616,32.705885],[75.902635,32.7063358],[75.9037553,32.7075935],[75.9046142,32.7085356],[75.9048277,32.7088917],[75.904881,32.7091351],[75.9048597,32.7093741],[75.9048118,32.7095544],[75.9047213,32.7097709],[75.904524,32.7101001],[75.9051164,32.7111459],[75.9054898,32.7115787],[75.9063008,32.7125433],[75.9065142,32.7129084],[75.9066317,32.7131879],[75.9066744,32.713481],[75.9066585,32.7136703],[75.9065999,32.7137785],[75.9064986,32.7139995],[75.9064293,32.7142069],[75.9064135,32.7144459],[75.9064296,32.7147389],[75.9064723,32.7149824],[75.9065898,32.7153746],[75.9067286,32.7157353],[75.9069527,32.7160689],[75.9072674,32.7163573],[75.9076462,32.7166052],[75.9083663,32.7170378],[75.9088945,32.7173262],[75.9091612,32.7174794],[75.9099241,32.7182186],[75.9109432,32.7192102],[75.9123786,32.72063],[75.9126454,32.7209455],[75.9128692,32.7211995],[75.9128692,32.7211996],[75.9144367,32.7224229],[75.9149931,32.7230728],[75.9152279,32.7233523],[75.9153507,32.7235506],[75.9154628,32.7237715],[75.9157457,32.7242809],[75.9162528,32.7250201],[75.9167278,32.7257098],[75.9169893,32.7260613],[75.9172241,32.7263137],[75.9174643,32.7265166],[75.9179071,32.7267959],[75.9181686,32.7269988],[75.918286,32.727152],[75.9183608,32.7273098],[75.9187613,32.7282565],[75.918804,32.7284143],[75.9187934,32.7286397],[75.9187562,32.728847],[75.9187189,32.72905],[75.9186551,32.7292529],[75.9185593,32.7296091],[75.9184634,32.7299743],[75.9184049,32.7302268],[75.9183995,32.7302529],[75.9185444,32.7319896],[75.9186461,32.7325261],[75.9187691,32.7333466],[75.9187694,32.733811],[75.9187535,32.7339958],[75.9186895,32.7341357],[75.9185455,32.7342529],[75.9184709,32.7343837],[75.9183856,32.7345416],[75.9183324,32.7347219],[75.9183271,32.7348166],[75.9183538,32.7349022],[75.9184446,32.7350645],[75.9186207,32.7352763],[75.9189623,32.7356414],[75.9192932,32.735975],[75.9197202,32.7364347],[75.9201525,32.7369169],[75.9204835,32.7373],[75.920633,32.7375795],[75.9208253,32.738116],[75.9210925,32.7388779],[75.9212581,32.7394233],[75.9214452,32.7402664],[75.9215094,32.7405819],[75.9215951,32.7411725],[75.9221718,32.7423761],[75.922663,32.7429574],[75.9229192,32.7433181],[75.9229674,32.743548],[75.9229515,32.7436787],[75.9228555,32.7438682],[75.9225997,32.7441793],[75.9221945,32.7448964],[75.9222909,32.7453382],[75.9221152,32.7461994],[75.9219075,32.7467991],[75.9217475,32.7471734],[75.9213531,32.7477055],[75.920935,32.7480786],[75.9208679,32.7481385],[75.9203079,32.7486076],[75.9195452,32.7491625],[75.9188365,32.7498543],[75.9187381,32.75],[75.9187296,32.7502474],[75.9178496,32.750879],[75.917359,32.7512263],[75.916495,32.7520066],[75.9160525,32.7528768],[75.9154607,32.7536571],[75.91489,32.7539728],[75.9138019,32.7548163],[75.9133912,32.7552853],[75.9123939,32.7565525],[75.9119407,32.7571929],[75.9106446,32.7582978],[75.9103353,32.7586226],[75.9090767,32.760273],[75.9086073,32.7607466],[75.9069963,32.7621086],[75.9055295,32.7638267],[75.9047828,32.7647782],[75.9036784,32.765536],[75.9026007,32.7659284],[75.9001357,32.7672545],[75.8991806,32.7678904],[75.8979536,32.7691665],[75.8973081,32.7700098],[75.8964439,32.7711415],[75.8963533,32.7717277],[75.8965832,32.7731388],[75.8966154,32.7736663],[75.8966582,32.7746177],[75.8965036,32.7749242],[75.8962155,32.7750776],[75.8959806,32.7750595],[75.8955589,32.7750011],[75.8950466,32.7747892],[75.8946037,32.7750282],[75.89383,32.7757497],[75.893083,32.776115],[75.8920478,32.776832],[75.8902762,32.7785996],[75.8895718,32.7794068],[75.888686,32.7796368],[75.88756,32.780453],[75.8866741,32.7812015],[75.8858203,32.7822476],[75.8854414,32.7828788],[75.885068,32.7842134],[75.8849188,32.7859402],[75.8848069,32.7876849],[75.8854583,32.7889338],[75.8853195,32.7897183],[75.8852555,32.7899978],[75.8849354,32.7909221],[75.8849354,32.7912467],[75.885117,32.7916299],[75.8858003,32.7932439],[75.8856296,32.7938841],[75.8849466,32.795629],[75.8842635,32.7973739],[75.8840127,32.7981223],[75.883479,32.7991187],[75.8834471,32.800079],[75.8839597,32.8011431],[75.8842319,32.8016705],[75.8842053,32.801932],[75.8825132,32.8035822],[75.8821823,32.8041593],[75.8826361,32.8050791],[75.8825988,32.8058004],[75.8815578,32.8065219],[75.8813497,32.8068195],[75.8811575,32.8074596],[75.8809493,32.8077798],[75.8797802,32.8092361],[75.879508,32.8104624],[75.8790863,32.8112108],[75.8785631,32.8116617],[75.8770949,32.8123922],[75.8754131,32.8127258],[75.8736245,32.8126672],[75.8731281,32.8125815],[75.873128,32.8125815],[75.871852,32.8125996],[75.8713501,32.812834],[75.8701809,32.8132532],[75.8685418,32.813704],[75.8668493,32.813722],[75.8658668,32.8135506],[75.8658667,32.8135506],[75.8650394,32.8133837],[75.8653542,32.8142674],[75.865493,32.8147498],[75.8655837,32.8151015],[75.8656318,32.8154666],[75.8656318,32.8154667],[75.8653807,32.8170221],[75.8654819,32.8188571],[75.8656741,32.819628],[75.8656312,32.8202998],[75.8650278,32.8208454],[75.8642002,32.8213052],[75.8637997,32.821508],[75.8628918,32.8228108],[75.8623791,32.8237486],[75.862096,32.8241724],[75.8611188,32.8247854],[75.8594472,32.8264849],[75.8588116,32.827062],[75.8574122,32.828491],[75.8573321,32.8289553],[75.8571076,32.8299427],[75.8560715,32.830488],[75.8551742,32.8317729],[75.8544103,32.8325121],[75.8535237,32.833337],[75.8526582,32.8343829],[75.8512749,32.8352753],[75.8503615,32.8360731],[75.8497259,32.8362804],[75.8481878,32.8364829],[75.8481876,32.8364829],[75.8470076,32.8362618],[75.8470075,32.8362618],[75.8466658,32.8359732],[75.846084,32.8350715],[75.8458917,32.8354816],[75.8454856,32.8363562],[75.844289,32.8374154],[75.8431087,32.8375684],[75.8424357,32.8376899],[75.8424248,32.838267],[75.8417301,32.8396014],[75.8405918,32.8414631],[75.8404474,32.841959],[75.8402387,32.8430004],[75.839886,32.8435143],[75.8370657,32.8443295],[75.8347367,32.8449149],[75.8347365,32.8449149],[75.8335191,32.844644],[75.833188,32.8448242],[75.8331493,32.8448516],[75.8331492,32.8448517],[75.8326858,32.8451802],[75.8317778,32.8452565],[75.8298764,32.845026],[75.8299774,32.8461847],[75.8296781,32.8466444],[75.8283367,32.8481588],[75.8279732,32.8485059],[75.8263648,32.8500111],[75.8252964,32.8501053],[75.8248264,32.8502584],[75.8246599,32.8503571],[75.8237845,32.8508757],[75.821893,32.8518216],[75.8199215,32.8528488],[75.8186236,32.852731],[75.818682,32.8531999],[75.8186812,32.854575],[75.8183284,32.8549355],[75.8178153,32.8554447],[75.8172965,32.8564544],[75.8172481,32.8569233],[75.8171781,32.8579692],[75.8169265,32.8587851],[75.8158684,32.8593617],[75.8143561,32.8601004],[75.812764,32.8605776],[75.8114339,32.8605544],[75.8114337,32.8605543],[75.8108304,32.8603331],[75.8104182,32.8615818],[75.8102893,32.8623978],[75.8102672,32.8634437],[75.8099828,32.8653551],[75.8096989,32.8663153],[75.8095486,32.8673612],[75.809467,32.8693089],[75.8086216,32.871008],[75.8076532,32.8729733],[75.806744,32.8742622],[75.8063321,32.8748932],[75.8063206,32.8760203],[75.805978,32.8768046],[75.8055769,32.8773408],[75.8033584,32.8787688],[75.8013,32.8804673],[75.8004337,32.8812558],[75.7985894,32.8824134],[75.7973705,32.8831836],[75.7962528,32.8842559],[75.7990148,32.8848527],[75.7999388,32.8853492],[75.8006808,32.8862243],[75.8019411,32.8872304],[75.8048786,32.8888461],[75.806994,32.8898437],[75.8090073,32.891585],[75.8094294,32.891725],[75.8125919,32.8931107],[75.8132646,32.8939721],[75.8139958,32.895325],[75.8147324,32.8966779],[75.8171462,32.8993661],[75.818021,32.9018642],[75.8191363,32.9046463],[75.8192696,32.9050206],[75.818884,32.906382],[75.8189528,32.9075272],[75.8201707,32.9086008],[75.8231628,32.9103468],[75.8242739,32.9113075],[75.8252193,32.9126604],[75.8267091,32.9154247],[75.8278894,32.9171068],[75.8287444,32.9177969],[75.8307266,32.9194613],[75.8311913,32.9203044],[75.8311908,32.9213504],[75.8313507,32.9223108],[75.8316391,32.9228609],[75.8326382,32.9240289],[75.834621,32.9251251],[75.8359731,32.9258244],[75.8366143,32.9266406],[75.8370896,32.9277723],[75.8377042,32.9280205],[75.8389284,32.9280389],[75.8405484,32.9277418],[75.8411419,32.9276066],[75.8424837,32.9278235],[75.8436863,32.9280762],[75.8451884,32.9284598],[75.8458193,32.9281939],[75.8464129,32.9277748],[75.8481934,32.9264452],[75.8491399,32.9257105],[75.8499311,32.9252959],[75.8518451,32.9249311],[75.8524224,32.9249808],[75.8549081,32.9256484],[75.8552235,32.92568],[75.8572388,32.9254955],[75.8593344,32.9253965],[75.8618043,32.9241795],[75.8641137,32.9235305],[75.8656534,32.922913],[75.8670753,32.9227643],[75.8685614,32.9229131],[75.8710471,32.9233144],[75.8730036,32.9238465],[75.8736558,32.9232334],[75.8753129,32.9209972],[75.8759063,32.9201991],[75.8767936,32.9194823],[75.8791241,32.918815],[75.8803536,32.9186662],[75.8820908,32.9189817],[75.8832775,32.9186795],[75.8846992,32.9172818],[75.8857627,32.9160148],[75.8866287,32.9155233],[75.8887452,32.9145448],[75.8904555,32.9142606],[75.8919736,32.9144768],[75.8935396,32.9138362],[75.895175,32.9131192],[75.8962279,32.9127944],[75.8967944,32.912641],[75.8984887,32.9123025],[75.8991355,32.9122078],[75.9014445,32.912329],[75.9019789,32.9122613],[75.9034009,32.9127072],[75.90385,32.9127928],[75.9058218,32.9114398],[75.9082104,32.9100371],[75.9097067,32.9093378],[75.9115021,32.9082463],[75.9129338,32.9067085],[75.9145694,32.9069379],[75.9154834,32.9070728],[75.916114,32.9069373],[75.916969,32.9064997],[75.9174392,32.906211],[75.9188606,32.9057642],[75.9198223,32.9051597],[75.9211573,32.902923],[75.9217392,32.9017912],[75.9221283,32.8998569],[75.9222399,32.8987117],[75.9239649,32.8964929],[75.925081,32.8950181],[75.9255611,32.8938277],[75.9259028,32.8931197],[75.9271895,32.8912257],[75.9282734,32.8897915],[75.9315577,32.886598],[75.9342174,32.8845499],[75.9352907,32.8836026],[75.938292,32.8812297],[75.9392742,32.8801111],[75.9410575,32.8782797],[75.942868,32.8772553],[75.9441924,32.8765197],[75.9454311,32.8754054],[75.9476684,32.8737585],[75.9488164,32.8730004],[75.9501092,32.8728328],[75.9514029,32.8738104],[75.9526824,32.8746014],[75.9536857,32.8753689],[75.9557166,32.876152],[75.9575392,32.8767955],[75.9588703,32.8775341],[75.960507,32.8794039],[75.9611913,32.8798949],[75.9624256,32.8799211],[75.9631904,32.8806284],[75.964057,32.8816692],[75.9644313,32.8819124],[75.9649657,32.8820743],[75.9660717,32.8819202],[75.9667137,32.8827899],[75.9669812,32.8830872],[75.9683609,32.8841818],[75.9697083,32.8850464],[75.9718469,32.8861809],[75.9730071,32.886739],[75.9735736,32.8867791],[75.9753686,32.8864846],[75.9760692,32.8870161],[75.9771826,32.8886969],[75.9782855,32.890603],[75.979212,32.8922929],[75.9803095,32.8939962],[75.9812354,32.8951],[75.9826791,32.8957299],[75.9845706,32.8955975],[75.9857208,32.8965568],[75.9863788,32.8971603],[75.9887527,32.8979652],[75.9894209,32.8981404],[75.9909443,32.8983193],[75.9917481,32.898361],[75.9917994,32.8983637],[75.9947179,32.8988703],[75.9965142,32.8993509],[75.9977445,32.9000666],[75.998838,32.9017525],[75.998952,32.9020355],[75.9999999,32.9018758],[76.0023357,32.901516],[76.0038151,32.9030987],[76.0052493,32.904828],[76.0062634,32.9058613],[76.0077582,32.9072063],[76.0082489,32.907928],[76.0087559,32.9084966],[76.0091191,32.9087043],[76.0101449,32.9089713],[76.0120203,32.9094644],[76.0124049,32.9097037],[76.0130401,32.9103354],[76.0138519,32.9108185],[76.0154543,32.9116901],[76.0163682,32.9118396],[76.0178953,32.9131033],[76.0218756,32.9145945],[76.0226077,32.9147844],[76.024275,32.91516],[76.0262951,32.9154862],[76.0271875,32.9157078],[76.0272272,32.9157432],[76.0287682,32.9171202],[76.0308671,32.91888],[76.0320469,32.9202289],[76.0331362,32.9213749],[76.0333384,32.9223037],[76.033177,32.9233992],[76.0320092,32.9257743],[76.0318856,32.9263153],[76.0320026,32.9269059],[76.0332888,32.929116],[76.0334325,32.9296391],[76.0341044,32.9313843],[76.0343553,32.9317407],[76.0352312,32.9325257],[76.0374638,32.9346824],[76.0388261,32.9357518],[76.0406322,32.936781],[76.0429309,32.9372243],[76.0454122,32.9376646],[76.0454807,32.9376768],[76.0487472,32.9379989],[76.0506127,32.9384599],[76.0532644,32.9387905],[76.0544993,32.9389039],[76.0552905,32.9390892],[76.0571487,32.9396548],[76.0585993,32.9400964],[76.0598234,32.9404307],[76.0612613,32.9409453],[76.0617796,32.9414054],[76.0622444,32.9420279],[76.0635427,32.9434847],[76.0647448,32.9448604],[76.0650062,32.9457757],[76.0652302,32.9465468],[76.0659298,32.9477598],[76.0674473,32.9495549],[76.0681304,32.9517283],[76.0683121,32.9518997],[76.0712955,32.9527486],[76.0734822,32.9534168],[76.0759258,32.9537333],[76.0771235,32.9539907],[76.0775127,32.9540774],[76.0790911,32.9544288],[76.0820428,32.9547679],[76.0830158,32.9552461],[76.0833098,32.9556385],[76.0833309,32.9561795],[76.0832932,32.9566935],[76.0826938,32.9579061],[76.0825327,32.9592855],[76.0822375,32.9615667],[76.083168,32.9617203],[76.0851412,32.9619328],[76.0867081,32.9621091],[76.0890772,32.9624479],[76.0906867,32.9628902],[76.0921787,32.963337],[76.0941569,32.9651633],[76.0943706,32.9656142],[76.0951615,32.9673457],[76.0959046,32.9684008],[76.0968617,32.9691855],[76.0984763,32.9715347],[76.09908,32.9739964],[76.1001761,32.9753492],[76.1011811,32.9776487],[76.1020684,32.9799887],[76.1024854,32.9811564],[76.1030466,32.9828337],[76.1033675,32.983262],[76.1054585,32.9858412],[76.1062875,32.9868782],[76.1063033,32.9882623],[76.1062229,32.9884381],[76.1058804,32.9890106],[76.1038043,32.9911923],[76.1040716,32.9919272],[76.105371,32.994867],[76.1056009,32.9954261],[76.1066008,32.9981222],[76.1079274,33],[76.1074131,33.0030082],[76.1071236,33.0058304],[76.1072038,33.0060558],[76.1074982,33.006146],[76.1081616,33.006092],[76.1100771,33.0061463],[76.1119445,33.0062142],[76.1131698,33.0065163],[76.1152726,33.0072152],[76.1165192,33.0076346],[76.1171024,33.0076708],[76.1185846,33.0077384],[76.1202861,33.0078783],[76.1218914,33.0080362],[76.1230953,33.0080542],[76.1235027,33.0079904],[76.124449,33.0078423],[76.1267124,33.0075447],[76.1276488,33.0075447],[76.1282908,33.0076529],[76.1302796,33.0081773],[76.131983,33.0086265],[76.1339788,33.0090637],[76.1352042,33.0095189],[76.1363065,33.009591],[76.1379278,33.009433],[76.1385899,33.0093056],[76.139945,33.009045],[76.1442789,33.0077416],[76.1460232,33.0075654],[76.1482062,33.0073531],[76.1527703,33.0069644],[76.1560126,33.0064722],[76.1573663,33.0063681],[76.1587147,33.0064535],[76.1603361,33.0066288],[76.1626745,33.0072187],[76.1642799,33.0076736],[76.1660887,33.0081283],[76.1678975,33.008565],[76.1687486,33.0091959],[76.1700924,33.0105209],[76.1707616,33.011278],[76.1718218,33.0126076],[76.1729035,33.0140634],[76.1741299,33.0157987],[76.1755868,33.0181289],[76.1763363,33.0188635],[76.1772734,33.0196881],[76.1783226,33.0201205],[76.1800941,33.0205434],[76.1814857,33.0206826],[76.1825768,33.02054],[76.1832515,33.0204519],[76.1849796,33.019928],[76.1867987,33.0192599],[76.1882111,33.0187362],[76.1896449,33.0182801],[76.1918279,33.0178191],[76.1937435,33.0175385],[76.1955092,33.01724],[76.1984733,33.016553],[76.2000731,33.0163627],[76.2019619,33.016082],[76.2035029,33.0159909],[76.2058523,33.0161471],[76.2090739,33.0162172],[76.2111823,33.0162743],[76.2123277,33.0164493],[76.2130986,33.0167824],[76.2144268,33.0178319],[76.2156537,33.0192872],[76.2166556,33.0204632],[76.2175075,33.0213011],[76.2192958,33.0222465],[76.2207148,33.0228766],[76.2214907,33.022912],[76.2222612,33.0227694],[76.2230318,33.0226268],[76.2245887,33.02231],[76.2262096,33.0217316],[76.2275845,33.0213788],[76.2293074,33.0211339],[76.2308057,33.0209929],[76.2320953,33.020888],[76.2347015,33.0208768],[76.2364087,33.0209293],[76.2378214,33.0208559],[76.2381533,33.02083],[76.23963,33.0207146],[76.2417278,33.0206945],[76.2427715,33.0208198],[76.2440624,33.0216571],[76.2447062,33.0228152],[76.2450395,33.0239509],[76.245481,33.025844],[76.2462322,33.0272814],[76.2481025,33.029101],[76.2489157,33.0298074],[76.2490506,33.029878],[76.2498919,33.0298944],[76.2503412,33.0299895],[76.2507425,33.0301567],[76.2512986,33.0304773],[76.2517371,33.0308069],[76.2529773,33.031818],[76.2540411,33.0327928],[76.2549709,33.0338352],[76.2553507,33.0340473],[76.2559554,33.0341066],[76.2566404,33.0342561],[76.2576835,33.0346852],[76.2589512,33.0353041],[76.261482,33.0360188],[76.2621296,33.0360374],[76.2635797,33.0356389],[76.2636181,33.0356284],[76.2646461,33.0353994],[76.2666268,33.035099],[76.2679806,33.0353437],[76.2696929,33.0357959],[76.2708521,33.0360559],[76.271448,33.0361896],[76.2720472,33.0364742],[76.2729136,33.037052],[76.2738225,33.0379724],[76.2746662,33.0397719],[76.2749541,33.040764],[76.2751494,33.0432347],[76.275366,33.0458091],[76.2757015,33.0473783],[76.2760087,33.0503766],[76.2763184,33.0510531],[76.2769333,33.0517389],[76.2796883,33.0535579],[76.280689,33.0539689],[76.2813527,33.0541362],[76.2846119,33.0552792],[76.2860563,33.0562134],[76.2868323,33.0565702],[76.2876083,33.05676],[76.2885453,33.0567607],[76.2897017,33.0567975],[76.2904054,33.0598456],[76.2905579,33.0628979],[76.2903581,33.0646019],[76.289757,33.066166],[76.2892895,33.0679419],[76.2890214,33.0682032],[76.287752,33.0686712],[76.2863964,33.06959],[76.2850139,33.0707296],[76.2836632,33.0719143],[76.2834432,33.0724416],[76.2828175,33.0768412],[76.2827675,33.0785274],[76.2828773,33.0811918],[76.2827611,33.0848029],[76.2830486,33.0863585],[76.2835827,33.0877836],[76.2855977,33.0919056],[76.2866391,33.0947737],[76.2872163,33.096104],[76.288398,33.0981741],[76.2884832,33.0987152],[76.288397,33.0991254],[76.2866164,33.1014865],[76.285946,33.1023877],[76.2874556,33.1032815],[76.2921133,33.1059535],[76.2949184,33.1080156],[76.2975146,33.1101361],[76.300293,33.1123469],[76.3015991,33.1136235],[76.3025502,33.1166942],[76.3033097,33.11825],[76.3037273,33.1186064],[76.3052212,33.1196172],[76.3081777,33.1207999],[76.3106253,33.121811],[76.3134107,33.122669],[76.3138337,33.1230028],[76.3139675,33.123341],[76.3141705,33.1242022],[76.314588,33.124838],[76.3148557,33.1250456],[76.3156378,33.1252533],[76.3172914,33.1255414],[76.3184397,33.1257415],[76.3197307,33.1260982],[76.3214718,33.1264597],[76.32459,33.1266503],[76.3251204,33.1267993],[76.3255864,33.1269843],[76.3262988,33.1273408],[76.3284567,33.1298707],[76.3300153,33.1314086],[76.3307703,33.1322294],[76.3334004,33.1341733],[76.3346699,33.1350709],[76.3397642,33.1392876],[76.3410016,33.1404015],[76.3440016,33.1430036],[76.3450035,33.1436395],[76.3466485,33.1443703],[76.3488293,33.1455158],[76.3527141,33.1475678],[76.3558061,33.149331],[76.3594768,33.1515406],[76.3620974,33.1531954],[76.3628745,33.1535111],[76.3638338,33.1536644],[76.3656829,33.1532498],[76.3663475,33.1531777],[76.3669897,33.1531778],[76.3672372,33.1531778],[76.3678589,33.1532861],[76.3684645,33.1534573],[76.3689522,33.1538316],[76.3695632,33.1544672],[76.3701741,33.1552337],[76.3705225,33.1560317],[76.3717069,33.1588223],[76.3723286,33.1605445],[76.3729718,33.1613876],[76.375743,33.1642413],[76.3766113,33.1653278],[76.3776567,33.1661708],[76.3803959,33.1676314],[76.3816182,33.1687178],[76.3827547,33.1698042],[76.384556,33.1710213],[76.3862179,33.1719634],[76.3872419,33.1724141],[76.3889092,33.1729549],[76.3904692,33.1735724],[76.3908928,33.1738518],[76.3919812,33.1747533],[76.3949575,33.1789591],[76.3962499,33.180122],[76.3971831,33.1814112],[76.3978533,33.1821234],[76.3983198,33.1823667],[76.4001481,33.1825152],[76.4011025,33.1828891],[76.4021215,33.1837815],[76.4030548,33.1850887],[76.4038968,33.1857873],[76.4042346,33.1858594],[76.4075962,33.1855384],[76.4089718,33.1853606],[76.4103573,33.1851815],[76.4125821,33.1849194],[76.4141638,33.1850496],[76.414625,33.1852343],[76.4161764,33.185903],[76.4166735,33.1861172],[76.4203309,33.1876578],[76.421392,33.1866926],[76.4225603,33.1856327],[76.4242756,33.1849964],[76.4253851,33.184509],[76.4257871,33.184324],[76.426591,33.183724],[76.4269874,33.1831829],[76.4282573,33.1819652],[76.431308,33.1820945],[76.4319298,33.1819049],[76.4335323,33.181025],[76.4345505,33.1805557],[76.4357084,33.1802936],[76.4365769,33.1802751],[76.437869,33.1803511],[76.4390216,33.1802739],[76.4400939,33.1804401],[76.4407161,33.1806653],[76.4416277,33.1809442],[76.4416948,33.1809638],[76.4432311,33.1814122],[76.4448341,33.1814699],[76.4456811,33.1813387],[76.4464104,33.181116],[76.4464797,33.1810948],[76.4473371,33.1805173],[76.4489125,33.1796552],[76.4496254,33.1795017],[76.4507405,33.1794288],[76.4526114,33.1793509],[76.45437,33.1794445],[76.454949,33.1794983],[76.4560054,33.1797184],[76.4577643,33.1801861],[76.4593463,33.1806539],[76.4613729,33.1806525],[76.462086,33.1807647],[76.4630996,33.1810435],[76.4644784,33.1819938],[76.4648324,33.1822008],[76.4653472,33.1823132],[76.4663928,33.1824071],[76.4673738,33.1822937],[76.468017,33.1821039],[76.4691076,33.1815923],[76.4695763,33.1813724],[76.4711998,33.1804379],[76.4727806,33.1797604],[76.4744688,33.1793488],[76.4763396,33.1790677],[76.4782211,33.1788408],[76.4793789,33.1787451],[76.4799312,33.1787853],[76.4806443,33.1788748],[76.4817812,33.1791578],[76.4834658,33.180013],[76.485204,33.1810032],[76.4865187,33.1818992],[76.487141,33.1822954],[76.4881817,33.1827723],[76.4898233,33.183474],[76.492307,33.1845312],[76.4944641,33.1858185],[76.4958269,33.1865294],[76.4973617,33.1874657],[76.498886,33.1885261],[76.4994069,33.1887315],[76.5,33.1890214],[76.5017538,33.1898789],[76.5052361,33.1919786],[76.506703,33.1936481],[76.5079451,33.1951009],[76.5093062,33.1958415],[76.5103302,33.1959371],[76.5117997,33.1957536],[76.5136339,33.1954127],[76.5174893,33.1954161],[76.5190656,33.1955751],[76.5228831,33.1958849],[76.5240571,33.1961338],[76.5252687,33.1964143],[76.5284579,33.1975889],[76.5301838,33.1983296],[76.531427,33.1990744],[76.5329708,33.1996616],[76.534472,33.1998791],[76.5361235,33.2000651],[76.536858,33.2001243],[76.5382736,33.2001838],[76.5392377,33.200144],[76.5397751,33.2001218],[76.5413199,33.1997846],[76.5429345,33.1991997],[76.544694,33.19852],[76.546201,33.1983362],[76.5471928,33.1985532],[76.5480717,33.1990813],[76.5488652,33.1998822],[76.5499041,33.2009307],[76.5510078,33.2020133],[76.5533546,33.2044852],[76.5556647,33.2062177],[76.5570582,33.2071426],[76.5581947,33.207851],[76.5592238,33.2086134],[76.5606925,33.2095383],[76.5616472,33.2095389],[76.5628916,33.2091068],[76.5646352,33.2084895],[76.5654987,33.2081838],[76.5671886,33.2072288],[76.5688782,33.206887],[76.5726592,33.2063341],[76.57629,33.2060876],[76.5781616,33.2061514],[76.5797059,33.2065216],[76.58132,33.2066754],[76.583374,33.2066176],[76.5870101,33.2063076],[76.588292,33.2058437],[76.590459,33.2048885],[76.5911186,33.2048572],[76.5919979,33.2052586],[76.5932097,33.205845],[76.5949739,33.206188],[76.5958911,33.2059088],[76.5973232,33.2049848],[76.5990075,33.2035336],[76.5992275,33.2030693],[76.5979469,33.1994264],[76.5972507,33.1968024],[76.5971759,33.1957204],[76.5972303,33.1930515],[76.5976704,33.1916946],[76.5986252,33.1902747],[76.6006095,33.1887919],[76.6013441,33.1886072],[76.6019285,33.1888237],[76.6027004,33.1895677],[76.6037618,33.1903974],[76.6049361,33.190614],[76.6053058,33.1905625],[76.6062604,33.1904294],[76.6080192,33.1899382],[76.6083036,33.1897668],[76.6097084,33.1889196],[76.6110651,33.1873418],[76.6120198,33.185214],[76.6120201,33.183023],[76.6116182,33.1812602],[76.6118061,33.1798942],[76.6119888,33.1764049],[76.6121339,33.1742454],[76.6125736,33.1733798],[76.6148146,33.1719599],[76.6180794,33.1701073],[76.623381,33.1669065],[76.625434,33.1661356],[76.6263507,33.1660094],[76.6268143,33.1660427],[76.6276693,33.1661041],[76.6295776,33.1658244],[76.6332868,33.1646836],[76.6352271,33.1636015],[76.6366206,33.1627403],[76.6394077,33.161658],[76.6410585,33.1615631],[76.6426398,33.1616215],[76.6444356,33.1618692],[76.6455773,33.1623333],[76.6457579,33.1624653],[76.6469712,33.1633519],[76.6483651,33.1639964],[76.649941,33.1640592],[76.6516293,33.1639371],[76.6528063,33.1637833],[76.6540146,33.1636254],[76.6550009,33.1637515],[76.6559927,33.1643373],[76.6565176,33.1648999],[76.6573172,33.1657571],[76.6586739,33.1671452],[76.6601431,33.1680104],[76.6619392,33.1688709],[76.6633042,33.1704024],[76.6641433,33.1711244],[76.6644338,33.1712201],[76.6646137,33.1712756],[76.6668933,33.1709071],[76.6716588,33.1706619],[76.6738997,33.1709045],[76.6784836,33.1719214],[76.68021,33.1723219],[76.6816416,33.1726954],[76.6841454,33.1732758],[76.685904,33.1735229],[76.6882927,33.1735448],[76.6891687,33.1735528],[76.6908197,33.1733628],[76.6927653,33.1729017],[76.6946734,33.1725896],[76.6968017,33.1727146],[76.6996273,33.1731728],[76.7020135,33.1739738],[76.7043628,33.1752707],[76.7072591,33.1768738],[76.7082147,33.178203],[76.7084737,33.1798979],[76.7087691,33.180547],[76.7093215,33.1806998],[76.7106025,33.1803924],[76.7156314,33.1804204],[76.7170684,33.1806312],[76.71894,33.1811257],[76.7189415,33.1811265],[76.71997,33.1816795],[76.7207364,33.181494],[76.7211565,33.1812185],[76.722574,33.1802889],[76.7260186,33.1779373],[76.7279634,33.1768853],[76.7289496,33.1766996],[76.731266,33.1770673],[76.7333894,33.1774983],[76.7370997,33.177806],[76.7408798,33.1782669],[76.7435554,33.1785393],[76.7460536,33.1784152],[76.7468201,33.1784145],[76.7470082,33.1787208],[76.7469508,33.1791905],[76.7467856,33.1805424],[76.7467569,33.1830761],[76.7472683,33.1844957],[76.7478975,33.1859151],[76.7488396,33.186942],[76.7497806,33.1874975],[76.7501819,33.1880615],[76.7503631,33.1888551],[76.750222,33.1900181],[76.750086,33.1914922],[76.7505786,33.1919074],[76.7541259,33.193615],[76.7543743,33.1936966],[76.7559696,33.1942209],[76.7578073,33.1953947],[76.7582997,33.1959993],[76.7596481,33.1983043],[76.7604557,33.1998964],[76.7610809,33.2015606],[76.7620664,33.2026164],[76.7632762,33.2042629],[76.7638533,33.2058865],[76.7644853,33.2065678],[76.7655625,33.2071367],[76.7662373,33.2078947],[76.7664135,33.208535],[76.7664115,33.2101219],[76.766593,33.2108434],[76.7675366,33.2110696],[76.7694667,33.2115626],[76.7702276,33.2121674],[76.7709452,33.2130381],[76.7711262,33.2142104],[76.7706746,33.2151567],[76.7707159,33.216401],[76.7716145,33.2185567],[76.7732324,33.2202622],[76.7742189,33.2206011],[76.775163,33.2204486],[76.7758389,33.2204897],[76.7759724,33.2209406],[76.7761059,33.2215493],[76.7760131,33.2229828],[76.7764195,33.2240426],[76.7771799,33.225292],[76.7773134,33.2257835],[76.7769525,33.2270771],[76.7767748,33.2277171],[76.7769069,33.22957],[76.7781584,33.2329342],[76.7790014,33.2349582],[76.7793248,33.2357347],[76.7794134,33.2381151],[76.7789552,33.2392071],[76.7788272,33.2395122],[76.7780166,33.2400435],[76.7759935,33.2404567],[76.7737444,33.2414738],[76.773116,33.242154],[76.7727541,33.244232],[76.7723442,33.2461612],[76.7718976,33.2472563],[76.7717141,33.2481262],[76.771579,33.2488835],[76.770939,33.2493243],[76.7706925,33.2494366],[76.7711288,33.25],[76.7717399,33.2510239],[76.7728846,33.2521124],[76.7741877,33.2527491],[76.7774273,33.2537705],[76.7798736,33.2542593],[76.7819179,33.2543014],[76.7841131,33.2536088],[76.7848377,33.253465],[76.785417,33.2536277],[76.7866397,33.2543274],[76.7884259,33.2550004],[76.7911133,33.2558362],[76.7930015,33.2563649],[76.7940693,33.2564016],[76.7969776,33.256426],[76.799151,33.2562425],[76.8008741,33.2553284],[76.8019641,33.254495],[76.8025788,33.2538518],[76.803441,33.2529496],[76.8042565,33.2514986],[76.8044692,33.25],[76.8053548,33.2482666],[76.8063004,33.2466037],[76.8065265,33.2455849],[76.8068379,33.2449809],[76.807831,33.2444901],[76.8082379,33.2440908],[76.8089318,33.2434098],[76.8090742,33.2432701],[76.8094471,33.2429041],[76.8127322,33.2405614],[76.813274,33.2402152],[76.8140364,33.2397281],[76.815405,33.2387891],[76.8167763,33.2378484],[76.8170045,33.2376918],[76.8170122,33.2376856],[76.8184429,33.2365203],[76.8200635,33.2358403],[76.8209647,33.2359172],[76.8224019,33.2367835],[76.8228458,33.2391279],[76.8230267,33.2416978],[76.8235193,33.2433253],[76.8245541,33.2446107],[76.827477,33.2466134],[76.8294989,33.2481289],[76.8307109,33.2491888],[76.8314193,33.2492826],[76.831564,33.2493017],[76.8315998,33.249286],[76.8333618,33.248509],[76.8348912,33.2479053],[76.8372358,33.2479421],[76.8392587,33.2473747],[76.840965,33.2471497],[76.8424942,33.2469968],[76.8431703,33.2467355],[76.8433519,33.2459958],[76.843756,33.2443508],[76.8439332,33.2437107],[76.8444754,33.2428047],[76.8444801,33.2427861],[76.8446096,33.2422728],[76.843891,33.2418579],[76.8415524,33.2405364],[76.8405173,33.2395894],[76.8402475,33.2392257],[76.8393965,33.2380787],[76.8383618,33.2365637],[76.8379599,33.2353148],[76.837687,33.2340299],[76.8368343,33.2332002],[76.8347696,33.2316892],[76.8340509,33.2311836],[76.8328338,33.2303271],[76.8318474,33.2291142],[76.831038,33.2279057],[76.830368,33.2266566],[76.8300952,33.2251822],[76.8300955,33.2247675],[76.8292377,33.2239377],[76.8281171,33.2230266],[76.8277097,33.2225711],[76.8279839,33.2213631],[76.8282958,33.2198484],[76.8283876,33.2185635],[76.8276696,33.2173551],[76.8263668,33.2162951],[76.8256055,33.2156908],[76.8255577,33.2147846],[76.8262338,33.2143702],[76.8269599,33.2141662],[76.8275801,33.2139919],[76.8296026,33.2131993],[76.8309061,33.2127443],[76.8317643,33.2123299],[76.8318077,33.2113832],[76.8313148,33.2103236],[76.8313149,33.2099494],[76.832125,33.209571],[76.832723,33.2094783],[76.8331119,33.209418],[76.8340561,33.2085888],[76.8340653,33.2085394],[76.8343733,33.2068848],[76.8344599,33.2048471],[76.8336505,33.2044276],[76.8310445,33.203746],[76.8292966,33.2032539],[76.8283049,33.2023113],[76.8266002,33.2013639],[76.8253408,33.1999659],[76.8243551,33.1982659],[76.8236369,33.197621],[76.8214813,33.1972053],[76.8209403,33.1966009],[76.8193266,33.1960322],[76.818426,33.1954638],[76.817526,33.1944039],[76.817392,33.1941379],[76.8180679,33.1937956],[76.8188297,33.1931557],[76.8193721,33.1918306],[76.8194646,33.1897929],[76.8197329,33.1890717],[76.8216648,33.1865433],[76.8223842,33.1850694],[76.8223421,33.1835547],[76.8213081,33.1824948],[76.8204615,33.1815447],[76.8198293,33.1808351],[76.8188381,33.1798879],[76.8172248,33.1792831],[76.8154294,33.1783355],[76.8138109,33.1775413],[76.8135431,33.1772391],[76.8137202,33.1768605],[76.8138118,33.1761798],[76.8130468,33.1738351],[76.8129141,33.17191],[76.8129303,33.1718564],[76.8131882,33.171004],[76.8138589,33.1701342],[76.8154786,33.1688862],[76.8164225,33.1680572],[76.817367,33.1667276],[76.8173196,33.1653661],[76.8172663,33.1650075],[76.8168766,33.1623815],[76.8166957,33.1603391],[76.8180003,33.1570893],[76.8194381,33.1548582],[76.8205162,33.1534251],[76.8217762,33.1525556],[76.8224948,33.151839],[76.8231228,33.1503651],[76.8242006,33.14927],[76.8253696,33.1481705],[76.8274387,33.1474184],[76.8291002,33.1470403],[76.8296363,33.1465851],[76.8297474,33.1463529],[76.8300869,33.1456431],[76.8297717,33.1439029],[76.8300456,33.1428434],[76.8314393,33.1419016],[76.8332349,33.1412215],[76.8348052,33.1406541],[76.8362894,33.1410692],[76.8377736,33.1412951],[76.838808,33.1412234],[76.8388911,33.1411714],[76.8400194,33.1404661],[76.8411648,33.1396797],[76.8439696,33.1377802],[76.8440429,33.137682],[76.8442849,33.1373574],[76.8446453,33.1368743],[76.8446884,33.1362295],[76.8445561,33.1360306],[76.8444011,33.1357976],[76.8442865,33.1356254],[76.843435,33.134719],[76.842894,33.1338848],[76.8428523,33.1334737],[76.8427177,33.1321446],[76.8428523,33.1307109],[76.8429864,33.1303323],[76.8439294,33.1301432],[76.8440131,33.1301432],[76.8455422,33.1301435],[76.8489129,33.1287062],[76.8505743,33.1278003],[76.8511343,33.1273968],[76.8521445,33.126669],[76.8529109,33.1256863],[76.8527718,33.1248162],[76.8517433,33.1239099],[76.8499006,33.122584],[76.8492741,33.1211864],[76.8492315,33.120429],[76.8501267,33.1185762],[76.8510269,33.1178596],[76.8514199,33.117659],[76.8527309,33.1169898],[76.8543919,33.1160478],[76.8545082,33.1158213],[76.8547991,33.1152545],[76.8550672,33.1143843],[76.857087,33.1138166],[76.8596907,33.1131001],[76.8624282,33.1127218],[76.8656586,33.1129474],[76.8679514,33.1132902],[76.8687121,33.1136283],[76.8696978,33.1133624],[76.8705068,33.1133624],[76.8732441,33.1158601],[76.8754889,33.117749],[76.8766131,33.1184521],[76.8772408,33.1188446],[76.8798874,33.119638],[76.8812805,33.1197506],[76.8825877,33.1199398],[76.8837986,33.1209631],[76.8845648,33.1212651],[76.8851006,33.1213778],[76.8854594,33.1206203],[76.8863164,33.1194886],[76.887436,33.1185418],[76.8889199,33.1172207],[76.8890617,33.1170559],[76.8905803,33.115291],[76.8915229,33.1141188],[76.8915771,33.1139452],[76.8919243,33.1128337],[76.892733,33.1108274],[76.8932685,33.1099167],[76.8930005,33.1089745],[76.8923733,33.1068963],[76.8925497,33.1059134],[76.8930425,33.1050026],[76.8933911,33.104735],[76.8940761,33.104209],[76.8940797,33.1042048],[76.8951096,33.1030367],[76.8956451,33.1023197],[76.8962177,33.1021008],[76.896636,33.1019409],[76.8971157,33.1013236],[76.8974874,33.1008452],[76.8975297,33.0994837],[76.8977117,33.0986902],[76.8982955,33.098352],[76.9004484,33.0974814],[76.903769,33.096534],[76.9068644,33.0954782],[76.9070896,33.0953669],[76.9075051,33.0951613],[76.9087065,33.0945671],[76.9092901,33.093814],[76.9094235,33.0925651],[76.9097818,33.0912397],[76.9100921,33.0904867],[76.9099578,33.0896166],[76.9088809,33.0884087],[76.9081474,33.0878611],[76.9073113,33.0872369],[76.9063167,33.0858879],[76.9056929,33.0850418],[76.905023,33.0835271],[76.9047494,33.0819402],[76.9051985,33.0795192],[76.9058727,33.0783468],[76.9065241,33.078113],[76.9068152,33.0780085],[76.9099525,33.07661],[76.9108948,33.0760056],[76.9110868,33.0756822],[76.9113443,33.0752481],[76.9112523,33.0731698],[76.9110752,33.0721104],[76.9112516,33.0712808],[76.9114128,33.0711281],[76.91305,33.0695761],[76.9138527,33.0684443],[76.9140321,33.0669999],[76.9141674,33.0659105],[76.9139846,33.0640576],[76.914209,33.0633768],[76.9157826,33.0618254],[76.9166759,33.0603509],[76.9173496,33.0585743],[76.9184675,33.0565316],[76.9195432,33.0555845],[76.9196934,33.0554913],[76.9210685,33.0546372],[76.921471,33.054152],[76.9221011,33.0533925],[76.9225072,33.0520669],[76.9226684,33.050649],[76.922683,33.0505204],[76.9234,33.0497988],[76.9246091,33.0486262],[76.9254648,33.0474176],[76.9255031,33.0465303],[76.9255072,33.0464349],[76.9255063,33.0447351],[76.9257304,33.0437116],[76.9263136,33.0432605],[76.9263493,33.0430761],[76.9264897,33.0423498],[76.9262213,33.0409162],[76.925728,33.0394782],[76.9257702,33.03827],[76.9271175,33.0360378],[76.9274276,33.0354696],[76.9281493,33.0340717],[76.928507,33.0323358],[76.9286886,33.031655],[76.9293863,33.031474],[76.9298552,33.0313524],[76.9314437,33.0299297],[76.9323154,33.0288897],[76.9329895,33.028168],[76.9331257,33.0281835],[76.9350072,33.028397],[76.9375654,33.0282425],[76.9397598,33.028318],[76.9409747,33.0283173],[76.9424513,33.0275231],[76.9425683,33.027392],[76.9426985,33.0272461],[76.9430328,33.0268717],[76.9443761,33.025367],[76.9447158,33.0251365],[76.9459916,33.0242706],[76.9462799,33.0238512],[76.9473899,33.0222644],[76.9475265,33.0221047],[76.9484559,33.0210186],[76.9500224,33.0191241],[76.9509317,33.0181974],[76.9518144,33.0182574],[76.953089,33.0176468],[76.9532906,33.0175502],[76.9548205,33.0168173],[76.9581374,33.0158323],[76.959662,33.0153399],[76.9604211,33.0145098],[76.9611361,33.012467],[76.9614507,33.0112946],[76.9609089,33.0098207],[76.9605979,33.0091402],[76.9613998,33.0084589],[76.9615806,33.0081906],[76.9618675,33.007765],[76.9625217,33.0067945],[76.9637293,33.0051706],[76.9650766,33.0041102],[76.9658791,33.0039563],[76.9673615,33.0042573],[76.9681211,33.0041846],[76.9688012,33.003425],[76.9703605,33.0017575],[76.9708517,33.0008508],[76.9713488,33.0002823],[76.9721132,32.9999999],[76.97591,33.0000208],[76.9808201,33],[76.981097,33.0003375],[76.9824833,33.0007736],[76.9829319,33.0008422],[76.9831887,33.0008815],[76.9843883,33.001065],[76.9860683,33.0011131],[76.987567,33.0014995],[76.9884932,33.0020847],[76.989013,33.0026207],[76.9916125,33.0019827],[76.9923077,33.0017881],[76.9925627,33.0011128],[76.992713,33.0007147],[76.9932886,32.9999998],[76.9947386,32.9986256],[76.9958964,32.9975688],[76.9967072,32.9970012],[76.9975876,32.9966093],[76.9982134,32.9964327],[76.9985231,32.9962914],[76.9999956,32.9956195],[77.0000475,32.9955901],[77.0004492,32.9952884],[77.000546,32.9948902],[77.0005621,32.9948241],[77.0005629,32.9943823],[77.0007503,32.9940804],[77.0014465,32.9937158],[77.0034735,32.9929073],[77.0039944,32.9926996],[77.005975,32.9918585],[77.0074473,32.9908724],[77.0083702,32.9900618],[77.008524,32.9899266],[77.0088523,32.9894246],[77.0091458,32.9889759],[77.0094885,32.9886561],[77.009513,32.9886518],[77.0102965,32.9885126],[77.0133882,32.988804],[77.0196832,32.9901845],[77.0228491,32.9911473],[77.0238651,32.991324],[77.024641,32.9913246],[77.0257699,32.9912128],[77.0262408,32.9911591],[77.0278835,32.9907592],[77.0296763,32.9903005],[77.0306555,32.9899362],[77.0312765,32.9896841],[77.031426,32.9896662],[77.0316348,32.9897071],[77.0320303,32.9899146],[77.0328588,32.9907087],[77.0342163,32.9921705],[77.0344407,32.9923328],[77.0357236,32.9932175],[77.0364934,32.9939619],[77.0372468,32.9949498],[77.0383202,32.996817],[77.0387529,32.9975206],[77.0389401,32.997647],[77.0392022,32.9977644],[77.0399563,32.9979903],[77.0404859,32.998117],[77.0421657,32.9982622],[77.0446532,32.9985164],[77.0464989,32.9986211],[77.0473871,32.9986218],[77.0478954,32.998541],[77.0484253,32.9983835],[77.0488214,32.9981448],[77.0497848,32.9975592],[77.0514231,32.9962077],[77.0525902,32.9954689],[77.0532323,32.9951673],[77.0540083,32.9948656],[77.0543295,32.9946134],[77.0551758,32.9934687],[77.0564234,32.9920133],[77.0570441,32.9916033],[77.0578148,32.9911709],[77.0595917,32.9903287],[77.0617215,32.9893695],[77.0646055,32.9884467],[77.0658149,32.9880821],[77.0664194,32.987866],[77.0670991,32.9874696],[77.0679071,32.9870732],[77.0685518,32.9867868],[77.0687437,32.9867015],[77.0691539,32.9865192],[77.0695287,32.9862491],[77.070492,32.9852935],[77.0707918,32.9848743],[77.0710221,32.9845228],[77.0711877,32.9844102],[77.0717016,32.9844103],[77.0725842,32.9844107],[77.0732477,32.9843478],[77.0748312,32.9839202],[77.076094,32.9835059],[77.0776026,32.9830376],[77.0781321,32.9830377],[77.0789024,32.9831644],[77.0793945,32.9832457],[77.0797528,32.9832458],[77.0801649,32.983007],[77.0806946,32.9824662],[77.0808893,32.9821676],[77.0816583,32.9809879],[77.0816593,32.9809851],[77.0818026,32.9805782],[77.0818332,32.9804916],[77.0819608,32.9801293],[77.0826598,32.9784363],[77.0826225,32.9781343],[77.0823982,32.9771965],[77.0821813,32.9767086],[77.0819813,32.9762585],[77.0818319,32.9758528],[77.0817572,32.9755506],[77.0818484,32.9752802],[77.0820195,32.9750592],[77.0823328,32.9746783],[77.082453,32.974532],[77.0830735,32.9741535],[77.0842612,32.9735002],[77.0850157,32.9730135],[77.0854491,32.9727117],[77.0858448,32.9725539],[77.0865243,32.9724099],[77.0871822,32.9725092],[77.0878827,32.9726808],[77.0886528,32.9727802],[77.0895407,32.9728119],[77.0901237,32.9728121],[77.0908566,32.9726771],[77.0914824,32.9725014],[77.0922902,32.972123],[77.0931033,32.9717715],[77.0936703,32.9715326],[77.0943068,32.9714066],[77.0952695,32.9713436],[77.0968367,32.9715018],[77.098607,32.9717637],[77.0998919,32.9719138],[77.1001153,32.9719399],[77.1012864,32.9720843],[77.102415,32.9724317],[77.1033563,32.9728646],[77.1052603,32.9736538],[77.1069021,32.9741772],[77.1087634,32.974511],[77.110122,32.9748945],[77.1107638,32.9751424],[77.1109136,32.9753498],[77.1110633,32.975715],[77.1111969,32.9763958],[77.1112502,32.9771126],[77.1113304,32.9779556],[77.1114427,32.9786004],[77.1116137,32.9791415],[77.1118382,32.9795202],[77.1121966,32.9798223],[77.1129133,32.9803183],[77.1141755,32.9814995],[77.1146088,32.9821353],[77.1153041,32.9833752],[77.11555,32.9839389],[77.1158121,32.9844482],[77.1159084,32.984624],[77.1160209,32.9846691],[77.1161919,32.9846242],[77.1167377,32.9843852],[77.1173582,32.9841463],[77.1181874,32.9838443],[77.1201505,32.9835423],[77.121643,32.9831363],[77.1216751,32.9831275],[77.1219194,32.9830151],[77.1232423,32.9824061],[77.1246547,32.9818788],[77.1261791,32.9813376],[77.1276877,32.981004],[77.1298378,32.9808056],[77.1307794,32.9806793],[77.1311991,32.9805912],[77.132154,32.9803907],[77.1337212,32.980075],[77.135326,32.9800523],[77.1367168,32.9801784],[77.138696,32.9806562],[77.1389118,32.9807219],[77.1395841,32.9809265],[77.1414297,32.9814447],[77.1419004,32.9815078],[77.1421678,32.9814897],[77.1423924,32.9814131],[77.1426172,32.9813319],[77.1429219,32.9811425],[77.1432588,32.9808224],[77.1442803,32.9800422],[77.1453875,32.979217],[77.1467833,32.9785089],[77.1475748,32.9783509],[77.1481578,32.9782697],[77.1488532,32.9782696],[77.149367,32.9783011],[77.1502496,32.9783009],[77.1505168,32.9781746],[77.1503991,32.9778545],[77.1501097,32.9773921],[77.1500831,32.9773497],[77.149912,32.9768221],[77.1497407,32.9760738],[77.1494783,32.9748882],[77.1493415,32.9742364],[77.1491944,32.9735357],[77.1490978,32.9721876],[77.1491302,32.9719093],[77.149182,32.9714653],[77.1492471,32.9709073],[77.1493055,32.9696359],[77.1493054,32.9692392],[77.1491181,32.9684819],[77.1488879,32.9680536],[77.1484171,32.9673052],[77.1479837,32.9667688],[77.1477215,32.9663856],[77.1475129,32.9659979],[77.1474896,32.9659509],[77.147363,32.965696],[77.147363,32.965439],[77.147816,32.9646075],[77.1482448,32.9638359],[77.1484909,32.9634053],[77.148662,32.9629996],[77.1486734,32.9629648],[77.148865,32.9623819],[77.1490359,32.9618094],[77.1490841,32.9614932],[77.1492228,32.9605831],[77.1491853,32.9601637],[77.148901,32.9575218],[77.1488046,32.9570665],[77.1487297,32.9567014],[77.1487295,32.9564804],[77.1487296,32.9561603],[77.1488418,32.9560206],[77.1490344,32.9558267],[77.1491609,32.9557592],[77.1492373,32.9557184],[77.1498417,32.9556056],[77.1503498,32.9555424],[77.1508791,32.9554476],[77.1544618,32.9544053],[77.1549162,32.9542294],[77.1553117,32.9541977],[77.1562904,32.9541839],[77.1568733,32.9541838],[77.1577985,32.9540573],[77.1592474,32.9536736],[77.1600761,32.9533803],[77.1607924,32.9529159],[77.1611293,32.9526633],[77.1612954,32.9524276],[77.1617332,32.9518066],[77.1618828,32.9514367],[77.1618924,32.951306],[77.1619412,32.9506432],[77.16147,32.9487768],[77.1613734,32.9482359],[77.1613572,32.9477084],[77.1612978,32.9464145],[77.1610564,32.944823],[77.1608112,32.9438863],[77.1603181,32.9418197],[77.1596589,32.9395126],[77.159509,32.9389085],[77.1594714,32.9384397],[77.1594714,32.9382503],[77.1596048,32.9380564],[77.1598668,32.9378985],[77.1604495,32.9378037],[77.1612245,32.9376907],[77.1619572,32.9376905],[77.1627484,32.9375956],[77.1632937,32.9374826],[77.163823,32.9373563],[77.1640849,32.9372299],[77.1643146,32.937009],[77.1644642,32.9366888],[77.164539,32.9364815],[77.1645549,32.9361658],[77.1644958,32.9356339],[77.1644207,32.935156],[77.1642923,32.9348719],[77.1641372,32.9346015],[77.1638751,32.9343943],[77.1635008,32.934187],[77.1631052,32.9339977],[77.1627467,32.9337906],[77.1624259,32.9335651],[77.1621263,32.933209],[77.1619712,32.932826],[77.1618587,32.9324742],[77.1617677,32.9321407],[77.1617087,32.9317124],[77.1617087,32.9312661],[77.1618044,32.9305988],[77.1626318,32.9277132],[77.1627568,32.9272002],[77.1633468,32.9247779],[77.163987,32.9217797],[77.164211,32.920454],[77.1642107,32.9198453],[77.1641196,32.919052],[77.1638947,32.9182314],[77.1634614,32.9174696],[77.1628944,32.9166763],[77.16229,32.9158786],[77.1611989,32.9144857],[77.1604609,32.9136429],[77.1598781,32.913039],[77.1591459,32.9127777],[77.1582371,32.9125524],[77.1576316,32.9124698],[77.157446,32.9124445],[77.1562592,32.912093],[77.1559224,32.9119355],[77.1557354,32.9117461],[77.1557353,32.9115838],[77.1559597,32.9114576],[77.1564139,32.911489],[77.1569378,32.9116015],[77.1573709,32.9117141],[77.1576482,32.9117766],[77.158071,32.9118718],[77.1586698,32.9119797],[77.1592204,32.9120788],[77.1597654,32.9120923],[77.1598795,32.9120644],[77.1609307,32.9118078],[77.1615559,32.9116002],[77.1626087,32.911424],[77.163512,32.9112795],[77.165265,32.9110265],[77.1659226,32.9109633],[77.167729,32.9106063],[77.1685573,32.9104934],[77.169124,32.9104437],[77.1697653,32.9104749],[77.1704441,32.9106686],[77.17146,32.9112409],[77.172385,32.911876],[77.173235,32.9126333],[77.1739305,32.9133317],[77.17461,32.9145848],[77.1755897,32.9169918],[77.1760231,32.9178979],[77.1765904,32.9189888],[77.1774198,32.9206251],[77.1784958,32.9231268],[77.1788327,32.9234647],[77.1790788,32.9236945],[77.1798115,32.924154],[77.1812778,32.924812],[77.1819395,32.9251088],[77.1836936,32.9260458],[77.18556,32.9270683],[77.1866139,32.9279107],[77.1872398,32.9284831],[77.1874804,32.9286905],[77.1877263,32.928776],[77.1879724,32.9287444],[77.1882127,32.9285051],[77.1890836,32.9277608],[77.1903978,32.9267547],[77.1909855,32.9261683],[77.1912258,32.9258346],[77.1924487,32.9240936],[77.1928652,32.9234397],[77.1929384,32.9230347],[77.1929769,32.922822],[77.1930506,32.9212394],[77.1931082,32.9196796],[77.1932022,32.9170466],[77.1934102,32.9164017],[77.1938214,32.9158785],[77.1949535,32.9145434],[77.1956853,32.9138712],[77.197699,32.9121748],[77.1981905,32.9118093],[77.1983775,32.9115884],[77.198436,32.9114124],[77.1984518,32.9111104],[77.1984591,32.9110244],[77.1984888,32.9106732],[77.1985474,32.9104025],[77.1986594,32.9101004],[77.1987714,32.9098794],[77.1988423,32.9098027],[77.1989797,32.9096538],[77.1992201,32.9094464],[77.1996957,32.9093514],[77.2005987,32.909175],[77.2009353,32.9091118],[77.2013684,32.9090347],[77.2016139,32.9089084],[77.2018596,32.9086828],[77.201993,32.9083491],[77.2021437,32.9079044],[77.2022544,32.9075779],[77.2024462,32.9070684],[77.2026864,32.9067211],[77.2029161,32.9065452],[77.2032366,32.9063374],[77.2035733,32.9063059],[77.204252,32.9062738],[77.2062722,32.9062546],[77.2076405,32.90624],[77.2078648,32.9061677],[77.2082816,32.9060097],[77.209051,32.9056259],[77.2097508,32.9052603],[77.2102955,32.9049759],[77.2118559,32.9046547],[77.2135712,32.9044145],[77.2151155,32.904152],[77.2160562,32.9041827],[77.2176382,32.9041816],[77.2183383,32.9041631],[77.2187711,32.9041311],[77.2191291,32.9040678],[77.2210094,32.9031873],[77.2221364,32.9025822],[77.2234372,32.901848],[77.2237762,32.9016566],[77.2247908,32.9010382],[77.2263365,32.899766],[77.2272363,32.8990254],[77.2297568,32.8974002],[77.2329016,32.8950982],[77.2332379,32.8947643],[77.2336703,32.8944393],[77.2343862,32.8941998],[77.2350646,32.8940864],[77.2375118,32.8936064],[77.2381528,32.8934796],[77.2391514,32.893145],[77.2401505,32.8928961],[77.2413152,32.8926741],[77.2419402,32.8925608],[77.2424639,32.8924342],[77.2426722,32.8923527],[77.2428216,32.892276],[77.2429925,32.892163],[77.2430509,32.8920368],[77.243008,32.8918159],[77.2428899,32.8915227],[77.2427828,32.891257],[77.2424828,32.8907659],[77.2422956,32.8904775],[77.24071,32.887544],[77.2401036,32.8855789],[77.2400812,32.8854315],[77.2400627,32.8853095],[77.240012,32.8849749],[77.2400274,32.8846096],[77.2399685,32.8843933],[77.2398187,32.8842536],[77.2386319,32.8837273],[77.2375201,32.8835075],[77.2372581,32.8833499],[77.2371241,32.8830298],[77.2370865,32.882791],[77.2373459,32.8808926],[77.2375908,32.8801756],[77.2376155,32.8801492],[77.2378735,32.8798733],[77.2384926,32.8792551],[77.2395813,32.8783253],[77.2397076,32.8782167],[77.2405441,32.8774981],[77.2419349,32.8763032],[77.2427993,32.8754818],[77.2430607,32.8751796],[77.2434393,32.8746246],[77.2436841,32.8738625],[77.243833,32.8734296],[77.2440568,32.8729426],[77.2442648,32.8726717],[77.2445637,32.8725001],[77.2450177,32.872369],[77.2456,32.8723368],[77.2463908,32.8724172],[77.2472031,32.8725427],[77.2481647,32.8726363],[77.2499999,32.8723624],[77.2506336,32.8718576],[77.2510501,32.8714172],[77.2514898,32.8709522],[77.2533083,32.8693355],[77.2544261,32.8679384],[77.2547319,32.8675562],[77.2551448,32.8664249],[77.2552415,32.8660237],[77.2551778,32.8657576],[77.2549166,32.865266],[77.2542719,32.8639397],[77.2545551,32.8638317],[77.2554636,32.8636073],[77.2588774,32.8634708],[77.260528,32.8635173],[77.262691,32.8640873],[77.2631176,32.864534],[77.2635656,32.8652196],[77.2637017,32.8654176],[77.2643228,32.8663206],[77.2662856,32.868829],[77.2681484,32.8703634],[77.2693547,32.8713113],[77.271399,32.8726924],[77.2730974,32.8735595],[77.2739892,32.8738533],[77.2743523,32.8736854],[77.2745344,32.8736012],[77.2755609,32.8729303],[77.2769512,32.8719034],[77.2785017,32.8708046],[77.2804849,32.8696473],[77.2815436,32.8688682],[77.2836238,32.8668905],[77.2849019,32.865593],[77.286073,32.8644937],[77.2865547,32.8634751],[77.2872752,32.861822],[77.2884389,32.8596127],[77.2892465,32.8584997],[77.290439,32.8570758],[77.2916417,32.856256],[77.2917193,32.8562177],[77.2928815,32.8556436],[77.2938221,32.8551586],[77.2940252,32.8550538],[77.295281,32.8543467],[77.2970126,32.8533831],[77.2977392,32.8531175],[77.2992409,32.8521716],[77.300513,32.8511669],[77.3008613,32.8498597],[77.3044775,32.8496228],[77.3058819,32.8500023],[77.3060715,32.8501183],[77.3066561,32.8504761],[77.3088667,32.8514557],[77.3094915,32.8515957],[77.3109287,32.8511772],[77.312152,32.8509118],[77.3137866,32.850606],[77.3144757,32.8506063],[77.3152714,32.8508457],[77.3164408,32.8513872],[77.3172471,32.8517663],[77.3179574,32.8518478],[77.3187692,32.8519068],[77.3200242,32.8523401],[77.3204034,32.8523674],[77.3214881,32.8518223],[77.3218995,32.8515429],[77.3233637,32.8504119],[77.3238982,32.8496862],[77.3240448,32.8492069],[77.3240802,32.8490912],[77.3242944,32.8480408],[77.3242944,32.8479946],[77.3242946,32.8477793],[77.3243779,32.8475762],[77.3246903,32.8468147],[77.3252837,32.8460078],[77.3263256,32.8451426],[77.3274537,32.8440833],[77.3287355,32.8429704],[77.328538,32.8427044],[77.3283823,32.842537],[77.3278121,32.8419241],[77.3272837,32.8414054],[77.3268887,32.8407787],[77.3265099,32.840012],[77.3264782,32.8396063],[77.3265108,32.8383529],[77.3263778,32.8375323],[77.3259351,32.8364727],[77.3253428,32.835512],[77.3256047,32.8351064],[77.3257176,32.8349884],[77.3259841,32.8347098],[77.3264009,32.8343313],[77.3265271,32.834063],[77.3267805,32.8335244],[77.3268597,32.8328312],[77.3269092,32.8323973],[77.3269497,32.831971],[77.3269952,32.8314912],[77.3270519,32.831432],[77.3273585,32.8311125],[77.3283625,32.8309867],[77.3291209,32.8308202],[77.3296702,32.8304803],[77.3296817,32.8304732],[77.329997,32.8300991],[77.3303124,32.829486],[77.3304269,32.8286869],[77.3304923,32.82823],[77.3304945,32.8282147],[77.3305106,32.8281057],[77.3306285,32.8273085],[77.3308849,32.8270246],[77.331136,32.8268083],[77.3320281,32.8260962],[77.3327599,32.8257944],[77.3339134,32.8254296],[77.3340636,32.8254041],[77.3352965,32.8251956],[77.3360228,32.824984],[77.3361565,32.8245962],[77.3362355,32.82399],[77.3363386,32.8231986],[77.3364729,32.8213005],[77.3364574,32.8201284],[77.3367888,32.8190419],[77.3373339,32.8180277],[77.3380603,32.817302],[77.3385678,32.8169099],[77.3389629,32.8167838],[77.339326,32.8167838],[77.3401054,32.8168968],[77.3410291,32.8170639],[77.3421823,32.8171228],[77.3437148,32.8170375],[77.3449375,32.8169251],[77.3461762,32.8167856],[77.3471909,32.8164656],[77.3473617,32.8164117],[77.3486166,32.8158394],[77.3495564,32.8155059],[77.3501864,32.815506],[77.3512382,32.8156731],[77.3524448,32.8158671],[77.3531548,32.8159935],[77.3541265,32.8164806],[77.3547652,32.8168176],[77.3555626,32.8172382],[77.3564703,32.817572],[77.3574793,32.8176443],[77.3591292,32.8176129],[77.3601864,32.817586],[77.3609285,32.8178251],[77.3618522,32.8183256],[77.3629573,32.8192725],[77.3632698,32.8194415],[77.3638329,32.8197459],[77.3647832,32.8202239],[77.3661554,32.8208507],[77.3676078,32.8212114],[77.3692416,32.8214369],[77.3700959,32.8215587],[77.3712013,32.8221178],[77.3728672,32.8232044],[77.3734118,32.8238446],[77.3737963,32.8244442],[77.3741754,32.825364],[77.3744531,32.8261169],[77.374486,32.8262131],[77.37472,32.8268969],[77.3747943,32.8271966],[77.3749176,32.8276949],[77.3750992,32.8286643],[77.3751632,32.8290565],[77.3755424,32.830657],[77.3759376,32.8319419],[77.3760372,32.8321775],[77.3762367,32.8326497],[77.3765838,32.8332629],[77.3765839,32.8336822],[77.3764984,32.8343945],[77.3764195,32.8352269],[77.3764023,32.835409],[77.376401,32.8354956],[77.3763863,32.8364955],[77.3765999,32.8370816],[77.3771927,32.8376542],[77.3780686,32.8382267],[77.3788751,32.8386956],[77.3792383,32.838921],[77.3792543,32.8391554],[77.3792543,32.8396604],[77.3792704,32.8406613],[77.3793879,32.8418605],[77.3795856,32.8424467],[77.3797993,32.843434],[77.3798688,32.844259],[77.3798848,32.8445386],[77.3799169,32.8454628],[77.3798688,32.84581],[77.3795377,32.8461166],[77.3786779,32.8466757],[77.3773586,32.8475097],[77.3764027,32.8484566],[77.3758739,32.8491824],[77.3754465,32.8500751],[77.375345,32.8505079],[77.3753435,32.8505139],[77.375062,32.8515945],[77.3746913,32.8529052],[77.3746668,32.8529921],[77.3744531,32.8542049],[77.3745866,32.8549398],[77.375014,32.8557378],[77.3759755,32.8569867],[77.3768515,32.8577982],[77.3777917,32.8583257],[77.378828,32.8591507],[77.3795064,32.8597052],[77.380217,32.8604174],[77.3808795,32.8612696],[77.3814564,32.8619233],[77.3820173,32.8622028],[77.3834438,32.8626445],[77.3848701,32.8629329],[77.3867558,32.8632573],[77.3874824,32.8633384],[77.3877923,32.8635548],[77.3880915,32.8640011],[77.388519,32.8647811],[77.3891122,32.8659261],[77.3897267,32.8668593],[77.3905817,32.8681667],[77.3910679,32.8689466],[77.3915596,32.8696318],[77.3921046,32.870299],[77.3922791,32.8704024],[77.3925535,32.8705649],[77.3937237,32.8710651],[77.3942205,32.8713176],[77.3943168,32.8718315],[77.3943543,32.872323],[77.3944025,32.8726431],[77.3947819,32.8732967],[77.3951133,32.8738422],[77.3951616,32.8746086],[77.3951617,32.8751947],[77.3951618,32.8755689],[77.3953756,32.8761685],[77.3956375,32.8767005],[77.3958888,32.8771738],[77.3966476,32.8779807],[77.3971607,32.8783728],[77.3985287,32.8790263],[77.4001158,32.8798736],[77.4024619,32.8813789],[77.4033491,32.8820054],[77.4045035,32.8827445],[77.4061067,32.8835106],[77.4073465,32.8840107],[77.4079717,32.8840646],[77.4088319,32.8838841],[77.4099272,32.8837439],[77.4108996,32.8836715],[77.4119417,32.8839914],[77.4134432,32.8841171],[77.4139401,32.8839231],[77.4147947,32.8833097],[77.4162476,32.8821099],[77.4175401,32.8810365],[77.4186137,32.8802967],[77.4208413,32.8794618],[77.4221446,32.8788076],[77.4234798,32.8778017],[77.4245533,32.8769627],[77.4253651,32.876462],[77.4262198,32.8761009],[77.4279826,32.8756132],[77.4295694,32.875554],[77.4316638,32.8756116],[77.433315,32.8759309],[77.4349023,32.8766381],[77.4363722,32.8775886],[77.4377941,32.8785887],[77.4395578,32.8792415],[77.4406461,32.8794619],[77.4415563,32.8796462],[77.4436403,32.879839],[77.4448105,32.879897],[77.4453226,32.8788237],[77.4459786,32.877358],[77.4469713,32.8761041],[77.447959,32.87531],[77.4481079,32.8744579],[77.4480573,32.8742008],[77.447845,32.8731235],[77.4475612,32.8722805],[77.4474272,32.8717081],[77.4475563,32.8712341],[77.4478214,32.8702606],[77.4486321,32.8687001],[77.4500515,32.8667607],[77.4513482,32.8650016],[77.4520739,32.8640949],[77.4531792,32.8634991],[77.4547973,32.8628534],[77.4559986,32.8621988],[77.4565432,32.861919],[77.4572537,32.861878],[77.4577024,32.8618506],[77.4588396,32.8612502],[77.4596298,32.8607717],[77.4611942,32.8599772],[77.4633571,32.8594481],[77.466145,32.858833],[77.4681745,32.8585384],[77.4692003,32.8586774],[77.4707181,32.85933],[77.4727383,32.8603023],[77.4749353,32.8616125],[77.4753313,32.8621848],[77.4757114,32.8629058],[77.4759794,32.8637306],[77.4763435,32.8644562],[77.4770866,32.8649019],[77.4778297,32.8653747],[77.478258,32.8661543],[77.4785418,32.8667672],[77.4786544,32.8670873],[77.4787887,32.8677138],[77.4793186,32.8686061],[77.4801426,32.8696919],[77.4808222,32.8705434],[77.4815653,32.870944],[77.4822761,32.8711553],[77.482939,32.8715696],[77.4835647,32.8720423],[77.4839765,32.8724343],[77.4846876,32.8728079],[77.4852808,32.8729741],[77.48619,32.8736856],[77.4869663,32.875006],[77.4875604,32.8758305],[77.4898293,32.878547],[77.4910329,32.8796054],[77.4921605,32.8798432],[77.4932985,32.879743],[77.4949496,32.8798],[77.4964995,32.8801186],[77.4971944,32.8803659],[77.4974099,32.8816145],[77.4999828,32.8845314],[77.5014863,32.8855797],[77.5034271,32.8847746],[77.5052665,32.8837033],[77.5070329,32.8814371],[77.509473,32.8786397],[77.5112374,32.8776313],[77.5125788,32.8773621],[77.5137431,32.8776923],[77.5156817,32.8784694],[77.5180481,32.8788591],[77.5208368,32.8792176],[77.5224926,32.8796654],[77.5259854,32.8810703],[77.5276459,32.8821762],[77.5296214,32.8835167],[77.5316618,32.8842305],[77.5334298,32.8848901],[77.5347013,32.885157],[77.5366031,32.8855777],[77.5384728,32.8860839],[77.5398505,32.8870091],[77.541367,32.8881462],[77.5430917,32.8895765],[77.5453877,32.8916023],[77.5477143,32.8953322],[77.5488769,32.8980741],[77.5495122,32.8989086],[77.5503875,32.9003113],[77.5530686,32.9024002],[77.5557875,32.9043404],[77.5587467,32.9064879],[77.5608297,32.9086351],[77.5623834,32.9108405],[77.563724,32.9123019],[77.5656265,32.9128708],[77.5671124,32.9127813],[77.5692664,32.9128409],[77.5754074,32.9137362],[77.5772457,32.9144537],[77.5786882,32.9158835],[77.5793987,32.9167222],[77.5805958,32.9171691],[77.5821509,32.917945],[77.5859237,32.9201509],[77.5888897,32.9220318],[77.5919253,32.92412],[77.5943623,32.9259375],[77.5954899,32.9271595],[77.5963341,32.9282913],[77.597221,32.9302618],[77.5980972,32.9320202],[77.5987703,32.9340492],[77.599016,32.9349103],[77.5999724,32.9369664],[77.6012018,32.9381614],[77.6021211,32.9393562],[77.6025429,32.9416195],[77.6031094,32.9429316],[77.6039595,32.9429904],[77.6061463,32.9431395],[77.6098196,32.9431715],[77.611937,32.9432619],[77.6161769,32.9434697],[77.6199197,32.9437088],[77.6208073,32.944065],[77.6220372,32.9446331],[77.6237321,32.9450794],[77.6263467,32.9454671],[77.6289614,32.9454085],[77.6307955,32.9451379],[77.6318594,32.9451694],[77.6332658,32.9454082],[77.6354207,32.946152],[77.6383884,32.9469001],[77.6404739,32.9471658],[77.6431579,32.9465117],[77.6433719,32.9470481],[77.6436129,32.9484142],[77.6435809,32.9492212],[77.6455221,32.9496086],[77.6467949,32.9503252],[77.6484905,32.9520516],[77.6496191,32.9529756],[77.6508171,32.9537508],[77.6526891,32.954882],[77.6542082,32.9562523],[77.6552677,32.9579833],[77.6560113,32.9588758],[77.6570381,32.9589972],[77.6580917,32.9591141],[77.6613108,32.9585767],[77.6641344,32.9583053],[77.6656212,32.958634],[77.6688454,32.9596974],[77.6691339,32.9597926],[77.6701409,32.9601247],[77.6718043,32.9605343],[77.6733554,32.9608584],[77.674131,32.9611872],[77.6748051,32.9617549],[77.6741815,32.9637579],[77.6741736,32.9637833],[77.6741022,32.9640126],[77.6740311,32.9642409],[77.6738869,32.9647038],[77.6738504,32.9662818],[77.6740703,32.9673547],[77.6747391,32.9679179],[77.6757288,32.9682151],[77.6765744,32.9692878],[77.6772806,32.9696166],[77.67873,32.9695844],[77.679367,32.9705399],[77.6808874,32.9726537],[77.6820174,32.9747676],[77.6822326,32.9767061],[77.6816671,32.9790282],[77.6813224,32.9797398],[77.6817808,32.9810524],[77.6817155,32.9819826],[77.6817119,32.9820353],[77.6813494,32.9826802],[77.6810926,32.983137],[77.6807233,32.9837941],[77.6816073,32.985881],[77.6824919,32.988802],[77.6847169,32.9881428],[77.6852838,32.9879937],[77.6877875,32.9881142],[77.6895207,32.9880231],[77.6917821,32.9861735],[77.6934393,32.9846217],[77.6949254,32.9833991],[77.6957703,32.9829838],[77.6977813,32.9827122],[77.6975018,32.9810758],[77.6971477,32.9797956],[77.6975004,32.9793761],[77.697923,32.9793488],[77.6992663,32.9801505],[77.7000795,32.9803303],[77.701101,32.9801224],[77.7017754,32.9805682],[77.7029421,32.9812528],[77.704531,32.9814276],[77.7071418,32.9819038],[77.7087363,32.9823491],[77.7110687,32.9825278],[77.7131495,32.9824632],[77.7135378,32.9803485],[77.7137812,32.9776704],[77.7141008,32.9763266],[77.7142769,32.9759703],[77.7165364,32.9730156],[77.7179461,32.9707514],[77.7195697,32.9686627],[77.7218966,32.9688999],[77.723699,32.9688985],[77.724935,32.9693168],[77.7269855,32.971132],[77.7290364,32.9732132],[77.7309528,32.9745505],[77.7318655,32.9728816],[77.7328162,32.9717808],[77.7349008,32.9707059],[77.7362051,32.9701367],[77.7379,32.9697204],[77.740162,32.969299],[77.741012,32.9690323],[77.7413263,32.9680762],[77.741464,32.9670346],[77.7426285,32.9659605],[77.743617,32.9653329],[77.7441813,32.9633667],[77.744495,32.9619959],[77.7458724,32.9602949],[77.7476357,32.9592201],[77.748704,32.9585555],[77.7497693,32.9577315],[77.750265,32.9568092],[77.7507596,32.9553421],[77.7509119,32.9545634],[77.7514785,32.9542128],[77.7533878,32.9533638],[77.7551061,32.952564],[77.7566332,32.9518045],[77.7575569,32.9515902],[77.7586794,32.9515835],[77.759478,32.9511285],[77.7612621,32.9502101],[77.7627192,32.9496098],[77.7635359,32.9490507],[77.7651865,32.9474589],[77.7661496,32.9466171],[77.7665135,32.9462889],[77.7664689,32.9460554],[77.7661913,32.9453855],[77.7654167,32.9445506],[77.7648839,32.9439177],[77.764745,32.9435827],[77.7657988,32.9415397],[77.7662258,32.9411742],[77.7670046,32.9407783],[77.769129,32.9399828],[77.7707266,32.938924],[77.7718263,32.938016],[77.7725083,32.9372571],[77.7733276,32.9364454],[77.7742449,32.935857],[77.7750593,32.9350636],[77.7756603,32.9342838],[77.7764536,32.9338334],[77.7768867,32.9333234],[77.7770828,32.9324174],[77.777453,32.9317736],[77.7789959,32.9306889],[77.7811052,32.9292444],[77.7831194,32.9278516],[77.7844007,32.9271153],[77.7852175,32.9267409],[77.7856878,32.926397],[77.7862227,32.9257268],[77.7868092,32.9246588],[77.7870893,32.924044],[77.7875952,32.9234736],[77.7885148,32.9227995],[77.789719,32.9221685],[77.7909207,32.9216277],[77.792531,32.9209922],[77.7938215,32.9205575],[77.7945572,32.9199912],[77.7953951,32.9192646],[77.7958702,32.9187402],[77.7957357,32.9181976],[77.7957796,32.9177278],[77.7961911,32.9172182],[77.7966783,32.9165627],[77.797042,32.9153824],[77.7974944,32.9146421],[77.7980701,32.9139168],[77.7989843,32.9130759],[77.7997339,32.9124415],[77.800293,32.9120413],[77.8014267,32.9117184],[77.8028459,32.9113033],[77.8038124,32.910939],[77.8053596,32.9103453],[77.8070663,32.909216],[77.8078178,32.9084778],[77.8081825,32.9081811],[77.8088677,32.9078771],[77.8097487,32.9075147],[77.810631,32.9070261],[77.8112386,32.9062956],[77.8116911,32.9052261],[77.8117548,32.9045393],[77.8112419,32.9028514],[77.8109293,32.901754],[77.8107355,32.9010327],[77.810692,32.9001636],[77.8103085,32.8995275],[77.8097411,32.8991571],[77.8090475,32.8988525],[77.8085579,32.8980701],[77.8083419,32.897672],[77.8081778,32.8973697],[77.8079393,32.89693],[77.8074015,32.896311],[77.8066725,32.8955565],[77.8049256,32.8942208],[77.8042368,32.8938937],[77.8034462,32.8935642],[77.802461,32.8933294],[77.8012222,32.8931859],[77.7996745,32.8930763],[77.7984806,32.8928325],[77.7974958,32.892778],[77.7965285,32.8927771],[77.7955414,32.892993],[77.7938212,32.8931712],[77.7932686,32.8930979],[77.7927346,32.8927718],[77.7923402,32.8922936],[77.7916491,32.8918944],[77.7908571,32.8915154],[77.7898908,32.8910276],[77.7897739,32.8909123],[77.7894661,32.8906088],[77.7887567,32.8892857],[77.7882871,32.8882327],[77.7881476,32.8879199],[77.7880357,32.8876368],[77.7877434,32.8868965],[77.7876737,32.8867198],[77.7875035,32.8862888],[77.7867758,32.8852366],[77.7858456,32.8841934],[77.785118,32.8836506],[77.7842573,32.8831244],[77.7839816,32.8828509],[77.7838535,32.8823444],[77.7838711,32.8821932],[77.7839218,32.8817583],[77.7839589,32.8814404],[77.783606,32.8802401],[77.7834699,32.8800004],[77.7832386,32.8795932],[77.7830068,32.8791851],[77.7828747,32.878822],[77.7827496,32.8784784],[77.7827463,32.8784684],[77.7826019,32.8780265],[77.78244,32.8774621],[77.7828859,32.876105],[77.7828936,32.8760816],[77.7830012,32.8752497],[77.7829062,32.874665],[77.7828954,32.8745983],[77.7824137,32.8733738],[77.7816829,32.8723803],[77.7811914,32.8715257],[77.7811926,32.8708764],[77.7814213,32.8689646],[77.7812059,32.867716],[77.7809732,32.8665942],[77.780964,32.8657875],[77.7813927,32.865318],[77.7815025,32.8652465],[77.7824241,32.864646],[77.783173,32.8639981],[77.7837519,32.8633813],[77.7840758,32.862806],[77.7846223,32.861491],[77.7852903,32.8608224],[77.7858676,32.8603182],[77.7867489,32.8598072],[77.7879042,32.8591773],[77.7881834,32.8589411],[77.7888564,32.8583717],[77.7898021,32.8575256],[77.7904427,32.8568351],[77.7909842,32.8563857],[77.791862,32.8559288],[77.7928053,32.8556959],[77.7940191,32.8557409],[77.7954291,32.8562502],[77.7966068,32.8565035],[77.7976577,32.8562906],[77.7986693,32.8558533],[77.7995215,32.8549855],[77.7999322,32.8545672],[77.8017071,32.8527513],[77.8032078,32.8513922],[77.8043907,32.8504551],[77.8054942,32.8498849],[77.8063708,32.849739],[77.8080623,32.8500301],[77.8094575,32.8500664],[77.8113643,32.8499017],[77.8132483,32.8496926],[77.8141935,32.8493513],[77.8150277,32.8488772],[77.815928,32.8483025],[77.8170212,32.847232],[77.8179003,32.845986],[77.8189584,32.8443211],[77.8189787,32.8442892],[77.8205729,32.8423508],[77.8218932,32.8410409],[77.8235019,32.8393951],[77.8241842,32.8383474],[77.8252453,32.8371197],[77.8255289,32.836631],[77.8261238,32.8361938],[77.8270099,32.836016],[77.8287229,32.8359816],[77.8305871,32.8358359],[77.8312464,32.8359111],[77.8324433,32.8362672],[77.8328288,32.8368085],[77.8337227,32.8387266],[77.8346466,32.8400671],[77.8353226,32.8406738],[77.8361359,32.8412235],[77.8379368,32.8417641],[77.8390127,32.8420147],[77.8395635,32.8418715],[77.8407674,32.8412761],[77.8425012,32.8405515],[77.8451094,32.8396176],[77.8468673,32.8389826],[77.8478933,32.8381658],[77.8490517,32.8371522],[77.8504773,32.8356456],[77.8512674,32.8349739],[77.852087,32.8347208],[77.8530072,32.8346096],[77.8535886,32.834087],[77.8547458,32.832875],[77.8553962,32.8323418],[77.8568336,32.8317049],[77.8581421,32.8310528],[77.8594512,32.830581],[77.8607608,32.8302942],[77.8622407,32.8296563],[77.8658899,32.8284006],[77.8679942,32.8274237],[77.8691933,32.8270266],[77.8697225,32.8265456],[77.8708587,32.8243557],[77.870986,32.8236676],[77.8712735,32.8224799],[77.8716349,32.8222642],[77.8732877,32.8220279],[77.8747906,32.8216102],[77.8760087,32.8209782],[77.8774674,32.8201828],[77.8785079,32.8191761],[77.8790434,32.8182351],[77.879276,32.8170036],[77.8792769,32.8163725],[77.8796304,32.8147505],[77.8798852,32.8137168],[77.8804912,32.8128103],[77.8811401,32.8119118],[77.8817439,32.8109377],[77.8820882,32.8103572],[77.8820422,32.8095965],[77.8820437,32.8091456],[77.8821387,32.8081201],[77.8820136,32.8067256],[77.8816458,32.8057513],[77.8812306,32.8049585],[77.8810398,32.8045075],[77.8811024,32.8041319],[77.8815308,32.8036759],[77.8824926,32.8028828],[77.8832877,32.8018862],[77.8850549,32.8002451],[77.8856296,32.7998622],[77.8865509,32.7993],[77.887106,32.7991386],[77.8877983,32.7989196],[77.8879455,32.7986863],[77.8880714,32.7981244],[77.887891,32.7971685],[77.8875505,32.7958825],[77.8869072,32.7944728],[77.8858402,32.7926716],[77.8852033,32.7911311],[77.8847231,32.7894787],[77.8842252,32.7884444],[77.8840525,32.7877181],[77.884191,32.787548],[77.8849827,32.7872774],[77.8859281,32.7868048],[77.8877916,32.7856799],[77.8898511,32.7841808],[77.8918311,32.7828684],[77.8924978,32.7821948],[77.8931144,32.7808011],[77.8936406,32.7792562],[77.8945636,32.7782612],[77.8958251,32.7771726],[77.8973989,32.7758424],[77.8986838,32.7751546],[77.900421,32.7744246],[77.9016195,32.7737026],[77.9028099,32.7727328],[77.9033016,32.7720993],[77.9036841,32.7718831],[77.9043527,32.7719352],[77.905529,32.772174],[77.9068955,32.7725163],[77.9081611,32.7732038],[77.9087284,32.7732536],[77.9096722,32.7730694],[77.910315,32.7728199],[77.9116828,32.7728739],[77.913249,32.7732882],[77.9154591,32.7738093],[77.9158518,32.7738249],[77.9162445,32.7738406],[77.9168422,32.7735156],[77.9176538,32.7730414],[77.919024,32.7723559],[77.9207142,32.7719918],[77.9226684,32.7717027],[77.9243073,32.7718899],[77.9252933,32.7720156],[77.9257195,32.7719966],[77.9258684,32.771655],[77.925847,32.7706773],[77.9259294,32.7689534],[77.9264005,32.7675404],[77.9272267,32.7657224],[77.9279925,32.7645053],[77.9286107,32.7638373],[77.9291369,32.7634463],[77.9305722,32.762962],[77.9319201,32.7624121],[77.932929,32.761293],[77.9336952,32.7600938],[77.9340257,32.757972],[77.934132,32.7564999],[77.9337774,32.7536548],[77.9336881,32.7533705],[77.9334974,32.7527642],[77.9330846,32.7517281],[77.932691,32.7511108],[77.9323732,32.7508567],[77.9317527,32.7506414],[77.9314327,32.7504821],[77.9314107,32.7501309],[77.9314863,32.7500357],[77.9315147,32.7499998],[77.9317454,32.7496822],[77.9319811,32.7488092],[77.9321299,32.7479434],[77.9322363,32.7475376],[77.9329081,32.7467122],[77.932908,32.7465499],[77.9318616,32.745527],[77.9305537,32.744184],[77.9296989,32.7433971],[77.9296676,32.7433683],[77.9294434,32.7431114],[77.9292563,32.7425254],[77.9292876,32.7414478],[77.9294169,32.7407185],[77.9295003,32.7402485],[77.9297987,32.7397298],[77.9299556,32.7391374],[77.9300435,32.7388055],[77.9302404,32.7379758],[77.9306559,32.7369612],[77.9298876,32.7368218],[77.9286179,32.7366736],[77.9274655,32.7365433],[77.9270281,32.7364759],[77.9268306,32.7363767],[77.9266758,32.7361288],[77.9264889,32.7358178],[77.9264334,32.7356644],[77.9263126,32.735331],[77.9262963,32.7348215],[77.9264613,32.7343661],[77.9268132,32.7339466],[77.927437,32.7333873],[77.9279063,32.7330309],[77.9282741,32.7328414],[77.9289303,32.7327825],[77.9303543,32.732561],[77.9310476,32.7322541],[77.9316127,32.7317128],[77.9323535,32.7307296],[77.9325398,32.7301524],[77.9326353,32.7293543],[77.9327999,32.7281504],[77.9331143,32.7276047],[77.9339137,32.726626],[77.9342335,32.7262291],[77.9343879,32.7258593],[77.9331022,32.7255217],[77.9318645,32.7249859],[77.9306637,32.7240982],[77.9296071,32.723224],[77.9285719,32.7224896],[77.928291,32.722236],[77.9280277,32.7219983],[77.9272858,32.7212637],[77.9270265,32.7207165],[77.926912,32.7204749],[77.9265595,32.7196184],[77.9264182,32.7193854],[77.9263245,32.7192308],[77.9257589,32.7185817],[77.9252892,32.7179553],[77.9248514,32.7172295],[77.9247692,32.7169626],[77.9246377,32.7165354],[77.9245892,32.7155931],[77.9246367,32.7148582],[77.9247429,32.7139338],[77.9248087,32.7133481],[77.9248967,32.7125631],[77.9247738,32.71195],[77.9245548,32.7112738],[77.9239891,32.7106113],[77.9232955,32.710057],[77.9230813,32.7098971],[77.9224686,32.7094396],[77.9218016,32.7087906],[77.9216254,32.7084391],[77.9216533,32.7083392],[77.9216947,32.708191],[77.9221317,32.7077761],[77.9227073,32.7071356],[77.9228243,32.7064323],[77.9227866,32.7059047],[77.9224448,32.704886],[77.9222786,32.704655],[77.9218418,32.7040476],[77.92169,32.7035912],[77.921548,32.703164],[77.9217339,32.7018294],[77.9219929,32.7009786],[77.9220853,32.700675],[77.9224259,32.6994396],[77.9224577,32.6990518],[77.9223776,32.6988219],[77.9216255,32.6983173],[77.9202598,32.6973214],[77.9199811,32.6970777],[77.9186331,32.6964247],[77.9182918,32.696267],[77.9182598,32.6961273],[77.9183182,32.695717],[77.9187178,32.6951983],[77.9191869,32.6948015],[77.9192348,32.6946481],[77.919128,32.694274],[77.9186579,32.6927006],[77.9183856,32.6917764],[77.9184066,32.6911272],[77.9186196,32.6905409],[77.9191364,32.6899141],[77.9200531,32.6891248],[77.9208259,32.6885744],[77.921876,32.6881277],[77.9233206,32.6876988],[77.9246746,32.6873195],[77.9253888,32.6869766],[77.9266467,32.6862817],[77.9277871,32.6854066],[77.928709,32.6845766],[77.9295188,32.6838098],[77.930073,32.6831963],[77.9303072,32.6827048],[77.9305789,32.6823305],[77.9310585,32.6820102],[77.9314688,32.6817981],[77.9331374,32.6815674],[77.9340809,32.6814182],[77.9344114,32.6812782],[77.9345712,32.6811384],[77.9347253,32.680453],[77.9351246,32.6797179],[77.9355613,32.6791],[77.9360302,32.6786805],[77.9367602,32.6781616],[77.9375113,32.6773451],[77.9384275,32.6763799],[77.9393332,32.6755407],[77.9397807,32.6751347],[77.9400737,32.6748957],[77.9409628,32.6734028],[77.9411542,32.6726047],[77.9413187,32.6716488],[77.9416,32.6700931],[77.9418714,32.6693942],[77.9421161,32.6686276],[77.9423178,32.6676942],[77.9422801,32.6671351],[77.9423967,32.6662784],[77.942796,32.6655929],[77.9438663,32.664118],[77.9454214,32.6625256],[77.9460658,32.661894],[77.9474402,32.6608787],[77.9497363,32.6596736],[77.9519209,32.6588923],[77.9551182,32.6581869],[77.9575858,32.6579554],[77.959856,32.6576833],[77.9612415,32.657502],[77.9635707,32.6576402],[77.9647008,32.6577385],[77.9658518,32.6575663],[77.9664751,32.6572187],[77.9671568,32.6566502],[77.9674762,32.6563929],[77.9684832,32.6561352],[77.9693198,32.655855],[77.9709071,32.6549656],[77.9718337,32.6543472],[77.9721636,32.6537969],[77.9722692,32.6529221],[77.97214,32.6517364],[77.9718556,32.6499287],[77.9712523,32.6488877],[77.9702429,32.6469272],[77.9702533,32.6466792],[77.9705567,32.6463589],[77.971473,32.6460516],[77.9728161,32.6461588],[77.9738712,32.6461309],[77.9748246,32.6457424],[77.9761295,32.645074],[77.9775991,32.6439863],[77.9786639,32.6431964],[77.9793135,32.6426593],[77.979665,32.6424516],[77.980384,32.6422075],[77.981391,32.6420894],[77.9825687,32.6420568],[77.9836611,32.6420063],[77.9841778,32.6418571],[77.984657,32.641496],[77.9860183,32.6391773],[77.9865921,32.6378603],[77.9870865,32.6368724],[77.987565,32.6361371],[77.9885389,32.6351668],[77.9899814,32.6339121],[77.99103,32.6331041],[77.991557,32.6327385],[77.9917006,32.6325354],[77.991732,32.6321116],[77.9913313,32.6312552],[77.9913576,32.6309848],[77.9915064,32.6306375],[77.9921021,32.6298975],[77.9926235,32.6293199],[77.9932992,32.6286339],[77.9940658,32.6281327],[77.9951945,32.6274418],[77.9962272,32.6268321],[77.9972232,32.6265155],[77.9979423,32.6264337],[77.9981814,32.6264305],[77.9986722,32.6264239],[77.9996681,32.6260192],[77.9999999,32.6258814],[78.0012621,32.6253292],[78.0029786,32.6246637],[78.0032931,32.6245693],[78.0037353,32.6245517],[78.0066541,32.6252579],[78.0089659,32.625589],[78.0118597,32.6249875],[78.0121424,32.6247308],[78.0123892,32.6233423],[78.0126038,32.6221342],[78.0128227,32.6218098],[78.0137455,32.6209044],[78.0151477,32.6199542],[78.0158887,32.6196077],[78.0167786,32.6194056],[78.018009,32.6196772],[78.0199471,32.6206346],[78.0220718,32.6215652],[78.0231103,32.6218726],[78.0248255,32.6221535],[78.0260827,32.6222627],[78.0274409,32.6225974],[78.0290329,32.6235049],[78.0288564,32.6241945],[78.0280084,32.6250415],[78.0265798,32.6257483],[78.0251609,32.6272305],[78.0273971,32.6285938],[78.0280254,32.6290407],[78.0291803,32.6302273],[78.030298,32.6314411],[78.0310856,32.632429],[78.0321131,32.6332143],[78.0334499,32.6338149],[78.0334326,32.6351585],[78.0334368,32.6362902],[78.0336496,32.6365518],[78.0340169,32.6369308],[78.0347733,32.637274],[78.0355138,32.6373647],[78.0367603,32.6377623],[78.0387791,32.6385753],[78.040782,32.6392349],[78.0427634,32.6403228],[78.0430763,32.641892],[78.043124,32.6421897],[78.0440503,32.6432542],[78.0455255,32.6442967],[78.0470167,32.6453075],[78.0469481,32.6446312],[78.0477433,32.6431799],[78.0483729,32.6423552],[78.0493169,32.6411971],[78.0502822,32.6403951],[78.0506287,32.640242],[78.0511567,32.6396742],[78.0515891,32.6386735],[78.052389,32.6378624],[78.0535569,32.6368262],[78.0563932,32.6346815],[78.0571029,32.633379],[78.0575729,32.6319544],[78.0585115,32.6307421],[78.0592903,32.6295343],[78.0596534,32.6283713],[78.0602459,32.6270098],[78.0604058,32.6268115],[78.0608803,32.626424],[78.0618875,32.6260774],[78.0636085,32.6259295],[78.0660113,32.6260929],[78.0678758,32.6266258],[78.0697984,32.6277673],[78.071902,32.6295131],[78.0729724,32.6305099],[78.0737927,32.6309837],[78.0747092,32.6309435],[78.0757378,32.6303441],[78.0771609,32.6293753],[78.0786957,32.6287267],[78.0792645,32.6279227],[78.0796395,32.6273924],[78.0801618,32.6269193],[78.081345,32.6262208],[78.0826773,32.6256576],[78.084361,32.6253742],[78.0852722,32.6250859],[78.0865032,32.6244145],[78.086663,32.6243514],[78.087526,32.6246537],[78.0896034,32.6259618],[78.0904875,32.6268909],[78.0907825,32.627346],[78.0910839,32.6278108],[78.091707,32.6285144],[78.0925647,32.6289293],[78.0955748,32.6295839],[78.0973916,32.62999],[78.0988567,32.6303645],[78.0987934,32.6308282],[78.0987446,32.6311851],[78.0985631,32.6324159],[78.0990902,32.6341924],[78.0993028,32.6357389],[78.0992013,32.6364423],[78.0985294,32.6382051],[78.0973779,32.6402021],[78.0965195,32.6418972],[78.0962475,32.6425329],[78.0961568,32.6428123],[78.0960881,32.6433583],[78.096053,32.6436372],[78.0960019,32.6440432],[78.0959218,32.6443993],[78.095426,32.645044],[78.0947807,32.6455817],[78.0936151,32.6465529],[78.0934499,32.6466905],[78.0933382,32.6467836],[78.0928673,32.647176],[78.0926006,32.6478432],[78.0945239,32.6493721],[78.0979286,32.6520329],[78.100694,32.654175],[78.1028307,32.6560826],[78.1051275,32.6579316],[78.1087832,32.6608897],[78.1101954,32.6622289],[78.1104885,32.66277],[78.1128925,32.6619227],[78.1136706,32.6617423],[78.11479,32.6611157],[78.1155416,32.6606199],[78.1167569,32.6602683],[78.1183399,32.6602187],[78.1194858,32.6607688],[78.1199282,32.6608591],[78.1206211,32.6607283],[78.1213193,32.6600385],[78.1220763,32.6588257],[78.1225292,32.6576986],[78.1235259,32.6560619],[78.1247411,32.6546777],[78.1270968,32.6522295],[78.1279121,32.6520447],[78.1287222,32.6523197],[78.1295963,32.6529959],[78.1308967,32.6534106],[78.1321226,32.6534692],[78.1332045,32.6535864],[78.134265,32.6538523],[78.135736,32.6543301],[78.1366421,32.6544743],[78.1378679,32.6544877],[78.139584,32.6543072],[78.1442899,32.6540314],[78.1471946,32.6539633],[78.1477649,32.6542698],[78.1479835,32.6546575],[78.1480477,32.6553428],[78.1478829,32.6568758],[78.1478192,32.6580209],[78.1478798,32.6581739],[78.1483312,32.6593148],[78.1481501,32.659653],[78.1477718,32.6600453],[78.1475694,32.6606405],[78.1475855,32.6609877],[78.1482786,32.6618216],[78.1484281,32.6628452],[78.1485457,32.6641121],[78.1485834,32.6655683],[78.148493,32.6663212],[78.1480227,32.6673623],[78.1480082,32.6673944],[78.1476088,32.6689364],[78.1477584,32.6702438],[78.1480092,32.6709427],[78.1478762,32.6718715],[78.147077,32.673409],[78.1465335,32.6745679],[78.14607,32.6757763],[78.1460061,32.6761776],[78.1455213,32.6774987],[78.1447326,32.6786125],[78.1434693,32.67937],[78.1428777,32.6797083],[78.142414,32.6803937],[78.1422435,32.681061],[78.1423823,32.6818274],[78.1446161,32.6819263],[78.1459702,32.6819802],[78.147964,32.6816507],[78.1497287,32.6817495],[78.1512908,32.6820423],[78.1524105,32.6824298],[78.1532423,32.6830157],[78.1534823,32.6831419],[78.1541595,32.6834077],[78.1559829,32.6837004],[78.1576359,32.684002],[78.1583608,32.6839883],[78.15948,32.6830682],[78.160157,32.6828291],[78.1622789,32.6830539],[78.1639796,32.6828595],[78.1652645,32.6830845],[78.1654831,32.6831114],[78.1673751,32.6819386],[78.1682918,32.6813792],[78.1698696,32.6808196],[78.1711542,32.6804674],[78.1720071,32.6803274],[78.1732761,32.6805297],[78.174913,32.6810701],[78.1757606,32.6810111],[78.1778921,32.6794142],[78.1791711,32.6785707],[78.1803862,32.6779704],[78.1822199,32.6778163],[78.182657,32.6776492],[78.1850282,32.6761512],[78.1859713,32.675479],[78.1868772,32.6749871],[78.1874849,32.6749372],[78.1885085,32.6750629],[78.1895479,32.6749452],[78.1902196,32.674778],[78.1914878,32.6741732],[78.1941415,32.6728777],[78.19664,32.6708564],[78.1969169,32.6705182],[78.1979241,32.6701163],[78.1996992,32.67021],[78.2004243,32.6703448],[78.2012932,32.6704344],[78.2020387,32.6695728],[78.2024164,32.6686889],[78.2028211,32.6680844],[78.2033216,32.6675296],[78.2039395,32.6670557],[78.2043232,32.6669563],[78.2070096,32.6667878],[78.2079529,32.6667015],[78.2094717,32.6663308],[78.2106387,32.6658971],[78.2137244,32.6653945],[78.2160268,32.6651088],[78.2183024,32.6647374],[78.2189526,32.6646287],[78.2194056,32.6646735],[78.2204138,32.6653851],[78.2214594,32.6661192],[78.2242971,32.6679249],[78.226431,32.6694471],[78.2277484,32.6701088],[78.2292627,32.6705223],[78.2300999,32.6707831],[78.2314067,32.6714358],[78.2322279,32.6717056],[78.2331503,32.671831],[78.233326,32.6718406],[78.2352709,32.6719466],[78.2361623,32.6719952],[78.2371005,32.6719808],[78.2378786,32.6718087],[78.2386564,32.6714473],[78.2392692,32.6712665],[78.2409484,32.6713596],[78.2434862,32.6717225],[78.2442007,32.6717758],[78.2455167,32.671642],[78.2459009,32.6716029],[78.2459873,32.6724143],[78.2460308,32.67305],[78.2462285,32.673415],[78.2464351,32.6736107],[78.247038,32.6741817],[78.2474936,32.6746131],[78.2479794,32.6752123],[78.2481616,32.6758389],[78.24802,32.6766211],[78.2480081,32.6766865],[78.2480624,32.6773493],[78.2481106,32.6775476],[78.2482079,32.6776163],[78.2486016,32.6778943],[78.2490583,32.6788789],[78.2491737,32.6793963],[78.2492596,32.6797809],[78.2495092,32.6803898],[78.249718,32.6808988],[78.249759,32.6809987],[78.2498377,32.6811159],[78.2499832,32.6813326],[78.25,32.6813576],[78.2501242,32.6815425],[78.2501535,32.6815862],[78.2502165,32.68168],[78.2502705,32.6818077],[78.2504662,32.6822708],[78.2504765,32.6823227],[78.2505092,32.6824889],[78.2505975,32.6829363],[78.2506886,32.6833982],[78.2507165,32.6834513],[78.2510183,32.6840253],[78.2514068,32.6845081],[78.2520032,32.684991],[78.2524502,32.6856092],[78.2528384,32.686385],[78.2544074,32.6891773],[78.2543497,32.6893504],[78.2541291,32.6900112],[78.2537959,32.6920172],[78.2540238,32.6930093],[78.2545488,32.6940802],[78.2552202,32.6954496],[78.2556899,32.6968187],[78.2566398,32.6985574],[78.2571927,32.6997797],[78.2578207,32.7006955],[78.2584917,32.7013905],[78.2594402,32.7019549],[78.2601167,32.7024651],[78.2605375,32.7028984],[78.260708,32.7029705],[78.2609746,32.7029798],[78.261652,32.7028903],[78.2626549,32.7025169],[78.2635728,32.7020443],[78.2641594,32.7019186],[78.2652045,32.7020052],[78.266095,32.7020059],[78.2667085,32.7017766],[78.2676262,32.7013265],[78.2684903,32.7011018],[78.2688423,32.701102],[78.2692847,32.7012242],[78.2700255,32.7016125],[78.2704251,32.7019014],[78.2712086,32.702168],[78.2723068,32.7024259],[78.2730906,32.7025438],[78.2739118,32.7025309],[78.2745945,32.7023332],[78.2749946,32.7021757],[78.2755173,32.7020633],[78.2764131,32.7020776],[78.2780876,32.7020338],[78.2787117,32.7018224],[78.2800187,32.7012191],[78.2812242,32.7010037],[78.2833517,32.7010684],[78.2855592,32.7012187],[78.2864605,32.7010254],[78.2871006,32.700805],[78.2882471,32.7007652],[78.2898452,32.7008074],[78.2901774,32.7008161],[78.291004,32.7006678],[78.2911253,32.7006362],[78.2911861,32.7006203],[78.2923641,32.7003126],[78.29318,32.7003356],[78.2934039,32.7003945],[78.2935316,32.7006064],[78.2935423,32.7006331],[78.2939519,32.7016617],[78.2946007,32.7036279],[78.2953205,32.7037185],[78.2967124,32.7037284],[78.2986372,32.703973],[78.3004929,32.7039786],[78.3017939,32.7041101],[78.3025668,32.7045119],[78.3032276,32.7050172],[78.303947,32.7056624],[78.3045996,32.7061362],[78.305482,32.7067768],[78.306015,32.7071197],[78.3068567,32.7082744],[78.3068827,32.7092618],[78.3067809,32.7097802],[78.3068018,32.7103438],[78.3068498,32.7104295],[78.3085551,32.7120265],[78.3095891,32.7128385],[78.3100419,32.7135151],[78.3106602,32.7141376],[78.3114224,32.7147512],[78.3128851,32.715779],[78.314237,32.7166732],[78.3145834,32.7170881],[78.3147272,32.7173903],[78.3148493,32.7181883],[78.3141866,32.7202349],[78.3139036,32.7208119],[78.3134284,32.7213888],[78.3129803,32.721632],[78.3120518,32.7222267],[78.3116141,32.7226953],[78.3114322,32.7234798],[78.3114439,32.7235196],[78.3116397,32.7241832],[78.3116341,32.7245845],[78.3108123,32.7253099],[78.3097983,32.7260353],[78.3095151,32.7266889],[78.3092108,32.7271892],[78.3080632,32.7281534],[78.3077161,32.7285861],[78.3076358,32.7291226],[78.307283,32.7300692],[78.3068717,32.730885],[78.3064967,32.7313611],[78.3062577,32.7316647],[78.3058517,32.732476],[78.3058452,32.7327685],[78.3058406,32.7329765],[78.3064377,32.7334006],[78.3072109,32.7337752],[78.307774,32.7339876],[78.3087787,32.7343667],[78.3098824,32.7351021],[78.3104208,32.7357292],[78.311044,32.7369377],[78.3110897,32.7370953],[78.3110995,32.7371289],[78.3111422,32.7372763],[78.3114964,32.7384979],[78.3120294,32.7391564],[78.3128505,32.739779],[78.3131938,32.7399104],[78.3140772,32.7402485],[78.3176771,32.7417425],[78.3186029,32.7422347],[78.3186531,32.7422615],[78.3201997,32.742979],[78.3216397,32.7437326],[78.3229653,32.7444687],[78.3247597,32.7454651],[78.3283173,32.7471211],[78.3307655,32.7484069],[78.3315015,32.7487949],[78.3331072,32.749643],[78.3332618,32.7497061],[78.3341572,32.7499999],[78.3427095,32.7528062],[78.3511974,32.7557702],[78.3534061,32.7565731],[78.3545574,32.7569279],[78.3547791,32.7569963],[78.3570503,32.7576963],[78.3588753,32.7565107],[78.3605242,32.7552395],[78.3618529,32.7541125],[78.3633949,32.7536979],[78.3649049,32.7533418],[78.3674659,32.7535179],[78.3690719,32.7540229],[78.3725222,32.7553676],[78.3726467,32.7554161],[78.3733136,32.7554161],[78.3743647,32.7544964],[78.3755225,32.7540545],[78.3767818,32.7541132],[78.3790974,32.7544962],[78.3806393,32.7547938],[78.382779,32.7553256],[78.3846732,32.7562452],[78.3857564,32.7569575],[78.3869845,32.756812],[78.3880027,32.7566913],[78.3879654,32.7565741],[78.3874782,32.7550679],[78.3867377,32.752778],[78.3859636,32.7497122],[78.3859635,32.7496494],[78.3862088,32.748689],[78.3863847,32.7471605],[78.3863995,32.7468332],[78.3864166,32.7464572],[78.3865072,32.7456231],[78.3865605,32.7452308],[78.3871098,32.7442344],[78.3878138,32.7434002],[78.3884486,32.7427645],[78.38887,32.7421873],[78.3891473,32.741759],[78.3893393,32.7411998],[78.3894352,32.7406904],[78.3893498,32.7402035],[78.3882346,32.7383777],[78.3877864,32.7377915],[78.3866232,32.7365834],[78.3862168,32.7361121],[78.3861217,32.7360018],[78.3859244,32.7357448],[78.3856149,32.7350866],[78.3854814,32.7345726],[78.3854014,32.7341443],[78.3850758,32.7327558],[78.3846596,32.7317007],[78.3844781,32.7305601],[78.3843233,32.7294645],[78.3843926,32.7286484],[78.3846644,32.7268495],[78.3848083,32.7259568],[78.3850641,32.7243292],[78.3853892,32.7220613],[78.3854904,32.7209657],[78.3853996,32.7203075],[78.385325,32.7198792],[78.3853515,32.7196988],[78.3853729,32.7195636],[78.3855168,32.7193021],[78.3865034,32.7182244],[78.3872873,32.7174038],[78.3876979,32.7167184],[78.3880657,32.7156904],[78.3881242,32.7143829],[78.3880708,32.7139636],[78.3880973,32.7130844],[78.3881559,32.7128094],[78.3883266,32.7124126],[78.3888651,32.71184],[78.3895156,32.7113891],[78.3906407,32.7107171],[78.3923365,32.7100857],[78.3940802,32.709585],[78.3955519,32.7088453],[78.3963251,32.7082501],[78.3969861,32.7075736],[78.3972474,32.7071002],[78.3974659,32.7066628],[78.3976364,32.7059549],[78.3976364,32.7059427],[78.3976363,32.7050803],[78.3973798,32.7039982],[78.3971663,32.7028937],[78.3970913,32.7018342],[78.397043,32.7002336],[78.3970588,32.6994356],[78.397128,32.6989982],[78.3972078,32.6985023],[78.397357,32.6981235],[78.3977035,32.6976861],[78.3983752,32.6969826],[78.3994734,32.6960672],[78.4004594,32.6949984],[78.4007473,32.6945611],[78.4007365,32.6942004],[78.4005017,32.6935828],[78.3987468,32.6910898],[78.3977015,32.6900125],[78.3958351,32.6887368],[78.3940167,32.6874206],[78.3927423,32.6864831],[78.3916758,32.6853741],[78.3914572,32.6850585],[78.3912598,32.6845491],[78.3909557,32.6836114],[78.3906196,32.6826284],[78.3902143,32.6816772],[78.389761,32.6807755],[78.3886839,32.6793599],[78.3882679,32.6788325],[78.3874735,32.6778497],[78.3871375,32.6772546],[78.3868709,32.6764342],[78.3867695,32.6756495],[78.3867534,32.6745314],[78.386897,32.6724123],[78.3870834,32.6715512],[78.3871952,32.6703474],[78.3872163,32.6687919],[78.3869815,32.6666232],[78.3865069,32.6646802],[78.3860589,32.6631112],[78.3857229,32.6620381],[78.3851685,32.6610778],[78.3846779,32.659315],[78.3841395,32.6579669],[78.3835157,32.6567406],[78.3829773,32.6559202],[78.3823166,32.6553971],[78.3818794,32.6550906],[78.381501,32.6546758],[78.3814156,32.6543963],[78.3814156,32.6541303],[78.3815328,32.653783],[78.3820071,32.6532736],[78.3830889,32.6524304],[78.3839469,32.6515962],[78.3846929,32.650717],[78.3851032,32.6500361],[78.3854549,32.6491524],[78.3857798,32.6480793],[78.3861101,32.6474842],[78.3867495,32.6464967],[78.3872344,32.6459195],[78.38757,32.6454236],[78.3877458,32.645135],[78.3879058,32.6447472],[78.3879375,32.6442423],[78.3878574,32.6432368],[78.3877774,32.6422179],[78.3877506,32.6416589],[78.3877825,32.6411854],[78.387857,32.6407796],[78.3887574,32.6393367],[78.3895032,32.6381373],[78.3902756,32.6368162],[78.3907392,32.6358604],[78.3908562,32.6353914],[78.3909254,32.6349631],[78.3910371,32.6344897],[78.3912236,32.6339892],[78.3916125,32.63343],[78.3922891,32.6327627],[78.3932213,32.6321404],[78.3937435,32.6318427],[78.39629,32.630625],[78.3989752,32.6293755],[78.4004189,32.6286855],[78.4013458,32.628311],[78.4022569,32.6280538],[78.4032745,32.6280626],[78.4043189,32.6282878],[78.4051181,32.6284138],[78.405635,32.6283596],[78.4062849,32.628143],[78.4072757,32.6277234],[78.4083783,32.627101],[78.409023,32.6266409],[78.4092945,32.6263072],[78.4094543,32.6261087],[78.4095286,32.625464],[78.4096614,32.6243052],[78.4097302,32.6234982],[78.4096609,32.623133],[78.4093304,32.622795],[78.4086749,32.6223262],[78.4071403,32.6213753],[78.4057068,32.6206272],[78.4045719,32.6202218],[78.4036287,32.6196674],[78.4032877,32.6193113],[78.4031172,32.6190723],[78.4030158,32.618617],[78.4029039,32.6181121],[78.4028609,32.6176116],[78.4026104,32.617269],[78.4023067,32.6170707],[78.4016514,32.6171024],[78.3999627,32.617238],[78.3992329,32.6173645],[78.3984498,32.6176261],[78.3979863,32.6176713],[78.3975282,32.6176082],[78.3971446,32.6174595],[78.396641,32.617245],[78.3964146,32.6171485],[78.3956154,32.6166798],[78.3949389,32.6164049],[78.3943261,32.6162426],[78.3940846,32.6162015],[78.3936921,32.6161346],[78.3933245,32.616049],[78.3929622,32.6159002],[78.3926532,32.6156568],[78.3922749,32.6153863],[78.3918487,32.6152015],[78.3912733,32.6150889],[78.3907939,32.6148815],[78.3905061,32.6146381],[78.3904102,32.6144262],[78.3902769,32.6134523],[78.3902553,32.6125912],[78.3902233,32.6116624],[78.3901805,32.6110131],[78.3901219,32.6106886],[78.3895997,32.6099897],[78.3891628,32.6096562],[78.3887207,32.6095525],[78.387032,32.6093408],[78.3865099,32.6093003],[78.3858642,32.6092294],[78.3848266,32.6091156],[78.3842518,32.6089647],[78.3841395,32.6089353],[78.3836943,32.6086662],[78.3836546,32.6086422],[78.3832284,32.6082726],[78.3830937,32.6080975],[78.3828502,32.6077811],[78.3824979,32.6073095],[78.3821363,32.6068254],[78.3809857,32.605802],[78.3803038,32.6052654],[78.3799683,32.6049769],[78.3796059,32.6045486],[78.3793023,32.6039941],[78.3788763,32.6031058],[78.378759,32.6021996],[78.3788243,32.6016233],[78.3789506,32.6005089],[78.379105,32.5996793],[78.3792009,32.5991923],[78.3790943,32.5987505],[78.3788386,32.598223],[78.3785883,32.5979434],[78.3781143,32.5977135],[78.3773259,32.5975737],[78.3763672,32.5974881],[78.3754457,32.5975197],[78.3746202,32.5974386],[78.3743326,32.5973438],[78.3740237,32.5971319],[78.3736189,32.5967352],[78.3731289,32.5962167],[78.3723726,32.5956486],[78.3720104,32.5955494],[78.3712808,32.5954727],[78.3710144,32.5953464],[78.3707321,32.5951796],[78.3703594,32.5948685],[78.3699013,32.5945348],[78.3696297,32.5943545],[78.3687669,32.5941065],[78.367297,32.5939756],[78.3664714,32.5937998],[78.3661679,32.5936645],[78.3659122,32.5934707],[78.3656407,32.593164],[78.3652092,32.5925192],[78.3646661,32.5916355],[78.3638194,32.5903414],[78.3632496,32.5898003],[78.3628982,32.5896561],[78.3621685,32.5895975],[78.3611856,32.5898505],[78.3610661,32.5898813],[78.3595802,32.5901922],[78.3588132,32.5902552],[78.3581103,32.590174],[78.3571477,32.5899173],[78.3570941,32.589903],[78.3569599,32.5898672],[78.3563581,32.5897724],[78.3557084,32.5897182],[78.3546911,32.5897226],[78.353837,32.5896961],[78.3532319,32.5896773],[78.3525982,32.58956],[78.3518686,32.589402],[78.3516857,32.5893442],[78.3509845,32.5891223],[78.3505639,32.5889599],[78.3500314,32.5886713],[78.3496937,32.588371],[78.3496054,32.5882925],[78.349334,32.5878236],[78.3490944,32.5873862],[78.3489721,32.5868496],[78.3489189,32.5863763],[78.3489138,32.5857945],[78.3490684,32.585258],[78.3488064,32.5848098],[78.3487863,32.5847755],[78.3483392,32.5841848],[78.3478653,32.583797],[78.3471146,32.5832648],[78.3459112,32.5825296],[78.3453736,32.5822274],[78.3450806,32.582074],[78.3447931,32.5819297],[78.3444844,32.581587],[78.3440638,32.5809601],[78.3438511,32.5802928],[78.3435641,32.5790528],[78.3432768,32.5780789],[78.3430052,32.5779661],[78.3422596,32.5781598],[78.341676,32.5783365],[78.3413222,32.5784436],[78.3407844,32.5785517],[78.3407091,32.5785539],[78.3401452,32.5785707],[78.339581,32.5785874],[78.3392216,32.5785514],[78.3389046,32.5785196],[78.3379883,32.5783989],[78.3376693,32.5783569],[78.3373403,32.578309],[78.3362103,32.5781445],[78.3355382,32.5779342],[78.3327814,32.57712],[78.3327671,32.5771144],[78.3321701,32.5768823],[78.3314931,32.5766191],[78.3313024,32.5765091],[78.3309197,32.5762884],[78.3294584,32.5754625],[78.3275856,32.574413],[78.3265103,32.5738715],[78.3253977,32.5733346],[78.3233322,32.5723598],[78.3223686,32.5720709],[78.3214689,32.5717144],[78.3208355,32.5713534],[78.3196273,32.5704601],[78.3189995,32.5698287],[78.3175413,32.5684799],[78.3165568,32.567749],[78.3157798,32.5672482],[78.3145077,32.5665622],[78.3139328,32.566278],[78.313555,32.5659126],[78.3133582,32.5655563],[78.3131354,32.5645507],[78.3130347,32.5637527],[78.3130564,32.5632341],[78.313094,32.5626029],[78.3131965,32.5622376],[78.3132862,32.5619177],[78.3135314,32.5613678],[78.3140003,32.5608542],[78.3143414,32.5604439],[78.3144746,32.5602005],[78.3144535,32.5599074],[78.3141292,32.5591318],[78.3135759,32.5582533],[78.3134219,32.5580087],[78.3131135,32.5574044],[78.3128639,32.5565792],[78.3128643,32.5560111],[78.3128859,32.5555377],[78.3130574,32.5547362],[78.3130942,32.5545639],[78.3131744,32.5539643],[78.312946,32.5533465],[78.3125634,32.5522823],[78.3124146,32.5518088],[78.3124468,32.5514706],[78.3126387,32.551128],[78.3131925,32.5507812],[78.3145771,32.5502319],[78.3153225,32.5498805],[78.3154983,32.5496687],[78.3153496,32.5492943],[78.3148151,32.5485891],[78.3144985,32.5481712],[78.3139668,32.5472467],[78.3138182,32.5467597],[78.313696,32.546187],[78.3135048,32.545664],[78.3129675,32.5451136],[78.3124727,32.5448113],[78.3118553,32.5446261],[78.311339,32.5444816],[78.3107112,32.5442197],[78.3098278,32.5438316],[78.309365,32.5434435],[78.3090405,32.5431007],[78.3081259,32.5417071],[78.3078924,32.5407781],[78.3074891,32.5392675],[78.3071067,32.5380139],[78.306974,32.5375449],[78.3070119,32.5367333],[78.3073374,32.5354486],[78.3076414,32.5346552],[78.3078127,32.5333297],[78.3079534,32.5305028],[78.3078955,32.5295109],[78.3079495,32.5283927],[78.3080832,32.527464],[78.308222,32.5268599],[78.308526,32.52608],[78.3086593,32.5255481],[78.3084203,32.5249933],[78.3076492,32.5241183],[78.3063469,32.5221382],[78.3057942,32.521146],[78.3051567,32.5196668],[78.3046627,32.5184492],[78.3045464,32.5174257],[78.3046055,32.5166953],[78.3047922,32.5161137],[78.3053307,32.514811],[78.3060023,32.5133189],[78.3065779,32.5121696],[78.3066955,32.5115023],[78.3064831,32.5109205],[78.3058132,32.5100726],[78.304686,32.5090169],[78.3037129,32.508074],[78.3030962,32.507474],[78.3028677,32.5071492],[78.3026766,32.5065314],[78.3023156,32.5054581],[78.3018534,32.5046328],[78.3011251,32.5038659],[78.3002635,32.5033965],[78.2986572,32.5027598],[78.2969179,32.502141],[78.296189,32.5019647],[78.295402,32.501572],[78.2942746,32.5008634],[78.2934505,32.5002271],[78.2932291,32.5000005],[78.2927877,32.4993625],[78.2925153,32.4989671],[78.2926224,32.4981917],[78.2925965,32.4974387],[78.2925172,32.496821],[78.2924058,32.4964556],[78.292273,32.4961851],[78.2920928,32.495441],[78.2920774,32.4949269],[78.292222,32.4938134],[78.2924195,32.4931282],[78.2925798,32.4925377],[78.2926383,32.4923077],[78.2927887,32.4906982],[78.2926671,32.4899902],[78.2926405,32.489837],[78.2919871,32.4888852],[78.2916737,32.4884025],[78.2915037,32.4880958],[78.2912329,32.4875726],[78.2908028,32.4866571],[78.2905534,32.4860166],[78.2904473,32.4858002],[78.2899478,32.485137],[78.2889697,32.4844105],[78.287986,32.4839048],[78.2873108,32.4834941],[78.2863965,32.4828486],[78.2857533,32.4823883],[78.2866419,32.4822176],[78.2874774,32.4817357],[78.2883882,32.4806002],[78.2891975,32.4797126],[78.289533,32.479343],[78.2898526,32.4788473],[78.2903534,32.478036],[78.29103,32.476774],[78.2913499,32.4759582],[78.2912707,32.4753178],[78.2910583,32.4748848],[78.2908406,32.4746323],[78.2903835,32.4741991],[78.2886452,32.4731383],[78.2877787,32.4726689],[78.2867897,32.4723751],[78.2856576,32.4715536],[78.2854451,32.4711883],[78.2848346,32.469993],[78.2846971,32.4692896],[78.284692,32.4690011],[78.2846922,32.4688658],[78.2847297,32.4685366],[78.2849054,32.4683249],[78.2852516,32.4679554],[78.2856667,32.467613],[78.2863055,32.4670634],[78.2865505,32.4667705],[78.2867901,32.466428],[78.2871791,32.4656347],[78.2876588,32.4646071],[78.2877124,32.4641382],[78.2877073,32.4639759],[78.2875749,32.4634788],[78.2875535,32.4633986],[78.2873731,32.4629883],[78.2883566,32.4633766],[78.2890158,32.4636836],[78.289241,32.4637127],[78.2894731,32.4637426],[78.2916042,32.4635516],[78.2923985,32.4634019],[78.2940208,32.4631955],[78.2948612,32.463124],[78.29551,32.4630882],[78.2962866,32.4629264],[78.2973878,32.4625303],[78.2978454,32.4623368],[78.2980903,32.4620393],[78.2983622,32.461255],[78.2983944,32.4608356],[78.298332,32.459217],[78.2982792,32.4586668],[78.2982802,32.4585584],[78.2982851,32.4580086],[78.2988709,32.4570486],[78.2992915,32.4565393],[78.3001911,32.4554758],[78.3014789,32.4543854],[78.3019471,32.4540475],[78.3025535,32.4538224],[78.3035002,32.4536517],[78.304367,32.4535484],[78.3050106,32.4533864],[78.3063618,32.452774],[78.3069574,32.4523848],[78.3074098,32.4520892],[78.3085166,32.4511565],[78.3091233,32.4505075],[78.3098796,32.4489705],[78.3102577,32.4480824],[78.3107155,32.4472845],[78.311035,32.4467617],[78.3112266,32.4464868],[78.3114394,32.446329],[78.3121733,32.4462167],[78.313322,32.4458521],[78.3140187,32.4455999],[78.3154707,32.4451227],[78.3167896,32.4447581],[78.3179702,32.4444835],[78.319055,32.4442811],[78.3208257,32.4440294],[78.3222773,32.4440976],[78.3231121,32.4443054],[78.3241328,32.444441],[78.3252336,32.4442341],[78.3259568,32.444054],[78.3265791,32.4437657],[78.3273343,32.4435856],[78.3281531,32.4434371],[78.3291316,32.4433654],[78.3298227,32.4435144],[78.3299502,32.4437354],[78.3305188,32.4442586],[78.3305964,32.4443149],[78.3313641,32.444872],[78.3322517,32.4456659],[78.3327087,32.4460899],[78.3329372,32.4465364],[78.333309,32.447312],[78.3336596,32.4481101],[78.3341057,32.4495125],[78.3343394,32.4500401],[78.3344614,32.4506624],[78.3341953,32.45105],[78.3333336,32.4516765],[78.3322591,32.4524157],[78.3310252,32.4530329],[78.3302699,32.4532806],[78.3296796,32.4533706],[78.3291052,32.4534921],[78.3288552,32.4536725],[78.3284402,32.4540329],[78.3281476,32.454398],[78.3279347,32.4547902],[78.327727,32.4552951],[78.3276469,32.4557459],[78.3275403,32.4564988],[78.3274708,32.457085],[78.3271725,32.4579911],[78.3269117,32.4583698],[78.3265074,32.4587889],[78.3257517,32.4596363],[78.3256984,32.4598888],[78.3258046,32.4602315],[78.3259958,32.4606644],[78.3263039,32.4613454],[78.3277727,32.4638816],[78.32844,32.4650117],[78.328759,32.4651066],[78.3303442,32.4647194],[78.3312589,32.4646657],[78.3330194,32.4645085],[78.3344289,32.4640805],[78.3357747,32.4635579],[78.3362215,32.4633867],[78.3370937,32.4632833],[78.3380884,32.4631032],[78.3390298,32.4628736],[78.3391009,32.4628636],[78.3396734,32.4627835],[78.3405455,32.4627296],[78.34127,32.4628534],[78.3428483,32.4627618],[78.3436567,32.4627575],[78.3445076,32.4629651],[78.3456031,32.4632854],[78.3476398,32.4638045],[78.3486076,32.4641428],[78.3489745,32.4643279],[78.3492616,32.4647291],[78.3496445,32.4652973],[78.350628,32.4666275],[78.3521167,32.4686207],[78.352574,32.4692114],[78.3531376,32.4698517],[78.3531429,32.4699374],[78.3521853,32.4706045],[78.3518768,32.4708434],[78.3513662,32.4713573],[78.3506212,32.4723672],[78.3503551,32.4727459],[78.3499773,32.4733365],[78.3497378,32.4739541],[78.3495354,32.4748017],[78.349397,32.4755682],[78.3493542,32.476276],[78.3494231,32.4770246],[78.3497103,32.477462],[78.3500824,32.4778273],[78.3503803,32.4780753],[78.350758,32.4782828],[78.3522418,32.4787384],[78.3537684,32.4790092],[78.3548694,32.4791491],[78.3556088,32.4792665],[78.3570024,32.4794921],[78.3582258,32.4797402],[78.3585715,32.4799747],[78.3595076,32.4806511],[78.3601353,32.4809939],[78.3613852,32.4814765],[78.3623532,32.4818373],[78.3629225,32.4819275],[78.3637789,32.4822703],[78.3643161,32.4825679],[78.3648799,32.4829783],[78.3653054,32.4834336],[78.3658586,32.4841596],[78.3661617,32.4846375],[78.3665394,32.4854356],[78.3669277,32.4863104],[78.3670818,32.4869732],[78.3669647,32.4878749],[78.3668211,32.488709],[78.3667889,32.4903637],[78.3669538,32.4913286],[78.3674218,32.4923522],[78.3676133,32.4937273],[78.3674749,32.4944802],[78.3667619,32.4958464],[78.3663575,32.4966173],[78.3657829,32.4974649],[78.3654903,32.4979609],[78.3650857,32.4991466],[78.3651389,32.4993992],[78.3662167,32.5],[78.3664157,32.5002754],[78.3668467,32.500573],[78.3671712,32.5007579],[78.3675224,32.5009157],[78.3683842,32.5012584],[78.3691398,32.5015335],[78.3699537,32.5019934],[78.3708688,32.5026337],[78.3715445,32.5032063],[78.3720287,32.5035715],[78.372731,32.5039819],[78.3734625,32.5042344],[78.3735931,32.5042795],[78.3736659,32.5042935],[78.3736785,32.5042959],[78.3750243,32.5045545],[78.3762906,32.5051451],[78.3772378,32.5056455],[78.3785573,32.506448],[78.3792863,32.5069305],[78.3798557,32.5074084],[78.3806113,32.5080937],[78.381202,32.5086662],[78.3817181,32.5092163],[78.3820109,32.5095138],[78.3823886,32.5096942],[78.3831496,32.5099691],[78.3836604,32.5102667],[78.3845757,32.5111143],[78.3849536,32.5116417],[78.3853049,32.5123497],[78.3855497,32.512602],[78.3860127,32.5130123],[78.3867417,32.5132647],[78.3874974,32.5134721],[78.3878083,32.5135451],[78.3887639,32.5137695],[78.3907062,32.5139722],[78.3920845,32.5141794],[78.3934096,32.5144768],[78.3941919,32.5147967],[78.3947295,32.5152746],[78.3951872,32.5159148],[78.3954854,32.5167173],[78.395757,32.5175378],[78.3965661,32.5183853],[78.3971888,32.5188902],[78.3977796,32.5192778],[78.3985356,32.5201704],[78.3985629,32.5202197],[78.3989402,32.5209007],[78.3994036,32.5224788],[78.3995636,32.5237366],[78.3995007,32.5243597],[78.3995194,32.5246048],[78.399624,32.524584],[78.4004692,32.5244163],[78.4057766,32.5237077],[78.4090582,32.5233011],[78.4098745,32.5240071],[78.4072679,32.5261003],[78.4078238,32.5266044],[78.4108908,32.5329417],[78.4147433,32.5409009],[78.4162004,32.543911],[78.4192259,32.5490456],[78.4276629,32.5633611],[78.4512828,32.5775986],[78.4755632,32.5791752],[78.479157,32.5801916],[78.5034152,32.5870496],[78.5153263,32.6040557],[78.5243076,32.6081041],[78.5428411,32.6089499],[78.5655138,32.614846],[78.5877051,32.6045749],[78.6052592,32.5910902],[78.6145938,32.5981034],[78.6293358,32.620863],[78.6483696,32.6438577],[78.6567993,32.6491446],[78.6802625,32.6555546],[78.7087114,32.6561337],[78.7219981,32.6664045],[78.7405755,32.6912275],[78.7506966,32.692763],[78.7518392,32.6888519],[78.7532143,32.6841444],[78.7497482,32.6670343],[78.7433398,32.6549777],[78.7507297,32.6447022],[78.7621959,32.6287538],[78.7700962,32.6241425],[78.7754552,32.621014],[78.7823634,32.5958105],[78.7675251,32.5784764],[78.7591578,32.5677893],[78.7650323,32.5456265],[78.7655071,32.5438349],[78.7690997,32.5322928],[78.7701141,32.5290334],[78.7748322,32.505368],[78.7753491,32.5040336],[78.7851249,32.4887262],[78.7920939,32.4769314],[78.8005665,32.4625878],[78.804552,32.4558389],[78.8067018,32.4442481],[78.8158381,32.4382353],[78.8224472,32.4338849],[78.8387288,32.4336304],[78.8394037,32.4336198],[78.8497387,32.4218527],[78.8599444,32.4102297],[78.8843983,32.3957988],[78.9028795,32.3848875],[78.9215789,32.3750232],[78.9301443,32.3705034],[78.9440525,32.3627345],[78.9467068,32.3612516],[78.9587562,32.3439871],[78.971185,32.3356936],[78.9833442,32.3484362],[79.0035454,32.374881],[79.0425969,32.3865656],[79.0454084,32.3874064],[79.0503415,32.3863445],[79.0602023,32.3842213],[79.0639497,32.3834143],[79.0784996,32.3802799],[79.0936798,32.3771344],[79.0992376,32.3820459],[79.1005898,32.3863118],[79.1038665,32.3966471],[79.1133982,32.4108132],[79.129756,32.4171669],[79.1351653,32.4322986],[79.1333788,32.4356445],[79.1323372,32.4375952],[79.1213624,32.4581439],[79.125045,32.4650227],[79.1320111,32.4698083],[79.1389441,32.4685918],[79.1534714,32.4715032],[79.1820863,32.4737573],[79.1932977,32.4841662],[79.2302299,32.5132911],[79.2409325,32.5195384],[79.2446099,32.5201474],[79.2597514,32.5226542],[79.2813258,32.54774],[79.2884705,32.5618154],[79.290925,32.5666499],[79.2935712,32.5718615],[79.3052555,32.5858233],[79.3118671,32.5876297],[79.3249698,32.5846461],[79.3394547,32.5701249],[79.3623714,32.5662496],[79.3718336,32.5611107],[79.3729904,32.5604824],[79.3790261,32.5353099],[79.3845334,32.5227977],[79.3966227,32.517495],[79.4165469,32.5180848],[79.4292901,32.5235308],[79.4386598,32.5358907],[79.4514956,32.5587454],[79.4587888,32.5658879],[79.4747249,32.5740417],[79.495594,32.5985609],[79.5252573,32.6306801],[79.5374873,32.6595914],[79.5672413,32.6700695],[79.5723431,32.6876209],[79.5802053,32.6935042],[79.5924096,32.7110009],[79.609623,32.7232282],[79.6118608,32.7350361],[79.5979425,32.7483358],[79.5944054,32.7594751],[79.5881462,32.7660595],[79.585421,32.7660346],[79.5703506,32.7658965],[79.5570767,32.7677182],[79.5429596,32.7815501],[79.5383634,32.7860523],[79.5381134,32.7863607],[79.5339453,32.8034805],[79.5177093,32.8265922],[79.4909245,32.8540036],[79.4793861,32.865806],[79.4654929,32.8800124],[79.4526686,32.9022012],[79.4460644,32.9118108],[79.4370615,32.9202843],[79.4333506,32.9237764],[79.4239211,32.9305734],[79.420959,32.9327083],[79.4139477,32.9447548],[79.397604,32.9618492],[79.3771036,32.9631013],[79.3689532,32.9662391],[79.3717192,32.9767994],[79.3681711,32.9825244],[79.367173,32.9824361],[79.3580823,32.9816323],[79.3533768,32.9838579],[79.3462293,32.9893057],[79.3399834,33.0018783],[79.3299397,33.0069849],[79.3249031,33.0122415],[79.3438281,33.0153444],[79.3516671,33.0157327],[79.3567395,33.0159837],[79.3803226,33.0276698],[79.3871452,33.0420676],[79.3795416,33.0607699],[79.3750028,33.0697991],[79.3681563,33.0834154],[79.373217,33.1063798],[79.3812444,33.1166525],[79.3885619,33.1260147],[79.413244,33.1540924],[79.4228012,33.1649593],[79.4430446,33.2003608],[79.451773,33.2350022],[79.4461126,33.2577347],[79.4345569,33.2623835],[79.3939251,33.2744584],[79.3727113,33.2786932],[79.355581,33.2821105],[79.3311237,33.2752972],[79.3001286,33.2732669],[79.2935983,33.2758719],[79.2613373,33.2887353],[79.2236829,33.2962846],[79.1970743,33.2950403],[79.1490315,33.2938802],[79.1076913,33.289112],[79.0815594,33.2974068],[79.0579861,33.309074],[79.0160406,33.3283393],[78.9870345,33.3308605],[78.978422,33.3364097],[78.9718042,33.3639937],[78.9553725,33.3816221],[78.9399759,33.4135631],[78.9290177,33.4481656],[78.927078,33.454288],[78.92747,33.4866635],[78.9412394,33.5112835],[78.9437738,33.5260691],[78.9232469,33.5602461],[78.9062598,33.5737095],[78.9073522,33.5826176],[78.9145246,33.6060063],[78.9080112,33.6149443],[78.9028604,33.6220112],[78.9094866,33.6292437],[78.9271609,33.6271244],[78.9352206,33.6212908],[78.940335,33.6175885],[78.9461742,33.6166456],[78.9642476,33.6137258],[78.9676628,33.6138374],[78.989455,33.6145478],[79.0308193,33.6241656],[79.0559988,33.6206903],[79.0660853,33.6192971],[79.0953738,33.6125399],[79.1001506,33.616324],[79.0932762,33.6300204],[79.0903826,33.6357843],[79.0892067,33.6411775],[79.0817081,33.6755549],[79.0779958,33.6860819],[79.0635396,33.6795387],[79.0463187,33.6738345],[79.0341256,33.6796952],[79.0220046,33.6861485],[79.0161061,33.7022639],[79.0197847,33.7145483],[79.0364103,33.7427191],[79.0379804,33.7453785],[79.0465135,33.7498225],[79.0570738,33.7553211],[79.0587235,33.75618],[79.0640986,33.764715],[79.0604545,33.7758347],[79.0436127,33.7790981],[79.030352,33.7880502],[79.0131859,33.7829356],[79.0096084,33.7946475],[79.0023264,33.8054792],[78.9867262,33.8362316],[78.9622806,33.8878892],[78.9559339,33.9012914],[78.9453388,33.9262035],[78.9226992,33.9527463],[78.9183171,33.9639218],[78.9256496,33.9824941],[78.9532093,34.0131313],[78.9759227,34.0219798],[79.0011489,34.0336082],[79.0248278,34.032765],[79.0460423,34.0237298],[79.080351,34.0099537],[79.1126509,34.0089446],[79.1382305,34.017516],[79.1397897,34.0203754],[79.1428542,34.0259949],[79.1466654,34.0329825],[79.1466908,34.0334011],[79.1480075,34.0550694],[79.1504611,34.0553868],[79.1623538,34.0569247],[79.1729288,34.0582915],[79.1868535,34.0486701],[79.1883039,34.0480426],[79.1988354,34.0434862],[79.2038475,34.0413174],[79.2059915,34.0403895],[79.2184133,34.0416988],[79.2223742,34.0432644],[79.2320761,34.0470988],[79.2604022,34.0374005],[79.2763946,34.0304527],[79.2829438,34.0276067],[79.3005063,34.0296537],[79.3328868,34.0291826],[79.3448337,34.0284722],[79.3736677,34.0267541],[79.3744227,34.0262368],[79.3988397,34.0095008],[79.4155057,33.999006],[79.4183613,34.0007816],[79.4224372,34.0033157],[79.43745,34.0126477],[79.442877,34.0211654],[79.4298506,34.0319378],[79.4214995,34.0372664],[79.4145292,34.0417133],[79.4148423,34.0441387],[79.4156783,34.0506146],[79.4193499,34.0622915],[79.4211131,34.0759398],[79.4275085,34.0807698],[79.4469723,34.0862293],[79.4660332,34.0941234],[79.4808855,34.1085363],[79.483213,34.1107944],[79.4858497,34.1133524],[79.4959542,34.124449],[79.4951598,34.1280556],[79.4950435,34.1285835],[79.490962,34.1471087],[79.4933896,34.1805926],[79.4936861,34.1846807],[79.5037224,34.1951829],[79.5131418,34.2009378],[79.5160285,34.2006778],[79.5174512,34.2005496],[79.5241652,34.1999445],[79.526744,34.199712],[79.532421,34.1992],[79.5364539,34.1950325],[79.5400583,34.1913073],[79.5487657,34.1971241],[79.5515137,34.1990263],[79.5550529,34.2014761],[79.5576486,34.2032727],[79.56513,34.2084502],[79.571013,34.212521],[79.5808745,34.2233987],[79.5909188,34.2344751],[79.5921387,34.2358201],[79.597389,34.2647588],[79.5969618,34.2780039],[79.5796012,34.2999856],[79.5685111,34.3201967],[79.5699769,34.3368712],[79.5613569,34.3814668],[79.5638614,34.3877859],[79.5668451,34.3953131],[79.568937,34.4005898],[79.5666979,34.4055936],[79.5433292,34.4040996],[79.5316288,34.4087542],[79.5275508,34.4163233],[79.5279985,34.4404804],[79.5280283,34.4420881],[79.5248866,34.4498298],[79.5233073,34.4537212],[79.5214556,34.4582832],[79.5218459,34.4612635],[79.5221548,34.4636219],[79.5403542,34.4697876],[79.5582443,34.473578],[79.5835328,34.4784988],[79.5868718,34.4803551],[79.5963633,34.485631],[79.5983928,34.486759],[79.6007574,34.4856802],[79.6148005,34.4792722],[79.6162905,34.479185],[79.6282327,34.4784861],[79.6335006,34.4781775],[79.653388,34.4805737],[79.6628643,34.4755106],[79.6818066,34.4707852],[79.7041635,34.4699472],[79.7258829,34.4697637],[79.7395927,34.4640708],[79.7444247,34.4620639],[79.753809,34.467207],[79.7711522,34.4668166],[79.7734521,34.4668096],[79.7895696,34.4667595],[79.7914387,34.4667536],[79.8038496,34.4728156],[79.8161038,34.4830934],[79.8210448,34.5144555],[79.809106,34.5227587],[79.7869746,34.5307967],[79.7697759,34.5377778],[79.7688154,34.5522725],[79.7770938,34.5653195],[79.7806035,34.5684112],[79.7912417,34.5777809],[79.7943757,34.5805406],[79.7899137,34.5905547],[79.7754909,34.6020824],[79.7766043,34.6103838],[79.8161313,34.6289635],[79.829364,34.6355492],[79.8481065,34.6560323],[79.8582386,34.666503],[79.8751437,34.6679436],[79.8782597,34.674859],[79.9205201,34.6727043],[79.921557,34.6726513],[79.9223575,34.6722443],[79.9446625,34.6609009],[79.9539989,34.6654357],[79.9678005,34.6733965],[79.9737158,34.6768077],[80.0042709,34.6823626],[80.0139894,34.6832493],[80.0432784,34.6859181],[80.0653112,34.6928577],[80.0693238,34.7008865],[80.0692125,34.7687389],[80.0749952,34.8054179],[80.0897643,34.8280453],[80.1272352,34.8725493],[80.1468862,34.9131859],[80.1496916,34.9189843],[80.152783,34.9253729],[80.1714242,34.9650365],[80.1868951,35.0079986],[80.1869621,35.0105966],[80.1880545,35.0529107],[80.1869937,35.1028324],[80.1856724,35.1215622],[80.1850326,35.1306283],[80.1991637,35.1533043],[80.2262318,35.1795582],[80.227682,35.1820715],[80.2312163,35.1881961],[80.242657,35.2080155],[80.2512073,35.2480205],[80.265153,35.2743088],[80.2779897,35.301423],[80.2839196,35.3139428],[80.2974755,35.3528684],[80.2961609,35.3902027],[80.2984847,35.4169883],[80.3212065,35.4376366],[80.3397824,35.4496739],[80.3450836,35.4611722],[80.3345944,35.4957759],[80.3268258,35.5289183],[80.3242104,35.5304533],[80.3146284,35.5360762],[80.3134635,35.5433873],[80.3179385,35.5645648],[80.3153224,35.5743942],[80.311712,35.5879561],[80.2950185,35.5997366],[80.2736755,35.6124132],[80.2685889,35.6154334],[80.2249053,35.6337129],[80.2130821,35.6386573],[80.1853977,35.6445001],[80.1516976,35.6516056],[80.1288965,35.6567328],[80.1268862,35.6606679],[80.1121599,35.6894836],[80.1099828,35.6926035],[80.1005201,35.7061614],[80.0781544,35.725142],[80.0775057,35.7256924],[80.0621393,35.7684997],[80.0475236,35.7940954],[80.0426137,35.8026904],[80.0156924,35.8261636],[80.0107932,35.8266149],[79.9996974,35.8276367],[79.9724226,35.8255443],[79.9676955,35.8251812],[79.9625115,35.8224803],[79.9383412,35.8098835],[79.9260094,35.8007096],[79.9153757,35.7927968],[79.9135237,35.790303],[79.9045351,35.7781972],[79.8989595,35.7751086],[79.8870882,35.7743933],[79.828467,35.7869224],[79.7510906,35.796919],[79.7283797,35.8139518],[79.6823055,35.8324749],[79.6192507,35.8453003],[79.5911824,35.8555893],[79.5623798,35.8659367],[79.536228,35.8796386],[79.4680421,35.8874454],[79.4401998,35.8940834],[79.4302747,35.9081362],[79.4103535,35.9859773],[79.400932,35.9927912],[79.3580311,35.9917328],[79.2888432,35.9869423],[79.2517009,35.9847529],[79.2308988,35.9721642],[79.2131312,35.9545195],[79.2119073,35.9507201],[79.204495,35.9277024],[79.2069183,35.9162071],[79.2095105,35.903907],[79.2126862,35.8784556],[79.2127598,35.8778656],[79.2104927,35.8760962],[79.1816443,35.8535739],[79.1652704,35.8385275],[79.1646725,35.8381862],[79.1424243,35.8347611],[79.1329841,35.8359388],[79.1272175,35.836658],[79.0337861,35.8475385],[79.0322477,35.8477172],[79.0281473,35.8502503],[79.0131478,35.859514],[78.9823901,35.8896597],[78.9692049,35.890169],[78.9521078,35.8772286],[78.9251211,35.8675102],[78.8722256,35.862343],[78.8390709,35.8561161],[78.8199905,35.8565012],[78.7862203,35.8688783],[78.7691742,35.86789],[78.7489206,35.864768],[78.7283078,35.8646669],[78.7105292,35.8577426],[78.6952358,35.8589964],[78.6733111,35.8542035],[78.6711855,35.8495014],[78.6652195,35.8363007],[78.6596333,35.8317723],[78.6464306,35.8210671],[78.6216795,35.8111074],[78.6100327,35.812055],[78.5996983,35.805709],[78.584346,35.7943799],[78.5602696,35.7777676],[78.534164,35.7625128],[78.5264489,35.7655311],[78.5125445,35.772042],[78.4754324,35.7750281],[78.4426716,35.7836428],[78.4302409,35.778051],[78.4290662,35.775246],[78.427237,35.7708782],[78.4261162,35.7682018],[78.4159431,35.7630271],[78.4124058,35.751933],[78.409068,35.7486069],[78.4087884,35.7421344],[78.4086556,35.7390595],[78.4038637,35.7358493],[78.368325,35.7273041],[78.3379554,35.7189387],[78.3192562,35.7222166],[78.2979278,35.7280943],[78.2876965,35.7223162],[78.2769503,35.7183741],[78.2755198,35.7124997],[78.2774928,35.6919874],[78.2771896,35.6770428],[78.2776649,35.6762276],[78.2845071,35.6644902],[78.2827016,35.661639],[78.273509,35.6568866],[78.2686752,35.6543873],[78.268611,35.6543124],[78.2656115,35.6474193],[78.2558827,35.6457908],[78.2286566,35.6575118],[78.2120489,35.6659996],[78.206989,35.660409],[78.2070975,35.6584918],[78.2077039,35.6477797],[78.203914,35.6442845],[78.201122,35.6417094],[78.2000751,35.6403442],[78.1959249,35.6349317],[78.1968415,35.6276039],[78.1970469,35.6259614],[78.1974375,35.6228385],[78.1933618,35.6237264],[78.1872144,35.6250654],[78.1759861,35.6275105],[78.1698251,35.6249982],[78.1718865,35.6138303],[78.1734131,35.6055585],[78.1706395,35.5943991],[78.1595994,35.5814903],[78.1604594,35.5700468],[78.1649121,35.5517361],[78.1572353,35.5487432],[78.1490738,35.5415962],[78.1367658,35.5365684],[78.1315808,35.5423612],[78.1057535,35.5533515],[78.0928581,35.5495627],[78.0843517,35.5520186],[78.074943,35.5593335],[78.06221,35.5740863],[78.0555614,35.5817874],[78.0540281,35.5820533],[78.0368811,35.5850255],[78.0013971,35.5823691],[77.9907056,35.5849862],[77.9734983,35.5946869],[77.9595761,35.6037208],[77.9578085,35.6048675],[77.9537671,35.6015848],[77.9590814,35.590403],[77.9679356,35.5717659],[77.9634646,35.5583392],[77.9519161,35.5406646],[77.9497539,35.5371454],[77.9375158,35.5172203],[77.9392658,35.506909],[77.9603159,35.4861399],[77.9705422,35.4667957],[77.9838959,35.4564612],[77.9860013,35.4548315],[77.9852519,35.448303],[77.9772735,35.4489159],[77.9624522,35.4611652],[77.9485273,35.4726738],[77.9293159,35.4903075],[77.9212643,35.4880258],[77.9209947,35.4879494],[77.9206503,35.4849309],[77.918896,35.4695502],[77.9120772,35.46109],[77.8937549,35.4672757],[77.8861279,35.4774349],[77.8748393,35.4747009],[77.8694907,35.4727125],[77.8625713,35.476231],[77.8612754,35.4774218],[77.8526283,35.4853662],[77.8379927,35.4918624],[77.8292408,35.5050955],[77.822049,35.5062376],[77.809631,35.4999916],[77.8034792,35.4908777],[77.7863185,35.4879802],[77.7756048,35.4921743],[77.7673892,35.4953897],[77.7491223,35.5087323],[77.7358659,35.5210983],[77.7261567,35.5128462],[77.7271966,35.4894241],[77.7283514,35.480561],[77.7285318,35.4791764],[77.7287718,35.4773345],[77.7280654,35.4771858],[77.7269399,35.476949],[77.7131183,35.4740395],[77.7077889,35.4729173],[77.6857535,35.4721668],[77.6851586,35.4668239],[77.67335,35.4659076],[77.6699304,35.4689828],[77.6653677,35.4730856],[77.6632165,35.4745046],[77.6530952,35.4811801],[77.6470255,35.4792364],[77.6371321,35.4691964],[77.6286237,35.4650385],[77.605664,35.4691314],[77.6016769,35.4696692],[77.5566391,35.4757372],[77.5301933,35.4766313],[77.496135,35.4777767],[77.4869854,35.4724377],[77.4742586,35.4650096],[77.4436637,35.4594558],[77.4188408,35.4666428],[77.3969058,35.4713552],[77.3895701,35.4729305],[77.3872156,35.473436],[77.3852391,35.4738603],[77.38426,35.4749679],[77.3767624,35.4834481],[77.3766014,35.4834882],[77.3632243,35.4868173],[77.3546801,35.4958097],[77.352925,35.5067069],[77.345487,35.519209],[77.3446232,35.519573],[77.3300817,35.5257],[77.3306685,35.5270893],[77.3320443,35.5303461],[77.3413351,35.5350646],[77.3619715,35.5431553],[77.3886584,35.5394374],[77.4118139,35.5234031],[77.4305218,35.5136705],[77.442996,35.5139623],[77.4581655,35.5188445],[77.473416,35.5177347],[77.4798082,35.522655],[77.482764,35.5296207],[77.4822011,35.5301709],[77.4735015,35.5386735],[77.4652222,35.5500474],[77.4706808,35.5598232],[77.4756083,35.5714326],[77.4718808,35.5842702],[77.4657333,35.5872204],[77.458654,35.5906173],[77.4465561,35.593889],[77.4401263,35.6021341],[77.4402607,35.6033712],[77.4413804,35.6136718],[77.4417397,35.6169761],[77.4417132,35.6177315],[77.4410259,35.6373715],[77.4383314,35.6537416],[77.4379359,35.6561437],[77.4354327,35.6570844],[77.4280749,35.6598491],[77.4115565,35.6562566],[77.4028077,35.6634695],[77.402501,35.6691061],[77.4018271,35.6814891],[77.3879486,35.6900379],[77.3853273,35.6916523],[77.3780064,35.7053409],[77.3761304,35.7068627],[77.36825,35.7132544],[77.3658668,35.7151872],[77.3497634,35.7193915],[77.3437485,35.7209614],[77.3392037,35.7202922],[77.335549,35.7197539],[77.3325985,35.7127863],[77.3210679,35.7010481],[77.3123977,35.7022658],[77.2990776,35.7080022],[77.2971715,35.7105023],[77.2952191,35.713063],[77.2874372,35.7225905],[77.2833996,35.7198267],[77.2803132,35.7177138],[77.2763853,35.708422],[77.2583449,35.7043202],[77.2419194,35.7084763],[77.2415152,35.7088478],[77.2292254,35.7201425],[77.2277796,35.7213118],[77.2181794,35.7290751],[77.2130134,35.7332519],[77.2091369,35.7330916],[77.1964035,35.7325641],[77.1916447,35.7323667],[77.1889955,35.7318912],[77.1796797,35.7302185],[77.1690334,35.7405374],[77.1697888,35.7433853],[77.1763557,35.7681346],[77.1705374,35.7668377],[77.1669343,35.7660345],[77.1620753,35.7649511],[77.1521902,35.7686352],[77.146477,35.7765013],[77.1457822,35.7774578],[77.1350412,35.7800042],[77.1323366,35.7891647],[77.1270073,35.794322],[77.1156599,35.7981051],[77.1046298,35.7967248],[77.091112,35.7950322],[77.0715656,35.7871593],[77.0707113,35.7868151],[77.0619909,35.7833015],[77.0452164,35.7772883],[77.0202723,35.7755789],[77.0104762,35.7749066],[77.001004,35.7755601],[76.9927572,35.7809101],[76.9824379,35.7876032],[76.9569924,35.7899494],[76.9559252,35.7899032],[76.9356124,35.7890224],[76.9250474,35.7933329],[76.9037952,35.807939],[76.9004044,35.8089119],[76.8873942,35.8126439],[76.8819438,35.8174856],[76.8721877,35.8261504],[76.8611481,35.8359526],[76.858593,35.8363288],[76.8235296,35.8414881],[76.8074801,35.8497456],[76.8045576,35.8571171],[76.7987659,35.8796282],[76.7906918,35.8927218],[76.7830649,35.9050866],[76.7829947,35.9052003],[76.7577832,35.9319993],[76.7397877,35.9460697],[76.7393898,35.9463807],[76.7321364,35.9546361],[76.7322653,35.9559126],[76.7328558,35.9617613],[76.7351978,35.964898],[76.736257,35.9663165],[76.7440411,35.9705788],[76.7522089,35.9759075],[76.7590015,35.9803383],[76.7666756,35.9923399],[76.7680464,35.9944834],[76.7703647,35.9981081],[76.7866179,36.0155138],[76.7876995,36.0166718],[76.790309,36.0173896],[76.8104096,36.0229167],[76.8134497,36.0310808],[76.8136876,36.0406288],[76.8095369,36.0463553],[76.8011923,36.0578653],[76.7981994,36.0619928],[76.7837502,36.0719279],[76.7521757,36.0800174],[76.7393376,36.0870925],[76.7370419,36.0883575],[76.721849,36.0967273],[76.7200916,36.0976953],[76.7152582,36.1081768],[76.7155778,36.1133093],[76.7164446,36.1272225],[76.7111169,36.1401267],[76.7057802,36.1447609],[76.6962119,36.153068],[76.6703045,36.1739055],[76.6559238,36.1921842],[76.6446822,36.1977054],[76.6343288,36.1900212],[76.6169122,36.1780198],[76.5940938,36.1783209],[76.5653921,36.1861725],[76.5579488,36.1935623],[76.5534165,36.1980613],[76.5492867,36.2021602],[76.5139291,36.2098789],[76.5103169,36.210667],[76.480981,36.2197346],[76.4791703,36.2226566],[76.4765715,36.22685],[76.4761284,36.2275649],[76.474879,36.2295806],[76.4696318,36.2380455],[76.4682516,36.2402717],[76.4664157,36.2408276],[76.4481968,36.2463425],[76.436783,36.2578295],[76.4391931,36.2599453],[76.4456608,36.2656228],[76.4485003,36.2720117],[76.4459403,36.2835268],[76.4429045,36.2931774],[76.4397967,36.3030549],[76.4374999,36.3103534],[76.4347972,36.3123354],[76.4245834,36.3198244],[76.4133939,36.3280266],[76.3934812,36.3392122],[76.3797963,36.3468967],[76.3573331,36.3664791],[76.3539272,36.3694472],[76.3399232,36.3697383],[76.3209983,36.3649638],[76.2744044,36.3565544],[76.266502,36.358843],[76.2440948,36.3715964],[76.2357038,36.377557],[76.2302643,36.3814204],[76.2007291,36.3969997],[76.1767214,36.4008818],[76.1639531,36.4064516],[76.1446215,36.4285492],[76.111718,36.4596594],[76.0916903,36.474624],[76.0711539,36.4842423],[76.0533313,36.4913031],[76.0100628,36.4951337],[75.9819381,36.5028099],[75.945038,36.5116058],[75.912017,36.5244905],[75.8988096,36.5296413],[75.8907778,36.5327728],[75.8667982,36.545547],[75.8593023,36.5525599],[75.8524324,36.5583412],[75.8319354,36.5607534],[75.8070215,36.5634237],[75.7903279,36.5751541],[75.7693738,36.5889233],[75.7444237,36.6076976],[75.7402826,36.6140176],[75.7346623,36.6225934],[75.7205311,36.6383401],[75.7107094,36.6524199],[75.7078383,36.6573189],[75.7014033,36.6667116],[75.6933928,36.6775344],[75.6895362,36.6828168],[75.6628102,36.7216625],[75.6337989,36.7537703],[75.6127243,36.7752702],[75.6106827,36.7761042],[75.6080611,36.7771752],[75.5952693,36.7823995],[75.5855258,36.7863779],[75.5579206,36.7949475],[75.5407628,36.8002709],[75.5288759,36.8039053],[75.4880201,36.8163888],[75.481496,36.8200595],[75.4632666,36.8303133],[75.4583421,36.8419243],[75.4554546,36.860833],[75.4550344,36.8635842],[75.4498185,36.8889291],[75.4418294,36.8995175],[75.4361738,36.9020558],[75.4296784,36.9049706],[75.417647,36.9032587],[75.4087781,36.9037547],[75.4069208,36.9080334],[75.4110608,36.9215196],[75.4248818,36.9523556],[75.421579,36.9656607],[75.4184479,36.9723959],[75.4136823,36.9774332],[75.4127342,36.9778821],[75.4036863,36.9821657],[75.3876891,36.9776902],[75.3792444,36.9745821],[75.3688884,36.9751576],[75.3627783,36.9807884],[75.3621997,36.9813217],[75.3598377,36.9834981],[75.3544274,36.9884829],[75.3539636,36.9897493],[75.352277,36.9943544],[75.3484078,37.0049168],[75.350374,37.0191192],[75.3488441,37.0358999],[75.3465732,37.052721],[75.3413137,37.0607632],[75.3362835,37.0628298],[75.3207839,37.0642811],[75.2765358,37.0601536],[75.24488,37.0553254],[75.2290835,37.0528544],[75.2200069,37.0514338],[75.2109562,37.0500168],[75.1969275,37.0424307],[75.1772115,37.0202452],[75.1617556,36.9998024],[75.161294,36.9991916],[75.1529606,36.9881648],[75.1091517,36.961899],[75.0912503,36.9610682],[75.0551945,36.9743188],[75.0370827,36.9889933],[75.0314845,36.9902529],[75.023218,36.9921124],[75.0226854,36.9920144],[75.0156714,36.9907229],[75.0066614,36.9854498],[74.9827259,36.9714365],[74.9813043,36.9706039],[74.9540179,36.9546189],[74.9476445,36.9494133],[74.9341273,36.93837],[74.9227149,36.9258494],[74.9155791,36.9202595],[74.9097594,36.9217553],[74.9076746,36.9248648],[74.8965025,36.9415239],[74.8665949,36.9738002],[74.8657456,36.9747164],[74.8633143,36.9771024],[74.8490725,36.9910761],[74.8486779,36.9917906],[74.8479453,36.9921819],[74.8471467,36.9929653],[74.8370525,37.0031581],[74.8347859,37.0052643],[74.8333814,37.0087215],[74.8330891,37.0111705],[74.8334674,37.0147234],[74.8352331,37.0194735],[74.8375359,37.0243115],[74.8401758,37.0296653],[74.8408739,37.0321431],[74.8408713,37.032148],[74.8389018,37.0358435],[74.8358285,37.0379936],[74.8326344,37.0388392],[74.8291999,37.0390273],[74.8230273,37.0379782],[74.817025,37.0371508],[74.8125665,37.0360797],[74.8066577,37.0351824],[74.8047738,37.0349821],[74.7984819,37.0365305],[74.7926301,37.0383086],[74.7889656,37.0395731],[74.7833102,37.0409953],[74.781793,37.0406612],[74.7768811,37.0415993],[74.7725561,37.0415429],[74.7690548,37.0412219],[74.7657738,37.0400401],[74.7630531,37.0384413],[74.7601926,37.0359709],[74.7571162,37.0303862],[74.7550002,37.0254804],[74.753184,37.0218845],[74.7516442,37.0201038],[74.749424,37.0193869],[74.7471367,37.0201136],[74.7423913,37.0232965],[74.7381723,37.0267841],[74.7330957,37.0312577],[74.7299565,37.0347774],[74.7263568,37.0385],[74.7247713,37.0415602],[74.722192,37.0446628],[74.7208831,37.0475866],[74.7184307,37.0498979],[74.7159107,37.0536525],[74.7159084,37.053658],[74.7136729,37.0590776],[74.711919,37.0637946],[74.7103911,37.0694576],[74.7088576,37.0733137],[74.7084373,37.0784318],[74.7078253,37.0857117],[74.7073905,37.0872884],[74.7073897,37.0872886],[74.7057422,37.0878168],[74.7031201,37.0879546],[74.6967881,37.0883418],[74.690123,37.0881406],[74.6845727,37.0872503],[74.6811705,37.0867138],[74.6780896,37.0851031],[74.6731413,37.0829299],[74.6670769,37.0795665],[74.6620867,37.07638],[74.6550073,37.0716122],[74.652374,37.0700867],[74.6447595,37.0671088],[74.6413855,37.0659942],[74.6337991,37.0637031],[74.6289131,37.0627829],[74.6223646,37.0614264],[74.6172157,37.0609797],[74.6103998,37.0601926],[74.6047938,37.0592497],[74.6011829,37.0593315],[74.5940948,37.05921],[74.5894079,37.0591621],[74.5816688,37.0575746],[74.5736392,37.0545323],[74.5709058,37.0531589],[74.5681272,37.0517628],[74.5681217,37.05176],[74.5688559,37.0514936],[74.5731039,37.0506612],[74.5749601,37.0495621],[74.5767148,37.0480745],[74.5779042,37.045802],[74.5779061,37.0457984],[74.5788112,37.0419716],[74.5794392,37.0364015],[74.580058,37.0310238],[74.5804183,37.0210119],[74.5792592,37.0126071],[74.5766012,37.001216],[74.5753544,36.9989164],[74.5749657,36.9968088],[74.5748091,36.9949703],[74.574151,36.9899728],[74.5721357,36.9826411],[74.5710701,36.9793335],[74.5691369,36.9703011],[74.5673259,36.9638264],[74.5657499,36.9592583],[74.5641013,36.9578973],[74.5605439,36.9571975],[74.5572557,36.9576851],[74.5510679,36.959065],[74.5455162,36.960792],[74.5425507,36.9613548],[74.5403338,36.9633163],[74.5392895,36.9646593],[74.5380365,36.9703185],[74.5377369,36.9748283],[74.5372876,36.9773686],[74.5372855,36.9773728],[74.5343099,36.9832358],[74.5309125,36.9876489],[74.5262857,36.9921545],[74.5229575,36.9951287],[74.5203107,36.995832],[74.5138292,36.996481],[74.5049401,36.9962685],[74.495797,36.9962441],[74.4845902,36.9966783],[74.4750922,36.997231],[74.465698,36.9973281],[74.4602855,36.9978123],[74.4568327,36.9982928],[74.4511197,36.9982433],[74.4465051,36.9974425],[74.4421223,36.9969109],[74.4380849,36.9959972],[74.4321275,36.9959393],[74.4264243,36.9956929],[74.4227979,36.9947264],[74.4198697,36.9945023],[74.4171465,36.9934334],[74.4161579,36.9919612],[74.4139484,36.9871099],[74.4126888,36.9845156],[74.4103211,36.9828684],[74.4081819,36.9815558],[74.4052929,36.9805468],[74.4011257,36.9789731],[74.395713,36.9761805],[74.388664,36.9734664],[74.3857234,36.9735034],[74.3810452,36.9740087],[74.3783589,36.9738572],[74.3756889,36.9733786],[74.3740164,36.9725391],[74.370916,36.9708677],[74.3656283,36.9672266],[74.3628183,36.9662848],[74.3561195,36.963122],[74.3508032,36.9600689],[74.346866,36.957191],[74.3426783,36.9527983],[74.3364379,36.9470291],[74.3301495,36.9406028],[74.3291302,36.938146],[74.3266083,36.9363612],[74.3210891,36.9325141],[74.3186818,36.9300778],[74.3148213,36.9273322],[74.3114787,36.9256516],[74.3044357,36.9212957],[74.2974352,36.917727],[74.290455,36.9137655],[74.2871329,36.9116918],[74.2826089,36.9091857],[74.2781435,36.90714],[74.2725876,36.9040758],[74.2678417,36.9027414],[74.2639952,36.9013707],[74.2617844,36.8999225],[74.2579712,36.8978975],[74.2537577,36.8957283],[74.2489708,36.8936057],[74.2469314,36.8936043],[74.2417922,36.8952047],[74.2340312,36.8986189],[74.2258827,36.9016269],[74.2210952,36.9027141],[74.2113461,36.9035064],[74.2047086,36.9040734],[74.1965067,36.904916],[74.1889529,36.9058452],[74.182122,36.9069947],[74.1756066,36.9083509],[74.1693556,36.9093225],[74.1609223,36.9098937],[74.1557503,36.9105077],[74.1517411,36.9044116],[74.1499589,36.9010105],[74.1472095,36.8958079],[74.1441991,36.8909241],[74.1426344,36.8864815],[74.1409032,36.8773807],[74.139885,36.8718421],[74.1385514,36.867669],[74.1369975,36.8630297],[74.1362069,36.857826],[74.1362305,36.8542223],[74.1353009,36.8501279],[74.133459,36.8479035],[74.1309389,36.8461806],[74.1259665,36.8429991],[74.1217441,36.839515],[74.1163146,36.8357279],[74.1136251,36.8357031],[74.1098093,36.8369513],[74.1028356,36.8393384],[74.0951699,36.8409153],[74.0888269,36.8421434],[74.0855168,36.8415073],[74.079786,36.8388232],[74.0724489,36.8341182],[74.0686825,36.8313034],[74.0632963,36.8267294],[74.0589686,36.8221911],[74.0545254,36.8183041],[74.0498832,36.813558],[74.0465214,36.8108218],[74.0424948,36.8129791],[74.0396922,36.8151125],[74.0373709,36.8173932],[74.0342653,36.8206305],[74.0314989,36.823617],[74.0277799,36.8261121],[74.0251029,36.8273973],[74.0219583,36.8282732],[74.0171375,36.8300094],[74.0139616,36.8314741],[74.0083768,36.8337739],[74.0044353,36.8342945],[74.0007016,36.83397],[73.9954215,36.8341713],[73.9819564,36.8295767],[73.979382,36.8311163],[73.9684816,36.8368775],[73.9614993,36.8392667],[73.9572291,36.8433771],[73.9543897,36.8440305],[73.9505571,36.8457766],[73.9470372,36.8504134],[73.9447746,36.8548431],[73.9412692,36.8621097],[73.9329949,36.8682093],[73.925944,36.8747264],[73.9210288,36.8791886],[73.9149023,36.8829826],[73.9067521,36.8838264],[73.9019087,36.8811539],[73.8960709,36.8766937],[73.8930204,36.8754605],[73.8825916,36.8809816],[73.8764502,36.8879038],[73.8704974,36.8942062],[73.8592612,36.8973186],[73.8519079,36.8978121],[73.8384118,36.8994667],[73.8314569,36.9012253],[73.8204428,36.903091],[73.8146839,36.8943745],[73.8101686,36.888581],[73.8070914,36.8878463],[73.8007199,36.8874959],[73.8007189,36.8875016],[73.7996064,36.8935915],[73.7968499,36.8983768],[73.7941021,36.9001576],[73.7869314,36.900154],[73.7735813,36.8963],[73.7701943,36.9011877],[73.7655455,36.9051926],[73.7607245,36.9047989],[73.7587606,36.9052846],[73.7558579,36.9077369],[73.7513225,36.9096865],[73.7448626,36.9089006],[73.738762,36.9041271],[73.7335149,36.8989394],[73.7287251,36.8979903],[73.7205501,36.9006979],[73.7122021,36.9065102],[73.7034513,36.9120854],[73.697239,36.9143067],[73.6900455,36.9142703],[73.6798757,36.9130151],[73.6710933,36.9116983],[73.6713586,36.9044853],[73.6677157,36.9003534],[73.6663956,36.8967498],[73.6652881,36.8918203],[73.6655103,36.8853829],[73.6670057,36.880886],[73.6670075,36.8808807],[73.6705644,36.8791199],[73.676524,36.8764456],[73.6825018,36.8734383],[73.6872617,36.8699423],[73.6894232,36.8659081],[73.6936881,36.8638389],[73.699533,36.860715],[73.7061855,36.857954],[73.7061872,36.8579533],[73.706636,36.8548574],[73.7069668,36.8464223],[73.7057817,36.8403778],[73.7055096,36.8378116],[73.7089513,36.835601],[73.7117853,36.8343689],[73.7154868,36.8349464],[73.7198352,36.836325],[73.7252974,36.8350757],[73.728162,36.8332888],[73.7320232,36.8309816],[73.7366325,36.8301461],[73.7386596,36.8259947],[73.7412386,36.8268649],[73.7472736,36.8277474],[73.7490921,36.8273677],[73.7543994,36.8188868],[73.7562911,36.8171758],[73.758836,36.8161549],[73.7687122,36.8150615],[73.7739677,36.8150261],[73.7819869,36.8175341],[73.7881293,36.8189748],[73.7942008,36.81919],[73.797572,36.8181983],[73.7975733,36.8181979],[73.7979404,36.8165436],[73.7971161,36.8114011],[73.7959145,36.8055781],[73.79636,36.8024855],[73.7963606,36.8024813],[73.8004045,36.7992907],[73.8004059,36.7992896],[73.8015121,36.7942198],[73.8015131,36.7942151],[73.8063978,36.7908306],[73.8111732,36.7894431],[73.8147903,36.789015],[73.8195762,36.7899622],[73.8269702,36.7937805],[73.8315883,36.7952772],[73.8369869,36.7951338],[73.8401065,36.7936873],[73.8423267,36.7909862],[73.846959,36.78459],[73.8497909,36.7807985],[73.8532286,36.7760276],[73.8561017,36.7740161],[73.8598384,36.7713678],[73.8638087,36.7695058],[73.8679889,36.7663169],[73.8712574,36.7620954],[73.875617,36.7581343],[73.8793347,36.753261],[73.8822177,36.7484712],[73.8822187,36.7484697],[73.8833577,36.745285],[73.8841008,36.7391955],[73.8828836,36.7361508],[73.8830512,36.7330456],[73.8830513,36.7330432],[73.8852899,36.7299016],[73.8852933,36.7298969],[73.8834587,36.7280536],[73.8754377,36.7231026],[73.8736394,36.7205932],[73.8786363,36.7098754],[73.8786387,36.7098703],[73.8786506,36.7070905],[73.8767087,36.7046872],[73.8717761,36.7014005],[73.8669754,36.7007874],[73.8573618,36.7023406],[73.8486592,36.7023683],[73.8403152,36.705967],[73.8302267,36.708614],[73.8205393,36.711497],[73.8124875,36.714771],[73.801978,36.7175127],[73.7955512,36.7188417],[73.7916199,36.7174789],[73.7844591,36.7145557],[73.7798533,36.7103884],[73.7768311,36.705054],[73.7747839,36.7020896],[73.765941,36.7046662],[73.7567331,36.7063395],[73.7489585,36.7070627],[73.7408406,36.7089966],[73.7367051,36.7088485],[73.7329033,36.7101581],[73.7270671,36.7132852],[73.7245796,36.7133072],[73.7172091,36.711708],[73.7098536,36.7123333],[73.7060592,36.7085268],[73.7036188,36.7052138],[73.6998578,36.7032989],[73.6949798,36.6991193],[73.6927827,36.693924],[73.6922212,36.6891212],[73.6892693,36.6875688],[73.6831105,36.6865678],[73.6765896,36.6871107],[73.6693113,36.6888493],[73.6632484,36.6910766],[73.6554742,36.6917957],[73.648358,36.6930944],[73.6380038,36.6979454],[73.634815,36.698163],[73.6318824,36.6962767],[73.6252528,36.6913638],[73.6215815,36.6903401],[73.6155988,36.6911228],[73.6125732,36.693348],[73.6068222,36.6949174],[73.599843,36.6937723],[73.5927137,36.6928438],[73.5899946,36.6945238],[73.5865421,36.6994022],[73.586542,36.6994045],[73.5864476,36.7035139],[73.5855572,36.709487],[73.5793017,36.7223807],[73.5752665,36.7204531],[73.568976,36.7168856],[73.56345,36.714458],[73.5543349,36.7095625],[73.5498207,36.716069],[73.5439816,36.7142965],[73.534202,36.7113773],[73.5248983,36.7098097],[73.5198978,36.7102918],[73.5151377,36.7162323],[73.5124767,36.7216944],[73.5098383,36.7219301],[73.5042073,36.7189407],[73.4999381,36.7138886],[73.4976329,36.7131356],[73.4913279,36.7146806],[73.487453,36.7172055],[73.4849207,36.7180009],[73.4814361,36.7185384],[73.4793108,36.7194601],[73.4793106,36.7194648],[73.4791002,36.7231224],[73.476805,36.7245938],[73.4718585,36.7265223],[73.4685662,36.7285124],[73.4664058,36.7324354],[73.4619719,36.7350499],[73.4586596,36.7325907],[73.4533917,36.7305031],[73.4467133,36.7289185],[73.4338821,36.7309952],[73.4279567,36.7331081],[73.4259777,36.7362589],[73.4259777,36.7362607],[73.4259289,36.7394821],[73.4253157,36.7429065],[73.4253143,36.7429065],[73.4214422,36.7429833],[73.4164438,36.741016],[73.412822,36.7367649],[73.4101742,36.7347746],[73.4032937,36.7342929],[73.3989466,36.7330168],[73.3944209,36.7300656],[73.3898779,36.7297828],[73.3841691,36.7329034],[73.3780106,36.7318918],[73.3737757,36.7310642],[73.3669685,36.7316959],[73.3582585,36.7341458],[73.3515758,36.7350041],[73.3521108,36.7282403],[73.3512434,36.7265391],[73.3483332,36.7219797],[73.3488173,36.7184391],[73.3478318,36.7163996],[73.3446147,36.7147201],[73.3335875,36.7143001],[73.3270959,36.714275],[73.3175588,36.7143557],[73.3107916,36.7143195],[73.3082379,36.7107738],[73.303945,36.7062716],[73.2997379,36.7049982],[73.2941198,36.7042267],[73.285719,36.7037931],[73.2761104,36.7050923],[73.2667904,36.7061797],[73.2632332,36.7055978],[73.2555612,36.7045234],[73.2461164,36.7053824],[73.2423477,36.7083513],[73.2380143,36.7115207],[73.2348268,36.7070594],[73.2288049,36.7014872],[73.2197701,36.6978],[73.209547,36.6955123],[73.2013962,36.6955292],[73.1922852,36.6977332],[73.1866905,36.701186],[73.1866888,36.7011912],[73.185499,36.7049216],[73.186557,36.710302],[73.1865538,36.7103036],[73.182282,36.7124712],[73.1750431,36.7179728],[73.1706714,36.7240308],[73.1705521,36.7191322],[73.1678808,36.7130215],[73.1641755,36.7103184],[73.1625443,36.707585],[73.1527111,36.7034183],[73.1437628,36.7006204],[73.1380887,36.6985068],[73.1341022,36.695903],[73.1285933,36.6933505],[73.1230209,36.6895717],[73.1193915,36.6856465],[73.1164408,36.6841954],[73.1129825,36.6842817],[73.1058404,36.6858914],[73.1026913,36.6854334],[73.0952208,36.6833586],[73.0844939,36.6893868],[73.0759979,36.6950577],[73.0694847,36.6999168],[73.0676457,36.7006226],[73.0684072,36.6972043],[73.0688864,36.693886],[73.0703076,36.6887138],[73.0702626,36.6849296],[73.0707123,36.67983],[73.0716746,36.6776432],[73.0756319,36.6739061],[73.0804267,36.6699818],[73.0804292,36.6699797],[73.080307,36.6651909],[73.0790466,36.658688],[73.0780212,36.6528618],[73.078886,36.6500032],[73.0793826,36.6441258],[73.0798453,36.6388033],[73.0784318,36.6370782],[73.076149,36.6337609],[73.0741057,36.6287839],[73.0813236,36.6236174],[73.09148,36.6177879],[73.0962946,36.613527],[73.097892,36.6099235],[73.0978945,36.609918],[73.0971668,36.6059943],[73.0939514,36.5998577],[73.0896171,36.5962363],[73.0877276,36.593268],[73.0827257,36.5892859],[73.0795003,36.5855967],[73.079498,36.5833707],[73.0791503,36.580018],[73.0787169,36.5735455],[73.0780172,36.569177],[73.0747249,36.5665977],[73.0678674,36.5636542],[73.0619467,36.5611928],[73.0585445,36.5581635],[73.0555195,36.5534795],[73.0525016,36.5486842],[73.0522585,36.5458917],[73.053665,36.5409385],[73.053388,36.5387011],[73.0519453,36.5329664],[73.0485459,36.532163],[73.0447746,36.5306768],[73.0392772,36.5303463],[73.0341028,36.5292492],[73.0253223,36.5262265],[73.0176714,36.5250299],[73.0110727,36.5224278],[73.0052793,36.5201916],[73.0001672,36.518094],[72.9991579,36.5200567],[72.9983879,36.5188315],[72.9949922,36.5156241],[72.9902897,36.5130466],[72.9829628,36.5118989],[72.9779132,36.511525],[72.9787981,36.5074657],[72.9827571,36.5014878],[72.9788916,36.4991088],[72.9747485,36.494335],[72.9745053,36.4880117],[72.9746622,36.4786328],[72.9742297,36.4753731],[72.9747653,36.4735234],[72.974767,36.4735177],[72.9768641,36.4737728],[72.9823021,36.4746744],[72.9874847,36.4728359],[72.9874865,36.4728353],[72.9879178,36.469269],[72.9848509,36.4676097],[72.9826481,36.4656439],[72.9824682,36.4617116],[72.979359,36.45732],[72.9734474,36.4538392],[72.9688537,36.4563845],[72.9634484,36.458385],[72.9555773,36.4592616],[72.9497079,36.4619255],[72.9460615,36.466215],[72.9387704,36.4611414],[72.9285933,36.4549263],[72.9236099,36.4535294],[72.9186572,36.4550349],[72.9146944,36.4576044],[72.9081495,36.4609221],[72.9046094,36.4600954],[72.9008498,36.456017],[72.8941723,36.4513076],[72.8865802,36.4443417],[72.8805869,36.4422195],[72.873383,36.4391942],[72.8637764,36.4374356],[72.8596694,36.4355605],[72.8591556,36.4336644],[72.8591549,36.4336619],[72.867716,36.4251369],[72.8746093,36.4196155],[72.8758306,36.41694],[72.8758331,36.4169345],[72.8706655,36.4117729],[72.8700896,36.4074818],[72.8718013,36.4003824],[72.8755415,36.3945652],[72.8755444,36.3945607],[72.8741153,36.3904052],[72.8701911,36.3856352],[72.8640683,36.3788971],[72.8586068,36.375088],[72.8546593,36.3740724],[72.8509652,36.3723842],[72.8526196,36.3695521],[72.852621,36.3695498],[72.8536663,36.3663488],[72.8482131,36.3657834],[72.8400941,36.3673277],[72.8351264,36.3657574],[72.8295915,36.3631392],[72.8244565,36.3608788],[72.8160819,36.3564356],[72.8086146,36.3510049],[72.806033,36.3450928],[72.8049621,36.3353156],[72.8033474,36.3308091],[72.7999413,36.327936],[72.7940477,36.327692],[72.7888719,36.3261115],[72.7842897,36.3218231],[72.7782455,36.3173031],[72.7739014,36.3159273],[72.7724121,36.3127915],[72.7703241,36.3091184],[72.7659371,36.3084237],[72.7609032,36.3046279],[72.7609417,36.3007015],[72.7591777,36.2985786],[72.7565179,36.2972724],[72.7518931,36.3003246],[72.7482508,36.3011975],[72.7394452,36.3003178],[72.7311367,36.2982629],[72.7298594,36.2951353],[72.726554,36.2907273],[72.7211269,36.289817],[72.7200494,36.2868684],[72.7197483,36.284977],[72.717666,36.2845482],[72.7140675,36.2847391],[72.7137229,36.2835291],[72.7134075,36.2785626],[72.7112349,36.2762511],[72.707557,36.2743888],[72.7006363,36.2737568],[72.692642,36.273421],[72.6889754,36.2713879],[72.6854318,36.2707265],[72.6805605,36.2710339],[72.6773453,36.2652617],[72.6745097,36.263434],[72.6741656,36.2622238],[72.6782474,36.2577837],[72.6834308,36.2492929],[72.6834326,36.2492901],[72.6848339,36.2438826],[72.6819441,36.2429068],[72.6800184,36.2433382],[72.6768661,36.2464511],[72.6702301,36.2545418],[72.6650943,36.2556918],[72.6621954,36.2581317],[72.6545352,36.2591748],[72.647206,36.2583524],[72.6444605,36.2584071],[72.6355393,36.2626415],[72.6239609,36.2688125],[72.6188681,36.2692796],[72.6116827,36.2694869],[72.6092908,36.2673354],[72.6051164,36.2633999],[72.598673,36.2619299],[72.5942113,36.2591775],[72.5876907,36.2588996],[72.5846575,36.2568911],[72.5807168,36.2526231],[72.5777175,36.2468576],[72.5769431,36.2425536],[72.5727374,36.239128],[72.5732695,36.2341963],[72.5722074,36.2310757],[72.5723737,36.2285228],[72.5723738,36.2285202],[72.573523,36.2270344],[72.5735251,36.2270317],[72.5739461,36.2238036],[72.5713568,36.2214718],[72.5648621,36.2143598],[72.5575031,36.2140447],[72.5555451,36.2117396],[72.55029,36.208268],[72.5473145,36.2054066],[72.5473144,36.2054065],[72.5505011,36.1985432],[72.5505036,36.1985377],[72.5491322,36.1969411],[72.5456474,36.1954246],[72.5455485,36.1937116],[72.5445223,36.1868325],[72.5424885,36.1824732],[72.5401777,36.1791271],[72.5357764,36.1755203],[72.5359213,36.173305],[72.5381456,36.1715208],[72.5455476,36.1679083],[72.5491329,36.1646443],[72.5512467,36.1613171],[72.5502538,36.1539259],[72.5507198,36.1500151],[72.5534637,36.1467148],[72.5612265,36.1439721],[72.5612284,36.1439714],[72.5617049,36.13989],[72.5591289,36.1373868],[72.5478074,36.1300644],[72.5403774,36.1276941],[72.5381012,36.123836],[72.5341462,36.1166579],[72.5276151,36.1102232],[72.5236835,36.1027036],[72.5208118,36.0983063],[72.5201227,36.0863103],[72.5185268,36.0753004],[72.5166812,36.0673379],[72.5166805,36.0673349],[72.5259177,36.0597746],[72.53574,36.0472913],[72.5445408,36.0463793],[72.5482388,36.0465383],[72.5583322,36.0461115],[72.5643517,36.0472302],[72.5687593,36.0446228],[72.5738762,36.0392491],[72.5793946,36.035829],[72.5793955,36.0358284],[72.5800617,36.0337097],[72.5800629,36.0337058],[72.5826899,36.0299468],[72.5826905,36.0299461],[72.5845951,36.0250796],[72.5816355,36.0217269],[72.5816347,36.021726],[72.5822175,36.0208919],[72.5822185,36.0208904],[72.5835253,36.017074],[72.580857,36.0133024],[72.5741583,36.0104338],[72.571115,36.008367],[72.5689057,36.0056905],[72.5677667,36.0028447],[72.5687819,35.9994459],[72.5679794,36.0014392],[72.567881,36.0002508],[72.567288,35.9981322],[72.5646411,35.9967755],[72.5597429,35.9940482],[72.5593221,35.9935799],[72.560346,35.992028],[72.562254,35.989136],[72.5622573,35.9891311],[72.5599638,35.9869571],[72.5548855,35.9845578],[72.5488274,35.9823534],[72.5466863,35.9830716],[72.54224,35.9851576],[72.5393248,35.9862244],[72.5386727,35.9851201],[72.5405443,35.9792598],[72.5424578,35.9742029],[72.5424111,35.9695358],[72.5390039,35.9649852],[72.5358285,35.9610704],[72.534449,35.9574153],[72.5353573,35.9520712],[72.5348863,35.9506385],[72.531476,35.9497905],[72.5290449,35.9500274],[72.5263542,35.9502895],[72.5240962,35.9487576],[72.5207412,35.9451705],[72.5130773,35.938673],[72.5127625,35.9364299]]]]}}]}
