{"type":"FeatureCollection","features":[{"type":"Feature","id":"pk-country-d-pk101","properties":{"id":"pk-country-d-pk101","name":"Bagh","region":"pk-country","level":"district","parent":"pk-country-p-pk1","country":"Pakistan · full source coverage","sourceCode":"PK101","sourceParentCode":"PK1","sourceLevel":"ADM2","sourceValidOn":"2022-09-09","center":[73.73922493930878,33.99200082311367],"bbox":[73.49440549500002,33.87677155100005,74.0013397670001,34.132059997000056],"source":"World Food Programme SDI · OCHA/HDX v01 · valid 2022-09-09 · CC BY-IGO","province":"Azad Kashmir"},"geometry":{"type":"Point","coordinates":[73.73922493930878,33.99200082311367]}},{"type":"Feature","id":"pk-country-d-pk102","properties":{"id":"pk-country-d-pk102","name":"Bhimber","region":"pk-country","level":"district","parent":"pk-country-p-pk1","country":"Pakistan · full source coverage","sourceCode":"PK102","sourceParentCode":"PK1","sourceLevel":"ADM2","sourceValidOn":"2022-09-09","center":[74.13365855123604,33.01257942926519],"bbox":[73.8254407500001,32.76916824000011,74.46166863900015,33.260198548000176],"source":"World Food Programme SDI · OCHA/HDX v01 · valid 2022-09-09 · CC BY-IGO","province":"Azad Kashmir"},"geometry":{"type":"Point","coordinates":[74.13365855123604,33.01257942926519]}},{"type":"Feature","id":"pk-country-d-pk103","properties":{"id":"pk-country-d-pk103","name":"Jhelum Valley","region":"pk-country","level":"district","parent":"pk-country-p-pk1","country":"Pakistan · full source coverage","sourceCode":"PK103","sourceParentCode":"PK1","sourceLevel":"ADM2","sourceValidOn":"2022-09-09","center":[73.82194151697318,34.198415517599436],"bbox":[73.62353452300016,34.015968546000124,73.9820240090001,34.359814491000066],"source":"World Food Programme SDI · OCHA/HDX v01 · valid 2022-09-09 · CC BY-IGO","province":"Azad Kashmir"},"geometry":{"type":"Point","coordinates":[73.82194151697318,34.198415517599436]}},{"type":"Feature","id":"pk-country-d-pk104","properties":{"id":"pk-country-d-pk104","name":"Haveli","region":"pk-country","level":"district","parent":"pk-country-p-pk1","country":"Pakistan · full source coverage","sourceCode":"PK104","sourceParentCode":"PK1","sourceLevel":"ADM2","sourceValidOn":"2022-09-09","center":[74.1129177013147,33.941532502898795],"bbox":[73.93774364500007,33.814489626000125,74.26358065699998,34.05517814100011],"source":"World Food Programme SDI · OCHA/HDX v01 · valid 2022-09-09 · CC BY-IGO","province":"Azad Kashmir"},"geometry":{"type":"Point","coordinates":[74.1129177013147,33.941532502898795]}},{"type":"Feature","id":"pk-country-d-pk105","properties":{"id":"pk-country-d-pk105","name":"Kotli","region":"pk-country","level":"district","parent":"pk-country-p-pk1","country":"Pakistan · full source coverage","sourceCode":"PK105","sourceParentCode":"PK1","sourceLevel":"ADM2","sourceValidOn":"2022-09-09","center":[73.91059884286445,33.448894845612955],"bbox":[73.56887820100013,33.22548666600011,74.18706632100009,33.68518603700005],"source":"World Food Programme SDI · OCHA/HDX v01 · valid 2022-09-09 · CC BY-IGO","province":"Azad Kashmir"},"geometry":{"type":"Point","coordinates":[73.91059884286445,33.448894845612955]}},{"type":"Feature","id":"pk-country-d-pk106","properties":{"id":"pk-country-d-pk106","name":"Mirpur","region":"pk-country","level":"district","parent":"pk-country-p-pk1","country":"Pakistan · full source coverage","sourceCode":"PK106","sourceParentCode":"PK1","sourceLevel":"ADM2","sourceValidOn":"2022-09-09","center":[73.73731748357459,33.23579692894347],"bbox":[73.57054136200014,33.00888740300019,73.91718556900014,33.46813942300014],"source":"World Food Programme SDI · OCHA/HDX v01 · valid 2022-09-09 · CC BY-IGO","province":"Azad Kashmir"},"geometry":{"type":"Point","coordinates":[73.73731748357459,33.23579692894347]}},{"type":"Feature","id":"pk-country-d-pk107","properties":{"id":"pk-country-d-pk107","name":"Muzaffarabad","region":"pk-country","level":"district","parent":"pk-country-p-pk1","country":"Pakistan · full source coverage","sourceCode":"PK107","sourceParentCode":"PK1","sourceLevel":"ADM2","sourceValidOn":"2022-09-09","center":[73.58590706633834,34.35088477763647],"bbox":[73.39804108300018,34.05897067300003,73.82006597000003,34.58776952200003],"source":"World Food Programme SDI · OCHA/HDX v01 · valid 2022-09-09 · CC BY-IGO","province":"Azad Kashmir"},"geometry":{"type":"Point","coordinates":[73.58590706633834,34.35088477763647]}},{"type":"Feature","id":"pk-country-d-pk108","properties":{"id":"pk-country-d-pk108","name":"Neelum","region":"pk-country","level":"district","parent":"pk-country-p-pk1","country":"Pakistan · full source coverage","sourceCode":"PK108","sourceParentCode":"PK1","sourceLevel":"ADM2","sourceValidOn":"2022-09-09","center":[74.1896423575898,34.817075080535155],"bbox":[73.64451165900016,34.380740294000134,74.86487877200005,35.1346588130001],"source":"World Food Programme SDI · OCHA/HDX v01 · valid 2022-09-09 · CC BY-IGO","province":"Azad Kashmir"},"geometry":{"type":"Point","coordinates":[74.1896423575898,34.817075080535155]}},{"type":"Feature","id":"pk-country-d-pk109","properties":{"id":"pk-country-d-pk109","name":"Poonch","region":"pk-country","level":"district","parent":"pk-country-p-pk1","country":"Pakistan · full source coverage","sourceCode":"PK109","sourceParentCode":"PK1","sourceLevel":"ADM2","sourceValidOn":"2022-09-09","center":[73.83078294170357,33.81872457526051],"bbox":[73.57143949800002,33.59300417600008,74.05743029100017,33.97843983000007],"source":"World Food Programme SDI · OCHA/HDX v01 · valid 2022-09-09 · CC BY-IGO","province":"Azad Kashmir"},"geometry":{"type":"Point","coordinates":[73.83078294170357,33.81872457526051]}},{"type":"Feature","id":"pk-country-d-pk110","properties":{"id":"pk-country-d-pk110","name":"Sudhnoti","region":"pk-country","level":"district","parent":"pk-country-p-pk1","country":"Pakistan · full source coverage","sourceCode":"PK110","sourceParentCode":"PK1","sourceLevel":"ADM2","sourceValidOn":"2022-09-09","center":[73.7440419235778,33.701638159175296],"bbox":[73.56608514900012,33.57982367200003,73.95828764300006,33.827430042000174],"source":"World Food Programme SDI · OCHA/HDX v01 · valid 2022-09-09 · CC BY-IGO","province":"Azad Kashmir"},"geometry":{"type":"Point","coordinates":[73.7440419235778,33.701638159175296]}},{"type":"Feature","id":"pk-country-d-pk201","properties":{"id":"pk-country-d-pk201","name":"Awaran","region":"pk-country","level":"district","parent":"pk-country-p-pk2","country":"Pakistan · full source coverage","sourceCode":"PK201","sourceParentCode":"PK2","sourceLevel":"ADM2","sourceValidOn":"2022-09-09","center":[65.38182950752456,26.19475558313132],"bbox":[64.12415157500016,25.430584184000054,66.26002414200013,27.41752633599998],"source":"World Food Programme SDI · OCHA/HDX v01 · valid 2022-09-09 · CC BY-IGO","province":"Balochistan"},"geometry":{"type":"Point","coordinates":[65.38182950752456,26.19475558313132]}},{"type":"Feature","id":"pk-country-d-pk202","properties":{"id":"pk-country-d-pk202","name":"Barkhan","region":"pk-country","level":"district","parent":"pk-country-p-pk2","country":"Pakistan · full source coverage","sourceCode":"PK202","sourceParentCode":"PK2","sourceLevel":"ADM2","sourceValidOn":"2022-09-09","center":[69.61442352722895,29.955914325970642],"bbox":[69.06050131900014,29.611333758000114,70.07621002200005,30.358383662000108],"source":"World Food Programme SDI · OCHA/HDX v01 · valid 2022-09-09 · CC BY-IGO","province":"Balochistan"},"geometry":{"type":"Point","coordinates":[69.61442352722895,29.955914325970642]}},{"type":"Feature","id":"pk-country-d-pk203","properties":{"id":"pk-country-d-pk203","name":"Chagai","region":"pk-country","level":"district","parent":"pk-country-p-pk2","country":"Pakistan · full source coverage","sourceCode":"PK203","sourceParentCode":"PK2","sourceLevel":"ADM2","sourceValidOn":"2022-09-09","center":[63.280775666879954,28.978597608333615],"bbox":[60.878597404000175,27.88882344500007,65.47623186300001,29.861780320000094],"source":"World Food Programme SDI · OCHA/HDX v01 · valid 2022-09-09 · CC BY-IGO","province":"Balochistan"},"geometry":{"type":"Point","coordinates":[63.280775666879954,28.978597608333615]}},{"type":"Feature","id":"pk-country-d-pk204","properties":{"id":"pk-country-d-pk204","name":"Dera Bugti","region":"pk-country","level":"district","parent":"pk-country-p-pk2","country":"Pakistan · full source coverage","sourceCode":"PK204","sourceParentCode":"PK2","sourceLevel":"ADM2","sourceValidOn":"2022-09-09","center":[69.05252679063526,28.95295438752587],"bbox":[68.27879954999997,28.44061106099997,69.76897430400015,29.678502599000126],"source":"World Food Programme SDI · OCHA/HDX v01 · valid 2022-09-09 · CC BY-IGO","province":"Balochistan"},"geometry":{"type":"Point","coordinates":[69.05252679063526,28.95295438752587]}},{"type":"Feature","id":"pk-country-d-pk205","properties":{"id":"pk-country-d-pk205","name":"Gwadar","region":"pk-country","level":"district","parent":"pk-country-p-pk2","country":"Pakistan · full source coverage","sourceCode":"PK205","sourceParentCode":"PK2","sourceLevel":"ADM2","sourceValidOn":"2022-09-09","center":[63.118564283360804,25.401030970205273],"bbox":[61.610454559000175,25.032775878999985,65.23861779200001,25.817539394],"source":"World Food Programme SDI · OCHA/HDX v01 · valid 2022-09-09 · CC BY-IGO","province":"Balochistan"},"geometry":{"type":"Point","coordinates":[63.118564283360804,25.401030970205273]}},{"type":"Feature","id":"pk-country-d-pk206","properties":{"id":"pk-country-d-pk206","name":"Harnai","region":"pk-country","level":"district","parent":"pk-country-p-pk2","country":"Pakistan · full source coverage","sourceCode":"PK206","sourceParentCode":"PK2","sourceLevel":"ADM2","sourceValidOn":"2022-09-09","center":[67.86270889041772,30.132307100683462],"bbox":[67.21996233800007,29.699670608000133,68.40943731700014,30.383997520000037],"source":"World Food Programme SDI · OCHA/HDX v01 · valid 2022-09-09 · CC BY-IGO","province":"Balochistan"},"geometry":{"type":"Point","coordinates":[67.86270889041772,30.132307100683462]}},{"type":"Feature","id":"pk-country-d-pk207","properties":{"id":"pk-country-d-pk207","name":"Jaffarabad","region":"pk-country","level":"district","parent":"pk-country-p-pk2","country":"Pakistan · full source coverage","sourceCode":"PK207","sourceParentCode":"PK2","sourceLevel":"ADM2","sourceValidOn":"2022-09-09","center":[68.00569592828339,28.205245257250308],"bbox":[67.62660813000014,27.93424232100017,68.43421078800009,28.56272088200012],"source":"World Food Programme SDI · OCHA/HDX v01 · valid 2022-09-09 · CC BY-IGO","province":"Balochistan"},"geometry":{"type":"Point","coordinates":[68.00569592828339,28.205245257250308]}},{"type":"Feature","id":"pk-country-d-pk208","properties":{"id":"pk-country-d-pk208","name":"Jhal Magsi","region":"pk-country","level":"district","parent":"pk-country-p-pk2","country":"Pakistan · full source coverage","sourceCode":"PK208","sourceParentCode":"PK2","sourceLevel":"ADM2","sourceValidOn":"2022-09-09","center":[67.5275693908286,28.404027808201405],"bbox":[67.15942448000015,27.892740250000088,67.80362310100008,28.847347944000035],"source":"World Food Programme SDI · OCHA/HDX v01 · valid 2022-09-09 · CC BY-IGO","province":"Balochistan"},"geometry":{"type":"Point","coordinates":[67.5275693908286,28.404027808201405]}},{"type":"Feature","id":"pk-country-d-pk209","properties":{"id":"pk-country-d-pk209","name":"Kachhi","region":"pk-country","level":"district","parent":"pk-country-p-pk2","country":"Pakistan · full source coverage","sourceCode":"PK209","sourceParentCode":"PK2","sourceLevel":"ADM2","sourceValidOn":"2022-09-09","center":[67.52731004166101,29.345985698387345],"bbox":[67.1146377730002,28.700553782000043,67.98382486200012,29.98140498600003],"source":"World Food Programme SDI · OCHA/HDX v01 · valid 2022-09-09 · CC BY-IGO","province":"Balochistan"},"geometry":{"type":"Point","coordinates":[67.52731004166101,29.345985698387345]}},{"type":"Feature","id":"pk-country-d-pk210","properties":{"id":"pk-country-d-pk210","name":"Kalat","region":"pk-country","level":"district","parent":"pk-country-p-pk2","country":"Pakistan · full source coverage","sourceCode":"PK210","sourceParentCode":"PK2","sourceLevel":"ADM2","sourceValidOn":"2022-09-09","center":[66.72894872569665,29.099064590461666],"bbox":[66.01391601600017,28.550644061000128,67.46547800600007,29.628540102000045],"source":"World Food Programme SDI · OCHA/HDX v01 · valid 2022-09-09 · CC BY-IGO","province":"Balochistan"},"geometry":{"type":"Point","coordinates":[66.72894872569665,29.099064590461666]}},{"type":"Feature","id":"pk-country-d-pk211","properties":{"id":"pk-country-d-pk211","name":"Kech","region":"pk-country","level":"district","parent":"pk-country-p-pk2","country":"Pakistan · full source coverage","sourceCode":"PK211","sourceParentCode":"PK2","sourceLevel":"ADM2","sourceValidOn":"2022-09-09","center":[63.04980264116335,25.998721067626615],"bbox":[61.77985503500008,25.36325877900009,64.51648638400013,26.653348923000124],"source":"World Food Programme SDI · OCHA/HDX v01 · valid 2022-09-09 · CC BY-IGO","province":"Balochistan"},"geometry":{"type":"Point","coordinates":[63.04980264116335,25.998721067626615]}},{"type":"Feature","id":"pk-country-d-pk212","properties":{"id":"pk-country-d-pk212","name":"Kharan","region":"pk-country","level":"district","parent":"pk-country-p-pk2","country":"Pakistan · full source coverage","sourceCode":"PK212","sourceParentCode":"PK2","sourceLevel":"ADM2","sourceValidOn":"2022-09-09","center":[65.60197797376372,28.69485268115596],"bbox":[64.91210840000008,28.110617191000188,66.16305806000008,29.349836485000026],"source":"World Food Programme SDI · OCHA/HDX v01 · valid 2022-09-09 · CC BY-IGO","province":"Balochistan"},"geometry":{"type":"Point","coordinates":[65.60197797376372,28.69485268115596]}},{"type":"Feature","id":"pk-country-d-pk213","properties":{"id":"pk-country-d-pk213","name":"Khuzdar","region":"pk-country","level":"district","parent":"pk-country-p-pk2","country":"Pakistan · full source coverage","sourceCode":"PK213","sourceParentCode":"PK2","sourceLevel":"ADM2","sourceValidOn":"2022-09-09","center":[66.6469116502621,27.45989021138465],"bbox":[65.59296621100009,25.73454313400009,67.40233706700013,28.85698150100012],"source":"World Food Programme SDI · OCHA/HDX v01 · valid 2022-09-09 · CC BY-IGO","province":"Balochistan"},"geometry":{"type":"Point","coordinates":[66.6469116502621,27.45989021138465]}},{"type":"Feature","id":"pk-country-d-pk214","properties":{"id":"pk-country-d-pk214","name":"Killa Abdullah","region":"pk-country","level":"district","parent":"pk-country-p-pk2","country":"Pakistan · full source coverage","sourceCode":"PK214","sourceParentCode":"PK2","sourceLevel":"ADM2","sourceValidOn":"2022-09-09","center":[66.54252648672094,30.51854055413573],"bbox":[66.23986253500004,30.08521121900003,67.26201754800002,31.312871459],"source":"World Food Programme SDI · OCHA/HDX v01 · valid 2022-09-09 · CC BY-IGO","province":"Balochistan"},"geometry":{"type":"Point","coordinates":[66.54252648672094,30.51854055413573]}},{"type":"Feature","id":"pk-country-d-pk215","properties":{"id":"pk-country-d-pk215","name":"Killa Saifullah","region":"pk-country","level":"district","parent":"pk-country-p-pk2","country":"Pakistan · full source coverage","sourceCode":"PK215","sourceParentCode":"PK2","sourceLevel":"ADM2","sourceValidOn":"2022-09-09","center":[68.31980645097556,30.967774744930594],"bbox":[67.42839407500014,30.509683204,69.38178252500006,31.597376722999968],"source":"World Food Programme SDI · OCHA/HDX v01 · valid 2022-09-09 · CC BY-IGO","province":"Balochistan"},"geometry":{"type":"Point","coordinates":[68.31980645097556,30.967774744930594]}},{"type":"Feature","id":"pk-country-d-pk216","properties":{"id":"pk-country-d-pk216","name":"Kohlu","region":"pk-country","level":"district","parent":"pk-country-p-pk2","country":"Pakistan · full source coverage","sourceCode":"PK216","sourceParentCode":"PK2","sourceLevel":"ADM2","sourceValidOn":"2022-09-09","center":[68.8435057750123,29.589216748502032],"bbox":[68.09713032700006,29.21744155000016,69.64600486400002,30.07084044400017],"source":"World Food Programme SDI · OCHA/HDX v01 · valid 2022-09-09 · CC BY-IGO","province":"Balochistan"},"geometry":{"type":"Point","coordinates":[68.8435057750123,29.589216748502032]}},{"type":"Feature","id":"pk-country-d-pk217","properties":{"id":"pk-country-d-pk217","name":"Lasbela","region":"pk-country","level":"district","parent":"pk-country-p-pk2","country":"Pakistan · full source coverage","sourceCode":"PK217","sourceParentCode":"PK2","sourceLevel":"ADM2","sourceValidOn":"2022-09-09","center":[66.64612818120204,25.799009342784675],"bbox":[65.20315449300006,24.89066314700011,67.42755889900013,26.655460178999988],"source":"World Food Programme SDI · OCHA/HDX v01 · valid 2022-09-09 · CC BY-IGO","province":"Balochistan"},"geometry":{"type":"Point","coordinates":[66.64612818120204,25.799009342784675]}},{"type":"Feature","id":"pk-country-d-pk218","properties":{"id":"pk-country-d-pk218","name":"Lehri","region":"pk-country","level":"district","parent":"pk-country-p-pk2","country":"Pakistan · full source coverage","sourceCode":"PK218","sourceParentCode":"PK2","sourceLevel":"ADM2","sourceValidOn":"2022-09-09","center":[68.01248595513523,29.007604836061613],"bbox":[67.64829221600019,28.607542000000137,68.48650124100004,29.37825733600016],"source":"World Food Programme SDI · OCHA/HDX v01 · valid 2022-09-09 · CC BY-IGO","province":"Balochistan"},"geometry":{"type":"Point","coordinates":[68.01248595513523,29.007604836061613]}},{"type":"Feature","id":"pk-country-d-pk219","properties":{"id":"pk-country-d-pk219","name":"Loralai","region":"pk-country","level":"district","parent":"pk-country-p-pk2","country":"Pakistan · full source coverage","sourceCode":"PK219","sourceParentCode":"PK2","sourceLevel":"ADM2","sourceValidOn":"2022-09-09","center":[68.77462680196022,30.47027380945471],"bbox":[67.69895911300006,30.265068296000095,69.56112588400015,30.691128083000024],"source":"World Food Programme SDI · OCHA/HDX v01 · valid 2022-09-09 · CC BY-IGO","province":"Balochistan"},"geometry":{"type":"Point","coordinates":[68.77462680196022,30.47027380945471]}},{"type":"Feature","id":"pk-country-d-pk220","properties":{"id":"pk-country-d-pk220","name":"Mastung","region":"pk-country","level":"district","parent":"pk-country-p-pk2","country":"Pakistan · full source coverage","sourceCode":"PK220","sourceParentCode":"PK2","sourceLevel":"ADM2","sourceValidOn":"2022-09-09","center":[66.74378258588403,29.721578678480004],"bbox":[66.192780427,29.336914061000186,67.27681027200009,30.15423783100016],"source":"World Food Programme SDI · OCHA/HDX v01 · valid 2022-09-09 · CC BY-IGO","province":"Balochistan"},"geometry":{"type":"Point","coordinates":[66.74378258588403,29.721578678480004]}},{"type":"Feature","id":"pk-country-d-pk221","properties":{"id":"pk-country-d-pk221","name":"Musakhel","region":"pk-country","level":"district","parent":"pk-country-p-pk2","country":"Pakistan · full source coverage","sourceCode":"PK221","sourceParentCode":"PK2","sourceLevel":"ADM2","sourceValidOn":"2022-09-09","center":[69.91941586718777,30.86713911881674],"bbox":[69.46047068700005,30.290984230000163,70.29478454600007,31.50854682900001],"source":"World Food Programme SDI · OCHA/HDX v01 · valid 2022-09-09 · CC BY-IGO","province":"Balochistan"},"geometry":{"type":"Point","coordinates":[69.91941586718777,30.86713911881674]}},{"type":"Feature","id":"pk-country-d-pk222","properties":{"id":"pk-country-d-pk222","name":"Nasirabad","region":"pk-country","level":"district","parent":"pk-country-p-pk2","country":"Pakistan · full source coverage","sourceCode":"PK222","sourceParentCode":"PK2","sourceLevel":"ADM2","sourceValidOn":"2022-09-09","center":[68.1073516530004,28.592270059204413],"bbox":[67.74261737900014,28.20355844300019,68.4481788820001,29.049495270000136],"source":"World Food Programme SDI · OCHA/HDX v01 · valid 2022-09-09 · CC BY-IGO","province":"Balochistan"},"geometry":{"type":"Point","coordinates":[68.1073516530004,28.592270059204413]}},{"type":"Feature","id":"pk-country-d-pk223","properties":{"id":"pk-country-d-pk223","name":"Nushki","region":"pk-country","level":"district","parent":"pk-country-p-pk2","country":"Pakistan · full source coverage","sourceCode":"PK223","sourceParentCode":"PK2","sourceLevel":"ADM2","sourceValidOn":"2022-09-09","center":[65.77126853278494,29.45416295704341],"bbox":[65.12930303400015,29.030901987000107,66.31245586500006,29.86062024200004],"source":"World Food Programme SDI · OCHA/HDX v01 · valid 2022-09-09 · CC BY-IGO","province":"Balochistan"},"geometry":{"type":"Point","coordinates":[65.77126853278494,29.45416295704341]}},{"type":"Feature","id":"pk-country-d-pk224","properties":{"id":"pk-country-d-pk224","name":"Panjgur","region":"pk-country","level":"district","parent":"pk-country-p-pk2","country":"Pakistan · full source coverage","sourceCode":"PK224","sourceParentCode":"PK2","sourceLevel":"ADM2","sourceValidOn":"2022-09-09","center":[64.15826572535923,26.742492890447235],"bbox":[63.071289388000196,26.14828898500008,65.33627233700014,27.298599395000167],"source":"World Food Programme SDI · OCHA/HDX v01 · valid 2022-09-09 · CC BY-IGO","province":"Balochistan"},"geometry":{"type":"Point","coordinates":[64.15826572535923,26.742492890447235]}},{"type":"Feature","id":"pk-country-d-pk225","properties":{"id":"pk-country-d-pk225","name":"Pishin","region":"pk-country","level":"district","parent":"pk-country-p-pk2","country":"Pakistan · full source coverage","sourceCode":"PK225","sourceParentCode":"PK2","sourceLevel":"ADM2","sourceValidOn":"2022-09-09","center":[67.14529678957486,30.736683857957612],"bbox":[66.51279539500018,30.17248775000013,67.82152779100005,31.232998207000037],"source":"World Food Programme SDI · OCHA/HDX v01 · valid 2022-09-09 · CC BY-IGO","province":"Balochistan"},"geometry":{"type":"Point","coordinates":[67.14529678957486,30.736683857957612]}},{"type":"Feature","id":"pk-country-d-pk226","properties":{"id":"pk-country-d-pk226","name":"Quetta","region":"pk-country","level":"district","parent":"pk-country-p-pk2","country":"Pakistan · full source coverage","sourceCode":"PK226","sourceParentCode":"PK2","sourceLevel":"ADM2","sourceValidOn":"2022-09-09","center":[66.87781739456703,30.133676679059608],"bbox":[66.23821919600005,29.809850933000178,67.43317556800008,30.473527730000058],"source":"World Food Programme SDI · OCHA/HDX v01 · valid 2022-09-09 · CC BY-IGO","province":"Balochistan"},"geometry":{"type":"Point","coordinates":[66.87781739456703,30.133676679059608]}},{"type":"Feature","id":"pk-country-d-pk227","properties":{"id":"pk-country-d-pk227","name":"Sherani","region":"pk-country","level":"district","parent":"pk-country-p-pk2","country":"Pakistan · full source coverage","sourceCode":"PK227","sourceParentCode":"PK2","sourceLevel":"ADM2","sourceValidOn":"2022-09-09","center":[69.77468359897325,31.63585909650625],"bbox":[69.5313105250001,31.247804590000044,70.05242405000018,32.10061645500008],"source":"World Food Programme SDI · OCHA/HDX v01 · valid 2022-09-09 · CC BY-IGO","province":"Balochistan"},"geometry":{"type":"Point","coordinates":[69.77468359897325,31.63585909650625]}},{"type":"Feature","id":"pk-country-d-pk228","properties":{"id":"pk-country-d-pk228","name":"Sibi","region":"pk-country","level":"district","parent":"pk-country-p-pk2","country":"Pakistan · full source coverage","sourceCode":"PK228","sourceParentCode":"PK2","sourceLevel":"ADM2","sourceValidOn":"2022-09-09","center":[68.05748416256563,29.6485937964001],"bbox":[67.35087405900015,29.330300910000062,68.57714083500014,30.126033126000152],"source":"World Food Programme SDI · OCHA/HDX v01 · valid 2022-09-09 · CC BY-IGO","province":"Balochistan"},"geometry":{"type":"Point","coordinates":[68.05748416256563,29.6485937964001]}},{"type":"Feature","id":"pk-country-d-pk229","properties":{"id":"pk-country-d-pk229","name":"Sohbatpur","region":"pk-country","level":"district","parent":"pk-country-p-pk2","country":"Pakistan · full source coverage","sourceCode":"PK229","sourceParentCode":"PK2","sourceLevel":"ADM2","sourceValidOn":"2022-09-09","center":[68.61721419456848,28.506611688152045],"bbox":[68.38014142800012,28.40901345100019,69.12750265700004,28.674007623000023],"source":"World Food Programme SDI · OCHA/HDX v01 · valid 2022-09-09 · CC BY-IGO","province":"Balochistan"},"geometry":{"type":"Point","coordinates":[68.61721419456848,28.506611688152045]}},{"type":"Feature","id":"pk-country-d-pk230","properties":{"id":"pk-country-d-pk230","name":"Washuk","region":"pk-country","level":"district","parent":"pk-country-p-pk2","country":"Pakistan · full source coverage","sourceCode":"PK230","sourceParentCode":"PK2","sourceLevel":"ADM2","sourceValidOn":"2022-09-09","center":[64.38909252787951,27.781972257648196],"bbox":[62.781478882000044,26.888828663000027,65.98043730799998,28.695495606000065],"source":"World Food Programme SDI · OCHA/HDX v01 · valid 2022-09-09 · CC BY-IGO","province":"Balochistan"},"geometry":{"type":"Point","coordinates":[64.38909252787951,27.781972257648196]}},{"type":"Feature","id":"pk-country-d-pk231","properties":{"id":"pk-country-d-pk231","name":"Zhob","region":"pk-country","level":"district","parent":"pk-country-p-pk2","country":"Pakistan · full source coverage","sourceCode":"PK231","sourceParentCode":"PK2","sourceLevel":"ADM2","sourceValidOn":"2022-09-09","center":[69.01728513703291,31.372110504159217],"bbox":[67.81739364100014,30.448366792000115,69.74516403900014,31.97610664400014],"source":"World Food Programme SDI · OCHA/HDX v01 · valid 2022-09-09 · CC BY-IGO","province":"Balochistan"},"geometry":{"type":"Point","coordinates":[69.01728513703291,31.372110504159217]}},{"type":"Feature","id":"pk-country-d-pk232","properties":{"id":"pk-country-d-pk232","name":"Ziarat","region":"pk-country","level":"district","parent":"pk-country-p-pk2","country":"Pakistan · full source coverage","sourceCode":"PK232","sourceParentCode":"PK2","sourceLevel":"ADM2","sourceValidOn":"2022-09-09","center":[67.87012536419991,30.392675582348843],"bbox":[67.18836909400011,30.162813183000026,68.59992639300003,30.598776207000185],"source":"World Food Programme SDI · OCHA/HDX v01 · valid 2022-09-09 · CC BY-IGO","province":"Balochistan"},"geometry":{"type":"Point","coordinates":[67.87012536419991,30.392675582348843]}},{"type":"Feature","id":"pk-country-d-pk233","properties":{"id":"pk-country-d-pk233","name":"Shaheed Sikandarabad","region":"pk-country","level":"district","parent":"pk-country-p-pk2","country":"Pakistan · full source coverage","sourceCode":"PK233","sourceParentCode":"PK2","sourceLevel":"ADM2","sourceValidOn":"2022-09-09","center":[66.180381549889,28.318382635142086],"bbox":[65.83059755700003,27.932025893000116,66.52098905200017,28.723499287000095],"source":"World Food Programme SDI · OCHA/HDX v01 · valid 2022-09-09 · CC BY-IGO","province":"Balochistan"},"geometry":{"type":"Point","coordinates":[66.180381549889,28.318382635142086]}},{"type":"Feature","id":"pk-country-d-pk234","properties":{"id":"pk-country-d-pk234","name":"Duki","region":"pk-country","level":"district","parent":"pk-country-p-pk2","country":"Pakistan · full source coverage","sourceCode":"PK234","sourceParentCode":"PK2","sourceLevel":"ADM2","sourceValidOn":"2022-09-09","center":[69.00719125902833,30.162506068411407],"bbox":[68.20819831200015,29.913924735000023,69.73954246100004,30.448366792000115],"source":"World Food Programme SDI · OCHA/HDX v01 · valid 2022-09-09 · CC BY-IGO","province":"Balochistan"},"geometry":{"type":"Point","coordinates":[69.00719125902833,30.162506068411407]}},{"type":"Feature","id":"pk-country-d-pk235","properties":{"id":"pk-country-d-pk235","name":"Chaman","region":"pk-country","level":"district","parent":"pk-country-p-pk2","country":"Pakistan · full source coverage","sourceCode":"PK235","sourceParentCode":"PK2","sourceLevel":"ADM2","sourceValidOn":"2022-09-09","center":[66.56169789186244,30.86236055289728],"bbox":[66.28105858100014,30.493381295000063,66.849944656,31.21250798800014],"source":"World Food Programme SDI · OCHA/HDX v01 · valid 2022-09-09 · CC BY-IGO","province":"Balochistan"},"geometry":{"type":"Point","coordinates":[66.56169789186244,30.86236055289728]}},{"type":"Feature","id":"pk-country-d-pk301","properties":{"id":"pk-country-d-pk301","name":"Astore","region":"pk-country","level":"district","parent":"pk-country-p-pk3","country":"Pakistan · full source coverage","sourceCode":"PK301","sourceParentCode":"PK3","sourceLevel":"ADM2","sourceValidOn":"2022-09-09","center":[74.88300560965838,35.14504944591529],"bbox":[74.40435439800018,34.64143334800019,75.26576002500019,35.85260828800011],"source":"World Food Programme SDI · OCHA/HDX v01 · valid 2022-09-09 · CC BY-IGO","province":"Gilgit Baltistan"},"geometry":{"type":"Point","coordinates":[74.88300560965838,35.14504944591529]}},{"type":"Feature","id":"pk-country-d-pk302","properties":{"id":"pk-country-d-pk302","name":"Diamir","region":"pk-country","level":"district","parent":"pk-country-p-pk3","country":"Pakistan · full source coverage","sourceCode":"PK302","sourceParentCode":"PK3","sourceLevel":"ADM2","sourceValidOn":"2022-09-09","center":[74.21635839138617,35.37769147543096],"bbox":[73.69720300200004,35.03902435300006,74.73153726200007,35.71889291600013],"source":"World Food Programme SDI · OCHA/HDX v01 · valid 2022-09-09 · CC BY-IGO","province":"Gilgit Baltistan"},"geometry":{"type":"Point","coordinates":[74.21635839138617,35.37769147543096]}},{"type":"Feature","id":"pk-country-d-pk303","properties":{"id":"pk-country-d-pk303","name":"Ghanche","region":"pk-country","level":"district","parent":"pk-country-p-pk3","country":"Pakistan · full source coverage","sourceCode":"PK303","sourceParentCode":"PK3","sourceLevel":"ADM2","sourceValidOn":"2022-09-09","center":[76.72102200993443,35.27381937071501],"bbox":[75.9094495220001,34.75551563800019,77.83396708800012,35.68772067100008],"source":"World Food Programme SDI · OCHA/HDX v01 · valid 2022-09-09 · CC BY-IGO","province":"Gilgit Baltistan"},"geometry":{"type":"Point","coordinates":[76.72102200993443,35.27381937071501]}},{"type":"Feature","id":"pk-country-d-pk304","properties":{"id":"pk-country-d-pk304","name":"Ghizer","region":"pk-country","level":"district","parent":"pk-country-p-pk3","country":"Pakistan · full source coverage","sourceCode":"PK304","sourceParentCode":"PK3","sourceLevel":"ADM2","sourceValidOn":"2022-09-09","center":[73.88428735836692,36.39445333994363],"bbox":[73.52141614800018,35.838919175000115,74.31688252500004,36.913459588000194],"source":"World Food Programme SDI · OCHA/HDX v01 · valid 2022-09-09 · CC BY-IGO","province":"Gilgit Baltistan"},"geometry":{"type":"Point","coordinates":[73.88428735836692,36.39445333994363]}},{"type":"Feature","id":"pk-country-d-pk305","properties":{"id":"pk-country-d-pk305","name":"Gilgit","region":"pk-country","level":"district","parent":"pk-country-p-pk3","country":"Pakistan · full source coverage","sourceCode":"PK305","sourceParentCode":"PK3","sourceLevel":"ADM2","sourceValidOn":"2022-09-09","center":[74.4203135252304,35.910504865709974],"bbox":[73.93493801700009,35.559295308,74.96772439700015,36.37757792300016],"source":"World Food Programme SDI · OCHA/HDX v01 · valid 2022-09-09 · CC BY-IGO","province":"Gilgit Baltistan"},"geometry":{"type":"Point","coordinates":[74.4203135252304,35.910504865709974]}},{"type":"Feature","id":"pk-country-d-pk306","properties":{"id":"pk-country-d-pk306","name":"Hunza","region":"pk-country","level":"district","parent":"pk-country-p-pk3","country":"Pakistan · full source coverage","sourceCode":"PK306","sourceParentCode":"PK3","sourceLevel":"ADM2","sourceValidOn":"2022-09-09","center":[75.11442105579971,36.581581954698514],"bbox":[74.04525469200019,36.011976681000135,76.06203590300015,37.08942389800018],"source":"World Food Programme SDI · OCHA/HDX v01 · valid 2022-09-09 · CC BY-IGO","province":"Gilgit Baltistan"},"geometry":{"type":"Point","coordinates":[75.11442105579971,36.581581954698514]}},{"type":"Feature","id":"pk-country-d-pk307","properties":{"id":"pk-country-d-pk307","name":"Skardu","region":"pk-country","level":"district","parent":"pk-country-p-pk3","country":"Pakistan · full source coverage","sourceCode":"PK307","sourceParentCode":"PK3","sourceLevel":"ADM2","sourceValidOn":"2022-09-09","center":[75.51456297385869,35.23703455189743],"bbox":[75.16755815000005,35.034007412000165,75.99100890300008,35.48254642500018],"source":"World Food Programme SDI · OCHA/HDX v01 · valid 2022-09-09 · CC BY-IGO","province":"Gilgit Baltistan"},"geometry":{"type":"Point","coordinates":[75.51456297385869,35.23703455189743]}},{"type":"Feature","id":"pk-country-d-pk308","properties":{"id":"pk-country-d-pk308","name":"Nagar","region":"pk-country","level":"district","parent":"pk-country-p-pk3","country":"Pakistan · full source coverage","sourceCode":"PK308","sourceParentCode":"PK3","sourceLevel":"ADM2","sourceValidOn":"2022-09-09","center":[74.61886828313813,36.273901956246156],"bbox":[74.07753101800017,36.00285079000008,75.29726327600002,36.59363942400017],"source":"World Food Programme SDI · OCHA/HDX v01 · valid 2022-09-09 · CC BY-IGO","province":"Gilgit Baltistan"},"geometry":{"type":"Point","coordinates":[74.61886828313813,36.273901956246156]}},{"type":"Feature","id":"pk-country-d-pk309","properties":{"id":"pk-country-d-pk309","name":"Kharmang","region":"pk-country","level":"district","parent":"pk-country-p-pk3","country":"Pakistan · full source coverage","sourceCode":"PK309","sourceParentCode":"PK3","sourceLevel":"ADM2","sourceValidOn":"2022-09-09","center":[75.78544290053463,34.84550089310238],"bbox":[75.10433402300015,34.51583249000015,76.49588364700008,35.15575530400008],"source":"World Food Programme SDI · OCHA/HDX v01 · valid 2022-09-09 · CC BY-IGO","province":"Gilgit Baltistan"},"geometry":{"type":"Point","coordinates":[75.78544290053463,34.84550089310238]}},{"type":"Feature","id":"pk-country-d-pk310","properties":{"id":"pk-country-d-pk310","name":"Shigar","region":"pk-country","level":"district","parent":"pk-country-p-pk3","country":"Pakistan · full source coverage","sourceCode":"PK310","sourceParentCode":"PK3","sourceLevel":"ADM2","sourceValidOn":"2022-09-09","center":[75.77140229449837,35.77346640572953],"bbox":[74.89369501800007,35.22843929900006,76.90021730000007,36.24534417900003],"source":"World Food Programme SDI · OCHA/HDX v01 · valid 2022-09-09 · CC BY-IGO","province":"Gilgit Baltistan"},"geometry":{"type":"Point","coordinates":[75.77140229449837,35.77346640572953]}},{"type":"Feature","id":"pk-country-d-pk311","properties":{"id":"pk-country-d-pk311","name":"Darel","region":"pk-country","level":"district","parent":"pk-country-p-pk3","country":"Pakistan · full source coverage","sourceCode":"PK311","sourceParentCode":"PK3","sourceLevel":"ADM2","sourceValidOn":"2022-09-09","center":[73.78329221918092,35.707691014627535],"bbox":[73.49285714100017,35.51685564700017,74.15744438900003,35.882454303000145],"source":"World Food Programme SDI · OCHA/HDX v01 · valid 2022-09-09 · CC BY-IGO","province":"Gilgit Baltistan"},"geometry":{"type":"Point","coordinates":[73.78329221918092,35.707691014627535]}},{"type":"Feature","id":"pk-country-d-pk312","properties":{"id":"pk-country-d-pk312","name":"Tangir","region":"pk-country","level":"district","parent":"pk-country-p-pk3","country":"Pakistan · full source coverage","sourceCode":"PK312","sourceParentCode":"PK3","sourceLevel":"ADM2","sourceValidOn":"2022-09-09","center":[73.34863843274768,35.74207485251854],"bbox":[73.111648517,35.55304719800017,73.58244952100017,35.947229801000105],"source":"World Food Programme SDI · OCHA/HDX v01 · valid 2022-09-09 · CC BY-IGO","province":"Gilgit Baltistan"},"geometry":{"type":"Point","coordinates":[73.34863843274768,35.74207485251854]}},{"type":"Feature","id":"pk-country-d-pk313","properties":{"id":"pk-country-d-pk313","name":"Gupis-Yasin","region":"pk-country","level":"district","parent":"pk-country-p-pk3","country":"Pakistan · full source coverage","sourceCode":"PK313","sourceParentCode":"PK3","sourceLevel":"ADM2","sourceValidOn":"2022-09-09","center":[73.1678620878276,36.22351202197977],"bbox":[72.51277129400006,35.81749625000015,73.76417852700018,36.75153496600012],"source":"World Food Programme SDI · OCHA/HDX v01 · valid 2022-09-09 · CC BY-IGO","province":"Gilgit Baltistan"},"geometry":{"type":"Point","coordinates":[73.1678620878276,36.22351202197977]}},{"type":"Feature","id":"pk-country-d-pk314","properties":{"id":"pk-country-d-pk314","name":"Rondu","region":"pk-country","level":"district","parent":"pk-country-p-pk3","country":"Pakistan · full source coverage","sourceCode":"PK314","sourceParentCode":"PK3","sourceLevel":"ADM2","sourceValidOn":"2022-09-09","center":[75.14390957194392,35.570704516778484],"bbox":[74.73909813600005,35.333510057000126,75.58504377500003,35.84057418000003],"source":"World Food Programme SDI · OCHA/HDX v01 · valid 2022-09-09 · CC BY-IGO","province":"Gilgit Baltistan"},"geometry":{"type":"Point","coordinates":[75.14390957194392,35.570704516778484]}},{"type":"Feature","id":"pk-country-d-pk401","properties":{"id":"pk-country-d-pk401","name":"Islamabad","region":"pk-country","level":"district","parent":"pk-country-p-pk4","country":"Pakistan · full source coverage","sourceCode":"PK401","sourceParentCode":"PK4","sourceLevel":"ADM2","sourceValidOn":"2022-09-09","center":[73.11991372317887,33.672098120738134],"bbox":[72.81388102200009,33.48971101600017,73.38939666800019,33.81193160999999],"source":"World Food Programme SDI · OCHA/HDX v01 · valid 2022-09-09 · CC BY-IGO","province":"Islamabad"},"geometry":{"type":"Point","coordinates":[73.11991372317887,33.672098120738134]}},{"type":"Feature","id":"pk-country-d-pk501","properties":{"id":"pk-country-d-pk501","name":"Abbottabad","region":"pk-country","level":"district","parent":"pk-country-p-pk5","country":"Pakistan · full source coverage","sourceCode":"PK501","sourceParentCode":"PK5","sourceLevel":"ADM2","sourceValidOn":"2022-09-09","center":[73.27497933328739,34.104150815505385],"bbox":[72.97160999699997,33.81568908700012,73.51200752900019,34.374062244000186],"source":"World Food Programme SDI · OCHA/HDX v01 · valid 2022-09-09 · CC BY-IGO","province":"Khyber Pakhtunkhwa"},"geometry":{"type":"Point","coordinates":[73.27497933328739,34.104150815505385]}},{"type":"Feature","id":"pk-country-d-pk502","properties":{"id":"pk-country-d-pk502","name":"Bajaur","region":"pk-country","level":"district","parent":"pk-country-p-pk5","country":"Pakistan · full source coverage","sourceCode":"PK502","sourceParentCode":"PK5","sourceLevel":"ADM2","sourceValidOn":"2022-09-09","center":[71.50493679357056,34.75355391694055],"bbox":[71.17277868000008,34.507322964000025,71.8053665160001,34.98502123800017],"source":"World Food Programme SDI · OCHA/HDX v01 · valid 2022-09-09 · CC BY-IGO","province":"Khyber Pakhtunkhwa"},"geometry":{"type":"Point","coordinates":[71.50493679357056,34.75355391694055]}},{"type":"Feature","id":"pk-country-d-pk503","properties":{"id":"pk-country-d-pk503","name":"Bannu","region":"pk-country","level":"district","parent":"pk-country-p-pk5","country":"Pakistan · full source coverage","sourceCode":"PK503","sourceParentCode":"PK5","sourceLevel":"ADM2","sourceValidOn":"2022-09-09","center":[70.62686176207916,32.98401736632369],"bbox":[70.26139077700009,32.70676040600017,70.96468100600003,33.263111115000015],"source":"World Food Programme SDI · OCHA/HDX v01 · valid 2022-09-09 · CC BY-IGO","province":"Khyber Pakhtunkhwa"},"geometry":{"type":"Point","coordinates":[70.62686176207916,32.98401736632369]}},{"type":"Feature","id":"pk-country-d-pk504","properties":{"id":"pk-country-d-pk504","name":"Batagram","region":"pk-country","level":"district","parent":"pk-country-p-pk5","country":"Pakistan · full source coverage","sourceCode":"PK504","sourceParentCode":"PK5","sourceLevel":"ADM2","sourceValidOn":"2022-09-09","center":[73.13766380152867,34.78708335544295],"bbox":[72.86335839200007,34.556346110000106,73.49719127100013,34.96763916800006],"source":"World Food Programme SDI · OCHA/HDX v01 · valid 2022-09-09 · CC BY-IGO","province":"Khyber Pakhtunkhwa"},"geometry":{"type":"Point","coordinates":[73.13766380152867,34.78708335544295]}},{"type":"Feature","id":"pk-country-d-pk505","properties":{"id":"pk-country-d-pk505","name":"Buner","region":"pk-country","level":"district","parent":"pk-country-p-pk5","country":"Pakistan · full source coverage","sourceCode":"PK505","sourceParentCode":"PK5","sourceLevel":"ADM2","sourceValidOn":"2022-09-09","center":[72.52245523310124,34.46271887876529],"bbox":[72.20224999900006,34.14998843100017,72.79770999800019,34.71153000100014],"source":"World Food Programme SDI · OCHA/HDX v01 · valid 2022-09-09 · CC BY-IGO","province":"Khyber Pakhtunkhwa"},"geometry":{"type":"Point","coordinates":[72.52245523310124,34.46271887876529]}},{"type":"Feature","id":"pk-country-d-pk506","properties":{"id":"pk-country-d-pk506","name":"Charsadda","region":"pk-country","level":"district","parent":"pk-country-p-pk5","country":"Pakistan · full source coverage","sourceCode":"PK506","sourceParentCode":"PK5","sourceLevel":"ADM2","sourceValidOn":"2022-09-09","center":[71.7202405302311,34.24405523861589],"bbox":[71.48527999900017,34.03880271800011,71.94367440400009,34.45732000400011],"source":"World Food Programme SDI · OCHA/HDX v01 · valid 2022-09-09 · CC BY-IGO","province":"Khyber Pakhtunkhwa"},"geometry":{"type":"Point","coordinates":[71.7202405302311,34.24405523861589]}},{"type":"Feature","id":"pk-country-d-pk507","properties":{"id":"pk-country-d-pk507","name":"Chitral Lower","region":"pk-country","level":"district","parent":"pk-country-p-pk5","country":"Pakistan · full source coverage","sourceCode":"PK507","sourceParentCode":"PK5","sourceLevel":"ADM2","sourceValidOn":"2022-09-09","center":[71.74463694580207,35.8868616945266],"bbox":[71.19900616100006,35.215421930000105,72.29954477000007,36.47822270500018],"source":"World Food Programme SDI · OCHA/HDX v01 · valid 2022-09-09 · CC BY-IGO","province":"Khyber Pakhtunkhwa"},"geometry":{"type":"Point","coordinates":[71.74463694580207,35.8868616945266]}},{"type":"Feature","id":"pk-country-d-pk508","properties":{"id":"pk-country-d-pk508","name":"Chitral Upper","region":"pk-country","level":"district","parent":"pk-country-p-pk5","country":"Pakistan · full source coverage","sourceCode":"PK508","sourceParentCode":"PK5","sourceLevel":"ADM2","sourceValidOn":"2022-09-09","center":[72.56532747031844,36.46317632908823],"bbox":[71.74797326400011,35.75110334600015,73.86303698400008,36.90756933600011],"source":"World Food Programme SDI · OCHA/HDX v01 · valid 2022-09-09 · CC BY-IGO","province":"Khyber Pakhtunkhwa"},"geometry":{"type":"Point","coordinates":[72.56532747031844,36.46317632908823]}},{"type":"Feature","id":"pk-country-d-pk509","properties":{"id":"pk-country-d-pk509","name":"D. I. Khan","region":"pk-country","level":"district","parent":"pk-country-p-pk5","country":"Pakistan · full source coverage","sourceCode":"PK509","sourceParentCode":"PK5","sourceLevel":"ADM2","sourceValidOn":"2022-09-09","center":[70.59877939352555,31.81833206620247],"bbox":[69.93893432600015,31.165496826000094,71.35302734400017,32.53438949600013],"source":"World Food Programme SDI · OCHA/HDX v01 · valid 2022-09-09 · CC BY-IGO","province":"Khyber Pakhtunkhwa"},"geometry":{"type":"Point","coordinates":[70.59877939352555,31.81833206620247]}},{"type":"Feature","id":"pk-country-d-pk510","properties":{"id":"pk-country-d-pk510","name":"Hangu","region":"pk-country","level":"district","parent":"pk-country-p-pk5","country":"Pakistan · full source coverage","sourceCode":"PK510","sourceParentCode":"PK5","sourceLevel":"ADM2","sourceValidOn":"2022-09-09","center":[70.84715380104119,33.431698187255954],"bbox":[70.49912262000004,33.21483993500004,71.22980874000007,33.609519996000074],"source":"World Food Programme SDI · OCHA/HDX v01 · valid 2022-09-09 · CC BY-IGO","province":"Khyber Pakhtunkhwa"},"geometry":{"type":"Point","coordinates":[70.84715380104119,33.431698187255954]}},{"type":"Feature","id":"pk-country-d-pk511","properties":{"id":"pk-country-d-pk511","name":"Haripur","region":"pk-country","level":"district","parent":"pk-country-p-pk5","country":"Pakistan · full source coverage","sourceCode":"PK511","sourceParentCode":"PK5","sourceLevel":"ADM2","sourceValidOn":"2022-09-09","center":[72.9007863108428,34.00390791178708],"bbox":[72.5486707930001,33.72937011700009,73.21540999500013,34.366615784000146],"source":"World Food Programme SDI · OCHA/HDX v01 · valid 2022-09-09 · CC BY-IGO","province":"Khyber Pakhtunkhwa"},"geometry":{"type":"Point","coordinates":[72.9007863108428,34.00390791178708]}},{"type":"Feature","id":"pk-country-d-pk512","properties":{"id":"pk-country-d-pk512","name":"Karak","region":"pk-country","level":"district","parent":"pk-country-p-pk5","country":"Pakistan · full source coverage","sourceCode":"PK512","sourceParentCode":"PK5","sourceLevel":"ADM2","sourceValidOn":"2022-09-09","center":[71.1093890092142,33.13906022363023],"bbox":[70.75038107000006,32.80596000200012,71.4760971070001,33.394995113000164],"source":"World Food Programme SDI · OCHA/HDX v01 · valid 2022-09-09 · CC BY-IGO","province":"Khyber Pakhtunkhwa"},"geometry":{"type":"Point","coordinates":[71.1093890092142,33.13906022363023]}},{"type":"Feature","id":"pk-country-d-pk513","properties":{"id":"pk-country-d-pk513","name":"Khyber","region":"pk-country","level":"district","parent":"pk-country-p-pk5","country":"Pakistan · full source coverage","sourceCode":"PK513","sourceParentCode":"PK5","sourceLevel":"ADM2","sourceValidOn":"2022-09-09","center":[71.06735383190046,33.95979254646273],"bbox":[70.44094928400017,33.7392074010001,71.51905822800018,34.33971426000005],"source":"World Food Programme SDI · OCHA/HDX v01 · valid 2022-09-09 · CC BY-IGO","province":"Khyber Pakhtunkhwa"},"geometry":{"type":"Point","coordinates":[71.06735383190046,33.95979254646273]}},{"type":"Feature","id":"pk-country-d-pk514","properties":{"id":"pk-country-d-pk514","name":"Kohat","region":"pk-country","level":"district","parent":"pk-country-p-pk5","country":"Pakistan · full source coverage","sourceCode":"PK514","sourceParentCode":"PK5","sourceLevel":"ADM2","sourceValidOn":"2022-09-09","center":[71.54637109867194,33.483637356825646],"bbox":[71.06078000500008,33.05982971200018,72.00999259100001,33.76421408000016],"source":"World Food Programme SDI · OCHA/HDX v01 · valid 2022-09-09 · CC BY-IGO","province":"Khyber Pakhtunkhwa"},"geometry":{"type":"Point","coordinates":[71.54637109867194,33.483637356825646]}},{"type":"Feature","id":"pk-country-d-pk515","properties":{"id":"pk-country-d-pk515","name":"Kohistan Lower","region":"pk-country","level":"district","parent":"pk-country-p-pk5","country":"Pakistan · full source coverage","sourceCode":"PK515","sourceParentCode":"PK5","sourceLevel":"ADM2","sourceValidOn":"2022-09-09","center":[72.91541104096873,35.16842191060032],"bbox":[72.68535002100015,34.970705517000056,73.17858007899997,35.32806854900002],"source":"World Food Programme SDI · OCHA/HDX v01 · valid 2022-09-09 · CC BY-IGO","province":"Khyber Pakhtunkhwa"},"geometry":{"type":"Point","coordinates":[72.91541104096873,35.16842191060032]}},{"type":"Feature","id":"pk-country-d-pk516","properties":{"id":"pk-country-d-pk516","name":"Kohistan Upper","region":"pk-country","level":"district","parent":"pk-country-p-pk5","country":"Pakistan · full source coverage","sourceCode":"PK516","sourceParentCode":"PK5","sourceLevel":"ADM2","sourceValidOn":"2022-09-09","center":[73.27020769927293,35.41059339123982],"bbox":[72.70313764200012,34.979929043000084,73.95973787900016,35.864441458000044],"source":"World Food Programme SDI · OCHA/HDX v01 · valid 2022-09-09 · CC BY-IGO","province":"Khyber Pakhtunkhwa"},"geometry":{"type":"Point","coordinates":[73.27020769927293,35.41059339123982]}},{"type":"Feature","id":"pk-country-d-pk517","properties":{"id":"pk-country-d-pk517","name":"Kolai Palas Kohistan","region":"pk-country","level":"district","parent":"pk-country-p-pk5","country":"Pakistan · full source coverage","sourceCode":"PK517","sourceParentCode":"PK5","sourceLevel":"ADM2","sourceValidOn":"2022-09-09","center":[73.24552009252145,35.02417701749827],"bbox":[72.87805735800015,34.8961284180001,73.6334055210001,35.23860367700013],"source":"World Food Programme SDI · OCHA/HDX v01 · valid 2022-09-09 · CC BY-IGO","province":"Khyber Pakhtunkhwa"},"geometry":{"type":"Point","coordinates":[73.24552009252145,35.02417701749827]}},{"type":"Feature","id":"pk-country-d-pk518","properties":{"id":"pk-country-d-pk518","name":"Kurram","region":"pk-country","level":"district","parent":"pk-country-p-pk5","country":"Pakistan · full source coverage","sourceCode":"PK518","sourceParentCode":"PK5","sourceLevel":"ADM2","sourceValidOn":"2022-09-09","center":[70.32397907172273,33.708391485794024],"bbox":[69.86120526500002,33.330900558,70.75362785400011,34.04895064800007],"source":"World Food Programme SDI · OCHA/HDX v01 · valid 2022-09-09 · CC BY-IGO","province":"Khyber Pakhtunkhwa"},"geometry":{"type":"Point","coordinates":[70.32397907172273,33.708391485794024]}},{"type":"Feature","id":"pk-country-d-pk519","properties":{"id":"pk-country-d-pk519","name":"Lakki Marwat","region":"pk-country","level":"district","parent":"pk-country-p-pk5","country":"Pakistan · full source coverage","sourceCode":"PK519","sourceParentCode":"PK5","sourceLevel":"ADM2","sourceValidOn":"2022-09-09","center":[70.81069786593191,32.60104807088972],"bbox":[70.28391186600015,32.26266797200009,71.24890136700014,32.87845500200018],"source":"World Food Programme SDI · OCHA/HDX v01 · valid 2022-09-09 · CC BY-IGO","province":"Khyber Pakhtunkhwa"},"geometry":{"type":"Point","coordinates":[70.81069786593191,32.60104807088972]}},{"type":"Feature","id":"pk-country-d-pk520","properties":{"id":"pk-country-d-pk520","name":"Lower Dir","region":"pk-country","level":"district","parent":"pk-country-p-pk5","country":"Pakistan · full source coverage","sourceCode":"PK520","sourceParentCode":"PK5","sourceLevel":"ADM2","sourceValidOn":"2022-09-09","center":[71.84892598065214,34.83982713766951],"bbox":[71.51013193800003,34.61342000500008,72.1929555100001,35.06964767000011],"source":"World Food Programme SDI · OCHA/HDX v01 · valid 2022-09-09 · CC BY-IGO","province":"Khyber Pakhtunkhwa"},"geometry":{"type":"Point","coordinates":[71.84892598065214,34.83982713766951]}},{"type":"Feature","id":"pk-country-d-pk521","properties":{"id":"pk-country-d-pk521","name":"Malakand","region":"pk-country","level":"district","parent":"pk-country-p-pk5","country":"Pakistan · full source coverage","sourceCode":"PK521","sourceParentCode":"PK5","sourceLevel":"ADM2","sourceValidOn":"2022-09-09","center":[71.89472621300195,34.538001013353515],"bbox":[71.63909149200015,34.36437170500017,72.23566999900015,34.66952941300008],"source":"World Food Programme SDI · OCHA/HDX v01 · valid 2022-09-09 · CC BY-IGO","province":"Khyber Pakhtunkhwa"},"geometry":{"type":"Point","coordinates":[71.89472621300195,34.538001013353515]}},{"type":"Feature","id":"pk-country-d-pk522","properties":{"id":"pk-country-d-pk522","name":"Mansehra","region":"pk-country","level":"district","parent":"pk-country-p-pk5","country":"Pakistan · full source coverage","sourceCode":"PK522","sourceParentCode":"PK5","sourceLevel":"ADM2","sourceValidOn":"2022-09-09","center":[73.42882583752748,34.65615464739764],"bbox":[72.81669743700013,34.209989999000186,74.12742587800005,35.18190189700016],"source":"World Food Programme SDI · OCHA/HDX v01 · valid 2022-09-09 · CC BY-IGO","province":"Khyber Pakhtunkhwa"},"geometry":{"type":"Point","coordinates":[73.42882583752748,34.65615464739764]}},{"type":"Feature","id":"pk-country-d-pk523","properties":{"id":"pk-country-d-pk523","name":"Mardan","region":"pk-country","level":"district","parent":"pk-country-p-pk5","country":"Pakistan · full source coverage","sourceCode":"PK523","sourceParentCode":"PK5","sourceLevel":"ADM2","sourceValidOn":"2022-09-09","center":[72.09792741521859,34.315791472667165],"bbox":[71.82124000400006,34.07547999900015,72.43185336700009,34.531590000999984],"source":"World Food Programme SDI · OCHA/HDX v01 · valid 2022-09-09 · CC BY-IGO","province":"Khyber Pakhtunkhwa"},"geometry":{"type":"Point","coordinates":[72.09792741521859,34.315791472667165]}},{"type":"Feature","id":"pk-country-d-pk524","properties":{"id":"pk-country-d-pk524","name":"Mohmand","region":"pk-country","level":"district","parent":"pk-country-p-pk5","country":"Pakistan · full source coverage","sourceCode":"PK524","sourceParentCode":"PK5","sourceLevel":"ADM2","sourceValidOn":"2022-09-09","center":[71.33877210485565,34.46537396001846],"bbox":[70.99283753100013,34.16091204600008,71.70755767800011,34.73099287100007],"source":"World Food Programme SDI · OCHA/HDX v01 · valid 2022-09-09 · CC BY-IGO","province":"Khyber Pakhtunkhwa"},"geometry":{"type":"Point","coordinates":[71.33877210485565,34.46537396001846]}},{"type":"Feature","id":"pk-country-d-pk525","properties":{"id":"pk-country-d-pk525","name":"North Waziristan","region":"pk-country","level":"district","parent":"pk-country-p-pk5","country":"Pakistan · full source coverage","sourceCode":"PK525","sourceParentCode":"PK5","sourceLevel":"ADM2","sourceValidOn":"2022-09-09","center":[69.98537213022048,32.95394045970462],"bbox":[69.39237201100013,32.55980854300003,70.63034820600006,33.35385045900006],"source":"World Food Programme SDI · OCHA/HDX v01 · valid 2022-09-09 · CC BY-IGO","province":"Khyber Pakhtunkhwa"},"geometry":{"type":"Point","coordinates":[69.98537213022048,32.95394045970462]}},{"type":"Feature","id":"pk-country-d-pk526","properties":{"id":"pk-country-d-pk526","name":"Nowshera","region":"pk-country","level":"district","parent":"pk-country-p-pk5","country":"Pakistan · full source coverage","sourceCode":"PK526","sourceParentCode":"PK5","sourceLevel":"ADM2","sourceValidOn":"2022-09-09","center":[71.98609985225349,33.92701029620465],"bbox":[71.69657000000012,33.69350000400004,72.24852000200013,34.1407697300001],"source":"World Food Programme SDI · OCHA/HDX v01 · valid 2022-09-09 · CC BY-IGO","province":"Khyber Pakhtunkhwa"},"geometry":{"type":"Point","coordinates":[71.98609985225349,33.92701029620465]}},{"type":"Feature","id":"pk-country-d-pk527","properties":{"id":"pk-country-d-pk527","name":"Orakzai","region":"pk-country","level":"district","parent":"pk-country-p-pk5","country":"Pakistan · full source coverage","sourceCode":"PK527","sourceParentCode":"PK5","sourceLevel":"ADM2","sourceValidOn":"2022-09-09","center":[70.98899944997707,33.70045519318445],"bbox":[70.585190571,33.54550933799999,71.41204901700019,33.84456993200013],"source":"World Food Programme SDI · OCHA/HDX v01 · valid 2022-09-09 · CC BY-IGO","province":"Khyber Pakhtunkhwa"},"geometry":{"type":"Point","coordinates":[70.98899944997707,33.70045519318445]}},{"type":"Feature","id":"pk-country-d-pk528","properties":{"id":"pk-country-d-pk528","name":"Peshawar","region":"pk-country","level":"district","parent":"pk-country-p-pk5","country":"Pakistan · full source coverage","sourceCode":"PK528","sourceParentCode":"PK5","sourceLevel":"ADM2","sourceValidOn":"2022-09-09","center":[71.59588341969943,33.93068408311644],"bbox":[71.36966705300017,33.65718414800011,71.86092376700014,34.22586822500017],"source":"World Food Programme SDI · OCHA/HDX v01 · valid 2022-09-09 · CC BY-IGO","province":"Khyber Pakhtunkhwa"},"geometry":{"type":"Point","coordinates":[71.59588341969943,33.93068408311644]}},{"type":"Feature","id":"pk-country-d-pk529","properties":{"id":"pk-country-d-pk529","name":"Shangla","region":"pk-country","level":"district","parent":"pk-country-p-pk5","country":"Pakistan · full source coverage","sourceCode":"PK529","sourceParentCode":"PK5","sourceLevel":"ADM2","sourceValidOn":"2022-09-09","center":[72.73129349713257,34.84910048404187],"bbox":[72.52842226500019,34.53362942000007,73.00462963500019,35.15995],"source":"World Food Programme SDI · OCHA/HDX v01 · valid 2022-09-09 · CC BY-IGO","province":"Khyber Pakhtunkhwa"},"geometry":{"type":"Point","coordinates":[72.73129349713257,34.84910048404187]}},{"type":"Feature","id":"pk-country-d-pk530","properties":{"id":"pk-country-d-pk530","name":"South Waziristan","region":"pk-country","level":"district","parent":"pk-country-p-pk5","country":"Pakistan · full source coverage","sourceCode":"PK530","sourceParentCode":"PK5","sourceLevel":"ADM2","sourceValidOn":"2022-09-09","center":[69.75037658515518,32.3149470403275],"bbox":[69.23877690500007,31.81395913500006,70.3856999300001,32.76931455700003],"source":"World Food Programme SDI · OCHA/HDX v01 · valid 2022-09-09 · CC BY-IGO","province":"Khyber Pakhtunkhwa"},"geometry":{"type":"Point","coordinates":[69.75037658515518,32.3149470403275]}},{"type":"Feature","id":"pk-country-d-pk531","properties":{"id":"pk-country-d-pk531","name":"Swabi","region":"pk-country","level":"district","parent":"pk-country-p-pk5","country":"Pakistan · full source coverage","sourceCode":"PK531","sourceParentCode":"PK5","sourceLevel":"ADM2","sourceValidOn":"2022-09-09","center":[72.45798207240458,34.13614015524712],"bbox":[72.19990958400012,33.90053499900017,72.77172326700008,34.380565273000116],"source":"World Food Programme SDI · OCHA/HDX v01 · valid 2022-09-09 · CC BY-IGO","province":"Khyber Pakhtunkhwa"},"geometry":{"type":"Point","coordinates":[72.45798207240458,34.13614015524712]}},{"type":"Feature","id":"pk-country-d-pk532","properties":{"id":"pk-country-d-pk532","name":"Swat","region":"pk-country","level":"district","parent":"pk-country-p-pk5","country":"Pakistan · full source coverage","sourceCode":"PK532","sourceParentCode":"PK5","sourceLevel":"ADM2","sourceValidOn":"2022-09-09","center":[72.46273370151214,35.243360920368836],"bbox":[72.08991957400013,34.56760239100004,72.82132489200012,35.89881364800004],"source":"World Food Programme SDI · OCHA/HDX v01 · valid 2022-09-09 · CC BY-IGO","province":"Khyber Pakhtunkhwa"},"geometry":{"type":"Point","coordinates":[72.46273370151214,35.243360920368836]}},{"type":"Feature","id":"pk-country-d-pk533","properties":{"id":"pk-country-d-pk533","name":"Tank","region":"pk-country","level":"district","parent":"pk-country-p-pk5","country":"Pakistan · full source coverage","sourceCode":"PK533","sourceParentCode":"PK5","sourceLevel":"ADM2","sourceValidOn":"2022-09-09","center":[70.34683538821298,32.330426212342495],"bbox":[70.05396368600003,31.99826049800015,70.71166025800011,32.63936976800005],"source":"World Food Programme SDI · OCHA/HDX v01 · valid 2022-09-09 · CC BY-IGO","province":"Khyber Pakhtunkhwa"},"geometry":{"type":"Point","coordinates":[70.34683538821298,32.330426212342495]}},{"type":"Feature","id":"pk-country-d-pk534","properties":{"id":"pk-country-d-pk534","name":"Tor Ghar","region":"pk-country","level":"district","parent":"pk-country-p-pk5","country":"Pakistan · full source coverage","sourceCode":"PK534","sourceParentCode":"PK5","sourceLevel":"ADM2","sourceValidOn":"2022-09-09","center":[72.83261967688999,34.55754430715457],"bbox":[72.71280589400016,34.34817073100015,72.94139002000009,34.76955542300004],"source":"World Food Programme SDI · OCHA/HDX v01 · valid 2022-09-09 · CC BY-IGO","province":"Khyber Pakhtunkhwa"},"geometry":{"type":"Point","coordinates":[72.83261967688999,34.55754430715457]}},{"type":"Feature","id":"pk-country-d-pk535","properties":{"id":"pk-country-d-pk535","name":"Upper Dir","region":"pk-country","level":"district","parent":"pk-country-p-pk5","country":"Pakistan · full source coverage","sourceCode":"PK535","sourceParentCode":"PK5","sourceLevel":"ADM2","sourceValidOn":"2022-09-09","center":[72.03383317168307,35.28159156580715],"bbox":[71.53006842600007,34.83349979500014,72.37174676600017,35.78811142100005],"source":"World Food Programme SDI · OCHA/HDX v01 · valid 2022-09-09 · CC BY-IGO","province":"Khyber Pakhtunkhwa"},"geometry":{"type":"Point","coordinates":[72.03383317168307,35.28159156580715]}},{"type":"Feature","id":"pk-country-d-pk601","properties":{"id":"pk-country-d-pk601","name":"Attock","region":"pk-country","level":"district","parent":"pk-country-p-pk6","country":"Pakistan · full source coverage","sourceCode":"PK601","sourceParentCode":"PK6","sourceLevel":"ADM2","sourceValidOn":"2022-09-09","center":[72.30568227131968,33.48715306134616],"bbox":[71.70509338400012,33.000930025000116,72.92473963300006,34.006561279000096],"source":"World Food Programme SDI · OCHA/HDX v01 · valid 2022-09-09 · CC BY-IGO","province":"Punjab"},"geometry":{"type":"Point","coordinates":[72.30568227131968,33.48715306134616]}},{"type":"Feature","id":"pk-country-d-pk602","properties":{"id":"pk-country-d-pk602","name":"Bahawalnagar","region":"pk-country","level":"district","parent":"pk-country-p-pk6","country":"Pakistan · full source coverage","sourceCode":"PK602","sourceParentCode":"PK6","sourceLevel":"ADM2","sourceValidOn":"2022-09-09","center":[73.01808541713004,29.609666154698544],"bbox":[72.26407812100018,28.81438702100013,73.96895675299999,30.339600717000053],"source":"World Food Programme SDI · OCHA/HDX v01 · valid 2022-09-09 · CC BY-IGO","province":"Punjab"},"geometry":{"type":"Point","coordinates":[73.01808541713004,29.609666154698544]}},{"type":"Feature","id":"pk-country-d-pk603","properties":{"id":"pk-country-d-pk603","name":"Bahawalpur","region":"pk-country","level":"district","parent":"pk-country-p-pk6","country":"Pakistan · full source coverage","sourceCode":"PK603","sourceParentCode":"PK6","sourceLevel":"ADM2","sourceValidOn":"2022-09-09","center":[71.7252945803086,28.831114857530782],"bbox":[70.88609658100006,27.793128533000186,72.78855067400013,29.863458386],"source":"World Food Programme SDI · OCHA/HDX v01 · valid 2022-09-09 · CC BY-IGO","province":"Punjab"},"geometry":{"type":"Point","coordinates":[71.7252945803086,28.831114857530782]}},{"type":"Feature","id":"pk-country-d-pk604","properties":{"id":"pk-country-d-pk604","name":"Bhakkar","region":"pk-country","level":"district","parent":"pk-country-p-pk6","country":"Pakistan · full source coverage","sourceCode":"PK604","sourceParentCode":"PK6","sourceLevel":"ADM2","sourceValidOn":"2022-09-09","center":[71.43210923286759,31.660244175691798],"bbox":[70.82701110800008,31.140448833000164,72.02390139100015,32.22156004700008],"source":"World Food Programme SDI · OCHA/HDX v01 · valid 2022-09-09 · CC BY-IGO","province":"Punjab"},"geometry":{"type":"Point","coordinates":[71.43210923286759,31.660244175691798]}},{"type":"Feature","id":"pk-country-d-pk605","properties":{"id":"pk-country-d-pk605","name":"Chakwal","region":"pk-country","level":"district","parent":"pk-country-p-pk6","country":"Pakistan · full source coverage","sourceCode":"PK605","sourceParentCode":"PK6","sourceLevel":"ADM2","sourceValidOn":"2022-09-09","center":[72.53375168710866,32.897186667240625],"bbox":[71.80418155000012,32.53388442800008,73.24769502600003,33.21424004500011],"source":"World Food Programme SDI · OCHA/HDX v01 · valid 2022-09-09 · CC BY-IGO","province":"Punjab"},"geometry":{"type":"Point","coordinates":[72.53375168710866,32.897186667240625]}},{"type":"Feature","id":"pk-country-d-pk606","properties":{"id":"pk-country-d-pk606","name":"Chiniot","region":"pk-country","level":"district","parent":"pk-country-p-pk6","country":"Pakistan · full source coverage","sourceCode":"PK606","sourceParentCode":"PK6","sourceLevel":"ADM2","sourceValidOn":"2022-09-09","center":[72.82450944166057,31.664287936542234],"bbox":[72.43451230500017,31.36445025200004,73.22999508000015,31.977081627000075],"source":"World Food Programme SDI · OCHA/HDX v01 · valid 2022-09-09 · CC BY-IGO","province":"Punjab"},"geometry":{"type":"Point","coordinates":[72.82450944166057,31.664287936542234]}},{"type":"Feature","id":"pk-country-d-pk607","properties":{"id":"pk-country-d-pk607","name":"Dera Ghazi Khan","region":"pk-country","level":"district","parent":"pk-country-p-pk6","country":"Pakistan · full source coverage","sourceCode":"PK607","sourceParentCode":"PK6","sourceLevel":"ADM2","sourceValidOn":"2022-09-09","center":[70.4451804356715,30.414822803275367],"bbox":[69.87768262800012,29.61867983400009,70.88589739400015,31.340459824000163],"source":"World Food Programme SDI · OCHA/HDX v01 · valid 2022-09-09 · CC BY-IGO","province":"Punjab"},"geometry":{"type":"Point","coordinates":[70.4451804356715,30.414822803275367]}},{"type":"Feature","id":"pk-country-d-pk608","properties":{"id":"pk-country-d-pk608","name":"Faisalabad","region":"pk-country","level":"district","parent":"pk-country-p-pk6","country":"Pakistan · full source coverage","sourceCode":"PK608","sourceParentCode":"PK6","sourceLevel":"ADM2","sourceValidOn":"2022-09-09","center":[73.148357925248,31.239170916628122],"bbox":[72.70206226500005,30.67486877200008,73.68064762200015,31.787031797000168],"source":"World Food Programme SDI · OCHA/HDX v01 · valid 2022-09-09 · CC BY-IGO","province":"Punjab"},"geometry":{"type":"Point","coordinates":[73.148357925248,31.239170916628122]}},{"type":"Feature","id":"pk-country-d-pk609","properties":{"id":"pk-country-d-pk609","name":"Gujranwala","region":"pk-country","level":"district","parent":"pk-country-p-pk6","country":"Pakistan · full source coverage","sourceCode":"PK609","sourceParentCode":"PK6","sourceLevel":"ADM2","sourceValidOn":"2022-09-09","center":[74.08947159372589,32.140006925249025],"bbox":[73.67641916200006,31.820608153000023,74.55880115400004,32.556257541000036],"source":"World Food Programme SDI · OCHA/HDX v01 · valid 2022-09-09 · CC BY-IGO","province":"Punjab"},"geometry":{"type":"Point","coordinates":[74.08947159372589,32.140006925249025]}},{"type":"Feature","id":"pk-country-d-pk610","properties":{"id":"pk-country-d-pk610","name":"Gujrat","region":"pk-country","level":"district","parent":"pk-country-p-pk6","country":"Pakistan · full source coverage","sourceCode":"PK610","sourceParentCode":"PK6","sourceLevel":"ADM2","sourceValidOn":"2022-09-09","center":[73.992507449346,32.72292687633083],"bbox":[73.59027658800005,32.39832329700005,74.46490240100019,33.037772228000165],"source":"World Food Programme SDI · OCHA/HDX v01 · valid 2022-09-09 · CC BY-IGO","province":"Punjab"},"geometry":{"type":"Point","coordinates":[73.992507449346,32.72292687633083]}},{"type":"Feature","id":"pk-country-d-pk611","properties":{"id":"pk-country-d-pk611","name":"Hafizabad","region":"pk-country","level":"district","parent":"pk-country-p-pk6","country":"Pakistan · full source coverage","sourceCode":"PK611","sourceParentCode":"PK6","sourceLevel":"ADM2","sourceValidOn":"2022-09-09","center":[73.50339897051113,32.02675561206003],"bbox":[73.15409238900014,31.761548567000034,73.8290237060001,32.3399029200001],"source":"World Food Programme SDI · OCHA/HDX v01 · valid 2022-09-09 · CC BY-IGO","province":"Punjab"},"geometry":{"type":"Point","coordinates":[73.50339897051113,32.02675561206003]}},{"type":"Feature","id":"pk-country-d-pk612","properties":{"id":"pk-country-d-pk612","name":"Jhang","region":"pk-country","level":"district","parent":"pk-country-p-pk6","country":"Pakistan · full source coverage","sourceCode":"PK612","sourceParentCode":"PK6","sourceLevel":"ADM2","sourceValidOn":"2022-09-09","center":[72.17611903981282,31.175819238968216],"bbox":[71.65566130800016,30.57820427000007,72.81171122400013,31.765599965000035],"source":"World Food Programme SDI · OCHA/HDX v01 · valid 2022-09-09 · CC BY-IGO","province":"Punjab"},"geometry":{"type":"Point","coordinates":[72.17611903981282,31.175819238968216]}},{"type":"Feature","id":"pk-country-d-pk613","properties":{"id":"pk-country-d-pk613","name":"Jhelum","region":"pk-country","level":"district","parent":"pk-country-p-pk6","country":"Pakistan · full source coverage","sourceCode":"PK613","sourceParentCode":"PK6","sourceLevel":"ADM2","sourceValidOn":"2022-09-09","center":[73.30004968756299,32.83447269095562],"bbox":[72.64321068700013,32.41654067400003,73.80581740900016,33.25527279900001],"source":"World Food Programme SDI · OCHA/HDX v01 · valid 2022-09-09 · CC BY-IGO","province":"Punjab"},"geometry":{"type":"Point","coordinates":[73.30004968756299,32.83447269095562]}},{"type":"Feature","id":"pk-country-d-pk614","properties":{"id":"pk-country-d-pk614","name":"Kasur","region":"pk-country","level":"district","parent":"pk-country-p-pk6","country":"Pakistan · full source coverage","sourceCode":"PK614","sourceParentCode":"PK6","sourceLevel":"ADM2","sourceValidOn":"2022-09-09","center":[74.15810710318885,31.0538626795073],"bbox":[73.6539348180001,30.641612235000082,74.68714835900005,31.36556213500012],"source":"World Food Programme SDI · OCHA/HDX v01 · valid 2022-09-09 · CC BY-IGO","province":"Punjab"},"geometry":{"type":"Point","coordinates":[74.15810710318885,31.0538626795073]}},{"type":"Feature","id":"pk-country-d-pk615","properties":{"id":"pk-country-d-pk615","name":"Khanewal","region":"pk-country","level":"district","parent":"pk-country-p-pk6","country":"Pakistan · full source coverage","sourceCode":"PK615","sourceParentCode":"PK6","sourceLevel":"ADM2","sourceValidOn":"2022-09-09","center":[72.0179580659999,30.369742964460478],"bbox":[71.5241523360001,29.89857049300008,72.50170068500006,30.73293742900006],"source":"World Food Programme SDI · OCHA/HDX v01 · valid 2022-09-09 · CC BY-IGO","province":"Punjab"},"geometry":{"type":"Point","coordinates":[72.0179580659999,30.369742964460478]}},{"type":"Feature","id":"pk-country-d-pk616","properties":{"id":"pk-country-d-pk616","name":"Khushab","region":"pk-country","level":"district","parent":"pk-country-p-pk6","country":"Pakistan · full source coverage","sourceCode":"PK616","sourceParentCode":"PK6","sourceLevel":"ADM2","sourceValidOn":"2022-09-09","center":[72.10504139912695,32.19038309564906],"bbox":[71.62376202500019,31.53141884400003,72.66994227000009,32.718299946000116],"source":"World Food Programme SDI · OCHA/HDX v01 · valid 2022-09-09 · CC BY-IGO","province":"Punjab"},"geometry":{"type":"Point","coordinates":[72.10504139912695,32.19038309564906]}},{"type":"Feature","id":"pk-country-d-pk617","properties":{"id":"pk-country-d-pk617","name":"Lahore","region":"pk-country","level":"district","parent":"pk-country-p-pk6","country":"Pakistan · full source coverage","sourceCode":"PK617","sourceParentCode":"PK6","sourceLevel":"ADM2","sourceValidOn":"2022-09-09","center":[74.35876264606719,31.466227987136133],"bbox":[74.00343496700009,31.255927073,74.64111329800005,31.71662075300003],"source":"World Food Programme SDI · OCHA/HDX v01 · valid 2022-09-09 · CC BY-IGO","province":"Punjab"},"geometry":{"type":"Point","coordinates":[74.35876264606719,31.466227987136133]}},{"type":"Feature","id":"pk-country-d-pk618","properties":{"id":"pk-country-d-pk618","name":"Leiah","region":"pk-country","level":"district","parent":"pk-country-p-pk6","country":"Pakistan · full source coverage","sourceCode":"PK618","sourceParentCode":"PK6","sourceLevel":"ADM2","sourceValidOn":"2022-09-09","center":[71.24747329562032,30.97784405644105],"bbox":[70.73304881400003,30.5833356280001,71.8536602980002,31.41138691400016],"source":"World Food Programme SDI · OCHA/HDX v01 · valid 2022-09-09 · CC BY-IGO","province":"Punjab"},"geometry":{"type":"Point","coordinates":[71.24747329562032,30.97784405644105]}},{"type":"Feature","id":"pk-country-d-pk619","properties":{"id":"pk-country-d-pk619","name":"Lodhran","region":"pk-country","level":"district","parent":"pk-country-p-pk6","country":"Pakistan · full source coverage","sourceCode":"PK619","sourceParentCode":"PK6","sourceLevel":"ADM2","sourceValidOn":"2022-09-09","center":[71.68922843417249,29.674086203144668],"bbox":[71.35379593500005,29.37232791100007,72.10483253300009,29.97070891400017],"source":"World Food Programme SDI · OCHA/HDX v01 · valid 2022-09-09 · CC BY-IGO","province":"Punjab"},"geometry":{"type":"Point","coordinates":[71.68922843417249,29.674086203144668]}},{"type":"Feature","id":"pk-country-d-pk620","properties":{"id":"pk-country-d-pk620","name":"Mandi Bahauddin","region":"pk-country","level":"district","parent":"pk-country-p-pk6","country":"Pakistan · full source coverage","sourceCode":"PK620","sourceParentCode":"PK6","sourceLevel":"ADM2","sourceValidOn":"2022-09-09","center":[73.45257710598649,32.4348739294079],"bbox":[73.04741618399999,32.12210506100007,73.89708096800013,32.74746151900007],"source":"World Food Programme SDI · OCHA/HDX v01 · valid 2022-09-09 · CC BY-IGO","province":"Punjab"},"geometry":{"type":"Point","coordinates":[73.45257710598649,32.4348739294079]}},{"type":"Feature","id":"pk-country-d-pk621","properties":{"id":"pk-country-d-pk621","name":"Mianwali","region":"pk-country","level":"district","parent":"pk-country-p-pk6","country":"Pakistan · full source coverage","sourceCode":"PK621","sourceParentCode":"PK6","sourceLevel":"ADM2","sourceValidOn":"2022-09-09","center":[71.53217971392108,32.670215831725294],"bbox":[71.10559845000012,32.16786904300017,71.97970291800004,33.240428925],"source":"World Food Programme SDI · OCHA/HDX v01 · valid 2022-09-09 · CC BY-IGO","province":"Punjab"},"geometry":{"type":"Point","coordinates":[71.53217971392108,32.670215831725294]}},{"type":"Feature","id":"pk-country-d-pk622","properties":{"id":"pk-country-d-pk622","name":"Multan","region":"pk-country","level":"district","parent":"pk-country-p-pk6","country":"Pakistan · full source coverage","sourceCode":"PK622","sourceParentCode":"PK6","sourceLevel":"ADM2","sourceValidOn":"2022-09-09","center":[71.4037112067292,29.939251956747952],"bbox":[71.00580483800002,29.413539015000026,71.83454945900019,30.438948860000153],"source":"World Food Programme SDI · OCHA/HDX v01 · valid 2022-09-09 · CC BY-IGO","province":"Punjab"},"geometry":{"type":"Point","coordinates":[71.4037112067292,29.939251956747952]}},{"type":"Feature","id":"pk-country-d-pk623","properties":{"id":"pk-country-d-pk623","name":"Muzaffargarh","region":"pk-country","level":"district","parent":"pk-country-p-pk6","country":"Pakistan · full source coverage","sourceCode":"PK623","sourceParentCode":"PK6","sourceLevel":"ADM2","sourceValidOn":"2022-09-09","center":[71.03880557387082,30.05319418354423],"bbox":[70.5398315400002,29.017031359000157,71.72669469700014,30.767853174000038],"source":"World Food Programme SDI · OCHA/HDX v01 · valid 2022-09-09 · CC BY-IGO","province":"Punjab"},"geometry":{"type":"Point","coordinates":[71.03880557387082,30.05319418354423]}},{"type":"Feature","id":"pk-country-d-pk624","properties":{"id":"pk-country-d-pk624","name":"Nankana Sahib","region":"pk-country","level":"district","parent":"pk-country-p-pk6","country":"Pakistan · full source coverage","sourceCode":"PK624","sourceParentCode":"PK6","sourceLevel":"ADM2","sourceValidOn":"2022-09-09","center":[73.68569903994877,31.43067964721198],"bbox":[73.28752092400009,31.02244679800009,74.03811301600012,31.84182181200015],"source":"World Food Programme SDI · OCHA/HDX v01 · valid 2022-09-09 · CC BY-IGO","province":"Punjab"},"geometry":{"type":"Point","coordinates":[73.68569903994877,31.43067964721198]}},{"type":"Feature","id":"pk-country-d-pk625","properties":{"id":"pk-country-d-pk625","name":"Narowal","region":"pk-country","level":"district","parent":"pk-country-p-pk6","country":"Pakistan · full source coverage","sourceCode":"PK625","sourceParentCode":"PK6","sourceLevel":"ADM2","sourceValidOn":"2022-09-09","center":[74.99482581881996,32.20660722750027],"bbox":[74.58803698600019,31.918795210000155,75.38186689200012,32.49206775200014],"source":"World Food Programme SDI · OCHA/HDX v01 · valid 2022-09-09 · CC BY-IGO","province":"Punjab"},"geometry":{"type":"Point","coordinates":[74.99482581881996,32.20660722750027]}},{"type":"Feature","id":"pk-country-d-pk626","properties":{"id":"pk-country-d-pk626","name":"Okara","region":"pk-country","level":"district","parent":"pk-country-p-pk6","country":"Pakistan · full source coverage","sourceCode":"PK626","sourceParentCode":"PK6","sourceLevel":"ADM2","sourceValidOn":"2022-09-09","center":[73.68457187673359,30.70895663313402],"bbox":[73.26752473500005,30.254761284000153,74.16175827200016,31.139750741000114],"source":"World Food Programme SDI · OCHA/HDX v01 · valid 2022-09-09 · CC BY-IGO","province":"Punjab"},"geometry":{"type":"Point","coordinates":[73.68457187673359,30.70895663313402]}},{"type":"Feature","id":"pk-country-d-pk627","properties":{"id":"pk-country-d-pk627","name":"Pakpattan","region":"pk-country","level":"district","parent":"pk-country-p-pk6","country":"Pakistan · full source coverage","sourceCode":"PK627","sourceParentCode":"PK6","sourceLevel":"ADM2","sourceValidOn":"2022-09-09","center":[73.24403524194125,30.301846273089687],"bbox":[72.827698887,29.96243603900018,73.64221784500006,30.615191103000143],"source":"World Food Programme SDI · OCHA/HDX v01 · valid 2022-09-09 · CC BY-IGO","province":"Punjab"},"geometry":{"type":"Point","coordinates":[73.24403524194125,30.301846273089687]}},{"type":"Feature","id":"pk-country-d-pk628","properties":{"id":"pk-country-d-pk628","name":"Rahim Yar Khan","region":"pk-country","level":"district","parent":"pk-country-p-pk6","country":"Pakistan · full source coverage","sourceCode":"PK628","sourceParentCode":"PK6","sourceLevel":"ADM2","sourceValidOn":"2022-09-09","center":[70.54980323083021,28.4165772481648],"bbox":[69.46670532200017,27.705110332000174,71.10580057600015,29.265909612000144],"source":"World Food Programme SDI · OCHA/HDX v01 · valid 2022-09-09 · CC BY-IGO","province":"Punjab"},"geometry":{"type":"Point","coordinates":[70.54980323083021,28.4165772481648]}},{"type":"Feature","id":"pk-country-d-pk629","properties":{"id":"pk-country-d-pk629","name":"Rajanpur","region":"pk-country","level":"district","parent":"pk-country-p-pk6","country":"Pakistan · full source coverage","sourceCode":"PK629","sourceParentCode":"PK6","sourceLevel":"ADM2","sourceValidOn":"2022-09-09","center":[70.03345879484097,29.16314038803143],"bbox":[69.32131958000019,28.394414949000065,70.72181888900013,29.89878983300008],"source":"World Food Programme SDI · OCHA/HDX v01 · valid 2022-09-09 · CC BY-IGO","province":"Punjab"},"geometry":{"type":"Point","coordinates":[70.03345879484097,29.16314038803143]}},{"type":"Feature","id":"pk-country-d-pk630","properties":{"id":"pk-country-d-pk630","name":"Rawalpindi","region":"pk-country","level":"district","parent":"pk-country-p-pk6","country":"Pakistan · full source coverage","sourceCode":"PK630","sourceParentCode":"PK6","sourceLevel":"ADM2","sourceValidOn":"2022-09-09","center":[73.1985772842957,33.46353900618199],"bbox":[72.63215489700002,33.06438169900014,73.63165389800002,34.01828002900015],"source":"World Food Programme SDI · OCHA/HDX v01 · valid 2022-09-09 · CC BY-IGO","province":"Punjab"},"geometry":{"type":"Point","coordinates":[73.1985772842957,33.46353900618199]}},{"type":"Feature","id":"pk-country-d-pk631","properties":{"id":"pk-country-d-pk631","name":"Sahiwal","region":"pk-country","level":"district","parent":"pk-country-p-pk6","country":"Pakistan · full source coverage","sourceCode":"PK631","sourceParentCode":"PK6","sourceLevel":"ADM2","sourceValidOn":"2022-09-09","center":[72.89454393086777,30.5484713466455],"bbox":[72.393366184,30.162421610000024,73.37377959800017,30.93863627500008],"source":"World Food Programme SDI · OCHA/HDX v01 · valid 2022-09-09 · CC BY-IGO","province":"Punjab"},"geometry":{"type":"Point","coordinates":[72.89454393086777,30.5484713466455]}},{"type":"Feature","id":"pk-country-d-pk632","properties":{"id":"pk-country-d-pk632","name":"Sargodha","region":"pk-country","level":"district","parent":"pk-country-p-pk6","country":"Pakistan · full source coverage","sourceCode":"PK632","sourceParentCode":"PK6","sourceLevel":"ADM2","sourceValidOn":"2022-09-09","center":[72.74343981077607,32.10123975993285],"bbox":[72.21155836000008,31.560755224000104,73.30802743400005,32.57717004100016],"source":"World Food Programme SDI · OCHA/HDX v01 · valid 2022-09-09 · CC BY-IGO","province":"Punjab"},"geometry":{"type":"Point","coordinates":[72.74343981077607,32.10123975993285]}},{"type":"Feature","id":"pk-country-d-pk633","properties":{"id":"pk-country-d-pk633","name":"Sheikhupura","region":"pk-country","level":"district","parent":"pk-country-p-pk6","country":"Pakistan · full source coverage","sourceCode":"PK633","sourceParentCode":"PK6","sourceLevel":"ADM2","sourceValidOn":"2022-09-09","center":[74.05501219135927,31.73940119530373],"bbox":[73.46767179700004,31.365408800000125,74.69377537800011,32.06222960000014],"source":"World Food Programme SDI · OCHA/HDX v01 · valid 2022-09-09 · CC BY-IGO","province":"Punjab"},"geometry":{"type":"Point","coordinates":[74.05501219135927,31.73940119530373]}},{"type":"Feature","id":"pk-country-d-pk634","properties":{"id":"pk-country-d-pk634","name":"Sialkot","region":"pk-country","level":"district","parent":"pk-country-p-pk6","country":"Pakistan · full source coverage","sourceCode":"PK634","sourceParentCode":"PK6","sourceLevel":"ADM2","sourceValidOn":"2022-09-09","center":[74.53332475085023,32.41158765287401],"bbox":[74.19639751800008,32.04472101900018,74.93681968400006,32.83971374400011],"source":"World Food Programme SDI · OCHA/HDX v01 · valid 2022-09-09 · CC BY-IGO","province":"Punjab"},"geometry":{"type":"Point","coordinates":[74.53332475085023,32.41158765287401]}},{"type":"Feature","id":"pk-country-d-pk635","properties":{"id":"pk-country-d-pk635","name":"Toba Tek Singh","region":"pk-country","level":"district","parent":"pk-country-p-pk6","country":"Pakistan · full source coverage","sourceCode":"PK635","sourceParentCode":"PK6","sourceLevel":"ADM2","sourceValidOn":"2022-09-09","center":[72.54882707392404,30.879156688311042],"bbox":[72.15113044700007,30.525077977000024,72.8546424000001,31.33180499600013],"source":"World Food Programme SDI · OCHA/HDX v01 · valid 2022-09-09 · CC BY-IGO","province":"Punjab"},"geometry":{"type":"Point","coordinates":[72.54882707392404,30.879156688311042]}},{"type":"Feature","id":"pk-country-d-pk636","properties":{"id":"pk-country-d-pk636","name":"Vehari","region":"pk-country","level":"district","parent":"pk-country-p-pk6","country":"Pakistan · full source coverage","sourceCode":"PK636","sourceParentCode":"PK6","sourceLevel":"ADM2","sourceValidOn":"2022-09-09","center":[72.40505317753048,30.010315395178928],"bbox":[71.73216081000004,29.591720389000102,72.99306245000014,30.37356772300012],"source":"World Food Programme SDI · OCHA/HDX v01 · valid 2022-09-09 · CC BY-IGO","province":"Punjab"},"geometry":{"type":"Point","coordinates":[72.40505317753048,30.010315395178928]}},{"type":"Feature","id":"pk-country-d-pk701","properties":{"id":"pk-country-d-pk701","name":"Badin","region":"pk-country","level":"district","parent":"pk-country-p-pk7","country":"Pakistan · full source coverage","sourceCode":"PK701","sourceParentCode":"PK7","sourceLevel":"ADM2","sourceValidOn":"2022-09-09","center":[68.84218553385932,24.722768433201672],"bbox":[68.35025794900014,24.205223647000025,69.32655324700005,25.29861943999998],"source":"World Food Programme SDI · OCHA/HDX v01 · valid 2022-09-09 · CC BY-IGO","province":"Sindh"},"geometry":{"type":"Point","coordinates":[68.84218553385932,24.722768433201672]}},{"type":"Feature","id":"pk-country-d-pk702","properties":{"id":"pk-country-d-pk702","name":"Central Karachi","region":"pk-country","level":"district","parent":"pk-country-p-pk7","country":"Pakistan · full source coverage","sourceCode":"PK702","sourceParentCode":"PK7","sourceLevel":"ADM2","sourceValidOn":"2022-09-09","center":[67.05812790311883,24.947769853181192],"bbox":[67.01128652000017,24.88698922100008,67.09286089700015,25.009013293000123],"source":"World Food Programme SDI · OCHA/HDX v01 · valid 2022-09-09 · CC BY-IGO","province":"Sindh"},"geometry":{"type":"Point","coordinates":[67.05812790311883,24.947769853181192]}},{"type":"Feature","id":"pk-country-d-pk703","properties":{"id":"pk-country-d-pk703","name":"Dadu","region":"pk-country","level":"district","parent":"pk-country-p-pk7","country":"Pakistan · full source coverage","sourceCode":"PK703","sourceParentCode":"PK7","sourceLevel":"ADM2","sourceValidOn":"2022-09-09","center":[67.49686577486369,26.867634164136575],"bbox":[67.1237875160001,26.08719436900003,68.0482493180001,27.447196911000106],"source":"World Food Programme SDI · OCHA/HDX v01 · valid 2022-09-09 · CC BY-IGO","province":"Sindh"},"geometry":{"type":"Point","coordinates":[67.49686577486369,26.867634164136575]}},{"type":"Feature","id":"pk-country-d-pk704","properties":{"id":"pk-country-d-pk704","name":"East Karachi","region":"pk-country","level":"district","parent":"pk-country-p-pk7","country":"Pakistan · full source coverage","sourceCode":"PK704","sourceParentCode":"PK7","sourceLevel":"ADM2","sourceValidOn":"2022-09-09","center":[67.13429403611245,24.93582559880222],"bbox":[67.02180244000004,24.851048037000112,67.23821614600013,25.012802918999967],"source":"World Food Programme SDI · OCHA/HDX v01 · valid 2022-09-09 · CC BY-IGO","province":"Sindh"},"geometry":{"type":"Point","coordinates":[67.13429403611245,24.93582559880222]}},{"type":"Feature","id":"pk-country-d-pk705","properties":{"id":"pk-country-d-pk705","name":"Ghotki","region":"pk-country","level":"district","parent":"pk-country-p-pk7","country":"Pakistan · full source coverage","sourceCode":"PK705","sourceParentCode":"PK7","sourceLevel":"ADM2","sourceValidOn":"2022-09-09","center":[69.65163312092709,27.828272638394875],"bbox":[69.16437966000012,27.32891470700008,70.18050812500007,28.404224848000013],"source":"World Food Programme SDI · OCHA/HDX v01 · valid 2022-09-09 · CC BY-IGO","province":"Sindh"},"geometry":{"type":"Point","coordinates":[69.65163312092709,27.828272638394875]}},{"type":"Feature","id":"pk-country-d-pk706","properties":{"id":"pk-country-d-pk706","name":"Hyderabad","region":"pk-country","level":"district","parent":"pk-country-p-pk7","country":"Pakistan · full source coverage","sourceCode":"PK706","sourceParentCode":"PK7","sourceLevel":"ADM2","sourceValidOn":"2022-09-09","center":[68.45632579240029,25.34110250372838],"bbox":[68.29221172800004,25.157216083000094,68.643288514,25.552675003000047],"source":"World Food Programme SDI · OCHA/HDX v01 · valid 2022-09-09 · CC BY-IGO","province":"Sindh"},"geometry":{"type":"Point","coordinates":[68.45632579240029,25.34110250372838]}},{"type":"Feature","id":"pk-country-d-pk707","properties":{"id":"pk-country-d-pk707","name":"Jacobabad","region":"pk-country","level":"district","parent":"pk-country-p-pk7","country":"Pakistan · full source coverage","sourceCode":"PK707","sourceParentCode":"PK7","sourceLevel":"ADM2","sourceValidOn":"2022-09-09","center":[68.47704610772752,28.20720667278171],"bbox":[67.91296358200009,27.921729597000137,68.92909920000017,28.43200302100007],"source":"World Food Programme SDI · OCHA/HDX v01 · valid 2022-09-09 · CC BY-IGO","province":"Sindh"},"geometry":{"type":"Point","coordinates":[68.47704610772752,28.20720667278171]}},{"type":"Feature","id":"pk-country-d-pk708","properties":{"id":"pk-country-d-pk708","name":"Jamshoro","region":"pk-country","level":"district","parent":"pk-country-p-pk7","country":"Pakistan · full source coverage","sourceCode":"PK708","sourceParentCode":"PK7","sourceLevel":"ADM2","sourceValidOn":"2022-09-09","center":[67.7924439978746,25.736495205179015],"bbox":[67.27408877400018,24.96743178300011,68.46152338900015,26.604589461000046],"source":"World Food Programme SDI · OCHA/HDX v01 · valid 2022-09-09 · CC BY-IGO","province":"Sindh"},"geometry":{"type":"Point","coordinates":[67.7924439978746,25.736495205179015]}},{"type":"Feature","id":"pk-country-d-pk709","properties":{"id":"pk-country-d-pk709","name":"Kambar Shahdad Kot","region":"pk-country","level":"district","parent":"pk-country-p-pk7","country":"Pakistan · full source coverage","sourceCode":"PK709","sourceParentCode":"PK7","sourceLevel":"ADM2","sourceValidOn":"2022-09-09","center":[67.71120726021833,27.635616926286726],"bbox":[67.17516315500018,27.29211635000013,68.19645846300017,28.000171661000024],"source":"World Food Programme SDI · OCHA/HDX v01 · valid 2022-09-09 · CC BY-IGO","province":"Sindh"},"geometry":{"type":"Point","coordinates":[67.71120726021833,27.635616926286726]}},{"type":"Feature","id":"pk-country-d-pk710","properties":{"id":"pk-country-d-pk710","name":"Kashmore","region":"pk-country","level":"district","parent":"pk-country-p-pk7","country":"Pakistan · full source coverage","sourceCode":"PK710","sourceParentCode":"PK7","sourceLevel":"ADM2","sourceValidOn":"2022-09-09","center":[69.23065449177979,28.274678896046943],"bbox":[68.81755755400008,27.989090123000096,69.74967508900016,28.484956741000076],"source":"World Food Programme SDI · OCHA/HDX v01 · valid 2022-09-09 · CC BY-IGO","province":"Sindh"},"geometry":{"type":"Point","coordinates":[69.23065449177979,28.274678896046943]}},{"type":"Feature","id":"pk-country-d-pk711","properties":{"id":"pk-country-d-pk711","name":"Khairpur","region":"pk-country","level":"district","parent":"pk-country-p-pk7","country":"Pakistan · full source coverage","sourceCode":"PK711","sourceParentCode":"PK7","sourceLevel":"ADM2","sourceValidOn":"2022-09-09","center":[69.08037627865097,26.829065144900337],"bbox":[68.18036320200008,26.140463341000043,70.1838987110001,27.781359040000098],"source":"World Food Programme SDI · OCHA/HDX v01 · valid 2022-09-09 · CC BY-IGO","province":"Sindh"},"geometry":{"type":"Point","coordinates":[69.08037627865097,26.829065144900337]}},{"type":"Feature","id":"pk-country-d-pk712","properties":{"id":"pk-country-d-pk712","name":"Korangi Karachi","region":"pk-country","level":"district","parent":"pk-country-p-pk7","country":"Pakistan · full source coverage","sourceCode":"PK712","sourceParentCode":"PK7","sourceLevel":"ADM2","sourceValidOn":"2022-09-09","center":[67.14147947670676,24.836507686780127],"bbox":[67.07485005100011,24.77813530000003,67.21695459500017,24.887322094000183],"source":"World Food Programme SDI · OCHA/HDX v01 · valid 2022-09-09 · CC BY-IGO","province":"Sindh"},"geometry":{"type":"Point","coordinates":[67.14147947670676,24.836507686780127]}},{"type":"Feature","id":"pk-country-d-pk713","properties":{"id":"pk-country-d-pk713","name":"Larkana","region":"pk-country","level":"district","parent":"pk-country-p-pk7","country":"Pakistan · full source coverage","sourceCode":"PK713","sourceParentCode":"PK7","sourceLevel":"ADM2","sourceValidOn":"2022-09-09","center":[68.19491678295597,27.523561735624906],"bbox":[67.93968392100015,27.12386939900017,68.4975909370001,27.937871654000162],"source":"World Food Programme SDI · OCHA/HDX v01 · valid 2022-09-09 · CC BY-IGO","province":"Sindh"},"geometry":{"type":"Point","coordinates":[68.19491678295597,27.523561735624906]}},{"type":"Feature","id":"pk-country-d-pk714","properties":{"id":"pk-country-d-pk714","name":"Malir Karachi","region":"pk-country","level":"district","parent":"pk-country-p-pk7","country":"Pakistan · full source coverage","sourceCode":"PK714","sourceParentCode":"PK7","sourceLevel":"ADM2","sourceValidOn":"2022-09-09","center":[67.29042700992794,25.140688730570517],"bbox":[67.00341033900014,24.59716606100011,67.58151385900015,25.643190206999975],"source":"World Food Programme SDI · OCHA/HDX v01 · valid 2022-09-09 · CC BY-IGO","province":"Sindh"},"geometry":{"type":"Point","coordinates":[67.29042700992794,25.140688730570517]}},{"type":"Feature","id":"pk-country-d-pk715","properties":{"id":"pk-country-d-pk715","name":"Matiari","region":"pk-country","level":"district","parent":"pk-country-p-pk7","country":"Pakistan · full source coverage","sourceCode":"PK715","sourceParentCode":"PK7","sourceLevel":"ADM2","sourceValidOn":"2022-09-09","center":[68.4532600409133,25.76495550977953],"bbox":[68.23474325000018,25.43581103100007,68.67334164699997,26.10622578699997],"source":"World Food Programme SDI · OCHA/HDX v01 · valid 2022-09-09 · CC BY-IGO","province":"Sindh"},"geometry":{"type":"Point","coordinates":[68.4532600409133,25.76495550977953]}},{"type":"Feature","id":"pk-country-d-pk716","properties":{"id":"pk-country-d-pk716","name":"Mirpur Khas","region":"pk-country","level":"district","parent":"pk-country-p-pk7","country":"Pakistan · full source coverage","sourceCode":"PK716","sourceParentCode":"PK7","sourceLevel":"ADM2","sourceValidOn":"2022-09-09","center":[69.16430820194556,25.34043906222719],"bbox":[68.87849106000004,24.800674008999977,69.47962083100003,25.81307408400005],"source":"World Food Programme SDI · OCHA/HDX v01 · valid 2022-09-09 · CC BY-IGO","province":"Sindh"},"geometry":{"type":"Point","coordinates":[69.16430820194556,25.34043906222719]}},{"type":"Feature","id":"pk-country-d-pk717","properties":{"id":"pk-country-d-pk717","name":"Naushahro Feroze","region":"pk-country","level":"district","parent":"pk-country-p-pk7","country":"Pakistan · full source coverage","sourceCode":"PK717","sourceParentCode":"PK7","sourceLevel":"ADM2","sourceValidOn":"2022-09-09","center":[68.12520567381843,26.87884295584992],"bbox":[67.80149858900018,26.540598352000075,68.44854656800015,27.235354672000142],"source":"World Food Programme SDI · OCHA/HDX v01 · valid 2022-09-09 · CC BY-IGO","province":"Sindh"},"geometry":{"type":"Point","coordinates":[68.12520567381843,26.87884295584992]}},{"type":"Feature","id":"pk-country-d-pk718","properties":{"id":"pk-country-d-pk718","name":"Sanghar","region":"pk-country","level":"district","parent":"pk-country-p-pk7","country":"Pakistan · full source coverage","sourceCode":"PK718","sourceParentCode":"PK7","sourceLevel":"ADM2","sourceValidOn":"2022-09-09","center":[69.29576429457329,25.959188676949125],"bbox":[68.43275190200018,25.49023594100015,70.23263950300009,26.469196483000133],"source":"World Food Programme SDI · OCHA/HDX v01 · valid 2022-09-09 · CC BY-IGO","province":"Sindh"},"geometry":{"type":"Point","coordinates":[69.29576429457329,25.959188676949125]}},{"type":"Feature","id":"pk-country-d-pk719","properties":{"id":"pk-country-d-pk719","name":"Shaheed Benazir Abad","region":"pk-country","level":"district","parent":"pk-country-p-pk7","country":"Pakistan · full source coverage","sourceCode":"PK719","sourceParentCode":"PK7","sourceLevel":"ADM2","sourceValidOn":"2022-09-09","center":[68.33323723870397,26.36100532795744],"bbox":[67.87228453800009,25.992220293000116,68.85523125600002,26.630941028000166],"source":"World Food Programme SDI · OCHA/HDX v01 · valid 2022-09-09 · CC BY-IGO","province":"Sindh"},"geometry":{"type":"Point","coordinates":[68.33323723870397,26.36100532795744]}},{"type":"Feature","id":"pk-country-d-pk720","properties":{"id":"pk-country-d-pk720","name":"Shikarpur","region":"pk-country","level":"district","parent":"pk-country-p-pk7","country":"Pakistan · full source coverage","sourceCode":"PK720","sourceParentCode":"PK7","sourceLevel":"ADM2","sourceValidOn":"2022-09-09","center":[68.60668953169322,27.948830524526493],"bbox":[68.24486871500017,27.68495401800004,69.06515189100003,28.160663617000182],"source":"World Food Programme SDI · OCHA/HDX v01 · valid 2022-09-09 · CC BY-IGO","province":"Sindh"},"geometry":{"type":"Point","coordinates":[68.60668953169322,27.948830524526493]}},{"type":"Feature","id":"pk-country-d-pk721","properties":{"id":"pk-country-d-pk721","name":"South Karachi","region":"pk-country","level":"district","parent":"pk-country-p-pk7","country":"Pakistan · full source coverage","sourceCode":"PK721","sourceParentCode":"PK7","sourceLevel":"ADM2","sourceValidOn":"2022-09-09","center":[66.87572642114404,24.89372234977023],"bbox":[66.59614563000014,24.75663757300009,67.10104370100004,25.029362761000016],"source":"World Food Programme SDI · OCHA/HDX v01 · valid 2022-09-09 · CC BY-IGO","province":"Sindh"},"geometry":{"type":"Point","coordinates":[66.87572642114404,24.89372234977023]}},{"type":"Feature","id":"pk-country-d-pk722","properties":{"id":"pk-country-d-pk722","name":"Sujawal","region":"pk-country","level":"district","parent":"pk-country-p-pk7","country":"Pakistan · full source coverage","sourceCode":"PK722","sourceParentCode":"PK7","sourceLevel":"ADM2","sourceValidOn":"2022-09-09","center":[68.15308920292391,24.253369792650115],"bbox":[67.46171569799998,23.69468307500017,68.76421528300011,24.988537345000054],"source":"World Food Programme SDI · OCHA/HDX v01 · valid 2022-09-09 · CC BY-IGO","province":"Sindh"},"geometry":{"type":"Point","coordinates":[68.15308920292391,24.253369792650115]}},{"type":"Feature","id":"pk-country-d-pk723","properties":{"id":"pk-country-d-pk723","name":"Sukkur","region":"pk-country","level":"district","parent":"pk-country-p-pk7","country":"Pakistan · full source coverage","sourceCode":"PK723","sourceParentCode":"PK7","sourceLevel":"ADM2","sourceValidOn":"2022-09-09","center":[69.17648272175137,27.50248514423996],"bbox":[68.68969282700004,27.06561419999997,69.77038372100014,28.02535308900002],"source":"World Food Programme SDI · OCHA/HDX v01 · valid 2022-09-09 · CC BY-IGO","province":"Sindh"},"geometry":{"type":"Point","coordinates":[69.17648272175137,27.50248514423996]}},{"type":"Feature","id":"pk-country-d-pk724","properties":{"id":"pk-country-d-pk724","name":"Tando Allahyar","region":"pk-country","level":"district","parent":"pk-country-p-pk7","country":"Pakistan · full source coverage","sourceCode":"PK724","sourceParentCode":"PK7","sourceLevel":"ADM2","sourceValidOn":"2022-09-09","center":[68.77545654265792,25.465747279363164],"bbox":[68.56949338900017,25.205856493000113,68.96627494500007,25.754632576000176],"source":"World Food Programme SDI · OCHA/HDX v01 · valid 2022-09-09 · CC BY-IGO","province":"Sindh"},"geometry":{"type":"Point","coordinates":[68.77545654265792,25.465747279363164]}},{"type":"Feature","id":"pk-country-d-pk725","properties":{"id":"pk-country-d-pk725","name":"Tando Muhammad Khan","region":"pk-country","level":"district","parent":"pk-country-p-pk7","country":"Pakistan · full source coverage","sourceCode":"PK725","sourceParentCode":"PK7","sourceLevel":"ADM2","sourceValidOn":"2022-09-09","center":[68.50211742337834,25.00184187385629],"bbox":[68.25662391100008,24.757200770000054,68.84706232000008,25.29216409300011],"source":"World Food Programme SDI · OCHA/HDX v01 · valid 2022-09-09 · CC BY-IGO","province":"Sindh"},"geometry":{"type":"Point","coordinates":[68.50211742337834,25.00184187385629]}},{"type":"Feature","id":"pk-country-d-pk726","properties":{"id":"pk-country-d-pk726","name":"Tharparkar","region":"pk-country","level":"district","parent":"pk-country-p-pk7","country":"Pakistan · full source coverage","sourceCode":"PK726","sourceParentCode":"PK7","sourceLevel":"ADM2","sourceValidOn":"2022-09-09","center":[70.17772263871221,24.78157775123885],"bbox":[69.05080830499998,24.164201433000073,71.12440394600003,25.723871599000063],"source":"World Food Programme SDI · OCHA/HDX v01 · valid 2022-09-09 · CC BY-IGO","province":"Sindh"},"geometry":{"type":"Point","coordinates":[70.17772263871221,24.78157775123885]}},{"type":"Feature","id":"pk-country-d-pk727","properties":{"id":"pk-country-d-pk727","name":"Thatta","region":"pk-country","level":"district","parent":"pk-country-p-pk7","country":"Pakistan · full source coverage","sourceCode":"PK727","sourceParentCode":"PK7","sourceLevel":"ADM2","sourceValidOn":"2022-09-09","center":[67.77812279975993,24.738775780474658],"bbox":[67.21628570500008,23.943710327000076,68.35494439200005,25.444608930000186],"source":"World Food Programme SDI · OCHA/HDX v01 · valid 2022-09-09 · CC BY-IGO","province":"Sindh"},"geometry":{"type":"Point","coordinates":[67.77812279975993,24.738775780474658]}},{"type":"Feature","id":"pk-country-d-pk728","properties":{"id":"pk-country-d-pk728","name":"Umer Kot","region":"pk-country","level":"district","parent":"pk-country-p-pk7","country":"Pakistan · full source coverage","sourceCode":"PK728","sourceParentCode":"PK7","sourceLevel":"ADM2","sourceValidOn":"2022-09-09","center":[69.7783439642472,25.383857031473926],"bbox":[69.17370613000014,24.88256844200015,70.33531033000014,25.782821783000088],"source":"World Food Programme SDI · OCHA/HDX v01 · valid 2022-09-09 · CC BY-IGO","province":"Sindh"},"geometry":{"type":"Point","coordinates":[69.7783439642472,25.383857031473926]}},{"type":"Feature","id":"pk-country-d-pk729","properties":{"id":"pk-country-d-pk729","name":"West Karachi","region":"pk-country","level":"district","parent":"pk-country-p-pk7","country":"Pakistan · full source coverage","sourceCode":"PK729","sourceParentCode":"PK7","sourceLevel":"ADM2","sourceValidOn":"2022-09-09","center":[67.01128175586364,24.998519223279434],"bbox":[66.928591,24.87653014800003,67.12048251300013,25.097813421000126],"source":"World Food Programme SDI · OCHA/HDX v01 · valid 2022-09-09 · CC BY-IGO","province":"Sindh"},"geometry":{"type":"Point","coordinates":[67.01128175586364,24.998519223279434]}}]}
