{"type":"FeatureCollection","features":[{"type":"Feature","id":"riveratlas-41390047","bbox":[99.07291666666603,9.993749999999842,99.09374999999936,10.00208333333316],"properties":{"id":"riveratlas-41390047","order":3,"discharge":1.5779999494552612},"geometry":{"type":"MultiLineString","coordinates":[[[99.072917,9.99375],[99.085417,9.99375],[99.09375,10.002083]]]}},{"type":"Feature","id":"riveratlas-41390078","bbox":[99.06874999999937,9.989583333333194,99.07291666666603,9.993749999999853],"properties":{"id":"riveratlas-41390078","order":3,"discharge":1.0759999752044678},"geometry":{"type":"MultiLineString","coordinates":[[[99.06875,9.989583],[99.072917,9.99375]]]}},{"type":"Feature","id":"riveratlas-41390156","bbox":[98.63124999999948,9.977083333333177,98.63958333333271,9.977083333333177],"properties":{"id":"riveratlas-41390156","order":3,"discharge":4.243000030517578},"geometry":{"type":"MultiLineString","coordinates":[[[98.639583,9.977083],[98.63125,9.977083]]]}},{"type":"Feature","id":"riveratlas-41390157","bbox":[98.6395833333327,9.977083333333177,98.65624999999933,10.010416666666528],"properties":{"id":"riveratlas-41390157","order":3,"discharge":2.9600000381469727},"geometry":{"type":"MultiLineString","coordinates":[[[98.65625,10.010417],[98.647917,10.002083],[98.647917,9.99375],[98.64375,9.989583],[98.64375,9.98125],[98.639583,9.977083]]]}},{"type":"Feature","id":"riveratlas-41390290","bbox":[98.60208333333279,9.956249999999834,98.63124999999948,9.977083333333168],"properties":{"id":"riveratlas-41390290","order":3,"discharge":5.3420000076293945},"geometry":{"type":"MultiLineString","coordinates":[[[98.63125,9.977083],[98.627083,9.977083],[98.622917,9.972917],[98.622917,9.96875],[98.61875,9.964583],[98.61875,9.960417],[98.610417,9.960417],[98.60625,9.95625],[98.602083,9.95625]]]}},{"type":"Feature","id":"riveratlas-41390294","bbox":[99.03124999999935,9.956249999999834,99.03958333333266,9.96874999999985],"properties":{"id":"riveratlas-41390294","order":3,"discharge":2.9579999446868896},"geometry":{"type":"MultiLineString","coordinates":[[[99.03125,9.96875],[99.035417,9.964583],[99.035417,9.960417],[99.039583,9.95625]]]}},{"type":"Feature","id":"riveratlas-41390312","bbox":[98.58958333333274,9.95208333333317,98.6020833333328,9.95624999999983],"properties":{"id":"riveratlas-41390312","order":3,"discharge":5.614999771118164},"geometry":{"type":"MultiLineString","coordinates":[[[98.602083,9.95625],[98.597917,9.95625],[98.59375,9.952083],[98.589583,9.95625]]]}},{"type":"Feature","id":"riveratlas-41390318","bbox":[99.03958333333267,9.95208333333317,99.04791666666598,9.95624999999983],"properties":{"id":"riveratlas-41390318","order":5,"discharge":126.36399841308594},"geometry":{"type":"MultiLineString","coordinates":[[[99.039583,9.95625],[99.04375,9.95625],[99.047917,9.952083]]]}},{"type":"Feature","id":"riveratlas-41390321","bbox":[99.11874999999938,9.95208333333317,99.12291666666604,9.95208333333317],"properties":{"id":"riveratlas-41390321","order":5,"discharge":139.3350067138672},"geometry":{"type":"MultiLineString","coordinates":[[[99.11875,9.952083],[99.122917,9.952083]]]}},{"type":"Feature","id":"riveratlas-41390374","bbox":[99.02708333333263,9.943749999999817,99.03958333333269,9.956249999999834],"properties":{"id":"riveratlas-41390374","order":5,"discharge":123.50399780273438},"geometry":{"type":"MultiLineString","coordinates":[[[99.027083,9.94375],[99.039583,9.95625]]]}},{"type":"Feature","id":"riveratlas-41390376","bbox":[99.047916666666,9.943749999999817,99.08124999999934,9.956249999999834],"properties":{"id":"riveratlas-41390376","order":5,"discharge":126.34400177001953},"geometry":{"type":"MultiLineString","coordinates":[[[99.047917,9.952083],[99.05625,9.952083],[99.060417,9.95625],[99.072917,9.95625],[99.077083,9.952083],[99.077083,9.947917],[99.08125,9.94375]]]}},{"type":"Feature","id":"riveratlas-41390378","bbox":[99.15208333333263,9.943749999999817,99.16041666666594,9.943749999999817],"properties":{"id":"riveratlas-41390378","order":5,"discharge":139.7949981689453},"geometry":{"type":"MultiLineString","coordinates":[[[99.152083,9.94375],[99.160417,9.94375]]]}},{"type":"Feature","id":"riveratlas-41390411","bbox":[98.91458333333267,9.939583333333196,98.91874999999933,9.95624999999983],"properties":{"id":"riveratlas-41390411","order":3,"discharge":4.39900016784668},"geometry":{"type":"MultiLineString","coordinates":[[[98.91875,9.95625],[98.91875,9.952083],[98.914583,9.947917],[98.914583,9.939583]]]}},{"type":"Feature","id":"riveratlas-41390415","bbox":[99.02291666666613,9.939583333333196,99.02708333333263,9.943749999999813],"properties":{"id":"riveratlas-41390415","order":5,"discharge":122.43000030517578},"geometry":{"type":"MultiLineString","coordinates":[[[99.022917,9.939583],[99.027083,9.94375]]]}},{"type":"Feature","id":"riveratlas-41390416","bbox":[99.12291666666604,9.939583333333196,99.14374999999929,9.952083333333173],"properties":{"id":"riveratlas-41390416","order":5,"discharge":139.38699340820312},"geometry":{"type":"MultiLineString","coordinates":[[[99.122917,9.952083],[99.127083,9.947917],[99.127083,9.94375],[99.139583,9.94375],[99.14375,9.939583]]]}},{"type":"Feature","id":"riveratlas-41390417","bbox":[99.1437499999993,9.939583333333196,99.15208333333261,9.943749999999813],"properties":{"id":"riveratlas-41390417","order":5,"discharge":139.67999267578125},"geometry":{"type":"MultiLineString","coordinates":[[[99.14375,9.939583],[99.147917,9.939583],[99.152083,9.94375]]]}},{"type":"Feature","id":"riveratlas-41390439","bbox":[98.58958333333274,9.935416666666505,98.60624999999946,9.939583333333205],"properties":{"id":"riveratlas-41390439","order":4,"discharge":14.098999977111816},"geometry":{"type":"MultiLineString","coordinates":[[[98.60625,9.939583],[98.602083,9.939583],[98.597917,9.935417],[98.589583,9.935417]]]}},{"type":"Feature","id":"riveratlas-41390463","bbox":[98.60624999999945,9.931249999999842,98.62291666666609,9.939583333333202],"properties":{"id":"riveratlas-41390463","order":4,"discharge":9.053999900817871},"geometry":{"type":"MultiLineString","coordinates":[[[98.622917,9.93125],[98.614583,9.93125],[98.60625,9.939583]]]}},{"type":"Feature","id":"riveratlas-41390466","bbox":[99.0770833333327,9.931249999999842,99.09374999999933,9.943749999999818],"properties":{"id":"riveratlas-41390466","order":5,"discharge":126.38300323486328},"geometry":{"type":"MultiLineString","coordinates":[[[99.08125,9.94375],[99.077083,9.939583],[99.085417,9.93125],[99.09375,9.93125]]]}},{"type":"Feature","id":"riveratlas-41390467","bbox":[99.09374999999935,9.931249999999842,99.11874999999938,9.952083333333176],"properties":{"id":"riveratlas-41390467","order":5,"discharge":139.28599548339844},"geometry":{"type":"MultiLineString","coordinates":[[[99.09375,9.93125],[99.097917,9.93125],[99.110417,9.94375],[99.110417,9.947917],[99.114583,9.952083],[99.11875,9.952083]]]}},{"type":"Feature","id":"riveratlas-41390487","bbox":[98.9687499999994,9.92708333333318,98.98541666666604,9.939583333333196],"properties":{"id":"riveratlas-41390487","order":5,"discharge":119.7040023803711},"geometry":{"type":"MultiLineString","coordinates":[[[98.96875,9.939583],[98.977083,9.93125],[98.98125,9.93125],[98.985417,9.927083]]]}},{"type":"Feature","id":"riveratlas-41390514","bbox":[98.9520833333327,9.92291666666653,98.96874999999942,9.939583333333207],"properties":{"id":"riveratlas-41390514","order":5,"discharge":115.50199890136719},"geometry":{"type":"MultiLineString","coordinates":[[[98.952083,9.922917],[98.96875,9.939583]]]}},{"type":"Feature","id":"riveratlas-41390544","bbox":[98.91458333333267,9.918749999999825,98.91458333333267,9.939583333333202],"properties":{"id":"riveratlas-41390544","order":3,"discharge":6.793000221252441},"geometry":{"type":"MultiLineString","coordinates":[[[98.914583,9.939583],[98.914583,9.91875]]]}},{"type":"Feature","id":"riveratlas-41390562","bbox":[98.98541666666605,9.914583333333162,99.01041666666596,9.92708333333318],"properties":{"id":"riveratlas-41390562","order":5,"discharge":121.38600158691406},"geometry":{"type":"MultiLineString","coordinates":[[[98.985417,9.927083],[98.989583,9.922917],[98.99375,9.927083],[98.997917,9.927083],[99.002083,9.922917],[99.002083,9.91875],[99.00625,9.914583],[99.010417,9.914583]]]}},{"type":"Feature","id":"riveratlas-41390563","bbox":[99.01041666666598,9.914583333333162,99.02291666666612,9.939583333333196],"properties":{"id":"riveratlas-41390563","order":5,"discharge":122.23899841308594},"geometry":{"type":"MultiLineString","coordinates":[[[99.010417,9.914583],[99.010417,9.927083],[99.022917,9.939583]]]}},{"type":"Feature","id":"riveratlas-41390567","bbox":[99.09374999999935,9.914583333333162,99.09374999999935,9.931249999999839],"properties":{"id":"riveratlas-41390567","order":3,"discharge":12.784000396728516},"geometry":{"type":"MultiLineString","coordinates":[[[99.09375,9.914583],[99.09375,9.93125]]]}},{"type":"Feature","id":"riveratlas-41390580","bbox":[98.6229166666661,9.910416666666514,98.6395833333327,9.931249999999848],"properties":{"id":"riveratlas-41390580","order":4,"discharge":8.357999801635742},"geometry":{"type":"MultiLineString","coordinates":[[[98.639583,9.910417],[98.635417,9.910417],[98.627083,9.91875],[98.627083,9.927083],[98.622917,9.93125]]]}},{"type":"Feature","id":"riveratlas-41390616","bbox":[98.91458333333267,9.90624999999985,98.92291666666598,9.918749999999827],"properties":{"id":"riveratlas-41390616","order":3,"discharge":9.694000244140625},"geometry":{"type":"MultiLineString","coordinates":[[[98.914583,9.91875],[98.91875,9.914583],[98.91875,9.910417],[98.922917,9.90625]]]}},{"type":"Feature","id":"riveratlas-41390617","bbox":[98.922916666666,9.90624999999985,98.9520833333327,9.922916666666527],"properties":{"id":"riveratlas-41390617","order":5,"discharge":113.73799896240234},"geometry":{"type":"MultiLineString","coordinates":[[[98.922917,9.90625],[98.927083,9.910417],[98.935417,9.910417],[98.939583,9.914583],[98.94375,9.914583],[98.952083,9.922917]]]}},{"type":"Feature","id":"riveratlas-41390641","bbox":[98.922916666666,9.902083333333188,98.922916666666,9.906249999999847],"properties":{"id":"riveratlas-41390641","order":5,"discharge":101.58200073242188},"geometry":{"type":"MultiLineString","coordinates":[[[98.922917,9.902083],[98.922917,9.90625]]]}},{"type":"Feature","id":"riveratlas-41390691","bbox":[98.91041666666601,9.893749999999834,98.92291666666598,9.902083333333193],"properties":{"id":"riveratlas-41390691","order":5,"discharge":98.4520034790039},"geometry":{"type":"MultiLineString","coordinates":[[[98.910417,9.89375],[98.914583,9.897917],[98.91875,9.897917],[98.922917,9.902083]]]}},{"type":"Feature","id":"riveratlas-41390692","bbox":[99.09374999999935,9.893749999999834,99.09374999999935,9.914583333333168],"properties":{"id":"riveratlas-41390692","order":3,"discharge":10.517000198364258},"geometry":{"type":"MultiLineString","coordinates":[[[99.09375,9.89375],[99.09375,9.914583]]]}},{"type":"Feature","id":"riveratlas-41390737","bbox":[98.6395833333327,9.885416666666522,98.66458333333269,9.910416666666515],"properties":{"id":"riveratlas-41390737","order":4,"discharge":7.256999969482422},"geometry":{"type":"MultiLineString","coordinates":[[[98.664583,9.885417],[98.660417,9.889583],[98.660417,9.89375],[98.647917,9.90625],[98.64375,9.90625],[98.639583,9.910417]]]}},{"type":"Feature","id":"riveratlas-41390738","bbox":[98.66458333333267,9.885416666666522,98.68541666666604,9.910416666666515],"properties":{"id":"riveratlas-41390738","order":3,"discharge":2.6029999256134033},"geometry":{"type":"MultiLineString","coordinates":[[[98.685417,9.910417],[98.677083,9.902083],[98.677083,9.89375],[98.66875,9.885417],[98.664583,9.885417]]]}},{"type":"Feature","id":"riveratlas-41390742","bbox":[98.7645833333327,9.885416666666522,98.772916666666,9.885416666666522],"properties":{"id":"riveratlas-41390742","order":3,"discharge":3.7190001010894775},"geometry":{"type":"MultiLineString","coordinates":[[[98.764583,9.885417],[98.772917,9.885417]]]}},{"type":"Feature","id":"riveratlas-41390771","bbox":[98.75624999999943,9.88124999999986,98.7645833333327,9.885416666666519],"properties":{"id":"riveratlas-41390771","order":3,"discharge":3.134999990463257},"geometry":{"type":"MultiLineString","coordinates":[[[98.75625,9.88125],[98.760417,9.88125],[98.764583,9.885417]]]}},{"type":"Feature","id":"riveratlas-41390772","bbox":[98.90624999999935,9.88124999999986,98.91041666666601,9.893749999999836],"properties":{"id":"riveratlas-41390772","order":5,"discharge":93.5979995727539},"geometry":{"type":"MultiLineString","coordinates":[[[98.910417,9.88125],[98.910417,9.885417],[98.90625,9.889583],[98.910417,9.89375]]]}},{"type":"Feature","id":"riveratlas-41390773","bbox":[98.922916666666,9.88124999999986,98.93958333333264,9.902083333333193],"properties":{"id":"riveratlas-41390773","order":3,"discharge":2.7990000247955322},"geometry":{"type":"MultiLineString","coordinates":[[[98.939583,9.88125],[98.939583,9.885417],[98.935417,9.889583],[98.935417,9.89375],[98.927083,9.902083],[98.922917,9.902083]]]}},{"type":"Feature","id":"riveratlas-41390776","bbox":[99.09374999999935,9.88124999999986,99.09791666666605,9.893749999999836],"properties":{"id":"riveratlas-41390776","order":3,"discharge":10.090999603271484},"geometry":{"type":"MultiLineString","coordinates":[[[99.097917,9.88125],[99.09375,9.885417],[99.09375,9.89375]]]}},{"type":"Feature","id":"riveratlas-41390802","bbox":[98.66458333333267,9.877083333333196,98.66874999999933,9.885416666666513],"properties":{"id":"riveratlas-41390802","order":3,"discharge":3.890000104904175},"geometry":{"type":"MultiLineString","coordinates":[[[98.66875,9.877083],[98.66875,9.88125],[98.664583,9.885417]]]}},{"type":"Feature","id":"riveratlas-41390817","bbox":[98.66874999999933,9.872916666666505,98.6812499999994,9.877083333333205],"properties":{"id":"riveratlas-41390817","order":3,"discharge":2.9549999237060547},"geometry":{"type":"MultiLineString","coordinates":[[[98.68125,9.872917],[98.677083,9.877083],[98.66875,9.877083]]]}},{"type":"Feature","id":"riveratlas-41390824","bbox":[99.08958333333268,9.872916666666505,99.09791666666608,9.881249999999865],"properties":{"id":"riveratlas-41390824","order":3,"discharge":9.597000122070312},"geometry":{"type":"MultiLineString","coordinates":[[[99.089583,9.872917],[99.097917,9.88125]]]}},{"type":"Feature","id":"riveratlas-41390847","bbox":[98.77291666666602,9.868749999999842,98.78124999999933,9.885416666666519],"properties":{"id":"riveratlas-41390847","order":3,"discharge":5.822999954223633},"geometry":{"type":"MultiLineString","coordinates":[[[98.772917,9.885417],[98.777083,9.88125],[98.777083,9.872917],[98.78125,9.86875]]]}},{"type":"Feature","id":"riveratlas-41390849","bbox":[98.87291666666599,9.868749999999842,98.88541666666596,9.868749999999842],"properties":{"id":"riveratlas-41390849","order":5,"discharge":87.02400207519531},"geometry":{"type":"MultiLineString","coordinates":[[[98.872917,9.86875],[98.885417,9.86875]]]}},{"type":"Feature","id":"riveratlas-41390872","bbox":[98.85208333333273,9.86458333333318,98.86041666666604,9.86458333333318],"properties":{"id":"riveratlas-41390872","order":5,"discharge":84.33899688720703},"geometry":{"type":"MultiLineString","coordinates":[[[98.852083,9.864583],[98.860417,9.864583]]]}},{"type":"Feature","id":"riveratlas-41390873","bbox":[98.86041666666605,9.86458333333318,98.87291666666599,9.868749999999839],"properties":{"id":"riveratlas-41390873","order":5,"discharge":85.3219985961914},"geometry":{"type":"MultiLineString","coordinates":[[[98.860417,9.864583],[98.86875,9.864583],[98.872917,9.86875]]]}},{"type":"Feature","id":"riveratlas-41390874","bbox":[98.88541666666598,9.86458333333318,98.91041666666601,9.881249999999856],"properties":{"id":"riveratlas-41390874","order":5,"discharge":90.8010025024414},"geometry":{"type":"MultiLineString","coordinates":[[[98.885417,9.86875],[98.889583,9.86875],[98.89375,9.864583],[98.897917,9.864583],[98.902083,9.86875],[98.902083,9.872917],[98.910417,9.88125]]]}},{"type":"Feature","id":"riveratlas-41390877","bbox":[99.05624999999932,9.86458333333318,99.08958333333267,9.872916666666496],"properties":{"id":"riveratlas-41390877","order":3,"discharge":5.381999969482422},"geometry":{"type":"MultiLineString","coordinates":[[[99.05625,9.872917],[99.060417,9.872917],[99.06875,9.864583],[99.072917,9.864583],[99.077083,9.86875],[99.08125,9.86875],[99.085417,9.872917],[99.089583,9.872917]]]}},{"type":"Feature","id":"riveratlas-41390895","bbox":[98.78124999999935,9.860416666666517,98.79374999999932,9.868749999999833],"properties":{"id":"riveratlas-41390895","order":3,"discharge":7.376999855041504},"geometry":{"type":"MultiLineString","coordinates":[[[98.78125,9.86875],[98.785417,9.86875],[98.79375,9.860417]]]}},{"type":"Feature","id":"riveratlas-41390916","bbox":[98.83124999999936,9.856249999999868,98.83541666666602,9.860416666666527],"properties":{"id":"riveratlas-41390916","order":5,"discharge":80.65499877929688},"geometry":{"type":"MultiLineString","coordinates":[[[98.83125,9.85625],[98.835417,9.860417]]]}},{"type":"Feature","id":"riveratlas-41390917","bbox":[98.83541666666602,9.856249999999868,98.84374999999942,9.860416666666527],"properties":{"id":"riveratlas-41390917","order":5,"discharge":81.34600067138672},"geometry":{"type":"MultiLineString","coordinates":[[[98.835417,9.860417],[98.839583,9.85625],[98.84375,9.85625]]]}},{"type":"Feature","id":"riveratlas-41390918","bbox":[98.8437499999994,9.856249999999868,98.85208333333271,9.864583333333185],"properties":{"id":"riveratlas-41390918","order":5,"discharge":83.34200286865234},"geometry":{"type":"MultiLineString","coordinates":[[[98.84375,9.85625],[98.852083,9.864583]]]}},{"type":"Feature","id":"riveratlas-41391018","bbox":[98.79374999999933,9.84374999999985,98.80624999999931,9.860416666666527],"properties":{"id":"riveratlas-41391018","order":3,"discharge":10.029999732971191},"geometry":{"type":"MultiLineString","coordinates":[[[98.79375,9.860417],[98.79375,9.85625],[98.797917,9.852083],[98.797917,9.847917],[98.802083,9.84375],[98.80625,9.84375]]]}},{"type":"Feature","id":"riveratlas-41391061","bbox":[98.797916666666,9.835416666666525,98.80624999999931,9.843749999999842],"properties":{"id":"riveratlas-41391061","order":5,"discharge":66.27999877929688},"geometry":{"type":"MultiLineString","coordinates":[[[98.797917,9.835417],[98.80625,9.84375]]]}},{"type":"Feature","id":"riveratlas-41391062","bbox":[98.80624999999932,9.835416666666525,98.81458333333272,9.843749999999842],"properties":{"id":"riveratlas-41391062","order":5,"discharge":76.95600128173828},"geometry":{"type":"MultiLineString","coordinates":[[[98.80625,9.84375],[98.814583,9.835417]]]}},{"type":"Feature","id":"riveratlas-41391063","bbox":[98.8145833333327,9.835416666666525,98.82291666666602,9.835416666666525],"properties":{"id":"riveratlas-41391063","order":5,"discharge":77.58699798583984},"geometry":{"type":"MultiLineString","coordinates":[[[98.814583,9.835417],[98.822917,9.835417]]]}},{"type":"Feature","id":"riveratlas-41391064","bbox":[98.82291666666603,9.835416666666525,98.83124999999934,9.856249999999859],"properties":{"id":"riveratlas-41391064","order":5,"discharge":79.75499725341797},"geometry":{"type":"MultiLineString","coordinates":[[[98.822917,9.835417],[98.827083,9.839583],[98.827083,9.84375],[98.83125,9.847917],[98.83125,9.85625]]]}},{"type":"Feature","id":"riveratlas-41391149","bbox":[98.79374999999933,9.822916666666508,98.797916666666,9.835416666666525],"properties":{"id":"riveratlas-41391149","order":5,"discharge":65.66799926757812},"geometry":{"type":"MultiLineString","coordinates":[[[98.79375,9.822917],[98.79375,9.827083],[98.797917,9.83125],[98.797917,9.835417]]]}},{"type":"Feature","id":"riveratlas-41391183","bbox":[98.78958333333267,9.81874999999986,98.79374999999933,9.822916666666519],"properties":{"id":"riveratlas-41391183","order":5,"discharge":64.7979965209961},"geometry":{"type":"MultiLineString","coordinates":[[[98.789583,9.81875],[98.79375,9.822917]]]}},{"type":"Feature","id":"riveratlas-41391207","bbox":[98.78958333333267,9.814583333333196,98.78958333333267,9.818749999999856],"properties":{"id":"riveratlas-41391207","order":5,"discharge":64.24400329589844},"geometry":{"type":"MultiLineString","coordinates":[[[98.789583,9.814583],[98.789583,9.81875]]]}},{"type":"Feature","id":"riveratlas-41391239","bbox":[98.78958333333267,9.810416666666491,98.78958333333267,9.814583333333191],"properties":{"id":"riveratlas-41391239","order":5,"discharge":63.88100051879883},"geometry":{"type":"MultiLineString","coordinates":[[[98.789583,9.810417],[98.789583,9.814583]]]}},{"type":"Feature","id":"riveratlas-41391321","bbox":[98.78541666666601,9.793749999999868,98.78958333333267,9.810416666666502],"properties":{"id":"riveratlas-41391321","order":5,"discharge":63.08300018310547},"geometry":{"type":"MultiLineString","coordinates":[[[98.785417,9.79375],[98.785417,9.797917],[98.789583,9.802083],[98.789583,9.810417]]]}},{"type":"Feature","id":"riveratlas-41391421","bbox":[98.7645833333327,9.78124999999985,98.78541666666602,9.793749999999868],"properties":{"id":"riveratlas-41391421","order":5,"discharge":61.30799865722656},"geometry":{"type":"MultiLineString","coordinates":[[[98.764583,9.78125],[98.76875,9.785417],[98.777083,9.785417],[98.785417,9.79375]]]}},{"type":"Feature","id":"riveratlas-41391425","bbox":[99.10624999999939,9.78124999999985,99.12708333333276,9.793749999999868],"properties":{"id":"riveratlas-41391425","order":3,"discharge":13.821999549865723},"geometry":{"type":"MultiLineString","coordinates":[[[99.10625,9.789583],[99.110417,9.79375],[99.114583,9.79375],[99.11875,9.789583],[99.122917,9.789583],[99.127083,9.785417],[99.127083,9.78125]]]}},{"type":"Feature","id":"riveratlas-41391455","bbox":[99.12708333333276,9.777083333333188,99.13958333333274,9.781249999999847],"properties":{"id":"riveratlas-41391455","order":3,"discharge":14.196999549865723},"geometry":{"type":"MultiLineString","coordinates":[[[99.127083,9.78125],[99.13125,9.777083],[99.135417,9.78125],[99.139583,9.78125]]]}},{"type":"Feature","id":"riveratlas-41391534","bbox":[98.96458333333268,9.768749999999876,98.97291666666608,9.772916666666536],"properties":{"id":"riveratlas-41391534","order":3,"discharge":4.513999938964844},"geometry":{"type":"MultiLineString","coordinates":[[[98.964583,9.772917],[98.96875,9.772917],[98.972917,9.76875]]]}},{"type":"Feature","id":"riveratlas-41391552","bbox":[98.76041666666598,9.76458333333317,98.76458333333268,9.781249999999847],"properties":{"id":"riveratlas-41391552","order":5,"discharge":57.5629997253418},"geometry":{"type":"MultiLineString","coordinates":[[[98.760417,9.764583],[98.760417,9.76875],[98.764583,9.772917],[98.764583,9.78125]]]}},{"type":"Feature","id":"riveratlas-41391578","bbox":[98.75624999999943,9.760416666666508,98.76041666666596,9.764583333333167],"properties":{"id":"riveratlas-41391578","order":4,"discharge":21.982999801635742},"geometry":{"type":"MultiLineString","coordinates":[[[98.75625,9.760417],[98.760417,9.764583]]]}},{"type":"Feature","id":"riveratlas-41391581","bbox":[98.97291666666607,9.760416666666508,98.97708333333273,9.768749999999867],"properties":{"id":"riveratlas-41391581","order":3,"discharge":4.9029998779296875},"geometry":{"type":"MultiLineString","coordinates":[[[98.972917,9.76875],[98.977083,9.764583],[98.977083,9.760417]]]}},{"type":"Feature","id":"riveratlas-41391583","bbox":[99.13124999999931,9.760416666666508,99.14374999999929,9.768749999999867],"properties":{"id":"riveratlas-41391583","order":3,"discharge":4.078999996185303},"geometry":{"type":"MultiLineString","coordinates":[[[99.13125,9.760417],[99.139583,9.76875],[99.14375,9.76875]]]}},{"type":"Feature","id":"riveratlas-41391613","bbox":[99.047916666666,9.756249999999845,99.10624999999938,9.789583333333155],"properties":{"id":"riveratlas-41391613","order":3,"discharge":11.083999633789062},"geometry":{"type":"MultiLineString","coordinates":[[[99.047917,9.75625],[99.052083,9.760417],[99.05625,9.760417],[99.064583,9.76875],[99.06875,9.764583],[99.072917,9.76875],[99.077083,9.76875],[99.08125,9.772917],[99.089583,9.772917],[99.10625,9.789583]]]}},{"type":"Feature","id":"riveratlas-41391653","bbox":[98.76041666666598,9.752083333333196,98.78541666666601,9.764583333333173],"properties":{"id":"riveratlas-41391653","order":4,"discharge":34.6609992980957},"geometry":{"type":"MultiLineString","coordinates":[[[98.785417,9.752083],[98.78125,9.75625],[98.772917,9.75625],[98.76875,9.760417],[98.764583,9.760417],[98.760417,9.764583]]]}},{"type":"Feature","id":"riveratlas-41391654","bbox":[98.78541666666601,9.752083333333196,98.81874999999935,9.764583333333173],"properties":{"id":"riveratlas-41391654","order":4,"discharge":31.617000579833984},"geometry":{"type":"MultiLineString","coordinates":[[[98.81875,9.764583],[98.814583,9.760417],[98.80625,9.760417],[98.802083,9.75625],[98.797917,9.760417],[98.789583,9.752083],[98.785417,9.752083]]]}},{"type":"Feature","id":"riveratlas-41391655","bbox":[98.81874999999937,9.752083333333196,98.83124999999934,9.764583333333173],"properties":{"id":"riveratlas-41391655","order":4,"discharge":27.392000198364258},"geometry":{"type":"MultiLineString","coordinates":[[[98.83125,9.752083],[98.83125,9.75625],[98.827083,9.75625],[98.81875,9.764583]]]}},{"type":"Feature","id":"riveratlas-41391656","bbox":[98.97708333333273,9.752083333333196,98.98124999999939,9.760416666666513],"properties":{"id":"riveratlas-41391656","order":3,"discharge":5.281000137329102},"geometry":{"type":"MultiLineString","coordinates":[[[98.977083,9.760417],[98.977083,9.75625],[98.98125,9.752083]]]}},{"type":"Feature","id":"riveratlas-41391686","bbox":[98.73124999999939,9.747916666666534,98.75624999999943,9.76041666666651],"properties":{"id":"riveratlas-41391686","order":4,"discharge":20.468000411987305},"geometry":{"type":"MultiLineString","coordinates":[[[98.73125,9.747917],[98.739583,9.75625],[98.752083,9.75625],[98.75625,9.760417]]]}},{"type":"Feature","id":"riveratlas-41391707","bbox":[98.69374999999937,9.743749999999828,98.7187499999994,9.789583333333155],"properties":{"id":"riveratlas-41391707","order":3,"discharge":3.328000068664551},"geometry":{"type":"MultiLineString","coordinates":[[[98.697917,9.789583],[98.697917,9.78125],[98.69375,9.777083],[98.69375,9.772917],[98.70625,9.760417],[98.70625,9.752083],[98.714583,9.74375],[98.71875,9.74375]]]}},{"type":"Feature","id":"riveratlas-41391708","bbox":[98.7187499999994,9.743749999999828,98.73124999999938,9.747916666666528],"properties":{"id":"riveratlas-41391708","order":4,"discharge":19.320999145507812},"geometry":{"type":"MultiLineString","coordinates":[[[98.71875,9.74375],[98.722917,9.747917],[98.73125,9.747917]]]}},{"type":"Feature","id":"riveratlas-41391710","bbox":[98.8270833333327,9.743749999999828,98.83124999999936,9.752083333333188],"properties":{"id":"riveratlas-41391710","order":4,"discharge":26.70199966430664},"geometry":{"type":"MultiLineString","coordinates":[[[98.83125,9.74375],[98.827083,9.747917],[98.83125,9.752083]]]}},{"type":"Feature","id":"riveratlas-41391728","bbox":[98.98124999999939,9.73958333333318,98.98541666666605,9.752083333333196],"properties":{"id":"riveratlas-41391728","order":3,"discharge":5.869999885559082},"geometry":{"type":"MultiLineString","coordinates":[[[98.98125,9.752083],[98.98125,9.747917],[98.985417,9.74375],[98.985417,9.739583]]]}},{"type":"Feature","id":"riveratlas-41391748","bbox":[98.55624999999938,9.735416666666517,98.56874999999935,9.735416666666517],"properties":{"id":"riveratlas-41391748","order":3,"discharge":4.163000106811523},"geometry":{"type":"MultiLineString","coordinates":[[[98.56875,9.735417],[98.55625,9.735417]]]}},{"type":"Feature","id":"riveratlas-41391751","bbox":[98.82291666666603,9.735416666666517,98.83124999999934,9.743749999999833],"properties":{"id":"riveratlas-41391751","order":4,"discharge":25.476999282836914},"geometry":{"type":"MultiLineString","coordinates":[[[98.822917,9.735417],[98.83125,9.74375]]]}},{"type":"Feature","id":"riveratlas-41391778","bbox":[98.56874999999937,9.731249999999854,98.58124999999943,9.735416666666513],"properties":{"id":"riveratlas-41391778","order":3,"discharge":3.4800000190734863},"geometry":{"type":"MultiLineString","coordinates":[[[98.58125,9.73125],[98.572917,9.73125],[98.56875,9.735417]]]}},{"type":"Feature","id":"riveratlas-41391779","bbox":[98.58124999999941,9.731249999999854,98.59791666666605,9.735416666666513],"properties":{"id":"riveratlas-41391779","order":3,"discharge":2.6419999599456787},"geometry":{"type":"MultiLineString","coordinates":[[[98.597917,9.735417],[98.585417,9.735417],[98.58125,9.73125]]]}},{"type":"Feature","id":"riveratlas-41391781","bbox":[98.69791666666603,9.731249999999854,98.71041666666609,9.74374999999983],"properties":{"id":"riveratlas-41391781","order":3,"discharge":6.934999942779541},"geometry":{"type":"MultiLineString","coordinates":[[[98.697917,9.74375],[98.702083,9.74375],[98.710417,9.735417],[98.710417,9.73125]]]}},{"type":"Feature","id":"riveratlas-41391782","bbox":[98.71041666666608,9.731249999999854,98.71874999999939,9.74374999999983],"properties":{"id":"riveratlas-41391782","order":4,"discharge":15.579000473022461},"geometry":{"type":"MultiLineString","coordinates":[[[98.710417,9.73125],[98.714583,9.735417],[98.714583,9.739583],[98.71875,9.74375]]]}},{"type":"Feature","id":"riveratlas-41391784","bbox":[98.82291666666603,9.731249999999854,98.8270833333327,9.735416666666513],"properties":{"id":"riveratlas-41391784","order":4,"discharge":24.93000030517578},"geometry":{"type":"MultiLineString","coordinates":[[[98.827083,9.73125],[98.822917,9.735417]]]}},{"type":"Feature","id":"riveratlas-41391788","bbox":[98.98541666666605,9.731249999999854,98.99791666666611,9.73958333333317],"properties":{"id":"riveratlas-41391788","order":3,"discharge":7.803999900817871},"geometry":{"type":"MultiLineString","coordinates":[[[98.985417,9.739583],[98.989583,9.739583],[98.997917,9.73125]]]}},{"type":"Feature","id":"riveratlas-41391791","bbox":[99.10624999999939,9.731249999999854,99.1312499999993,9.760416666666504],"properties":{"id":"riveratlas-41391791","order":3,"discharge":3.611999988555908},"geometry":{"type":"MultiLineString","coordinates":[[[99.10625,9.73125],[99.114583,9.73125],[99.11875,9.735417],[99.122917,9.735417],[99.127083,9.739583],[99.127083,9.747917],[99.13125,9.752083],[99.13125,9.760417]]]}},{"type":"Feature","id":"riveratlas-41391806","bbox":[98.68124999999938,9.727083333333205,98.69791666666602,9.743749999999839],"properties":{"id":"riveratlas-41391806","order":3,"discharge":3.5840001106262207},"geometry":{"type":"MultiLineString","coordinates":[[[98.68125,9.727083],[98.689583,9.735417],[98.689583,9.739583],[98.69375,9.739583],[98.697917,9.74375]]]}},{"type":"Feature","id":"riveratlas-41391808","bbox":[98.9979166666661,9.727083333333205,99.00624999999933,9.731249999999864],"properties":{"id":"riveratlas-41391808","order":3,"discharge":8.3100004196167},"geometry":{"type":"MultiLineString","coordinates":[[[98.997917,9.73125],[99.002083,9.727083],[99.00625,9.727083]]]}},{"type":"Feature","id":"riveratlas-41391834","bbox":[98.71041666666608,9.7229166666665,98.71041666666608,9.731249999999859],"properties":{"id":"riveratlas-41391834","order":3,"discharge":8.277999877929688},"geometry":{"type":"MultiLineString","coordinates":[[[98.710417,9.722917],[98.710417,9.73125]]]}},{"type":"Feature","id":"riveratlas-41391862","bbox":[99.00624999999931,9.718749999999837,99.04791666666598,9.756249999999847],"properties":{"id":"riveratlas-41391862","order":3,"discharge":9.574999809265137},"geometry":{"type":"MultiLineString","coordinates":[[[99.00625,9.727083],[99.014583,9.727083],[99.022917,9.71875],[99.027083,9.722917],[99.03125,9.722917],[99.035417,9.727083],[99.035417,9.73125],[99.047917,9.74375],[99.047917,9.75625]]]}},{"type":"Feature","id":"riveratlas-41391893","bbox":[98.8270833333327,9.714583333333188,98.83958333333275,9.731249999999864],"properties":{"id":"riveratlas-41391893","order":4,"discharge":24.53499984741211},"geometry":{"type":"MultiLineString","coordinates":[[[98.839583,9.714583],[98.83125,9.722917],[98.83125,9.727083],[98.827083,9.73125]]]}},{"type":"Feature","id":"riveratlas-41391960","bbox":[98.83958333333274,9.706249999999862,98.8437499999994,9.714583333333179],"properties":{"id":"riveratlas-41391960","order":4,"discharge":23.761999130249023},"geometry":{"type":"MultiLineString","coordinates":[[[98.84375,9.70625],[98.84375,9.710417],[98.839583,9.714583]]]}},{"type":"Feature","id":"riveratlas-41391981","bbox":[98.83541666666602,9.702083333333213,98.84374999999942,9.706249999999873],"properties":{"id":"riveratlas-41391981","order":4,"discharge":18.763999938964844},"geometry":{"type":"MultiLineString","coordinates":[[[98.835417,9.702083],[98.839583,9.70625],[98.84375,9.70625]]]}},{"type":"Feature","id":"riveratlas-41392011","bbox":[98.8437499999994,9.697916666666508,98.85624999999938,9.706249999999867],"properties":{"id":"riveratlas-41392011","order":3,"discharge":4.744999885559082},"geometry":{"type":"MultiLineString","coordinates":[[[98.85625,9.697917],[98.847917,9.697917],[98.84375,9.702083],[98.84375,9.70625]]]}},{"type":"Feature","id":"riveratlas-41392014","bbox":[98.87291666666599,9.697916666666508,98.8895833333328,9.718749999999842],"properties":{"id":"riveratlas-41392014","order":3,"discharge":1.8389999866485596},"geometry":{"type":"MultiLineString","coordinates":[[[98.889583,9.71875],[98.88125,9.710417],[98.88125,9.70625],[98.872917,9.697917]]]}},{"type":"Feature","id":"riveratlas-41392052","bbox":[98.87291666666599,9.693749999999845,98.87291666666599,9.697916666666504],"properties":{"id":"riveratlas-41392052","order":3,"discharge":2.052999973297119},"geometry":{"type":"MultiLineString","coordinates":[[[98.872917,9.697917],[98.872917,9.69375]]]}},{"type":"Feature","id":"riveratlas-41392087","bbox":[98.85624999999939,9.689583333333196,98.86458333333279,9.697916666666513],"properties":{"id":"riveratlas-41392087","order":3,"discharge":4.084000110626221},"geometry":{"type":"MultiLineString","coordinates":[[[98.864583,9.689583],[98.85625,9.697917]]]}},{"type":"Feature","id":"riveratlas-41392088","bbox":[98.86458333333277,9.689583333333196,98.872916666666,9.693749999999856],"properties":{"id":"riveratlas-41392088","order":3,"discharge":2.444000005722046},"geometry":{"type":"MultiLineString","coordinates":[[[98.872917,9.69375],[98.86875,9.689583],[98.864583,9.689583]]]}},{"type":"Feature","id":"riveratlas-41392133","bbox":[98.83124999999936,9.681249999999828,98.83541666666602,9.702083333333205],"properties":{"id":"riveratlas-41392133","order":4,"discharge":17.4950008392334},"geometry":{"type":"MultiLineString","coordinates":[[[98.83125,9.68125],[98.83125,9.69375],[98.835417,9.697917],[98.835417,9.702083]]]}},{"type":"Feature","id":"riveratlas-41392270","bbox":[98.83124999999936,9.660416666666542,98.83541666666602,9.681249999999835],"properties":{"id":"riveratlas-41392270","order":4,"discharge":16.452999114990234},"geometry":{"type":"MultiLineString","coordinates":[[[98.835417,9.660417],[98.835417,9.664583],[98.83125,9.66875],[98.83125,9.68125]]]}},{"type":"Feature","id":"riveratlas-41392295","bbox":[98.97708333333273,9.656249999999837,98.9895833333327,9.68124999999983],"properties":{"id":"riveratlas-41392295","order":3,"discharge":4.460000038146973},"geometry":{"type":"MultiLineString","coordinates":[[[98.977083,9.68125],[98.977083,9.677083],[98.98125,9.672917],[98.98125,9.664583],[98.989583,9.65625]]]}},{"type":"Feature","id":"riveratlas-41392336","bbox":[98.98958333333272,9.652083333333174,99.00208333333265,9.656249999999833],"properties":{"id":"riveratlas-41392336","order":3,"discharge":5.936999797821045},"geometry":{"type":"MultiLineString","coordinates":[[[98.989583,9.65625],[98.99375,9.652083],[98.997917,9.65625],[99.002083,9.65625]]]}},{"type":"Feature","id":"riveratlas-41392340","bbox":[99.11458333333272,9.652083333333174,99.15624999999935,9.66874999999985],"properties":{"id":"riveratlas-41392340","order":3,"discharge":6.113999843597412},"geometry":{"type":"MultiLineString","coordinates":[[[99.114583,9.664583],[99.11875,9.664583],[99.122917,9.66875],[99.13125,9.66875],[99.139583,9.660417],[99.147917,9.660417],[99.15625,9.652083]]]}},{"type":"Feature","id":"riveratlas-41392341","bbox":[99.15624999999935,9.652083333333174,99.16874999999932,9.656249999999833],"properties":{"id":"riveratlas-41392341","order":3,"discharge":7.020999908447266},"geometry":{"type":"MultiLineString","coordinates":[[[99.15625,9.652083],[99.160417,9.65625],[99.16875,9.65625]]]}},{"type":"Feature","id":"riveratlas-41392363","bbox":[98.83541666666602,9.647916666666525,98.83958333333273,9.660416666666542],"properties":{"id":"riveratlas-41392363","order":4,"discharge":14.8149995803833},"geometry":{"type":"MultiLineString","coordinates":[[[98.839583,9.647917],[98.835417,9.652083],[98.835417,9.660417]]]}},{"type":"Feature","id":"riveratlas-41392396","bbox":[99.09374999999935,9.643749999999862,99.11458333333272,9.664583333333196],"properties":{"id":"riveratlas-41392396","order":3,"discharge":5.369999885559082},"geometry":{"type":"MultiLineString","coordinates":[[[99.09375,9.64375],[99.097917,9.64375],[99.110417,9.65625],[99.110417,9.660417],[99.114583,9.664583]]]}},{"type":"Feature","id":"riveratlas-41392459","bbox":[99.00208333333265,9.63541666666655,99.01874999999929,9.656249999999844],"properties":{"id":"riveratlas-41392459","order":3,"discharge":6.7789998054504395},"geometry":{"type":"MultiLineString","coordinates":[[[99.002083,9.65625],[99.010417,9.647917],[99.010417,9.639583],[99.014583,9.635417],[99.01875,9.635417]]]}},{"type":"Feature","id":"riveratlas-41392487","bbox":[98.83124999999936,9.631249999999845,98.83958333333275,9.647916666666521],"properties":{"id":"riveratlas-41392487","order":4,"discharge":12.614999771118164},"geometry":{"type":"MultiLineString","coordinates":[[[98.83125,9.63125],[98.839583,9.639583],[98.839583,9.647917]]]}},{"type":"Feature","id":"riveratlas-41392535","bbox":[98.83124999999936,9.622916666666534,98.83124999999936,9.63124999999985],"properties":{"id":"riveratlas-41392535","order":4,"discharge":11.307999610900879},"geometry":{"type":"MultiLineString","coordinates":[[[98.83125,9.622917],[98.83125,9.63125]]]}},{"type":"Feature","id":"riveratlas-41392590","bbox":[98.83124999999936,9.614583333333165,98.83541666666602,9.622916666666525],"properties":{"id":"riveratlas-41392590","order":4,"discharge":9.72700023651123},"geometry":{"type":"MultiLineString","coordinates":[[[98.835417,9.614583],[98.835417,9.61875],[98.83125,9.622917]]]}},{"type":"Feature","id":"riveratlas-41392624","bbox":[99.0187499999993,9.610416666666517,99.04374999999933,9.63541666666655],"properties":{"id":"riveratlas-41392624","order":3,"discharge":7.46999979019165},"geometry":{"type":"MultiLineString","coordinates":[[[99.01875,9.635417],[99.022917,9.63125],[99.03125,9.63125],[99.035417,9.627083],[99.035417,9.622917],[99.04375,9.614583],[99.039583,9.610417]]]}},{"type":"Feature","id":"riveratlas-41392694","bbox":[98.6229166666661,9.597916666666542,98.62708333333264,9.602083333333201],"properties":{"id":"riveratlas-41392694","order":3,"discharge":18.091999053955078},"geometry":{"type":"MultiLineString","coordinates":[[[98.627083,9.597917],[98.622917,9.602083]]]}},{"type":"Feature","id":"riveratlas-41392697","bbox":[98.8270833333327,9.597916666666542,98.835416666666,9.614583333333176],"properties":{"id":"riveratlas-41392697","order":4,"discharge":9.02400016784668},"geometry":{"type":"MultiLineString","coordinates":[[[98.827083,9.597917],[98.83125,9.602083],[98.83125,9.60625],[98.835417,9.610417],[98.835417,9.614583]]]}},{"type":"Feature","id":"riveratlas-41392698","bbox":[99.03958333333267,9.597916666666542,99.06458333333266,9.610416666666518],"properties":{"id":"riveratlas-41392698","order":3,"discharge":9.777000427246094},"geometry":{"type":"MultiLineString","coordinates":[[[99.039583,9.610417],[99.052083,9.597917],[99.064583,9.597917]]]}},{"type":"Feature","id":"riveratlas-41392700","bbox":[99.09374999999935,9.597916666666542,99.09791666666605,9.602083333333201],"properties":{"id":"riveratlas-41392700","order":3,"discharge":10.678999900817871},"geometry":{"type":"MultiLineString","coordinates":[[[99.09375,9.602083],[99.097917,9.597917]]]}},{"type":"Feature","id":"riveratlas-41392717","bbox":[98.62708333333265,9.593749999999837,98.63124999999948,9.597916666666537],"properties":{"id":"riveratlas-41392717","order":3,"discharge":15.788000106811523},"geometry":{"type":"MultiLineString","coordinates":[[[98.63125,9.59375],[98.627083,9.597917]]]}},{"type":"Feature","id":"riveratlas-41392719","bbox":[98.8270833333327,9.593749999999837,98.8270833333327,9.597916666666537],"properties":{"id":"riveratlas-41392719","order":4,"discharge":8.430999755859375},"geometry":{"type":"MultiLineString","coordinates":[[[98.827083,9.59375],[98.827083,9.597917]]]}},{"type":"Feature","id":"riveratlas-41392720","bbox":[99.06458333333265,9.593749999999837,99.09374999999935,9.602083333333196],"properties":{"id":"riveratlas-41392720","order":3,"discharge":10.53499984741211},"geometry":{"type":"MultiLineString","coordinates":[[[99.064583,9.597917],[99.06875,9.59375],[99.077083,9.59375],[99.08125,9.597917],[99.085417,9.597917],[99.089583,9.602083],[99.09375,9.602083]]]}},{"type":"Feature","id":"riveratlas-41392722","bbox":[99.16874999999933,9.593749999999837,99.20208333333268,9.61458333333317],"properties":{"id":"riveratlas-41392722","order":4,"discharge":25.674999237060547},"geometry":{"type":"MultiLineString","coordinates":[[[99.16875,9.59375],[99.172917,9.597917],[99.177083,9.597917],[99.185417,9.60625],[99.19375,9.60625],[99.202083,9.614583]]]}},{"type":"Feature","id":"riveratlas-41392739","bbox":[98.60624999999945,9.589583333333174,98.62291666666609,9.60208333333319],"properties":{"id":"riveratlas-41392739","order":3,"discharge":19.49799919128418},"geometry":{"type":"MultiLineString","coordinates":[[[98.622917,9.602083],[98.61875,9.597917],[98.61875,9.59375],[98.614583,9.589583],[98.610417,9.589583],[98.60625,9.59375]]]}},{"type":"Feature","id":"riveratlas-41392763","bbox":[98.82291666666603,9.585416666666525,98.8270833333327,9.593749999999842],"properties":{"id":"riveratlas-41392763","order":4,"discharge":7.947999954223633},"geometry":{"type":"MultiLineString","coordinates":[[[98.822917,9.585417],[98.827083,9.589583],[98.827083,9.59375]]]}},{"type":"Feature","id":"riveratlas-41392764","bbox":[99.09791666666607,9.585416666666525,99.16874999999935,9.597916666666542],"properties":{"id":"riveratlas-41392764","order":4,"discharge":25.132999420166016},"geometry":{"type":"MultiLineString","coordinates":[[[99.097917,9.597917],[99.110417,9.597917],[99.114583,9.59375],[99.127083,9.59375],[99.13125,9.589583],[99.135417,9.589583],[99.139583,9.585417],[99.160417,9.585417],[99.16875,9.59375]]]}},{"type":"Feature","id":"riveratlas-41392782","bbox":[98.80208333333266,9.581249999999862,98.82291666666603,9.585416666666521],"properties":{"id":"riveratlas-41392782","order":3,"discharge":3.140000104904175},"geometry":{"type":"MultiLineString","coordinates":[[[98.802083,9.58125],[98.810417,9.58125],[98.814583,9.585417],[98.822917,9.585417]]]}},{"type":"Feature","id":"riveratlas-41392806","bbox":[98.59791666666607,9.5770833333332,98.60624999999946,9.593749999999833],"properties":{"id":"riveratlas-41392806","order":3,"discharge":24.1299991607666},"geometry":{"type":"MultiLineString","coordinates":[[[98.60625,9.59375],[98.597917,9.585417],[98.602083,9.58125],[98.602083,9.577083]]]}},{"type":"Feature","id":"riveratlas-41392807","bbox":[98.63124999999948,9.5770833333332,98.64791666666603,9.593749999999833],"properties":{"id":"riveratlas-41392807","order":3,"discharge":15.579000473022461},"geometry":{"type":"MultiLineString","coordinates":[[[98.647917,9.577083],[98.647917,9.58125],[98.64375,9.585417],[98.639583,9.585417],[98.63125,9.59375]]]}},{"type":"Feature","id":"riveratlas-41392838","bbox":[98.58541666666608,9.572916666666508,98.58958333333274,9.572916666666508],"properties":{"id":"riveratlas-41392838","order":3,"discharge":25.483999252319336},"geometry":{"type":"MultiLineString","coordinates":[[[98.589583,9.572917],[98.585417,9.572917]]]}},{"type":"Feature","id":"riveratlas-41392839","bbox":[98.58958333333274,9.572916666666508,98.6020833333328,9.577083333333208],"properties":{"id":"riveratlas-41392839","order":3,"discharge":25.08099937438965},"geometry":{"type":"MultiLineString","coordinates":[[[98.602083,9.577083],[98.597917,9.572917],[98.589583,9.572917]]]}},{"type":"Feature","id":"riveratlas-41392840","bbox":[98.64791666666602,9.572916666666508,98.66874999999935,9.577083333333208],"properties":{"id":"riveratlas-41392840","order":3,"discharge":14.258999824523926},"geometry":{"type":"MultiLineString","coordinates":[[[98.66875,9.572917],[98.652083,9.572917],[98.647917,9.577083]]]}},{"type":"Feature","id":"riveratlas-41392841","bbox":[98.66874999999933,9.572916666666508,98.672916666666,9.572916666666508],"properties":{"id":"riveratlas-41392841","order":3,"discharge":11.97700023651123},"geometry":{"type":"MultiLineString","coordinates":[[[98.672917,9.572917],[98.66875,9.572917]]]}},{"type":"Feature","id":"riveratlas-41392870","bbox":[98.57708333333275,9.568749999999845,98.58541666666606,9.572916666666504],"properties":{"id":"riveratlas-41392870","order":3,"discharge":25.854000091552734},"geometry":{"type":"MultiLineString","coordinates":[[[98.585417,9.572917],[98.58125,9.56875],[98.577083,9.56875]]]}},{"type":"Feature","id":"riveratlas-41392871","bbox":[98.672916666666,9.568749999999845,98.69374999999937,9.572916666666504],"properties":{"id":"riveratlas-41392871","order":3,"discharge":10.666000366210938},"geometry":{"type":"MultiLineString","coordinates":[[[98.69375,9.56875],[98.689583,9.572917],[98.672917,9.572917]]]}},{"type":"Feature","id":"riveratlas-41392872","bbox":[98.69374999999937,9.568749999999845,98.70624999999943,9.568749999999845],"properties":{"id":"riveratlas-41392872","order":3,"discharge":9.744999885559082},"geometry":{"type":"MultiLineString","coordinates":[[[98.70625,9.56875],[98.69375,9.56875]]]}},{"type":"Feature","id":"riveratlas-41392875","bbox":[98.81874999999937,9.568749999999845,98.82708333333268,9.585416666666521],"properties":{"id":"riveratlas-41392875","order":3,"discharge":3.203000068664551},"geometry":{"type":"MultiLineString","coordinates":[[[98.81875,9.56875],[98.822917,9.572917],[98.822917,9.577083],[98.827083,9.58125],[98.822917,9.585417]]]}},{"type":"Feature","id":"riveratlas-41392903","bbox":[98.5645833333327,9.564583333333182,98.56874999999937,9.564583333333182],"properties":{"id":"riveratlas-41392903","order":4,"discharge":35.73400115966797},"geometry":{"type":"MultiLineString","coordinates":[[[98.56875,9.564583],[98.564583,9.564583]]]}},{"type":"Feature","id":"riveratlas-41392904","bbox":[98.56874999999937,9.564583333333182,98.57708333333277,9.568749999999842],"properties":{"id":"riveratlas-41392904","order":3,"discharge":26.52400016784668},"geometry":{"type":"MultiLineString","coordinates":[[[98.577083,9.56875],[98.572917,9.56875],[98.56875,9.564583]]]}},{"type":"Feature","id":"riveratlas-41392908","bbox":[98.94374999999937,9.564583333333182,98.95208333333268,9.572916666666499],"properties":{"id":"riveratlas-41392908","order":3,"discharge":3.1559998989105225},"geometry":{"type":"MultiLineString","coordinates":[[[98.94375,9.572917],[98.952083,9.564583]]]}},{"type":"Feature","id":"riveratlas-41392909","bbox":[98.9520833333327,9.564583333333182,98.95624999999936,9.568749999999842],"properties":{"id":"riveratlas-41392909","order":3,"discharge":3.8369998931884766},"geometry":{"type":"MultiLineString","coordinates":[[[98.952083,9.564583],[98.95625,9.56875]]]}},{"type":"Feature","id":"riveratlas-41392913","bbox":[99.0770833333327,9.564583333333182,99.09791666666607,9.597916666666533],"properties":{"id":"riveratlas-41392913","order":3,"discharge":13.65999984741211},"geometry":{"type":"MultiLineString","coordinates":[[[99.077083,9.564583],[99.085417,9.572917],[99.085417,9.585417],[99.097917,9.597917]]]}},{"type":"Feature","id":"riveratlas-41392933","bbox":[98.56874999999937,9.560416666666534,98.57291666666603,9.564583333333193],"properties":{"id":"riveratlas-41392933","order":3,"discharge":9.083999633789062},"geometry":{"type":"MultiLineString","coordinates":[[[98.572917,9.560417],[98.56875,9.564583]]]}},{"type":"Feature","id":"riveratlas-41392936","bbox":[98.70624999999941,9.560416666666534,98.71458333333264,9.56874999999985],"properties":{"id":"riveratlas-41392936","order":3,"discharge":7.132999897003174},"geometry":{"type":"MultiLineString","coordinates":[[[98.714583,9.560417],[98.70625,9.56875]]]}},{"type":"Feature","id":"riveratlas-41392941","bbox":[98.81874999999937,9.560416666666534,98.81874999999937,9.56874999999985],"properties":{"id":"riveratlas-41392941","order":3,"discharge":2.7119998931884766},"geometry":{"type":"MultiLineString","coordinates":[[[98.81875,9.560417],[98.81875,9.56875]]]}},{"type":"Feature","id":"riveratlas-41392944","bbox":[98.99374999999944,9.560416666666534,99.00624999999933,9.564583333333193],"properties":{"id":"riveratlas-41392944","order":3,"discharge":9.15999984741211},"geometry":{"type":"MultiLineString","coordinates":[[[98.99375,9.564583],[98.997917,9.560417],[99.002083,9.564583],[99.00625,9.564583]]]}},{"type":"Feature","id":"riveratlas-41392966","bbox":[98.95624999999936,9.55624999999987,98.96874999999942,9.568749999999847],"properties":{"id":"riveratlas-41392966","order":3,"discharge":7.104000091552734},"geometry":{"type":"MultiLineString","coordinates":[[[98.95625,9.56875],[98.96875,9.55625]]]}},{"type":"Feature","id":"riveratlas-41392967","bbox":[99.00624999999931,9.55624999999987,99.02708333333264,9.564583333333188],"properties":{"id":"riveratlas-41392967","order":3,"discharge":9.756999969482422},"geometry":{"type":"MultiLineString","coordinates":[[[99.00625,9.564583],[99.010417,9.564583],[99.01875,9.55625],[99.022917,9.560417],[99.027083,9.55625]]]}},{"type":"Feature","id":"riveratlas-41392969","bbox":[99.0770833333327,9.55624999999987,99.0770833333327,9.564583333333188],"properties":{"id":"riveratlas-41392969","order":3,"discharge":12.62399959564209},"geometry":{"type":"MultiLineString","coordinates":[[[99.077083,9.55625],[99.077083,9.564583]]]}},{"type":"Feature","id":"riveratlas-41392998","bbox":[99.02708333333263,9.552083333333208,99.03958333333269,9.556249999999867],"properties":{"id":"riveratlas-41392998","order":3,"discharge":11.010000228881836},"geometry":{"type":"MultiLineString","coordinates":[[[99.027083,9.55625],[99.03125,9.552083],[99.039583,9.552083]]]}},{"type":"Feature","id":"riveratlas-41393011","bbox":[98.71041666666608,9.547916666666502,98.71458333333261,9.56041666666652],"properties":{"id":"riveratlas-41393011","order":3,"discharge":3.627000093460083},"geometry":{"type":"MultiLineString","coordinates":[[[98.710417,9.547917],[98.714583,9.552083],[98.714583,9.560417]]]}},{"type":"Feature","id":"riveratlas-41393012","bbox":[98.81874999999937,9.547916666666502,98.82291666666603,9.56041666666652],"properties":{"id":"riveratlas-41393012","order":3,"discharge":2.4519999027252197},"geometry":{"type":"MultiLineString","coordinates":[[[98.822917,9.547917],[98.822917,9.552083],[98.81875,9.55625],[98.81875,9.560417]]]}},{"type":"Feature","id":"riveratlas-41393016","bbox":[98.9687499999994,9.547916666666502,98.98124999999938,9.556249999999862],"properties":{"id":"riveratlas-41393016","order":3,"discharge":7.656000137329102},"geometry":{"type":"MultiLineString","coordinates":[[[98.96875,9.55625],[98.977083,9.547917],[98.98125,9.547917]]]}},{"type":"Feature","id":"riveratlas-41393017","bbox":[98.98124999999939,9.547916666666502,98.99374999999945,9.564583333333179],"properties":{"id":"riveratlas-41393017","order":3,"discharge":8.230999946594238},"geometry":{"type":"MultiLineString","coordinates":[[[98.98125,9.547917],[98.985417,9.552083],[98.985417,9.560417],[98.989583,9.564583],[98.99375,9.564583]]]}},{"type":"Feature","id":"riveratlas-41393018","bbox":[99.03958333333267,9.547916666666502,99.07291666666602,9.552083333333202],"properties":{"id":"riveratlas-41393018","order":3,"discharge":11.732000350952148},"geometry":{"type":"MultiLineString","coordinates":[[[99.039583,9.552083],[99.04375,9.547917],[99.047917,9.547917],[99.052083,9.552083],[99.060417,9.552083],[99.064583,9.547917],[99.072917,9.547917]]]}},{"type":"Feature","id":"riveratlas-41393019","bbox":[99.07291666666603,9.547916666666502,99.0770833333327,9.556249999999862],"properties":{"id":"riveratlas-41393019","order":3,"discharge":12.336999893188477},"geometry":{"type":"MultiLineString","coordinates":[[[99.072917,9.547917],[99.077083,9.552083],[99.077083,9.55625]]]}},{"type":"Feature","id":"riveratlas-41393047","bbox":[98.57291666666603,9.543749999999854,98.57708333333274,9.56041666666653],"properties":{"id":"riveratlas-41393047","order":3,"discharge":8.604000091552734},"geometry":{"type":"MultiLineString","coordinates":[[[98.577083,9.54375],[98.577083,9.552083],[98.572917,9.55625],[98.572917,9.560417]]]}},{"type":"Feature","id":"riveratlas-41393048","bbox":[98.70624999999941,9.543749999999854,98.71041666666608,9.547916666666513],"properties":{"id":"riveratlas-41393048","order":3,"discharge":3.0739998817443848},"geometry":{"type":"MultiLineString","coordinates":[[[98.70625,9.54375],[98.710417,9.547917]]]}},{"type":"Feature","id":"riveratlas-41393087","bbox":[99.21041666666602,9.53958333333319,99.21874999999933,9.54374999999985],"properties":{"id":"riveratlas-41393087","order":3,"discharge":6.432000160217285},"geometry":{"type":"MultiLineString","coordinates":[[[99.210417,9.539583],[99.214583,9.54375],[99.21875,9.54375]]]}},{"type":"Feature","id":"riveratlas-41393173","bbox":[98.57708333333275,9.527083333333174,98.58541666666606,9.54374999999985],"properties":{"id":"riveratlas-41393173","order":3,"discharge":8.010000228881836},"geometry":{"type":"MultiLineString","coordinates":[[[98.585417,9.527083],[98.585417,9.535417],[98.577083,9.54375]]]}},{"type":"Feature","id":"riveratlas-41393176","bbox":[99.21041666666602,9.527083333333174,99.21458333333268,9.53958333333319],"properties":{"id":"riveratlas-41393176","order":3,"discharge":6.061999797821045},"geometry":{"type":"MultiLineString","coordinates":[[[99.210417,9.527083],[99.210417,9.53125],[99.214583,9.535417],[99.210417,9.539583]]]}},{"type":"Feature","id":"riveratlas-41393201","bbox":[98.69791666666603,9.52291666666651,98.70624999999943,9.543749999999845],"properties":{"id":"riveratlas-41393201","order":3,"discharge":2.828000068664551},"geometry":{"type":"MultiLineString","coordinates":[[[98.702083,9.522917],[98.697917,9.527083],[98.702083,9.53125],[98.702083,9.539583],[98.70625,9.54375]]]}},{"type":"Feature","id":"riveratlas-41393205","bbox":[99.15624999999935,9.52291666666651,99.16458333333266,9.52291666666651],"properties":{"id":"riveratlas-41393205","order":3,"discharge":3.318000078201294},"geometry":{"type":"MultiLineString","coordinates":[[[99.15625,9.522917],[99.164583,9.522917]]]}},{"type":"Feature","id":"riveratlas-41393206","bbox":[99.16458333333267,9.52291666666651,99.17708333333265,9.52291666666651],"properties":{"id":"riveratlas-41393206","order":3,"discharge":3.696000099182129},"geometry":{"type":"MultiLineString","coordinates":[[[99.164583,9.522917],[99.177083,9.522917]]]}},{"type":"Feature","id":"riveratlas-41393270","bbox":[99.17708333333266,9.514583333333157,99.210416666666,9.527083333333174],"properties":{"id":"riveratlas-41393270","order":3,"discharge":5.091000080108643},"geometry":{"type":"MultiLineString","coordinates":[[[99.177083,9.522917],[99.18125,9.522917],[99.189583,9.514583],[99.19375,9.514583],[99.202083,9.522917],[99.20625,9.522917],[99.210417,9.527083]]]}},{"type":"Feature","id":"riveratlas-41393411","bbox":[98.922916666666,9.49374999999987,98.93541666666597,9.49374999999987],"properties":{"id":"riveratlas-41393411","order":3,"discharge":3.197999954223633},"geometry":{"type":"MultiLineString","coordinates":[[[98.922917,9.49375],[98.935417,9.49375]]]}},{"type":"Feature","id":"riveratlas-41393431","bbox":[98.90208333333263,9.489583333333165,98.922916666666,9.493749999999865],"properties":{"id":"riveratlas-41393431","order":3,"discharge":2.865000009536743},"geometry":{"type":"MultiLineString","coordinates":[[[98.902083,9.489583],[98.910417,9.489583],[98.914583,9.49375],[98.922917,9.49375]]]}},{"type":"Feature","id":"riveratlas-41393506","bbox":[98.93541666666599,9.481249999999854,98.94791666666605,9.49374999999987],"properties":{"id":"riveratlas-41393506","order":3,"discharge":5.6620001792907715},"geometry":{"type":"MultiLineString","coordinates":[[[98.935417,9.49375],[98.94375,9.49375],[98.947917,9.489583],[98.94375,9.485417],[98.94375,9.48125]]]}},{"type":"Feature","id":"riveratlas-41393551","bbox":[98.81041666666599,9.472916666666528,98.81458333333269,9.493749999999862],"properties":{"id":"riveratlas-41393551","order":3,"discharge":1.784000039100647},"geometry":{"type":"MultiLineString","coordinates":[[[98.810417,9.49375],[98.814583,9.489583],[98.810417,9.485417],[98.810417,9.472917]]]}},{"type":"Feature","id":"riveratlas-41393555","bbox":[98.94374999999937,9.472916666666528,98.95624999999934,9.481249999999845],"properties":{"id":"riveratlas-41393555","order":3,"discharge":6.294000148773193},"geometry":{"type":"MultiLineString","coordinates":[[[98.94375,9.48125],[98.947917,9.477083],[98.952083,9.477083],[98.95625,9.472917]]]}},{"type":"Feature","id":"riveratlas-41393556","bbox":[99.08958333333268,9.472916666666528,99.08958333333268,9.481249999999845],"properties":{"id":"riveratlas-41393556","order":3,"discharge":3.0810000896453857},"geometry":{"type":"MultiLineString","coordinates":[[[99.089583,9.48125],[99.089583,9.472917]]]}},{"type":"Feature","id":"riveratlas-41393582","bbox":[98.98958333333272,9.46874999999988,99.02291666666615,9.49791666666653],"properties":{"id":"riveratlas-41393582","order":3,"discharge":2.444000005722046},"geometry":{"type":"MultiLineString","coordinates":[[[98.989583,9.497917],[98.997917,9.489583],[99.00625,9.489583],[99.01875,9.477083],[99.01875,9.472917],[99.022917,9.46875]]]}},{"type":"Feature","id":"riveratlas-41393608","bbox":[98.47708333333279,9.464583333333216,98.48958333333267,9.493749999999867],"properties":{"id":"riveratlas-41393608","order":3,"discharge":5.076000213623047},"geometry":{"type":"MultiLineString","coordinates":[[[98.489583,9.464583],[98.485417,9.46875],[98.485417,9.477083],[98.48125,9.48125],[98.48125,9.489583],[98.477083,9.49375]]]}},{"type":"Feature","id":"riveratlas-41393612","bbox":[98.81041666666599,9.464583333333216,98.81041666666599,9.472916666666533],"properties":{"id":"riveratlas-41393612","order":3,"discharge":2.2009999752044678},"geometry":{"type":"MultiLineString","coordinates":[[[98.810417,9.472917],[98.810417,9.464583]]]}},{"type":"Feature","id":"riveratlas-41393626","bbox":[98.48958333333266,9.46041666666651,98.49791666666614,9.464583333333211],"properties":{"id":"riveratlas-41393626","order":3,"discharge":4.61299991607666},"geometry":{"type":"MultiLineString","coordinates":[[[98.497917,9.460417],[98.49375,9.464583],[98.489583,9.464583]]]}},{"type":"Feature","id":"riveratlas-41393696","bbox":[98.80624999999932,9.4520833333332,98.81041666666599,9.464583333333216],"properties":{"id":"riveratlas-41393696","order":3,"discharge":4.451000213623047},"geometry":{"type":"MultiLineString","coordinates":[[[98.810417,9.464583],[98.80625,9.460417],[98.80625,9.452083]]]}},{"type":"Feature","id":"riveratlas-41393720","bbox":[98.47291666666612,9.447916666666536,98.47291666666612,9.460416666666513],"properties":{"id":"riveratlas-41393720","order":3,"discharge":8.208000183105469},"geometry":{"type":"MultiLineString","coordinates":[[[98.472917,9.447917],[98.472917,9.460417]]]}},{"type":"Feature","id":"riveratlas-41393726","bbox":[99.06874999999937,9.447916666666536,99.0895833333327,9.447916666666536],"properties":{"id":"riveratlas-41393726","order":3,"discharge":4.913000106811523},"geometry":{"type":"MultiLineString","coordinates":[[[99.06875,9.447917],[99.089583,9.447917]]]}},{"type":"Feature","id":"riveratlas-41393727","bbox":[99.08958333333268,9.447916666666536,99.08958333333268,9.47291666666653],"properties":{"id":"riveratlas-41393727","order":3,"discharge":3.61299991607666},"geometry":{"type":"MultiLineString","coordinates":[[[99.089583,9.472917],[99.089583,9.447917]]]}},{"type":"Feature","id":"riveratlas-41393746","bbox":[98.797916666666,9.443749999999831,98.80624999999931,9.45208333333319],"properties":{"id":"riveratlas-41393746","order":3,"discharge":4.728000164031982},"geometry":{"type":"MultiLineString","coordinates":[[[98.80625,9.452083],[98.797917,9.44375]]]}},{"type":"Feature","id":"riveratlas-41393748","bbox":[98.95624999999936,9.443749999999831,99.01041666666596,9.477083333333182],"properties":{"id":"riveratlas-41393748","order":3,"discharge":7.289999961853027},"geometry":{"type":"MultiLineString","coordinates":[[[98.95625,9.472917],[98.960417,9.472917],[98.964583,9.477083],[98.977083,9.464583],[98.98125,9.464583],[98.985417,9.460417],[98.99375,9.460417],[99.010417,9.44375]]]}},{"type":"Feature","id":"riveratlas-41393749","bbox":[99.02291666666613,9.443749999999831,99.06874999999938,9.468749999999865],"properties":{"id":"riveratlas-41393749","order":3,"discharge":3.4800000190734863},"geometry":{"type":"MultiLineString","coordinates":[[[99.022917,9.46875],[99.027083,9.46875],[99.039583,9.45625],[99.039583,9.452083],[99.04375,9.447917],[99.047917,9.447917],[99.052083,9.44375],[99.064583,9.44375],[99.06875,9.447917]]]}},{"type":"Feature","id":"riveratlas-41393773","bbox":[99.11874999999938,9.439583333333225,99.13958333333275,9.439583333333225],"properties":{"id":"riveratlas-41393773","order":5,"discharge":25.676000595092773},"geometry":{"type":"MultiLineString","coordinates":[[[99.11875,9.439583],[99.139583,9.439583]]]}},{"type":"Feature","id":"riveratlas-41393792","bbox":[98.47291666666612,9.43541666666652,98.47291666666612,9.447916666666536],"properties":{"id":"riveratlas-41393792","order":3,"discharge":7.431000232696533},"geometry":{"type":"MultiLineString","coordinates":[[[98.472917,9.435417],[98.472917,9.447917]]]}},{"type":"Feature","id":"riveratlas-41393801","bbox":[99.08958333333268,9.43541666666652,99.11458333333272,9.447916666666536],"properties":{"id":"riveratlas-41393801","order":4,"discharge":8.87600040435791},"geometry":{"type":"MultiLineString","coordinates":[[[99.089583,9.447917],[99.09375,9.447917],[99.10625,9.435417],[99.114583,9.435417]]]}},{"type":"Feature","id":"riveratlas-41393802","bbox":[99.11458333333272,9.43541666666652,99.11874999999938,9.43958333333322],"properties":{"id":"riveratlas-41393802","order":5,"discharge":25.361000061035156},"geometry":{"type":"MultiLineString","coordinates":[[[99.114583,9.435417],[99.11875,9.439583]]]}},{"type":"Feature","id":"riveratlas-41393836","bbox":[98.46458333333274,9.427083333333208,98.47291666666614,9.435416666666525],"properties":{"id":"riveratlas-41393836","order":3,"discharge":7.211999893188477},"geometry":{"type":"MultiLineString","coordinates":[[[98.464583,9.427083],[98.472917,9.435417]]]}},{"type":"Feature","id":"riveratlas-41393838","bbox":[98.797916666666,9.427083333333208,98.80208333333266,9.443749999999842],"properties":{"id":"riveratlas-41393838","order":3,"discharge":6.36299991607666},"geometry":{"type":"MultiLineString","coordinates":[[[98.797917,9.44375],[98.797917,9.435417],[98.802083,9.43125],[98.802083,9.427083]]]}},{"type":"Feature","id":"riveratlas-41393841","bbox":[98.93958333333265,9.427083333333208,98.94791666666605,9.431249999999867],"properties":{"id":"riveratlas-41393841","order":3,"discharge":4.258999824523926},"geometry":{"type":"MultiLineString","coordinates":[[[98.939583,9.427083],[98.94375,9.43125],[98.947917,9.43125]]]}},{"type":"Feature","id":"riveratlas-41393843","bbox":[99.01458333333275,9.427083333333208,99.03958333333266,9.431249999999867],"properties":{"id":"riveratlas-41393843","order":3,"discharge":6.281000137329102},"geometry":{"type":"MultiLineString","coordinates":[[[99.014583,9.427083],[99.01875,9.43125],[99.022917,9.427083],[99.039583,9.427083]]]}},{"type":"Feature","id":"riveratlas-41393844","bbox":[99.01041666666598,9.427083333333208,99.03958333333267,9.443749999999842],"properties":{"id":"riveratlas-41393844","order":3,"discharge":8.406000137329102},"geometry":{"type":"MultiLineString","coordinates":[[[99.010417,9.44375],[99.014583,9.439583],[99.01875,9.44375],[99.022917,9.44375],[99.027083,9.439583],[99.03125,9.439583],[99.039583,9.43125],[99.039583,9.427083]]]}},{"type":"Feature","id":"riveratlas-41393867","bbox":[99.01458333333275,9.422916666666502,99.01458333333275,9.427083333333202],"properties":{"id":"riveratlas-41393867","order":3,"discharge":5.896999835968018},"geometry":{"type":"MultiLineString","coordinates":[[[99.014583,9.422917],[99.014583,9.427083]]]}},{"type":"Feature","id":"riveratlas-41393899","bbox":[99.09791666666607,9.41874999999984,99.1145833333327,9.435416666666516],"properties":{"id":"riveratlas-41393899","order":4,"discharge":16.490999221801758},"geometry":{"type":"MultiLineString","coordinates":[[[99.097917,9.41875],[99.102083,9.422917],[99.110417,9.422917],[99.114583,9.427083],[99.114583,9.435417]]]}},{"type":"Feature","id":"riveratlas-41393923","bbox":[98.66041666666601,9.41458333333319,98.66458333333267,9.41458333333319],"properties":{"id":"riveratlas-41393923","order":3,"discharge":6.559999942779541},"geometry":{"type":"MultiLineString","coordinates":[[[98.660417,9.414583],[98.664583,9.414583]]]}},{"type":"Feature","id":"riveratlas-41393930","bbox":[98.90624999999935,9.41458333333319,98.93958333333265,9.427083333333208],"properties":{"id":"riveratlas-41393930","order":3,"discharge":3.881999969482422},"geometry":{"type":"MultiLineString","coordinates":[[[98.90625,9.414583],[98.910417,9.41875],[98.914583,9.41875],[98.922917,9.427083],[98.939583,9.427083]]]}},{"type":"Feature","id":"riveratlas-41393931","bbox":[98.94791666666603,9.41458333333319,98.98541666666604,9.431249999999867],"properties":{"id":"riveratlas-41393931","order":3,"discharge":4.966000080108643},"geometry":{"type":"MultiLineString","coordinates":[[[98.947917,9.43125],[98.960417,9.43125],[98.96875,9.422917],[98.977083,9.422917],[98.98125,9.41875],[98.985417,9.41875],[98.985417,9.414583]]]}},{"type":"Feature","id":"riveratlas-41393960","bbox":[98.45208333333275,9.410416666666528,98.46458333333273,9.427083333333204],"properties":{"id":"riveratlas-41393960","order":3,"discharge":6.540999889373779},"geometry":{"type":"MultiLineString","coordinates":[[[98.452083,9.410417],[98.452083,9.41875],[98.460417,9.427083],[98.464583,9.427083]]]}},{"type":"Feature","id":"riveratlas-41393963","bbox":[98.6437499999993,9.410416666666528,98.66041666666602,9.414583333333187],"properties":{"id":"riveratlas-41393963","order":3,"discharge":6.354000091552734},"geometry":{"type":"MultiLineString","coordinates":[[[98.64375,9.410417],[98.647917,9.414583],[98.660417,9.414583]]]}},{"type":"Feature","id":"riveratlas-41393965","bbox":[98.78958333333267,9.410416666666528,98.79374999999933,9.410416666666528],"properties":{"id":"riveratlas-41393965","order":4,"discharge":21.027000427246094},"geometry":{"type":"MultiLineString","coordinates":[[[98.789583,9.410417],[98.79375,9.410417]]]}},{"type":"Feature","id":"riveratlas-41393966","bbox":[98.79374999999933,9.410416666666528,98.80208333333265,9.427083333333204],"properties":{"id":"riveratlas-41393966","order":3,"discharge":7.4730000495910645},"geometry":{"type":"MultiLineString","coordinates":[[[98.802083,9.427083],[98.797917,9.427083],[98.79375,9.422917],[98.79375,9.410417]]]}},{"type":"Feature","id":"riveratlas-41393970","bbox":[98.98541666666605,9.410416666666528,99.01458333333275,9.422916666666504],"properties":{"id":"riveratlas-41393970","order":3,"discharge":5.730000019073486},"geometry":{"type":"MultiLineString","coordinates":[[[98.985417,9.414583],[98.99375,9.414583],[98.997917,9.410417],[99.002083,9.410417],[99.00625,9.414583],[99.010417,9.414583],[99.014583,9.41875],[99.014583,9.422917]]]}},{"type":"Feature","id":"riveratlas-41393994","bbox":[98.79374999999933,9.406249999999865,98.797916666666,9.410416666666524],"properties":{"id":"riveratlas-41393994","order":4,"discharge":28.589000701904297},"geometry":{"type":"MultiLineString","coordinates":[[[98.79375,9.410417],[98.797917,9.40625]]]}},{"type":"Feature","id":"riveratlas-41394000","bbox":[99.08124999999936,9.406249999999865,99.09791666666608,9.418749999999841],"properties":{"id":"riveratlas-41394000","order":4,"discharge":15.973999977111816},"geometry":{"type":"MultiLineString","coordinates":[[[99.08125,9.40625],[99.09375,9.41875],[99.097917,9.41875]]]}},{"type":"Feature","id":"riveratlas-41394029","bbox":[98.45208333333275,9.402083333333174,98.45624999999929,9.410416666666533],"properties":{"id":"riveratlas-41394029","order":3,"discharge":5.936999797821045},"geometry":{"type":"MultiLineString","coordinates":[[[98.45625,9.402083],[98.45625,9.40625],[98.452083,9.410417]]]}},{"type":"Feature","id":"riveratlas-41394035","bbox":[99.03958333333267,9.402083333333174,99.08124999999934,9.427083333333208],"properties":{"id":"riveratlas-41394035","order":4,"discharge":15.369000434875488},"geometry":{"type":"MultiLineString","coordinates":[[[99.039583,9.427083],[99.047917,9.41875],[99.052083,9.41875],[99.06875,9.402083],[99.072917,9.402083],[99.077083,9.40625],[99.08125,9.40625]]]}},{"type":"Feature","id":"riveratlas-41394070","bbox":[98.62708333333265,9.39791666666651,98.64374999999929,9.410416666666528],"properties":{"id":"riveratlas-41394070","order":3,"discharge":4.177999973297119},"geometry":{"type":"MultiLineString","coordinates":[[[98.627083,9.397917],[98.63125,9.397917],[98.64375,9.410417]]]}},{"type":"Feature","id":"riveratlas-41394071","bbox":[98.66458333333267,9.39791666666651,98.6812499999994,9.414583333333187],"properties":{"id":"riveratlas-41394071","order":3,"discharge":7.331999778747559},"geometry":{"type":"MultiLineString","coordinates":[[[98.664583,9.414583],[98.672917,9.414583],[98.68125,9.40625],[98.677083,9.402083],[98.68125,9.397917]]]}},{"type":"Feature","id":"riveratlas-41394073","bbox":[98.797916666666,9.39791666666651,98.80208333333266,9.40624999999987],"properties":{"id":"riveratlas-41394073","order":4,"discharge":29.19499969482422},"geometry":{"type":"MultiLineString","coordinates":[[[98.797917,9.40625],[98.802083,9.402083],[98.802083,9.397917]]]}},{"type":"Feature","id":"riveratlas-41394077","bbox":[99.13958333333275,9.39791666666651,99.21458333333268,9.439583333333221],"properties":{"id":"riveratlas-41394077","order":5,"discharge":27.216999053955078},"geometry":{"type":"MultiLineString","coordinates":[[[99.139583,9.439583],[99.147917,9.43125],[99.152083,9.43125],[99.15625,9.427083],[99.160417,9.427083],[99.164583,9.422917],[99.172917,9.422917],[99.177083,9.41875],[99.185417,9.41875],[99.189583,9.414583],[99.19375,9.414583],[99.20625,9.402083],[99.210417,9.402083],[99.214583,9.397917]]]}},{"type":"Feature","id":"riveratlas-41394104","bbox":[98.68124999999938,9.393749999999848,98.68958333333269,9.397916666666507],"properties":{"id":"riveratlas-41394104","order":3,"discharge":8.883999824523926},"geometry":{"type":"MultiLineString","coordinates":[[[98.68125,9.397917],[98.685417,9.39375],[98.689583,9.39375]]]}},{"type":"Feature","id":"riveratlas-41394105","bbox":[98.6895833333327,9.393749999999848,98.70208333333268,9.397916666666507],"properties":{"id":"riveratlas-41394105","order":3,"discharge":10.29800033569336},"geometry":{"type":"MultiLineString","coordinates":[[[98.689583,9.39375],[98.69375,9.39375],[98.697917,9.397917],[98.702083,9.397917]]]}},{"type":"Feature","id":"riveratlas-41394106","bbox":[98.7020833333327,9.393749999999848,98.71458333333263,9.397916666666507],"properties":{"id":"riveratlas-41394106","order":3,"discharge":12.6899995803833},"geometry":{"type":"MultiLineString","coordinates":[[[98.702083,9.397917],[98.70625,9.39375],[98.714583,9.39375]]]}},{"type":"Feature","id":"riveratlas-41394107","bbox":[98.77708333333263,9.393749999999848,98.78958333333269,9.410416666666524],"properties":{"id":"riveratlas-41394107","order":4,"discharge":20.14699935913086},"geometry":{"type":"MultiLineString","coordinates":[[[98.777083,9.39375],[98.78125,9.397917],[98.78125,9.402083],[98.789583,9.410417]]]}},{"type":"Feature","id":"riveratlas-41394131","bbox":[98.4562499999993,9.3895833333332,98.46458333333274,9.402083333333175],"properties":{"id":"riveratlas-41394131","order":3,"discharge":5.686999797821045},"geometry":{"type":"MultiLineString","coordinates":[[[98.464583,9.389583],[98.460417,9.39375],[98.460417,9.397917],[98.45625,9.402083]]]}},{"type":"Feature","id":"riveratlas-41394132","bbox":[98.46458333333274,9.3895833333332,98.50208333333266,9.393749999999859],"properties":{"id":"riveratlas-41394132","order":3,"discharge":4.406000137329102},"geometry":{"type":"MultiLineString","coordinates":[[[98.502083,9.39375],[98.49375,9.39375],[98.489583,9.389583],[98.464583,9.389583]]]}},{"type":"Feature","id":"riveratlas-41394134","bbox":[98.71458333333263,9.3895833333332,98.71874999999942,9.393749999999859],"properties":{"id":"riveratlas-41394134","order":3,"discharge":12.982999801635742},"geometry":{"type":"MultiLineString","coordinates":[[[98.714583,9.39375],[98.71875,9.389583]]]}},{"type":"Feature","id":"riveratlas-41394135","bbox":[98.7187499999994,9.3895833333332,98.73541666666613,9.402083333333175],"properties":{"id":"riveratlas-41394135","order":3,"discharge":14.083999633789062},"geometry":{"type":"MultiLineString","coordinates":[[[98.71875,9.389583],[98.727083,9.397917],[98.73125,9.397917],[98.735417,9.402083]]]}},{"type":"Feature","id":"riveratlas-41394136","bbox":[98.73541666666611,9.3895833333332,98.77708333333261,9.402083333333175],"properties":{"id":"riveratlas-41394136","order":3,"discharge":17.312000274658203},"geometry":{"type":"MultiLineString","coordinates":[[[98.735417,9.402083],[98.747917,9.389583],[98.752083,9.39375],[98.752083,9.397917],[98.75625,9.397917],[98.760417,9.402083],[98.76875,9.402083],[98.777083,9.39375]]]}},{"type":"Feature","id":"riveratlas-41394137","bbox":[98.77291666666602,9.3895833333332,98.77708333333264,9.393749999999859],"properties":{"id":"riveratlas-41394137","order":3,"discharge":2.4700000286102295},"geometry":{"type":"MultiLineString","coordinates":[[[98.772917,9.389583],[98.777083,9.39375]]]}},{"type":"Feature","id":"riveratlas-41394159","bbox":[98.50208333333265,9.385416666666536,98.51041666666596,9.393749999999853],"properties":{"id":"riveratlas-41394159","order":3,"discharge":3.375},"geometry":{"type":"MultiLineString","coordinates":[[[98.510417,9.385417],[98.502083,9.39375]]]}},{"type":"Feature","id":"riveratlas-41394160","bbox":[98.51041666666598,9.385416666666536,98.51458333333268,9.385416666666536],"properties":{"id":"riveratlas-41394160","order":3,"discharge":2.8350000381469727},"geometry":{"type":"MultiLineString","coordinates":[[[98.514583,9.385417],[98.510417,9.385417]]]}},{"type":"Feature","id":"riveratlas-41394165","bbox":[98.7687499999993,9.385416666666536,98.772916666666,9.389583333333196],"properties":{"id":"riveratlas-41394165","order":3,"discharge":2.322000026702881},"geometry":{"type":"MultiLineString","coordinates":[[[98.76875,9.385417],[98.772917,9.389583]]]}},{"type":"Feature","id":"riveratlas-41394167","bbox":[98.80208333333266,9.385416666666536,98.80624999999932,9.397916666666513],"properties":{"id":"riveratlas-41394167","order":4,"discharge":29.572999954223633},"geometry":{"type":"MultiLineString","coordinates":[[[98.802083,9.397917],[98.80625,9.39375],[98.80625,9.385417]]]}},{"type":"Feature","id":"riveratlas-41394181","bbox":[98.39791666666602,9.381249999999831,98.40208333333268,9.385416666666531],"properties":{"id":"riveratlas-41394181","order":3,"discharge":3.9509999752044678},"geometry":{"type":"MultiLineString","coordinates":[[[98.402083,9.38125],[98.397917,9.385417]]]}},{"type":"Feature","id":"riveratlas-41394187","bbox":[98.80624999999932,9.381249999999831,98.81041666666599,9.385416666666531],"properties":{"id":"riveratlas-41394187","order":4,"discharge":29.75200080871582},"geometry":{"type":"MultiLineString","coordinates":[[[98.80625,9.385417],[98.810417,9.38125]]]}},{"type":"Feature","id":"riveratlas-41394211","bbox":[98.81041666666599,9.377083333333182,98.81458333333269,9.381249999999842],"properties":{"id":"riveratlas-41394211","order":4,"discharge":29.944000244140625},"geometry":{"type":"MultiLineString","coordinates":[[[98.810417,9.38125],[98.814583,9.377083]]]}},{"type":"Feature","id":"riveratlas-41394325","bbox":[98.8145833333327,9.360416666666545,98.82708333333268,9.377083333333179],"properties":{"id":"riveratlas-41394325","order":4,"discharge":30.621999740600586},"geometry":{"type":"MultiLineString","coordinates":[[[98.814583,9.377083],[98.827083,9.364583],[98.827083,9.360417]]]}},{"type":"Feature","id":"riveratlas-41394359","bbox":[99.21458333333268,9.35624999999984,99.24374999999938,9.397916666666507],"properties":{"id":"riveratlas-41394359","order":5,"discharge":27.878000259399414},"geometry":{"type":"MultiLineString","coordinates":[[[99.214583,9.397917],[99.21875,9.39375],[99.222917,9.39375],[99.222917,9.389583],[99.239583,9.372917],[99.235417,9.36875],[99.239583,9.364583],[99.239583,9.360417],[99.24375,9.35625]]]}},{"type":"Feature","id":"riveratlas-41394401","bbox":[99.22708333333267,9.347916666666528,99.23541666666607,9.352083333333187],"properties":{"id":"riveratlas-41394401","order":3,"discharge":3.7230000495910645},"geometry":{"type":"MultiLineString","coordinates":[[[99.227083,9.352083],[99.23125,9.352083],[99.235417,9.347917]]]}},{"type":"Feature","id":"riveratlas-41394427","bbox":[98.82291666666603,9.343749999999865,98.8270833333327,9.360416666666541],"properties":{"id":"riveratlas-41394427","order":4,"discharge":31.312999725341797},"geometry":{"type":"MultiLineString","coordinates":[[[98.827083,9.360417],[98.827083,9.347917],[98.822917,9.34375]]]}},{"type":"Feature","id":"riveratlas-41394468","bbox":[98.94374999999937,9.339583333333202,98.97708333333271,9.360416666666536],"properties":{"id":"riveratlas-41394468","order":3,"discharge":1.8380000591278076},"geometry":{"type":"MultiLineString","coordinates":[[[98.94375,9.360417],[98.947917,9.360417],[98.95625,9.352083],[98.960417,9.352083],[98.964583,9.347917],[98.96875,9.347917],[98.977083,9.339583]]]}},{"type":"Feature","id":"riveratlas-41394569","bbox":[98.56041666666604,9.327083333333185,98.5645833333327,9.331249999999844],"properties":{"id":"riveratlas-41394569","order":3,"discharge":1.378999948501587},"geometry":{"type":"MultiLineString","coordinates":[[[98.560417,9.33125],[98.564583,9.327083]]]}},{"type":"Feature","id":"riveratlas-41394591","bbox":[98.5645833333327,9.322916666666536,98.5645833333327,9.327083333333196],"properties":{"id":"riveratlas-41394591","order":3,"discharge":2.118000030517578},"geometry":{"type":"MultiLineString","coordinates":[[[98.564583,9.327083],[98.564583,9.322917]]]}},{"type":"Feature","id":"riveratlas-41394593","bbox":[98.82291666666603,9.322916666666536,98.8270833333327,9.34374999999987],"properties":{"id":"riveratlas-41394593","order":4,"discharge":32.095001220703125},"geometry":{"type":"MultiLineString","coordinates":[[[98.822917,9.34375],[98.827083,9.339583],[98.827083,9.322917]]]}},{"type":"Feature","id":"riveratlas-41394625","bbox":[98.8270833333327,9.318749999999831,98.83124999999936,9.322916666666531],"properties":{"id":"riveratlas-41394625","order":4,"discharge":32.518001556396484},"geometry":{"type":"MultiLineString","coordinates":[[[98.827083,9.322917],[98.83125,9.31875]]]}},{"type":"Feature","id":"riveratlas-41394626","bbox":[98.83124999999936,9.318749999999831,98.83541666666602,9.322916666666531],"properties":{"id":"riveratlas-41394626","order":4,"discharge":40.79800033569336},"geometry":{"type":"MultiLineString","coordinates":[[[98.83125,9.31875],[98.835417,9.322917]]]}},{"type":"Feature","id":"riveratlas-41394630","bbox":[98.97708333333273,9.318749999999831,98.9979166666661,9.339583333333207],"properties":{"id":"riveratlas-41394630","order":3,"discharge":2.6679999828338623},"geometry":{"type":"MultiLineString","coordinates":[[[98.977083,9.339583],[98.98125,9.335417],[98.989583,9.335417],[98.99375,9.33125],[98.989583,9.327083],[98.997917,9.31875]]]}},{"type":"Feature","id":"riveratlas-41394632","bbox":[99.11458333333272,9.318749999999831,99.12291666666603,9.343749999999865],"properties":{"id":"riveratlas-41394632","order":3,"discharge":6.61899995803833},"geometry":{"type":"MultiLineString","coordinates":[[[99.114583,9.34375],[99.11875,9.339583],[99.11875,9.322917],[99.122917,9.31875]]]}},{"type":"Feature","id":"riveratlas-41394633","bbox":[99.12291666666604,9.318749999999831,99.12708333333275,9.318749999999831],"properties":{"id":"riveratlas-41394633","order":3,"discharge":8.532999992370605},"geometry":{"type":"MultiLineString","coordinates":[[[99.122917,9.31875],[99.127083,9.31875]]]}},{"type":"Feature","id":"riveratlas-41394657","bbox":[98.9979166666661,9.314583333333168,99.00208333333264,9.318749999999827],"properties":{"id":"riveratlas-41394657","order":3,"discharge":2.8450000286102295},"geometry":{"type":"MultiLineString","coordinates":[[[98.997917,9.31875],[99.002083,9.314583]]]}},{"type":"Feature","id":"riveratlas-41394681","bbox":[98.83541666666602,9.31041666666652,98.86041666666605,9.322916666666536],"properties":{"id":"riveratlas-41394681","order":4,"discharge":41.63100051879883},"geometry":{"type":"MultiLineString","coordinates":[[[98.835417,9.322917],[98.839583,9.322917],[98.847917,9.314583],[98.85625,9.314583],[98.860417,9.310417]]]}},{"type":"Feature","id":"riveratlas-41394686","bbox":[99.12708333333276,9.31041666666652,99.13958333333274,9.318749999999836],"properties":{"id":"riveratlas-41394686","order":3,"discharge":8.857000350952148},"geometry":{"type":"MultiLineString","coordinates":[[[99.127083,9.31875],[99.135417,9.310417],[99.139583,9.310417]]]}},{"type":"Feature","id":"riveratlas-41394747","bbox":[98.5645833333327,9.302083333333194,98.57291666666602,9.322916666666528],"properties":{"id":"riveratlas-41394747","order":3,"discharge":2.802999973297119},"geometry":{"type":"MultiLineString","coordinates":[[[98.564583,9.322917],[98.56875,9.31875],[98.56875,9.314583],[98.572917,9.310417],[98.56875,9.30625],[98.56875,9.302083]]]}},{"type":"Feature","id":"riveratlas-41394752","bbox":[99.00208333333265,9.302083333333194,99.01874999999929,9.31458333333317],"properties":{"id":"riveratlas-41394752","order":3,"discharge":4.263000011444092},"geometry":{"type":"MultiLineString","coordinates":[[[99.002083,9.314583],[99.010417,9.30625],[99.014583,9.30625],[99.01875,9.302083]]]}},{"type":"Feature","id":"riveratlas-41394778","bbox":[98.56874999999937,9.297916666666545,98.56874999999937,9.302083333333204],"properties":{"id":"riveratlas-41394778","order":3,"discharge":3.9639999866485596},"geometry":{"type":"MultiLineString","coordinates":[[[98.56875,9.302083],[98.56875,9.297917]]]}},{"type":"Feature","id":"riveratlas-41394779","bbox":[98.86041666666605,9.297916666666545,98.86874999999945,9.310416666666521],"properties":{"id":"riveratlas-41394779","order":4,"discharge":44.00299835205078},"geometry":{"type":"MultiLineString","coordinates":[[[98.860417,9.310417],[98.86875,9.302083],[98.86875,9.297917]]]}},{"type":"Feature","id":"riveratlas-41394809","bbox":[98.86874999999944,9.29374999999984,98.86874999999944,9.29791666666654],"properties":{"id":"riveratlas-41394809","order":4,"discharge":44.827999114990234},"geometry":{"type":"MultiLineString","coordinates":[[[98.86875,9.297917],[98.86875,9.29375]]]}},{"type":"Feature","id":"riveratlas-41394810","bbox":[99.13958333333275,9.29374999999984,99.15624999999935,9.310416666666516],"properties":{"id":"riveratlas-41394810","order":3,"discharge":9.168999671936035},"geometry":{"type":"MultiLineString","coordinates":[[[99.139583,9.310417],[99.14375,9.30625],[99.147917,9.30625],[99.152083,9.302083],[99.152083,9.297917],[99.15625,9.29375]]]}},{"type":"Feature","id":"riveratlas-41394835","bbox":[98.81874999999937,9.289583333333177,98.83124999999934,9.318749999999827],"properties":{"id":"riveratlas-41394835","order":3,"discharge":8.20199966430664},"geometry":{"type":"MultiLineString","coordinates":[[[98.81875,9.289583],[98.822917,9.29375],[98.822917,9.302083],[98.827083,9.30625],[98.827083,9.310417],[98.83125,9.314583],[98.83125,9.31875]]]}},{"type":"Feature","id":"riveratlas-41394862","bbox":[99.15624999999935,9.285416666666528,99.15624999999935,9.293749999999845],"properties":{"id":"riveratlas-41394862","order":3,"discharge":9.668000221252441},"geometry":{"type":"MultiLineString","coordinates":[[[99.15625,9.29375],[99.15625,9.285417]]]}},{"type":"Feature","id":"riveratlas-41394879","bbox":[98.8145833333327,9.281249999999865,98.81874999999937,9.289583333333182],"properties":{"id":"riveratlas-41394879","order":3,"discharge":5.165999889373779},"geometry":{"type":"MultiLineString","coordinates":[[[98.814583,9.28125],[98.814583,9.285417],[98.81875,9.289583]]]}},{"type":"Feature","id":"riveratlas-41394881","bbox":[99.00624999999931,9.281249999999865,99.02291666666612,9.285416666666524],"properties":{"id":"riveratlas-41394881","order":3,"discharge":3.3929998874664307},"geometry":{"type":"MultiLineString","coordinates":[[[99.00625,9.285417],[99.010417,9.28125],[99.022917,9.28125]]]}},{"type":"Feature","id":"riveratlas-41394882","bbox":[99.0187499999993,9.281249999999865,99.02291666666613,9.302083333333199],"properties":{"id":"riveratlas-41394882","order":3,"discharge":4.551000118255615},"geometry":{"type":"MultiLineString","coordinates":[[[99.01875,9.302083],[99.022917,9.297917],[99.022917,9.28125]]]}},{"type":"Feature","id":"riveratlas-41394883","bbox":[99.047916666666,9.281249999999865,99.06041666666597,9.285416666666524],"properties":{"id":"riveratlas-41394883","order":4,"discharge":9.185999870300293},"geometry":{"type":"MultiLineString","coordinates":[[[99.047917,9.28125],[99.05625,9.28125],[99.060417,9.285417]]]}},{"type":"Feature","id":"riveratlas-41394884","bbox":[99.06041666666599,9.281249999999865,99.07708333333271,9.285416666666524],"properties":{"id":"riveratlas-41394884","order":4,"discharge":9.548999786376953},"geometry":{"type":"MultiLineString","coordinates":[[[99.060417,9.285417],[99.064583,9.285417],[99.06875,9.28125],[99.077083,9.28125]]]}},{"type":"Feature","id":"riveratlas-41394886","bbox":[99.0770833333327,9.281249999999865,99.085416666666,9.281249999999865],"properties":{"id":"riveratlas-41394886","order":4,"discharge":9.696999549865723},"geometry":{"type":"MultiLineString","coordinates":[[[99.077083,9.28125],[99.085417,9.28125]]]}},{"type":"Feature","id":"riveratlas-41394887","bbox":[99.15624999999935,9.281249999999865,99.15624999999935,9.285416666666524],"properties":{"id":"riveratlas-41394887","order":3,"discharge":10.456999778747559},"geometry":{"type":"MultiLineString","coordinates":[[[99.15625,9.285417],[99.15625,9.28125]]]}},{"type":"Feature","id":"riveratlas-41394917","bbox":[98.36874999999932,9.272916666666553,98.37291666666599,9.272916666666553],"properties":{"id":"riveratlas-41394917","order":3,"discharge":4.675000190734863},"geometry":{"type":"MultiLineString","coordinates":[[[98.372917,9.272917],[98.36875,9.272917]]]}},{"type":"Feature","id":"riveratlas-41394921","bbox":[98.68541666666604,9.272916666666553,98.6895833333327,9.28541666666653],"properties":{"id":"riveratlas-41394921","order":3,"discharge":3.125},"geometry":{"type":"MultiLineString","coordinates":[[[98.689583,9.285417],[98.689583,9.28125],[98.685417,9.277083],[98.685417,9.272917]]]}},{"type":"Feature","id":"riveratlas-41394923","bbox":[98.86874999999944,9.272916666666553,98.87708333333266,9.293749999999847],"properties":{"id":"riveratlas-41394923","order":4,"discharge":45.22200012207031},"geometry":{"type":"MultiLineString","coordinates":[[[98.86875,9.29375],[98.872917,9.289583],[98.872917,9.285417],[98.877083,9.28125],[98.877083,9.272917]]]}},{"type":"Feature","id":"riveratlas-41394924","bbox":[99.02291666666613,9.272916666666553,99.02708333333263,9.28124999999987],"properties":{"id":"riveratlas-41394924","order":4,"discharge":7.9770002365112305},"geometry":{"type":"MultiLineString","coordinates":[[[99.022917,9.28125],[99.022917,9.277083],[99.027083,9.272917]]]}},{"type":"Feature","id":"riveratlas-41394925","bbox":[99.02708333333263,9.272916666666553,99.047916666666,9.28124999999987],"properties":{"id":"riveratlas-41394925","order":4,"discharge":8.805000305175781},"geometry":{"type":"MultiLineString","coordinates":[[[99.027083,9.272917],[99.03125,9.272917],[99.035417,9.277083],[99.039583,9.277083],[99.04375,9.28125],[99.047917,9.28125]]]}},{"type":"Feature","id":"riveratlas-41394927","bbox":[99.21458333333268,9.272916666666553,99.22708333333266,9.272916666666553],"properties":{"id":"riveratlas-41394927","order":4,"discharge":23.29199981689453},"geometry":{"type":"MultiLineString","coordinates":[[[99.214583,9.272917],[99.227083,9.272917]]]}},{"type":"Feature","id":"riveratlas-41394950","bbox":[98.56874999999937,9.268749999999848,98.58124999999943,9.297916666666541],"properties":{"id":"riveratlas-41394950","order":3,"discharge":4.617000102996826},"geometry":{"type":"MultiLineString","coordinates":[[[98.56875,9.297917],[98.58125,9.285417],[98.577083,9.28125],[98.577083,9.277083],[98.58125,9.272917],[98.577083,9.26875]]]}},{"type":"Feature","id":"riveratlas-41394956","bbox":[99.08541666666602,9.268749999999848,99.09791666666608,9.281249999999865],"properties":{"id":"riveratlas-41394956","order":4,"discharge":10.005000114440918},"geometry":{"type":"MultiLineString","coordinates":[[[99.085417,9.28125],[99.097917,9.26875]]]}},{"type":"Feature","id":"riveratlas-41394957","bbox":[99.15624999999935,9.268749999999848,99.2145833333327,9.281249999999865],"properties":{"id":"riveratlas-41394957","order":4,"discharge":23.03700065612793},"geometry":{"type":"MultiLineString","coordinates":[[[99.15625,9.28125],[99.160417,9.28125],[99.164583,9.277083],[99.177083,9.277083],[99.18125,9.272917],[99.185417,9.272917],[99.189583,9.26875],[99.197917,9.26875],[99.202083,9.272917],[99.214583,9.272917]]]}},{"type":"Feature","id":"riveratlas-41394979","bbox":[98.57708333333275,9.264583333333185,98.58124999999941,9.268749999999844],"properties":{"id":"riveratlas-41394979","order":3,"discharge":5.13700008392334},"geometry":{"type":"MultiLineString","coordinates":[[[98.577083,9.26875],[98.58125,9.264583]]]}},{"type":"Feature","id":"riveratlas-41394980","bbox":[98.58124999999941,9.264583333333185,98.58541666666608,9.264583333333185],"properties":{"id":"riveratlas-41394980","order":3,"discharge":5.675000190734863},"geometry":{"type":"MultiLineString","coordinates":[[[98.58125,9.264583],[98.585417,9.264583]]]}},{"type":"Feature","id":"riveratlas-41394984","bbox":[98.8145833333327,9.264583333333185,98.8145833333327,9.281249999999861],"properties":{"id":"riveratlas-41394984","order":3,"discharge":4.798999786376953},"geometry":{"type":"MultiLineString","coordinates":[[[98.814583,9.264583],[98.814583,9.28125]]]}},{"type":"Feature","id":"riveratlas-41394985","bbox":[98.87708333333265,9.264583333333185,98.89791666666602,9.272916666666545],"properties":{"id":"riveratlas-41394985","order":4,"discharge":48.152000427246094},"geometry":{"type":"MultiLineString","coordinates":[[[98.877083,9.272917],[98.88125,9.26875],[98.89375,9.26875],[98.897917,9.264583]]]}},{"type":"Feature","id":"riveratlas-41394986","bbox":[98.89791666666602,9.264583333333185,98.90208333333264,9.264583333333185],"properties":{"id":"riveratlas-41394986","order":4,"discharge":48.53099822998047},"geometry":{"type":"MultiLineString","coordinates":[[[98.897917,9.264583],[98.902083,9.264583]]]}},{"type":"Feature","id":"riveratlas-41394989","bbox":[99.09791666666607,9.264583333333185,99.15624999999933,9.281249999999861],"properties":{"id":"riveratlas-41394989","order":4,"discharge":12.11299991607666},"geometry":{"type":"MultiLineString","coordinates":[[[99.097917,9.26875],[99.102083,9.264583],[99.10625,9.264583],[99.110417,9.26875],[99.13125,9.26875],[99.135417,9.272917],[99.14375,9.272917],[99.147917,9.277083],[99.152083,9.277083],[99.15625,9.28125]]]}},{"type":"Feature","id":"riveratlas-41395018","bbox":[98.67708333333266,9.260416666666536,98.68541666666606,9.272916666666553],"properties":{"id":"riveratlas-41395018","order":3,"discharge":3.572000026702881},"geometry":{"type":"MultiLineString","coordinates":[[[98.685417,9.272917],[98.68125,9.26875],[98.68125,9.264583],[98.677083,9.260417]]]}},{"type":"Feature","id":"riveratlas-41395024","bbox":[98.98958333333272,9.260416666666536,99.00624999999931,9.28541666666653],"properties":{"id":"riveratlas-41395024","order":3,"discharge":1.7070000171661377},"geometry":{"type":"MultiLineString","coordinates":[[[98.989583,9.260417],[98.989583,9.264583],[98.99375,9.26875],[98.997917,9.26875],[99.002083,9.272917],[99.002083,9.28125],[99.00625,9.285417]]]}},{"type":"Feature","id":"riveratlas-41395046","bbox":[98.58541666666608,9.256249999999874,98.58958333333274,9.26458333333319],"properties":{"id":"riveratlas-41395046","order":3,"discharge":7.419000148773193},"geometry":{"type":"MultiLineString","coordinates":[[[98.585417,9.264583],[98.585417,9.260417],[98.589583,9.25625]]]}},{"type":"Feature","id":"riveratlas-41395050","bbox":[98.78541666666601,9.256249999999874,98.810416666666,9.260416666666533],"properties":{"id":"riveratlas-41395050","order":3,"discharge":2.3350000381469727},"geometry":{"type":"MultiLineString","coordinates":[[[98.785417,9.25625],[98.789583,9.25625],[98.79375,9.260417],[98.797917,9.260417],[98.802083,9.25625],[98.810417,9.25625]]]}},{"type":"Feature","id":"riveratlas-41395051","bbox":[98.81041666666599,9.256249999999874,98.81458333333269,9.26458333333319],"properties":{"id":"riveratlas-41395051","order":3,"discharge":4.416999816894531},"geometry":{"type":"MultiLineString","coordinates":[[[98.810417,9.25625],[98.810417,9.260417],[98.814583,9.264583]]]}},{"type":"Feature","id":"riveratlas-41395054","bbox":[99.62291666666604,9.256249999999874,99.6270833333327,9.281249999999867],"properties":{"id":"riveratlas-41395054","order":3,"discharge":9.536999702453613},"geometry":{"type":"MultiLineString","coordinates":[[[99.622917,9.25625],[99.622917,9.264583],[99.627083,9.26875],[99.627083,9.277083],[99.622917,9.28125]]]}},{"type":"Feature","id":"riveratlas-41395072","bbox":[98.46041666666608,9.252083333333168,98.46458333333274,9.264583333333185],"properties":{"id":"riveratlas-41395072","order":3,"discharge":2.4809999465942383},"geometry":{"type":"MultiLineString","coordinates":[[[98.460417,9.264583],[98.460417,9.25625],[98.464583,9.252083]]]}},{"type":"Feature","id":"riveratlas-41395078","bbox":[98.66874999999933,9.252083333333168,98.67708333333265,9.260416666666528],"properties":{"id":"riveratlas-41395078","order":3,"discharge":4.341000080108643},"geometry":{"type":"MultiLineString","coordinates":[[[98.677083,9.260417],[98.66875,9.252083]]]}},{"type":"Feature","id":"riveratlas-41395080","bbox":[98.78124999999935,9.252083333333168,98.78541666666601,9.256249999999868],"properties":{"id":"riveratlas-41395080","order":3,"discharge":1.75},"geometry":{"type":"MultiLineString","coordinates":[[[98.78125,9.252083],[98.785417,9.25625]]]}},{"type":"Feature","id":"riveratlas-41395098","bbox":[98.58958333333274,9.247916666666548,98.59791666666605,9.256249999999865],"properties":{"id":"riveratlas-41395098","order":3,"discharge":7.947999954223633},"geometry":{"type":"MultiLineString","coordinates":[[[98.589583,9.25625],[98.597917,9.247917]]]}},{"type":"Feature","id":"riveratlas-41395104","bbox":[98.90208333333263,9.247916666666548,98.91458333333269,9.264583333333182],"properties":{"id":"riveratlas-41395104","order":4,"discharge":49.20899963378906},"geometry":{"type":"MultiLineString","coordinates":[[[98.902083,9.264583],[98.914583,9.252083],[98.914583,9.247917]]]}},{"type":"Feature","id":"riveratlas-41395121","bbox":[98.66874999999933,9.243749999999856,98.66874999999933,9.252083333333173],"properties":{"id":"riveratlas-41395121","order":3,"discharge":4.875},"geometry":{"type":"MultiLineString","coordinates":[[[98.66875,9.252083],[98.66875,9.24375]]]}},{"type":"Feature","id":"riveratlas-41395125","bbox":[98.91458333333267,9.243749999999856,98.91874999999933,9.247916666666557],"properties":{"id":"riveratlas-41395125","order":4,"discharge":49.54800033569336},"geometry":{"type":"MultiLineString","coordinates":[[[98.914583,9.247917],[98.91875,9.24375]]]}},{"type":"Feature","id":"riveratlas-41395155","bbox":[98.46458333333274,9.239583333333194,98.4687499999994,9.25208333333317],"properties":{"id":"riveratlas-41395155","order":3,"discharge":3.127000093460083},"geometry":{"type":"MultiLineString","coordinates":[[[98.464583,9.252083],[98.464583,9.24375],[98.46875,9.239583]]]}},{"type":"Feature","id":"riveratlas-41395157","bbox":[98.91874999999933,9.239583333333194,98.922916666666,9.243749999999853],"properties":{"id":"riveratlas-41395157","order":4,"discharge":49.74300003051758},"geometry":{"type":"MultiLineString","coordinates":[[[98.91875,9.24375],[98.922917,9.239583]]]}},{"type":"Feature","id":"riveratlas-41395179","bbox":[98.59791666666607,9.23541666666653,98.60208333333277,9.247916666666548],"properties":{"id":"riveratlas-41395179","order":3,"discharge":11.461000442504883},"geometry":{"type":"MultiLineString","coordinates":[[[98.597917,9.247917],[98.602083,9.24375],[98.602083,9.235417]]]}},{"type":"Feature","id":"riveratlas-41395181","bbox":[98.66458333333267,9.23541666666653,98.66874999999933,9.243749999999848],"properties":{"id":"riveratlas-41395181","order":3,"discharge":5.224999904632568},"geometry":{"type":"MultiLineString","coordinates":[[[98.66875,9.24375],[98.66875,9.239583],[98.664583,9.235417]]]}},{"type":"Feature","id":"riveratlas-41395211","bbox":[98.46041666666608,9.231249999999882,98.46874999999939,9.239583333333199],"properties":{"id":"riveratlas-41395211","order":3,"discharge":4.473999977111816},"geometry":{"type":"MultiLineString","coordinates":[[[98.46875,9.239583],[98.460417,9.23125]]]}},{"type":"Feature","id":"riveratlas-41395237","bbox":[98.44791666666609,9.227083333333177,98.46041666666606,9.231249999999877],"properties":{"id":"riveratlas-41395237","order":3,"discharge":4.98799991607666},"geometry":{"type":"MultiLineString","coordinates":[[[98.460417,9.23125],[98.45625,9.23125],[98.452083,9.227083],[98.447917,9.227083]]]}},{"type":"Feature","id":"riveratlas-41395239","bbox":[98.60208333333279,9.227083333333177,98.60624999999945,9.235416666666536],"properties":{"id":"riveratlas-41395239","order":3,"discharge":11.677000045776367},"geometry":{"type":"MultiLineString","coordinates":[[[98.602083,9.235417],[98.60625,9.23125],[98.60625,9.227083]]]}},{"type":"Feature","id":"riveratlas-41395243","bbox":[98.922916666666,9.227083333333177,98.93124999999931,9.239583333333194],"properties":{"id":"riveratlas-41395243","order":4,"discharge":50.1349983215332},"geometry":{"type":"MultiLineString","coordinates":[[[98.922917,9.239583],[98.927083,9.235417],[98.927083,9.23125],[98.93125,9.227083]]]}},{"type":"Feature","id":"riveratlas-41395262","bbox":[98.44374999999937,9.222916666666514,98.44791666666607,9.227083333333173],"properties":{"id":"riveratlas-41395262","order":3,"discharge":5.181000232696533},"geometry":{"type":"MultiLineString","coordinates":[[[98.447917,9.227083],[98.44375,9.222917]]]}},{"type":"Feature","id":"riveratlas-41395263","bbox":[98.60624999999945,9.222916666666514,98.63541666666598,9.227083333333173],"properties":{"id":"riveratlas-41395263","order":3,"discharge":11.064000129699707},"geometry":{"type":"MultiLineString","coordinates":[[[98.635417,9.222917],[98.627083,9.222917],[98.622917,9.227083],[98.60625,9.227083]]]}},{"type":"Feature","id":"riveratlas-41395265","bbox":[98.63541666666598,9.222916666666514,98.63958333333268,9.227083333333173],"properties":{"id":"riveratlas-41395265","order":3,"discharge":10.314000129699707},"geometry":{"type":"MultiLineString","coordinates":[[[98.639583,9.227083],[98.635417,9.222917]]]}},{"type":"Feature","id":"riveratlas-41395267","bbox":[98.93124999999932,9.222916666666514,98.94374999999938,9.227083333333173],"properties":{"id":"riveratlas-41395267","order":4,"discharge":50.59600067138672},"geometry":{"type":"MultiLineString","coordinates":[[[98.93125,9.227083],[98.935417,9.222917],[98.94375,9.222917]]]}},{"type":"Feature","id":"riveratlas-41395291","bbox":[98.6395833333327,9.218749999999865,98.65624999999933,9.227083333333182],"properties":{"id":"riveratlas-41395291","order":3,"discharge":10.128000259399414},"geometry":{"type":"MultiLineString","coordinates":[[[98.65625,9.21875],[98.652083,9.222917],[98.647917,9.222917],[98.64375,9.227083],[98.639583,9.227083]]]}},{"type":"Feature","id":"riveratlas-41395292","bbox":[98.65624999999935,9.218749999999865,98.66458333333266,9.235416666666541],"properties":{"id":"riveratlas-41395292","order":3,"discharge":5.6020002365112305},"geometry":{"type":"MultiLineString","coordinates":[[[98.664583,9.235417],[98.664583,9.227083],[98.65625,9.21875]]]}},{"type":"Feature","id":"riveratlas-41395295","bbox":[99.49791666666604,9.218749999999865,99.52708333333261,9.235416666666541],"properties":{"id":"riveratlas-41395295","order":3,"discharge":4.696000099182129},"geometry":{"type":"MultiLineString","coordinates":[[[99.527083,9.21875],[99.522917,9.222917],[99.527083,9.227083],[99.527083,9.23125],[99.522917,9.235417],[99.50625,9.21875],[99.502083,9.222917],[99.497917,9.222917]]]}},{"type":"Feature","id":"riveratlas-41395300","bbox":[99.84374999999935,9.218749999999865,99.86458333333267,9.239583333333199],"properties":{"id":"riveratlas-41395300","order":3,"discharge":5.4120001792907715},"geometry":{"type":"MultiLineString","coordinates":[[[99.84375,9.21875],[99.85625,9.21875],[99.860417,9.222917],[99.860417,9.23125],[99.864583,9.235417],[99.864583,9.239583]]]}},{"type":"Feature","id":"riveratlas-41395327","bbox":[98.43124999999938,9.214583333333202,98.43541666666604,9.214583333333202],"properties":{"id":"riveratlas-41395327","order":3,"discharge":6.171999931335449},"geometry":{"type":"MultiLineString","coordinates":[[[98.435417,9.214583],[98.43125,9.214583]]]}},{"type":"Feature","id":"riveratlas-41395329","bbox":[98.43541666666604,9.214583333333202,98.44374999999935,9.222916666666519],"properties":{"id":"riveratlas-41395329","order":3,"discharge":5.616000175476074},"geometry":{"type":"MultiLineString","coordinates":[[[98.44375,9.222917],[98.435417,9.214583]]]}},{"type":"Feature","id":"riveratlas-41395369","bbox":[99.82708333333264,9.210416666666497,99.84374999999936,9.218749999999856],"properties":{"id":"riveratlas-41395369","order":3,"discharge":4.631999969482422},"geometry":{"type":"MultiLineString","coordinates":[[[99.827083,9.210417],[99.83125,9.214583],[99.839583,9.214583],[99.84375,9.21875]]]}},{"type":"Feature","id":"riveratlas-41395388","bbox":[98.41874999999933,9.20624999999989,98.4312499999994,9.214583333333207],"properties":{"id":"riveratlas-41395388","order":3,"discharge":6.61899995803833},"geometry":{"type":"MultiLineString","coordinates":[[[98.43125,9.214583],[98.422917,9.20625],[98.41875,9.20625]]]}},{"type":"Feature","id":"riveratlas-41395391","bbox":[98.60624999999945,9.20624999999989,98.60624999999945,9.227083333333184],"properties":{"id":"riveratlas-41395391","order":4,"discharge":23.382999420166016},"geometry":{"type":"MultiLineString","coordinates":[[[98.60625,9.227083],[98.60625,9.20625]]]}},{"type":"Feature","id":"riveratlas-41395393","bbox":[99.18124999999932,9.20624999999989,99.19374999999938,9.214583333333207],"properties":{"id":"riveratlas-41395393","order":3,"discharge":5.468999862670898},"geometry":{"type":"MultiLineString","coordinates":[[[99.18125,9.214583],[99.185417,9.214583],[99.19375,9.20625]]]}},{"type":"Feature","id":"riveratlas-41395394","bbox":[99.19374999999937,9.20624999999989,99.19791666666599,9.20624999999989],"properties":{"id":"riveratlas-41395394","order":3,"discharge":6.275000095367432},"geometry":{"type":"MultiLineString","coordinates":[[[99.19375,9.20625],[99.197917,9.20625]]]}},{"type":"Feature","id":"riveratlas-41395413","bbox":[98.36458333333266,9.202083333333185,98.37291666666597,9.214583333333202],"properties":{"id":"riveratlas-41395413","order":4,"discharge":13.95199966430664},"geometry":{"type":"MultiLineString","coordinates":[[[98.372917,9.202083],[98.36875,9.20625],[98.36875,9.210417],[98.364583,9.214583]]]}},{"type":"Feature","id":"riveratlas-41395416","bbox":[98.94374999999937,9.202083333333185,98.95208333333268,9.222916666666519],"properties":{"id":"riveratlas-41395416","order":4,"discharge":50.9900016784668},"geometry":{"type":"MultiLineString","coordinates":[[[98.94375,9.222917],[98.94375,9.210417],[98.952083,9.202083]]]}},{"type":"Feature","id":"riveratlas-41395418","bbox":[99.19791666666598,9.202083333333185,99.20208333333268,9.206249999999885],"properties":{"id":"riveratlas-41395418","order":3,"discharge":6.445000171661377},"geometry":{"type":"MultiLineString","coordinates":[[[99.197917,9.20625],[99.202083,9.202083]]]}},{"type":"Feature","id":"riveratlas-41395419","bbox":[99.2020833333327,9.202083333333185,99.23124999999939,9.243749999999853],"properties":{"id":"riveratlas-41395419","order":3,"discharge":7.622000217437744},"geometry":{"type":"MultiLineString","coordinates":[[[99.202083,9.202083],[99.20625,9.202083],[99.222917,9.21875],[99.222917,9.222917],[99.227083,9.227083],[99.227083,9.239583],[99.23125,9.24375]]]}},{"type":"Feature","id":"riveratlas-41395422","bbox":[99.62291666666604,9.202083333333185,99.63124999999935,9.256249999999872],"properties":{"id":"riveratlas-41395422","order":3,"discharge":9.375},"geometry":{"type":"MultiLineString","coordinates":[[[99.622917,9.202083],[99.63125,9.210417],[99.63125,9.23125],[99.627083,9.235417],[99.627083,9.252083],[99.622917,9.25625]]]}},{"type":"Feature","id":"riveratlas-41395447","bbox":[98.9520833333327,9.197916666666522,98.95624999999936,9.202083333333182],"properties":{"id":"riveratlas-41395447","order":4,"discharge":51.65599822998047},"geometry":{"type":"MultiLineString","coordinates":[[[98.952083,9.202083],[98.95625,9.197917]]]}},{"type":"Feature","id":"riveratlas-41395464","bbox":[98.53958333333267,9.193749999999874,98.5562499999994,9.20624999999989],"properties":{"id":"riveratlas-41395464","order":3,"discharge":4.98799991607666},"geometry":{"type":"MultiLineString","coordinates":[[[98.539583,9.20625],[98.54375,9.20625],[98.55625,9.19375]]]}},{"type":"Feature","id":"riveratlas-41395473","bbox":[99.47291666666601,9.193749999999874,99.48124999999932,9.20624999999989],"properties":{"id":"riveratlas-41395473","order":3,"discharge":10.291000366210938},"geometry":{"type":"MultiLineString","coordinates":[[[99.48125,9.19375],[99.48125,9.197917],[99.472917,9.20625]]]}},{"type":"Feature","id":"riveratlas-41395476","bbox":[99.81874999999931,9.193749999999874,99.82708333333262,9.210416666666507],"properties":{"id":"riveratlas-41395476","order":3,"discharge":3.2179999351501465},"geometry":{"type":"MultiLineString","coordinates":[[[99.81875,9.19375],[99.822917,9.19375],[99.827083,9.197917],[99.822917,9.202083],[99.822917,9.20625],[99.827083,9.210417]]]}},{"type":"Feature","id":"riveratlas-41395524","bbox":[98.3937499999993,9.185416666666505,98.41874999999933,9.206249999999882],"properties":{"id":"riveratlas-41395524","order":3,"discharge":7.248000144958496},"geometry":{"type":"MultiLineString","coordinates":[[[98.41875,9.20625],[98.397917,9.185417],[98.39375,9.185417]]]}},{"type":"Feature","id":"riveratlas-41395525","bbox":[98.55624999999938,9.185416666666505,98.56458333333269,9.193749999999865],"properties":{"id":"riveratlas-41395525","order":3,"discharge":6.5279998779296875},"geometry":{"type":"MultiLineString","coordinates":[[[98.55625,9.19375],[98.564583,9.185417]]]}},{"type":"Feature","id":"riveratlas-41395526","bbox":[98.5645833333327,9.185416666666505,98.57291666666602,9.185416666666505],"properties":{"id":"riveratlas-41395526","order":3,"discharge":6.918000221252441},"geometry":{"type":"MultiLineString","coordinates":[[[98.564583,9.185417],[98.572917,9.185417]]]}},{"type":"Feature","id":"riveratlas-41395527","bbox":[98.57291666666603,9.185416666666505,98.58124999999943,9.185416666666505],"properties":{"id":"riveratlas-41395527","order":3,"discharge":7.172999858856201},"geometry":{"type":"MultiLineString","coordinates":[[[98.572917,9.185417],[98.58125,9.185417]]]}},{"type":"Feature","id":"riveratlas-41395529","bbox":[98.60624999999945,9.185416666666505,98.60624999999945,9.206249999999882],"properties":{"id":"riveratlas-41395529","order":4,"discharge":23.801000595092773},"geometry":{"type":"MultiLineString","coordinates":[[[98.60625,9.20625],[98.60625,9.185417]]]}},{"type":"Feature","id":"riveratlas-41395558","bbox":[98.37291666666599,9.181249999999856,98.39374999999932,9.20208333333319],"properties":{"id":"riveratlas-41395558","order":4,"discharge":13.166999816894531},"geometry":{"type":"MultiLineString","coordinates":[[[98.39375,9.185417],[98.389583,9.18125],[98.385417,9.185417],[98.385417,9.189583],[98.372917,9.202083]]]}},{"type":"Feature","id":"riveratlas-41395562","bbox":[98.58124999999941,9.181249999999856,98.60624999999945,9.185416666666516],"properties":{"id":"riveratlas-41395562","order":3,"discharge":7.810999870300293},"geometry":{"type":"MultiLineString","coordinates":[[[98.58125,9.185417],[98.585417,9.185417],[98.589583,9.18125],[98.59375,9.185417],[98.60625,9.185417]]]}},{"type":"Feature","id":"riveratlas-41395565","bbox":[98.95624999999936,9.181249999999856,98.96458333333267,9.197916666666533],"properties":{"id":"riveratlas-41395565","order":4,"discharge":52.810001373291016},"geometry":{"type":"MultiLineString","coordinates":[[[98.95625,9.197917],[98.960417,9.19375],[98.960417,9.189583],[98.964583,9.185417],[98.964583,9.18125]]]}},{"type":"Feature","id":"riveratlas-41395566","bbox":[99.62291666666604,9.181249999999856,99.63124999999935,9.20208333333319],"properties":{"id":"riveratlas-41395566","order":3,"discharge":9.175999641418457},"geometry":{"type":"MultiLineString","coordinates":[[[99.627083,9.18125],[99.63125,9.185417],[99.63125,9.189583],[99.627083,9.19375],[99.627083,9.197917],[99.622917,9.202083]]]}},{"type":"Feature","id":"riveratlas-41395590","bbox":[98.3937499999993,9.177083333333194,98.41041666666602,9.18541666666651],"properties":{"id":"riveratlas-41395590","order":3,"discharge":5.565000057220459},"geometry":{"type":"MultiLineString","coordinates":[[[98.410417,9.177083],[98.40625,9.177083],[98.402083,9.18125],[98.397917,9.18125],[98.39375,9.185417]]]}},{"type":"Feature","id":"riveratlas-41395596","bbox":[98.96041666666602,9.177083333333194,98.96458333333268,9.181249999999853],"properties":{"id":"riveratlas-41395596","order":4,"discharge":53.612998962402344},"geometry":{"type":"MultiLineString","coordinates":[[[98.964583,9.18125],[98.960417,9.177083]]]}},{"type":"Feature","id":"riveratlas-41395621","bbox":[98.41041666666601,9.17291666666653,98.44374999999935,9.181249999999848],"properties":{"id":"riveratlas-41395621","order":3,"discharge":2.4709999561309814},"geometry":{"type":"MultiLineString","coordinates":[[[98.44375,9.177083],[98.439583,9.172917],[98.435417,9.177083],[98.43125,9.177083],[98.427083,9.18125],[98.422917,9.177083],[98.410417,9.177083]]]}},{"type":"Feature","id":"riveratlas-41395647","bbox":[99.33958333333268,9.168749999999882,99.36874999999938,9.185416666666516],"properties":{"id":"riveratlas-41395647","order":6,"discharge":402.1969909667969},"geometry":{"type":"MultiLineString","coordinates":[[[99.339583,9.16875],[99.352083,9.16875],[99.36875,9.185417]]]}},{"type":"Feature","id":"riveratlas-41395648","bbox":[99.48124999999933,9.168749999999882,99.48958333333273,9.193749999999875],"properties":{"id":"riveratlas-41395648","order":3,"discharge":9.269000053405762},"geometry":{"type":"MultiLineString","coordinates":[[[99.489583,9.16875],[99.485417,9.172917],[99.485417,9.185417],[99.48125,9.189583],[99.48125,9.19375]]]}},{"type":"Feature","id":"riveratlas-41395665","bbox":[98.60624999999945,9.16458333333322,98.60624999999945,9.185416666666512],"properties":{"id":"riveratlas-41395665","order":4,"discharge":31.84000015258789},"geometry":{"type":"MultiLineString","coordinates":[[[98.60625,9.185417],[98.60625,9.164583]]]}},{"type":"Feature","id":"riveratlas-41395670","bbox":[98.96041666666602,9.16458333333322,98.96458333333268,9.177083333333195],"properties":{"id":"riveratlas-41395670","order":4,"discharge":53.82400131225586},"geometry":{"type":"MultiLineString","coordinates":[[[98.960417,9.177083],[98.964583,9.172917],[98.960417,9.16875],[98.960417,9.164583]]]}},{"type":"Feature","id":"riveratlas-41395671","bbox":[99.37291666666604,9.16458333333322,99.38958333333277,9.185416666666512],"properties":{"id":"riveratlas-41395671","order":3,"discharge":12.253999710083008},"geometry":{"type":"MultiLineString","coordinates":[[[99.389583,9.164583],[99.372917,9.18125],[99.372917,9.185417]]]}},{"type":"Feature","id":"riveratlas-41395676","bbox":[99.6270833333327,9.16458333333322,99.6270833333327,9.181249999999853],"properties":{"id":"riveratlas-41395676","order":3,"discharge":8.972000122070312},"geometry":{"type":"MultiLineString","coordinates":[[[99.627083,9.164583],[99.627083,9.18125]]]}},{"type":"Feature","id":"riveratlas-41395733","bbox":[98.95624999999936,9.152083333333202,98.96041666666602,9.16458333333322],"properties":{"id":"riveratlas-41395733","order":4,"discharge":55.41600036621094},"geometry":{"type":"MultiLineString","coordinates":[[[98.960417,9.164583],[98.960417,9.15625],[98.95625,9.152083]]]}},{"type":"Feature","id":"riveratlas-41395735","bbox":[99.32291666666598,9.152083333333202,99.3395833333327,9.168749999999878],"properties":{"id":"riveratlas-41395735","order":6,"discharge":404.9599914550781},"geometry":{"type":"MultiLineString","coordinates":[[[99.322917,9.152083],[99.339583,9.16875]]]}},{"type":"Feature","id":"riveratlas-41395784","bbox":[98.60624999999945,9.143749999999834,98.60624999999945,9.16458333333321],"properties":{"id":"riveratlas-41395784","order":4,"discharge":32.4739990234375},"geometry":{"type":"MultiLineString","coordinates":[[[98.60625,9.164583],[98.60625,9.14375]]]}},{"type":"Feature","id":"riveratlas-41395791","bbox":[99.6270833333327,9.143749999999834,99.63958333333268,9.16458333333321],"properties":{"id":"riveratlas-41395791","order":3,"discharge":5.308000087738037},"geometry":{"type":"MultiLineString","coordinates":[[[99.639583,9.14375],[99.635417,9.147917],[99.63125,9.147917],[99.627083,9.152083],[99.627083,9.164583]]]}},{"type":"Feature","id":"riveratlas-41395822","bbox":[99.31874999999931,9.139583333333185,99.32291666666598,9.152083333333202],"properties":{"id":"riveratlas-41395822","order":6,"discharge":406.40899658203125},"geometry":{"type":"MultiLineString","coordinates":[[[99.31875,9.139583],[99.322917,9.14375],[99.322917,9.152083]]]}},{"type":"Feature","id":"riveratlas-41395842","bbox":[98.95624999999936,9.135416666666522,98.96041666666602,9.152083333333199],"properties":{"id":"riveratlas-41395842","order":4,"discharge":58.349998474121094},"geometry":{"type":"MultiLineString","coordinates":[[[98.95625,9.152083],[98.95625,9.139583],[98.960417,9.135417]]]}},{"type":"Feature","id":"riveratlas-41395845","bbox":[99.31041666666599,9.135416666666522,99.3187499999993,9.139583333333182],"properties":{"id":"riveratlas-41395845","order":6,"discharge":402.156005859375},"geometry":{"type":"MultiLineString","coordinates":[[[99.310417,9.139583],[99.314583,9.135417],[99.31875,9.139583]]]}},{"type":"Feature","id":"riveratlas-41395872","bbox":[98.60624999999945,9.13124999999986,98.60624999999945,9.143749999999836],"properties":{"id":"riveratlas-41395872","order":4,"discharge":32.76300048828125},"geometry":{"type":"MultiLineString","coordinates":[[[98.60625,9.14375],[98.60625,9.13125]]]}},{"type":"Feature","id":"riveratlas-41395879","bbox":[99.63124999999937,9.13124999999986,99.63958333333268,9.143749999999836],"properties":{"id":"riveratlas-41395879","order":3,"discharge":5.041999816894531},"geometry":{"type":"MultiLineString","coordinates":[[[99.63125,9.13125],[99.63125,9.135417],[99.639583,9.14375]]]}},{"type":"Feature","id":"riveratlas-41395905","bbox":[98.96041666666602,9.12708333333321,98.97291666666608,9.135416666666528],"properties":{"id":"riveratlas-41395905","order":4,"discharge":59.18199920654297},"geometry":{"type":"MultiLineString","coordinates":[[[98.960417,9.135417],[98.96875,9.127083],[98.972917,9.127083]]]}},{"type":"Feature","id":"riveratlas-41395909","bbox":[99.25624999999943,9.12708333333321,99.26041666666609,9.135416666666528],"properties":{"id":"riveratlas-41395909","order":6,"discharge":407.8940124511719},"geometry":{"type":"MultiLineString","coordinates":[[[99.25625,9.127083],[99.25625,9.13125],[99.260417,9.135417]]]}},{"type":"Feature","id":"riveratlas-41395910","bbox":[99.26041666666609,9.12708333333321,99.31041666666599,9.139583333333187],"properties":{"id":"riveratlas-41395910","order":6,"discharge":402.81298828125},"geometry":{"type":"MultiLineString","coordinates":[[[99.260417,9.135417],[99.277083,9.135417],[99.285417,9.127083],[99.29375,9.135417],[99.297917,9.135417],[99.302083,9.139583],[99.310417,9.139583]]]}},{"type":"Feature","id":"riveratlas-41395911","bbox":[99.31874999999931,9.12708333333321,99.31874999999931,9.139583333333187],"properties":{"id":"riveratlas-41395911","order":3,"discharge":5.692999839782715},"geometry":{"type":"MultiLineString","coordinates":[[[99.31875,9.127083],[99.31875,9.139583]]]}},{"type":"Feature","id":"riveratlas-41395950","bbox":[99.37291666666604,9.118749999999842,99.38958333333277,9.164583333333212],"properties":{"id":"riveratlas-41395950","order":3,"discharge":11.062999725341797},"geometry":{"type":"MultiLineString","coordinates":[[[99.38125,9.11875],[99.38125,9.122917],[99.372917,9.13125],[99.372917,9.135417],[99.38125,9.14375],[99.385417,9.14375],[99.389583,9.147917],[99.389583,9.15625],[99.385417,9.160417],[99.389583,9.164583]]]}},{"type":"Feature","id":"riveratlas-41395975","bbox":[99.22708333333267,9.114583333333194,99.25624999999941,9.12708333333321],"properties":{"id":"riveratlas-41395975","order":6,"discharge":408.52099609375},"geometry":{"type":"MultiLineString","coordinates":[[[99.227083,9.11875],[99.23125,9.11875],[99.235417,9.114583],[99.252083,9.114583],[99.25625,9.11875],[99.25625,9.127083]]]}},{"type":"Feature","id":"riveratlas-41395998","bbox":[99.38124999999937,9.11041666666653,99.3937499999993,9.118749999999848],"properties":{"id":"riveratlas-41395998","order":3,"discharge":10.168000221252441},"geometry":{"type":"MultiLineString","coordinates":[[[99.39375,9.110417],[99.389583,9.110417],[99.38125,9.11875]]]}},{"type":"Feature","id":"riveratlas-41396024","bbox":[99.31458333333265,9.106249999999868,99.32291666666596,9.127083333333202],"properties":{"id":"riveratlas-41396024","order":3,"discharge":5.3470001220703125},"geometry":{"type":"MultiLineString","coordinates":[[[99.322917,9.10625],[99.314583,9.114583],[99.31875,9.11875],[99.31875,9.127083]]]}},{"type":"Feature","id":"riveratlas-41396039","bbox":[98.60624999999945,9.10208333333322,98.62708333333266,9.13124999999987],"properties":{"id":"riveratlas-41396039","order":4,"discharge":34.87900161743164},"geometry":{"type":"MultiLineString","coordinates":[[[98.60625,9.13125],[98.60625,9.127083],[98.61875,9.114583],[98.61875,9.110417],[98.627083,9.102083]]]}},{"type":"Feature","id":"riveratlas-41396041","bbox":[98.66874999999933,9.10208333333322,98.6895833333327,9.118749999999853],"properties":{"id":"riveratlas-41396041","order":3,"discharge":6.1519999504089355},"geometry":{"type":"MultiLineString","coordinates":[[[98.689583,9.10625],[98.685417,9.102083],[98.66875,9.11875]]]}},{"type":"Feature","id":"riveratlas-41396044","bbox":[98.97291666666607,9.10208333333322,98.98124999999938,9.127083333333212],"properties":{"id":"riveratlas-41396044","order":4,"discharge":60.005001068115234},"geometry":{"type":"MultiLineString","coordinates":[[[98.972917,9.127083],[98.977083,9.122917],[98.977083,9.114583],[98.98125,9.110417],[98.972917,9.102083]]]}},{"type":"Feature","id":"riveratlas-41396047","bbox":[99.21041666666602,9.10208333333322,99.222916666666,9.10208333333322],"properties":{"id":"riveratlas-41396047","order":5,"discharge":224.9409942626953},"geometry":{"type":"MultiLineString","coordinates":[[[99.210417,9.102083],[99.222917,9.102083]]]}},{"type":"Feature","id":"riveratlas-41396048","bbox":[99.22291666666601,9.10208333333322,99.22708333333267,9.118749999999853],"properties":{"id":"riveratlas-41396048","order":6,"discharge":409.6990051269531},"geometry":{"type":"MultiLineString","coordinates":[[[99.222917,9.102083],[99.227083,9.10625],[99.227083,9.110417],[99.222917,9.114583],[99.227083,9.11875]]]}},{"type":"Feature","id":"riveratlas-41396070","bbox":[98.9687499999994,9.097916666666514,98.97291666666607,9.102083333333214],"properties":{"id":"riveratlas-41396070","order":4,"discharge":60.28499984741211},"geometry":{"type":"MultiLineString","coordinates":[[[98.972917,9.102083],[98.96875,9.097917]]]}},{"type":"Feature","id":"riveratlas-41396073","bbox":[99.3937499999993,9.097916666666514,99.42708333333265,9.11041666666653],"properties":{"id":"riveratlas-41396073","order":3,"discharge":8.64799976348877},"geometry":{"type":"MultiLineString","coordinates":[[[99.427083,9.097917],[99.414583,9.097917],[99.40625,9.10625],[99.402083,9.10625],[99.397917,9.110417],[99.39375,9.110417]]]}},{"type":"Feature","id":"riveratlas-41396089","bbox":[98.6895833333327,9.09374999999985,98.69374999999937,9.106249999999868],"properties":{"id":"riveratlas-41396089","order":3,"discharge":5.5920000076293945},"geometry":{"type":"MultiLineString","coordinates":[[[98.69375,9.09375],[98.69375,9.102083],[98.689583,9.10625]]]}},{"type":"Feature","id":"riveratlas-41396094","bbox":[98.9687499999994,9.09374999999985,98.9687499999994,9.09791666666651],"properties":{"id":"riveratlas-41396094","order":4,"discharge":60.52399826049805},"geometry":{"type":"MultiLineString","coordinates":[[[98.96875,9.097917],[98.96875,9.09375]]]}},{"type":"Feature","id":"riveratlas-41396118","bbox":[98.3937499999993,9.089583333333202,98.397916666666,9.089583333333202],"properties":{"id":"riveratlas-41396118","order":3,"discharge":4.698999881744385},"geometry":{"type":"MultiLineString","coordinates":[[[98.397917,9.089583],[98.39375,9.089583]]]}},{"type":"Feature","id":"riveratlas-41396127","bbox":[98.66458333333267,9.089583333333202,98.66874999999933,9.118749999999853],"properties":{"id":"riveratlas-41396127","order":3,"discharge":8.083000183105469},"geometry":{"type":"MultiLineString","coordinates":[[[98.66875,9.11875],[98.664583,9.114583],[98.664583,9.10625],[98.66875,9.102083],[98.664583,9.097917],[98.664583,9.089583]]]}},{"type":"Feature","id":"riveratlas-41396129","bbox":[98.69374999999937,9.089583333333202,98.70624999999943,9.093749999999861],"properties":{"id":"riveratlas-41396129","order":3,"discharge":5.298999786376953},"geometry":{"type":"MultiLineString","coordinates":[[[98.70625,9.09375],[98.702083,9.089583],[98.697917,9.089583],[98.69375,9.09375]]]}},{"type":"Feature","id":"riveratlas-41396162","bbox":[99.48958333333272,9.085416666666497,99.52291666666606,9.168749999999875],"properties":{"id":"riveratlas-41396162","order":3,"discharge":8.829000473022461},"geometry":{"type":"MultiLineString","coordinates":[[[99.522917,9.085417],[99.50625,9.085417],[99.502083,9.089583],[99.50625,9.09375],[99.50625,9.097917],[99.497917,9.10625],[99.497917,9.114583],[99.49375,9.11875],[99.489583,9.11875],[99.489583,9.16875]]]}},{"type":"Feature","id":"riveratlas-41396188","bbox":[98.37708333333265,9.081249999999876,98.39374999999929,9.089583333333193],"properties":{"id":"riveratlas-41396188","order":3,"discharge":4.954999923706055},"geometry":{"type":"MultiLineString","coordinates":[[[98.39375,9.089583],[98.38125,9.089583],[98.377083,9.085417],[98.377083,9.08125]]]}},{"type":"Feature","id":"riveratlas-41396189","bbox":[98.39791666666602,9.081249999999876,98.40208333333268,9.089583333333193],"properties":{"id":"riveratlas-41396189","order":3,"discharge":4.427000045776367},"geometry":{"type":"MultiLineString","coordinates":[[[98.402083,9.08125],[98.402083,9.085417],[98.397917,9.089583]]]}},{"type":"Feature","id":"riveratlas-41396198","bbox":[99.31458333333265,9.081249999999876,99.32291666666596,9.10624999999987],"properties":{"id":"riveratlas-41396198","order":3,"discharge":5.09499979019165},"geometry":{"type":"MultiLineString","coordinates":[[[99.314583,9.08125],[99.314583,9.085417],[99.322917,9.09375],[99.322917,9.10625]]]}},{"type":"Feature","id":"riveratlas-41396228","bbox":[98.42291666666605,9.077083333333185,98.43958333333269,9.089583333333202],"properties":{"id":"riveratlas-41396228","order":3,"discharge":2.563999891281128},"geometry":{"type":"MultiLineString","coordinates":[[[98.439583,9.089583],[98.435417,9.089583],[98.422917,9.077083]]]}},{"type":"Feature","id":"riveratlas-41396230","bbox":[98.55208333333272,9.077083333333185,98.57708333333275,9.081249999999885],"properties":{"id":"riveratlas-41396230","order":3,"discharge":8.300999641418457},"geometry":{"type":"MultiLineString","coordinates":[[[98.552083,9.08125],[98.55625,9.077083],[98.577083,9.077083]]]}},{"type":"Feature","id":"riveratlas-41396233","bbox":[98.5937499999994,9.077083333333185,98.60624999999946,9.081249999999885],"properties":{"id":"riveratlas-41396233","order":3,"discharge":12.496000289916992},"geometry":{"type":"MultiLineString","coordinates":[[[98.59375,9.077083],[98.597917,9.08125],[98.60625,9.08125]]]}},{"type":"Feature","id":"riveratlas-41396234","bbox":[98.60624999999945,9.077083333333185,98.63541666666598,9.081249999999885],"properties":{"id":"riveratlas-41396234","order":3,"discharge":13.104999542236328},"geometry":{"type":"MultiLineString","coordinates":[[[98.60625,9.08125],[98.610417,9.077083],[98.635417,9.077083]]]}},{"type":"Feature","id":"riveratlas-41396235","bbox":[98.62708333333265,9.077083333333185,98.63541666666596,9.10208333333322],"properties":{"id":"riveratlas-41396235","order":4,"discharge":37.426998138427734},"geometry":{"type":"MultiLineString","coordinates":[[[98.627083,9.102083],[98.627083,9.097917],[98.63125,9.09375],[98.63125,9.08125],[98.635417,9.077083]]]}},{"type":"Feature","id":"riveratlas-41396238","bbox":[99.17708333333266,9.077083333333185,99.210416666666,9.10208333333322],"properties":{"id":"riveratlas-41396238","order":5,"discharge":225.23899841308594},"geometry":{"type":"MultiLineString","coordinates":[[[99.177083,9.077083],[99.185417,9.085417],[99.189583,9.085417],[99.197917,9.077083],[99.202083,9.077083],[99.202083,9.089583],[99.20625,9.09375],[99.20625,9.097917],[99.210417,9.102083]]]}},{"type":"Feature","id":"riveratlas-41396239","bbox":[99.22291666666601,9.077083333333185,99.22708333333267,9.10208333333322],"properties":{"id":"riveratlas-41396239","order":6,"discharge":186.6219940185547},"geometry":{"type":"MultiLineString","coordinates":[[[99.222917,9.077083],[99.222917,9.089583],[99.227083,9.09375],[99.227083,9.097917],[99.222917,9.102083]]]}},{"type":"Feature","id":"riveratlas-41396263","bbox":[98.40208333333268,9.072916666666522,98.42291666666605,9.081249999999882],"properties":{"id":"riveratlas-41396263","order":3,"discharge":3.8889999389648438},"geometry":{"type":"MultiLineString","coordinates":[[[98.422917,9.077083],[98.414583,9.077083],[98.410417,9.072917],[98.40625,9.072917],[98.402083,9.077083],[98.402083,9.08125]]]}},{"type":"Feature","id":"riveratlas-41396264","bbox":[98.57708333333275,9.072916666666522,98.58124999999941,9.077083333333182],"properties":{"id":"riveratlas-41396264","order":3,"discharge":8.765999794006348},"geometry":{"type":"MultiLineString","coordinates":[[[98.577083,9.077083],[98.58125,9.072917]]]}},{"type":"Feature","id":"riveratlas-41396265","bbox":[98.58124999999941,9.072916666666522,98.58541666666608,9.072916666666522],"properties":{"id":"riveratlas-41396265","order":3,"discharge":9.571999549865723},"geometry":{"type":"MultiLineString","coordinates":[[[98.58125,9.072917],[98.585417,9.072917]]]}},{"type":"Feature","id":"riveratlas-41396266","bbox":[98.58541666666608,9.072916666666522,98.59374999999939,9.077083333333182],"properties":{"id":"riveratlas-41396266","order":3,"discharge":12.185999870300293},"geometry":{"type":"MultiLineString","coordinates":[[[98.585417,9.072917],[98.589583,9.072917],[98.59375,9.077083]]]}},{"type":"Feature","id":"riveratlas-41396269","bbox":[99.047916666666,9.072916666666522,99.06458333333264,9.077083333333182],"properties":{"id":"riveratlas-41396269","order":5,"discharge":228.00100708007812},"geometry":{"type":"MultiLineString","coordinates":[[[99.047917,9.072917],[99.052083,9.077083],[99.05625,9.072917],[99.060417,9.077083],[99.064583,9.077083]]]}},{"type":"Feature","id":"riveratlas-41396291","bbox":[98.7645833333327,9.06874999999986,98.76874999999932,9.085416666666493],"properties":{"id":"riveratlas-41396291","order":3,"discharge":3.7909998893737793},"geometry":{"type":"MultiLineString","coordinates":[[[98.764583,9.085417],[98.76875,9.08125],[98.76875,9.077083],[98.764583,9.072917],[98.764583,9.06875]]]}},{"type":"Feature","id":"riveratlas-41396296","bbox":[99.63124999999937,9.06874999999986,99.67708333333277,9.131249999999863],"properties":{"id":"riveratlas-41396296","order":3,"discharge":2.690999984741211},"geometry":{"type":"MultiLineString","coordinates":[[[99.672917,9.06875],[99.672917,9.072917],[99.677083,9.077083],[99.677083,9.085417],[99.664583,9.097917],[99.652083,9.097917],[99.647917,9.102083],[99.647917,9.10625],[99.64375,9.110417],[99.64375,9.11875],[99.63125,9.13125]]]}},{"type":"Feature","id":"riveratlas-41396311","bbox":[98.53124999999935,9.06458333333321,98.55208333333272,9.081249999999887],"properties":{"id":"riveratlas-41396311","order":3,"discharge":4.333000183105469},"geometry":{"type":"MultiLineString","coordinates":[[[98.53125,9.064583],[98.535417,9.064583],[98.552083,9.08125]]]}},{"type":"Feature","id":"riveratlas-41396312","bbox":[98.7645833333327,9.06458333333321,98.76874999999932,9.06874999999987],"properties":{"id":"riveratlas-41396312","order":3,"discharge":4.078999996185303},"geometry":{"type":"MultiLineString","coordinates":[[[98.764583,9.06875],[98.76875,9.064583]]]}},{"type":"Feature","id":"riveratlas-41396317","bbox":[99.06458333333265,9.06458333333321,99.07708333333271,9.077083333333187],"properties":{"id":"riveratlas-41396317","order":5,"discharge":228.3769989013672},"geometry":{"type":"MultiLineString","coordinates":[[[99.064583,9.077083],[99.077083,9.064583]]]}},{"type":"Feature","id":"riveratlas-41396350","bbox":[98.5187499999993,9.060416666666548,98.53124999999936,9.068749999999865],"properties":{"id":"riveratlas-41396350","order":3,"discharge":3.8389999866485596},"geometry":{"type":"MultiLineString","coordinates":[[[98.51875,9.060417],[98.527083,9.06875],[98.53125,9.064583]]]}},{"type":"Feature","id":"riveratlas-41396352","bbox":[98.63541666666598,9.060416666666548,98.66041666666601,9.077083333333182],"properties":{"id":"riveratlas-41396352","order":4,"discharge":52.14799880981445},"geometry":{"type":"MultiLineString","coordinates":[[[98.635417,9.077083],[98.64375,9.077083],[98.660417,9.060417]]]}},{"type":"Feature","id":"riveratlas-41396353","bbox":[98.66041666666601,9.060416666666548,98.66458333333267,9.089583333333199],"properties":{"id":"riveratlas-41396353","order":3,"discharge":8.765000343322754},"geometry":{"type":"MultiLineString","coordinates":[[[98.664583,9.089583],[98.664583,9.06875],[98.660417,9.064583],[98.660417,9.060417]]]}},{"type":"Feature","id":"riveratlas-41396356","bbox":[98.7687499999993,9.060416666666548,98.772916666666,9.064583333333207],"properties":{"id":"riveratlas-41396356","order":3,"discharge":4.244999885559082},"geometry":{"type":"MultiLineString","coordinates":[[[98.76875,9.064583],[98.772917,9.060417]]]}},{"type":"Feature","id":"riveratlas-41396361","bbox":[99.0770833333327,9.060416666666548,99.08124999999936,9.064583333333207],"properties":{"id":"riveratlas-41396361","order":5,"discharge":229.35699462890625},"geometry":{"type":"MultiLineString","coordinates":[[[99.077083,9.064583],[99.08125,9.060417]]]}},{"type":"Feature","id":"riveratlas-41396378","bbox":[99.08124999999936,9.056249999999842,99.08958333333267,9.060416666666542],"properties":{"id":"riveratlas-41396378","order":5,"discharge":230.9149932861328},"geometry":{"type":"MultiLineString","coordinates":[[[99.08125,9.060417],[99.085417,9.060417],[99.089583,9.05625]]]}},{"type":"Feature","id":"riveratlas-41396379","bbox":[99.08958333333268,9.056249999999842,99.09791666666608,9.056249999999842],"properties":{"id":"riveratlas-41396379","order":5,"discharge":230.7010040283203},"geometry":{"type":"MultiLineString","coordinates":[[[99.089583,9.05625],[99.097917,9.05625]]]}},{"type":"Feature","id":"riveratlas-41396381","bbox":[99.13541666666598,9.056249999999842,99.17708333333265,9.077083333333176],"properties":{"id":"riveratlas-41396381","order":5,"discharge":227.2480010986328},"geometry":{"type":"MultiLineString","coordinates":[[[99.135417,9.05625],[99.139583,9.060417],[99.164583,9.060417],[99.172917,9.06875],[99.172917,9.072917],[99.177083,9.077083]]]}},{"type":"Feature","id":"riveratlas-41396402","bbox":[99.09791666666607,9.05208333333318,99.13541666666599,9.056249999999839],"properties":{"id":"riveratlas-41396402","order":5,"discharge":228.99000549316406},"geometry":{"type":"MultiLineString","coordinates":[[[99.097917,9.05625],[99.114583,9.05625],[99.11875,9.052083],[99.13125,9.052083],[99.135417,9.05625]]]}},{"type":"Feature","id":"riveratlas-41396428","bbox":[98.66041666666601,9.04791666666653,98.66041666666601,9.060416666666548],"properties":{"id":"riveratlas-41396428","order":4,"discharge":61.35599899291992},"geometry":{"type":"MultiLineString","coordinates":[[[98.660417,9.060417],[98.660417,9.047917]]]}},{"type":"Feature","id":"riveratlas-41396473","bbox":[98.66041666666601,9.039583333333205,98.66041666666601,9.047916666666522],"properties":{"id":"riveratlas-41396473","order":4,"discharge":62.590999603271484},"geometry":{"type":"MultiLineString","coordinates":[[[98.660417,9.047917],[98.660417,9.039583]]]}},{"type":"Feature","id":"riveratlas-41396480","bbox":[99.22291666666601,9.039583333333205,99.22708333333267,9.077083333333173],"properties":{"id":"riveratlas-41396480","order":6,"discharge":187.13600158691406},"geometry":{"type":"MultiLineString","coordinates":[[[99.227083,9.039583],[99.227083,9.06875],[99.222917,9.072917],[99.222917,9.077083]]]}},{"type":"Feature","id":"riveratlas-41396512","bbox":[98.66041666666601,9.035416666666556,98.66041666666601,9.039583333333216],"properties":{"id":"riveratlas-41396512","order":4,"discharge":62.875},"geometry":{"type":"MultiLineString","coordinates":[[[98.660417,9.039583],[98.660417,9.035417]]]}},{"type":"Feature","id":"riveratlas-41396515","bbox":[98.77291666666602,9.035416666666556,98.77708333333264,9.06041666666655],"properties":{"id":"riveratlas-41396515","order":3,"discharge":5.485000133514404},"geometry":{"type":"MultiLineString","coordinates":[[[98.772917,9.060417],[98.772917,9.05625],[98.777083,9.052083],[98.777083,9.039583],[98.772917,9.035417]]]}},{"type":"Feature","id":"riveratlas-41396518","bbox":[98.9687499999994,9.035416666666556,99.0187499999993,9.093749999999858],"properties":{"id":"riveratlas-41396518","order":4,"discharge":65.1709976196289},"geometry":{"type":"MultiLineString","coordinates":[[[98.96875,9.09375],[98.972917,9.089583],[98.977083,9.089583],[98.98125,9.085417],[98.98125,9.08125],[98.977083,9.077083],[98.985417,9.06875],[98.99375,9.06875],[98.997917,9.064583],[98.997917,9.060417],[99.002083,9.05625],[99.014583,9.05625],[99.01875,9.052083],[99.01875,9.047917],[99.00625,9.035417]]]}},{"type":"Feature","id":"riveratlas-41396520","bbox":[99.22708333333267,9.035416666666556,99.22708333333267,9.039583333333216],"properties":{"id":"riveratlas-41396520","order":6,"discharge":188.32400512695312},"geometry":{"type":"MultiLineString","coordinates":[[[99.227083,9.035417],[99.227083,9.039583]]]}},{"type":"Feature","id":"riveratlas-41396523","bbox":[99.422916666666,9.035416666666556,99.43958333333264,9.097916666666517],"properties":{"id":"riveratlas-41396523","order":3,"discharge":4.0289998054504395},"geometry":{"type":"MultiLineString","coordinates":[[[99.427083,9.035417],[99.422917,9.039583],[99.422917,9.05625],[99.427083,9.060417],[99.427083,9.064583],[99.43125,9.06875],[99.435417,9.06875],[99.439583,9.072917],[99.43125,9.08125],[99.43125,9.089583],[99.427083,9.09375],[99.427083,9.097917]]]}},{"type":"Feature","id":"riveratlas-41396550","bbox":[98.66041666666601,9.03124999999985,98.66458333333267,9.035416666666551],"properties":{"id":"riveratlas-41396550","order":4,"discharge":63.16999816894531},"geometry":{"type":"MultiLineString","coordinates":[[[98.660417,9.035417],[98.664583,9.03125]]]}},{"type":"Feature","id":"riveratlas-41396552","bbox":[98.97708333333273,9.03124999999985,99.0062499999993,9.035416666666551],"properties":{"id":"riveratlas-41396552","order":5,"discharge":157.2259979248047},"geometry":{"type":"MultiLineString","coordinates":[[[98.977083,9.03125],[98.985417,9.03125],[98.989583,9.035417],[99.00625,9.035417]]]}},{"type":"Feature","id":"riveratlas-41396558","bbox":[99.82708333333264,9.03124999999985,99.83541666666595,9.03958333333321],"properties":{"id":"riveratlas-41396558","order":3,"discharge":2.312999963760376},"geometry":{"type":"MultiLineString","coordinates":[[[99.827083,9.039583],[99.827083,9.035417],[99.83125,9.03125],[99.835417,9.03125]]]}},{"type":"Feature","id":"riveratlas-41396573","bbox":[98.39791666666602,9.027083333333188,98.40208333333268,9.031249999999847],"properties":{"id":"riveratlas-41396573","order":3,"discharge":5.002999782562256},"geometry":{"type":"MultiLineString","coordinates":[[[98.402083,9.027083],[98.397917,9.03125]]]}},{"type":"Feature","id":"riveratlas-41396578","bbox":[98.77291666666602,9.027083333333188,98.77291666666602,9.035416666666547],"properties":{"id":"riveratlas-41396578","order":3,"discharge":6.11899995803833},"geometry":{"type":"MultiLineString","coordinates":[[[98.772917,9.035417],[98.772917,9.027083]]]}},{"type":"Feature","id":"riveratlas-41396581","bbox":[99.00624999999931,9.027083333333188,99.01458333333275,9.035416666666547],"properties":{"id":"riveratlas-41396581","order":5,"discharge":221.99600219726562},"geometry":{"type":"MultiLineString","coordinates":[[[99.00625,9.035417],[99.014583,9.027083]]]}},{"type":"Feature","id":"riveratlas-41396582","bbox":[99.01458333333275,9.027083333333188,99.04791666666598,9.072916666666515],"properties":{"id":"riveratlas-41396582","order":5,"discharge":227.5489959716797},"geometry":{"type":"MultiLineString","coordinates":[[[99.014583,9.027083],[99.01875,9.027083],[99.027083,9.035417],[99.03125,9.035417],[99.035417,9.039583],[99.035417,9.047917],[99.039583,9.052083],[99.04375,9.052083],[99.047917,9.05625],[99.047917,9.072917]]]}},{"type":"Feature","id":"riveratlas-41396586","bbox":[99.52291666666608,9.027083333333188,99.55624999999931,9.08541666666649],"properties":{"id":"riveratlas-41396586","order":3,"discharge":6.890999794006348},"geometry":{"type":"MultiLineString","coordinates":[[[99.55625,9.027083],[99.547917,9.035417],[99.547917,9.052083],[99.54375,9.05625],[99.54375,9.060417],[99.539583,9.064583],[99.535417,9.064583],[99.53125,9.06875],[99.53125,9.077083],[99.522917,9.085417]]]}},{"type":"Feature","id":"riveratlas-41396588","bbox":[99.83541666666596,9.027083333333188,99.84374999999936,9.031249999999847],"properties":{"id":"riveratlas-41396588","order":4,"discharge":4.401000022888184},"geometry":{"type":"MultiLineString","coordinates":[[[99.835417,9.03125],[99.839583,9.03125],[99.84375,9.027083]]]}},{"type":"Feature","id":"riveratlas-41396599","bbox":[98.40208333333268,9.02291666666654,98.410416666666,9.027083333333199],"properties":{"id":"riveratlas-41396599","order":3,"discharge":3.8589999675750732},"geometry":{"type":"MultiLineString","coordinates":[[[98.410417,9.022917],[98.40625,9.027083],[98.402083,9.027083]]]}},{"type":"Feature","id":"riveratlas-41396603","bbox":[99.22708333333267,9.02291666666654,99.22708333333267,9.035416666666556],"properties":{"id":"riveratlas-41396603","order":6,"discharge":188.4340057373047},"geometry":{"type":"MultiLineString","coordinates":[[[99.227083,9.022917],[99.227083,9.035417]]]}},{"type":"Feature","id":"riveratlas-41396616","bbox":[98.65624999999935,9.018749999999876,98.66458333333266,9.031249999999853],"properties":{"id":"riveratlas-41396616","order":3,"discharge":6.458000183105469},"geometry":{"type":"MultiLineString","coordinates":[[[98.65625,9.01875],[98.664583,9.027083],[98.664583,9.03125]]]}},{"type":"Feature","id":"riveratlas-41396618","bbox":[98.66458333333267,9.018749999999876,98.6895833333327,9.031249999999853],"properties":{"id":"riveratlas-41396618","order":4,"discharge":69.90899658203125},"geometry":{"type":"MultiLineString","coordinates":[[[98.664583,9.03125],[98.677083,9.01875],[98.689583,9.01875]]]}},{"type":"Feature","id":"riveratlas-41396620","bbox":[98.96041666666602,9.018749999999876,98.97708333333274,9.031249999999853],"properties":{"id":"riveratlas-41396620","order":5,"discharge":155.1699981689453},"geometry":{"type":"MultiLineString","coordinates":[[[98.960417,9.01875],[98.96875,9.027083],[98.972917,9.027083],[98.977083,9.03125]]]}},{"type":"Feature","id":"riveratlas-41396622","bbox":[99.84374999999935,9.018749999999876,99.87708333333265,9.027083333333193],"properties":{"id":"riveratlas-41396622","order":4,"discharge":5.00600004196167},"geometry":{"type":"MultiLineString","coordinates":[[[99.84375,9.027083],[99.847917,9.027083],[99.852083,9.022917],[99.86875,9.022917],[99.872917,9.01875],[99.877083,9.01875]]]}},{"type":"Feature","id":"riveratlas-41396625","bbox":[99.9062499999994,9.018749999999876,99.91041666666607,9.018749999999876],"properties":{"id":"riveratlas-41396625","order":4,"discharge":11.223999977111816},"geometry":{"type":"MultiLineString","coordinates":[[[99.90625,9.01875],[99.910417,9.01875]]]}},{"type":"Feature","id":"riveratlas-41396626","bbox":[99.91041666666607,9.018749999999876,99.91458333333273,9.018749999999876],"properties":{"id":"riveratlas-41396626","order":4,"discharge":11.607000350952148},"geometry":{"type":"MultiLineString","coordinates":[[[99.910417,9.01875],[99.914583,9.01875]]]}},{"type":"Feature","id":"riveratlas-41396641","bbox":[98.89791666666602,9.01458333333317,98.92291666666601,9.039583333333205],"properties":{"id":"riveratlas-41396641","order":3,"discharge":3.505000114440918},"geometry":{"type":"MultiLineString","coordinates":[[[98.897917,9.039583],[98.910417,9.027083],[98.910417,9.022917],[98.914583,9.01875],[98.91875,9.01875],[98.922917,9.014583]]]}},{"type":"Feature","id":"riveratlas-41396644","bbox":[98.9520833333327,9.01458333333317,98.960416666666,9.018749999999871],"properties":{"id":"riveratlas-41396644","order":5,"discharge":154.3679962158203},"geometry":{"type":"MultiLineString","coordinates":[[[98.952083,9.014583],[98.95625,9.014583],[98.960417,9.01875]]]}},{"type":"Feature","id":"riveratlas-41396669","bbox":[98.64791666666602,9.010416666666565,98.65624999999933,9.018749999999882],"properties":{"id":"riveratlas-41396669","order":3,"discharge":6.2179999351501465},"geometry":{"type":"MultiLineString","coordinates":[[[98.647917,9.010417],[98.65625,9.01875]]]}},{"type":"Feature","id":"riveratlas-41396670","bbox":[98.6895833333327,9.010416666666565,98.73541666666611,9.018749999999882],"properties":{"id":"riveratlas-41396670","order":4,"discharge":70.56800079345703},"geometry":{"type":"MultiLineString","coordinates":[[[98.689583,9.01875],[98.69375,9.01875],[98.697917,9.014583],[98.727083,9.014583],[98.73125,9.010417],[98.735417,9.010417]]]}},{"type":"Feature","id":"riveratlas-41396671","bbox":[98.73541666666611,9.010416666666565,98.75208333333266,9.014583333333182],"properties":{"id":"riveratlas-41396671","order":4,"discharge":71.78800201416016},"geometry":{"type":"MultiLineString","coordinates":[[[98.735417,9.010417],[98.739583,9.014583],[98.752083,9.014583]]]}},{"type":"Feature","id":"riveratlas-41396672","bbox":[98.75208333333265,9.010416666666565,98.76458333333271,9.014583333333182],"properties":{"id":"riveratlas-41396672","order":4,"discharge":72.10600280761719},"geometry":{"type":"MultiLineString","coordinates":[[[98.752083,9.014583],[98.760417,9.014583],[98.764583,9.010417]]]}},{"type":"Feature","id":"riveratlas-41396673","bbox":[98.7645833333327,9.010416666666565,98.772916666666,9.027083333333199],"properties":{"id":"riveratlas-41396673","order":3,"discharge":6.763999938964844},"geometry":{"type":"MultiLineString","coordinates":[[[98.772917,9.027083],[98.772917,9.01875],[98.764583,9.010417]]]}},{"type":"Feature","id":"riveratlas-41396676","bbox":[99.21874999999935,9.010416666666565,99.22708333333266,9.022916666666541],"properties":{"id":"riveratlas-41396676","order":6,"discharge":188.82899475097656},"geometry":{"type":"MultiLineString","coordinates":[[[99.21875,9.010417],[99.21875,9.014583],[99.227083,9.022917]]]}},{"type":"Feature","id":"riveratlas-41396680","bbox":[99.87708333333265,9.010416666666565,99.88541666666605,9.018749999999882],"properties":{"id":"riveratlas-41396680","order":4,"discharge":5.500999927520752},"geometry":{"type":"MultiLineString","coordinates":[[[99.877083,9.01875],[99.885417,9.010417]]]}},{"type":"Feature","id":"riveratlas-41396681","bbox":[99.88541666666603,9.010416666666565,99.9062499999994,9.018749999999882],"properties":{"id":"riveratlas-41396681","order":4,"discharge":10.699000358581543},"geometry":{"type":"MultiLineString","coordinates":[[[99.885417,9.010417],[99.889583,9.010417],[99.89375,9.014583],[99.902083,9.014583],[99.90625,9.01875]]]}},{"type":"Feature","id":"riveratlas-41396692","bbox":[98.94374999999937,9.00624999999986,98.95208333333268,9.014583333333176],"properties":{"id":"riveratlas-41396692","order":5,"discharge":154.1529998779297},"geometry":{"type":"MultiLineString","coordinates":[[[98.94375,9.00625],[98.952083,9.014583]]]}},{"type":"Feature","id":"riveratlas-41396707","bbox":[98.41041666666601,9.002083333333196,98.42708333333273,9.02291666666653],"properties":{"id":"riveratlas-41396707","order":3,"discharge":3.6480000019073486},"geometry":{"type":"MultiLineString","coordinates":[[[98.427083,9.002083],[98.422917,9.002083],[98.41875,9.00625],[98.41875,9.010417],[98.410417,9.01875],[98.410417,9.022917]]]}},{"type":"Feature","id":"riveratlas-41396710","bbox":[98.6395833333327,9.002083333333196,98.647916666666,9.010416666666556],"properties":{"id":"riveratlas-41396710","order":3,"discharge":5.72599983215332},"geometry":{"type":"MultiLineString","coordinates":[[[98.639583,9.002083],[98.647917,9.010417]]]}},{"type":"Feature","id":"riveratlas-41396713","bbox":[98.7645833333327,9.002083333333196,98.76874999999932,9.010416666666556],"properties":{"id":"riveratlas-41396713","order":4,"discharge":79.58399963378906},"geometry":{"type":"MultiLineString","coordinates":[[[98.764583,9.010417],[98.76875,9.00625],[98.76875,9.002083]]]}},{"type":"Feature","id":"riveratlas-41396715","bbox":[99.01041666666598,9.002083333333196,99.01874999999929,9.02708333333319],"properties":{"id":"riveratlas-41396715","order":3,"discharge":8.350000381469727},"geometry":{"type":"MultiLineString","coordinates":[[[99.01875,9.002083],[99.01875,9.00625],[99.014583,9.010417],[99.014583,9.014583],[99.010417,9.01875],[99.014583,9.022917],[99.014583,9.027083]]]}},{"type":"Feature","id":"riveratlas-41396717","bbox":[99.21458333333268,9.002083333333196,99.21874999999935,9.010416666666556],"properties":{"id":"riveratlas-41396717","order":6,"discharge":188.88699340820312},"geometry":{"type":"MultiLineString","coordinates":[[[99.214583,9.002083],[99.21875,9.00625],[99.21875,9.010417]]]}},{"type":"Feature","id":"riveratlas-41396720","bbox":[99.7812499999994,9.002083333333196,99.83541666666596,9.031249999999847],"properties":{"id":"riveratlas-41396720","order":3,"discharge":2.049999952316284},"geometry":{"type":"MultiLineString","coordinates":[[[99.78125,9.002083],[99.80625,9.002083],[99.810417,9.00625],[99.810417,9.014583],[99.81875,9.022917],[99.827083,9.022917],[99.835417,9.03125]]]}},{"type":"Feature","id":"riveratlas-41396747","bbox":[98.63541666666598,8.997916666666548,98.63958333333268,9.002083333333207],"properties":{"id":"riveratlas-41396747","order":3,"discharge":5.418000221252441},"geometry":{"type":"MultiLineString","coordinates":[[[98.635417,8.997917],[98.639583,9.002083]]]}},{"type":"Feature","id":"riveratlas-41396749","bbox":[98.922916666666,8.997916666666548,98.92708333333266,9.014583333333182],"properties":{"id":"riveratlas-41396749","order":3,"discharge":3.760999917984009},"geometry":{"type":"MultiLineString","coordinates":[[[98.922917,9.014583],[98.927083,9.010417],[98.922917,9.00625],[98.922917,8.997917]]]}},{"type":"Feature","id":"riveratlas-41396768","bbox":[98.922916666666,8.993749999999842,98.92708333333266,8.997916666666542],"properties":{"id":"riveratlas-41396768","order":3,"discharge":3.9189999103546143},"geometry":{"type":"MultiLineString","coordinates":[[[98.922917,8.997917],[98.927083,8.99375]]]}},{"type":"Feature","id":"riveratlas-41396769","bbox":[98.92708333333266,8.993749999999842,98.94374999999938,9.00624999999986],"properties":{"id":"riveratlas-41396769","order":5,"discharge":153.9499969482422},"geometry":{"type":"MultiLineString","coordinates":[[[98.927083,8.99375],[98.93125,8.99375],[98.94375,9.00625]]]}},{"type":"Feature","id":"riveratlas-41396771","bbox":[99.21458333333268,8.993749999999842,99.21458333333268,9.002083333333202],"properties":{"id":"riveratlas-41396771","order":6,"discharge":186.81500244140625},"geometry":{"type":"MultiLineString","coordinates":[[[99.214583,8.99375],[99.214583,9.002083]]]}},{"type":"Feature","id":"riveratlas-41396794","bbox":[98.91874999999933,8.98958333333318,98.922916666666,8.98958333333318],"properties":{"id":"riveratlas-41396794","order":5,"discharge":148.81900024414062},"geometry":{"type":"MultiLineString","coordinates":[[[98.91875,8.989583],[98.922917,8.989583]]]}},{"type":"Feature","id":"riveratlas-41396795","bbox":[98.922916666666,8.98958333333318,98.92708333333266,8.993749999999839],"properties":{"id":"riveratlas-41396795","order":5,"discharge":149.7519989013672},"geometry":{"type":"MultiLineString","coordinates":[[[98.922917,8.989583],[98.927083,8.99375]]]}},{"type":"Feature","id":"riveratlas-41396797","bbox":[99.21458333333268,8.98958333333318,99.21458333333268,8.993749999999839],"properties":{"id":"riveratlas-41396797","order":6,"discharge":187.0399932861328},"geometry":{"type":"MultiLineString","coordinates":[[[99.214583,8.989583],[99.214583,8.99375]]]}},{"type":"Feature","id":"riveratlas-41396851","bbox":[98.7687499999993,8.981249999999868,98.78541666666602,9.002083333333202],"properties":{"id":"riveratlas-41396851","order":4,"discharge":79.95600128173828},"geometry":{"type":"MultiLineString","coordinates":[[[98.76875,9.002083],[98.78125,8.989583],[98.78125,8.985417],[98.785417,8.98125]]]}},{"type":"Feature","id":"riveratlas-41396875","bbox":[98.90208333333263,8.977083333333205,98.91874999999935,8.989583333333181],"properties":{"id":"riveratlas-41396875","order":5,"discharge":147.38800048828125},"geometry":{"type":"MultiLineString","coordinates":[[[98.902083,8.977083],[98.910417,8.985417],[98.914583,8.985417],[98.91875,8.989583]]]}},{"type":"Feature","id":"riveratlas-41396893","bbox":[99.55624999999932,8.972916666666514,99.60624999999935,9.0270833333332],"properties":{"id":"riveratlas-41396893","order":3,"discharge":6.321000099182129},"geometry":{"type":"MultiLineString","coordinates":[[[99.60625,8.972917],[99.602083,8.977083],[99.602083,8.98125],[99.597917,8.985417],[99.597917,8.997917],[99.589583,9.00625],[99.58125,9.00625],[99.572917,9.014583],[99.56875,9.014583],[99.55625,9.027083]]]}},{"type":"Feature","id":"riveratlas-41396914","bbox":[98.8937499999993,8.96874999999985,98.90208333333261,8.97708333333321],"properties":{"id":"riveratlas-41396914","order":5,"discharge":147.09500122070312},"geometry":{"type":"MultiLineString","coordinates":[[[98.89375,8.96875],[98.89375,8.972917],[98.897917,8.977083],[98.902083,8.977083]]]}},{"type":"Feature","id":"riveratlas-41396916","bbox":[99.21041666666602,8.96874999999985,99.21458333333268,8.989583333333185],"properties":{"id":"riveratlas-41396916","order":6,"discharge":170.48500061035156},"geometry":{"type":"MultiLineString","coordinates":[[[99.210417,8.96875],[99.210417,8.985417],[99.214583,8.989583]]]}},{"type":"Feature","id":"riveratlas-41396942","bbox":[98.78541666666601,8.964583333333188,98.80624999999934,8.981249999999864],"properties":{"id":"riveratlas-41396942","order":4,"discharge":80.80699920654297},"geometry":{"type":"MultiLineString","coordinates":[[[98.785417,8.98125],[98.802083,8.964583],[98.80625,8.964583]]]}},{"type":"Feature","id":"riveratlas-41396963","bbox":[99.00208333333265,8.96041666666654,99.01874999999929,9.002083333333207],"properties":{"id":"riveratlas-41396963","order":3,"discharge":7.551000118255615},"geometry":{"type":"MultiLineString","coordinates":[[[99.002083,8.960417],[99.002083,8.977083],[99.00625,8.98125],[99.00625,8.989583],[99.01875,9.002083]]]}},{"type":"Feature","id":"riveratlas-41396980","bbox":[98.80624999999932,8.956249999999876,98.81874999999938,8.964583333333193],"properties":{"id":"riveratlas-41396980","order":4,"discharge":83.13400268554688},"geometry":{"type":"MultiLineString","coordinates":[[[98.80625,8.964583],[98.810417,8.964583],[98.81875,8.95625]]]}},{"type":"Feature","id":"riveratlas-41396982","bbox":[99.21458333333268,8.956249999999876,99.21874999999935,8.989583333333186],"properties":{"id":"riveratlas-41396982","order":3,"discharge":16.73699951171875},"geometry":{"type":"MultiLineString","coordinates":[[[99.21875,8.95625],[99.21875,8.985417],[99.214583,8.989583]]]}},{"type":"Feature","id":"riveratlas-41397007","bbox":[99.17708333333266,8.95208333333317,99.210416666666,8.968749999999847],"properties":{"id":"riveratlas-41397007","order":3,"discharge":3.818000078201294},"geometry":{"type":"MultiLineString","coordinates":[[[99.177083,8.952083],[99.18125,8.95625],[99.19375,8.95625],[99.20625,8.96875],[99.210417,8.96875]]]}},{"type":"Feature","id":"riveratlas-41397009","bbox":[99.60208333333267,8.95208333333317,99.60624999999933,8.972916666666505],"properties":{"id":"riveratlas-41397009","order":3,"discharge":4.927999973297119},"geometry":{"type":"MultiLineString","coordinates":[[[99.602083,8.952083],[99.60625,8.95625],[99.602083,8.960417],[99.602083,8.96875],[99.60625,8.972917]]]}},{"type":"Feature","id":"riveratlas-41397039","bbox":[98.8145833333327,8.947916666666508,98.81874999999937,8.956249999999867],"properties":{"id":"riveratlas-41397039","order":4,"discharge":83.50700378417969},"geometry":{"type":"MultiLineString","coordinates":[[[98.81875,8.95625],[98.814583,8.952083],[98.81875,8.947917]]]}},{"type":"Feature","id":"riveratlas-41397041","bbox":[98.9979166666661,8.947916666666508,99.00208333333264,8.960416666666525],"properties":{"id":"riveratlas-41397041","order":3,"discharge":6.9029998779296875},"geometry":{"type":"MultiLineString","coordinates":[[[98.997917,8.947917],[98.997917,8.952083],[99.002083,8.95625],[99.002083,8.960417]]]}},{"type":"Feature","id":"riveratlas-41397061","bbox":[99.12708333333276,8.94374999999986,99.17708333333266,8.952083333333176],"properties":{"id":"riveratlas-41397061","order":3,"discharge":3.2780001163482666},"geometry":{"type":"MultiLineString","coordinates":[[[99.127083,8.94375],[99.13125,8.94375],[99.135417,8.947917],[99.14375,8.947917],[99.147917,8.952083],[99.15625,8.952083],[99.160417,8.947917],[99.172917,8.947917],[99.177083,8.952083]]]}},{"type":"Feature","id":"riveratlas-41397088","bbox":[98.81874999999937,8.935416666666534,98.83124999999934,8.94791666666651],"properties":{"id":"riveratlas-41397088","order":4,"discharge":83.93000030517578},"geometry":{"type":"MultiLineString","coordinates":[[[98.81875,8.947917],[98.822917,8.94375],[98.822917,8.939583],[98.827083,8.935417],[98.83125,8.935417]]]}},{"type":"Feature","id":"riveratlas-41397089","bbox":[98.9979166666661,8.935416666666534,98.9979166666661,8.94791666666651],"properties":{"id":"riveratlas-41397089","order":3,"discharge":5.622000217437744},"geometry":{"type":"MultiLineString","coordinates":[[[98.997917,8.935417],[98.997917,8.947917]]]}},{"type":"Feature","id":"riveratlas-41397090","bbox":[99.2020833333327,8.935416666666534,99.210416666666,8.968749999999844],"properties":{"id":"riveratlas-41397090","order":6,"discharge":167.58700561523438},"geometry":{"type":"MultiLineString","coordinates":[[[99.202083,8.935417],[99.210417,8.94375],[99.210417,8.96875]]]}},{"type":"Feature","id":"riveratlas-41397091","bbox":[99.21874999999935,8.935416666666534,99.2312499999994,8.956249999999867],"properties":{"id":"riveratlas-41397091","order":3,"discharge":15.038000106811523},"geometry":{"type":"MultiLineString","coordinates":[[[99.23125,8.935417],[99.227083,8.939583],[99.227083,8.94375],[99.21875,8.952083],[99.21875,8.95625]]]}},{"type":"Feature","id":"riveratlas-41397092","bbox":[99.23124999999939,8.935416666666534,99.23541666666605,8.935416666666534],"properties":{"id":"riveratlas-41397092","order":3,"discharge":14.71500015258789},"geometry":{"type":"MultiLineString","coordinates":[[[99.235417,8.935417],[99.23125,8.935417]]]}},{"type":"Feature","id":"riveratlas-41397115","bbox":[98.37291666666599,8.931249999999885,98.38541666666596,8.960416666666536],"properties":{"id":"riveratlas-41397115","order":3,"discharge":5.184000015258789},"geometry":{"type":"MultiLineString","coordinates":[[[98.385417,8.93125],[98.38125,8.935417],[98.38125,8.94375],[98.377083,8.947917],[98.377083,8.95625],[98.372917,8.960417]]]}},{"type":"Feature","id":"riveratlas-41397119","bbox":[98.8937499999993,8.931249999999885,98.91458333333267,8.968749999999853],"properties":{"id":"riveratlas-41397119","order":5,"discharge":145.8730010986328},"geometry":{"type":"MultiLineString","coordinates":[[[98.90625,8.93125],[98.90625,8.935417],[98.910417,8.939583],[98.910417,8.94375],[98.914583,8.947917],[98.914583,8.952083],[98.902083,8.964583],[98.897917,8.964583],[98.89375,8.96875]]]}},{"type":"Feature","id":"riveratlas-41397135","bbox":[98.38541666666598,8.92708333333318,98.38541666666598,8.93124999999988],"properties":{"id":"riveratlas-41397135","order":3,"discharge":4.436999797821045},"geometry":{"type":"MultiLineString","coordinates":[[[98.385417,8.927083],[98.385417,8.93125]]]}},{"type":"Feature","id":"riveratlas-41397138","bbox":[99.2020833333327,8.92708333333318,99.2020833333327,8.935416666666539],"properties":{"id":"riveratlas-41397138","order":6,"discharge":168.62899780273438},"geometry":{"type":"MultiLineString","coordinates":[[[99.202083,8.927083],[99.202083,8.935417]]]}},{"type":"Feature","id":"riveratlas-41397139","bbox":[99.23541666666605,8.92708333333318,99.26041666666609,8.939583333333196],"properties":{"id":"riveratlas-41397139","order":3,"discharge":14.54800033569336},"geometry":{"type":"MultiLineString","coordinates":[[[99.260417,8.927083],[99.25625,8.93125],[99.25625,8.935417],[99.252083,8.939583],[99.239583,8.939583],[99.235417,8.935417]]]}},{"type":"Feature","id":"riveratlas-41397160","bbox":[98.29374999999939,8.922916666666517,98.29791666666605,8.927083333333176],"properties":{"id":"riveratlas-41397160","order":3,"discharge":1.7910000085830688},"geometry":{"type":"MultiLineString","coordinates":[[[98.297917,8.927083],[98.29375,8.922917]]]}},{"type":"Feature","id":"riveratlas-41397170","bbox":[98.8937499999993,8.922916666666517,98.90624999999936,8.931249999999876],"properties":{"id":"riveratlas-41397170","order":5,"discharge":144.53199768066406},"geometry":{"type":"MultiLineString","coordinates":[[[98.89375,8.922917],[98.897917,8.927083],[98.902083,8.927083],[98.90625,8.93125]]]}},{"type":"Feature","id":"riveratlas-41397174","bbox":[99.11458333333272,8.922916666666517,99.12708333333278,8.94374999999985],"properties":{"id":"riveratlas-41397174","order":3,"discharge":2.4519999027252197},"geometry":{"type":"MultiLineString","coordinates":[[[99.114583,8.922917],[99.122917,8.93125],[99.122917,8.935417],[99.127083,8.939583],[99.127083,8.94375]]]}},{"type":"Feature","id":"riveratlas-41397187","bbox":[98.28958333333273,8.918749999999868,98.29374999999939,8.922916666666527],"properties":{"id":"riveratlas-41397187","order":3,"discharge":2.3959999084472656},"geometry":{"type":"MultiLineString","coordinates":[[[98.29375,8.922917],[98.289583,8.91875]]]}},{"type":"Feature","id":"riveratlas-41397189","bbox":[98.38541666666598,8.918749999999868,98.38541666666598,8.927083333333185],"properties":{"id":"riveratlas-41397189","order":3,"discharge":4.247000217437744},"geometry":{"type":"MultiLineString","coordinates":[[[98.385417,8.91875],[98.385417,8.927083]]]}},{"type":"Feature","id":"riveratlas-41397193","bbox":[98.88541666666598,8.918749999999868,98.89374999999929,8.922916666666527],"properties":{"id":"riveratlas-41397193","order":5,"discharge":144.16799926757812},"geometry":{"type":"MultiLineString","coordinates":[[[98.885417,8.91875],[98.889583,8.922917],[98.89375,8.922917]]]}},{"type":"Feature","id":"riveratlas-41397211","bbox":[98.55208333333272,8.914583333333205,98.56041666666603,8.914583333333205],"properties":{"id":"riveratlas-41397211","order":3,"discharge":7.064000129699707},"geometry":{"type":"MultiLineString","coordinates":[[[98.552083,8.914583],[98.560417,8.914583]]]}},{"type":"Feature","id":"riveratlas-41397213","bbox":[98.83124999999936,8.914583333333205,98.84374999999942,8.935416666666539],"properties":{"id":"riveratlas-41397213","order":4,"discharge":84.56099700927734},"geometry":{"type":"MultiLineString","coordinates":[[[98.83125,8.935417],[98.839583,8.927083],[98.839583,8.91875],[98.84375,8.914583]]]}},{"type":"Feature","id":"riveratlas-41397242","bbox":[98.48958333333266,8.910416666666542,98.52708333333267,8.914583333333201],"properties":{"id":"riveratlas-41397242","order":3,"discharge":3.6530001163482666},"geometry":{"type":"MultiLineString","coordinates":[[[98.489583,8.914583],[98.497917,8.914583],[98.502083,8.910417],[98.50625,8.910417],[98.510417,8.914583],[98.522917,8.914583],[98.527083,8.910417]]]}},{"type":"Feature","id":"riveratlas-41397276","bbox":[98.56041666666604,8.906249999999893,98.57708333333277,8.91458333333321],"properties":{"id":"riveratlas-41397276","order":3,"discharge":7.973999977111816},"geometry":{"type":"MultiLineString","coordinates":[[[98.560417,8.914583],[98.572917,8.914583],[98.577083,8.910417],[98.577083,8.90625]]]}},{"type":"Feature","id":"riveratlas-41397281","bbox":[99.26041666666609,8.906249999999893,99.27291666666606,8.927083333333186],"properties":{"id":"riveratlas-41397281","order":3,"discharge":11.645000457763672},"geometry":{"type":"MultiLineString","coordinates":[[[99.272917,8.90625],[99.26875,8.910417],[99.26875,8.914583],[99.264583,8.91875],[99.264583,8.922917],[99.260417,8.927083]]]}},{"type":"Feature","id":"riveratlas-41397289","bbox":[98.53958333333267,8.902083333333188,98.55208333333273,8.914583333333205],"properties":{"id":"riveratlas-41397289","order":3,"discharge":6.859000205993652},"geometry":{"type":"MultiLineString","coordinates":[[[98.539583,8.902083],[98.552083,8.914583]]]}},{"type":"Feature","id":"riveratlas-41397290","bbox":[98.57708333333275,8.902083333333188,98.58541666666606,8.906249999999888],"properties":{"id":"riveratlas-41397290","order":3,"discharge":8.288000106811523},"geometry":{"type":"MultiLineString","coordinates":[[[98.577083,8.90625],[98.58125,8.902083],[98.585417,8.902083]]]}},{"type":"Feature","id":"riveratlas-41397291","bbox":[98.58541666666608,8.902083333333188,98.59374999999939,8.906249999999888],"properties":{"id":"riveratlas-41397291","order":3,"discharge":10.154999732971191},"geometry":{"type":"MultiLineString","coordinates":[[[98.585417,8.902083],[98.589583,8.90625],[98.59375,8.90625]]]}},{"type":"Feature","id":"riveratlas-41397292","bbox":[98.5937499999994,8.902083333333188,98.61874999999931,8.910416666666547],"properties":{"id":"riveratlas-41397292","order":3,"discharge":11.321000099182129},"geometry":{"type":"MultiLineString","coordinates":[[[98.59375,8.90625],[98.597917,8.910417],[98.60625,8.902083],[98.61875,8.902083]]]}},{"type":"Feature","id":"riveratlas-41397294","bbox":[98.8437499999994,8.902083333333188,98.87291666666597,8.914583333333205],"properties":{"id":"riveratlas-41397294","order":4,"discharge":86.06700134277344},"geometry":{"type":"MultiLineString","coordinates":[[[98.84375,8.914583],[98.85625,8.902083],[98.872917,8.902083]]]}},{"type":"Feature","id":"riveratlas-41397295","bbox":[98.87291666666599,8.902083333333188,98.88541666666596,8.918749999999864],"properties":{"id":"riveratlas-41397295","order":5,"discharge":143.9929962158203},"geometry":{"type":"MultiLineString","coordinates":[[[98.872917,8.902083],[98.877083,8.902083],[98.88125,8.90625],[98.88125,8.910417],[98.885417,8.914583],[98.885417,8.91875]]]}},{"type":"Feature","id":"riveratlas-41397315","bbox":[98.52708333333268,8.897916666666525,98.53124999999935,8.910416666666542],"properties":{"id":"riveratlas-41397315","order":3,"discharge":5.038000106811523},"geometry":{"type":"MultiLineString","coordinates":[[[98.527083,8.910417],[98.527083,8.902083],[98.53125,8.897917]]]}},{"type":"Feature","id":"riveratlas-41397316","bbox":[98.53124999999935,8.897916666666525,98.53541666666601,8.897916666666525],"properties":{"id":"riveratlas-41397316","order":3,"discharge":5.699999809265137},"geometry":{"type":"MultiLineString","coordinates":[[[98.53125,8.897917],[98.535417,8.897917]]]}},{"type":"Feature","id":"riveratlas-41397317","bbox":[98.53541666666601,8.897916666666525,98.53958333333267,8.902083333333184],"properties":{"id":"riveratlas-41397317","order":3,"discharge":6.02400016784668},"geometry":{"type":"MultiLineString","coordinates":[[[98.535417,8.897917],[98.539583,8.902083]]]}},{"type":"Feature","id":"riveratlas-41397338","bbox":[98.61874999999932,8.893749999999876,98.65208333333263,8.902083333333193],"properties":{"id":"riveratlas-41397338","order":3,"discharge":12.092000007629395},"geometry":{"type":"MultiLineString","coordinates":[[[98.61875,8.902083],[98.622917,8.902083],[98.627083,8.897917],[98.63125,8.897917],[98.635417,8.89375],[98.639583,8.89375],[98.64375,8.897917],[98.647917,8.89375],[98.652083,8.89375]]]}},{"type":"Feature","id":"riveratlas-41397340","bbox":[98.85624999999939,8.893749999999876,98.87291666666599,8.902083333333193],"properties":{"id":"riveratlas-41397340","order":4,"discharge":57.61899948120117},"geometry":{"type":"MultiLineString","coordinates":[[[98.85625,8.89375],[98.860417,8.897917],[98.86875,8.897917],[98.872917,8.902083]]]}},{"type":"Feature","id":"riveratlas-41397371","bbox":[98.28958333333273,8.88958333333317,98.31041666666606,8.893749999999871],"properties":{"id":"riveratlas-41397371","order":4,"discharge":48.750999450683594},"geometry":{"type":"MultiLineString","coordinates":[[[98.310417,8.889583],[98.30625,8.889583],[98.302083,8.89375],[98.289583,8.89375]]]}},{"type":"Feature","id":"riveratlas-41397377","bbox":[98.85624999999939,8.88958333333317,98.85624999999939,8.893749999999871],"properties":{"id":"riveratlas-41397377","order":4,"discharge":57.255001068115234},"geometry":{"type":"MultiLineString","coordinates":[[[98.85625,8.889583],[98.85625,8.89375]]]}},{"type":"Feature","id":"riveratlas-41397379","bbox":[98.98541666666605,8.88958333333317,98.99791666666611,8.93541666666654],"properties":{"id":"riveratlas-41397379","order":3,"discharge":4.86299991607666},"geometry":{"type":"MultiLineString","coordinates":[[[98.985417,8.889583],[98.985417,8.897917],[98.989583,8.902083],[98.989583,8.90625],[98.985417,8.910417],[98.989583,8.914583],[98.989583,8.91875],[98.99375,8.922917],[98.99375,8.927083],[98.997917,8.93125],[98.997917,8.935417]]]}},{"type":"Feature","id":"riveratlas-41397382","bbox":[99.18541666666599,8.88958333333317,99.20208333333271,8.927083333333181],"properties":{"id":"riveratlas-41397382","order":6,"discharge":168.65699768066406},"geometry":{"type":"MultiLineString","coordinates":[[[99.185417,8.889583],[99.189583,8.89375],[99.189583,8.910417],[99.19375,8.914583],[99.19375,8.91875],[99.202083,8.927083]]]}},{"type":"Feature","id":"riveratlas-41397393","bbox":[98.65208333333263,8.88541666666655,98.66041666666602,8.893749999999867],"properties":{"id":"riveratlas-41397393","order":3,"discharge":13.612000465393066},"geometry":{"type":"MultiLineString","coordinates":[[[98.652083,8.89375],[98.660417,8.885417]]]}},{"type":"Feature","id":"riveratlas-41397394","bbox":[98.66041666666601,8.88541666666655,98.67291666666598,8.88541666666655],"properties":{"id":"riveratlas-41397394","order":3,"discharge":17.125},"geometry":{"type":"MultiLineString","coordinates":[[[98.660417,8.885417],[98.672917,8.885417]]]}},{"type":"Feature","id":"riveratlas-41397399","bbox":[98.98541666666605,8.88541666666655,98.98958333333272,8.889583333333167],"properties":{"id":"riveratlas-41397399","order":3,"discharge":4.090000152587891},"geometry":{"type":"MultiLineString","coordinates":[[[98.989583,8.885417],[98.985417,8.889583]]]}},{"type":"Feature","id":"riveratlas-41397401","bbox":[99.27291666666608,8.88541666666655,99.30208333333265,8.906249999999885],"properties":{"id":"riveratlas-41397401","order":3,"discharge":11.39799976348877},"geometry":{"type":"MultiLineString","coordinates":[[[99.302083,8.885417],[99.297917,8.889583],[99.29375,8.889583],[99.289583,8.89375],[99.289583,8.897917],[99.28125,8.90625],[99.272917,8.90625]]]}},{"type":"Feature","id":"riveratlas-41397419","bbox":[98.31041666666604,8.88124999999986,98.34374999999947,8.893749999999876],"properties":{"id":"riveratlas-41397419","order":4,"discharge":47.60499954223633},"geometry":{"type":"MultiLineString","coordinates":[[[98.34375,8.88125],[98.339583,8.885417],[98.33125,8.885417],[98.322917,8.89375],[98.31875,8.889583],[98.310417,8.889583]]]}},{"type":"Feature","id":"riveratlas-41397422","bbox":[98.672916666666,8.88124999999986,98.68958333333272,8.88541666666656],"properties":{"id":"riveratlas-41397422","order":3,"discharge":18.010000228881836},"geometry":{"type":"MultiLineString","coordinates":[[[98.672917,8.885417],[98.677083,8.885417],[98.68125,8.88125],[98.689583,8.88125]]]}},{"type":"Feature","id":"riveratlas-41397426","bbox":[99.18124999999932,8.88124999999986,99.18541666666599,8.889583333333176],"properties":{"id":"riveratlas-41397426","order":6,"discharge":169.5959930419922},"geometry":{"type":"MultiLineString","coordinates":[[[99.18125,8.88125],[99.18125,8.885417],[99.185417,8.889583]]]}},{"type":"Feature","id":"riveratlas-41397437","bbox":[98.6895833333327,8.877083333333196,98.69791666666602,8.881249999999856],"properties":{"id":"riveratlas-41397437","order":3,"discharge":19.320999145507812},"geometry":{"type":"MultiLineString","coordinates":[[[98.689583,8.88125],[98.69375,8.877083],[98.697917,8.877083]]]}},{"type":"Feature","id":"riveratlas-41397462","bbox":[98.84791666666607,8.872916666666534,98.85624999999938,8.889583333333167],"properties":{"id":"riveratlas-41397462","order":4,"discharge":56.33700180053711},"geometry":{"type":"MultiLineString","coordinates":[[[98.847917,8.872917],[98.847917,8.877083],[98.85625,8.885417],[98.85625,8.889583]]]}},{"type":"Feature","id":"riveratlas-41397464","bbox":[98.98541666666605,8.872916666666534,98.98958333333272,8.88541666666655],"properties":{"id":"riveratlas-41397464","order":3,"discharge":3.875},"geometry":{"type":"MultiLineString","coordinates":[[[98.985417,8.872917],[98.985417,8.88125],[98.989583,8.885417]]]}},{"type":"Feature","id":"riveratlas-41397465","bbox":[99.17708333333266,8.872916666666534,99.18124999999932,8.88124999999985],"properties":{"id":"riveratlas-41397465","order":3,"discharge":6.629000186920166},"geometry":{"type":"MultiLineString","coordinates":[[[99.177083,8.872917],[99.177083,8.877083],[99.18125,8.88125]]]}},{"type":"Feature","id":"riveratlas-41397482","bbox":[98.28124999999935,8.868749999999885,98.28958333333274,8.877083333333202],"properties":{"id":"riveratlas-41397482","order":3,"discharge":5.696000099182129},"geometry":{"type":"MultiLineString","coordinates":[[[98.289583,8.86875],[98.28125,8.877083]]]}},{"type":"Feature","id":"riveratlas-41397483","bbox":[98.34374999999946,8.868749999999885,98.35624999999935,8.881249999999861],"properties":{"id":"riveratlas-41397483","order":4,"discharge":45.86199951171875},"geometry":{"type":"MultiLineString","coordinates":[[[98.35625,8.86875],[98.34375,8.88125]]]}},{"type":"Feature","id":"riveratlas-41397491","bbox":[99.15624999999935,8.868749999999885,99.17708333333267,8.872916666666544],"properties":{"id":"riveratlas-41397491","order":3,"discharge":6.109000205993652},"geometry":{"type":"MultiLineString","coordinates":[[[99.15625,8.86875],[99.160417,8.86875],[99.164583,8.872917],[99.177083,8.872917]]]}},{"type":"Feature","id":"riveratlas-41397492","bbox":[99.18124999999932,8.868749999999885,99.19374999999938,8.881249999999861],"properties":{"id":"riveratlas-41397492","order":6,"discharge":163.33900451660156},"geometry":{"type":"MultiLineString","coordinates":[[[99.19375,8.86875],[99.18125,8.88125]]]}},{"type":"Feature","id":"riveratlas-41397508","bbox":[98.69791666666603,8.864583333333222,98.71458333333263,8.877083333333198],"properties":{"id":"riveratlas-41397508","order":3,"discharge":20.26099967956543},"geometry":{"type":"MultiLineString","coordinates":[[[98.697917,8.877083],[98.702083,8.877083],[98.70625,8.872917],[98.70625,8.86875],[98.710417,8.864583],[98.714583,8.864583]]]}},{"type":"Feature","id":"riveratlas-41397509","bbox":[98.8437499999994,8.864583333333222,98.84791666666607,8.872916666666539],"properties":{"id":"riveratlas-41397509","order":4,"discharge":55.95500183105469},"geometry":{"type":"MultiLineString","coordinates":[[[98.84375,8.864583],[98.847917,8.86875],[98.847917,8.872917]]]}},{"type":"Feature","id":"riveratlas-41397531","bbox":[98.35624999999933,8.860416666666517,98.36458333333265,8.868749999999876],"properties":{"id":"riveratlas-41397531","order":4,"discharge":44.902000427246094},"geometry":{"type":"MultiLineString","coordinates":[[[98.364583,8.860417],[98.35625,8.86875]]]}},{"type":"Feature","id":"riveratlas-41397536","bbox":[99.19374999999937,8.860416666666517,99.19791666666599,8.868749999999876],"properties":{"id":"riveratlas-41397536","order":6,"discharge":163.70399475097656},"geometry":{"type":"MultiLineString","coordinates":[[[99.197917,8.860417],[99.19375,8.864583],[99.19375,8.86875]]]}},{"type":"Feature","id":"riveratlas-41397561","bbox":[98.36458333333266,8.856249999999868,98.36458333333266,8.860416666666527],"properties":{"id":"riveratlas-41397561","order":4,"discharge":43.441001892089844},"geometry":{"type":"MultiLineString","coordinates":[[[98.364583,8.85625],[98.364583,8.860417]]]}},{"type":"Feature","id":"riveratlas-41397563","bbox":[98.71458333333263,8.856249999999868,98.72291666666607,8.864583333333227],"properties":{"id":"riveratlas-41397563","order":3,"discharge":20.59000015258789},"geometry":{"type":"MultiLineString","coordinates":[[[98.714583,8.864583],[98.722917,8.85625]]]}},{"type":"Feature","id":"riveratlas-41397579","bbox":[98.83541666666602,8.852083333333205,98.84374999999942,8.864583333333222],"properties":{"id":"riveratlas-41397579","order":4,"discharge":55.46699905395508},"geometry":{"type":"MultiLineString","coordinates":[[[98.835417,8.852083],[98.84375,8.860417],[98.84375,8.864583]]]}},{"type":"Feature","id":"riveratlas-41397580","bbox":[98.98124999999939,8.852083333333205,98.98541666666605,8.872916666666539],"properties":{"id":"riveratlas-41397580","order":3,"discharge":3.556999921798706},"geometry":{"type":"MultiLineString","coordinates":[[[98.98125,8.852083],[98.985417,8.85625],[98.985417,8.864583],[98.98125,8.86875],[98.985417,8.872917]]]}},{"type":"Feature","id":"riveratlas-41397602","bbox":[98.72291666666607,8.8479166666665,98.73124999999938,8.856249999999859],"properties":{"id":"riveratlas-41397602","order":3,"discharge":22.243000030517578},"geometry":{"type":"MultiLineString","coordinates":[[[98.722917,8.85625],[98.73125,8.847917]]]}},{"type":"Feature","id":"riveratlas-41397641","bbox":[98.73124999999939,8.839583333333188,98.76041666666596,8.847916666666505],"properties":{"id":"riveratlas-41397641","order":3,"discharge":23.507999420166016},"geometry":{"type":"MultiLineString","coordinates":[[[98.73125,8.847917],[98.735417,8.84375],[98.75625,8.84375],[98.760417,8.839583]]]}},{"type":"Feature","id":"riveratlas-41397643","bbox":[98.83541666666602,8.839583333333188,98.83958333333273,8.852083333333205],"properties":{"id":"riveratlas-41397643","order":4,"discharge":54.66899871826172},"geometry":{"type":"MultiLineString","coordinates":[[[98.839583,8.839583],[98.839583,8.847917],[98.835417,8.852083]]]}},{"type":"Feature","id":"riveratlas-41397644","bbox":[99.30208333333266,8.839583333333188,99.36041666666604,8.885416666666558],"properties":{"id":"riveratlas-41397644","order":3,"discharge":7.264999866485596},"geometry":{"type":"MultiLineString","coordinates":[[[99.360417,8.839583],[99.352083,8.847917],[99.34375,8.847917],[99.335417,8.85625],[99.327083,8.85625],[99.322917,8.860417],[99.31875,8.860417],[99.302083,8.877083],[99.30625,8.88125],[99.302083,8.885417]]]}},{"type":"Feature","id":"riveratlas-41397668","bbox":[98.76041666666598,8.835416666666525,98.76458333333268,8.839583333333184],"properties":{"id":"riveratlas-41397668","order":3,"discharge":24.333999633789062},"geometry":{"type":"MultiLineString","coordinates":[[[98.760417,8.839583],[98.764583,8.835417]]]}},{"type":"Feature","id":"riveratlas-41397685","bbox":[98.36458333333266,8.831249999999862,98.37291666666597,8.856249999999855],"properties":{"id":"riveratlas-41397685","order":4,"discharge":43.180999755859375},"geometry":{"type":"MultiLineString","coordinates":[[[98.372917,8.83125],[98.372917,8.835417],[98.364583,8.84375],[98.364583,8.85625]]]}},{"type":"Feature","id":"riveratlas-41397687","bbox":[98.4562499999993,8.831249999999862,98.4562499999993,8.835416666666521],"properties":{"id":"riveratlas-41397687","order":3,"discharge":1.840999960899353},"geometry":{"type":"MultiLineString","coordinates":[[[98.45625,8.835417],[98.45625,8.83125]]]}},{"type":"Feature","id":"riveratlas-41397688","bbox":[98.4562499999993,8.831249999999862,98.48124999999933,8.839583333333179],"properties":{"id":"riveratlas-41397688","order":3,"discharge":10.621999740600586},"geometry":{"type":"MultiLineString","coordinates":[[[98.48125,8.839583],[98.477083,8.839583],[98.472917,8.835417],[98.46875,8.839583],[98.464583,8.839583],[98.45625,8.83125]]]}},{"type":"Feature","id":"riveratlas-41397709","bbox":[98.48124999999933,8.827083333333213,98.48958333333265,8.83958333333319],"properties":{"id":"riveratlas-41397709","order":3,"discharge":8.994999885559082},"geometry":{"type":"MultiLineString","coordinates":[[[98.489583,8.827083],[98.485417,8.83125],[98.485417,8.835417],[98.48125,8.839583]]]}},{"type":"Feature","id":"riveratlas-41397713","bbox":[98.83541666666602,8.827083333333213,98.83958333333273,8.83958333333319],"properties":{"id":"riveratlas-41397713","order":4,"discharge":52.70500183105469},"geometry":{"type":"MultiLineString","coordinates":[[[98.835417,8.827083],[98.835417,8.835417],[98.839583,8.839583]]]}},{"type":"Feature","id":"riveratlas-41397717","bbox":[99.19791666666598,8.827083333333213,99.21874999999935,8.860416666666524],"properties":{"id":"riveratlas-41397717","order":6,"discharge":163.91900634765625},"geometry":{"type":"MultiLineString","coordinates":[[[99.21875,8.827083],[99.21875,8.83125],[99.214583,8.835417],[99.214583,8.839583],[99.210417,8.84375],[99.210417,8.847917],[99.197917,8.860417]]]}},{"type":"Feature","id":"riveratlas-41397736","bbox":[98.37291666666599,8.822916666666508,98.37291666666599,8.831249999999867],"properties":{"id":"riveratlas-41397736","order":4,"discharge":41.869998931884766},"geometry":{"type":"MultiLineString","coordinates":[[[98.372917,8.822917],[98.372917,8.83125]]]}},{"type":"Feature","id":"riveratlas-41397738","bbox":[99.21874999999935,8.822916666666508,99.22708333333266,8.827083333333208],"properties":{"id":"riveratlas-41397738","order":3,"discharge":2.696000099182129},"geometry":{"type":"MultiLineString","coordinates":[[[99.227083,8.822917],[99.222917,8.827083],[99.21875,8.827083]]]}},{"type":"Feature","id":"riveratlas-41397741","bbox":[99.90208333333268,8.822916666666508,99.92291666666605,8.843749999999885],"properties":{"id":"riveratlas-41397741","order":3,"discharge":5.122000217437744},"geometry":{"type":"MultiLineString","coordinates":[[[99.902083,8.827083],[99.90625,8.827083],[99.910417,8.822917],[99.914583,8.822917],[99.91875,8.827083],[99.91875,8.839583],[99.922917,8.84375]]]}},{"type":"Feature","id":"riveratlas-41397752","bbox":[98.37291666666599,8.818749999999845,98.37291666666599,8.822916666666504],"properties":{"id":"riveratlas-41397752","order":4,"discharge":40.32400131225586},"geometry":{"type":"MultiLineString","coordinates":[[[98.372917,8.81875],[98.372917,8.822917]]]}},{"type":"Feature","id":"riveratlas-41397755","bbox":[98.44374999999937,8.818749999999845,98.4562499999993,8.831249999999862],"properties":{"id":"riveratlas-41397755","order":4,"discharge":12.739999771118164},"geometry":{"type":"MultiLineString","coordinates":[[[98.45625,8.83125],[98.44375,8.81875]]]}},{"type":"Feature","id":"riveratlas-41397759","bbox":[98.7645833333327,8.818749999999845,98.78958333333269,8.835416666666521],"properties":{"id":"riveratlas-41397759","order":3,"discharge":25.586000442504883},"geometry":{"type":"MultiLineString","coordinates":[[[98.764583,8.835417],[98.772917,8.835417],[98.777083,8.83125],[98.78125,8.83125],[98.789583,8.822917],[98.789583,8.81875]]]}},{"type":"Feature","id":"riveratlas-41397761","bbox":[98.8270833333327,8.818749999999845,98.835416666666,8.827083333333205],"properties":{"id":"riveratlas-41397761","order":4,"discharge":44.10100173950195},"geometry":{"type":"MultiLineString","coordinates":[[[98.827083,8.81875],[98.835417,8.827083]]]}},{"type":"Feature","id":"riveratlas-41397762","bbox":[98.83541666666602,8.818749999999845,98.84374999999942,8.827083333333205],"properties":{"id":"riveratlas-41397762","order":3,"discharge":8.506999969482422},"geometry":{"type":"MultiLineString","coordinates":[[[98.84375,8.81875],[98.835417,8.827083]]]}},{"type":"Feature","id":"riveratlas-41397767","bbox":[99.21458333333268,8.818749999999845,99.21874999999935,8.827083333333205],"properties":{"id":"riveratlas-41397767","order":6,"discharge":162.572998046875},"geometry":{"type":"MultiLineString","coordinates":[[[99.214583,8.81875],[99.214583,8.822917],[99.21875,8.827083]]]}},{"type":"Feature","id":"riveratlas-41397769","bbox":[99.89374999999936,8.818749999999845,99.90208333333267,8.827083333333205],"properties":{"id":"riveratlas-41397769","order":3,"discharge":2.430000066757202},"geometry":{"type":"MultiLineString","coordinates":[[[99.89375,8.81875],[99.902083,8.827083]]]}},{"type":"Feature","id":"riveratlas-41397781","bbox":[98.44374999999937,8.814583333333196,98.44374999999937,8.818749999999856],"properties":{"id":"riveratlas-41397781","order":4,"discharge":13.8100004196167},"geometry":{"type":"MultiLineString","coordinates":[[[98.44375,8.81875],[98.44375,8.814583]]]}},{"type":"Feature","id":"riveratlas-41397798","bbox":[98.78958333333267,8.810416666666534,98.810416666666,8.81874999999985],"properties":{"id":"riveratlas-41397798","order":3,"discharge":26.013999938964844},"geometry":{"type":"MultiLineString","coordinates":[[[98.789583,8.81875],[98.79375,8.814583],[98.797917,8.81875],[98.802083,8.814583],[98.80625,8.814583],[98.810417,8.810417]]]}},{"type":"Feature","id":"riveratlas-41397799","bbox":[98.81041666666599,8.810416666666534,98.82708333333271,8.81874999999985],"properties":{"id":"riveratlas-41397799","order":4,"discharge":43.85499954223633},"geometry":{"type":"MultiLineString","coordinates":[[[98.810417,8.810417],[98.814583,8.810417],[98.81875,8.814583],[98.822917,8.814583],[98.827083,8.81875]]]}},{"type":"Feature","id":"riveratlas-41397819","bbox":[99.36041666666605,8.80624999999987,99.37708333333269,8.83958333333318],"properties":{"id":"riveratlas-41397819","order":3,"discharge":6.002999782562256},"geometry":{"type":"MultiLineString","coordinates":[[[99.377083,8.80625],[99.36875,8.80625],[99.364583,8.810417],[99.364583,8.827083],[99.360417,8.83125],[99.360417,8.839583]]]}},{"type":"Feature","id":"riveratlas-41397821","bbox":[99.3770833333327,8.80624999999987,99.4062499999994,8.818749999999847],"properties":{"id":"riveratlas-41397821","order":3,"discharge":5.427000045776367},"geometry":{"type":"MultiLineString","coordinates":[[[99.40625,8.81875],[99.397917,8.81875],[99.39375,8.814583],[99.39375,8.810417],[99.389583,8.80625],[99.377083,8.80625]]]}},{"type":"Feature","id":"riveratlas-41397870","bbox":[98.48958333333266,8.797916666666517,98.51041666666599,8.82708333333321],"properties":{"id":"riveratlas-41397870","order":3,"discharge":8.144000053405762},"geometry":{"type":"MultiLineString","coordinates":[[[98.510417,8.797917],[98.489583,8.81875],[98.489583,8.827083]]]}},{"type":"Feature","id":"riveratlas-41397871","bbox":[98.51041666666598,8.797916666666517,98.51874999999929,8.802083333333217],"properties":{"id":"riveratlas-41397871","order":3,"discharge":5.632999897003174},"geometry":{"type":"MultiLineString","coordinates":[[[98.51875,8.802083],[98.514583,8.802083],[98.510417,8.797917]]]}},{"type":"Feature","id":"riveratlas-41397872","bbox":[98.8437499999994,8.797916666666517,98.84791666666607,8.81874999999985],"properties":{"id":"riveratlas-41397872","order":3,"discharge":8.317000389099121},"geometry":{"type":"MultiLineString","coordinates":[[[98.847917,8.797917],[98.847917,8.814583],[98.84375,8.81875]]]}},{"type":"Feature","id":"riveratlas-41397876","bbox":[99.4062499999994,8.797916666666517,99.42708333333265,8.81874999999985],"properties":{"id":"riveratlas-41397876","order":3,"discharge":5.078000068664551},"geometry":{"type":"MultiLineString","coordinates":[[[99.427083,8.797917],[99.422917,8.797917],[99.410417,8.810417],[99.410417,8.814583],[99.40625,8.81875]]]}},{"type":"Feature","id":"riveratlas-41397894","bbox":[98.37291666666599,8.793749999999854,98.37708333333265,8.818749999999847],"properties":{"id":"riveratlas-41397894","order":4,"discharge":39.87699890136719},"geometry":{"type":"MultiLineString","coordinates":[[[98.377083,8.79375],[98.372917,8.797917],[98.372917,8.81875]]]}},{"type":"Feature","id":"riveratlas-41397896","bbox":[98.797916666666,8.793749999999854,98.81041666666597,8.81041666666653],"properties":{"id":"riveratlas-41397896","order":3,"discharge":17.69300079345703},"geometry":{"type":"MultiLineString","coordinates":[[[98.797917,8.79375],[98.810417,8.80625],[98.810417,8.810417]]]}},{"type":"Feature","id":"riveratlas-41397899","bbox":[99.172916666666,8.793749999999854,99.21458333333267,8.818749999999847],"properties":{"id":"riveratlas-41397899","order":3,"discharge":5.373000144958496},"geometry":{"type":"MultiLineString","coordinates":[[[99.172917,8.79375],[99.177083,8.79375],[99.185417,8.802083],[99.189583,8.802083],[99.19375,8.80625],[99.197917,8.80625],[99.210417,8.81875],[99.214583,8.81875]]]}},{"type":"Feature","id":"riveratlas-41397901","bbox":[99.42708333333266,8.793749999999854,99.43124999999932,8.797916666666513],"properties":{"id":"riveratlas-41397901","order":3,"discharge":4.64900016784668},"geometry":{"type":"MultiLineString","coordinates":[[[99.43125,8.79375],[99.427083,8.797917]]]}},{"type":"Feature","id":"riveratlas-41397921","bbox":[98.43124999999938,8.789583333333205,98.44374999999935,8.814583333333198],"properties":{"id":"riveratlas-41397921","order":4,"discharge":14.755999565124512},"geometry":{"type":"MultiLineString","coordinates":[[[98.44375,8.814583],[98.439583,8.810417],[98.439583,8.80625],[98.435417,8.802083],[98.435417,8.79375],[98.43125,8.789583]]]}},{"type":"Feature","id":"riveratlas-41397925","bbox":[99.64374999999936,8.789583333333205,99.65624999999942,8.793749999999864],"properties":{"id":"riveratlas-41397925","order":3,"discharge":7.936999797821045},"geometry":{"type":"MultiLineString","coordinates":[[[99.64375,8.79375],[99.647917,8.789583],[99.65625,8.789583]]]}},{"type":"Feature","id":"riveratlas-41397947","bbox":[98.5187499999993,8.785416666666542,98.54374999999933,8.802083333333218],"properties":{"id":"riveratlas-41397947","order":3,"discharge":4.826000213623047},"geometry":{"type":"MultiLineString","coordinates":[[[98.54375,8.785417],[98.539583,8.785417],[98.535417,8.789583],[98.53125,8.789583],[98.51875,8.802083]]]}},{"type":"Feature","id":"riveratlas-41397949","bbox":[98.8437499999994,8.785416666666542,98.84791666666607,8.797916666666518],"properties":{"id":"riveratlas-41397949","order":3,"discharge":7.497000217437744},"geometry":{"type":"MultiLineString","coordinates":[[[98.84375,8.785417],[98.84375,8.79375],[98.847917,8.797917]]]}},{"type":"Feature","id":"riveratlas-41397950","bbox":[99.43124999999932,8.785416666666542,99.43541666666599,8.793749999999859],"properties":{"id":"riveratlas-41397950","order":3,"discharge":3.8399999141693115},"geometry":{"type":"MultiLineString","coordinates":[[[99.435417,8.785417],[99.43125,8.785417],[99.43125,8.79375]]]}},{"type":"Feature","id":"riveratlas-41397952","bbox":[99.62291666666604,8.785416666666542,99.63541666666602,8.785416666666542],"properties":{"id":"riveratlas-41397952","order":3,"discharge":6.383999824523926},"geometry":{"type":"MultiLineString","coordinates":[[[99.622917,8.785417],[99.635417,8.785417]]]}},{"type":"Feature","id":"riveratlas-41397954","bbox":[99.63541666666603,8.785416666666542,99.64374999999934,8.793749999999859],"properties":{"id":"riveratlas-41397954","order":3,"discharge":6.863999843597412},"geometry":{"type":"MultiLineString","coordinates":[[[99.635417,8.785417],[99.64375,8.79375]]]}},{"type":"Feature","id":"riveratlas-41397978","bbox":[98.42708333333272,8.78124999999988,98.43124999999938,8.789583333333196],"properties":{"id":"riveratlas-41397978","order":4,"discharge":15.701000213623047},"geometry":{"type":"MultiLineString","coordinates":[[[98.43125,8.789583],[98.43125,8.785417],[98.427083,8.78125]]]}},{"type":"Feature","id":"riveratlas-41397979","bbox":[98.54374999999933,8.78124999999988,98.547916666666,8.785416666666539],"properties":{"id":"riveratlas-41397979","order":3,"discharge":3.934999942779541},"geometry":{"type":"MultiLineString","coordinates":[[[98.547917,8.78125],[98.54375,8.785417]]]}},{"type":"Feature","id":"riveratlas-41397986","bbox":[99.15208333333263,8.78124999999988,99.172916666666,8.793749999999855],"properties":{"id":"riveratlas-41397986","order":3,"discharge":4.875999927520752},"geometry":{"type":"MultiLineString","coordinates":[[[99.152083,8.78125],[99.15625,8.785417],[99.164583,8.785417],[99.172917,8.79375]]]}},{"type":"Feature","id":"riveratlas-41397990","bbox":[99.91458333333273,8.78124999999988,99.9354166666661,8.789583333333196],"properties":{"id":"riveratlas-41397990","order":3,"discharge":20.37700080871582},"geometry":{"type":"MultiLineString","coordinates":[[[99.914583,8.785417],[99.91875,8.785417],[99.922917,8.789583],[99.93125,8.78125],[99.935417,8.78125]]]}},{"type":"Feature","id":"riveratlas-41398006","bbox":[98.37708333333265,8.77708333333323,98.38958333333271,8.793749999999864],"properties":{"id":"riveratlas-41398006","order":4,"discharge":38.57099914550781},"geometry":{"type":"MultiLineString","coordinates":[[[98.389583,8.777083],[98.385417,8.78125],[98.385417,8.785417],[98.377083,8.79375]]]}},{"type":"Feature","id":"riveratlas-41398007","bbox":[98.3895833333327,8.77708333333323,98.40208333333267,8.77708333333323],"properties":{"id":"riveratlas-41398007","order":4,"discharge":33.32600021362305},"geometry":{"type":"MultiLineString","coordinates":[[[98.402083,8.777083],[98.389583,8.777083]]]}},{"type":"Feature","id":"riveratlas-41398015","bbox":[99.13541666666598,8.77708333333323,99.13958333333277,8.77708333333323],"properties":{"id":"riveratlas-41398015","order":3,"discharge":3.3589999675750732},"geometry":{"type":"MultiLineString","coordinates":[[[99.135417,8.777083],[99.139583,8.777083]]]}},{"type":"Feature","id":"riveratlas-41398016","bbox":[99.13958333333275,8.77708333333323,99.15208333333264,8.78124999999989],"properties":{"id":"riveratlas-41398016","order":3,"discharge":4.396999835968018},"geometry":{"type":"MultiLineString","coordinates":[[[99.139583,8.777083],[99.14375,8.78125],[99.152083,8.78125]]]}},{"type":"Feature","id":"riveratlas-41398017","bbox":[99.43541666666599,8.77708333333323,99.46458333333268,8.785416666666547],"properties":{"id":"riveratlas-41398017","order":3,"discharge":3.0290000438690186},"geometry":{"type":"MultiLineString","coordinates":[[[99.464583,8.777083],[99.460417,8.78125],[99.44375,8.78125],[99.439583,8.785417],[99.435417,8.785417]]]}},{"type":"Feature","id":"riveratlas-41398032","bbox":[98.40208333333268,8.772916666666525,98.41458333333266,8.777083333333225],"properties":{"id":"riveratlas-41398032","order":4,"discharge":32.72800064086914},"geometry":{"type":"MultiLineString","coordinates":[[[98.414583,8.772917],[98.40625,8.772917],[98.402083,8.777083]]]}},{"type":"Feature","id":"riveratlas-41398033","bbox":[98.41458333333267,8.772916666666525,98.42708333333273,8.781249999999885],"properties":{"id":"riveratlas-41398033","order":4,"discharge":20.304000854492188},"geometry":{"type":"MultiLineString","coordinates":[[[98.427083,8.78125],[98.422917,8.78125],[98.414583,8.772917]]]}},{"type":"Feature","id":"riveratlas-41398037","bbox":[98.547916666666,8.772916666666525,98.5562499999994,8.781249999999885],"properties":{"id":"riveratlas-41398037","order":3,"discharge":3.7780001163482666},"geometry":{"type":"MultiLineString","coordinates":[[[98.55625,8.772917],[98.547917,8.78125]]]}},{"type":"Feature","id":"riveratlas-41398038","bbox":[98.55624999999938,8.772916666666525,98.56041666666604,8.777083333333225],"properties":{"id":"riveratlas-41398038","order":3,"discharge":3.2880001068115234},"geometry":{"type":"MultiLineString","coordinates":[[[98.560417,8.777083],[98.55625,8.772917]]]}},{"type":"Feature","id":"riveratlas-41398041","bbox":[99.21458333333268,8.772916666666525,99.2312499999994,8.818749999999852],"properties":{"id":"riveratlas-41398041","order":6,"discharge":157.56300354003906},"geometry":{"type":"MultiLineString","coordinates":[[[99.23125,8.772917],[99.23125,8.777083],[99.227083,8.78125],[99.227083,8.785417],[99.214583,8.797917],[99.214583,8.81875]]]}},{"type":"Feature","id":"riveratlas-41398042","bbox":[99.46458333333268,8.772916666666525,99.48124999999932,8.781249999999885],"properties":{"id":"riveratlas-41398042","order":3,"discharge":1.809999942779541},"geometry":{"type":"MultiLineString","coordinates":[[[99.48125,8.78125],[99.48125,8.777083],[99.477083,8.772917],[99.472917,8.777083],[99.464583,8.777083]]]}},{"type":"Feature","id":"riveratlas-41398061","bbox":[98.28958333333273,8.768749999999862,98.33541666666609,8.868749999999876],"properties":{"id":"riveratlas-41398061","order":3,"discharge":5.288000106811523},"geometry":{"type":"MultiLineString","coordinates":[[[98.327083,8.76875],[98.327083,8.78125],[98.335417,8.789583],[98.335417,8.79375],[98.33125,8.797917],[98.327083,8.797917],[98.327083,8.802083],[98.31875,8.810417],[98.322917,8.814583],[98.314583,8.822917],[98.314583,8.83125],[98.30625,8.839583],[98.302083,8.839583],[98.289583,8.852083],[98.289583,8.86875]]]}},{"type":"Feature","id":"riveratlas-41398066","bbox":[98.78124999999935,8.768749999999862,98.79791666666598,8.793749999999855],"properties":{"id":"riveratlas-41398066","order":3,"discharge":17.22800064086914},"geometry":{"type":"MultiLineString","coordinates":[[[98.78125,8.76875],[98.785417,8.76875],[98.797917,8.78125],[98.797917,8.79375]]]}},{"type":"Feature","id":"riveratlas-41398068","bbox":[98.83541666666602,8.768749999999862,98.84374999999942,8.785416666666539],"properties":{"id":"riveratlas-41398068","order":3,"discharge":6.578000068664551},"geometry":{"type":"MultiLineString","coordinates":[[[98.835417,8.76875],[98.839583,8.772917],[98.839583,8.777083],[98.84375,8.78125],[98.84375,8.785417]]]}},{"type":"Feature","id":"riveratlas-41398086","bbox":[98.32291666666598,8.764583333333213,98.32708333333277,8.768749999999873],"properties":{"id":"riveratlas-41398086","order":3,"discharge":1.5509999990463257},"geometry":{"type":"MultiLineString","coordinates":[[[98.322917,8.764583],[98.327083,8.76875]]]}},{"type":"Feature","id":"riveratlas-41398094","bbox":[99.23124999999939,8.764583333333213,99.2395833333327,8.77291666666653],"properties":{"id":"riveratlas-41398094","order":6,"discharge":158.80099487304688},"geometry":{"type":"MultiLineString","coordinates":[[[99.239583,8.764583],[99.23125,8.772917]]]}},{"type":"Feature","id":"riveratlas-41398109","bbox":[98.66874999999933,8.76041666666655,98.70208333333268,8.777083333333227],"properties":{"id":"riveratlas-41398109","order":3,"discharge":9.58899974822998},"geometry":{"type":"MultiLineString","coordinates":[[[98.66875,8.764583],[98.672917,8.760417],[98.677083,8.764583],[98.68125,8.764583],[98.69375,8.777083],[98.697917,8.777083],[98.702083,8.772917],[98.702083,8.764583]]]}},{"type":"Feature","id":"riveratlas-41398111","bbox":[98.7020833333327,8.76041666666655,98.7062499999994,8.76458333333321],"properties":{"id":"riveratlas-41398111","order":3,"discharge":9.762999534606934},"geometry":{"type":"MultiLineString","coordinates":[[[98.702083,8.764583],[98.70625,8.760417]]]}},{"type":"Feature","id":"riveratlas-41398113","bbox":[98.8270833333327,8.76041666666655,98.835416666666,8.768749999999867],"properties":{"id":"riveratlas-41398113","order":3,"discharge":4.578000068664551},"geometry":{"type":"MultiLineString","coordinates":[[[98.827083,8.760417],[98.835417,8.76875]]]}},{"type":"Feature","id":"riveratlas-41398116","bbox":[99.23958333333272,8.76041666666655,99.24374999999938,8.76458333333321],"properties":{"id":"riveratlas-41398116","order":6,"discharge":158.76499938964844},"geometry":{"type":"MultiLineString","coordinates":[[[99.24375,8.760417],[99.239583,8.764583]]]}},{"type":"Feature","id":"riveratlas-41398135","bbox":[98.65208333333263,8.756249999999845,98.66874999999935,8.764583333333205],"properties":{"id":"riveratlas-41398135","order":3,"discharge":6.814000129699707},"geometry":{"type":"MultiLineString","coordinates":[[[98.652083,8.75625],[98.660417,8.75625],[98.66875,8.764583]]]}},{"type":"Feature","id":"riveratlas-41398139","bbox":[98.75624999999943,8.756249999999845,98.76041666666596,8.756249999999845],"properties":{"id":"riveratlas-41398139","order":3,"discharge":11.324000358581543},"geometry":{"type":"MultiLineString","coordinates":[[[98.75625,8.75625],[98.760417,8.75625]]]}},{"type":"Feature","id":"riveratlas-41398140","bbox":[98.76041666666598,8.756249999999845,98.78124999999935,8.768749999999862],"properties":{"id":"riveratlas-41398140","order":3,"discharge":16.742000579833984},"geometry":{"type":"MultiLineString","coordinates":[[[98.760417,8.75625],[98.764583,8.75625],[98.772917,8.764583],[98.777083,8.764583],[98.78125,8.76875]]]}},{"type":"Feature","id":"riveratlas-41398141","bbox":[98.82291666666603,8.756249999999845,98.8270833333327,8.760416666666545],"properties":{"id":"riveratlas-41398141","order":3,"discharge":4.300000190734863},"geometry":{"type":"MultiLineString","coordinates":[[[98.822917,8.75625],[98.827083,8.760417]]]}},{"type":"Feature","id":"riveratlas-41398143","bbox":[99.11458333333272,8.756249999999845,99.13541666666596,8.777083333333222],"properties":{"id":"riveratlas-41398143","order":3,"discharge":2.859999895095825},"geometry":{"type":"MultiLineString","coordinates":[[[99.114583,8.75625],[99.11875,8.760417],[99.11875,8.764583],[99.127083,8.772917],[99.13125,8.772917],[99.135417,8.777083]]]}},{"type":"Feature","id":"riveratlas-41398156","bbox":[98.70624999999941,8.752083333333196,98.72291666666605,8.760416666666556],"properties":{"id":"riveratlas-41398156","order":3,"discharge":10.081999778747559},"geometry":{"type":"MultiLineString","coordinates":[[[98.70625,8.760417],[98.714583,8.752083],[98.71875,8.752083],[98.722917,8.75625]]]}},{"type":"Feature","id":"riveratlas-41398158","bbox":[99.6562499999994,8.752083333333196,99.67708333333277,8.789583333333207],"properties":{"id":"riveratlas-41398158","order":3,"discharge":10.072999954223633},"geometry":{"type":"MultiLineString","coordinates":[[[99.65625,8.789583],[99.660417,8.785417],[99.660417,8.78125],[99.664583,8.777083],[99.66875,8.777083],[99.672917,8.772917],[99.66875,8.76875],[99.66875,8.760417],[99.677083,8.752083]]]}},{"type":"Feature","id":"riveratlas-41398175","bbox":[98.64791666666602,8.747916666666534,98.65208333333264,8.75624999999985],"properties":{"id":"riveratlas-41398175","order":3,"discharge":5.627999782562256},"geometry":{"type":"MultiLineString","coordinates":[[[98.647917,8.747917],[98.647917,8.752083],[98.652083,8.75625]]]}},{"type":"Feature","id":"riveratlas-41398176","bbox":[98.72291666666607,8.747916666666534,98.75624999999941,8.75624999999985],"properties":{"id":"riveratlas-41398176","order":3,"discharge":10.678000450134277},"geometry":{"type":"MultiLineString","coordinates":[[[98.722917,8.75625],[98.73125,8.75625],[98.739583,8.747917],[98.74375,8.747917],[98.747917,8.752083],[98.752083,8.752083],[98.75625,8.75625]]]}},{"type":"Feature","id":"riveratlas-41398186","bbox":[99.67708333333277,8.747916666666534,99.68958333333266,8.752083333333193],"properties":{"id":"riveratlas-41398186","order":3,"discharge":11.911999702453613},"geometry":{"type":"MultiLineString","coordinates":[[[99.677083,8.752083],[99.68125,8.752083],[99.685417,8.747917],[99.689583,8.747917]]]}},{"type":"Feature","id":"riveratlas-41398191","bbox":[99.8312499999993,8.747916666666534,99.91458333333273,8.785416666666544],"properties":{"id":"riveratlas-41398191","order":3,"discharge":20.000999450683594},"geometry":{"type":"MultiLineString","coordinates":[[[99.83125,8.747917],[99.847917,8.764583],[99.852083,8.764583],[99.85625,8.76875],[99.860417,8.764583],[99.872917,8.764583],[99.877083,8.760417],[99.88125,8.760417],[99.889583,8.76875],[99.89375,8.76875],[99.902083,8.777083],[99.902083,8.78125],[99.90625,8.785417],[99.914583,8.785417]]]}},{"type":"Feature","id":"riveratlas-41398235","bbox":[98.63541666666598,8.739583333333208,98.64791666666603,8.747916666666525],"properties":{"id":"riveratlas-41398235","order":3,"discharge":2.3949999809265137},"geometry":{"type":"MultiLineString","coordinates":[[[98.635417,8.739583],[98.64375,8.747917],[98.647917,8.747917]]]}},{"type":"Feature","id":"riveratlas-41398238","bbox":[98.81874999999937,8.739583333333208,98.82291666666603,8.756249999999842],"properties":{"id":"riveratlas-41398238","order":3,"discharge":3.799999952316284},"geometry":{"type":"MultiLineString","coordinates":[[[98.822917,8.739583],[98.81875,8.74375],[98.81875,8.752083],[98.822917,8.75625]]]}},{"type":"Feature","id":"riveratlas-41398239","bbox":[99.11041666666605,8.739583333333208,99.11874999999937,8.756249999999842],"properties":{"id":"riveratlas-41398239","order":3,"discharge":2.48799991607666},"geometry":{"type":"MultiLineString","coordinates":[[[99.110417,8.739583],[99.11875,8.747917],[99.114583,8.752083],[99.114583,8.75625]]]}},{"type":"Feature","id":"riveratlas-41398240","bbox":[99.24374999999938,8.739583333333208,99.24791666666604,8.760416666666542],"properties":{"id":"riveratlas-41398240","order":6,"discharge":158.71499633789062},"geometry":{"type":"MultiLineString","coordinates":[[[99.247917,8.739583],[99.24375,8.74375],[99.24375,8.760417]]]}},{"type":"Feature","id":"riveratlas-41398246","bbox":[98.41458333333267,8.73541666666656,98.42291666666607,8.772916666666527],"properties":{"id":"riveratlas-41398246","order":3,"discharge":12.038999557495117},"geometry":{"type":"MultiLineString","coordinates":[[[98.422917,8.735417],[98.422917,8.739583],[98.41875,8.74375],[98.41875,8.75625],[98.414583,8.760417],[98.414583,8.772917]]]}},{"type":"Feature","id":"riveratlas-41398257","bbox":[99.68958333333265,8.73541666666656,99.69374999999931,8.747916666666535],"properties":{"id":"riveratlas-41398257","order":3,"discharge":12.192999839782715},"geometry":{"type":"MultiLineString","coordinates":[[[99.689583,8.747917],[99.689583,8.74375],[99.69375,8.739583],[99.69375,8.735417]]]}},{"type":"Feature","id":"riveratlas-41398258","bbox":[99.69374999999931,8.73541666666656,99.71041666666603,8.73541666666656],"properties":{"id":"riveratlas-41398258","order":3,"discharge":14.218999862670898},"geometry":{"type":"MultiLineString","coordinates":[[[99.69375,8.735417],[99.710417,8.735417]]]}},{"type":"Feature","id":"riveratlas-41398259","bbox":[99.71041666666602,8.73541666666656,99.72708333333266,8.73541666666656],"properties":{"id":"riveratlas-41398259","order":3,"discharge":14.548999786376953},"geometry":{"type":"MultiLineString","coordinates":[[[99.710417,8.735417],[99.727083,8.735417]]]}},{"type":"Feature","id":"riveratlas-41398262","bbox":[99.81874999999931,8.73541666666656,99.83124999999929,8.747916666666535],"properties":{"id":"riveratlas-41398262","order":3,"discharge":18.304000854492188},"geometry":{"type":"MultiLineString","coordinates":[[[99.81875,8.735417],[99.83125,8.747917]]]}},{"type":"Feature","id":"riveratlas-41398273","bbox":[98.42291666666605,8.731249999999854,98.42291666666605,8.735416666666554],"properties":{"id":"riveratlas-41398273","order":3,"discharge":10.628000259399414},"geometry":{"type":"MultiLineString","coordinates":[[[98.422917,8.73125],[98.422917,8.735417]]]}},{"type":"Feature","id":"riveratlas-41398277","bbox":[98.82291666666603,8.731249999999854,98.8270833333327,8.739583333333213],"properties":{"id":"riveratlas-41398277","order":3,"discharge":3.562000036239624},"geometry":{"type":"MultiLineString","coordinates":[[[98.827083,8.73125],[98.827083,8.735417],[98.822917,8.739583]]]}},{"type":"Feature","id":"riveratlas-41398305","bbox":[99.24791666666604,8.72708333333319,99.2604166666661,8.739583333333208],"properties":{"id":"riveratlas-41398305","order":6,"discharge":158.8280029296875},"geometry":{"type":"MultiLineString","coordinates":[[[99.260417,8.727083],[99.247917,8.739583]]]}},{"type":"Feature","id":"riveratlas-41398342","bbox":[99.72708333333267,8.722916666666542,99.76041666666602,8.73541666666656],"properties":{"id":"riveratlas-41398342","order":3,"discharge":15.809000015258789},"geometry":{"type":"MultiLineString","coordinates":[[[99.727083,8.735417],[99.73125,8.73125],[99.735417,8.73125],[99.739583,8.727083],[99.74375,8.727083],[99.752083,8.735417],[99.75625,8.73125],[99.75625,8.727083],[99.760417,8.722917]]]}},{"type":"Feature","id":"riveratlas-41398370","bbox":[99.76041666666603,8.71874999999988,99.76874999999934,8.722916666666539],"properties":{"id":"riveratlas-41398370","order":3,"discharge":16.049999237060547},"geometry":{"type":"MultiLineString","coordinates":[[[99.760417,8.722917],[99.764583,8.71875],[99.76875,8.71875]]]}},{"type":"Feature","id":"riveratlas-41398385","bbox":[99.26041666666609,8.714583333333174,99.26041666666609,8.72708333333319],"properties":{"id":"riveratlas-41398385","order":6,"discharge":157.6009979248047},"geometry":{"type":"MultiLineString","coordinates":[[[99.260417,8.714583],[99.260417,8.727083]]]}},{"type":"Feature","id":"riveratlas-41398419","bbox":[99.76874999999936,8.710416666666525,99.8187499999993,8.73541666666656],"properties":{"id":"riveratlas-41398419","order":3,"discharge":17.81100082397461},"geometry":{"type":"MultiLineString","coordinates":[[[99.76875,8.71875],[99.777083,8.710417],[99.78125,8.710417],[99.785417,8.714583],[99.789583,8.714583],[99.80625,8.73125],[99.814583,8.73125],[99.81875,8.735417]]]}},{"type":"Feature","id":"riveratlas-41398433","bbox":[98.23958333333283,8.706249999999862,98.24791666666606,8.706249999999862],"properties":{"id":"riveratlas-41398433","order":3,"discharge":2.61299991607666},"geometry":{"type":"MultiLineString","coordinates":[[[98.247917,8.70625],[98.239583,8.70625]]]}},{"type":"Feature","id":"riveratlas-41398469","bbox":[99.26041666666609,8.7020833333332,99.26874999999932,8.714583333333175],"properties":{"id":"riveratlas-41398469","order":6,"discharge":157.74899291992188},"geometry":{"type":"MultiLineString","coordinates":[[[99.26875,8.702083],[99.26875,8.70625],[99.260417,8.714583]]]}},{"type":"Feature","id":"riveratlas-41398486","bbox":[98.24791666666604,8.69791666666655,98.28124999999935,8.706249999999867],"properties":{"id":"riveratlas-41398486","order":3,"discharge":2.3570001125335693},"geometry":{"type":"MultiLineString","coordinates":[[[98.28125,8.697917],[98.264583,8.697917],[98.260417,8.702083],[98.252083,8.702083],[98.247917,8.70625]]]}},{"type":"Feature","id":"riveratlas-41398487","bbox":[98.28124999999935,8.69791666666655,98.28541666666601,8.69791666666655],"properties":{"id":"riveratlas-41398487","order":3,"discharge":1.4240000247955322},"geometry":{"type":"MultiLineString","coordinates":[[[98.285417,8.697917],[98.28125,8.697917]]]}},{"type":"Feature","id":"riveratlas-41398495","bbox":[98.40624999999935,8.69791666666655,98.42291666666607,8.73124999999986],"properties":{"id":"riveratlas-41398495","order":3,"discharge":8.810999870300293},"geometry":{"type":"MultiLineString","coordinates":[[[98.40625,8.697917],[98.41875,8.710417],[98.41875,8.714583],[98.422917,8.71875],[98.422917,8.73125]]]}},{"type":"Feature","id":"riveratlas-41398548","bbox":[98.40624999999935,8.685416666666534,98.40624999999935,8.69791666666655],"properties":{"id":"riveratlas-41398548","order":3,"discharge":7.53000020980835},"geometry":{"type":"MultiLineString","coordinates":[[[98.40625,8.685417],[98.40625,8.697917]]]}},{"type":"Feature","id":"riveratlas-41398552","bbox":[99.2687499999993,8.685416666666534,99.27291666666609,8.70208333333321],"properties":{"id":"riveratlas-41398552","order":6,"discharge":151.4709930419922},"geometry":{"type":"MultiLineString","coordinates":[[[99.272917,8.685417],[99.272917,8.689583],[99.26875,8.69375],[99.26875,8.702083]]]}},{"type":"Feature","id":"riveratlas-41398555","bbox":[99.77291666666602,8.685416666666534,99.86041666666601,8.693749999999893],"properties":{"id":"riveratlas-41398555","order":3,"discharge":1.8519999980926514},"geometry":{"type":"MultiLineString","coordinates":[[[99.772917,8.685417],[99.777083,8.689583],[99.78125,8.689583],[99.785417,8.69375],[99.789583,8.689583],[99.822917,8.689583],[99.827083,8.685417],[99.84375,8.685417],[99.847917,8.689583],[99.852083,8.685417],[99.860417,8.685417]]]}},{"type":"Feature","id":"riveratlas-41398592","bbox":[98.40624999999935,8.677083333333208,98.41874999999932,8.685416666666525],"properties":{"id":"riveratlas-41398592","order":3,"discharge":4.618000030517578},"geometry":{"type":"MultiLineString","coordinates":[[[98.41875,8.677083],[98.414583,8.677083],[98.40625,8.685417]]]}},{"type":"Feature","id":"riveratlas-41398593","bbox":[98.41874999999933,8.677083333333208,98.4395833333327,8.681249999999867],"properties":{"id":"riveratlas-41398593","order":3,"discharge":4.355999946594238},"geometry":{"type":"MultiLineString","coordinates":[[[98.439583,8.677083],[98.435417,8.68125],[98.427083,8.68125],[98.422917,8.677083],[98.41875,8.677083]]]}},{"type":"Feature","id":"riveratlas-41398595","bbox":[99.27291666666608,8.677083333333208,99.31874999999933,8.689583333333184],"properties":{"id":"riveratlas-41398595","order":3,"discharge":4.671999931335449},"geometry":{"type":"MultiLineString","coordinates":[[[99.31875,8.677083],[99.314583,8.68125],[99.310417,8.68125],[99.30625,8.677083],[99.302083,8.68125],[99.289583,8.68125],[99.28125,8.689583],[99.277083,8.685417],[99.272917,8.685417]]]}},{"type":"Feature","id":"riveratlas-41398600","bbox":[99.860416666666,8.677083333333208,99.86874999999931,8.685416666666525],"properties":{"id":"riveratlas-41398600","order":3,"discharge":2.513000011444092},"geometry":{"type":"MultiLineString","coordinates":[[[99.860417,8.685417],[99.86875,8.677083]]]}},{"type":"Feature","id":"riveratlas-41398613","bbox":[99.31874999999931,8.67291666666656,99.32291666666598,8.677083333333218],"properties":{"id":"riveratlas-41398613","order":3,"discharge":4.01800012588501},"geometry":{"type":"MultiLineString","coordinates":[[[99.322917,8.672917],[99.31875,8.677083]]]}},{"type":"Feature","id":"riveratlas-41398624","bbox":[98.4395833333327,8.668749999999854,98.4479166666661,8.677083333333213],"properties":{"id":"riveratlas-41398624","order":3,"discharge":3.1679999828338623},"geometry":{"type":"MultiLineString","coordinates":[[[98.447917,8.66875],[98.439583,8.677083]]]}},{"type":"Feature","id":"riveratlas-41398632","bbox":[99.23541666666605,8.668749999999854,99.26874999999929,8.702083333333205],"properties":{"id":"riveratlas-41398632","order":3,"discharge":4.666999816894531},"geometry":{"type":"MultiLineString","coordinates":[[[99.235417,8.66875],[99.24375,8.66875],[99.247917,8.672917],[99.25625,8.672917],[99.260417,8.677083],[99.260417,8.68125],[99.25625,8.685417],[99.25625,8.689583],[99.260417,8.69375],[99.260417,8.697917],[99.264583,8.702083],[99.26875,8.702083]]]}},{"type":"Feature","id":"riveratlas-41398637","bbox":[99.86874999999932,8.668749999999854,99.9270833333327,8.68124999999987],"properties":{"id":"riveratlas-41398637","order":3,"discharge":5.8979997634887695},"geometry":{"type":"MultiLineString","coordinates":[[[99.86875,8.677083],[99.872917,8.677083],[99.877083,8.68125],[99.88125,8.677083],[99.897917,8.677083],[99.902083,8.672917],[99.91875,8.672917],[99.922917,8.66875],[99.927083,8.672917]]]}},{"type":"Feature","id":"riveratlas-41398638","bbox":[99.92708333333272,8.668749999999854,99.94791666666596,8.672916666666554],"properties":{"id":"riveratlas-41398638","order":3,"discharge":7.927999973297119},"geometry":{"type":"MultiLineString","coordinates":[[[99.927083,8.672917],[99.93125,8.66875],[99.947917,8.66875]]]}},{"type":"Feature","id":"riveratlas-41398680","bbox":[99.27291666666608,8.660416666666542,99.27291666666608,8.685416666666535],"properties":{"id":"riveratlas-41398680","order":6,"discharge":147.46800231933594},"geometry":{"type":"MultiLineString","coordinates":[[[99.272917,8.660417],[99.272917,8.685417]]]}},{"type":"Feature","id":"riveratlas-41398703","bbox":[98.44791666666609,8.652083333333216,98.46874999999942,8.66874999999985],"properties":{"id":"riveratlas-41398703","order":3,"discharge":2.8589999675750732},"geometry":{"type":"MultiLineString","coordinates":[[[98.46875,8.652083],[98.464583,8.65625],[98.460417,8.65625],[98.447917,8.66875]]]}},{"type":"Feature","id":"riveratlas-41398732","bbox":[99.2687499999993,8.64791666666651,99.27291666666609,8.660416666666528],"properties":{"id":"riveratlas-41398732","order":6,"discharge":148.25100708007812},"geometry":{"type":"MultiLineString","coordinates":[[[99.26875,8.647917],[99.272917,8.652083],[99.272917,8.660417]]]}},{"type":"Feature","id":"riveratlas-41398806","bbox":[99.18958333333265,8.635416666666536,99.23541666666605,8.668749999999847],"properties":{"id":"riveratlas-41398806","order":3,"discharge":4.067999839782715},"geometry":{"type":"MultiLineString","coordinates":[[[99.189583,8.64375],[99.19375,8.647917],[99.197917,8.64375],[99.202083,8.64375],[99.210417,8.635417],[99.214583,8.639583],[99.214583,8.64375],[99.21875,8.647917],[99.222917,8.647917],[99.23125,8.65625],[99.227083,8.660417],[99.235417,8.66875]]]}},{"type":"Feature","id":"riveratlas-41398807","bbox":[99.2687499999993,8.635416666666536,99.2687499999993,8.647916666666513],"properties":{"id":"riveratlas-41398807","order":6,"discharge":148.04200744628906},"geometry":{"type":"MultiLineString","coordinates":[[[99.26875,8.635417],[99.26875,8.647917]]]}},{"type":"Feature","id":"riveratlas-41398830","bbox":[98.94791666666603,8.631249999999888,98.960416666666,8.668749999999855],"properties":{"id":"riveratlas-41398830","order":3,"discharge":3.686000108718872},"geometry":{"type":"MultiLineString","coordinates":[[[98.947917,8.66875],[98.95625,8.660417],[98.95625,8.65625],[98.960417,8.652083],[98.960417,8.647917],[98.95625,8.64375],[98.960417,8.639583],[98.960417,8.63125]]]}},{"type":"Feature","id":"riveratlas-41398831","bbox":[98.96041666666602,8.631249999999888,98.96874999999942,8.631249999999888],"properties":{"id":"riveratlas-41398831","order":4,"discharge":20.384000778198242},"geometry":{"type":"MultiLineString","coordinates":[[[98.960417,8.63125],[98.96875,8.63125]]]}},{"type":"Feature","id":"riveratlas-41398837","bbox":[99.92708333333272,8.631249999999888,99.95208333333262,8.652083333333222],"properties":{"id":"riveratlas-41398837","order":3,"discharge":7.230999946594238},"geometry":{"type":"MultiLineString","coordinates":[[[99.927083,8.63125],[99.947917,8.652083],[99.952083,8.652083]]]}},{"type":"Feature","id":"riveratlas-41398878","bbox":[98.93958333333265,8.62291666666652,98.96041666666602,8.631249999999879],"properties":{"id":"riveratlas-41398878","order":4,"discharge":16.670000076293945},"geometry":{"type":"MultiLineString","coordinates":[[[98.939583,8.622917],[98.94375,8.627083],[98.947917,8.627083],[98.952083,8.63125],[98.960417,8.63125]]]}},{"type":"Feature","id":"riveratlas-41398879","bbox":[98.9687499999994,8.62291666666652,98.98124999999938,8.631249999999879],"properties":{"id":"riveratlas-41398879","order":4,"discharge":24.482999801635742},"geometry":{"type":"MultiLineString","coordinates":[[[98.96875,8.63125],[98.977083,8.622917],[98.98125,8.622917]]]}},{"type":"Feature","id":"riveratlas-41398880","bbox":[98.98124999999939,8.62291666666652,99.0062499999993,8.627083333333179],"properties":{"id":"riveratlas-41398880","order":4,"discharge":25.22800064086914},"geometry":{"type":"MultiLineString","coordinates":[[[98.98125,8.622917],[98.985417,8.627083],[98.997917,8.627083],[99.002083,8.622917],[99.00625,8.622917]]]}},{"type":"Feature","id":"riveratlas-41398883","bbox":[99.2687499999993,8.62291666666652,99.2687499999993,8.635416666666536],"properties":{"id":"riveratlas-41398883","order":6,"discharge":148.1820068359375},"geometry":{"type":"MultiLineString","coordinates":[[[99.26875,8.622917],[99.26875,8.635417]]]}},{"type":"Feature","id":"riveratlas-41398913","bbox":[99.60624999999933,8.614583333333208,99.6270833333327,8.656249999999876],"properties":{"id":"riveratlas-41398913","order":3,"discharge":2.486999988555908},"geometry":{"type":"MultiLineString","coordinates":[[[99.627083,8.65625],[99.627083,8.652083],[99.61875,8.64375],[99.61875,8.639583],[99.610417,8.63125],[99.610417,8.622917],[99.60625,8.61875],[99.60625,8.614583]]]}},{"type":"Feature","id":"riveratlas-41398928","bbox":[99.00624999999931,8.610416666666545,99.01874999999929,8.622916666666521],"properties":{"id":"riveratlas-41398928","order":4,"discharge":25.83300018310547},"geometry":{"type":"MultiLineString","coordinates":[[[99.00625,8.622917],[99.01875,8.610417]]]}},{"type":"Feature","id":"riveratlas-41398931","bbox":[99.60208333333267,8.610416666666545,99.60624999999933,8.614583333333204],"properties":{"id":"riveratlas-41398931","order":3,"discharge":2.9260001182556152},"geometry":{"type":"MultiLineString","coordinates":[[[99.60625,8.614583],[99.602083,8.610417]]]}},{"type":"Feature","id":"riveratlas-41398933","bbox":[99.89791666666602,8.610416666666545,99.90624999999942,8.610416666666545],"properties":{"id":"riveratlas-41398933","order":3,"discharge":4.7789998054504395},"geometry":{"type":"MultiLineString","coordinates":[[[99.897917,8.610417],[99.90625,8.610417]]]}},{"type":"Feature","id":"riveratlas-41398934","bbox":[99.9062499999994,8.610416666666545,99.92708333333273,8.631249999999879],"properties":{"id":"riveratlas-41398934","order":3,"discharge":5.914000034332275},"geometry":{"type":"MultiLineString","coordinates":[[[99.90625,8.610417],[99.927083,8.63125]]]}},{"type":"Feature","id":"riveratlas-41398955","bbox":[99.0187499999993,8.606249999999896,99.02291666666613,8.610416666666556],"properties":{"id":"riveratlas-41398955","order":4,"discharge":26.69499969482422},"geometry":{"type":"MultiLineString","coordinates":[[[99.01875,8.610417],[99.022917,8.60625]]]}},{"type":"Feature","id":"riveratlas-41398957","bbox":[99.26041666666609,8.606249999999896,99.26874999999932,8.62291666666653],"properties":{"id":"riveratlas-41398957","order":6,"discharge":148.40499877929688},"geometry":{"type":"MultiLineString","coordinates":[[[99.260417,8.60625],[99.260417,8.614583],[99.26875,8.622917]]]}},{"type":"Feature","id":"riveratlas-41398997","bbox":[99.02291666666613,8.597916666666528,99.02708333333263,8.606249999999887],"properties":{"id":"riveratlas-41398997","order":4,"discharge":26.874000549316406},"geometry":{"type":"MultiLineString","coordinates":[[[99.022917,8.60625],[99.027083,8.602083],[99.022917,8.597917]]]}},{"type":"Feature","id":"riveratlas-41398999","bbox":[99.26041666666609,8.597916666666528,99.26041666666609,8.606249999999887],"properties":{"id":"riveratlas-41398999","order":6,"discharge":148.46099853515625},"geometry":{"type":"MultiLineString","coordinates":[[[99.260417,8.597917],[99.260417,8.60625]]]}},{"type":"Feature","id":"riveratlas-41399002","bbox":[99.59374999999935,8.597916666666528,99.60208333333266,8.610416666666545],"properties":{"id":"riveratlas-41399002","order":3,"discharge":3.2790000438690186},"geometry":{"type":"MultiLineString","coordinates":[[[99.602083,8.610417],[99.602083,8.60625],[99.59375,8.597917]]]}},{"type":"Feature","id":"riveratlas-41399036","bbox":[98.56041666666604,8.589583333333216,98.5645833333327,8.606249999999893],"properties":{"id":"riveratlas-41399036","order":3,"discharge":2.3919999599456787},"geometry":{"type":"MultiLineString","coordinates":[[[98.564583,8.60625],[98.564583,8.597917],[98.560417,8.59375],[98.560417,8.589583]]]}},{"type":"Feature","id":"riveratlas-41399054","bbox":[98.92708333333266,8.58541666666651,98.93958333333264,8.622916666666521],"properties":{"id":"riveratlas-41399054","order":4,"discharge":16.038999557495117},"geometry":{"type":"MultiLineString","coordinates":[[[98.927083,8.585417],[98.93125,8.589583],[98.93125,8.602083],[98.939583,8.610417],[98.939583,8.622917]]]}},{"type":"Feature","id":"riveratlas-41399059","bbox":[99.51874999999941,8.58541666666651,99.52291666666608,8.606249999999887],"properties":{"id":"riveratlas-41399059","order":3,"discharge":2.878000020980835},"geometry":{"type":"MultiLineString","coordinates":[[[99.51875,8.60625],[99.51875,8.597917],[99.522917,8.59375],[99.522917,8.585417]]]}},{"type":"Feature","id":"riveratlas-41399096","bbox":[98.55208333333272,8.5770833333332,98.56041666666603,8.589583333333216],"properties":{"id":"riveratlas-41399096","order":3,"discharge":2.7339999675750732},"geometry":{"type":"MultiLineString","coordinates":[[[98.560417,8.589583],[98.55625,8.585417],[98.55625,8.58125],[98.552083,8.577083]]]}},{"type":"Feature","id":"riveratlas-41399098","bbox":[99.02291666666613,8.5770833333332,99.047916666666,8.597916666666533],"properties":{"id":"riveratlas-41399098","order":4,"discharge":27.158000946044922},"geometry":{"type":"MultiLineString","coordinates":[[[99.022917,8.597917],[99.022917,8.589583],[99.027083,8.585417],[99.04375,8.585417],[99.047917,8.58125],[99.047917,8.577083]]]}},{"type":"Feature","id":"riveratlas-41399099","bbox":[99.25624999999943,8.5770833333332,99.26041666666609,8.597916666666533],"properties":{"id":"riveratlas-41399099","order":5,"discharge":55.30699920654297},"geometry":{"type":"MultiLineString","coordinates":[[[99.25625,8.577083],[99.25625,8.59375],[99.260417,8.597917]]]}},{"type":"Feature","id":"riveratlas-41399112","bbox":[98.75208333333265,8.572916666666536,98.75208333333265,8.589583333333213],"properties":{"id":"riveratlas-41399112","order":3,"discharge":3.674999952316284},"geometry":{"type":"MultiLineString","coordinates":[[[98.752083,8.589583],[98.752083,8.572917]]]}},{"type":"Feature","id":"riveratlas-41399116","bbox":[99.047916666666,8.572916666666536,99.05624999999931,8.577083333333196],"properties":{"id":"riveratlas-41399116","order":4,"discharge":29.31599998474121},"geometry":{"type":"MultiLineString","coordinates":[[[99.047917,8.577083],[99.052083,8.572917],[99.05625,8.572917]]]}},{"type":"Feature","id":"riveratlas-41399121","bbox":[99.56874999999931,8.572916666666536,99.59374999999935,8.59791666666653],"properties":{"id":"riveratlas-41399121","order":3,"discharge":4.234000205993652},"geometry":{"type":"MultiLineString","coordinates":[[[99.59375,8.597917],[99.589583,8.59375],[99.589583,8.589583],[99.58125,8.58125],[99.577083,8.58125],[99.56875,8.572917]]]}},{"type":"Feature","id":"riveratlas-41399136","bbox":[98.547916666666,8.568749999999888,98.5520833333327,8.577083333333205],"properties":{"id":"riveratlas-41399136","order":3,"discharge":3.0969998836517334},"geometry":{"type":"MultiLineString","coordinates":[[[98.552083,8.577083],[98.547917,8.572917],[98.547917,8.56875]]]}},{"type":"Feature","id":"riveratlas-41399160","bbox":[99.05624999999932,8.564583333333182,99.09791666666608,8.572916666666542],"properties":{"id":"riveratlas-41399160","order":4,"discharge":29.934999465942383},"geometry":{"type":"MultiLineString","coordinates":[[[99.05625,8.572917],[99.060417,8.56875],[99.085417,8.56875],[99.089583,8.572917],[99.097917,8.564583]]]}},{"type":"Feature","id":"riveratlas-41399164","bbox":[99.56874999999931,8.564583333333182,99.56874999999931,8.572916666666542],"properties":{"id":"riveratlas-41399164","order":3,"discharge":4.4039998054504395},"geometry":{"type":"MultiLineString","coordinates":[[[99.56875,8.572917],[99.56875,8.564583]]]}},{"type":"Feature","id":"riveratlas-41399172","bbox":[98.3312499999993,8.56041666666652,98.33958333333274,8.564583333333179],"properties":{"id":"riveratlas-41399172","order":3,"discharge":7.25600004196167},"geometry":{"type":"MultiLineString","coordinates":[[[98.339583,8.564583],[98.335417,8.560417],[98.33125,8.560417]]]}},{"type":"Feature","id":"riveratlas-41399175","bbox":[98.43541666666604,8.56041666666652,98.44374999999935,8.564583333333179],"properties":{"id":"riveratlas-41399175","order":3,"discharge":4.019000053405762},"geometry":{"type":"MultiLineString","coordinates":[[[98.435417,8.564583],[98.439583,8.560417],[98.44375,8.560417]]]}},{"type":"Feature","id":"riveratlas-41399179","bbox":[98.91041666666601,8.56041666666652,98.92708333333265,8.585416666666513],"properties":{"id":"riveratlas-41399179","order":4,"discharge":14.687000274658203},"geometry":{"type":"MultiLineString","coordinates":[[[98.910417,8.560417],[98.914583,8.564583],[98.91875,8.564583],[98.922917,8.56875],[98.922917,8.58125],[98.927083,8.585417]]]}},{"type":"Feature","id":"riveratlas-41399183","bbox":[99.55208333333266,8.56041666666652,99.5687499999993,8.564583333333179],"properties":{"id":"riveratlas-41399183","order":4,"discharge":10.717000007629395},"geometry":{"type":"MultiLineString","coordinates":[[[99.56875,8.564583],[99.564583,8.560417],[99.55625,8.560417],[99.552083,8.564583]]]}},{"type":"Feature","id":"riveratlas-41399186","bbox":[99.99791666666599,8.56041666666652,100.0062499999993,8.568749999999879],"properties":{"id":"riveratlas-41399186","order":4,"discharge":13.961999893188477},"geometry":{"type":"MultiLineString","coordinates":[[[99.997917,8.560417],[100.00625,8.56875]]]}},{"type":"Feature","id":"riveratlas-41399194","bbox":[98.73958333333266,8.55624999999987,98.75208333333264,8.572916666666547],"properties":{"id":"riveratlas-41399194","order":3,"discharge":4.059000015258789},"geometry":{"type":"MultiLineString","coordinates":[[[98.752083,8.572917],[98.752083,8.56875],[98.747917,8.564583],[98.747917,8.560417],[98.74375,8.55625],[98.739583,8.55625]]]}},{"type":"Feature","id":"riveratlas-41399195","bbox":[99.26041666666609,8.55624999999987,99.27708333333264,8.597916666666539],"properties":{"id":"riveratlas-41399195","order":5,"discharge":93.4229965209961},"geometry":{"type":"MultiLineString","coordinates":[[[99.277083,8.55625],[99.26875,8.564583],[99.26875,8.572917],[99.264583,8.577083],[99.264583,8.59375],[99.260417,8.597917]]]}},{"type":"Feature","id":"riveratlas-41399197","bbox":[99.52291666666608,8.55624999999987,99.52708333333261,8.585416666666521],"properties":{"id":"riveratlas-41399197","order":3,"discharge":3.5429999828338623},"geometry":{"type":"MultiLineString","coordinates":[[[99.522917,8.585417],[99.522917,8.560417],[99.527083,8.55625]]]}},{"type":"Feature","id":"riveratlas-41399198","bbox":[99.52708333333263,8.55624999999987,99.55208333333266,8.564583333333188],"properties":{"id":"riveratlas-41399198","order":4,"discharge":11.090999603271484},"geometry":{"type":"MultiLineString","coordinates":[[[99.552083,8.564583],[99.547917,8.560417],[99.53125,8.560417],[99.527083,8.55625]]]}},{"type":"Feature","id":"riveratlas-41399199","bbox":[99.56874999999931,8.55624999999987,99.58541666666603,8.564583333333188],"properties":{"id":"riveratlas-41399199","order":3,"discharge":6.164000034332275},"geometry":{"type":"MultiLineString","coordinates":[[[99.585417,8.55625],[99.577083,8.564583],[99.56875,8.564583]]]}},{"type":"Feature","id":"riveratlas-41399232","bbox":[98.32708333333275,8.547916666666545,98.33124999999929,8.560416666666521],"properties":{"id":"riveratlas-41399232","order":3,"discharge":8.218000411987305},"geometry":{"type":"MultiLineString","coordinates":[[[98.33125,8.560417],[98.33125,8.55625],[98.327083,8.552083],[98.327083,8.547917]]]}},{"type":"Feature","id":"riveratlas-41399233","bbox":[98.44374999999937,8.547916666666545,98.46041666666609,8.560416666666521],"properties":{"id":"riveratlas-41399233","order":3,"discharge":4.572999954223633},"geometry":{"type":"MultiLineString","coordinates":[[[98.44375,8.560417],[98.447917,8.560417],[98.460417,8.547917]]]}},{"type":"Feature","id":"riveratlas-41399234","bbox":[98.46041666666608,8.547916666666545,98.46874999999939,8.547916666666545],"properties":{"id":"riveratlas-41399234","order":3,"discharge":4.991000175476074},"geometry":{"type":"MultiLineString","coordinates":[[[98.460417,8.547917],[98.46875,8.547917]]]}},{"type":"Feature","id":"riveratlas-41399237","bbox":[98.53124999999935,8.547916666666545,98.54791666666598,8.568749999999879],"properties":{"id":"riveratlas-41399237","order":3,"discharge":3.8320000171661377},"geometry":{"type":"MultiLineString","coordinates":[[[98.547917,8.56875],[98.535417,8.55625],[98.535417,8.552083],[98.53125,8.547917]]]}},{"type":"Feature","id":"riveratlas-41399243","bbox":[98.73541666666611,8.547916666666545,98.73958333333265,8.556249999999862],"properties":{"id":"riveratlas-41399243","order":3,"discharge":4.48199987411499},"geometry":{"type":"MultiLineString","coordinates":[[[98.739583,8.55625],[98.735417,8.552083],[98.735417,8.547917]]]}},{"type":"Feature","id":"riveratlas-41399250","bbox":[99.52291666666608,8.547916666666545,99.52708333333261,8.556249999999862],"properties":{"id":"riveratlas-41399250","order":4,"discharge":14.690999984741211},"geometry":{"type":"MultiLineString","coordinates":[[[99.527083,8.55625],[99.522917,8.552083],[99.522917,8.547917]]]}},{"type":"Feature","id":"riveratlas-41399267","bbox":[98.31041666666604,8.54374999999984,98.31874999999944,8.54374999999984],"properties":{"id":"riveratlas-41399267","order":4,"discharge":11.401000022888184},"geometry":{"type":"MultiLineString","coordinates":[[[98.31875,8.54375],[98.310417,8.54375]]]}},{"type":"Feature","id":"riveratlas-41399268","bbox":[98.31874999999943,8.54374999999984,98.32708333333274,8.54791666666654],"properties":{"id":"riveratlas-41399268","order":3,"discharge":8.555999755859375},"geometry":{"type":"MultiLineString","coordinates":[[[98.327083,8.547917],[98.322917,8.54375],[98.31875,8.54375]]]}},{"type":"Feature","id":"riveratlas-41399271","bbox":[98.4687499999994,8.54374999999984,98.48124999999933,8.54791666666654],"properties":{"id":"riveratlas-41399271","order":3,"discharge":6.591000080108643},"geometry":{"type":"MultiLineString","coordinates":[[[98.46875,8.547917],[98.477083,8.547917],[98.48125,8.54375]]]}},{"type":"Feature","id":"riveratlas-41399275","bbox":[99.09791666666607,8.54374999999984,99.12291666666606,8.564583333333173],"properties":{"id":"riveratlas-41399275","order":4,"discharge":30.704999923706055},"geometry":{"type":"MultiLineString","coordinates":[[[99.097917,8.564583],[99.110417,8.552083],[99.114583,8.552083],[99.122917,8.54375]]]}},{"type":"Feature","id":"riveratlas-41399277","bbox":[99.27708333333263,8.54374999999984,99.28124999999946,8.556249999999856],"properties":{"id":"riveratlas-41399277","order":5,"discharge":91.59500122070312},"geometry":{"type":"MultiLineString","coordinates":[[[99.277083,8.54375],[99.28125,8.547917],[99.28125,8.552083],[99.277083,8.55625]]]}},{"type":"Feature","id":"riveratlas-41399280","bbox":[99.98958333333266,8.54374999999984,99.99791666666597,8.560416666666516],"properties":{"id":"riveratlas-41399280","order":4,"discharge":13.600000381469727},"geometry":{"type":"MultiLineString","coordinates":[[[99.989583,8.54375],[99.989583,8.552083],[99.997917,8.560417]]]}},{"type":"Feature","id":"riveratlas-41399285","bbox":[98.48124999999933,8.53958333333319,98.48958333333265,8.54374999999985],"properties":{"id":"riveratlas-41399285","order":3,"discharge":6.880000114440918},"geometry":{"type":"MultiLineString","coordinates":[[[98.48125,8.54375],[98.485417,8.539583],[98.489583,8.539583]]]}},{"type":"Feature","id":"riveratlas-41399287","bbox":[98.73541666666611,8.53958333333319,98.73541666666611,8.54791666666655],"properties":{"id":"riveratlas-41399287","order":3,"discharge":4.818999767303467},"geometry":{"type":"MultiLineString","coordinates":[[[98.735417,8.547917],[98.735417,8.539583]]]}},{"type":"Feature","id":"riveratlas-41399290","bbox":[98.8937499999993,8.53958333333319,98.91041666666602,8.560416666666525],"properties":{"id":"riveratlas-41399290","order":4,"discharge":13.78499984741211},"geometry":{"type":"MultiLineString","coordinates":[[[98.89375,8.539583],[98.897917,8.54375],[98.897917,8.547917],[98.902083,8.552083],[98.90625,8.552083],[98.910417,8.55625],[98.910417,8.560417]]]}},{"type":"Feature","id":"riveratlas-41399292","bbox":[99.11041666666605,8.53958333333319,99.12291666666603,8.54374999999985],"properties":{"id":"riveratlas-41399292","order":4,"discharge":22.445999145507812},"geometry":{"type":"MultiLineString","coordinates":[[[99.110417,8.539583],[99.114583,8.54375],[99.122917,8.54375]]]}},{"type":"Feature","id":"riveratlas-41399293","bbox":[99.12291666666604,8.53958333333319,99.12708333333275,8.54374999999985],"properties":{"id":"riveratlas-41399293","order":5,"discharge":53.0989990234375},"geometry":{"type":"MultiLineString","coordinates":[[[99.122917,8.54375],[99.127083,8.539583]]]}},{"type":"Feature","id":"riveratlas-41399294","bbox":[99.12708333333276,8.53958333333319,99.16458333333269,8.54791666666655],"properties":{"id":"riveratlas-41399294","order":5,"discharge":53.17100143432617},"geometry":{"type":"MultiLineString","coordinates":[[[99.127083,8.539583],[99.135417,8.547917],[99.147917,8.547917],[99.15625,8.539583],[99.164583,8.547917]]]}},{"type":"Feature","id":"riveratlas-41399295","bbox":[99.16458333333267,8.53958333333319,99.17708333333265,8.54791666666655],"properties":{"id":"riveratlas-41399295","order":5,"discharge":54.01499938964844},"geometry":{"type":"MultiLineString","coordinates":[[[99.164583,8.547917],[99.16875,8.54375],[99.172917,8.54375],[99.177083,8.539583]]]}},{"type":"Feature","id":"riveratlas-41399296","bbox":[99.17708333333266,8.53958333333319,99.19374999999938,8.54374999999985],"properties":{"id":"riveratlas-41399296","order":5,"discharge":54.97200012207031},"geometry":{"type":"MultiLineString","coordinates":[[[99.177083,8.539583],[99.189583,8.539583],[99.19375,8.54375]]]}},{"type":"Feature","id":"riveratlas-41399297","bbox":[99.19374999999937,8.53958333333319,99.20208333333268,8.54374999999985],"properties":{"id":"riveratlas-41399297","order":5,"discharge":55.082000732421875},"geometry":{"type":"MultiLineString","coordinates":[[[99.19375,8.54375],[99.197917,8.54375],[99.202083,8.539583]]]}},{"type":"Feature","id":"riveratlas-41399298","bbox":[99.2020833333327,8.53958333333319,99.20624999999936,8.53958333333319],"properties":{"id":"riveratlas-41399298","order":5,"discharge":55.22999954223633},"geometry":{"type":"MultiLineString","coordinates":[[[99.202083,8.539583],[99.20625,8.539583]]]}},{"type":"Feature","id":"riveratlas-41399299","bbox":[99.20624999999936,8.53958333333319,99.25624999999943,8.577083333333201],"properties":{"id":"riveratlas-41399299","order":5,"discharge":55.17599868774414},"geometry":{"type":"MultiLineString","coordinates":[[[99.20625,8.539583],[99.23125,8.539583],[99.235417,8.54375],[99.239583,8.54375],[99.24375,8.547917],[99.24375,8.560417],[99.25625,8.572917],[99.25625,8.577083]]]}},{"type":"Feature","id":"riveratlas-41399308","bbox":[98.31874999999943,8.535416666666528,98.32291666666596,8.543749999999845],"properties":{"id":"riveratlas-41399308","order":3,"discharge":2.7090001106262207},"geometry":{"type":"MultiLineString","coordinates":[[[98.322917,8.535417],[98.31875,8.539583],[98.31875,8.54375]]]}},{"type":"Feature","id":"riveratlas-41399316","bbox":[98.88958333333281,8.535416666666528,98.8937499999993,8.539583333333187],"properties":{"id":"riveratlas-41399316","order":4,"discharge":12.520000457763672},"geometry":{"type":"MultiLineString","coordinates":[[[98.889583,8.535417],[98.89375,8.539583]]]}},{"type":"Feature","id":"riveratlas-41399325","bbox":[98.32291666666598,8.531249999999865,98.32708333333277,8.535416666666524],"properties":{"id":"riveratlas-41399325","order":3,"discharge":2.444999933242798},"geometry":{"type":"MultiLineString","coordinates":[[[98.327083,8.53125],[98.322917,8.535417]]]}},{"type":"Feature","id":"riveratlas-41399326","bbox":[98.52708333333268,8.531249999999865,98.53124999999935,8.547916666666541],"properties":{"id":"riveratlas-41399326","order":3,"discharge":4.390999794006348},"geometry":{"type":"MultiLineString","coordinates":[[[98.53125,8.547917],[98.53125,8.539583],[98.527083,8.535417],[98.527083,8.53125]]]}},{"type":"Feature","id":"riveratlas-41399353","bbox":[98.32708333333275,8.527083333333216,98.33541666666606,8.531249999999876],"properties":{"id":"riveratlas-41399353","order":3,"discharge":2.249000072479248},"geometry":{"type":"MultiLineString","coordinates":[[[98.335417,8.527083],[98.33125,8.53125],[98.327083,8.53125]]]}},{"type":"Feature","id":"riveratlas-41399357","bbox":[98.87708333333265,8.527083333333216,98.8895833333328,8.535416666666533],"properties":{"id":"riveratlas-41399357","order":4,"discharge":12.291999816894531},"geometry":{"type":"MultiLineString","coordinates":[[[98.877083,8.527083],[98.885417,8.535417],[98.889583,8.535417]]]}},{"type":"Feature","id":"riveratlas-41399360","bbox":[99.2687499999993,8.527083333333216,99.27708333333261,8.54374999999985],"properties":{"id":"riveratlas-41399360","order":5,"discharge":88.10600280761719},"geometry":{"type":"MultiLineString","coordinates":[[[99.26875,8.527083],[99.26875,8.535417],[99.277083,8.54375]]]}},{"type":"Feature","id":"riveratlas-41399361","bbox":[99.27708333333263,8.527083333333216,99.347916666666,8.54374999999985],"properties":{"id":"riveratlas-41399361","order":3,"discharge":3.7309999465942383},"geometry":{"type":"MultiLineString","coordinates":[[[99.347917,8.53125],[99.34375,8.53125],[99.339583,8.527083],[99.327083,8.527083],[99.322917,8.53125],[99.31875,8.527083],[99.30625,8.539583],[99.29375,8.539583],[99.289583,8.535417],[99.28125,8.54375],[99.277083,8.54375]]]}},{"type":"Feature","id":"riveratlas-41399362","bbox":[99.34791666666601,8.527083333333216,99.35208333333267,8.531249999999876],"properties":{"id":"riveratlas-41399362","order":3,"discharge":2.0299999713897705},"geometry":{"type":"MultiLineString","coordinates":[[[99.352083,8.527083],[99.347917,8.53125]]]}},{"type":"Feature","id":"riveratlas-41399365","bbox":[99.50624999999937,8.527083333333216,99.52291666666609,8.54791666666655],"properties":{"id":"riveratlas-41399365","order":4,"discharge":15.548999786376953},"geometry":{"type":"MultiLineString","coordinates":[[[99.522917,8.547917],[99.514583,8.547917],[99.510417,8.54375],[99.514583,8.539583],[99.514583,8.535417],[99.50625,8.527083]]]}},{"type":"Feature","id":"riveratlas-41399379","bbox":[98.48958333333266,8.52291666666651,98.50624999999938,8.539583333333187],"properties":{"id":"riveratlas-41399379","order":3,"discharge":7.552999973297119},"geometry":{"type":"MultiLineString","coordinates":[[[98.489583,8.539583],[98.49375,8.535417],[98.497917,8.535417],[98.502083,8.53125],[98.502083,8.527083],[98.50625,8.522917]]]}},{"type":"Feature","id":"riveratlas-41399380","bbox":[98.51041666666598,8.52291666666651,98.5270833333327,8.53124999999987],"properties":{"id":"riveratlas-41399380","order":3,"discharge":4.824999809265137},"geometry":{"type":"MultiLineString","coordinates":[[[98.527083,8.53125],[98.51875,8.53125],[98.510417,8.522917]]]}},{"type":"Feature","id":"riveratlas-41399392","bbox":[98.50624999999937,8.518749999999848,98.51041666666599,8.522916666666507],"properties":{"id":"riveratlas-41399392","order":3,"discharge":7.783999919891357},"geometry":{"type":"MultiLineString","coordinates":[[[98.50625,8.522917],[98.510417,8.51875]]]}},{"type":"Feature","id":"riveratlas-41399393","bbox":[98.51041666666598,8.518749999999848,98.51041666666598,8.522916666666507],"properties":{"id":"riveratlas-41399393","order":3,"discharge":5.056000232696533},"geometry":{"type":"MultiLineString","coordinates":[[[98.510417,8.522917],[98.510417,8.51875]]]}},{"type":"Feature","id":"riveratlas-41399398","bbox":[98.7187499999994,8.518749999999848,98.73541666666613,8.539583333333182],"properties":{"id":"riveratlas-41399398","order":3,"discharge":5.794000148773193},"geometry":{"type":"MultiLineString","coordinates":[[[98.735417,8.539583],[98.735417,8.53125],[98.727083,8.522917],[98.722917,8.522917],[98.71875,8.51875]]]}},{"type":"Feature","id":"riveratlas-41399417","bbox":[98.71458333333263,8.5145833333332,98.71874999999942,8.518749999999859],"properties":{"id":"riveratlas-41399417","order":3,"discharge":6.359000205993652},"geometry":{"type":"MultiLineString","coordinates":[[[98.71875,8.51875],[98.714583,8.514583]]]}},{"type":"Feature","id":"riveratlas-41399419","bbox":[98.86874999999944,8.5145833333332,98.87708333333266,8.527083333333216],"properties":{"id":"riveratlas-41399419","order":4,"discharge":10.789999961853027},"geometry":{"type":"MultiLineString","coordinates":[[[98.86875,8.514583],[98.877083,8.522917],[98.877083,8.527083]]]}},{"type":"Feature","id":"riveratlas-41399422","bbox":[99.10208333333273,8.5145833333332,99.11041666666604,8.539583333333193],"properties":{"id":"riveratlas-41399422","order":4,"discharge":21.361000061035156},"geometry":{"type":"MultiLineString","coordinates":[[[99.102083,8.514583],[99.10625,8.51875],[99.10625,8.522917],[99.110417,8.527083],[99.110417,8.539583]]]}},{"type":"Feature","id":"riveratlas-41399425","bbox":[99.5020833333327,8.5145833333332,99.50624999999937,8.527083333333216],"properties":{"id":"riveratlas-41399425","order":4,"discharge":15.949999809265137},"geometry":{"type":"MultiLineString","coordinates":[[[99.50625,8.527083],[99.50625,8.522917],[99.502083,8.51875],[99.50625,8.514583]]]}},{"type":"Feature","id":"riveratlas-41399427","bbox":[99.96458333333263,8.5145833333332,99.98958333333266,8.54374999999985],"properties":{"id":"riveratlas-41399427","order":4,"discharge":12.298999786376953},"geometry":{"type":"MultiLineString","coordinates":[[[99.964583,8.514583],[99.972917,8.522917],[99.977083,8.51875],[99.98125,8.522917],[99.98125,8.53125],[99.985417,8.535417],[99.985417,8.539583],[99.989583,8.54375]]]}},{"type":"Feature","id":"riveratlas-41399447","bbox":[98.63541666666598,8.510416666666536,98.64374999999929,8.522916666666513],"properties":{"id":"riveratlas-41399447","order":3,"discharge":6.354000091552734},"geometry":{"type":"MultiLineString","coordinates":[[[98.635417,8.522917],[98.635417,8.51875],[98.64375,8.510417]]]}},{"type":"Feature","id":"riveratlas-41399450","bbox":[98.69791666666603,8.510416666666536,98.71458333333263,8.514583333333196],"properties":{"id":"riveratlas-41399450","order":3,"discharge":6.913000106811523},"geometry":{"type":"MultiLineString","coordinates":[[[98.714583,8.514583],[98.710417,8.514583],[98.70625,8.510417],[98.697917,8.510417]]]}},{"type":"Feature","id":"riveratlas-41399456","bbox":[99.96458333333263,8.510416666666536,99.96458333333263,8.514583333333196],"properties":{"id":"riveratlas-41399456","order":4,"discharge":11.418000221252441},"geometry":{"type":"MultiLineString","coordinates":[[[99.964583,8.510417],[99.964583,8.514583]]]}},{"type":"Feature","id":"riveratlas-41399460","bbox":[98.27291666666602,8.506249999999874,98.31041666666603,8.543749999999841],"properties":{"id":"riveratlas-41399460","order":4,"discharge":13.053999900817871},"geometry":{"type":"MultiLineString","coordinates":[[[98.310417,8.54375],[98.297917,8.54375],[98.285417,8.53125],[98.28125,8.53125],[98.272917,8.522917],[98.272917,8.50625]]]}},{"type":"Feature","id":"riveratlas-41399466","bbox":[98.6895833333327,8.506249999999874,98.69791666666602,8.510416666666533],"properties":{"id":"riveratlas-41399466","order":3,"discharge":7.198999881744385},"geometry":{"type":"MultiLineString","coordinates":[[[98.697917,8.510417],[98.69375,8.510417],[98.689583,8.50625]]]}},{"type":"Feature","id":"riveratlas-41399470","bbox":[98.86874999999944,8.506249999999874,98.88124999999933,8.51458333333319],"properties":{"id":"riveratlas-41399470","order":3,"discharge":4.945000171661377},"geometry":{"type":"MultiLineString","coordinates":[[[98.88125,8.50625],[98.872917,8.514583],[98.86875,8.514583]]]}},{"type":"Feature","id":"riveratlas-41399471","bbox":[99.09791666666607,8.506249999999874,99.10208333333273,8.51458333333319],"properties":{"id":"riveratlas-41399471","order":4,"discharge":21.107999801635742},"geometry":{"type":"MultiLineString","coordinates":[[[99.097917,8.50625],[99.102083,8.510417],[99.102083,8.514583]]]}},{"type":"Feature","id":"riveratlas-41399483","bbox":[98.25624999999937,8.502083333333225,98.26041666666599,8.510416666666542],"properties":{"id":"riveratlas-41399483","order":4,"discharge":15.25},"geometry":{"type":"MultiLineString","coordinates":[[[98.260417,8.502083],[98.25625,8.50625],[98.25625,8.510417]]]}},{"type":"Feature","id":"riveratlas-41399484","bbox":[98.26041666666598,8.502083333333225,98.26874999999937,8.502083333333225],"properties":{"id":"riveratlas-41399484","order":4,"discharge":13.96399974822998},"geometry":{"type":"MultiLineString","coordinates":[[[98.26875,8.502083],[98.260417,8.502083]]]}},{"type":"Feature","id":"riveratlas-41399485","bbox":[98.26874999999936,8.502083333333225,98.27291666666602,8.506249999999884],"properties":{"id":"riveratlas-41399485","order":4,"discharge":13.621000289916992},"geometry":{"type":"MultiLineString","coordinates":[[[98.272917,8.50625],[98.26875,8.502083]]]}},{"type":"Feature","id":"riveratlas-41399487","bbox":[98.68124999999938,8.502083333333225,98.68958333333269,8.506249999999884],"properties":{"id":"riveratlas-41399487","order":3,"discharge":7.574999809265137},"geometry":{"type":"MultiLineString","coordinates":[[[98.689583,8.50625],[98.685417,8.50625],[98.68125,8.502083]]]}},{"type":"Feature","id":"riveratlas-41399489","bbox":[98.85624999999939,8.502083333333225,98.86874999999945,8.514583333333201],"properties":{"id":"riveratlas-41399489","order":3,"discharge":5.724999904632568},"geometry":{"type":"MultiLineString","coordinates":[[[98.85625,8.502083],[98.86875,8.514583]]]}},{"type":"Feature","id":"riveratlas-41399494","bbox":[99.92291666666605,8.502083333333225,99.95208333333262,8.518749999999859],"properties":{"id":"riveratlas-41399494","order":3,"discharge":4.86299991607666},"geometry":{"type":"MultiLineString","coordinates":[[[99.922917,8.51875],[99.939583,8.51875],[99.947917,8.510417],[99.947917,8.50625],[99.952083,8.502083]]]}},{"type":"Feature","id":"riveratlas-41399495","bbox":[99.95208333333264,8.502083333333225,99.96458333333261,8.510416666666542],"properties":{"id":"riveratlas-41399495","order":4,"discharge":10.62600040435791},"geometry":{"type":"MultiLineString","coordinates":[[[99.952083,8.502083],[99.960417,8.510417],[99.964583,8.510417]]]}},{"type":"Feature","id":"riveratlas-41399509","bbox":[98.50208333333265,8.49791666666652,98.51041666666596,8.518749999999853],"properties":{"id":"riveratlas-41399509","order":4,"discharge":13.086000442504883},"geometry":{"type":"MultiLineString","coordinates":[[[98.510417,8.51875],[98.502083,8.510417],[98.50625,8.50625],[98.50625,8.502083],[98.510417,8.497917]]]}},{"type":"Feature","id":"riveratlas-41399511","bbox":[98.83541666666602,8.49791666666652,98.84791666666608,8.50208333333322],"properties":{"id":"riveratlas-41399511","order":3,"discharge":4.076000213623047},"geometry":{"type":"MultiLineString","coordinates":[[[98.835417,8.502083],[98.839583,8.497917],[98.847917,8.497917]]]}},{"type":"Feature","id":"riveratlas-41399512","bbox":[98.84791666666607,8.49791666666652,98.85208333333273,8.49791666666652],"properties":{"id":"riveratlas-41399512","order":3,"discharge":4.2870001792907715},"geometry":{"type":"MultiLineString","coordinates":[[[98.847917,8.497917],[98.852083,8.497917]]]}},{"type":"Feature","id":"riveratlas-41399513","bbox":[98.85208333333273,8.49791666666652,98.85624999999939,8.50208333333322],"properties":{"id":"riveratlas-41399513","order":3,"discharge":5.230000019073486},"geometry":{"type":"MultiLineString","coordinates":[[[98.852083,8.497917],[98.85625,8.502083]]]}},{"type":"Feature","id":"riveratlas-41399523","bbox":[98.51041666666598,8.493749999999856,98.51041666666598,8.497916666666516],"properties":{"id":"riveratlas-41399523","order":4,"discharge":13.527999877929688},"geometry":{"type":"MultiLineString","coordinates":[[[98.510417,8.497917],[98.510417,8.49375]]]}},{"type":"Feature","id":"riveratlas-41399525","bbox":[98.80624999999932,8.493749999999856,98.81874999999938,8.51458333333319],"properties":{"id":"riveratlas-41399525","order":3,"discharge":1.7359999418258667},"geometry":{"type":"MultiLineString","coordinates":[[[98.80625,8.514583],[98.810417,8.514583],[98.81875,8.50625],[98.81875,8.49375]]]}},{"type":"Feature","id":"riveratlas-41399526","bbox":[98.81874999999937,8.493749999999856,98.835416666666,8.502083333333216],"properties":{"id":"riveratlas-41399526","order":3,"discharge":2.436000108718872},"geometry":{"type":"MultiLineString","coordinates":[[[98.81875,8.49375],[98.822917,8.49375],[98.827083,8.497917],[98.83125,8.497917],[98.835417,8.502083]]]}},{"type":"Feature","id":"riveratlas-41399528","bbox":[99.09374999999935,8.493749999999856,99.09791666666605,8.506249999999874],"properties":{"id":"riveratlas-41399528","order":4,"discharge":20.003000259399414},"geometry":{"type":"MultiLineString","coordinates":[[[99.097917,8.49375],[99.09375,8.497917],[99.097917,8.502083],[99.097917,8.50625]]]}},{"type":"Feature","id":"riveratlas-41399547","bbox":[98.68124999999938,8.489583333333208,98.68124999999938,8.502083333333225],"properties":{"id":"riveratlas-41399547","order":3,"discharge":7.770999908447266},"geometry":{"type":"MultiLineString","coordinates":[[[98.68125,8.502083],[98.68125,8.489583]]]}},{"type":"Feature","id":"riveratlas-41399549","bbox":[99.2687499999993,8.489583333333208,99.28541666666594,8.527083333333218],"properties":{"id":"riveratlas-41399549","order":5,"discharge":87.7979965209961},"geometry":{"type":"MultiLineString","coordinates":[[[99.28125,8.489583],[99.28125,8.49375],[99.285417,8.497917],[99.272917,8.510417],[99.272917,8.514583],[99.26875,8.51875],[99.26875,8.527083]]]}},{"type":"Feature","id":"riveratlas-41399554","bbox":[99.88124999999937,8.489583333333208,99.92291666666604,8.518749999999859],"properties":{"id":"riveratlas-41399554","order":3,"discharge":1.8609999418258667},"geometry":{"type":"MultiLineString","coordinates":[[[99.88125,8.489583],[99.885417,8.489583],[99.889583,8.49375],[99.89375,8.49375],[99.897917,8.497917],[99.910417,8.497917],[99.914583,8.502083],[99.914583,8.510417],[99.922917,8.51875]]]}},{"type":"Feature","id":"riveratlas-41399565","bbox":[99.09374999999935,8.485416666666545,99.09791666666605,8.493749999999862],"properties":{"id":"riveratlas-41399565","order":4,"discharge":19.812000274658203},"geometry":{"type":"MultiLineString","coordinates":[[[99.09375,8.485417],[99.097917,8.489583],[99.097917,8.49375]]]}},{"type":"Feature","id":"riveratlas-41399567","bbox":[99.28124999999946,8.485416666666545,99.28541666666595,8.489583333333204],"properties":{"id":"riveratlas-41399567","order":5,"discharge":86.85600280761719},"geometry":{"type":"MultiLineString","coordinates":[[[99.285417,8.485417],[99.28125,8.489583]]]}},{"type":"Feature","id":"riveratlas-41399578","bbox":[98.51041666666598,8.481249999999882,98.51874999999929,8.493749999999858],"properties":{"id":"riveratlas-41399578","order":4,"discharge":13.86400032043457},"geometry":{"type":"MultiLineString","coordinates":[[[98.510417,8.49375],[98.514583,8.489583],[98.514583,8.485417],[98.51875,8.48125]]]}},{"type":"Feature","id":"riveratlas-41399598","bbox":[98.88124999999931,8.47708333333319,98.89791666666603,8.506249999999884],"properties":{"id":"riveratlas-41399598","order":3,"discharge":4.629000186920166},"geometry":{"type":"MultiLineString","coordinates":[[[98.897917,8.477083],[98.897917,8.489583],[98.88125,8.50625]]]}},{"type":"Feature","id":"riveratlas-41399605","bbox":[99.92708333333272,8.47708333333319,99.95208333333262,8.502083333333225],"properties":{"id":"riveratlas-41399605","order":3,"discharge":5.627999782562256},"geometry":{"type":"MultiLineString","coordinates":[[[99.927083,8.477083],[99.952083,8.502083]]]}},{"type":"Feature","id":"riveratlas-41399648","bbox":[98.672916666666,8.464583333333216,98.6812499999994,8.48958333333321],"properties":{"id":"riveratlas-41399648","order":3,"discharge":8.923999786376953},"geometry":{"type":"MultiLineString","coordinates":[[[98.68125,8.489583],[98.677083,8.485417],[98.677083,8.48125],[98.672917,8.477083],[98.672917,8.464583]]]}},{"type":"Feature","id":"riveratlas-41399652","bbox":[99.28541666666595,8.464583333333216,99.29374999999935,8.48541666666655],"properties":{"id":"riveratlas-41399652","order":5,"discharge":86.74299621582031},"geometry":{"type":"MultiLineString","coordinates":[[[99.285417,8.464583],[99.29375,8.472917],[99.289583,8.477083],[99.289583,8.48125],[99.285417,8.485417]]]}},{"type":"Feature","id":"riveratlas-41399684","bbox":[99.28541666666595,8.456249999999848,99.29374999999935,8.464583333333207],"properties":{"id":"riveratlas-41399684","order":5,"discharge":62.03200149536133},"geometry":{"type":"MultiLineString","coordinates":[[[99.29375,8.45625],[99.29375,8.460417],[99.289583,8.464583],[99.285417,8.464583]]]}},{"type":"Feature","id":"riveratlas-41399713","bbox":[98.6437499999993,8.4520833333332,98.66458333333267,8.510416666666544],"properties":{"id":"riveratlas-41399713","order":3,"discharge":6.703000068664551},"geometry":{"type":"MultiLineString","coordinates":[[[98.64375,8.510417],[98.64375,8.50625],[98.647917,8.502083],[98.647917,8.497917],[98.65625,8.489583],[98.65625,8.485417],[98.652083,8.48125],[98.652083,8.477083],[98.664583,8.464583],[98.664583,8.452083]]]}},{"type":"Feature","id":"riveratlas-41399714","bbox":[98.66458333333267,8.4520833333332,98.67291666666598,8.464583333333216],"properties":{"id":"riveratlas-41399714","order":3,"discharge":8.980999946594238},"geometry":{"type":"MultiLineString","coordinates":[[[98.672917,8.464583],[98.672917,8.460417],[98.664583,8.452083]]]}},{"type":"Feature","id":"riveratlas-41399715","bbox":[98.8937499999993,8.4520833333332,98.897916666666,8.477083333333193],"properties":{"id":"riveratlas-41399715","order":3,"discharge":4.201000213623047},"geometry":{"type":"MultiLineString","coordinates":[[[98.89375,8.452083],[98.89375,8.464583],[98.897917,8.46875],[98.897917,8.477083]]]}},{"type":"Feature","id":"riveratlas-41399716","bbox":[99.09374999999935,8.4520833333332,99.10208333333274,8.48541666666655],"properties":{"id":"riveratlas-41399716","order":4,"discharge":17.979999542236328},"geometry":{"type":"MultiLineString","coordinates":[[[99.097917,8.452083],[99.097917,8.460417],[99.102083,8.464583],[99.102083,8.46875],[99.09375,8.477083],[99.09375,8.485417]]]}},{"type":"Feature","id":"riveratlas-41399720","bbox":[99.735416666666,8.4520833333332,99.73958333333266,8.456249999999859],"properties":{"id":"riveratlas-41399720","order":3,"discharge":0.9660000205039978},"geometry":{"type":"MultiLineString","coordinates":[[[99.735417,8.45625],[99.739583,8.452083]]]}},{"type":"Feature","id":"riveratlas-41399757","bbox":[98.47708333333279,8.443749999999874,98.48124999999932,8.45208333333319],"properties":{"id":"riveratlas-41399757","order":3,"discharge":2.5409998893737793},"geometry":{"type":"MultiLineString","coordinates":[[[98.477083,8.452083],[98.477083,8.447917],[98.48125,8.44375]]]}},{"type":"Feature","id":"riveratlas-41399759","bbox":[99.09791666666607,8.443749999999874,99.10208333333273,8.45208333333319],"properties":{"id":"riveratlas-41399759","order":4,"discharge":16.215999603271484},"geometry":{"type":"MultiLineString","coordinates":[[[99.102083,8.44375],[99.097917,8.447917],[99.097917,8.452083]]]}},{"type":"Feature","id":"riveratlas-41399762","bbox":[99.29374999999933,8.443749999999874,99.31041666666597,8.45624999999985],"properties":{"id":"riveratlas-41399762","order":5,"discharge":61.941001892089844},"geometry":{"type":"MultiLineString","coordinates":[[[99.310417,8.44375],[99.302083,8.452083],[99.297917,8.452083],[99.29375,8.45625]]]}},{"type":"Feature","id":"riveratlas-41399765","bbox":[99.73958333333266,8.443749999999874,99.76041666666603,8.45208333333319],"properties":{"id":"riveratlas-41399765","order":3,"discharge":1.524999976158142},"geometry":{"type":"MultiLineString","coordinates":[[[99.739583,8.452083],[99.752083,8.452083],[99.760417,8.44375]]]}},{"type":"Feature","id":"riveratlas-41399777","bbox":[98.5187499999993,8.43958333333321,98.53958333333267,8.481249999999878],"properties":{"id":"riveratlas-41399777","order":4,"discharge":13.498000144958496},"geometry":{"type":"MultiLineString","coordinates":[[[98.51875,8.48125],[98.522917,8.48125],[98.535417,8.46875],[98.535417,8.464583],[98.539583,8.460417],[98.539583,8.452083],[98.535417,8.447917],[98.535417,8.44375],[98.53125,8.439583]]]}},{"type":"Feature","id":"riveratlas-41399802","bbox":[98.47708333333279,8.43541666666652,98.48124999999932,8.443749999999879],"properties":{"id":"riveratlas-41399802","order":3,"discharge":2.822999954223633},"geometry":{"type":"MultiLineString","coordinates":[[[98.48125,8.44375],[98.477083,8.439583],[98.477083,8.435417]]]}},{"type":"Feature","id":"riveratlas-41399809","bbox":[99.76041666666603,8.43541666666652,99.772916666666,8.443749999999879],"properties":{"id":"riveratlas-41399809","order":3,"discharge":1.8209999799728394},"geometry":{"type":"MultiLineString","coordinates":[[[99.760417,8.44375],[99.764583,8.439583],[99.76875,8.439583],[99.772917,8.435417]]]}},{"type":"Feature","id":"riveratlas-41399810","bbox":[99.77291666666602,8.43541666666652,99.77708333333273,8.43541666666652],"properties":{"id":"riveratlas-41399810","order":3,"discharge":2.1050000190734863},"geometry":{"type":"MultiLineString","coordinates":[[[99.772917,8.435417],[99.777083,8.435417]]]}},{"type":"Feature","id":"riveratlas-41399824","bbox":[98.52708333333268,8.431249999999856,98.53124999999935,8.439583333333216],"properties":{"id":"riveratlas-41399824","order":4,"discharge":13.510000228881836},"geometry":{"type":"MultiLineString","coordinates":[[[98.53125,8.439583],[98.53125,8.435417],[98.527083,8.43125]]]}},{"type":"Feature","id":"riveratlas-41399828","bbox":[98.66458333333267,8.431249999999856,98.66458333333267,8.45208333333319],"properties":{"id":"riveratlas-41399828","order":4,"discharge":15.234000205993652},"geometry":{"type":"MultiLineString","coordinates":[[[98.664583,8.452083],[98.664583,8.43125]]]}},{"type":"Feature","id":"riveratlas-41399834","bbox":[99.25624999999943,8.431249999999856,99.28541666666595,8.464583333333207],"properties":{"id":"riveratlas-41399834","order":4,"discharge":24.989999771118164},"geometry":{"type":"MultiLineString","coordinates":[[[99.25625,8.43125],[99.264583,8.439583],[99.264583,8.447917],[99.272917,8.45625],[99.277083,8.45625],[99.285417,8.464583]]]}},{"type":"Feature","id":"riveratlas-41399852","bbox":[99.09374999999935,8.427083333333194,99.10208333333274,8.44374999999987],"properties":{"id":"riveratlas-41399852","order":4,"discharge":15.920999526977539},"geometry":{"type":"MultiLineString","coordinates":[[[99.09375,8.427083],[99.102083,8.435417],[99.102083,8.44375]]]}},{"type":"Feature","id":"riveratlas-41399853","bbox":[99.31041666666599,8.427083333333194,99.31458333333265,8.44374999999987],"properties":{"id":"riveratlas-41399853","order":5,"discharge":61.5369987487793},"geometry":{"type":"MultiLineString","coordinates":[[[99.314583,8.427083],[99.314583,8.439583],[99.310417,8.44375]]]}},{"type":"Feature","id":"riveratlas-41399870","bbox":[98.88124999999931,8.422916666666545,98.89374999999929,8.452083333333196],"properties":{"id":"riveratlas-41399870","order":3,"discharge":3.506999969482422},"geometry":{"type":"MultiLineString","coordinates":[[[98.88125,8.422917],[98.88125,8.44375],[98.885417,8.447917],[98.889583,8.447917],[98.89375,8.452083]]]}},{"type":"Feature","id":"riveratlas-41399883","bbox":[98.46458333333274,8.41874999999984,98.4770833333328,8.435416666666516],"properties":{"id":"riveratlas-41399883","order":3,"discharge":3.184999942779541},"geometry":{"type":"MultiLineString","coordinates":[[[98.477083,8.435417],[98.477083,8.43125],[98.464583,8.41875]]]}},{"type":"Feature","id":"riveratlas-41399884","bbox":[98.52708333333268,8.41874999999984,98.53124999999935,8.431249999999856],"properties":{"id":"riveratlas-41399884","order":4,"discharge":13.520999908447266},"geometry":{"type":"MultiLineString","coordinates":[[[98.527083,8.43125],[98.527083,8.422917],[98.53125,8.41875]]]}},{"type":"Feature","id":"riveratlas-41399896","bbox":[99.58541666666602,8.41874999999984,99.59374999999933,8.427083333333199],"properties":{"id":"riveratlas-41399896","order":3,"discharge":4.38700008392334},"geometry":{"type":"MultiLineString","coordinates":[[[99.59375,8.427083],[99.585417,8.41875]]]}},{"type":"Feature","id":"riveratlas-41399911","bbox":[98.46041666666608,8.41458333333322,98.46458333333274,8.418749999999836],"properties":{"id":"riveratlas-41399911","order":3,"discharge":3.3989999294281006},"geometry":{"type":"MultiLineString","coordinates":[[[98.464583,8.41875],[98.460417,8.414583]]]}},{"type":"Feature","id":"riveratlas-41399914","bbox":[99.06874999999937,8.41458333333322,99.09374999999936,8.427083333333195],"properties":{"id":"riveratlas-41399914","order":4,"discharge":15.303999900817871},"geometry":{"type":"MultiLineString","coordinates":[[[99.06875,8.414583],[99.077083,8.422917],[99.085417,8.422917],[99.089583,8.427083],[99.09375,8.427083]]]}},{"type":"Feature","id":"riveratlas-41399917","bbox":[99.44791666666598,8.41458333333322,99.45624999999929,8.427083333333195],"properties":{"id":"riveratlas-41399917","order":3,"discharge":1.284000039100647},"geometry":{"type":"MultiLineString","coordinates":[[[99.45625,8.427083],[99.45625,8.41875],[99.452083,8.414583],[99.447917,8.414583]]]}},{"type":"Feature","id":"riveratlas-41399928","bbox":[98.88124999999931,8.410416666666528,98.88541666666598,8.422916666666545],"properties":{"id":"riveratlas-41399928","order":3,"discharge":3.259999990463257},"geometry":{"type":"MultiLineString","coordinates":[[[98.885417,8.410417],[98.88125,8.414583],[98.88125,8.422917]]]}},{"type":"Feature","id":"riveratlas-41399934","bbox":[99.5312499999994,8.410416666666528,99.585416666666,8.422916666666545],"properties":{"id":"riveratlas-41399934","order":3,"discharge":5.249000072479248},"geometry":{"type":"MultiLineString","coordinates":[[[99.585417,8.41875],[99.58125,8.422917],[99.572917,8.414583],[99.564583,8.414583],[99.560417,8.41875],[99.54375,8.41875],[99.539583,8.414583],[99.535417,8.414583],[99.53125,8.410417]]]}},{"type":"Feature","id":"riveratlas-41399950","bbox":[99.06874999999937,8.406249999999865,99.06874999999937,8.414583333333225],"properties":{"id":"riveratlas-41399950","order":4,"discharge":14.98799991607666},"geometry":{"type":"MultiLineString","coordinates":[[[99.06875,8.40625],[99.06875,8.414583]]]}},{"type":"Feature","id":"riveratlas-41399954","bbox":[99.31458333333265,8.406249999999865,99.34374999999935,8.427083333333199],"properties":{"id":"riveratlas-41399954","order":5,"discharge":61.071998596191406},"geometry":{"type":"MultiLineString","coordinates":[[[99.34375,8.40625],[99.339583,8.40625],[99.335417,8.410417],[99.33125,8.410417],[99.314583,8.427083]]]}},{"type":"Feature","id":"riveratlas-41399957","bbox":[99.422916666666,8.406249999999865,99.44791666666599,8.414583333333225],"properties":{"id":"riveratlas-41399957","order":5,"discharge":51.486000061035156},"geometry":{"type":"MultiLineString","coordinates":[[[99.447917,8.414583],[99.439583,8.40625],[99.422917,8.40625]]]}},{"type":"Feature","id":"riveratlas-41399970","bbox":[98.6437499999993,8.402083333333202,98.66458333333267,8.431249999999853],"properties":{"id":"riveratlas-41399970","order":4,"discharge":15.57699966430664},"geometry":{"type":"MultiLineString","coordinates":[[[98.664583,8.43125],[98.64375,8.410417],[98.652083,8.402083]]]}},{"type":"Feature","id":"riveratlas-41399974","bbox":[99.23958333333272,8.402083333333202,99.25624999999944,8.431249999999853],"properties":{"id":"riveratlas-41399974","order":4,"discharge":24.329999923706055},"geometry":{"type":"MultiLineString","coordinates":[[[99.239583,8.402083],[99.252083,8.414583],[99.252083,8.427083],[99.25625,8.43125]]]}},{"type":"Feature","id":"riveratlas-41399975","bbox":[99.34374999999935,8.402083333333202,99.36041666666607,8.406249999999861],"properties":{"id":"riveratlas-41399975","order":5,"discharge":60.51499938964844},"geometry":{"type":"MultiLineString","coordinates":[[[99.360417,8.402083],[99.35625,8.40625],[99.34375,8.40625]]]}},{"type":"Feature","id":"riveratlas-41399976","bbox":[99.36041666666605,8.402083333333202,99.36458333333272,8.402083333333202],"properties":{"id":"riveratlas-41399976","order":5,"discharge":54.82600021362305},"geometry":{"type":"MultiLineString","coordinates":[[[99.364583,8.402083],[99.360417,8.402083]]]}},{"type":"Feature","id":"riveratlas-41399979","bbox":[99.41458333333279,8.402083333333202,99.42291666666601,8.406249999999861],"properties":{"id":"riveratlas-41399979","order":5,"discharge":52.25699996948242},"geometry":{"type":"MultiLineString","coordinates":[[[99.422917,8.40625],[99.41875,8.40625],[99.414583,8.402083]]]}},{"type":"Feature","id":"riveratlas-41399980","bbox":[99.49374999999938,8.402083333333202,99.51041666666602,8.51458333333319],"properties":{"id":"riveratlas-41399980","order":4,"discharge":20.062999725341797},"geometry":{"type":"MultiLineString","coordinates":[[[99.50625,8.514583],[99.510417,8.510417],[99.510417,8.50625],[99.50625,8.502083],[99.510417,8.497917],[99.510417,8.464583],[99.50625,8.460417],[99.50625,8.45625],[99.502083,8.452083],[99.502083,8.44375],[99.49375,8.435417],[99.49375,8.427083],[99.497917,8.422917],[99.49375,8.41875],[99.49375,8.414583],[99.497917,8.410417],[99.497917,8.402083]]]}},{"type":"Feature","id":"riveratlas-41399981","bbox":[99.49791666666604,8.402083333333202,99.5020833333327,8.402083333333202],"properties":{"id":"riveratlas-41399981","order":4,"discharge":29.722999572753906},"geometry":{"type":"MultiLineString","coordinates":[[[99.502083,8.402083],[99.497917,8.402083]]]}},{"type":"Feature","id":"riveratlas-41399982","bbox":[99.5020833333327,8.402083333333202,99.51041666666602,8.410416666666519],"properties":{"id":"riveratlas-41399982","order":3,"discharge":7.953999996185303},"geometry":{"type":"MultiLineString","coordinates":[[[99.510417,8.410417],[99.502083,8.402083]]]}},{"type":"Feature","id":"riveratlas-41399983","bbox":[99.51041666666603,8.402083333333202,99.5312499999994,8.410416666666519],"properties":{"id":"riveratlas-41399983","order":3,"discharge":5.589000225067139},"geometry":{"type":"MultiLineString","coordinates":[[[99.53125,8.410417],[99.522917,8.402083],[99.51875,8.402083],[99.510417,8.410417]]]}},{"type":"Feature","id":"riveratlas-41399995","bbox":[98.76041666666598,8.397916666666553,98.76874999999929,8.41458333333323],"properties":{"id":"riveratlas-41399995","order":3,"discharge":1.659000039100647},"geometry":{"type":"MultiLineString","coordinates":[[[98.76875,8.414583],[98.760417,8.40625],[98.764583,8.402083],[98.760417,8.397917]]]}},{"type":"Feature","id":"riveratlas-41399996","bbox":[98.88541666666598,8.397916666666553,98.88958333333281,8.41041666666653],"properties":{"id":"riveratlas-41399996","order":3,"discharge":3.0239999294281006},"geometry":{"type":"MultiLineString","coordinates":[[[98.889583,8.397917],[98.889583,8.40625],[98.885417,8.410417]]]}},{"type":"Feature","id":"riveratlas-41399999","bbox":[99.41041666666595,8.397916666666553,99.41458333333279,8.402083333333213],"properties":{"id":"riveratlas-41399999","order":5,"discharge":52.4640007019043},"geometry":{"type":"MultiLineString","coordinates":[[[99.414583,8.402083],[99.410417,8.397917]]]}},{"type":"Feature","id":"riveratlas-41400000","bbox":[99.44791666666598,8.397916666666553,99.4645833333327,8.41458333333323],"properties":{"id":"riveratlas-41400000","order":5,"discharge":50.35100173950195},"geometry":{"type":"MultiLineString","coordinates":[[[99.464583,8.397917],[99.460417,8.397917],[99.452083,8.40625],[99.452083,8.410417],[99.447917,8.414583]]]}},{"type":"Feature","id":"riveratlas-41400001","bbox":[99.77708333333274,8.397916666666553,99.82708333333264,8.435416666666521],"properties":{"id":"riveratlas-41400001","order":3,"discharge":3.385999917984009},"geometry":{"type":"MultiLineString","coordinates":[[[99.777083,8.435417],[99.78125,8.435417],[99.79375,8.422917],[99.79375,8.414583],[99.802083,8.40625],[99.80625,8.40625],[99.810417,8.402083],[99.814583,8.402083],[99.81875,8.397917],[99.827083,8.397917]]]}},{"type":"Feature","id":"riveratlas-41400018","bbox":[99.06041666666599,8.393749999999848,99.06874999999938,8.406249999999865],"properties":{"id":"riveratlas-41400018","order":4,"discharge":14.776000022888184},"geometry":{"type":"MultiLineString","coordinates":[[[99.060417,8.39375],[99.064583,8.397917],[99.064583,8.402083],[99.06875,8.40625]]]}},{"type":"Feature","id":"riveratlas-41400021","bbox":[99.35624999999933,8.393749999999848,99.36041666666604,8.402083333333207],"properties":{"id":"riveratlas-41400021","order":3,"discharge":5.854000091552734},"geometry":{"type":"MultiLineString","coordinates":[[[99.35625,8.39375],[99.35625,8.397917],[99.360417,8.402083]]]}},{"type":"Feature","id":"riveratlas-41400022","bbox":[99.46458333333268,8.393749999999848,99.48541666666601,8.397916666666548],"properties":{"id":"riveratlas-41400022","order":5,"discharge":49.84299850463867},"geometry":{"type":"MultiLineString","coordinates":[[[99.485417,8.39375],[99.472917,8.39375],[99.46875,8.397917],[99.464583,8.397917]]]}},{"type":"Feature","id":"riveratlas-41400023","bbox":[99.485416666666,8.393749999999848,99.49791666666606,8.402083333333207],"properties":{"id":"riveratlas-41400023","order":5,"discharge":49.722999572753906},"geometry":{"type":"MultiLineString","coordinates":[[[99.497917,8.402083],[99.49375,8.402083],[99.485417,8.39375]]]}},{"type":"Feature","id":"riveratlas-41400024","bbox":[99.5020833333327,8.393749999999848,99.51458333333277,8.402083333333207],"properties":{"id":"riveratlas-41400024","order":4,"discharge":21.70800018310547},"geometry":{"type":"MultiLineString","coordinates":[[[99.514583,8.39375],[99.510417,8.397917],[99.50625,8.397917],[99.502083,8.402083]]]}},{"type":"Feature","id":"riveratlas-41400036","bbox":[98.88958333333281,8.389583333333185,98.88958333333281,8.397916666666545],"properties":{"id":"riveratlas-41400036","order":3,"discharge":2.8380000591278076},"geometry":{"type":"MultiLineString","coordinates":[[[98.889583,8.389583],[98.889583,8.397917]]]}},{"type":"Feature","id":"riveratlas-41400041","bbox":[99.36458333333272,8.389583333333185,99.39374999999929,8.402083333333202],"properties":{"id":"riveratlas-41400041","order":5,"discharge":54.32500076293945},"geometry":{"type":"MultiLineString","coordinates":[[[99.39375,8.389583],[99.38125,8.389583],[99.377083,8.39375],[99.372917,8.39375],[99.364583,8.402083]]]}},{"type":"Feature","id":"riveratlas-41400042","bbox":[99.3937499999993,8.389583333333185,99.41041666666594,8.397916666666545],"properties":{"id":"riveratlas-41400042","order":5,"discharge":53.823001861572266},"geometry":{"type":"MultiLineString","coordinates":[[[99.410417,8.397917],[99.402083,8.397917],[99.39375,8.389583]]]}},{"type":"Feature","id":"riveratlas-41400060","bbox":[98.43541666666604,8.385416666666536,98.46458333333274,8.393749999999853],"properties":{"id":"riveratlas-41400060","order":3,"discharge":3.1040000915527344},"geometry":{"type":"MultiLineString","coordinates":[[[98.435417,8.39375],[98.439583,8.389583],[98.452083,8.389583],[98.45625,8.385417],[98.464583,8.385417]]]}},{"type":"Feature","id":"riveratlas-41400061","bbox":[98.46041666666608,8.385416666666536,98.46458333333274,8.41458333333323],"properties":{"id":"riveratlas-41400061","order":3,"discharge":3.74399995803833},"geometry":{"type":"MultiLineString","coordinates":[[[98.460417,8.414583],[98.460417,8.410417],[98.464583,8.40625],[98.464583,8.385417]]]}},{"type":"Feature","id":"riveratlas-41400064","bbox":[99.06041666666599,8.385416666666536,99.06041666666599,8.393749999999853],"properties":{"id":"riveratlas-41400064","order":4,"discharge":13.847999572753906},"geometry":{"type":"MultiLineString","coordinates":[[[99.060417,8.385417],[99.060417,8.39375]]]}},{"type":"Feature","id":"riveratlas-41400065","bbox":[99.23541666666605,8.385416666666536,99.23958333333272,8.402083333333213],"properties":{"id":"riveratlas-41400065","order":4,"discharge":22.97599983215332},"geometry":{"type":"MultiLineString","coordinates":[[[99.239583,8.385417],[99.235417,8.389583],[99.235417,8.397917],[99.239583,8.402083]]]}},{"type":"Feature","id":"riveratlas-41400082","bbox":[98.5145833333327,8.381249999999874,98.53124999999933,8.418749999999841],"properties":{"id":"riveratlas-41400082","order":4,"discharge":13.062000274658203},"geometry":{"type":"MultiLineString","coordinates":[[[98.53125,8.41875],[98.522917,8.410417],[98.514583,8.410417],[98.514583,8.39375],[98.51875,8.389583],[98.514583,8.385417],[98.514583,8.38125]]]}},{"type":"Feature","id":"riveratlas-41400088","bbox":[99.34374999999935,8.381249999999874,99.35624999999932,8.39374999999985],"properties":{"id":"riveratlas-41400088","order":3,"discharge":5.539000034332275},"geometry":{"type":"MultiLineString","coordinates":[[[99.34375,8.38125],[99.35625,8.39375]]]}},{"type":"Feature","id":"riveratlas-41400103","bbox":[98.30624999999938,8.37708333333321,98.34791666666601,8.418749999999838],"properties":{"id":"riveratlas-41400103","order":3,"discharge":4.427999973297119},"geometry":{"type":"MultiLineString","coordinates":[[[98.347917,8.41875],[98.34375,8.41875],[98.327083,8.402083],[98.327083,8.397917],[98.30625,8.377083]]]}},{"type":"Feature","id":"riveratlas-41400104","bbox":[98.72708333333273,8.37708333333321,98.76041666666596,8.397916666666545],"properties":{"id":"riveratlas-41400104","order":3,"discharge":2.572000026702881},"geometry":{"type":"MultiLineString","coordinates":[[[98.760417,8.397917],[98.752083,8.397917],[98.747917,8.39375],[98.747917,8.389583],[98.739583,8.38125],[98.735417,8.38125],[98.73125,8.377083],[98.727083,8.38125]]]}},{"type":"Feature","id":"riveratlas-41400107","bbox":[99.05208333333266,8.37708333333321,99.06041666666597,8.385416666666528],"properties":{"id":"riveratlas-41400107","order":3,"discharge":4.922999858856201},"geometry":{"type":"MultiLineString","coordinates":[[[99.052083,8.377083],[99.060417,8.385417]]]}},{"type":"Feature","id":"riveratlas-41400109","bbox":[99.51458333333275,8.37708333333321,99.57708333333262,8.393749999999844],"properties":{"id":"riveratlas-41400109","order":3,"discharge":5.164000034332275},"geometry":{"type":"MultiLineString","coordinates":[[[99.577083,8.377083],[99.56875,8.377083],[99.564583,8.38125],[99.560417,8.38125],[99.55625,8.377083],[99.547917,8.377083],[99.535417,8.389583],[99.53125,8.389583],[99.527083,8.39375],[99.522917,8.39375],[99.51875,8.389583],[99.514583,8.39375]]]}},{"type":"Feature","id":"riveratlas-41400129","bbox":[99.23958333333272,8.372916666666562,99.24374999999938,8.385416666666538],"properties":{"id":"riveratlas-41400129","order":4,"discharge":22.60099983215332},"geometry":{"type":"MultiLineString","coordinates":[[[99.24375,8.372917],[99.24375,8.38125],[99.239583,8.385417]]]}},{"type":"Feature","id":"riveratlas-41400143","bbox":[98.28541666666601,8.368749999999856,98.2937499999994,8.368749999999856],"properties":{"id":"riveratlas-41400143","order":3,"discharge":5.193999767303467},"geometry":{"type":"MultiLineString","coordinates":[[[98.29375,8.36875],[98.285417,8.36875]]]}},{"type":"Feature","id":"riveratlas-41400144","bbox":[98.29374999999939,8.368749999999856,98.30624999999937,8.377083333333216],"properties":{"id":"riveratlas-41400144","order":3,"discharge":5.051000118255615},"geometry":{"type":"MultiLineString","coordinates":[[[98.30625,8.377083],[98.297917,8.36875],[98.29375,8.36875]]]}},{"type":"Feature","id":"riveratlas-41400147","bbox":[98.46458333333274,8.368749999999856,98.4687499999994,8.385416666666533],"properties":{"id":"riveratlas-41400147","order":4,"discharge":6.834000110626221},"geometry":{"type":"MultiLineString","coordinates":[[[98.464583,8.385417],[98.464583,8.377083],[98.46875,8.372917],[98.46875,8.36875]]]}},{"type":"Feature","id":"riveratlas-41400149","bbox":[98.71458333333263,8.368749999999856,98.72708333333273,8.381249999999874],"properties":{"id":"riveratlas-41400149","order":3,"discharge":3.6519999504089355},"geometry":{"type":"MultiLineString","coordinates":[[[98.727083,8.38125],[98.714583,8.36875]]]}},{"type":"Feature","id":"riveratlas-41400151","bbox":[99.24374999999938,8.368749999999856,99.24791666666604,8.372916666666557],"properties":{"id":"riveratlas-41400151","order":4,"discharge":21.941999435424805},"geometry":{"type":"MultiLineString","coordinates":[[[99.247917,8.36875],[99.24375,8.372917]]]}},{"type":"Feature","id":"riveratlas-41400169","bbox":[98.25624999999937,8.364583333333194,98.28541666666602,8.372916666666553],"properties":{"id":"riveratlas-41400169","order":3,"discharge":6.300000190734863},"geometry":{"type":"MultiLineString","coordinates":[[[98.285417,8.36875],[98.28125,8.36875],[98.277083,8.364583],[98.272917,8.36875],[98.264583,8.36875],[98.260417,8.372917],[98.25625,8.372917]]]}},{"type":"Feature","id":"riveratlas-41400174","bbox":[99.33541666666602,8.364583333333194,99.34374999999933,8.38124999999987],"properties":{"id":"riveratlas-41400174","order":3,"discharge":5.211999893188477},"geometry":{"type":"MultiLineString","coordinates":[[[99.335417,8.364583],[99.335417,8.372917],[99.34375,8.38125]]]}},{"type":"Feature","id":"riveratlas-41400175","bbox":[99.57708333333264,8.364583333333194,99.59374999999936,8.37708333333321],"properties":{"id":"riveratlas-41400175","order":3,"discharge":3.9709999561309814},"geometry":{"type":"MultiLineString","coordinates":[[[99.59375,8.364583],[99.585417,8.372917],[99.58125,8.372917],[99.577083,8.377083]]]}},{"type":"Feature","id":"riveratlas-41400178","bbox":[99.82708333333264,8.364583333333194,99.94374999999933,8.397916666666545],"properties":{"id":"riveratlas-41400178","order":3,"discharge":5.49399995803833},"geometry":{"type":"MultiLineString","coordinates":[[[99.827083,8.397917],[99.839583,8.397917],[99.847917,8.389583],[99.872917,8.389583],[99.88125,8.397917],[99.885417,8.397917],[99.889583,8.39375],[99.889583,8.389583],[99.89375,8.385417],[99.902083,8.385417],[99.910417,8.377083],[99.93125,8.377083],[99.94375,8.364583]]]}},{"type":"Feature","id":"riveratlas-41400195","bbox":[99.06041666666599,8.360416666666545,99.07708333333271,8.385416666666538],"properties":{"id":"riveratlas-41400195","order":3,"discharge":8.920000076293945},"geometry":{"type":"MultiLineString","coordinates":[[[99.077083,8.360417],[99.060417,8.377083],[99.060417,8.385417]]]}},{"type":"Feature","id":"riveratlas-41400197","bbox":[99.51458333333275,8.360416666666545,99.52291666666606,8.393749999999855],"properties":{"id":"riveratlas-41400197","order":4,"discharge":16.349000930786133},"geometry":{"type":"MultiLineString","coordinates":[[[99.522917,8.360417],[99.522917,8.36875],[99.51875,8.372917],[99.51875,8.385417],[99.514583,8.389583],[99.514583,8.39375]]]}},{"type":"Feature","id":"riveratlas-41400198","bbox":[99.59374999999935,8.360416666666545,99.61874999999934,8.364583333333204],"properties":{"id":"riveratlas-41400198","order":3,"discharge":3.5190000534057617},"geometry":{"type":"MultiLineString","coordinates":[[[99.61875,8.360417],[99.60625,8.360417],[99.602083,8.364583],[99.59375,8.364583]]]}},{"type":"Feature","id":"riveratlas-41400202","bbox":[99.94374999999931,8.360416666666545,99.96041666666595,8.364583333333204],"properties":{"id":"riveratlas-41400202","order":4,"discharge":9.465999603271484},"geometry":{"type":"MultiLineString","coordinates":[[[99.94375,8.364583],[99.947917,8.364583],[99.952083,8.360417],[99.960417,8.360417]]]}},{"type":"Feature","id":"riveratlas-41400218","bbox":[98.71458333333263,8.356249999999882,98.72291666666607,8.368749999999858],"properties":{"id":"riveratlas-41400218","order":3,"discharge":4.040999889373779},"geometry":{"type":"MultiLineString","coordinates":[[[98.714583,8.36875],[98.71875,8.364583],[98.71875,8.360417],[98.722917,8.35625]]]}},{"type":"Feature","id":"riveratlas-41400227","bbox":[99.9354166666661,8.356249999999882,99.94374999999933,8.364583333333199],"properties":{"id":"riveratlas-41400227","order":3,"discharge":3.634999990463257},"geometry":{"type":"MultiLineString","coordinates":[[[99.935417,8.35625],[99.94375,8.364583]]]}},{"type":"Feature","id":"riveratlas-41400228","bbox":[99.96041666666596,8.356249999999882,99.97291666666594,8.360416666666541],"properties":{"id":"riveratlas-41400228","order":4,"discharge":10.07699966430664},"geometry":{"type":"MultiLineString","coordinates":[[[99.960417,8.360417],[99.964583,8.35625],[99.972917,8.35625]]]}},{"type":"Feature","id":"riveratlas-41400229","bbox":[99.97291666666595,8.356249999999882,99.98958333333267,8.356249999999882],"properties":{"id":"riveratlas-41400229","order":4,"discharge":11.343000411987305},"geometry":{"type":"MultiLineString","coordinates":[[[99.972917,8.35625],[99.989583,8.35625]]]}},{"type":"Feature","id":"riveratlas-41400230","bbox":[99.98958333333266,8.356249999999882,100.0062499999993,8.377083333333216],"properties":{"id":"riveratlas-41400230","order":4,"discharge":12.017000198364258},"geometry":{"type":"MultiLineString","coordinates":[[[99.989583,8.35625],[99.997917,8.364583],[99.997917,8.36875],[100.00625,8.377083]]]}},{"type":"Feature","id":"riveratlas-41400246","bbox":[99.52291666666608,8.352083333333177,99.52291666666608,8.360416666666536],"properties":{"id":"riveratlas-41400246","order":4,"discharge":15.597000122070312},"geometry":{"type":"MultiLineString","coordinates":[[[99.522917,8.352083],[99.522917,8.360417]]]}},{"type":"Feature","id":"riveratlas-41400247","bbox":[99.61874999999932,8.352083333333177,99.64374999999936,8.360416666666536],"properties":{"id":"riveratlas-41400247","order":3,"discharge":3.0250000953674316},"geometry":{"type":"MultiLineString","coordinates":[[[99.64375,8.352083],[99.627083,8.352083],[99.61875,8.360417]]]}},{"type":"Feature","id":"riveratlas-41400262","bbox":[99.66458333333273,8.347916666666556,99.66874999999926,8.347916666666556],"properties":{"id":"riveratlas-41400262","order":3,"discharge":1.7319999933242798},"geometry":{"type":"MultiLineString","coordinates":[[[99.66875,8.347917],[99.664583,8.347917]]]}},{"type":"Feature","id":"riveratlas-41400277","bbox":[98.96458333333268,8.343749999999865,99.02708333333264,8.377083333333216],"properties":{"id":"riveratlas-41400277","order":3,"discharge":2.5480000972747803},"geometry":{"type":"MultiLineString","coordinates":[[[98.964583,8.377083],[98.977083,8.377083],[98.985417,8.36875],[98.985417,8.364583],[98.989583,8.360417],[98.989583,8.35625],[98.99375,8.352083],[99.01875,8.352083],[99.027083,8.34375]]]}},{"type":"Feature","id":"riveratlas-41400279","bbox":[99.33541666666602,8.343749999999865,99.35208333333266,8.364583333333199],"properties":{"id":"riveratlas-41400279","order":3,"discharge":4.728000164031982},"geometry":{"type":"MultiLineString","coordinates":[[[99.352083,8.34375],[99.352083,8.347917],[99.335417,8.364583]]]}},{"type":"Feature","id":"riveratlas-41400289","bbox":[98.4687499999994,8.339583333333202,98.49374999999931,8.368749999999853],"properties":{"id":"riveratlas-41400289","order":4,"discharge":7.146999835968018},"geometry":{"type":"MultiLineString","coordinates":[[[98.46875,8.36875],[98.477083,8.360417],[98.477083,8.352083],[98.48125,8.347917],[98.485417,8.347917],[98.49375,8.339583]]]}},{"type":"Feature","id":"riveratlas-41400293","bbox":[99.02708333333263,8.339583333333202,99.05208333333266,8.377083333333212],"properties":{"id":"riveratlas-41400293","order":3,"discharge":4.550000190734863},"geometry":{"type":"MultiLineString","coordinates":[[[99.027083,8.34375],[99.039583,8.34375],[99.04375,8.339583],[99.047917,8.34375],[99.047917,8.352083],[99.04375,8.35625],[99.047917,8.360417],[99.047917,8.372917],[99.052083,8.377083]]]}},{"type":"Feature","id":"riveratlas-41400294","bbox":[99.64374999999936,8.339583333333202,99.66458333333273,8.352083333333178],"properties":{"id":"riveratlas-41400294","order":3,"discharge":2.5439999103546143},"geometry":{"type":"MultiLineString","coordinates":[[[99.664583,8.347917],[99.660417,8.347917],[99.652083,8.339583],[99.64375,8.347917],[99.64375,8.352083]]]}},{"type":"Feature","id":"riveratlas-41400295","bbox":[99.79374999999928,8.339583333333202,99.79791666666607,8.352083333333178],"properties":{"id":"riveratlas-41400295","order":3,"discharge":2.8320000171661377},"geometry":{"type":"MultiLineString","coordinates":[[[99.79375,8.339583],[99.79375,8.34375],[99.797917,8.347917],[99.797917,8.352083]]]}},{"type":"Feature","id":"riveratlas-41400309","bbox":[98.70624999999941,8.33541666666654,98.72291666666605,8.356249999999873],"properties":{"id":"riveratlas-41400309","order":3,"discharge":4.698999881744385},"geometry":{"type":"MultiLineString","coordinates":[[[98.722917,8.35625],[98.722917,8.352083],[98.71875,8.347917],[98.71875,8.34375],[98.710417,8.335417],[98.70625,8.335417]]]}},{"type":"Feature","id":"riveratlas-41400313","bbox":[99.78541666666595,8.33541666666654,99.79374999999926,8.339583333333199],"properties":{"id":"riveratlas-41400313","order":3,"discharge":2.61299991607666},"geometry":{"type":"MultiLineString","coordinates":[[[99.785417,8.335417],[99.789583,8.339583],[99.79375,8.339583]]]}},{"type":"Feature","id":"riveratlas-41400329","bbox":[99.06874999999937,8.33124999999989,99.07708333333268,8.360416666666541],"properties":{"id":"riveratlas-41400329","order":3,"discharge":6.004000186920166},"geometry":{"type":"MultiLineString","coordinates":[[[99.072917,8.33125],[99.06875,8.335417],[99.06875,8.347917],[99.077083,8.35625],[99.077083,8.360417]]]}},{"type":"Feature","id":"riveratlas-41400330","bbox":[99.24791666666604,8.33124999999989,99.28124999999947,8.368749999999858],"properties":{"id":"riveratlas-41400330","order":4,"discharge":21.763999938964844},"geometry":{"type":"MultiLineString","coordinates":[[[99.277083,8.33125],[99.28125,8.335417],[99.28125,8.339583],[99.277083,8.34375],[99.277083,8.347917],[99.272917,8.352083],[99.264583,8.352083],[99.247917,8.36875]]]}},{"type":"Feature","id":"riveratlas-41400331","bbox":[99.79791666666605,8.33124999999989,99.84374999999935,8.352083333333184],"properties":{"id":"riveratlas-41400331","order":3,"discharge":6.073999881744385},"geometry":{"type":"MultiLineString","coordinates":[[[99.797917,8.352083],[99.80625,8.352083],[99.810417,8.347917],[99.814583,8.347917],[99.822917,8.339583],[99.835417,8.339583],[99.84375,8.33125]]]}},{"type":"Feature","id":"riveratlas-41400358","bbox":[99.07291666666603,8.327083333333185,99.07291666666603,8.331249999999885],"properties":{"id":"riveratlas-41400358","order":3,"discharge":5.585999965667725},"geometry":{"type":"MultiLineString","coordinates":[[[99.072917,8.327083],[99.072917,8.33125]]]}},{"type":"Feature","id":"riveratlas-41400378","bbox":[99.27708333333263,8.322916666666522,99.28124999999946,8.331249999999882],"properties":{"id":"riveratlas-41400378","order":4,"discharge":20.25200080871582},"geometry":{"type":"MultiLineString","coordinates":[[[99.28125,8.322917],[99.277083,8.327083],[99.277083,8.33125]]]}},{"type":"Feature","id":"riveratlas-41400380","bbox":[99.52291666666608,8.322916666666522,99.53124999999939,8.352083333333173],"properties":{"id":"riveratlas-41400380","order":4,"discharge":12.420000076293945},"geometry":{"type":"MultiLineString","coordinates":[[[99.53125,8.322917],[99.522917,8.33125],[99.522917,8.352083]]]}},{"type":"Feature","id":"riveratlas-41400392","bbox":[99.07291666666603,8.318749999999874,99.07291666666603,8.32708333333319],"properties":{"id":"riveratlas-41400392","order":3,"discharge":5.374000072479248},"geometry":{"type":"MultiLineString","coordinates":[[[99.072917,8.31875],[99.072917,8.327083]]]}},{"type":"Feature","id":"riveratlas-41400410","bbox":[98.69791666666603,8.31458333333321,98.71041666666609,8.335416666666545],"properties":{"id":"riveratlas-41400410","order":3,"discharge":5.125},"geometry":{"type":"MultiLineString","coordinates":[[[98.70625,8.335417],[98.702083,8.335417],[98.697917,8.33125],[98.710417,8.31875],[98.710417,8.314583]]]}},{"type":"Feature","id":"riveratlas-41400413","bbox":[99.5312499999994,8.31458333333321,99.54374999999946,8.322916666666528],"properties":{"id":"riveratlas-41400413","order":4,"discharge":11.942000389099121},"geometry":{"type":"MultiLineString","coordinates":[[[99.54375,8.314583],[99.535417,8.322917],[99.53125,8.322917]]]}},{"type":"Feature","id":"riveratlas-41400414","bbox":[99.54374999999945,8.31458333333321,99.55208333333267,8.31458333333321],"properties":{"id":"riveratlas-41400414","order":4,"discharge":11.633999824523926},"geometry":{"type":"MultiLineString","coordinates":[[[99.552083,8.314583],[99.54375,8.314583]]]}},{"type":"Feature","id":"riveratlas-41400415","bbox":[99.55208333333266,8.31458333333321,99.55624999999932,8.31874999999987],"properties":{"id":"riveratlas-41400415","order":3,"discharge":2.0290000438690186},"geometry":{"type":"MultiLineString","coordinates":[[[99.55625,8.31875],[99.552083,8.314583]]]}},{"type":"Feature","id":"riveratlas-41400437","bbox":[99.07291666666603,8.310416666666548,99.0770833333327,8.318749999999865],"properties":{"id":"riveratlas-41400437","order":3,"discharge":3.9679999351501465},"geometry":{"type":"MultiLineString","coordinates":[[[99.077083,8.310417],[99.077083,8.314583],[99.072917,8.31875]]]}},{"type":"Feature","id":"riveratlas-41400438","bbox":[99.28124999999946,8.310416666666548,99.29791666666601,8.322916666666524],"properties":{"id":"riveratlas-41400438","order":4,"discharge":20.08300018310547},"geometry":{"type":"MultiLineString","coordinates":[[[99.297917,8.310417],[99.29375,8.314583],[99.289583,8.314583],[99.28125,8.322917]]]}},{"type":"Feature","id":"riveratlas-41400452","bbox":[98.42291666666605,8.306249999999856,98.43124999999937,8.310416666666557],"properties":{"id":"riveratlas-41400452","order":3,"discharge":4.372000217437744},"geometry":{"type":"MultiLineString","coordinates":[[[98.422917,8.30625],[98.427083,8.310417],[98.43125,8.310417]]]}},{"type":"Feature","id":"riveratlas-41400456","bbox":[99.297916666666,8.306249999999856,99.30624999999931,8.310416666666557],"properties":{"id":"riveratlas-41400456","order":3,"discharge":17.08099937438965},"geometry":{"type":"MultiLineString","coordinates":[[[99.30625,8.30625],[99.302083,8.310417],[99.297917,8.310417]]]}},{"type":"Feature","id":"riveratlas-41400459","bbox":[99.35208333333267,8.306249999999856,99.36041666666607,8.343749999999867],"properties":{"id":"riveratlas-41400459","order":3,"discharge":4.414999961853027},"geometry":{"type":"MultiLineString","coordinates":[[[99.35625,8.30625],[99.35625,8.327083],[99.360417,8.33125],[99.360417,8.335417],[99.352083,8.34375]]]}},{"type":"Feature","id":"riveratlas-41400477","bbox":[99.297916666666,8.302083333333194,99.297916666666,8.310416666666553],"properties":{"id":"riveratlas-41400477","order":3,"discharge":2.931999921798706},"geometry":{"type":"MultiLineString","coordinates":[[[99.297917,8.302083],[99.297917,8.310417]]]}},{"type":"Feature","id":"riveratlas-41400489","bbox":[98.41458333333267,8.29791666666653,98.42291666666607,8.306249999999848],"properties":{"id":"riveratlas-41400489","order":3,"discharge":3.24399995803833},"geometry":{"type":"MultiLineString","coordinates":[[[98.414583,8.297917],[98.422917,8.30625]]]}},{"type":"Feature","id":"riveratlas-41400492","bbox":[99.0770833333327,8.29791666666653,99.08124999999936,8.310416666666548],"properties":{"id":"riveratlas-41400492","order":3,"discharge":3.7660000324249268},"geometry":{"type":"MultiLineString","coordinates":[[[99.08125,8.297917],[99.08125,8.302083],[99.077083,8.30625],[99.077083,8.310417]]]}},{"type":"Feature","id":"riveratlas-41400495","bbox":[99.35624999999933,8.29791666666653,99.38124999999937,8.306249999999848],"properties":{"id":"riveratlas-41400495","order":3,"discharge":3.946000099182129},"geometry":{"type":"MultiLineString","coordinates":[[[99.38125,8.297917],[99.377083,8.302083],[99.372917,8.297917],[99.364583,8.297917],[99.35625,8.30625]]]}},{"type":"Feature","id":"riveratlas-41400517","bbox":[99.84374999999935,8.293749999999882,99.88124999999935,8.331249999999892],"properties":{"id":"riveratlas-41400517","order":3,"discharge":6.875},"geometry":{"type":"MultiLineString","coordinates":[[[99.84375,8.33125],[99.847917,8.327083],[99.85625,8.327083],[99.860417,8.322917],[99.864583,8.322917],[99.872917,8.314583],[99.872917,8.30625],[99.877083,8.302083],[99.877083,8.297917],[99.88125,8.29375]]]}},{"type":"Feature","id":"riveratlas-41400536","bbox":[99.55208333333266,8.28958333333322,99.56041666666597,8.314583333333212],"properties":{"id":"riveratlas-41400536","order":3,"discharge":9.5},"geometry":{"type":"MultiLineString","coordinates":[[[99.55625,8.289583],[99.55625,8.297917],[99.560417,8.302083],[99.560417,8.30625],[99.552083,8.314583]]]}},{"type":"Feature","id":"riveratlas-41400537","bbox":[99.88124999999937,8.28958333333322,99.88958333333268,8.293749999999878],"properties":{"id":"riveratlas-41400537","order":3,"discharge":9.28499984741211},"geometry":{"type":"MultiLineString","coordinates":[[[99.88125,8.29375],[99.885417,8.29375],[99.889583,8.289583]]]}},{"type":"Feature","id":"riveratlas-41400551","bbox":[99.08124999999936,8.285416666666556,99.09791666666608,8.297916666666532],"properties":{"id":"riveratlas-41400551","order":3,"discharge":3.5769999027252197},"geometry":{"type":"MultiLineString","coordinates":[[[99.097917,8.285417],[99.09375,8.285417],[99.08125,8.297917]]]}},{"type":"Feature","id":"riveratlas-41400552","bbox":[99.55624999999932,8.285416666666556,99.56041666666599,8.289583333333216],"properties":{"id":"riveratlas-41400552","order":3,"discharge":5.328999996185303},"geometry":{"type":"MultiLineString","coordinates":[[[99.560417,8.285417],[99.55625,8.289583]]]}},{"type":"Feature","id":"riveratlas-41400592","bbox":[99.09791666666607,8.27291666666654,99.10624999999938,8.285416666666556],"properties":{"id":"riveratlas-41400592","order":3,"discharge":2.556999921798706},"geometry":{"type":"MultiLineString","coordinates":[[[99.10625,8.272917],[99.102083,8.277083],[99.102083,8.28125],[99.097917,8.285417]]]}},{"type":"Feature","id":"riveratlas-41400614","bbox":[99.30624999999932,8.26874999999989,99.33541666666602,8.306249999999858],"properties":{"id":"riveratlas-41400614","order":3,"discharge":16.868999481201172},"geometry":{"type":"MultiLineString","coordinates":[[[99.335417,8.26875],[99.335417,8.272917],[99.33125,8.277083],[99.327083,8.277083],[99.33125,8.28125],[99.33125,8.289583],[99.327083,8.29375],[99.31875,8.29375],[99.30625,8.30625]]]}},{"type":"Feature","id":"riveratlas-41400617","bbox":[99.38124999999937,8.26874999999989,99.38958333333277,8.297916666666541],"properties":{"id":"riveratlas-41400617","order":3,"discharge":3.180000066757202},"geometry":{"type":"MultiLineString","coordinates":[[[99.389583,8.26875],[99.389583,8.272917],[99.385417,8.277083],[99.385417,8.28125],[99.38125,8.285417],[99.38125,8.297917]]]}},{"type":"Feature","id":"riveratlas-41400619","bbox":[99.8895833333327,8.26874999999989,99.91458333333273,8.289583333333225],"properties":{"id":"riveratlas-41400619","order":3,"discharge":10.411999702453613},"geometry":{"type":"MultiLineString","coordinates":[[[99.889583,8.289583],[99.889583,8.285417],[99.89375,8.28125],[99.90625,8.28125],[99.910417,8.277083],[99.910417,8.272917],[99.914583,8.26875]]]}},{"type":"Feature","id":"riveratlas-41400620","bbox":[99.91458333333273,8.26874999999989,99.93124999999937,8.26874999999989],"properties":{"id":"riveratlas-41400620","order":3,"discharge":12.97599983215332},"geometry":{"type":"MultiLineString","coordinates":[[[99.914583,8.26875],[99.93125,8.26875]]]}},{"type":"Feature","id":"riveratlas-41400631","bbox":[98.40624999999935,8.264583333333185,98.41458333333266,8.297916666666536],"properties":{"id":"riveratlas-41400631","order":3,"discharge":1.7289999723434448},"geometry":{"type":"MultiLineString","coordinates":[[[98.40625,8.264583],[98.40625,8.272917],[98.410417,8.277083],[98.410417,8.289583],[98.414583,8.29375],[98.414583,8.297917]]]}},{"type":"Feature","id":"riveratlas-41400638","bbox":[99.56041666666599,8.264583333333185,99.5687499999993,8.285416666666562],"properties":{"id":"riveratlas-41400638","order":3,"discharge":4.40500020980835},"geometry":{"type":"MultiLineString","coordinates":[[[99.56875,8.264583],[99.560417,8.272917],[99.560417,8.285417]]]}},{"type":"Feature","id":"riveratlas-41400656","bbox":[99.56874999999931,8.256249999999874,99.57291666666598,8.26458333333319],"properties":{"id":"riveratlas-41400656","order":3,"discharge":4.065000057220459},"geometry":{"type":"MultiLineString","coordinates":[[[99.572917,8.25625],[99.572917,8.260417],[99.56875,8.264583]]]}},{"type":"Feature","id":"riveratlas-41400657","bbox":[99.93124999999938,8.256249999999874,99.96041666666595,8.26874999999989],"properties":{"id":"riveratlas-41400657","order":3,"discharge":13.684000015258789},"geometry":{"type":"MultiLineString","coordinates":[[[99.93125,8.26875],[99.935417,8.26875],[99.94375,8.260417],[99.952083,8.260417],[99.95625,8.25625],[99.960417,8.25625]]]}},{"type":"Feature","id":"riveratlas-41400659","bbox":[99.96041666666596,8.256249999999874,99.98124999999929,8.256249999999874],"properties":{"id":"riveratlas-41400659","order":4,"discharge":23.42799949645996},"geometry":{"type":"MultiLineString","coordinates":[[[99.960417,8.25625],[99.98125,8.25625]]]}},{"type":"Feature","id":"riveratlas-41400677","bbox":[99.31874999999931,8.25208333333321,99.33541666666603,8.268749999999887],"properties":{"id":"riveratlas-41400677","order":3,"discharge":16.322999954223633},"geometry":{"type":"MultiLineString","coordinates":[[[99.31875,8.252083],[99.322917,8.252083],[99.33125,8.260417],[99.33125,8.264583],[99.335417,8.26875]]]}},{"type":"Feature","id":"riveratlas-41400679","bbox":[99.57291666666598,8.25208333333321,99.57291666666598,8.25624999999987],"properties":{"id":"riveratlas-41400679","order":3,"discharge":3.809999942779541},"geometry":{"type":"MultiLineString","coordinates":[[[99.572917,8.252083],[99.572917,8.25625]]]}},{"type":"Feature","id":"riveratlas-41400682","bbox":[99.98124999999928,8.25208333333321,99.99374999999934,8.25624999999987],"properties":{"id":"riveratlas-41400682","order":4,"discharge":23.95400047302246},"geometry":{"type":"MultiLineString","coordinates":[[[99.98125,8.25625],[99.989583,8.25625],[99.99375,8.252083]]]}},{"type":"Feature","id":"riveratlas-41400699","bbox":[99.99374999999932,8.247916666666548,100.01041666666596,8.252083333333207],"properties":{"id":"riveratlas-41400699","order":4,"discharge":25.399999618530273},"geometry":{"type":"MultiLineString","coordinates":[[[99.99375,8.252083],[99.997917,8.252083],[100.002083,8.247917],[100.010417,8.247917]]]}},{"type":"Feature","id":"riveratlas-41400743","bbox":[99.57291666666598,8.239583333333194,99.57291666666598,8.25208333333321],"properties":{"id":"riveratlas-41400743","order":3,"discharge":3.4779999256134033},"geometry":{"type":"MultiLineString","coordinates":[[[99.572917,8.239583],[99.572917,8.252083]]]}},{"type":"Feature","id":"riveratlas-41400759","bbox":[99.31041666666599,8.23541666666653,99.3187499999993,8.252083333333207],"properties":{"id":"riveratlas-41400759","order":3,"discharge":16.027000427246094},"geometry":{"type":"MultiLineString","coordinates":[[[99.314583,8.235417],[99.314583,8.239583],[99.310417,8.24375],[99.31875,8.252083]]]}},{"type":"Feature","id":"riveratlas-41400761","bbox":[99.57291666666598,8.23541666666653,99.57708333333264,8.23958333333319],"properties":{"id":"riveratlas-41400761","order":3,"discharge":3.257999897003174},"geometry":{"type":"MultiLineString","coordinates":[[[99.577083,8.235417],[99.572917,8.239583]]]}},{"type":"Feature","id":"riveratlas-41400806","bbox":[99.31458333333265,8.22708333333322,99.31458333333265,8.235416666666536],"properties":{"id":"riveratlas-41400806","order":3,"discharge":15.314000129699707},"geometry":{"type":"MultiLineString","coordinates":[[[99.314583,8.227083],[99.314583,8.235417]]]}},{"type":"Feature","id":"riveratlas-41400809","bbox":[99.94791666666598,8.22708333333322,99.96041666666595,8.25624999999987],"properties":{"id":"riveratlas-41400809","order":3,"discharge":8.906999588012695},"geometry":{"type":"MultiLineString","coordinates":[[[99.947917,8.227083],[99.952083,8.23125],[99.952083,8.239583],[99.95625,8.24375],[99.95625,8.247917],[99.960417,8.252083],[99.960417,8.25625]]]}},{"type":"Feature","id":"riveratlas-41400824","bbox":[99.31458333333265,8.222916666666556,99.31874999999931,8.227083333333216],"properties":{"id":"riveratlas-41400824","order":3,"discharge":15.125},"geometry":{"type":"MultiLineString","coordinates":[[[99.31875,8.222917],[99.314583,8.227083]]]}},{"type":"Feature","id":"riveratlas-41400860","bbox":[99.93958333333265,8.214583333333202,99.94791666666596,8.22708333333322],"properties":{"id":"riveratlas-41400860","order":3,"discharge":7.793000221252441},"geometry":{"type":"MultiLineString","coordinates":[[[99.939583,8.214583],[99.94375,8.21875],[99.94375,8.222917],[99.947917,8.227083]]]}},{"type":"Feature","id":"riveratlas-41400868","bbox":[98.77291666666602,8.21041666666654,98.80208333333267,8.227083333333216],"properties":{"id":"riveratlas-41400868","order":3,"discharge":1.6729999780654907},"geometry":{"type":"MultiLineString","coordinates":[[[98.802083,8.227083],[98.78125,8.227083],[98.772917,8.21875],[98.777083,8.214583],[98.772917,8.210417]]]}},{"type":"Feature","id":"riveratlas-41400871","bbox":[98.88124999999931,8.21041666666654,98.88541666666598,8.227083333333216],"properties":{"id":"riveratlas-41400871","order":3,"discharge":1.9429999589920044},"geometry":{"type":"MultiLineString","coordinates":[[[98.885417,8.227083],[98.885417,8.222917],[98.88125,8.21875],[98.88125,8.210417]]]}},{"type":"Feature","id":"riveratlas-41400876","bbox":[99.9354166666661,8.21041666666654,99.93958333333264,8.214583333333199],"properties":{"id":"riveratlas-41400876","order":3,"discharge":7.539000034332275},"geometry":{"type":"MultiLineString","coordinates":[[[99.935417,8.210417],[99.939583,8.214583]]]}},{"type":"Feature","id":"riveratlas-41400894","bbox":[99.31458333333265,8.206249999999876,99.31874999999931,8.222916666666553],"properties":{"id":"riveratlas-41400894","order":3,"discharge":13.111000061035156},"geometry":{"type":"MultiLineString","coordinates":[[[99.314583,8.20625],[99.31875,8.210417],[99.31875,8.222917]]]}},{"type":"Feature","id":"riveratlas-41400905","bbox":[98.75208333333265,8.202083333333228,98.77291666666602,8.210416666666545],"properties":{"id":"riveratlas-41400905","order":3,"discharge":2.121999979019165},"geometry":{"type":"MultiLineString","coordinates":[[[98.772917,8.210417],[98.76875,8.20625],[98.760417,8.20625],[98.75625,8.202083],[98.752083,8.202083]]]}},{"type":"Feature","id":"riveratlas-41400919","bbox":[99.31458333333265,8.197916666666522,99.31458333333265,8.206249999999882],"properties":{"id":"riveratlas-41400919","order":3,"discharge":12.821999549865723},"geometry":{"type":"MultiLineString","coordinates":[[[99.314583,8.197917],[99.314583,8.20625]]]}},{"type":"Feature","id":"riveratlas-41400924","bbox":[99.93124999999938,8.197916666666522,99.93541666666609,8.21041666666654],"properties":{"id":"riveratlas-41400924","order":3,"discharge":6.964000225067139},"geometry":{"type":"MultiLineString","coordinates":[[[99.93125,8.197917],[99.935417,8.202083],[99.935417,8.210417]]]}},{"type":"Feature","id":"riveratlas-41400934","bbox":[99.9062499999994,8.19374999999986,99.9312499999994,8.197916666666519],"properties":{"id":"riveratlas-41400934","order":3,"discharge":6.067999839782715},"geometry":{"type":"MultiLineString","coordinates":[[[99.90625,8.19375],[99.910417,8.197917],[99.91875,8.197917],[99.922917,8.19375],[99.927083,8.19375],[99.93125,8.197917]]]}},{"type":"Feature","id":"riveratlas-41401005","bbox":[99.30624999999932,8.17291666666653,99.31458333333264,8.197916666666524],"properties":{"id":"riveratlas-41401005","order":3,"discharge":12.397000312805176},"geometry":{"type":"MultiLineString","coordinates":[[[99.30625,8.172917],[99.30625,8.189583],[99.314583,8.197917]]]}},{"type":"Feature","id":"riveratlas-41401035","bbox":[98.87708333333265,8.16458333333322,98.90208333333264,8.210416666666546],"properties":{"id":"riveratlas-41401035","order":3,"discharge":2.3489999771118164},"geometry":{"type":"MultiLineString","coordinates":[[[98.88125,8.210417],[98.88125,8.202083],[98.877083,8.197917],[98.877083,8.189583],[98.88125,8.185417],[98.885417,8.185417],[98.89375,8.177083],[98.89375,8.172917],[98.902083,8.164583]]]}},{"type":"Feature","id":"riveratlas-41401052","bbox":[99.28958333333267,8.160416666666556,99.30624999999931,8.172916666666532],"properties":{"id":"riveratlas-41401052","order":3,"discharge":8.98900032043457},"geometry":{"type":"MultiLineString","coordinates":[[[99.289583,8.160417],[99.297917,8.16875],[99.302083,8.16875],[99.30625,8.172917]]]}},{"type":"Feature","id":"riveratlas-41401070","bbox":[98.96458333333268,8.15208333333323,98.97291666666608,8.18124999999984],"properties":{"id":"riveratlas-41401070","order":3,"discharge":1.746000051498413},"geometry":{"type":"MultiLineString","coordinates":[[[98.972917,8.18125],[98.972917,8.177083],[98.96875,8.172917],[98.96875,8.16875],[98.972917,8.164583],[98.964583,8.15625],[98.964583,8.152083]]]}},{"type":"Feature","id":"riveratlas-41401071","bbox":[99.28958333333267,8.15208333333323,99.28958333333267,8.160416666666547],"properties":{"id":"riveratlas-41401071","order":3,"discharge":8.069999694824219},"geometry":{"type":"MultiLineString","coordinates":[[[99.289583,8.152083],[99.289583,8.160417]]]}},{"type":"Feature","id":"riveratlas-41401087","bbox":[98.8937499999993,8.14791666666654,98.90208333333261,8.164583333333216],"properties":{"id":"riveratlas-41401087","order":3,"discharge":2.877000093460083},"geometry":{"type":"MultiLineString","coordinates":[[[98.902083,8.164583],[98.902083,8.160417],[98.897917,8.15625],[98.897917,8.152083],[98.89375,8.147917]]]}},{"type":"Feature","id":"riveratlas-41401093","bbox":[99.66041666666595,8.14791666666654,99.66458333333274,8.197916666666524],"properties":{"id":"riveratlas-41401093","order":3,"discharge":3.312000036239624},"geometry":{"type":"MultiLineString","coordinates":[[[99.664583,8.197917],[99.664583,8.177083],[99.660417,8.172917],[99.660417,8.160417],[99.664583,8.15625],[99.664583,8.147917]]]}},{"type":"Feature","id":"riveratlas-41401096","bbox":[99.85624999999933,8.14791666666654,99.9062499999994,8.193749999999866],"properties":{"id":"riveratlas-41401096","order":3,"discharge":4.385000228881836},"geometry":{"type":"MultiLineString","coordinates":[[[99.85625,8.147917],[99.85625,8.160417],[99.864583,8.16875],[99.88125,8.16875],[99.885417,8.172917],[99.89375,8.172917],[99.90625,8.185417],[99.90625,8.19375]]]}},{"type":"Feature","id":"riveratlas-41401116","bbox":[99.82708333333264,8.143749999999876,99.83541666666595,8.143749999999876],"properties":{"id":"riveratlas-41401116","order":3,"discharge":2.618000030517578},"geometry":{"type":"MultiLineString","coordinates":[[[99.827083,8.14375],[99.835417,8.14375]]]}},{"type":"Feature","id":"riveratlas-41401117","bbox":[99.83541666666596,8.143749999999876,99.85624999999933,8.147916666666536],"properties":{"id":"riveratlas-41401117","order":3,"discharge":3.0439999103546143},"geometry":{"type":"MultiLineString","coordinates":[[[99.835417,8.14375],[99.839583,8.14375],[99.84375,8.147917],[99.847917,8.147917],[99.852083,8.14375],[99.85625,8.147917]]]}},{"type":"Feature","id":"riveratlas-41401134","bbox":[99.6562499999994,8.139583333333213,99.66458333333271,8.14791666666653],"properties":{"id":"riveratlas-41401134","order":3,"discharge":8.444999694824219},"geometry":{"type":"MultiLineString","coordinates":[[[99.664583,8.147917],[99.65625,8.139583]]]}},{"type":"Feature","id":"riveratlas-41401138","bbox":[99.81874999999931,8.139583333333213,99.82708333333262,8.143749999999873],"properties":{"id":"riveratlas-41401138","order":3,"discharge":2.2170000076293945},"geometry":{"type":"MultiLineString","coordinates":[[[99.81875,8.139583],[99.822917,8.14375],[99.827083,8.14375]]]}},{"type":"Feature","id":"riveratlas-41401196","bbox":[98.88958333333281,8.122916666666548,98.89791666666603,8.147916666666541],"properties":{"id":"riveratlas-41401196","order":3,"discharge":3.752000093460083},"geometry":{"type":"MultiLineString","coordinates":[[[98.89375,8.147917],[98.89375,8.14375],[98.889583,8.139583],[98.897917,8.13125],[98.897917,8.122917]]]}},{"type":"Feature","id":"riveratlas-41401212","bbox":[98.95624999999936,8.118749999999885,98.96458333333267,8.152083333333236],"properties":{"id":"riveratlas-41401212","order":3,"discharge":2.4709999561309814},"geometry":{"type":"MultiLineString","coordinates":[[[98.964583,8.152083],[98.960417,8.147917],[98.964583,8.14375],[98.960417,8.139583],[98.960417,8.135417],[98.95625,8.13125],[98.960417,8.127083],[98.960417,8.11875]]]}},{"type":"Feature","id":"riveratlas-41401216","bbox":[99.28958333333267,8.118749999999885,99.29791666666598,8.152083333333236],"properties":{"id":"riveratlas-41401216","order":3,"discharge":7.289000034332275},"geometry":{"type":"MultiLineString","coordinates":[[[99.297917,8.11875],[99.297917,8.14375],[99.289583,8.152083]]]}},{"type":"Feature","id":"riveratlas-41401218","bbox":[99.64791666666608,8.118749999999885,99.65624999999939,8.139583333333219],"properties":{"id":"riveratlas-41401218","order":3,"discharge":10.456999778747559},"geometry":{"type":"MultiLineString","coordinates":[[[99.65625,8.139583],[99.65625,8.135417],[99.652083,8.13125],[99.652083,8.127083],[99.647917,8.122917],[99.647917,8.11875]]]}},{"type":"Feature","id":"riveratlas-41401231","bbox":[98.89791666666602,8.11458333333318,98.90208333333264,8.122916666666539],"properties":{"id":"riveratlas-41401231","order":3,"discharge":4.11899995803833},"geometry":{"type":"MultiLineString","coordinates":[[[98.897917,8.122917],[98.897917,8.11875],[98.902083,8.114583]]]}},{"type":"Feature","id":"riveratlas-41401236","bbox":[99.89791666666602,8.11458333333318,99.91874999999926,8.11874999999988],"properties":{"id":"riveratlas-41401236","order":3,"discharge":1.3660000562667847},"geometry":{"type":"MultiLineString","coordinates":[[[99.897917,8.114583],[99.902083,8.11875],[99.910417,8.11875],[99.914583,8.114583],[99.91875,8.114583]]]}},{"type":"Feature","id":"riveratlas-41401237","bbox":[99.91874999999928,8.11458333333318,99.92291666666607,8.11458333333318],"properties":{"id":"riveratlas-41401237","order":3,"discharge":3.447999954223633},"geometry":{"type":"MultiLineString","coordinates":[[[99.91875,8.114583],[99.922917,8.114583]]]}},{"type":"Feature","id":"riveratlas-41401253","bbox":[98.96041666666602,8.110416666666573,98.96041666666602,8.11874999999989],"properties":{"id":"riveratlas-41401253","order":3,"discharge":3.078000068664551},"geometry":{"type":"MultiLineString","coordinates":[[[98.960417,8.11875],[98.960417,8.110417]]]}},{"type":"Feature","id":"riveratlas-41401270","bbox":[99.92291666666605,8.106249999999868,99.93541666666611,8.114583333333185],"properties":{"id":"riveratlas-41401270","order":3,"discharge":3.9019999504089355},"geometry":{"type":"MultiLineString","coordinates":[[[99.922917,8.114583],[99.927083,8.110417],[99.93125,8.110417],[99.935417,8.10625]]]}},{"type":"Feature","id":"riveratlas-41401286","bbox":[98.90208333333263,8.102083333333205,98.91874999999935,8.114583333333181],"properties":{"id":"riveratlas-41401286","order":3,"discharge":4.340000152587891},"geometry":{"type":"MultiLineString","coordinates":[[[98.902083,8.114583],[98.914583,8.102083],[98.91875,8.102083]]]}},{"type":"Feature","id":"riveratlas-41401293","bbox":[99.9354166666661,8.102083333333205,99.94791666666599,8.135416666666556],"properties":{"id":"riveratlas-41401293","order":3,"discharge":4.392000198364258},"geometry":{"type":"MultiLineString","coordinates":[[[99.935417,8.10625],[99.939583,8.102083],[99.94375,8.102083],[99.947917,8.10625],[99.94375,8.110417],[99.94375,8.11875],[99.939583,8.122917],[99.939583,8.13125],[99.94375,8.135417]]]}},{"type":"Feature","id":"riveratlas-41401323","bbox":[99.27708333333263,8.09374999999985,99.297916666666,8.118749999999885],"properties":{"id":"riveratlas-41401323","order":3,"discharge":6.440999984741211},"geometry":{"type":"MultiLineString","coordinates":[[[99.277083,8.09375],[99.28125,8.097917],[99.28125,8.102083],[99.297917,8.11875]]]}},{"type":"Feature","id":"riveratlas-41401337","bbox":[99.64374999999936,8.089583333333188,99.64791666666606,8.118749999999881],"properties":{"id":"riveratlas-41401337","order":3,"discharge":11.35200023651123},"geometry":{"type":"MultiLineString","coordinates":[[[99.647917,8.11875],[99.647917,8.10625],[99.64375,8.102083],[99.647917,8.097917],[99.647917,8.089583]]]}},{"type":"Feature","id":"riveratlas-41401351","bbox":[99.27708333333263,8.08541666666654,99.27708333333263,8.093749999999856],"properties":{"id":"riveratlas-41401351","order":3,"discharge":6.011000156402588},"geometry":{"type":"MultiLineString","coordinates":[[[99.277083,8.085417],[99.277083,8.09375]]]}},{"type":"Feature","id":"riveratlas-41401354","bbox":[99.94374999999931,8.08541666666654,99.96458333333264,8.135416666666567],"properties":{"id":"riveratlas-41401354","order":3,"discharge":5.189000129699707},"geometry":{"type":"MultiLineString","coordinates":[[[99.94375,8.135417],[99.947917,8.13125],[99.947917,8.122917],[99.952083,8.11875],[99.952083,8.114583],[99.95625,8.110417],[99.95625,8.102083],[99.960417,8.097917],[99.960417,8.09375],[99.964583,8.089583],[99.964583,8.085417]]]}},{"type":"Feature","id":"riveratlas-41401368","bbox":[99.64791666666608,8.081249999999876,99.65208333333261,8.089583333333193],"properties":{"id":"riveratlas-41401368","order":3,"discharge":12.86400032043457},"geometry":{"type":"MultiLineString","coordinates":[[[99.647917,8.089583],[99.652083,8.085417],[99.652083,8.08125]]]}},{"type":"Feature","id":"riveratlas-41401378","bbox":[98.91874999999933,8.077083333333213,98.93541666666597,8.102083333333207],"properties":{"id":"riveratlas-41401378","order":3,"discharge":4.491000175476074},"geometry":{"type":"MultiLineString","coordinates":[[[98.91875,8.102083],[98.93125,8.089583],[98.93125,8.08125],[98.935417,8.077083]]]}},{"type":"Feature","id":"riveratlas-41401383","bbox":[99.27291666666608,8.077083333333213,99.27708333333261,8.08541666666653],"properties":{"id":"riveratlas-41401383","order":3,"discharge":3.515000104904175},"geometry":{"type":"MultiLineString","coordinates":[[[99.272917,8.077083],[99.272917,8.08125],[99.277083,8.085417]]]}},{"type":"Feature","id":"riveratlas-41401398","bbox":[99.65208333333263,8.072916666666565,99.65208333333263,8.081249999999882],"properties":{"id":"riveratlas-41401398","order":3,"discharge":14.001999855041504},"geometry":{"type":"MultiLineString","coordinates":[[[99.652083,8.08125],[99.652083,8.072917]]]}},{"type":"Feature","id":"riveratlas-41401424","bbox":[99.04374999999933,8.064583333333196,99.06041666666597,8.072916666666556],"properties":{"id":"riveratlas-41401424","order":3,"discharge":3.4790000915527344},"geometry":{"type":"MultiLineString","coordinates":[[[99.060417,8.072917],[99.05625,8.072917],[99.047917,8.064583],[99.04375,8.064583]]]}},{"type":"Feature","id":"riveratlas-41401425","bbox":[99.65208333333263,8.064583333333196,99.65208333333263,8.072916666666556],"properties":{"id":"riveratlas-41401425","order":3,"discharge":14.284000396728516},"geometry":{"type":"MultiLineString","coordinates":[[[99.652083,8.072917],[99.652083,8.064583]]]}},{"type":"Feature","id":"riveratlas-41401460","bbox":[98.922916666666,8.056249999999885,98.93541666666597,8.077083333333219],"properties":{"id":"riveratlas-41401460","order":3,"discharge":4.561999797821045},"geometry":{"type":"MultiLineString","coordinates":[[[98.935417,8.077083],[98.935417,8.064583],[98.93125,8.060417],[98.927083,8.060417],[98.922917,8.05625]]]}},{"type":"Feature","id":"riveratlas-41401461","bbox":[98.95624999999936,8.056249999999885,98.96874999999942,8.110416666666572],"properties":{"id":"riveratlas-41401461","order":3,"discharge":3.444999933242798},"geometry":{"type":"MultiLineString","coordinates":[[[98.960417,8.110417],[98.964583,8.10625],[98.964583,8.102083],[98.95625,8.09375],[98.95625,8.089583],[98.964583,8.08125],[98.960417,8.077083],[98.960417,8.064583],[98.96875,8.05625]]]}},{"type":"Feature","id":"riveratlas-41401463","bbox":[99.03958333333267,8.056249999999885,99.04374999999933,8.064583333333202],"properties":{"id":"riveratlas-41401463","order":3,"discharge":7.573999881744385},"geometry":{"type":"MultiLineString","coordinates":[[[99.04375,8.064583],[99.039583,8.060417],[99.039583,8.05625]]]}},{"type":"Feature","id":"riveratlas-41401528","bbox":[99.6395833333327,8.039583333333205,99.65208333333263,8.064583333333198],"properties":{"id":"riveratlas-41401528","order":3,"discharge":14.86400032043457},"geometry":{"type":"MultiLineString","coordinates":[[[99.652083,8.064583],[99.64375,8.05625],[99.64375,8.04375],[99.639583,8.039583]]]}},{"type":"Feature","id":"riveratlas-41401530","bbox":[99.96458333333263,8.039583333333205,100.03958333333273,8.085416666666532],"properties":{"id":"riveratlas-41401530","order":3,"discharge":6.811999797821045},"geometry":{"type":"MultiLineString","coordinates":[[[99.964583,8.085417],[99.977083,8.072917],[99.977083,8.06875],[99.989583,8.05625],[99.997917,8.05625],[100.00625,8.047917],[100.014583,8.047917],[100.01875,8.04375],[100.022917,8.047917],[100.027083,8.04375],[100.03125,8.04375],[100.035417,8.039583],[100.039583,8.039583]]]}},{"type":"Feature","id":"riveratlas-41401542","bbox":[98.96458333333268,8.035416666666542,98.96874999999939,8.056249999999876],"properties":{"id":"riveratlas-41401542","order":3,"discharge":4.271999835968018},"geometry":{"type":"MultiLineString","coordinates":[[[98.96875,8.05625],[98.96875,8.039583],[98.964583,8.035417]]]}},{"type":"Feature","id":"riveratlas-41401543","bbox":[99.6395833333327,8.035416666666542,99.65208333333263,8.039583333333201],"properties":{"id":"riveratlas-41401543","order":3,"discharge":2.694999933242798},"geometry":{"type":"MultiLineString","coordinates":[[[99.652083,8.039583],[99.647917,8.039583],[99.64375,8.035417],[99.639583,8.039583]]]}},{"type":"Feature","id":"riveratlas-41401557","bbox":[99.03958333333267,8.031249999999893,99.04374999999933,8.056249999999887],"properties":{"id":"riveratlas-41401557","order":3,"discharge":7.829999923706055},"geometry":{"type":"MultiLineString","coordinates":[[[99.039583,8.05625],[99.04375,8.052083],[99.04375,8.047917],[99.039583,8.04375],[99.039583,8.03125]]]}},{"type":"Feature","id":"riveratlas-41401591","bbox":[99.91874999999928,8.022916666666525,99.94791666666598,8.043749999999859],"properties":{"id":"riveratlas-41401591","order":3,"discharge":4.294000148773193},"geometry":{"type":"MultiLineString","coordinates":[[[99.91875,8.04375],[99.922917,8.04375],[99.927083,8.039583],[99.927083,8.03125],[99.935417,8.022917],[99.947917,8.022917]]]}},{"type":"Feature","id":"riveratlas-41401592","bbox":[99.94791666666598,8.022916666666525,99.96874999999935,8.022916666666525],"properties":{"id":"riveratlas-41401592","order":4,"discharge":8.942000389099121},"geometry":{"type":"MultiLineString","coordinates":[[[99.947917,8.022917],[99.96875,8.022917]]]}},{"type":"Feature","id":"riveratlas-41401593","bbox":[99.96874999999935,8.022916666666525,99.98541666666598,8.035416666666542],"properties":{"id":"riveratlas-41401593","order":4,"discharge":9.406999588012695},"geometry":{"type":"MultiLineString","coordinates":[[[99.96875,8.022917],[99.977083,8.022917],[99.98125,8.027083],[99.98125,8.03125],[99.985417,8.035417]]]}},{"type":"Feature","id":"riveratlas-41401607","bbox":[99.46458333333268,8.018749999999876,99.472916666666,8.027083333333193],"properties":{"id":"riveratlas-41401607","order":3,"discharge":2.938999891281128},"geometry":{"type":"MultiLineString","coordinates":[[[99.464583,8.027083],[99.472917,8.01875]]]}},{"type":"Feature","id":"riveratlas-41401608","bbox":[99.47291666666601,8.018749999999876,99.51458333333277,8.027083333333193],"properties":{"id":"riveratlas-41401608","order":4,"discharge":6.703000068664551},"geometry":{"type":"MultiLineString","coordinates":[[[99.472917,8.01875],[99.485417,8.01875],[99.489583,8.022917],[99.502083,8.022917],[99.50625,8.027083],[99.514583,8.027083]]]}},{"type":"Feature","id":"riveratlas-41401610","bbox":[99.62291666666604,8.018749999999876,99.63958333333268,8.03958333333321],"properties":{"id":"riveratlas-41401610","order":4,"discharge":18.10099983215332},"geometry":{"type":"MultiLineString","coordinates":[[[99.639583,8.039583],[99.635417,8.035417],[99.635417,8.03125],[99.63125,8.027083],[99.63125,8.022917],[99.627083,8.01875],[99.622917,8.01875]]]}},{"type":"Feature","id":"riveratlas-41401624","bbox":[98.3145833333327,8.014583333333213,98.31874999999941,8.02291666666653],"properties":{"id":"riveratlas-41401624","order":3,"discharge":1.5299999713897705},"geometry":{"type":"MultiLineString","coordinates":[[[98.31875,8.022917],[98.314583,8.01875],[98.314583,8.014583]]]}},{"type":"Feature","id":"riveratlas-41401653","bbox":[99.03958333333267,8.00624999999986,99.05208333333265,8.031249999999893],"properties":{"id":"riveratlas-41401653","order":3,"discharge":8.430999755859375},"geometry":{"type":"MultiLineString","coordinates":[[[99.039583,8.03125],[99.047917,8.022917],[99.047917,8.010417],[99.052083,8.00625]]]}},{"type":"Feature","id":"riveratlas-41401654","bbox":[99.05208333333266,8.00624999999986,99.05624999999932,8.00624999999986],"properties":{"id":"riveratlas-41401654","order":3,"discharge":8.654000282287598},"geometry":{"type":"MultiLineString","coordinates":[[[99.052083,8.00625],[99.05625,8.00625]]]}},{"type":"Feature","id":"riveratlas-41401658","bbox":[99.46041666666602,8.00624999999986,99.472916666666,8.018749999999876],"properties":{"id":"riveratlas-41401658","order":3,"discharge":3.1579999923706055},"geometry":{"type":"MultiLineString","coordinates":[[[99.460417,8.00625],[99.46875,8.014583],[99.46875,8.01875],[99.472917,8.01875]]]}},{"type":"Feature","id":"riveratlas-41401661","bbox":[99.610416666666,8.00624999999986,99.62291666666606,8.018749999999876],"properties":{"id":"riveratlas-41401661","order":4,"discharge":18.974000930786133},"geometry":{"type":"MultiLineString","coordinates":[[[99.622917,8.01875],[99.610417,8.00625]]]}},{"type":"Feature","id":"riveratlas-41401675","bbox":[98.30208333333272,8.002083333333196,98.31458333333269,8.014583333333213],"properties":{"id":"riveratlas-41401675","order":3,"discharge":2.9240000247955322},"geometry":{"type":"MultiLineString","coordinates":[[[98.314583,8.014583],[98.302083,8.002083]]]}},{"type":"Feature","id":"riveratlas-41401681","bbox":[99.92291666666605,8.002083333333196,99.94791666666596,8.02291666666653],"properties":{"id":"riveratlas-41401681","order":3,"discharge":4.243000030517578},"geometry":{"type":"MultiLineString","coordinates":[[[99.922917,8.002083],[99.927083,8.002083],[99.947917,8.022917]]]}},{"type":"Feature","id":"riveratlas-41401682","bbox":[99.985416666666,8.002083333333196,100.022916666666,8.035416666666547],"properties":{"id":"riveratlas-41401682","order":4,"discharge":10.157999992370605},"geometry":{"type":"MultiLineString","coordinates":[[[99.985417,8.035417],[100.00625,8.014583],[100.014583,8.014583],[100.022917,8.00625],[100.022917,8.002083]]]}},{"type":"Feature","id":"riveratlas-41401695","bbox":[98.29374999999939,7.997916666666534,98.3020833333327,8.002083333333193],"properties":{"id":"riveratlas-41401695","order":3,"discharge":3.177000045776367},"geometry":{"type":"MultiLineString","coordinates":[[[98.302083,8.002083],[98.297917,7.997917],[98.29375,8.002083]]]}},{"type":"Feature","id":"riveratlas-41401701","bbox":[99.45208333333264,7.997916666666534,99.46041666666603,8.00624999999985],"properties":{"id":"riveratlas-41401701","order":3,"discharge":2.9590001106262207},"geometry":{"type":"MultiLineString","coordinates":[[[99.452083,7.997917],[99.460417,8.00625]]]}},{"type":"Feature","id":"riveratlas-41401704","bbox":[99.85624999999933,7.997916666666534,99.91874999999929,8.04374999999986],"properties":{"id":"riveratlas-41401704","order":3,"discharge":2.0169999599456787},"geometry":{"type":"MultiLineString","coordinates":[[[99.85625,7.997917],[99.864583,8.00625],[99.864583,8.010417],[99.86875,8.014583],[99.88125,8.014583],[99.885417,8.01875],[99.889583,8.01875],[99.902083,8.03125],[99.90625,8.03125],[99.91875,8.04375]]]}},{"type":"Feature","id":"riveratlas-41401716","bbox":[99.05624999999932,7.993749999999885,99.06041666666599,8.006249999999861],"properties":{"id":"riveratlas-41401716","order":3,"discharge":8.798999786376953},"geometry":{"type":"MultiLineString","coordinates":[[[99.05625,8.00625],[99.060417,8.002083],[99.060417,7.99375]]]}},{"type":"Feature","id":"riveratlas-41401725","bbox":[99.97708333333267,7.993749999999885,100.02291666666603,8.010416666666561],"properties":{"id":"riveratlas-41401725","order":4,"discharge":14.23900032043457},"geometry":{"type":"MultiLineString","coordinates":[[[99.977083,7.99375],[99.977083,7.997917],[99.98125,8.002083],[99.98125,8.00625],[99.985417,8.010417],[99.99375,8.010417],[100.002083,8.002083],[100.022917,8.002083]]]}},{"type":"Feature","id":"riveratlas-41401736","bbox":[99.610416666666,7.989583333333179,99.610416666666,8.006249999999856],"properties":{"id":"riveratlas-41401736","order":4,"discharge":20.04800033569336},"geometry":{"type":"MultiLineString","coordinates":[[[99.610417,8.00625],[99.610417,7.989583]]]}},{"type":"Feature","id":"riveratlas-41401737","bbox":[99.610416666666,7.989583333333179,99.66458333333273,8.006249999999856],"properties":{"id":"riveratlas-41401737","order":3,"discharge":5.580999851226807},"geometry":{"type":"MultiLineString","coordinates":[[[99.664583,7.997917],[99.65625,8.00625],[99.647917,8.00625],[99.64375,8.002083],[99.639583,8.002083],[99.627083,7.989583],[99.610417,7.989583]]]}},{"type":"Feature","id":"riveratlas-41401739","bbox":[99.66458333333273,7.989583333333179,99.68124999999932,7.997916666666538],"properties":{"id":"riveratlas-41401739","order":3,"discharge":4.861999988555908},"geometry":{"type":"MultiLineString","coordinates":[[[99.68125,7.989583],[99.677083,7.99375],[99.66875,7.99375],[99.664583,7.997917]]]}},{"type":"Feature","id":"riveratlas-41401756","bbox":[99.12291666666604,7.985416666666559,99.12708333333275,7.993749999999876],"properties":{"id":"riveratlas-41401756","order":3,"discharge":4.640999794006348},"geometry":{"type":"MultiLineString","coordinates":[[[99.127083,7.99375],[99.122917,7.989583],[99.122917,7.985417]]]}},{"type":"Feature","id":"riveratlas-41401757","bbox":[99.51458333333275,7.985416666666559,99.52291666666606,8.027083333333186],"properties":{"id":"riveratlas-41401757","order":4,"discharge":10.107000350952148},"geometry":{"type":"MultiLineString","coordinates":[[[99.514583,8.027083],[99.522917,8.01875],[99.522917,8.00625],[99.514583,7.997917],[99.514583,7.99375],[99.51875,7.989583],[99.51875,7.985417]]]}},{"type":"Feature","id":"riveratlas-41401758","bbox":[99.68124999999932,7.985416666666559,99.71041666666602,7.989583333333176],"properties":{"id":"riveratlas-41401758","order":3,"discharge":3.5490000247955322},"geometry":{"type":"MultiLineString","coordinates":[[[99.710417,7.985417],[99.685417,7.985417],[99.68125,7.989583]]]}},{"type":"Feature","id":"riveratlas-41401759","bbox":[99.71041666666602,7.985416666666559,99.71874999999933,7.989583333333176],"properties":{"id":"riveratlas-41401759","order":3,"discharge":2.9549999237060547},"geometry":{"type":"MultiLineString","coordinates":[[[99.71875,7.989583],[99.714583,7.985417],[99.710417,7.985417]]]}},{"type":"Feature","id":"riveratlas-41401760","bbox":[99.71874999999935,7.985416666666559,99.74374999999934,7.989583333333176],"properties":{"id":"riveratlas-41401760","order":3,"discharge":2.6760001182556152},"geometry":{"type":"MultiLineString","coordinates":[[[99.74375,7.985417],[99.739583,7.989583],[99.735417,7.989583],[99.73125,7.985417],[99.722917,7.985417],[99.71875,7.989583]]]}},{"type":"Feature","id":"riveratlas-41401763","bbox":[99.9062499999994,7.985416666666559,99.92291666666604,8.002083333333193],"properties":{"id":"riveratlas-41401763","order":3,"discharge":3.7950000762939453},"geometry":{"type":"MultiLineString","coordinates":[[[99.90625,7.985417],[99.922917,8.002083]]]}},{"type":"Feature","id":"riveratlas-41401774","bbox":[99.60624999999933,7.981249999999868,99.610416666666,7.989583333333185],"properties":{"id":"riveratlas-41401774","order":4,"discharge":25.656999588012695},"geometry":{"type":"MultiLineString","coordinates":[[[99.610417,7.989583],[99.610417,7.985417],[99.60625,7.98125]]]}},{"type":"Feature","id":"riveratlas-41401777","bbox":[99.95208333333264,7.981249999999868,99.97708333333267,7.993749999999885],"properties":{"id":"riveratlas-41401777","order":4,"discharge":12.687000274658203},"geometry":{"type":"MultiLineString","coordinates":[[[99.952083,7.98125],[99.95625,7.985417],[99.960417,7.985417],[99.964583,7.989583],[99.972917,7.989583],[99.977083,7.99375]]]}},{"type":"Feature","id":"riveratlas-41401799","bbox":[99.06041666666599,7.972916666666542,99.07291666666605,7.993749999999876],"properties":{"id":"riveratlas-41401799","order":3,"discharge":8.83899974822998},"geometry":{"type":"MultiLineString","coordinates":[[[99.060417,7.99375],[99.064583,7.989583],[99.06875,7.989583],[99.072917,7.985417],[99.072917,7.972917]]]}},{"type":"Feature","id":"riveratlas-41401807","bbox":[99.51874999999941,7.968749999999893,99.53541666666597,7.985416666666569],"properties":{"id":"riveratlas-41401807","order":4,"discharge":10.595000267028809},"geometry":{"type":"MultiLineString","coordinates":[[[99.51875,7.985417],[99.535417,7.96875]]]}},{"type":"Feature","id":"riveratlas-41401831","bbox":[99.44374999999931,7.960416666666525,99.45624999999929,7.997916666666535],"properties":{"id":"riveratlas-41401831","order":3,"discharge":2.5739998817443848},"geometry":{"type":"MultiLineString","coordinates":[[[99.44375,7.960417],[99.447917,7.964583],[99.447917,7.972917],[99.44375,7.977083],[99.452083,7.985417],[99.452083,7.989583],[99.45625,7.99375],[99.452083,7.997917]]]}},{"type":"Feature","id":"riveratlas-41401833","bbox":[99.59791666666601,7.960416666666525,99.60624999999932,7.981249999999859],"properties":{"id":"riveratlas-41401833","order":4,"discharge":29.594999313354492},"geometry":{"type":"MultiLineString","coordinates":[[[99.60625,7.98125],[99.60625,7.96875],[99.597917,7.960417]]]}},{"type":"Feature","id":"riveratlas-41401837","bbox":[99.8895833333327,7.960416666666525,99.90624999999942,7.98541666666656],"properties":{"id":"riveratlas-41401837","order":3,"discharge":2.8959999084472656},"geometry":{"type":"MultiLineString","coordinates":[[[99.889583,7.960417],[99.89375,7.964583],[99.89375,7.972917],[99.90625,7.985417]]]}},{"type":"Feature","id":"riveratlas-41401851","bbox":[99.59374999999935,7.956249999999876,99.59791666666601,7.960416666666535],"properties":{"id":"riveratlas-41401851","order":4,"discharge":29.80699920654297},"geometry":{"type":"MultiLineString","coordinates":[[[99.597917,7.960417],[99.59375,7.95625]]]}},{"type":"Feature","id":"riveratlas-41401867","bbox":[99.07291666666603,7.9520833333332135,99.08124999999934,7.972916666666547],"properties":{"id":"riveratlas-41401867","order":3,"discharge":8.979999542236328},"geometry":{"type":"MultiLineString","coordinates":[[[99.072917,7.972917],[99.072917,7.96875],[99.08125,7.960417],[99.08125,7.952083]]]}},{"type":"Feature","id":"riveratlas-41401868","bbox":[99.08124999999936,7.9520833333332135,99.09791666666608,7.956249999999872],"properties":{"id":"riveratlas-41401868","order":3,"discharge":5.53000020980835},"geometry":{"type":"MultiLineString","coordinates":[[[99.097917,7.95625],[99.09375,7.95625],[99.089583,7.952083],[99.08125,7.952083]]]}},{"type":"Feature","id":"riveratlas-41401869","bbox":[99.09791666666607,7.9520833333332135,99.12291666666606,7.985416666666565],"properties":{"id":"riveratlas-41401869","order":3,"discharge":4.8429999351501465},"geometry":{"type":"MultiLineString","coordinates":[[[99.122917,7.985417],[99.122917,7.972917],[99.11875,7.96875],[99.11875,7.964583],[99.10625,7.952083],[99.102083,7.952083],[99.097917,7.95625]]]}},{"type":"Feature","id":"riveratlas-41401871","bbox":[99.5312499999994,7.9520833333332135,99.53541666666594,7.968749999999889],"properties":{"id":"riveratlas-41401871","order":4,"discharge":11.109999656677246},"geometry":{"type":"MultiLineString","coordinates":[[[99.535417,7.96875],[99.535417,7.960417],[99.53125,7.95625],[99.53125,7.952083]]]}},{"type":"Feature","id":"riveratlas-41401873","bbox":[99.58541666666602,7.9520833333332135,99.59374999999933,7.956249999999872],"properties":{"id":"riveratlas-41401873","order":4,"discharge":31.375},"geometry":{"type":"MultiLineString","coordinates":[[[99.59375,7.95625],[99.589583,7.95625],[99.585417,7.952083]]]}},{"type":"Feature","id":"riveratlas-41401893","bbox":[99.58541666666602,7.947916666666551,99.58541666666602,7.952083333333209],"properties":{"id":"riveratlas-41401893","order":4,"discharge":31.593000411987305},"geometry":{"type":"MultiLineString","coordinates":[[[99.585417,7.952083],[99.585417,7.947917]]]}},{"type":"Feature","id":"riveratlas-41401899","bbox":[99.93124999999938,7.947916666666551,99.95208333333262,7.981249999999861],"properties":{"id":"riveratlas-41401899","order":3,"discharge":8.12600040435791},"geometry":{"type":"MultiLineString","coordinates":[[[99.93125,7.947917],[99.93125,7.960417],[99.935417,7.964583],[99.935417,7.96875],[99.94375,7.977083],[99.947917,7.977083],[99.952083,7.98125]]]}},{"type":"Feature","id":"riveratlas-41401932","bbox":[99.5312499999994,7.939583333333239,99.5312499999994,7.952083333333214],"properties":{"id":"riveratlas-41401932","order":4,"discharge":11.64900016784668},"geometry":{"type":"MultiLineString","coordinates":[[[99.53125,7.952083],[99.53125,7.939583]]]}},{"type":"Feature","id":"riveratlas-41401944","bbox":[99.5312499999994,7.935416666666534,99.53541666666594,7.939583333333234],"properties":{"id":"riveratlas-41401944","order":4,"discharge":11.89900016784668},"geometry":{"type":"MultiLineString","coordinates":[[[99.53125,7.939583],[99.535417,7.935417]]]}},{"type":"Feature","id":"riveratlas-41401960","bbox":[99.11041666666605,7.931249999999871,99.12708333333278,7.939583333333229],"properties":{"id":"riveratlas-41401960","order":3,"discharge":5.839000225067139},"geometry":{"type":"MultiLineString","coordinates":[[[99.127083,7.939583],[99.122917,7.935417],[99.11875,7.939583],[99.110417,7.93125]]]}},{"type":"Feature","id":"riveratlas-41401962","bbox":[99.20624999999936,7.931249999999871,99.21041666666602,7.931249999999871],"properties":{"id":"riveratlas-41401962","order":3,"discharge":4.409999847412109},"geometry":{"type":"MultiLineString","coordinates":[[[99.210417,7.93125],[99.20625,7.93125]]]}},{"type":"Feature","id":"riveratlas-41401963","bbox":[99.21041666666602,7.931249999999871,99.22708333333266,7.931249999999871],"properties":{"id":"riveratlas-41401963","order":3,"discharge":3.865999937057495},"geometry":{"type":"MultiLineString","coordinates":[[[99.227083,7.93125],[99.210417,7.93125]]]}},{"type":"Feature","id":"riveratlas-41401979","bbox":[99.57708333333264,7.927083333333222,99.58541666666603,7.947916666666556],"properties":{"id":"riveratlas-41401979","order":4,"discharge":31.93400001525879},"geometry":{"type":"MultiLineString","coordinates":[[[99.585417,7.947917],[99.585417,7.939583],[99.58125,7.935417],[99.58125,7.93125],[99.577083,7.927083]]]}},{"type":"Feature","id":"riveratlas-41401996","bbox":[99.22708333333267,7.9229166666665165,99.24791666666604,7.931249999999875],"properties":{"id":"riveratlas-41401996","order":3,"discharge":2.3299999237060547},"geometry":{"type":"MultiLineString","coordinates":[[[99.247917,7.922917],[99.24375,7.922917],[99.239583,7.927083],[99.235417,7.927083],[99.23125,7.93125],[99.227083,7.93125]]]}},{"type":"Feature","id":"riveratlas-41401997","bbox":[99.24791666666604,7.9229166666665165,99.2520833333327,7.9229166666665165],"properties":{"id":"riveratlas-41401997","order":3,"discharge":2.1429998874664307},"geometry":{"type":"MultiLineString","coordinates":[[[99.252083,7.922917],[99.247917,7.922917]]]}},{"type":"Feature","id":"riveratlas-41402015","bbox":[99.92291666666605,7.918749999999854,99.93124999999937,7.947916666666547],"properties":{"id":"riveratlas-41402015","order":3,"discharge":7.447000026702881},"geometry":{"type":"MultiLineString","coordinates":[[[99.922917,7.91875],[99.922917,7.927083],[99.927083,7.93125],[99.927083,7.935417],[99.93125,7.939583],[99.93125,7.947917]]]}},{"type":"Feature","id":"riveratlas-41402032","bbox":[99.17708333333266,7.914583333333205,99.20624999999936,7.935416666666539],"properties":{"id":"riveratlas-41402032","order":3,"discharge":4.564000129699707},"geometry":{"type":"MultiLineString","coordinates":[[[99.20625,7.93125],[99.202083,7.927083],[99.19375,7.935417],[99.189583,7.935417],[99.185417,7.93125],[99.185417,7.927083],[99.177083,7.91875],[99.18125,7.914583]]]}},{"type":"Feature","id":"riveratlas-41402038","bbox":[99.12708333333276,7.910416666666542,99.16041666666595,7.9395833333332355],"properties":{"id":"riveratlas-41402038","order":3,"discharge":5.011000156402588},"geometry":{"type":"MultiLineString","coordinates":[[[99.160417,7.910417],[99.15625,7.910417],[99.15625,7.914583],[99.14375,7.927083],[99.139583,7.927083],[99.127083,7.939583]]]}},{"type":"Feature","id":"riveratlas-41402039","bbox":[99.5312499999994,7.910416666666542,99.55624999999931,7.9354166666665344],"properties":{"id":"riveratlas-41402039","order":4,"discharge":12.62399959564209},"geometry":{"type":"MultiLineString","coordinates":[[[99.535417,7.935417],[99.535417,7.927083],[99.53125,7.922917],[99.53125,7.91875],[99.535417,7.914583],[99.539583,7.914583],[99.547917,7.922917],[99.552083,7.922917],[99.55625,7.91875],[99.55625,7.910417]]]}},{"type":"Feature","id":"riveratlas-41402040","bbox":[99.55624999999932,7.910416666666542,99.57708333333265,7.927083333333218],"properties":{"id":"riveratlas-41402040","order":4,"discharge":32.625999450683594},"geometry":{"type":"MultiLineString","coordinates":[[[99.577083,7.927083],[99.560417,7.910417],[99.55625,7.910417]]]}},{"type":"Feature","id":"riveratlas-41402048","bbox":[99.16041666666595,7.906249999999879,99.18124999999932,7.914583333333196],"properties":{"id":"riveratlas-41402048","order":3,"discharge":4.834000110626221},"geometry":{"type":"MultiLineString","coordinates":[[[99.18125,7.914583],[99.177083,7.910417],[99.172917,7.910417],[99.16875,7.90625],[99.164583,7.90625],[99.160417,7.910417]]]}},{"type":"Feature","id":"riveratlas-41402082","bbox":[99.08124999999936,7.897916666666525,99.11041666666605,7.931249999999877],"properties":{"id":"riveratlas-41402082","order":3,"discharge":6.439000129699707},"geometry":{"type":"MultiLineString","coordinates":[[[99.110417,7.93125],[99.09375,7.93125],[99.085417,7.922917],[99.085417,7.90625],[99.08125,7.902083],[99.08125,7.897917]]]}},{"type":"Feature","id":"riveratlas-41402098","bbox":[99.89791666666602,7.893749999999862,99.92708333333272,7.9187499999998545],"properties":{"id":"riveratlas-41402098","order":3,"discharge":6.826000213623047},"geometry":{"type":"MultiLineString","coordinates":[[[99.897917,7.89375],[99.910417,7.89375],[99.914583,7.897917],[99.922917,7.897917],[99.927083,7.902083],[99.927083,7.914583],[99.922917,7.91875]]]}},{"type":"Feature","id":"riveratlas-41402116","bbox":[99.83958333333263,7.8895833333332135,99.87291666666597,7.8895833333332135],"properties":{"id":"riveratlas-41402116","order":3,"discharge":5.86899995803833},"geometry":{"type":"MultiLineString","coordinates":[[[99.839583,7.889583],[99.872917,7.889583]]]}},{"type":"Feature","id":"riveratlas-41402117","bbox":[99.87291666666599,7.8895833333332135,99.89791666666602,7.893749999999872],"properties":{"id":"riveratlas-41402117","order":3,"discharge":6.255000114440918},"geometry":{"type":"MultiLineString","coordinates":[[[99.872917,7.889583],[99.877083,7.89375],[99.885417,7.89375],[99.889583,7.889583],[99.89375,7.89375],[99.897917,7.89375]]]}},{"type":"Feature","id":"riveratlas-41402130","bbox":[99.81458333333265,7.885416666666551,99.83958333333264,7.889583333333209],"properties":{"id":"riveratlas-41402130","order":3,"discharge":5.426000118255615},"geometry":{"type":"MultiLineString","coordinates":[[[99.814583,7.889583],[99.81875,7.885417],[99.835417,7.885417],[99.839583,7.889583]]]}},{"type":"Feature","id":"riveratlas-41402152","bbox":[99.53958333333273,7.881249999999888,99.55624999999932,7.9104166666665385],"properties":{"id":"riveratlas-41402152","order":5,"discharge":45.599998474121094},"geometry":{"type":"MultiLineString","coordinates":[[[99.55625,7.910417],[99.55625,7.90625],[99.552083,7.902083],[99.547917,7.902083],[99.539583,7.89375],[99.539583,7.88125]]]}},{"type":"Feature","id":"riveratlas-41402156","bbox":[99.79791666666605,7.881249999999888,99.81458333333265,7.889583333333205],"properties":{"id":"riveratlas-41402156","order":3,"discharge":4.927000045776367},"geometry":{"type":"MultiLineString","coordinates":[[[99.797917,7.88125],[99.802083,7.885417],[99.80625,7.885417],[99.810417,7.889583],[99.814583,7.889583]]]}},{"type":"Feature","id":"riveratlas-41402168","bbox":[99.53958333333273,7.877083333333239,99.53958333333273,7.8812499999998975],"properties":{"id":"riveratlas-41402168","order":5,"discharge":46.042999267578125},"geometry":{"type":"MultiLineString","coordinates":[[[99.539583,7.88125],[99.539583,7.877083]]]}},{"type":"Feature","id":"riveratlas-41402170","bbox":[99.79791666666605,7.877083333333239,99.79791666666605,7.8812499999998975],"properties":{"id":"riveratlas-41402170","order":3,"discharge":4.01200008392334},"geometry":{"type":"MultiLineString","coordinates":[[[99.797917,7.877083],[99.797917,7.88125]]]}},{"type":"Feature","id":"riveratlas-41402196","bbox":[99.79374999999928,7.868749999999871,99.79791666666607,7.877083333333229],"properties":{"id":"riveratlas-41402196","order":3,"discharge":3.7690000534057617},"geometry":{"type":"MultiLineString","coordinates":[[[99.79375,7.86875],[99.79375,7.872917],[99.797917,7.877083]]]}},{"type":"Feature","id":"riveratlas-41402209","bbox":[99.53958333333273,7.864583333333222,99.54374999999943,7.877083333333239],"properties":{"id":"riveratlas-41402209","order":5,"discharge":47.58700180053711},"geometry":{"type":"MultiLineString","coordinates":[[[99.539583,7.877083],[99.539583,7.86875],[99.54375,7.864583]]]}},{"type":"Feature","id":"riveratlas-41402243","bbox":[99.74374999999932,7.856249999999896,99.79374999999926,7.868749999999872],"properties":{"id":"riveratlas-41402243","order":3,"discharge":2.5230000019073486},"geometry":{"type":"MultiLineString","coordinates":[[[99.74375,7.860417],[99.747917,7.85625],[99.75625,7.85625],[99.760417,7.860417],[99.76875,7.860417],[99.772917,7.85625],[99.78125,7.85625],[99.79375,7.86875]]]}},{"type":"Feature","id":"riveratlas-41402246","bbox":[99.91458333333273,7.856249999999896,99.95624999999932,7.98124999999986],"properties":{"id":"riveratlas-41402246","order":3,"discharge":4.359000205993652},"geometry":{"type":"MultiLineString","coordinates":[[[99.914583,7.85625],[99.93125,7.872917],[99.93125,7.885417],[99.935417,7.889583],[99.935417,7.89375],[99.94375,7.89375],[99.952083,7.902083],[99.952083,7.90625],[99.95625,7.910417],[99.947917,7.91875],[99.947917,7.927083],[99.952083,7.93125],[99.952083,7.935417],[99.947917,7.939583],[99.947917,7.964583],[99.95625,7.972917],[99.952083,7.977083],[99.952083,7.98125]]]}},{"type":"Feature","id":"riveratlas-41402260","bbox":[99.89374999999936,7.852083333333205,99.91458333333273,7.856249999999905],"properties":{"id":"riveratlas-41402260","order":3,"discharge":2.7360000610351562},"geometry":{"type":"MultiLineString","coordinates":[[[99.89375,7.85625],[99.897917,7.852083],[99.902083,7.85625],[99.914583,7.85625]]]}},{"type":"Feature","id":"riveratlas-41402275","bbox":[99.38958333333275,7.847916666666542,99.39791666666606,7.864583333333218],"properties":{"id":"riveratlas-41402275","order":3,"discharge":2.3980000019073486},"geometry":{"type":"MultiLineString","coordinates":[[[99.389583,7.864583],[99.397917,7.85625],[99.397917,7.847917]]]}},{"type":"Feature","id":"riveratlas-41402277","bbox":[99.54374999999945,7.847916666666542,99.54374999999945,7.864583333333218],"properties":{"id":"riveratlas-41402277","order":5,"discharge":50.57500076293945},"geometry":{"type":"MultiLineString","coordinates":[[[99.54375,7.864583],[99.54375,7.847917]]]}},{"type":"Feature","id":"riveratlas-41402290","bbox":[99.54374999999945,7.843749999999879,99.54374999999945,7.847916666666538],"properties":{"id":"riveratlas-41402290","order":5,"discharge":54.0359992980957},"geometry":{"type":"MultiLineString","coordinates":[[[99.54375,7.847917],[99.54375,7.84375]]]}},{"type":"Feature","id":"riveratlas-41402317","bbox":[99.53541666666595,7.835416666666568,99.54374999999943,7.8437499999998845],"properties":{"id":"riveratlas-41402317","order":5,"discharge":54.3489990234375},"geometry":{"type":"MultiLineString","coordinates":[[[99.54375,7.84375],[99.535417,7.835417]]]}},{"type":"Feature","id":"riveratlas-41402344","bbox":[99.5312499999994,7.827083333333199,99.53541666666594,7.835416666666558],"properties":{"id":"riveratlas-41402344","order":5,"discharge":54.68199920654297},"geometry":{"type":"MultiLineString","coordinates":[[[99.535417,7.835417],[99.535417,7.83125],[99.53125,7.827083]]]}},{"type":"Feature","id":"riveratlas-41402345","bbox":[99.54374999999945,7.827083333333199,99.61041666666598,7.847916666666533],"properties":{"id":"riveratlas-41402345","order":3,"discharge":3.440999984741211},"geometry":{"type":"MultiLineString","coordinates":[[[99.610417,7.827083],[99.597917,7.827083],[99.59375,7.83125],[99.59375,7.835417],[99.589583,7.839583],[99.58125,7.839583],[99.58125,7.84375],[99.577083,7.847917],[99.54375,7.847917]]]}},{"type":"Feature","id":"riveratlas-41402358","bbox":[99.610416666666,7.822916666666551,99.64374999999934,7.827083333333209],"properties":{"id":"riveratlas-41402358","order":3,"discharge":2.180999994277954},"geometry":{"type":"MultiLineString","coordinates":[[[99.64375,7.822917],[99.63125,7.822917],[99.627083,7.827083],[99.610417,7.827083]]]}},{"type":"Feature","id":"riveratlas-41402384","bbox":[99.33958333333268,7.818749999999888,99.39374999999929,7.864583333333215],"properties":{"id":"riveratlas-41402384","order":3,"discharge":1.8700000047683716},"geometry":{"type":"MultiLineString","coordinates":[[[99.339583,7.864583],[99.34375,7.864583],[99.360417,7.847917],[99.372917,7.847917],[99.377083,7.84375],[99.38125,7.84375],[99.385417,7.839583],[99.385417,7.822917],[99.389583,7.81875],[99.39375,7.81875]]]}},{"type":"Feature","id":"riveratlas-41402385","bbox":[99.3937499999993,7.818749999999888,99.39791666666609,7.8479166666665385],"properties":{"id":"riveratlas-41402385","order":3,"discharge":2.928999900817871},"geometry":{"type":"MultiLineString","coordinates":[[[99.397917,7.847917],[99.397917,7.827083],[99.39375,7.822917],[99.39375,7.81875]]]}},{"type":"Feature","id":"riveratlas-41402393","bbox":[99.3937499999993,7.814583333333225,99.3937499999993,7.818749999999883],"properties":{"id":"riveratlas-41402393","order":4,"discharge":4.7789998054504395},"geometry":{"type":"MultiLineString","coordinates":[[[99.39375,7.81875],[99.39375,7.814583]]]}},{"type":"Feature","id":"riveratlas-41402429","bbox":[99.3937499999993,7.806249999999871,99.39791666666609,7.814583333333229],"properties":{"id":"riveratlas-41402429","order":4,"discharge":4.877999782562256},"geometry":{"type":"MultiLineString","coordinates":[[[99.39375,7.814583],[99.39375,7.810417],[99.397917,7.80625]]]}},{"type":"Feature","id":"riveratlas-41402446","bbox":[99.52708333333263,7.802083333333208,99.53958333333273,7.8270833333332],"properties":{"id":"riveratlas-41402446","order":5,"discharge":55.11600112915039},"geometry":{"type":"MultiLineString","coordinates":[[[99.53125,7.827083],[99.527083,7.822917],[99.539583,7.810417],[99.539583,7.802083]]]}},{"type":"Feature","id":"riveratlas-41402460","bbox":[99.53958333333273,7.797916666666559,99.53958333333273,7.802083333333218],"properties":{"id":"riveratlas-41402460","order":5,"discharge":55.34000015258789},"geometry":{"type":"MultiLineString","coordinates":[[[99.539583,7.802083],[99.539583,7.797917]]]}},{"type":"Feature","id":"riveratlas-41402476","bbox":[99.53958333333273,7.793749999999854,99.53958333333273,7.797916666666554],"properties":{"id":"riveratlas-41402476","order":5,"discharge":56.388999938964844},"geometry":{"type":"MultiLineString","coordinates":[[[99.539583,7.797917],[99.539583,7.79375]]]}},{"type":"Feature","id":"riveratlas-41402488","bbox":[99.14791666666608,7.789583333333191,99.15624999999935,7.802083333333208],"properties":{"id":"riveratlas-41402488","order":3,"discharge":1.8200000524520874},"geometry":{"type":"MultiLineString","coordinates":[[[99.15625,7.802083],[99.152083,7.797917],[99.152083,7.79375],[99.147917,7.789583]]]}},{"type":"Feature","id":"riveratlas-41402493","bbox":[99.39791666666608,7.789583333333191,99.39791666666608,7.806249999999866],"properties":{"id":"riveratlas-41402493","order":4,"discharge":5.057000160217285},"geometry":{"type":"MultiLineString","coordinates":[[[99.397917,7.80625],[99.397917,7.789583]]]}},{"type":"Feature","id":"riveratlas-41402508","bbox":[99.13958333333275,7.785416666666542,99.14791666666606,7.7895833333332005],"properties":{"id":"riveratlas-41402508","order":3,"discharge":1.9600000381469727},"geometry":{"type":"MultiLineString","coordinates":[[[99.147917,7.789583],[99.14375,7.789583],[99.139583,7.785417]]]}},{"type":"Feature","id":"riveratlas-41402525","bbox":[99.95208333333264,7.781249999999879,100.01874999999934,7.7937499999998545],"properties":{"id":"riveratlas-41402525","order":3,"discharge":5.499000072479248},"geometry":{"type":"MultiLineString","coordinates":[[[99.952083,7.78125],[99.95625,7.78125],[99.960417,7.785417],[99.964583,7.785417],[99.972917,7.79375],[100.00625,7.79375],[100.010417,7.789583],[100.014583,7.789583],[100.01875,7.785417]]]}},{"type":"Feature","id":"riveratlas-41402577","bbox":[99.39791666666608,7.768749999999862,99.40624999999939,7.789583333333196],"properties":{"id":"riveratlas-41402577","order":4,"discharge":5.4019999504089355},"geometry":{"type":"MultiLineString","coordinates":[[[99.397917,7.789583],[99.40625,7.78125],[99.40625,7.777083],[99.402083,7.772917],[99.40625,7.76875]]]}},{"type":"Feature","id":"riveratlas-41402606","bbox":[99.4062499999994,7.760416666666551,99.41041666666594,7.7687499999998675],"properties":{"id":"riveratlas-41402606","order":4,"discharge":5.658999919891357},"geometry":{"type":"MultiLineString","coordinates":[[[99.40625,7.76875],[99.410417,7.764583],[99.410417,7.760417]]]}},{"type":"Feature","id":"riveratlas-41402623","bbox":[99.53541666666595,7.756249999999888,99.53958333333274,7.793749999999856],"properties":{"id":"riveratlas-41402623","order":5,"discharge":57.83300018310547},"geometry":{"type":"MultiLineString","coordinates":[[[99.539583,7.79375],[99.539583,7.764583],[99.535417,7.760417],[99.539583,7.75625]]]}},{"type":"Feature","id":"riveratlas-41402637","bbox":[99.88541666666603,7.752083333333225,99.95208333333265,7.781249999999876],"properties":{"id":"riveratlas-41402637","order":3,"discharge":4.131999969482422},"geometry":{"type":"MultiLineString","coordinates":[[[99.885417,7.752083],[99.889583,7.752083],[99.897917,7.760417],[99.910417,7.760417],[99.914583,7.764583],[99.935417,7.764583],[99.952083,7.78125]]]}},{"type":"Feature","id":"riveratlas-41402644","bbox":[99.53958333333273,7.747916666666562,99.54374999999943,7.756249999999879],"properties":{"id":"riveratlas-41402644","order":5,"discharge":60.650001525878906},"geometry":{"type":"MultiLineString","coordinates":[[[99.539583,7.75625],[99.54375,7.752083],[99.539583,7.747917]]]}},{"type":"Feature","id":"riveratlas-41402690","bbox":[99.41041666666595,7.735416666666545,99.41458333333279,7.760416666666537],"properties":{"id":"riveratlas-41402690","order":4,"discharge":5.932000160217285},"geometry":{"type":"MultiLineString","coordinates":[[[99.410417,7.760417],[99.410417,7.752083],[99.414583,7.747917],[99.414583,7.74375],[99.410417,7.739583],[99.410417,7.735417]]]}},{"type":"Feature","id":"riveratlas-41402772","bbox":[99.85208333333267,7.714583333333216,99.88541666666602,7.752083333333227],"properties":{"id":"riveratlas-41402772","order":3,"discharge":3.2869999408721924},"geometry":{"type":"MultiLineString","coordinates":[[[99.852083,7.714583],[99.86875,7.73125],[99.872917,7.73125],[99.872917,7.735417],[99.885417,7.747917],[99.885417,7.752083]]]}},{"type":"Feature","id":"riveratlas-41402782","bbox":[99.53958333333273,7.7104166666665535,99.55208333333266,7.747916666666564],"properties":{"id":"riveratlas-41402782","order":5,"discharge":61.12799835205078},"geometry":{"type":"MultiLineString","coordinates":[[[99.539583,7.747917],[99.539583,7.73125],[99.54375,7.727083],[99.54375,7.722917],[99.547917,7.71875],[99.547917,7.714583],[99.552083,7.710417]]]}},{"type":"Feature","id":"riveratlas-41402783","bbox":[99.55208333333266,7.7104166666665535,99.57708333333265,7.735416666666546],"properties":{"id":"riveratlas-41402783","order":3,"discharge":3.2780001163482666},"geometry":{"type":"MultiLineString","coordinates":[[[99.577083,7.735417],[99.572917,7.73125],[99.572917,7.722917],[99.564583,7.714583],[99.560417,7.714583],[99.55625,7.710417],[99.552083,7.710417]]]}},{"type":"Feature","id":"riveratlas-41402785","bbox":[99.84374999999935,7.7104166666665535,99.84791666666597,7.7104166666665535],"properties":{"id":"riveratlas-41402785","order":3,"discharge":2.2139999866485596},"geometry":{"type":"MultiLineString","coordinates":[[[99.84375,7.710417],[99.847917,7.710417]]]}},{"type":"Feature","id":"riveratlas-41402786","bbox":[99.84791666666595,7.7104166666665535,99.85208333333266,7.714583333333212],"properties":{"id":"riveratlas-41402786","order":3,"discharge":2.6389999389648438},"geometry":{"type":"MultiLineString","coordinates":[[[99.847917,7.710417],[99.852083,7.714583]]]}},{"type":"Feature","id":"riveratlas-41402798","bbox":[99.4062499999994,7.706249999999905,99.4145833333328,7.735416666666556],"properties":{"id":"riveratlas-41402798","order":4,"discharge":6.291999816894531},"geometry":{"type":"MultiLineString","coordinates":[[[99.410417,7.735417],[99.414583,7.73125],[99.414583,7.71875],[99.410417,7.714583],[99.410417,7.710417],[99.40625,7.70625]]]}},{"type":"Feature","id":"riveratlas-41402801","bbox":[99.83541666666596,7.706249999999905,99.84374999999936,7.710416666666563],"properties":{"id":"riveratlas-41402801","order":3,"discharge":1.784000039100647},"geometry":{"type":"MultiLineString","coordinates":[[[99.835417,7.70625],[99.839583,7.70625],[99.84375,7.710417]]]}},{"type":"Feature","id":"riveratlas-41402827","bbox":[99.70208333333264,7.697916666666536,99.72708333333267,7.71874999999987],"properties":{"id":"riveratlas-41402827","order":3,"discharge":4.5329999923706055},"geometry":{"type":"MultiLineString","coordinates":[[[99.727083,7.71875],[99.722917,7.714583],[99.722917,7.710417],[99.71875,7.70625],[99.714583,7.70625],[99.710417,7.702083],[99.70625,7.702083],[99.702083,7.697917]]]}},{"type":"Feature","id":"riveratlas-41402847","bbox":[99.40208333333263,7.689583333333225,99.40624999999942,7.7062499999999],"properties":{"id":"riveratlas-41402847","order":4,"discharge":6.7170000076293945},"geometry":{"type":"MultiLineString","coordinates":[[[99.40625,7.70625],[99.40625,7.702083],[99.402083,7.697917],[99.40625,7.69375],[99.40625,7.689583]]]}},{"type":"Feature","id":"riveratlas-41402848","bbox":[99.55208333333266,7.689583333333225,99.55624999999932,7.710416666666559],"properties":{"id":"riveratlas-41402848","order":5,"discharge":64.5199966430664},"geometry":{"type":"MultiLineString","coordinates":[[[99.552083,7.710417],[99.55625,7.70625],[99.55625,7.689583]]]}},{"type":"Feature","id":"riveratlas-41402855","bbox":[99.60208333333267,7.685416666666519,99.65208333333261,7.702083333333195],"properties":{"id":"riveratlas-41402855","order":3,"discharge":7.505000114440918},"geometry":{"type":"MultiLineString","coordinates":[[[99.652083,7.69375],[99.635417,7.69375],[99.63125,7.697917],[99.61875,7.697917],[99.614583,7.702083],[99.610417,7.697917],[99.610417,7.69375],[99.602083,7.685417]]]}},{"type":"Feature","id":"riveratlas-41402856","bbox":[99.65208333333263,7.685416666666519,99.68541666666597,7.693749999999878],"properties":{"id":"riveratlas-41402856","order":3,"discharge":6.119999885559082},"geometry":{"type":"MultiLineString","coordinates":[[[99.685417,7.685417],[99.65625,7.685417],[99.652083,7.689583],[99.652083,7.69375]]]}},{"type":"Feature","id":"riveratlas-41402857","bbox":[99.68541666666599,7.685416666666519,99.70208333333262,7.697916666666536],"properties":{"id":"riveratlas-41402857","order":3,"discharge":4.9770002365112305},"geometry":{"type":"MultiLineString","coordinates":[[[99.702083,7.697917],[99.689583,7.685417],[99.685417,7.685417]]]}},{"type":"Feature","id":"riveratlas-41402889","bbox":[99.43541666666599,7.677083333333208,99.46041666666602,7.689583333333225],"properties":{"id":"riveratlas-41402889","order":4,"discharge":8.14799976348877},"geometry":{"type":"MultiLineString","coordinates":[[[99.435417,7.68125],[99.439583,7.68125],[99.44375,7.685417],[99.447917,7.685417],[99.452083,7.689583],[99.45625,7.685417],[99.45625,7.68125],[99.460417,7.677083]]]}},{"type":"Feature","id":"riveratlas-41402890","bbox":[99.46041666666602,7.677083333333208,99.46874999999933,7.677083333333208],"properties":{"id":"riveratlas-41402890","order":4,"discharge":8.956999778747559},"geometry":{"type":"MultiLineString","coordinates":[[[99.460417,7.677083],[99.46875,7.677083]]]}},{"type":"Feature","id":"riveratlas-41402892","bbox":[99.46874999999935,7.677083333333208,99.47708333333266,7.677083333333208],"properties":{"id":"riveratlas-41402892","order":4,"discharge":9.418000221252441},"geometry":{"type":"MultiLineString","coordinates":[[[99.46875,7.677083],[99.477083,7.677083]]]}},{"type":"Feature","id":"riveratlas-41402893","bbox":[99.47708333333267,7.677083333333208,99.49791666666604,7.677083333333208],"properties":{"id":"riveratlas-41402893","order":4,"discharge":9.642999649047852},"geometry":{"type":"MultiLineString","coordinates":[[[99.477083,7.677083],[99.497917,7.677083]]]}},{"type":"Feature","id":"riveratlas-41402895","bbox":[99.57291666666598,7.677083333333208,99.60208333333267,7.689583333333225],"properties":{"id":"riveratlas-41402895","order":3,"discharge":8.133000373840332},"geometry":{"type":"MultiLineString","coordinates":[[[99.602083,7.685417],[99.59375,7.685417],[99.589583,7.689583],[99.58125,7.68125],[99.577083,7.68125],[99.572917,7.677083]]]}},{"type":"Feature","id":"riveratlas-41402916","bbox":[99.4062499999994,7.672916666666545,99.43541666666597,7.68958333333322],"properties":{"id":"riveratlas-41402916","order":4,"discharge":7.927000045776367},"geometry":{"type":"MultiLineString","coordinates":[[[99.40625,7.689583],[99.410417,7.685417],[99.41875,7.685417],[99.422917,7.68125],[99.422917,7.677083],[99.427083,7.672917],[99.435417,7.68125]]]}},{"type":"Feature","id":"riveratlas-41402917","bbox":[99.49791666666604,7.672916666666545,99.52708333333261,7.677083333333203],"properties":{"id":"riveratlas-41402917","order":4,"discharge":10.170000076293945},"geometry":{"type":"MultiLineString","coordinates":[[[99.497917,7.677083],[99.514583,7.677083],[99.51875,7.672917],[99.527083,7.672917]]]}},{"type":"Feature","id":"riveratlas-41402919","bbox":[99.547916666666,7.672916666666545,99.55624999999931,7.68958333333322],"properties":{"id":"riveratlas-41402919","order":5,"discharge":65.00199890136719},"geometry":{"type":"MultiLineString","coordinates":[[[99.55625,7.689583],[99.55625,7.685417],[99.547917,7.677083],[99.547917,7.672917]]]}},{"type":"Feature","id":"riveratlas-41402937","bbox":[99.547916666666,7.668749999999896,99.57291666666599,7.677083333333213],"properties":{"id":"riveratlas-41402937","order":3,"discharge":8.458000183105469},"geometry":{"type":"MultiLineString","coordinates":[[[99.572917,7.677083],[99.56875,7.677083],[99.560417,7.66875],[99.55625,7.66875],[99.552083,7.672917],[99.547917,7.672917]]]}},{"type":"Feature","id":"riveratlas-41402972","bbox":[99.52708333333263,7.660416666666528,99.53541666666594,7.672916666666545],"properties":{"id":"riveratlas-41402972","order":4,"discharge":10.817000389099121},"geometry":{"type":"MultiLineString","coordinates":[[[99.527083,7.672917],[99.53125,7.66875],[99.53125,7.664583],[99.535417,7.660417]]]}},{"type":"Feature","id":"riveratlas-41402973","bbox":[99.53541666666595,7.660416666666528,99.54791666666601,7.672916666666545],"properties":{"id":"riveratlas-41402973","order":5,"discharge":73.5270004272461},"geometry":{"type":"MultiLineString","coordinates":[[[99.547917,7.672917],[99.535417,7.660417]]]}},{"type":"Feature","id":"riveratlas-41403057","bbox":[99.27708333333263,7.6312499999998735,99.28541666666594,7.639583333333232],"properties":{"id":"riveratlas-41403057","order":3,"discharge":4.349999904632568},"geometry":{"type":"MultiLineString","coordinates":[[[99.285417,7.639583],[99.277083,7.63125]]]}},{"type":"Feature","id":"riveratlas-41403088","bbox":[99.51874999999941,7.622916666666562,99.53541666666597,7.6604166666665305],"properties":{"id":"riveratlas-41403088","order":5,"discharge":84.7030029296875},"geometry":{"type":"MultiLineString","coordinates":[[[99.535417,7.660417],[99.535417,7.65625],[99.53125,7.652083],[99.53125,7.635417],[99.51875,7.622917]]]}},{"type":"Feature","id":"riveratlas-41403129","bbox":[99.51874999999941,7.614583333333208,99.51874999999941,7.622916666666566],"properties":{"id":"riveratlas-41403129","order":5,"discharge":85.01200103759766},"geometry":{"type":"MultiLineString","coordinates":[[[99.51875,7.622917],[99.51875,7.614583]]]}},{"type":"Feature","id":"riveratlas-41403140","bbox":[99.51874999999941,7.610416666666545,99.52291666666608,7.614583333333203],"properties":{"id":"riveratlas-41403140","order":5,"discharge":85.35199737548828},"geometry":{"type":"MultiLineString","coordinates":[[[99.51875,7.614583],[99.522917,7.610417]]]}},{"type":"Feature","id":"riveratlas-41403155","bbox":[99.53958333333273,7.606249999999882,99.547916666666,7.6104166666665405],"properties":{"id":"riveratlas-41403155","order":5,"discharge":86.07099914550781},"geometry":{"type":"MultiLineString","coordinates":[[[99.539583,7.60625],[99.54375,7.610417],[99.547917,7.610417]]]}},{"type":"Feature","id":"riveratlas-41403175","bbox":[99.52291666666608,7.602083333333233,99.53958333333271,7.61041666666655],"properties":{"id":"riveratlas-41403175","order":5,"discharge":85.83899688720703},"geometry":{"type":"MultiLineString","coordinates":[[[99.522917,7.610417],[99.527083,7.60625],[99.53125,7.60625],[99.535417,7.602083],[99.539583,7.60625]]]}},{"type":"Feature","id":"riveratlas-41403222","bbox":[99.547916666666,7.589583333333216,99.56458333333264,7.61041666666655],"properties":{"id":"riveratlas-41403222","order":5,"discharge":88.2239990234375},"geometry":{"type":"MultiLineString","coordinates":[[[99.547917,7.610417],[99.564583,7.59375],[99.564583,7.589583]]]}},{"type":"Feature","id":"riveratlas-41403267","bbox":[99.67291666666611,7.577083333333242,99.67708333333277,7.577083333333242],"properties":{"id":"riveratlas-41403267","order":3,"discharge":6.605999946594238},"geometry":{"type":"MultiLineString","coordinates":[[[99.677083,7.577083],[99.672917,7.577083]]]}},{"type":"Feature","id":"riveratlas-41403275","bbox":[99.67708333333277,7.572916666666536,99.685416666666,7.577083333333237],"properties":{"id":"riveratlas-41403275","order":3,"discharge":6.1570000648498535},"geometry":{"type":"MultiLineString","coordinates":[[[99.685417,7.572917],[99.68125,7.572917],[99.677083,7.577083]]]}},{"type":"Feature","id":"riveratlas-41403279","bbox":[99.86874999999932,7.572916666666536,99.88124999999938,7.5854166666665535],"properties":{"id":"riveratlas-41403279","order":3,"discharge":2.0429999828338623},"geometry":{"type":"MultiLineString","coordinates":[[[99.86875,7.585417],[99.872917,7.585417],[99.872917,7.577083],[99.877083,7.572917],[99.88125,7.572917]]]}},{"type":"Feature","id":"riveratlas-41403300","bbox":[99.66041666666595,7.5687499999998735,99.6729166666661,7.577083333333232],"properties":{"id":"riveratlas-41403300","order":3,"discharge":7.945000171661377},"geometry":{"type":"MultiLineString","coordinates":[[[99.672917,7.577083],[99.664583,7.56875],[99.660417,7.56875]]]}},{"type":"Feature","id":"riveratlas-41403313","bbox":[99.56041666666599,7.564583333333225,99.56458333333265,7.589583333333217],"properties":{"id":"riveratlas-41403313","order":5,"discharge":88.697998046875},"geometry":{"type":"MultiLineString","coordinates":[[[99.564583,7.589583],[99.564583,7.572917],[99.560417,7.56875],[99.560417,7.564583]]]}},{"type":"Feature","id":"riveratlas-41403317","bbox":[99.68541666666599,7.564583333333225,99.6937499999993,7.572916666666542],"properties":{"id":"riveratlas-41403317","order":3,"discharge":5.563000202178955},"geometry":{"type":"MultiLineString","coordinates":[[[99.69375,7.564583],[99.685417,7.572917]]]}},{"type":"Feature","id":"riveratlas-41403319","bbox":[99.88124999999937,7.564583333333225,99.897916666666,7.572916666666542],"properties":{"id":"riveratlas-41403319","order":3,"discharge":2.4749999046325684},"geometry":{"type":"MultiLineString","coordinates":[[[99.88125,7.572917],[99.885417,7.56875],[99.889583,7.56875],[99.89375,7.564583],[99.897917,7.564583]]]}},{"type":"Feature","id":"riveratlas-41403334","bbox":[99.89791666666602,7.560416666666519,99.91458333333274,7.5645833333332195],"properties":{"id":"riveratlas-41403334","order":3,"discharge":3.694999933242798},"geometry":{"type":"MultiLineString","coordinates":[[[99.897917,7.564583],[99.902083,7.560417],[99.914583,7.560417]]]}},{"type":"Feature","id":"riveratlas-41403336","bbox":[99.99791666666599,7.560416666666519,100.035416666666,7.5770833333332375],"properties":{"id":"riveratlas-41403336","order":3,"discharge":7.9029998779296875},"geometry":{"type":"MultiLineString","coordinates":[[[99.997917,7.572917],[100.002083,7.577083],[100.00625,7.577083],[100.010417,7.572917],[100.01875,7.572917],[100.03125,7.560417],[100.035417,7.560417]]]}},{"type":"Feature","id":"riveratlas-41403353","bbox":[99.46458333333268,7.556249999999899,99.49374999999938,7.564583333333216],"properties":{"id":"riveratlas-41403353","order":3,"discharge":3.5989999771118164},"geometry":{"type":"MultiLineString","coordinates":[[[99.464583,7.560417],[99.472917,7.560417],[99.477083,7.55625],[99.48125,7.55625],[99.489583,7.564583],[99.49375,7.564583]]]}},{"type":"Feature","id":"riveratlas-41403371","bbox":[99.64791666666608,7.552083333333208,99.66041666666597,7.568749999999883],"properties":{"id":"riveratlas-41403371","order":3,"discharge":8.291000366210938},"geometry":{"type":"MultiLineString","coordinates":[[[99.660417,7.56875],[99.660417,7.564583],[99.647917,7.552083]]]}},{"type":"Feature","id":"riveratlas-41403387","bbox":[99.31874999999931,7.547916666666545,99.33124999999929,7.5562499999999035],"properties":{"id":"riveratlas-41403387","order":3,"discharge":1.8819999694824219},"geometry":{"type":"MultiLineString","coordinates":[[[99.33125,7.55625],[99.327083,7.552083],[99.322917,7.552083],[99.31875,7.547917]]]}},{"type":"Feature","id":"riveratlas-41403392","bbox":[99.49374999999938,7.547916666666545,99.50624999999935,7.56458333333322],"properties":{"id":"riveratlas-41403392","order":3,"discharge":3.8910000324249268},"geometry":{"type":"MultiLineString","coordinates":[[[99.49375,7.564583],[99.502083,7.55625],[99.502083,7.552083],[99.50625,7.547917]]]}},{"type":"Feature","id":"riveratlas-41403393","bbox":[99.55624999999932,7.547916666666545,99.56041666666599,7.56458333333322],"properties":{"id":"riveratlas-41403393","order":5,"discharge":89.82099914550781},"geometry":{"type":"MultiLineString","coordinates":[[[99.560417,7.564583],[99.560417,7.55625],[99.55625,7.552083],[99.55625,7.547917]]]}},{"type":"Feature","id":"riveratlas-41403395","bbox":[99.6395833333327,7.547916666666545,99.64791666666609,7.552083333333203],"properties":{"id":"riveratlas-41403395","order":3,"discharge":8.656000137329102},"geometry":{"type":"MultiLineString","coordinates":[[[99.647917,7.552083],[99.64375,7.547917],[99.639583,7.547917]]]}},{"type":"Feature","id":"riveratlas-41403396","bbox":[99.735416666666,7.547916666666545,99.73958333333266,7.572916666666537],"properties":{"id":"riveratlas-41403396","order":3,"discharge":2.938999891281128},"geometry":{"type":"MultiLineString","coordinates":[[[99.735417,7.572917],[99.735417,7.560417],[99.739583,7.55625],[99.735417,7.552083],[99.739583,7.547917]]]}},{"type":"Feature","id":"riveratlas-41403409","bbox":[99.55624999999932,7.543749999999882,99.55624999999932,7.5479166666665405],"properties":{"id":"riveratlas-41403409","order":5,"discharge":100.30699920654297},"geometry":{"type":"MultiLineString","coordinates":[[[99.55625,7.547917],[99.55625,7.54375]]]}},{"type":"Feature","id":"riveratlas-41403411","bbox":[99.91458333333273,7.543749999999882,99.9437499999993,7.560416666666516],"properties":{"id":"riveratlas-41403411","order":3,"discharge":4.5269999504089355},"geometry":{"type":"MultiLineString","coordinates":[[[99.914583,7.560417],[99.91875,7.55625],[99.939583,7.55625],[99.94375,7.552083],[99.939583,7.547917],[99.94375,7.54375]]]}},{"type":"Feature","id":"riveratlas-41403412","bbox":[99.94374999999931,7.543749999999882,99.997916666666,7.572916666666533],"properties":{"id":"riveratlas-41403412","order":3,"discharge":7.265999794006348},"geometry":{"type":"MultiLineString","coordinates":[[[99.94375,7.54375],[99.947917,7.54375],[99.952083,7.547917],[99.98125,7.547917],[99.985417,7.552083],[99.985417,7.55625],[99.997917,7.56875],[99.997917,7.572917]]]}},{"type":"Feature","id":"riveratlas-41403421","bbox":[99.31458333333265,7.539583333333219,99.31874999999931,7.547916666666536],"properties":{"id":"riveratlas-41403421","order":3,"discharge":2.1540000438690186},"geometry":{"type":"MultiLineString","coordinates":[[[99.31875,7.547917],[99.31875,7.54375],[99.314583,7.539583]]]}},{"type":"Feature","id":"riveratlas-41403422","bbox":[99.50624999999937,7.539583333333219,99.52291666666609,7.547916666666536],"properties":{"id":"riveratlas-41403422","order":3,"discharge":4.301000118255615},"geometry":{"type":"MultiLineString","coordinates":[[[99.50625,7.547917],[99.510417,7.54375],[99.51875,7.54375],[99.522917,7.539583]]]}},{"type":"Feature","id":"riveratlas-41403440","bbox":[99.69374999999931,7.5354166666665705,99.73958333333267,7.564583333333221],"properties":{"id":"riveratlas-41403440","order":3,"discharge":5.289000034332275},"geometry":{"type":"MultiLineString","coordinates":[[[99.739583,7.547917],[99.727083,7.535417],[99.722917,7.535417],[99.714583,7.54375],[99.70625,7.54375],[99.697917,7.552083],[99.697917,7.55625],[99.69375,7.560417],[99.69375,7.564583]]]}},{"type":"Feature","id":"riveratlas-41403450","bbox":[99.55624999999932,7.531249999999865,99.60208333333269,7.5479166666665405],"properties":{"id":"riveratlas-41403450","order":3,"discharge":10.472999572753906},"geometry":{"type":"MultiLineString","coordinates":[[[99.602083,7.53125],[99.597917,7.53125],[99.58125,7.547917],[99.55625,7.547917]]]}},{"type":"Feature","id":"riveratlas-41403451","bbox":[99.60208333333267,7.531249999999865,99.61041666666598,7.531249999999865],"properties":{"id":"riveratlas-41403451","order":3,"discharge":9.729999542236328},"geometry":{"type":"MultiLineString","coordinates":[[[99.610417,7.53125],[99.602083,7.53125]]]}},{"type":"Feature","id":"riveratlas-41403452","bbox":[99.610416666666,7.531249999999865,99.6395833333327,7.5479166666665405],"properties":{"id":"riveratlas-41403452","order":3,"discharge":9.463000297546387},"geometry":{"type":"MultiLineString","coordinates":[[[99.639583,7.547917],[99.635417,7.54375],[99.63125,7.54375],[99.627083,7.539583],[99.61875,7.539583],[99.610417,7.53125]]]}},{"type":"Feature","id":"riveratlas-41403467","bbox":[99.52291666666608,7.527083333333202,99.54374999999945,7.539583333333219],"properties":{"id":"riveratlas-41403467","order":3,"discharge":4.7210001945495605},"geometry":{"type":"MultiLineString","coordinates":[[[99.522917,7.539583],[99.53125,7.53125],[99.539583,7.53125],[99.54375,7.527083]]]}},{"type":"Feature","id":"riveratlas-41403468","bbox":[99.54374999999945,7.527083333333202,99.55624999999934,7.543749999999878],"properties":{"id":"riveratlas-41403468","order":5,"discharge":100.75499725341797},"geometry":{"type":"MultiLineString","coordinates":[[[99.55625,7.54375],[99.552083,7.539583],[99.552083,7.535417],[99.54375,7.527083]]]}},{"type":"Feature","id":"riveratlas-41403546","bbox":[99.53958333333273,7.5062499999998735,99.54374999999943,7.5270833333332074],"properties":{"id":"riveratlas-41403546","order":5,"discharge":105.68599700927734},"geometry":{"type":"MultiLineString","coordinates":[[[99.54375,7.527083],[99.54375,7.510417],[99.539583,7.50625]]]}},{"type":"Feature","id":"riveratlas-41403588","bbox":[99.53958333333273,7.4937499999998565,99.54374999999943,7.5062499999998735],"properties":{"id":"riveratlas-41403588","order":5,"discharge":106.54100036621094},"geometry":{"type":"MultiLineString","coordinates":[[[99.539583,7.50625],[99.539583,7.497917],[99.54375,7.49375]]]}},{"type":"Feature","id":"riveratlas-41403604","bbox":[99.54374999999945,7.489583333333194,99.54791666666598,7.493749999999852],"properties":{"id":"riveratlas-41403604","order":5,"discharge":106.57099914550781},"geometry":{"type":"MultiLineString","coordinates":[[[99.54375,7.49375],[99.547917,7.489583]]]}},{"type":"Feature","id":"riveratlas-41403645","bbox":[99.99791666666599,7.477083333333219,100.01874999999936,7.5145833333332295],"properties":{"id":"riveratlas-41403645","order":3,"discharge":7.22599983215332},"geometry":{"type":"MultiLineString","coordinates":[[[99.997917,7.477083],[100.002083,7.48125],[100.014583,7.48125],[100.01875,7.485417],[100.014583,7.489583],[100.014583,7.50625],[100.01875,7.510417],[100.01875,7.514583]]]}},{"type":"Feature","id":"riveratlas-41403710","bbox":[99.96041666666596,7.4604166666665535,99.99791666666597,7.477083333333229],"properties":{"id":"riveratlas-41403710","order":3,"discharge":2.7669999599456787},"geometry":{"type":"MultiLineString","coordinates":[[[99.960417,7.464583],[99.964583,7.460417],[99.96875,7.464583],[99.96875,7.46875],[99.977083,7.477083],[99.997917,7.477083]]]}},{"type":"Feature","id":"riveratlas-41403742","bbox":[99.7812499999994,7.452083333333228,99.7812499999994,7.460416666666545],"properties":{"id":"riveratlas-41403742","order":3,"discharge":1.9479999542236328},"geometry":{"type":"MultiLineString","coordinates":[[[99.78125,7.460417],[99.78125,7.452083]]]}},{"type":"Feature","id":"riveratlas-41403761","bbox":[99.77708333333274,7.447916666666536,99.7812499999994,7.452083333333237],"properties":{"id":"riveratlas-41403761","order":3,"discharge":2.0789999961853027},"geometry":{"type":"MultiLineString","coordinates":[[[99.78125,7.452083],[99.777083,7.447917]]]}},{"type":"Feature","id":"riveratlas-41403831","bbox":[99.51874999999941,7.431249999999899,99.54791666666598,7.489583333333202],"properties":{"id":"riveratlas-41403831","order":5,"discharge":105.29299926757812},"geometry":{"type":"MultiLineString","coordinates":[[[99.547917,7.489583],[99.547917,7.477083],[99.54375,7.472917],[99.54375,7.45625],[99.535417,7.447917],[99.535417,7.439583],[99.527083,7.43125],[99.522917,7.435417],[99.51875,7.435417]]]}},{"type":"Feature","id":"riveratlas-41403834","bbox":[99.76041666666603,7.431249999999899,99.77708333333275,7.447916666666533],"properties":{"id":"riveratlas-41403834","order":3,"discharge":2.947000026702881},"geometry":{"type":"MultiLineString","coordinates":[[[99.777083,7.447917],[99.772917,7.44375],[99.772917,7.435417],[99.76875,7.43125],[99.760417,7.43125]]]}},{"type":"Feature","id":"riveratlas-41403867","bbox":[99.51041666666603,7.418749999999925,99.51874999999943,7.435416666666558],"properties":{"id":"riveratlas-41403867","order":5,"discharge":105.58399963378906},"geometry":{"type":"MultiLineString","coordinates":[[[99.51875,7.435417],[99.514583,7.43125],[99.514583,7.422917],[99.510417,7.41875]]]}},{"type":"Feature","id":"riveratlas-41403880","bbox":[99.51041666666603,7.414583333333219,99.51041666666603,7.418749999999919],"properties":{"id":"riveratlas-41403880","order":5,"discharge":106.01499938964844},"geometry":{"type":"MultiLineString","coordinates":[[[99.510417,7.41875],[99.510417,7.414583]]]}},{"type":"Feature","id":"riveratlas-41403882","bbox":[99.69374999999931,7.414583333333219,99.70624999999929,7.4395833333332115],"properties":{"id":"riveratlas-41403882","order":3,"discharge":2.8469998836517334},"geometry":{"type":"MultiLineString","coordinates":[[[99.70625,7.439583],[99.70625,7.435417],[99.702083,7.43125],[99.702083,7.422917],[99.69375,7.414583]]]}},{"type":"Feature","id":"riveratlas-41403921","bbox":[99.51041666666603,7.402083333333202,99.51041666666603,7.414583333333219],"properties":{"id":"riveratlas-41403921","order":5,"discharge":105.927001953125},"geometry":{"type":"MultiLineString","coordinates":[[[99.510417,7.414583],[99.510417,7.402083]]]}},{"type":"Feature","id":"riveratlas-41403922","bbox":[99.60624999999933,7.402083333333202,99.61874999999931,7.443749999999913],"properties":{"id":"riveratlas-41403922","order":3,"discharge":2.7100000381469727},"geometry":{"type":"MultiLineString","coordinates":[[[99.61875,7.44375],[99.61875,7.435417],[99.614583,7.43125],[99.614583,7.427083],[99.610417,7.422917],[99.610417,7.414583],[99.60625,7.410417],[99.60625,7.402083]]]}},{"type":"Feature","id":"riveratlas-41403938","bbox":[99.60208333333267,7.397916666666539,99.60624999999933,7.402083333333198],"properties":{"id":"riveratlas-41403938","order":3,"discharge":3.0980000495910645},"geometry":{"type":"MultiLineString","coordinates":[[[99.60625,7.402083],[99.602083,7.397917]]]}},{"type":"Feature","id":"riveratlas-41403949","bbox":[99.51041666666603,7.393749999999891,99.51041666666603,7.4020833333332074],"properties":{"id":"riveratlas-41403949","order":5,"discharge":105.80799865722656},"geometry":{"type":"MultiLineString","coordinates":[[[99.510417,7.402083],[99.510417,7.39375]]]}},{"type":"Feature","id":"riveratlas-41403960","bbox":[99.59374999999935,7.389583333333228,99.60208333333266,7.397916666666545],"properties":{"id":"riveratlas-41403960","order":3,"discharge":3.8919999599456787},"geometry":{"type":"MultiLineString","coordinates":[[[99.602083,7.397917],[99.59375,7.389583]]]}},{"type":"Feature","id":"riveratlas-41403992","bbox":[99.7062499999993,7.3812499999998735,99.76041666666603,7.431249999999901],"properties":{"id":"riveratlas-41403992","order":3,"discharge":3.691999912261963},"geometry":{"type":"MultiLineString","coordinates":[[[99.760417,7.43125],[99.75625,7.43125],[99.747917,7.422917],[99.747917,7.41875],[99.74375,7.414583],[99.739583,7.414583],[99.735417,7.410417],[99.735417,7.40625],[99.727083,7.397917],[99.714583,7.397917],[99.710417,7.39375],[99.710417,7.389583],[99.70625,7.385417],[99.70625,7.38125]]]}},{"type":"Feature","id":"riveratlas-41404019","bbox":[99.67291666666611,7.372916666666548,99.70208333333264,7.4145833333332165],"properties":{"id":"riveratlas-41404019","order":3,"discharge":4.065000057220459},"geometry":{"type":"MultiLineString","coordinates":[[[99.69375,7.414583],[99.702083,7.40625],[99.702083,7.39375],[99.697917,7.389583],[99.69375,7.389583],[99.689583,7.385417],[99.685417,7.385417],[99.68125,7.38125],[99.677083,7.38125],[99.672917,7.377083],[99.672917,7.372917]]]}},{"type":"Feature","id":"riveratlas-41404035","bbox":[99.65208333333263,7.368749999999899,99.67291666666613,7.3729166666665575],"properties":{"id":"riveratlas-41404035","order":4,"discharge":18.64299964904785},"geometry":{"type":"MultiLineString","coordinates":[[[99.672917,7.372917],[99.66875,7.372917],[99.664583,7.36875],[99.652083,7.36875]]]}},{"type":"Feature","id":"riveratlas-41404036","bbox":[99.67291666666611,7.368749999999899,99.685416666666,7.3729166666665575],"properties":{"id":"riveratlas-41404036","order":4,"discharge":14.579000473022461},"geometry":{"type":"MultiLineString","coordinates":[[[99.685417,7.36875],[99.677083,7.36875],[99.672917,7.372917]]]}},{"type":"Feature","id":"riveratlas-41404037","bbox":[99.68541666666599,7.368749999999899,99.70624999999932,7.381249999999874],"properties":{"id":"riveratlas-41404037","order":3,"discharge":6.482999801635742},"geometry":{"type":"MultiLineString","coordinates":[[[99.70625,7.38125],[99.697917,7.372917],[99.689583,7.372917],[99.685417,7.36875]]]}},{"type":"Feature","id":"riveratlas-41404087","bbox":[99.6395833333327,7.356249999999882,99.65208333333263,7.368749999999899],"properties":{"id":"riveratlas-41404087","order":4,"discharge":19},"geometry":{"type":"MultiLineString","coordinates":[[[99.652083,7.36875],[99.639583,7.35625]]]}},{"type":"Feature","id":"riveratlas-41404088","bbox":[99.68541666666599,7.356249999999882,99.73124999999935,7.368749999999899],"properties":{"id":"riveratlas-41404088","order":3,"discharge":8.071999549865723},"geometry":{"type":"MultiLineString","coordinates":[[[99.73125,7.35625],[99.727083,7.35625],[99.71875,7.364583],[99.70625,7.364583],[99.702083,7.360417],[99.697917,7.360417],[99.689583,7.36875],[99.685417,7.36875]]]}},{"type":"Feature","id":"riveratlas-41404107","bbox":[99.63541666666603,7.352083333333219,99.6395833333327,7.356249999999878],"properties":{"id":"riveratlas-41404107","order":4,"discharge":19.128000259399414},"geometry":{"type":"MultiLineString","coordinates":[[[99.639583,7.35625],[99.635417,7.352083]]]}},{"type":"Feature","id":"riveratlas-41404118","bbox":[99.59374999999935,7.347916666666556,99.60208333333266,7.356249999999873],"properties":{"id":"riveratlas-41404118","order":4,"discharge":21.465999603271484},"geometry":{"type":"MultiLineString","coordinates":[[[99.602083,7.347917],[99.597917,7.347917],[99.59375,7.352083],[99.59375,7.35625]]]}},{"type":"Feature","id":"riveratlas-41404119","bbox":[99.60208333333267,7.347916666666556,99.63541666666602,7.352083333333215],"properties":{"id":"riveratlas-41404119","order":4,"discharge":21.302000045776367},"geometry":{"type":"MultiLineString","coordinates":[[[99.635417,7.352083],[99.627083,7.352083],[99.622917,7.347917],[99.614583,7.347917],[99.610417,7.352083],[99.60625,7.352083],[99.602083,7.347917]]]}},{"type":"Feature","id":"riveratlas-41404132","bbox":[99.73124999999933,7.343749999999893,99.76458333333268,7.356249999999869],"properties":{"id":"riveratlas-41404132","order":3,"discharge":7.520999908447266},"geometry":{"type":"MultiLineString","coordinates":[[[99.764583,7.34375],[99.760417,7.34375],[99.752083,7.352083],[99.74375,7.352083],[99.739583,7.35625],[99.73125,7.35625]]]}},{"type":"Feature","id":"riveratlas-41404211","bbox":[99.7645833333327,7.322916666666522,99.77708333333275,7.343749999999899],"properties":{"id":"riveratlas-41404211","order":3,"discharge":6.89300012588501},"geometry":{"type":"MultiLineString","coordinates":[[[99.777083,7.322917],[99.772917,7.327083],[99.772917,7.335417],[99.764583,7.34375]]]}},{"type":"Feature","id":"riveratlas-41404247","bbox":[99.77708333333274,7.314583333333211,99.78541666666597,7.3229166666665275],"properties":{"id":"riveratlas-41404247","order":3,"discharge":6.458000183105469},"geometry":{"type":"MultiLineString","coordinates":[[[99.785417,7.314583],[99.777083,7.322917]]]}},{"type":"Feature","id":"riveratlas-41404248","bbox":[99.78541666666595,7.314583333333211,99.81041666666599,7.327083333333228],"properties":{"id":"riveratlas-41404248","order":3,"discharge":6.261000156402588},"geometry":{"type":"MultiLineString","coordinates":[[[99.810417,7.327083],[99.80625,7.327083],[99.79375,7.314583],[99.785417,7.314583]]]}},{"type":"Feature","id":"riveratlas-41404601","bbox":[99.94374999999931,7.218749999999893,99.94791666666598,7.222916666666552],"properties":{"id":"riveratlas-41404601","order":3,"discharge":1.5980000495910645},"geometry":{"type":"MultiLineString","coordinates":[[[99.94375,7.222917],[99.947917,7.21875]]]}},{"type":"Feature","id":"riveratlas-41404622","bbox":[99.94791666666598,7.2145833333332305,99.94791666666598,7.218749999999889],"properties":{"id":"riveratlas-41404622","order":3,"discharge":2.2160000801086426},"geometry":{"type":"MultiLineString","coordinates":[[[99.947917,7.21875],[99.947917,7.214583]]]}},{"type":"Feature","id":"riveratlas-41404675","bbox":[99.61458333333266,7.2020833333332135,99.61874999999932,7.206249999999872],"properties":{"id":"riveratlas-41404675","order":3,"discharge":3.0829999446868896},"geometry":{"type":"MultiLineString","coordinates":[[[99.614583,7.20625],[99.61875,7.202083]]]}},{"type":"Feature","id":"riveratlas-41404734","bbox":[99.74374999999932,7.189583333333239,99.75624999999938,7.214583333333231],"properties":{"id":"riveratlas-41404734","order":3,"discharge":2.194000005722046},"geometry":{"type":"MultiLineString","coordinates":[[[99.75625,7.214583],[99.75625,7.210417],[99.747917,7.202083],[99.74375,7.202083],[99.74375,7.189583]]]}},{"type":"Feature","id":"riveratlas-41404766","bbox":[99.74374999999932,7.181249999999885,99.76041666666605,7.1895833333332435],"properties":{"id":"riveratlas-41404766","order":3,"discharge":5.176000118255615},"geometry":{"type":"MultiLineString","coordinates":[[[99.760417,7.18125],[99.75625,7.18125],[99.752083,7.185417],[99.747917,7.185417],[99.74375,7.189583]]]}},{"type":"Feature","id":"riveratlas-41404804","bbox":[99.76041666666603,7.172916666666573,99.76874999999934,7.18124999999989],"properties":{"id":"riveratlas-41404804","order":3,"discharge":4.892000198364258},"geometry":{"type":"MultiLineString","coordinates":[[[99.76875,7.172917],[99.760417,7.18125]]]}},{"type":"Feature","id":"riveratlas-41404878","bbox":[99.76874999999936,7.1520833333332305,99.80208333333279,7.1729166666665645],"properties":{"id":"riveratlas-41404878","order":3,"discharge":4.078999996185303},"geometry":{"type":"MultiLineString","coordinates":[[[99.802083,7.160417],[99.789583,7.160417],[99.78125,7.152083],[99.777083,7.152083],[99.772917,7.15625],[99.772917,7.160417],[99.76875,7.164583],[99.76875,7.172917]]]}},{"type":"Feature","id":"riveratlas-41404897","bbox":[99.93958333333265,7.147916666666539,99.94791666666596,7.214583333333243],"properties":{"id":"riveratlas-41404897","order":3,"discharge":2.8450000286102295},"geometry":{"type":"MultiLineString","coordinates":[[[99.947917,7.214583],[99.947917,7.202083],[99.94375,7.197917],[99.94375,7.189583],[99.947917,7.185417],[99.94375,7.18125],[99.947917,7.177083],[99.947917,7.172917],[99.94375,7.16875],[99.94375,7.152083],[99.939583,7.147917]]]}},{"type":"Feature","id":"riveratlas-41404914","bbox":[99.735416666666,7.143749999999876,99.75208333333272,7.189583333333245],"properties":{"id":"riveratlas-41404914","order":4,"discharge":7.764999866485596},"geometry":{"type":"MultiLineString","coordinates":[[[99.74375,7.189583],[99.739583,7.189583],[99.735417,7.185417],[99.747917,7.172917],[99.747917,7.16875],[99.74375,7.164583],[99.74375,7.160417],[99.752083,7.152083],[99.752083,7.147917],[99.747917,7.14375],[99.74375,7.14375]]]}},{"type":"Feature","id":"riveratlas-41404982","bbox":[99.9354166666661,7.122916666666534,99.93958333333264,7.147916666666526],"properties":{"id":"riveratlas-41404982","order":3,"discharge":3.24399995803833},"geometry":{"type":"MultiLineString","coordinates":[[[99.939583,7.147917],[99.939583,7.127083],[99.935417,7.122917]]]}},{"type":"Feature","id":"riveratlas-41404998","bbox":[99.93124999999938,7.118749999999885,99.93541666666609,7.122916666666543],"properties":{"id":"riveratlas-41404998","order":3,"discharge":3.431999921798706},"geometry":{"type":"MultiLineString","coordinates":[[[99.935417,7.122917],[99.93125,7.11875]]]}},{"type":"Feature","id":"riveratlas-41405060","bbox":[99.92708333333272,7.102083333333205,99.93124999999938,7.1187499999998805],"properties":{"id":"riveratlas-41405060","order":3,"discharge":3.697999954223633},"geometry":{"type":"MultiLineString","coordinates":[[[99.93125,7.11875],[99.93125,7.114583],[99.927083,7.110417],[99.927083,7.102083]]]}},{"type":"Feature","id":"riveratlas-41405118","bbox":[99.91041666666607,7.0895833333332305,99.9270833333327,7.102083333333206],"properties":{"id":"riveratlas-41405118","order":3,"discharge":7.7779998779296875},"geometry":{"type":"MultiLineString","coordinates":[[[99.927083,7.102083],[99.922917,7.097917],[99.91875,7.102083],[99.914583,7.097917],[99.914583,7.09375],[99.910417,7.089583]]]}},{"type":"Feature","id":"riveratlas-41405149","bbox":[99.91041666666607,7.081249999999919,99.91041666666607,7.089583333333236],"properties":{"id":"riveratlas-41405149","order":3,"discharge":8.154000282287598},"geometry":{"type":"MultiLineString","coordinates":[[[99.910417,7.089583],[99.910417,7.08125]]]}},{"type":"Feature","id":"riveratlas-41405248","bbox":[99.90208333333268,7.056249999999885,99.91041666666608,7.08124999999992],"properties":{"id":"riveratlas-41405248","order":3,"discharge":8.515999794006348},"geometry":{"type":"MultiLineString","coordinates":[[[99.910417,7.08125],[99.910417,7.06875],[99.902083,7.060417],[99.902083,7.05625]]]}},{"type":"Feature","id":"riveratlas-41405261","bbox":[99.89791666666602,7.052083333333222,99.90208333333268,7.0562499999998805],"properties":{"id":"riveratlas-41405261","order":3,"discharge":10.177000045776367},"geometry":{"type":"MultiLineString","coordinates":[[[99.902083,7.05625],[99.897917,7.052083]]]}},{"type":"Feature","id":"riveratlas-41405322","bbox":[99.8895833333327,7.035416666666542,99.897916666666,7.052083333333218],"properties":{"id":"riveratlas-41405322","order":3,"discharge":11.281000137329102},"geometry":{"type":"MultiLineString","coordinates":[[[99.897917,7.052083],[99.889583,7.04375],[99.889583,7.035417]]]}},{"type":"Feature","id":"riveratlas-41405475","bbox":[99.8895833333327,6.993749999999871,99.89374999999936,7.035416666666539],"properties":{"id":"riveratlas-41405475","order":3,"discharge":12.616999626159668},"geometry":{"type":"MultiLineString","coordinates":[[[99.889583,7.035417],[99.889583,6.997917],[99.89375,6.99375]]]}},{"type":"Feature","id":"riveratlas-41405508","bbox":[99.8895833333327,6.985416666666559,99.89374999999936,6.993749999999876],"properties":{"id":"riveratlas-41405508","order":3,"discharge":13.109999656677246},"geometry":{"type":"MultiLineString","coordinates":[[[99.89375,6.99375],[99.89375,6.989583],[99.889583,6.985417]]]}},{"type":"Feature","id":"riveratlas-41405509","bbox":[99.8895833333327,6.985416666666559,99.91041666666607,6.985416666666559],"properties":{"id":"riveratlas-41405509","order":3,"discharge":2.625999927520752},"geometry":{"type":"MultiLineString","coordinates":[[[99.910417,6.985417],[99.889583,6.985417]]]}},{"type":"Feature","id":"riveratlas-41405510","bbox":[99.91041666666607,6.985416666666559,99.95208333333265,7.002083333333235],"properties":{"id":"riveratlas-41405510","order":3,"discharge":1.7960000038146973},"geometry":{"type":"MultiLineString","coordinates":[[[99.952083,7.002083],[99.927083,7.002083],[99.922917,6.997917],[99.922917,6.99375],[99.91875,6.989583],[99.914583,6.99375],[99.910417,6.99375],[99.910417,6.985417]]]}},{"type":"Feature","id":"riveratlas-41405568","bbox":[99.88124999999937,6.972916666666542,99.88958333333268,6.985416666666559],"properties":{"id":"riveratlas-41405568","order":4,"discharge":15.793999671936035},"geometry":{"type":"MultiLineString","coordinates":[[[99.889583,6.985417],[99.885417,6.98125],[99.885417,6.977083],[99.88125,6.972917]]]}},{"type":"Feature","id":"riveratlas-41405641","bbox":[99.74374999999932,6.956249999999905,99.75208333333272,6.956249999999905],"properties":{"id":"riveratlas-41405641","order":3,"discharge":2.5859999656677246},"geometry":{"type":"MultiLineString","coordinates":[[[99.752083,6.95625],[99.74375,6.95625]]]}},{"type":"Feature","id":"riveratlas-41405739","bbox":[99.86458333333266,6.935416666666576,99.88124999999938,6.972916666666545],"properties":{"id":"riveratlas-41405739","order":4,"discharge":16.41200065612793},"geometry":{"type":"MultiLineString","coordinates":[[[99.88125,6.972917],[99.88125,6.960417],[99.872917,6.952083],[99.872917,6.94375],[99.864583,6.935417]]]}},{"type":"Feature","id":"riveratlas-41405742","bbox":[99.99791666666599,6.935416666666576,100.0062499999993,6.935416666666576],"properties":{"id":"riveratlas-41405742","order":3,"discharge":4.084000110626221},"geometry":{"type":"MultiLineString","coordinates":[[[100.00625,6.935417],[99.997917,6.935417]]]}},{"type":"Feature","id":"riveratlas-41405778","bbox":[99.94374999999931,6.927083333333208,99.96874999999935,6.931249999999866],"properties":{"id":"riveratlas-41405778","order":3,"discharge":5.0269999504089355},"geometry":{"type":"MultiLineString","coordinates":[[[99.96875,6.927083],[99.964583,6.927083],[99.960417,6.93125],[99.95625,6.927083],[99.947917,6.927083],[99.94375,6.93125]]]}},{"type":"Feature","id":"riveratlas-41405779","bbox":[99.96874999999935,6.927083333333208,99.997916666666,6.935416666666566],"properties":{"id":"riveratlas-41405779","order":3,"discharge":4.605000019073486},"geometry":{"type":"MultiLineString","coordinates":[[[99.997917,6.935417],[99.99375,6.93125],[99.989583,6.935417],[99.985417,6.93125],[99.977083,6.93125],[99.972917,6.927083],[99.96875,6.927083]]]}},{"type":"Feature","id":"riveratlas-41405804","bbox":[99.85624999999933,6.922916666666559,99.86458333333265,6.935416666666576],"properties":{"id":"riveratlas-41405804","order":4,"discharge":16.56800079345703},"geometry":{"type":"MultiLineString","coordinates":[[[99.864583,6.935417],[99.860417,6.93125],[99.860417,6.927083],[99.85625,6.922917]]]}},{"type":"Feature","id":"riveratlas-41405805","bbox":[99.91041666666607,6.922916666666559,99.9437499999993,6.931249999999876],"properties":{"id":"riveratlas-41405805","order":3,"discharge":5.458000183105469},"geometry":{"type":"MultiLineString","coordinates":[[[99.94375,6.93125],[99.939583,6.93125],[99.935417,6.927083],[99.93125,6.93125],[99.927083,6.927083],[99.922917,6.927083],[99.91875,6.922917],[99.910417,6.922917]]]}},{"type":"Feature","id":"riveratlas-41405822","bbox":[99.82291666666598,6.918749999999896,99.85624999999932,6.922916666666555],"properties":{"id":"riveratlas-41405822","order":4,"discharge":23.548999786376953},"geometry":{"type":"MultiLineString","coordinates":[[[99.85625,6.922917],[99.847917,6.922917],[99.84375,6.91875],[99.835417,6.91875],[99.83125,6.922917],[99.822917,6.922917]]]}},{"type":"Feature","id":"riveratlas-41405823","bbox":[99.89374999999936,6.918749999999896,99.91041666666608,6.927083333333213],"properties":{"id":"riveratlas-41405823","order":3,"discharge":5.999000072479248},"geometry":{"type":"MultiLineString","coordinates":[[[99.910417,6.922917],[99.90625,6.922917],[99.902083,6.91875],[99.89375,6.927083]]]}},{"type":"Feature","id":"riveratlas-41405842","bbox":[99.85624999999933,6.914583333333233,99.87291666666597,6.92291666666655],"properties":{"id":"riveratlas-41405842","order":3,"discharge":6.908999919891357},"geometry":{"type":"MultiLineString","coordinates":[[[99.872917,6.914583],[99.872917,6.91875],[99.86875,6.922917],[99.864583,6.91875],[99.860417,6.91875],[99.85625,6.922917]]]}},{"type":"Feature","id":"riveratlas-41405867","bbox":[99.87291666666599,6.910416666666585,99.89374999999936,6.9270833333332185],"properties":{"id":"riveratlas-41405867","order":3,"discharge":6.645999908447266},"geometry":{"type":"MultiLineString","coordinates":[[[99.89375,6.927083],[99.889583,6.922917],[99.889583,6.914583],[99.885417,6.910417],[99.877083,6.910417],[99.872917,6.914583]]]}},{"type":"Feature","id":"riveratlas-41405901","bbox":[99.81458333333265,6.897916666666568,99.82291666666596,6.92291666666656],"properties":{"id":"riveratlas-41405901","order":4,"discharge":25.429000854492188},"geometry":{"type":"MultiLineString","coordinates":[[[99.822917,6.922917],[99.81875,6.922917],[99.814583,6.91875],[99.814583,6.897917]]]}},{"type":"Feature","id":"riveratlas-41405945","bbox":[99.81041666666599,6.889583333333242,99.81458333333265,6.897916666666559],"properties":{"id":"riveratlas-41405945","order":4,"discharge":25.899999618530273},"geometry":{"type":"MultiLineString","coordinates":[[[99.814583,6.897917],[99.814583,6.89375],[99.810417,6.889583]]]}},{"type":"Feature","id":"riveratlas-41406079","bbox":[99.77708333333274,6.856249999999896,99.81041666666597,6.889583333333248],"properties":{"id":"riveratlas-41406079","order":4,"discharge":26.187000274658203},"geometry":{"type":"MultiLineString","coordinates":[[[99.810417,6.889583],[99.80625,6.885417],[99.802083,6.885417],[99.789583,6.872917],[99.789583,6.860417],[99.785417,6.85625],[99.777083,6.85625]]]}},{"type":"Feature","id":"riveratlas-41406138","bbox":[99.74374999999932,6.843749999999922,99.77708333333275,6.856249999999897],"properties":{"id":"riveratlas-41406138","order":4,"discharge":26.94300079345703},"geometry":{"type":"MultiLineString","coordinates":[[[99.777083,6.85625],[99.772917,6.852083],[99.76875,6.852083],[99.764583,6.847917],[99.75625,6.847917],[99.752083,6.852083],[99.74375,6.84375]]]}},{"type":"Feature","id":"riveratlas-41406269","bbox":[99.985416666666,6.818749999999888,100.00208333333264,6.822916666666588],"properties":{"id":"riveratlas-41406269","order":3,"discharge":7.39300012588501},"geometry":{"type":"MultiLineString","coordinates":[[[100.002083,6.822917],[99.997917,6.81875],[99.99375,6.822917],[99.989583,6.822917],[99.985417,6.81875]]]}},{"type":"Feature","id":"riveratlas-41406335","bbox":[99.96041666666596,6.802083333333208,99.985416666666,6.818749999999883],"properties":{"id":"riveratlas-41406335","order":3,"discharge":7.811999797821045},"geometry":{"type":"MultiLineString","coordinates":[[[99.985417,6.81875],[99.98125,6.814583],[99.977083,6.814583],[99.972917,6.810417],[99.96875,6.810417],[99.960417,6.802083]]]}},{"type":"Feature","id":"riveratlas-41406399","bbox":[99.95208333333264,6.789583333333233,99.96041666666595,6.802083333333209],"properties":{"id":"riveratlas-41406399","order":3,"discharge":8.116000175476074},"geometry":{"type":"MultiLineString","coordinates":[[[99.960417,6.802083],[99.952083,6.79375],[99.952083,6.789583]]]}},{"type":"Feature","id":"riveratlas-41406415","bbox":[99.94374999999931,6.7854166666665705,99.95208333333262,6.789583333333229],"properties":{"id":"riveratlas-41406415","order":3,"discharge":8.753000259399414},"geometry":{"type":"MultiLineString","coordinates":[[[99.952083,6.789583],[99.947917,6.785417],[99.94375,6.785417]]]}},{"type":"Feature","id":"riveratlas-41406458","bbox":[99.93124999999938,6.777083333333216,99.94374999999931,6.785416666666575],"properties":{"id":"riveratlas-41406458","order":3,"discharge":11.038000106811523},"geometry":{"type":"MultiLineString","coordinates":[[[99.94375,6.785417],[99.939583,6.785417],[99.93125,6.777083]]]}},{"type":"Feature","id":"riveratlas-41406534","bbox":[99.91041666666607,6.760416666666579,99.9312499999994,6.777083333333213],"properties":{"id":"riveratlas-41406534","order":3,"discharge":11.557999610900879},"geometry":{"type":"MultiLineString","coordinates":[[[99.93125,6.777083],[99.927083,6.772917],[99.922917,6.772917],[99.910417,6.760417]]]}},{"type":"Feature","id":"riveratlas-41406703","bbox":[99.9062499999994,6.731249999999882,99.91041666666607,6.7604166666665755],"properties":{"id":"riveratlas-41406703","order":3,"discharge":13.447999954223633},"geometry":{"type":"MultiLineString","coordinates":[[[99.910417,6.760417],[99.90625,6.75625],[99.910417,6.752083],[99.910417,6.747917],[99.90625,6.74375],[99.90625,6.73125]]]}}]}
