{"type":"FeatureCollection","features":[{"type":"Feature","id":"pk-lahore-study","properties":{"id":"pk-lahore-study","displayAlignment":"punjab-frontier-v1"},"bbox":[74.1736881,31.3293953,74.65461026526866,31.7134238],"geometry":{"type":"Polygon","coordinates":[[[74.58284583261566,31.51533690594649],[74.58294359626801,31.51511200600819],[74.58294346294706,31.51509725349036],[74.58294271951232,31.515014989340557],[74.58293951881495,31.5146605679514],[74.58273599380924,31.514012176141787],[74.58247657293158,31.51337895245973],[74.58204506628657,31.5127304246288],[74.5819573431041,31.512650341188284],[74.58160272146762,31.512326607948037],[74.5807727500103,31.511882278003274],[74.58058074320317,31.511732629993688],[74.58042270259521,31.511609455463265],[74.58025944457212,31.51148221259875],[74.58016303827415,31.511133318724745],[74.58024654476462,31.51103395519352],[74.58028113798791,31.510992791551136],[74.58041699054807,31.51101066122509],[74.580611990202,31.511036310945883],[74.58100224980247,31.511113304804446],[74.58146978248367,31.51107634341023],[74.58183268928204,31.51097167937215],[74.58191202609575,31.510888762471343],[74.58200493225459,31.51079166390641],[74.5820068303948,31.510784922117413],[74.5820197157136,31.51073917246903],[74.58205030256634,31.510630573079272],[74.58208396244004,31.510621697613157],[74.5824557913058,31.51052365233766],[74.58312028140969,31.51045184129376],[74.58327572102374,31.510421097225777],[74.58345742901727,31.51038515759134],[74.58348128726293,31.510370157901725],[74.58352675700526,31.510341571054568],[74.58364824825162,31.51026518945413],[74.5836552057035,31.510229936349027],[74.5837212803859,31.509895115814242],[74.58370300505976,31.509444430671927],[74.58353107649754,31.509233813703613],[74.58321266954339,31.509165230553872],[74.58315341666727,31.508936438946726],[74.58321855261018,31.508456922589986],[74.58330279882074,31.508194653712234],[74.58335816607669,31.50802228859351],[74.58339517486979,31.507998198024854],[74.58360312228162,31.507862832732044],[74.5839526989795,31.50777107470249],[74.58399335762756,31.50771110965412],[74.58408147157716,31.507581151041425],[74.58408235679973,31.507565656757798],[74.584100358656,31.507250565526505],[74.58403583895736,31.50694881280106],[74.58372548989131,31.50679435556527],[74.5834496720648,31.506723517393034],[74.58314267910465,31.506813017093602],[74.58295942368501,31.507022684461823],[74.58295907935371,31.507023078413916],[74.58291893751345,31.507069005003128],[74.58273047905168,31.507427915661417],[74.58269056904234,31.50750392312398],[74.5826700817219,31.507542940635318],[74.58266840546558,31.50754613281432],[74.58265163660515,31.507565407660202],[74.58242574444637,31.507825057775683],[74.58237895570463,31.507878838758],[74.58192109159083,31.50804956672255],[74.58129656753393,31.508082635613125],[74.58063927113885,31.50805640214544],[74.58013459671393,31.507973258861146],[74.57997424204584,31.50772540473815],[74.57999581868064,31.507531174452478],[74.58002607663435,31.50725880180278],[74.5800973669353,31.506864410185035],[74.58017918189812,31.506615941945096],[74.58021134068697,31.506589207176546],[74.58036736727203,31.506459498214888],[74.58037761779875,31.506463981325062],[74.58069102577733,31.506601051598246],[74.58100400061895,31.50679199587656],[74.58129050300747,31.50681344752032],[74.58171192247018,31.50673009940509],[74.58243068339362,31.506423486977923],[74.58313349203424,31.506093300992575],[74.58440856793506,31.505598522637037],[74.58550614122727,31.505210789616022],[74.58629233149259,31.504851754027886],[74.58689224979551,31.504478170266157],[74.5872055228778,31.50427846544],[74.58719793121533,31.504252071596504],[74.58719118339212,31.504228612902143],[74.58712943557325,31.50401394764384],[74.5868468929585,31.503455198576376],[74.5864022349777,31.502624282897255],[74.58585961391853,31.501728678210235],[74.58568984939784,31.501488813770287],[74.58520348892661,31.500820155910304],[74.5846769117784,31.500433021181138],[74.58447470639784,31.500394907424926],[74.58421206865316,31.500506475194502],[74.58361582984962,31.500733369536775],[74.58356740423356,31.50073593458043],[74.58350342726494,31.50073932335957],[74.58340512549329,31.50074453028013],[74.58327520755851,31.500751411868873],[74.58296575770608,31.500609112798617],[74.5827893061264,31.500533011793504],[74.58251964714947,31.500547292656563],[74.58210001084258,31.500654965468303],[74.58171944496237,31.500711739567038],[74.58150041413651,31.50063789049282],[74.58135426273138,31.500389286983037],[74.58128656479326,31.499648256565074],[74.58123098961988,31.499272788464083],[74.58115317126176,31.498983946084053],[74.58090839292326,31.498948079795436],[74.5805579709107,31.499027667918423],[74.58047460371623,31.49910343769398],[74.58038493023415,31.499184939052554],[74.58034404790558,31.49922209663538],[74.58021599485848,31.499619493885113],[74.57997554100973,31.500236838687005],[74.57996355478889,31.500267611762975],[74.57977958402999,31.50046409683019],[74.57969899554782,31.500550167211326],[74.57914548511079,31.500579468823197],[74.57909810619036,31.50055781844983],[74.5790781164402,31.500548683890607],[74.579057218895,31.500539134503413],[74.57895396698714,31.500491952289554],[74.57880168368189,31.500158223569116],[74.57874332462946,31.499941589898057],[74.57853673816524,31.499842663311163],[74.57848843575242,31.49986350915858],[74.57845163844004,31.49987938964395],[74.57834330393511,31.49992614318137],[74.57834577070889,31.500157940937864],[74.57845372035825,31.50046960381614],[74.5783804600519,31.50064886173748],[74.5783568379532,31.500706660659493],[74.57785763332532,31.50090302464795],[74.57774726545588,31.50094643825798],[74.57685103875481,31.501360069694982],[74.5762432116841,31.501624160719977],[74.57587858191702,31.501704486449295],[74.5755167521987,31.501625975965457],[74.57527652292877,31.50145558323414],[74.5752129132235,31.50116598626281],[74.57532399529828,31.50092818073659],[74.57534701911902,31.500908830226322],[74.57592848512768,31.50042013583656],[74.57651965294141,31.499924998866536],[74.57715076075105,31.49939112469409],[74.57749872587128,31.499079746982943],[74.57780593891867,31.49863810076698],[74.57786016931405,31.49856014072529],[74.57790029526116,31.498548262348915],[74.57803606334961,31.498508073311196],[74.57811124663932,31.498485818125165],[74.57860011071529,31.498491176725878],[74.5790665115192,31.49849628792379],[74.57968203894853,31.498536943881646],[74.58023115303055,31.49844683804897],[74.58082212501157,31.49814699860188],[74.58134476304724,31.49788739468904],[74.58190279919671,31.49772356783307],[74.58207166095254,31.497628591310953],[74.58212339081047,31.497599495782655],[74.58214457716217,31.497587579490588],[74.58228614176946,31.497507957205567],[74.58269879300839,31.497164857212553],[74.5827565454663,31.497116838774616],[74.58276406847322,31.497115550423665],[74.58306613815087,31.497063819545243],[74.58330740317832,31.497051040205296],[74.58357632643504,31.496829278854907],[74.58381858589748,31.49671744856693],[74.58393478836938,31.49666380714591],[74.58432262790846,31.49665873184828],[74.58454679619939,31.496655798194375],[74.58553320926342,31.4965058791663],[74.58639803715036,31.49644784249513],[74.5868469100265,31.49635081258243],[74.58728422338154,31.49629101331785],[74.58782965976079,31.496347551083865],[74.58829784641553,31.496518041210432],[74.58857627205131,31.496625350997732],[74.58863289645694,31.4968176583891],[74.58863051053156,31.49682108378787],[74.58846508487366,31.497058484607653],[74.58846565576987,31.49706148801204],[74.58847516846271,31.497111532946644],[74.58848260374847,31.49715064645275],[74.5884880574904,31.497179335998048],[74.58866362961945,31.497243269358965],[74.58908675498289,31.497184216712853],[74.58958083916892,31.497121400086023],[74.59022752017229,31.497001663098718],[74.59081743303959,31.496884933137615],[74.59158656699258,31.49668545260541],[74.59214721364623,31.49655806150912],[74.59297311124375,31.49635556159371],[74.59336784535262,31.49629800049663],[74.59366310541684,31.496441025372643],[74.59417700104815,31.49724382774544],[74.59443017593962,31.49798722257713],[74.59440046865318,31.4981136037295],[74.59438926348103,31.498161270875173],[74.59434300522108,31.498358054930502],[74.59432967555726,31.498540521446746],[74.59430719657725,31.498848230720615],[74.59430358251697,31.498949776732122],[74.59430250466484,31.498980061668103],[74.59430058318011,31.49903405056004],[74.59428369305616,31.4995086504059],[74.59429120926013,31.500204045056453],[74.5943679316736,31.50087135391991],[74.59450871654325,31.50124229814924],[74.59469289543098,31.50153514394706],[74.59470187948214,31.501549428486683],[74.59500256087912,31.501570094726688],[74.59556235413324,31.501430527435712],[74.59634600665787,31.50131180316315],[74.59688128578621,31.50123237629777],[74.59759289342506,31.501139652049012],[74.5979583801849,31.501071423714013],[74.5979961947668,31.501013648761372],[74.59800567109474,31.501011970605703],[74.5980173797788,31.50099400816555],[74.59807637928736,31.500903496274002],[74.5981565153968,31.500780559053183],[74.5981890271257,31.500730682641368],[74.59823279124973,31.500663544698284],[74.59869687709515,31.500250973301178],[74.59903057786703,31.49994028933159],[74.59940849371714,31.499846980920342],[74.59994956069087,31.499842664077107],[74.60047995208575,31.49988773816108],[74.6013287351634,31.50000135006287],[74.60179872563523,31.500196110704128],[74.60264740001676,31.500505029874134],[74.60293652728254,31.500562911606025],[74.603106835284,31.500553863614485],[74.60313599010652,31.500495061988246],[74.60325602299478,31.500252970866534],[74.60329618756948,31.500214006845805],[74.60342908343428,31.500085085615027],[74.60374494456289,31.499921819448264],[74.60379082836907,31.49982317341883],[74.60385519090515,31.499684799793013],[74.6039545287052,31.49947123251596],[74.60412945404724,31.499132349160124],[74.6041346921718,31.498829871433262],[74.60413495533003,31.498814675249267],[74.60413773363013,31.49881345983747],[74.60445257176673,31.4986757288608],[74.60473928615765,31.498650044237845],[74.60545756738071,31.498585696693176],[74.60606518424564,31.498516780967552],[74.6062999221142,31.4985234210038],[74.6063649781071,31.498525260054052],[74.60651119598755,31.498773834052344],[74.60660758611589,31.499318025203124],[74.60676877352223,31.49977332188257],[74.60702599532407,31.499784062680295],[74.60729212482026,31.49972108695218],[74.60765759990201,31.499652828476137],[74.60802659727801,31.499633209621997],[74.60841507012938,31.499685796934894],[74.60887979018543,31.49980757018669],[74.60917420313832,31.499938398991215],[74.60945981170313,31.499947624740408],[74.60976763470657,31.499870219565743],[74.60991591861666,31.499726350580467],[74.61000723874906,31.49963774936423],[74.61041009811969,31.499298940908627],[74.6107783076732,31.49907183704555],[74.61078622673746,31.49907141586239],[74.61080669263951,31.499070327363423],[74.61087243456531,31.499006541712557],[74.61087798922868,31.499001152338664],[74.61088769291452,31.498991737241344],[74.61108622410141,31.498799110390205],[74.61170654853436,31.49811914005315],[74.61211399380453,31.49763592990268],[74.61231002775908,31.497403440358823],[74.61280710692827,31.496595744057636],[74.61303611713862,31.49621734611697],[74.61322528616775,31.495682379176085],[74.61322892009044,31.49567240906892],[74.61335631796193,31.49532287757367],[74.61347483456045,31.494997712926804],[74.61348737421652,31.494957277472064],[74.61361340238795,31.49455088622874],[74.61361493491384,31.494539570341605],[74.61364450655469,31.494321297464506],[74.613678367651,31.494071354298935],[74.61368930284294,31.493436007012548],[74.61362575512143,31.492755795453512],[74.61361278794031,31.49270098973886],[74.6135767834637,31.49254882381857],[74.61352307139626,31.492321806972093],[74.6135533958253,31.49195398406376],[74.61368848357942,31.49145392584712],[74.61371064501745,31.49137188464101],[74.61378276176846,31.49113344216285],[74.61389451129149,31.490763955391746],[74.6139342249119,31.49062273805853],[74.613960648856,31.490528773831297],[74.61407573202702,31.490119545062228],[74.61425069150503,31.48958533147985],[74.61440960797036,31.489222869964188],[74.61461638308079,31.48893110171388],[74.61484274685428,31.488600769691267],[74.6149586447973,31.48843163939737],[74.61501573902179,31.48834832009182],[74.61546030537446,31.487799753068913],[74.61575847148862,31.487459538168647],[74.61584184952001,31.487364402547957],[74.61620355077929,31.486958399545433],[74.61635559333605,31.486787734186194],[74.61675157430656,31.48634030215316],[74.61686431107807,31.486254389430126],[74.61698731918658,31.486166127909716],[74.61727827811721,31.485957352955406],[74.61771221470508,31.485735925346578],[74.61778742435563,31.485703705003818],[74.6179105783217,31.485667593452195],[74.61793428083533,31.48566064333462],[74.61804497537945,31.485628185169674],[74.61806926808107,31.485621061995513],[74.61862383853013,31.485458447006863],[74.61864171410598,31.485115697120484],[74.61869407061569,31.485112181663766],[74.61874372441031,31.485108847161136],[74.61952060242376,31.485056675886057],[74.6209084851647,31.48514142835999],[74.62205425936013,31.485226860252947],[74.62211330133653,31.48519750293015],[74.62214084617372,31.485183806866328],[74.62230173444111,31.485103807077696],[74.62232160697184,31.484830580816194],[74.62231189977686,31.484766087403543],[74.62223058248071,31.484450168014966],[74.62216734737292,31.48428005730983],[74.62203167481557,31.483934113951573],[74.6218402950325,31.4834560290983],[74.62176324203901,31.483179374424388],[74.62178728185432,31.48292174452027],[74.62183249651476,31.482885572619715],[74.62201615013083,31.48273864902736],[74.62234162413132,31.482709096679613],[74.6223708695343,31.482662834907266],[74.62245805657192,31.482524918295557],[74.62246940049734,31.48250697357005],[74.62243972398663,31.482247781149727],[74.62243050344551,31.482167249634657],[74.62244035077765,31.4819103753706],[74.62277118772039,31.48175846539042],[74.62290595208098,31.48184893970186],[74.62297234656366,31.48217499169683],[74.62306711972444,31.48249953183988],[74.62325883098588,31.482876618592783],[74.62326651697143,31.482891737179024],[74.62350583624793,31.48324519271174],[74.62355462105607,31.48325933602265],[74.62362074947956,31.483278506435344],[74.62373423011209,31.483311404097854],[74.6237751367971,31.48332326281143],[74.62382594910282,31.48333799369097],[74.62436210768183,31.48324739748106],[74.62439586907672,31.483241692578524],[74.62445918142805,31.483230994241126],[74.62516430862044,31.482937053853036],[74.62569026503276,31.48272590296978],[74.62570927697743,31.482740288440834],[74.62572016953347,31.482748529492753],[74.62582591603055,31.482828534807357],[74.62598616110418,31.483662279293874],[74.62581822285848,31.48370792347398],[74.62579939116223,31.48371304180895],[74.62565090894185,31.483753398329736],[74.62515915027892,31.483826950246673],[74.62514361413123,31.483829273974813],[74.62512435604816,31.48389141159692],[74.6250974506071,31.483978221260838],[74.62510532973045,31.48428297756269],[74.62509359234296,31.48490616524966],[74.62498877242402,31.48542445084365],[74.62493806162794,31.485903231174756],[74.62518458808799,31.485963330480132],[74.62552338051084,31.485920853505792],[74.62612016830334,31.485815033017268],[74.62621250601308,31.485798659992092],[74.62646976390504,31.485748545334207],[74.62681648919269,31.48568100214228],[74.62696295051659,31.485720078700076],[74.62702702375256,31.485737173252637],[74.62712154089348,31.485762390297413],[74.62750107550778,31.485888633992737],[74.62761814305729,31.485903686977593],[74.6276808751085,31.485911753537945],[74.62769441714009,31.485913494645164],[74.62770238436966,31.485914518996704],[74.62778673527654,31.48584083596207],[74.62797028444528,31.485680502673123],[74.62809631897795,31.48563343995114],[74.62820523118539,31.485592771107296],[74.62827539633321,31.48556657078038],[74.62862920050283,31.485730806556823],[74.62900779727595,31.48604020250129],[74.62933499244852,31.48623026797302],[74.62967902923603,31.48645605707015],[74.6297816842151,31.486433826278418],[74.62990341851254,31.486407464168398],[74.63030167401733,31.486203108344753],[74.63057976727644,31.486028064374434],[74.6306024216953,31.486013804598112],[74.63068308790717,31.48596302942063],[74.63075357911866,31.485950527148336],[74.63085692808431,31.48593219724759],[74.63107687070016,31.485893188191252],[74.63150693285425,31.486126588075948],[74.63192364244992,31.486568220602948],[74.63222870223558,31.486649596495507],[74.63237418529414,31.486495346266196],[74.63248085445831,31.48607895113484],[74.63248515238456,31.48606217369424],[74.63248861583688,31.486060151815483],[74.63292243609519,31.485806898158025],[74.63337832571199,31.48561166247001],[74.63386343033847,31.48562238804097],[74.63461637485342,31.485594397063622],[74.63507668058817,31.485459955376626],[74.63541458188227,31.48540529093826],[74.63581459000021,31.485225238502466],[74.63612680486709,31.48501325088082],[74.63617772766561,31.484976990840448],[74.63625192659404,31.48492415584221],[74.63647893547531,31.48476250911636],[74.63639537688253,31.48455242105647],[74.63637434283015,31.48449953642676],[74.63633609004074,31.48447255314301],[74.63620846789296,31.48438252926032],[74.63614911991704,31.48434066556099],[74.63608113631467,31.484341518960665],[74.63585025401528,31.484344417761687],[74.63550170229514,31.484448480369217],[74.63526901977248,31.484509960676426],[74.63521753822134,31.48452356333787],[74.63509639232045,31.484555573418916],[74.63502855114118,31.484559195307074],[74.63502425939974,31.48455942443351],[74.63486935840372,31.484567694883367],[74.63463441302432,31.48427506024526],[74.63434271028864,31.483985456034222],[74.63408115591221,31.483718655391773],[74.63390920668873,31.483312792080305],[74.633805552783,31.482866661085286],[74.63372758171131,31.48257785230465],[74.63337172376922,31.482365874202287],[74.63337009883881,31.48236496147542],[74.6330084399022,31.482286649383752],[74.63257834181553,31.482248570366743],[74.63225292261225,31.48208283384269],[74.63185077740229,31.48175680297708],[74.63183449903102,31.481743606325306],[74.63181770951836,31.481727770493887],[74.63159860143739,31.48150739927338],[74.63142568113513,31.48148000614834],[74.63128708905481,31.481572301645443],[74.63116308471292,31.48165488242748],[74.63112677211419,31.48167906481932],[74.63108286964965,31.48172168467998],[74.63101960399912,31.481783103578326],[74.63098528745694,31.481816416947595],[74.63098041443332,31.48182114775693],[74.630929929254,31.48187015957726],[74.63092069499478,31.481879124343937],[74.63090057452902,31.481898655757973],[74.63079672838386,31.48223379105232],[74.63086850467337,31.482437482159003],[74.6309340457565,31.48275136980252],[74.63092422178057,31.483008244055945],[74.63068201172545,31.48339958925782],[74.63049454011387,31.48355562643134],[74.63049396020051,31.483556109107315],[74.63044550417577,31.48358405702825],[74.63009748335999,31.48378478509121],[74.62982968952622,31.483946492907183],[74.62981306146965,31.48395653379078],[74.62974268924694,31.483999028510567],[74.62955357584664,31.48400911809349],[74.62952727863171,31.484010521103166],[74.6294872766521,31.484012655375963],[74.62929044409525,31.48385225613595],[74.62919652972387,31.48353988211866],[74.62903166910631,31.483231291478972],[74.62902945925069,31.483225473123785],[74.62899407910324,31.48313233878905],[74.62889077104893,31.482860387655812],[74.6288961052451,31.482699987972506],[74.6288972836313,31.482664548153725],[74.62889937542047,31.482601637854],[74.62889971737083,31.482591353739526],[74.62900383840046,31.482518060321976],[74.62914364410648,31.48241964849885],[74.62931007318252,31.48232922759914],[74.62941771470976,31.482270747760982],[74.62941983742877,31.482261545548774],[74.62947187683318,31.4820359225283],[74.62916171820997,31.48159809829205],[74.62902508445525,31.48139416250682],[74.62880261577685,31.48105843661031],[74.62822103568212,31.480503520311196],[74.62793560588207,31.480103703691032],[74.62796724903794,31.479913817298957],[74.62798273779009,31.47982087962119],[74.62799512915112,31.479746522977234],[74.62814496724216,31.47945451832276],[74.62819477523139,31.479357453161096],[74.62820590978099,31.479347137597443],[74.6282463943202,31.479309630840866],[74.62838203350056,31.47918396840728],[74.62846577629136,31.479106385198214],[74.62848838239549,31.479085442024886],[74.62864958507322,31.478998535121896],[74.6287307029434,31.478954803924495],[74.6288276897976,31.478902517115323],[74.62891099032935,31.47885760877138],[74.62894071558209,31.47884158322167],[74.62894734182125,31.478826951669802],[74.62894926934021,31.478822695470594],[74.62901436485899,31.478678961046416],[74.62885922940268,31.47850413206742],[74.62864203922484,31.47825936849647],[74.62826706715391,31.477803295198417],[74.62798782764446,31.477488598783673],[74.62772366096718,31.47718530433859],[74.62754639461552,31.476901790359566],[74.62762269482081,31.476775649457686],[74.62810427805138,31.476542439230737],[74.62839019653494,31.47652034322113],[74.62840461553151,31.476519228831055],[74.62861417887463,31.476503032467562],[74.62893957202675,31.47666877887477],[74.62918690337727,31.47693634736107],[74.62932369254055,31.477046333479706],[74.62937450035469,31.47708718646252],[74.62942893556597,31.477130954540705],[74.62944736091077,31.47712997159976],[74.62945457668266,31.477129586613067],[74.62959919775334,31.477121870572677],[74.63008701529198,31.476778456557565],[74.63021472338602,31.476765155010014],[74.63027808048919,31.476758556333454],[74.63032733619005,31.47675342632557],[74.63052062129982,31.47686518394977],[74.6306328190822,31.476859196650295],[74.6307032360971,31.476855438624902],[74.63070507058048,31.47685534072193],[74.63094897755316,31.476683631850637],[74.6310042095701,31.47668068531211],[74.63102889845179,31.476679367670503],[74.63126112324979,31.476666973870728],[74.63139139333903,31.476693858161784],[74.63141356897587,31.476698434692064],[74.63163709155239,31.476744564498702],[74.63175294996951,31.47680100682117],[74.63179700051394,31.476822466166826],[74.63202101264021,31.47693159429934],[74.63213442135154,31.477316169384075],[74.6321698176687,31.47760725140396],[74.63229211341316,31.47791810915596],[74.6326766237958,31.47800561310363],[74.6326831599378,31.478007100142175],[74.63277685895532,31.477992429654392],[74.63327466192484,31.47791448847022],[74.63327834142424,31.477913691704874],[74.63359567795374,31.47784495372775],[74.63391618300523,31.47777552941996],[74.63394776058409,31.477768689485178],[74.63430424263153,31.477774071490348],[74.6345542895892,31.477882790992865],[74.6346881198475,31.477875644759354],[74.6348370594782,31.47786769171948],[74.63532047167816,31.477841878599886],[74.63580013341232,31.477725816535965],[74.63581336876429,31.477722613945197],[74.63583837738891,31.477716562546593],[74.63610000273229,31.47759272724157],[74.63605128799271,31.477314563585082],[74.63593605390471,31.47710098901154],[74.6359427661165,31.47709036742318],[74.63598582326641,31.477022231100218],[74.63606379164314,31.47689885302151],[74.63636267461293,31.476699781883024],[74.63643881761304,31.476414950216864],[74.63647308834113,31.476364332572842],[74.63648355508526,31.476348872768817],[74.63651307837753,31.476305265673123],[74.63652943758872,31.476281102457133],[74.63653815241885,31.476268230300875],[74.63659316165356,31.476186978686417],[74.63681844655041,31.475955215756805],[74.63704730674209,31.475576777221526],[74.63722624935006,31.475331072067284],[74.63727704907936,31.475256891899242],[74.63732070091397,31.475193149602912],[74.63740469968124,31.475069077284928],[74.63752451427891,31.474892098653523],[74.63760157772097,31.474786281397147],[74.63784826351404,31.474447552512043],[74.63788288499931,31.47438277753764],[74.637895762833,31.47435868378948],[74.63802751514245,31.474112178639594],[74.63803631953054,31.474095704844565],[74.63803932439517,31.47407902035486],[74.63810733494702,31.473701282160253],[74.63824751794544,31.473278748228413],[74.63840793908886,31.47296601559328],[74.63844710563525,31.472889663014623],[74.63845738492125,31.472880137257615],[74.63856245560595,31.472782768840172],[74.63874066159538,31.472617627715803],[74.63903687207716,31.472382071854167],[74.63936852738512,31.472211442733215],[74.63940755469261,31.47219136301985],[74.63981637708014,31.471937579681306],[74.64014184119912,31.471712664228658],[74.64081671403105,31.471200514836706],[74.64106138906331,31.471001588643972],[74.64147562380037,31.470664801081035],[74.64182591376058,31.470389724468554],[74.64184708076363,31.470375262779193],[74.64236863004118,31.470018909958295],[74.642709151721,31.46980538845914],[74.64285255158642,31.469710103104244],[74.64294565837234,31.469648234957788],[74.64338842270453,31.46935402511215],[74.64371917969719,31.469202059504568],[74.64405347515377,31.46909873234322],[74.64408429096127,31.469064455173037],[74.64433016165118,31.468790962946745],[74.64465302065585,31.468525530318548],[74.64485424417781,31.468360096657392],[74.64499414242233,31.468182310921478],[74.64506373848859,31.468093866724782],[74.6452145296922,31.467902237372797],[74.6453190846081,31.46776936550288],[74.64537568745413,31.467697431982227],[74.64548540588633,31.467569814457228],[74.64555356102136,31.46749054056043],[74.64578272309252,31.467223993214127],[74.64615604765325,31.466874428519446],[74.64618366456006,31.46685178698376],[74.64619472158394,31.466842721680226],[74.64627792837608,31.466774503067793],[74.64629575326654,31.466759888919974],[74.64658611789216,31.46652182678047],[74.64685433507307,31.46630848579386],[74.6469623107736,31.466222599886034],[74.64703036983447,31.46616846439275],[74.64722115337804,31.46604406206858],[74.64725314932997,31.466023198787035],[74.64726149018739,31.46601993852984],[74.64726843506286,31.466017223819705],[74.64727836863325,31.466006754983336],[74.64734090138516,31.46596597896968],[74.64739746907027,31.465929092624048],[74.64764139271274,31.465634411080163],[74.64767236253036,31.465596996774696],[74.64767836327647,31.46558516708203],[74.64795880024018,31.46503234508017],[74.64806332551169,31.464775211539536],[74.64821243057747,31.464408411295377],[74.64835038216073,31.46396284684423],[74.64835130023893,31.463960679932285],[74.64850834435369,31.46369656684153],[74.64851571978372,31.46368416301713],[74.64853178884752,31.463661614957054],[74.64862785917558,31.463526812277966],[74.64869661353246,31.463430338225656],[74.64917721400609,31.46279425568981],[74.64928115740177,31.462527896455157],[74.64932457634025,31.462416633636145],[74.64935723099914,31.462332953251536],[74.6495239466378,31.461884569845054],[74.64961666624984,31.46169726018013],[74.64963775260514,31.461654662275762],[74.64969774639074,31.461533464965754],[74.64984228801491,31.461171719283854],[74.64996022782856,31.4608358112732],[74.64998997643751,31.460780126351004],[74.65005439131832,31.46065955360205],[74.65014820838661,31.460483945393523],[74.65026255878016,31.460284493215443],[74.65040091795075,31.460043164461986],[74.65049104412658,31.459914533459237],[74.65080080479612,31.459472431860526],[74.65102158104855,31.459179845189315],[74.65105243189035,31.459132940786056],[74.65110743573518,31.45904931570395],[74.65111377155289,31.459039682860872],[74.65117265770844,31.458950153467857],[74.65137625029575,31.458640615163134],[74.65149594182422,31.45845863538208],[74.65168155981307,31.4581328432965],[74.65181159005212,31.457904617280814],[74.65213787343467,31.457301197843748],[74.65219603755267,31.457157833441055],[74.65232558719309,31.45683851200687],[74.65245174838822,31.45652754134001],[74.65266719673268,31.456161993871],[74.65288265495865,31.455770131707933],[74.65294381944972,31.455658890675444],[74.65310429449207,31.45532069922446],[74.65315483550657,31.455037227075113],[74.65315257265038,31.454922978943063],[74.65314584157396,31.45458304837296],[74.65314421113169,31.454500676746477],[74.65304668283795,31.454430144580435],[74.65304090874771,31.4544259689266],[74.65299089296721,31.45438979897133],[74.65288419433294,31.454312635325202],[74.65279846485019,31.454250636411015],[74.65268425124836,31.45408850716967],[74.65266222186264,31.454057236891963],[74.6526078657031,31.453980076521347],[74.65208335827334,31.45314226743929],[74.6519793432449,31.452976120738334],[74.65128079980522,31.451988119972494],[74.65088097853689,31.451972905967466],[74.65027547540782,31.45206635944697],[74.64968416925353,31.451963736028013],[74.64925154959587,31.451889235409254],[74.64871812728522,31.451831742750027],[74.64858079553952,31.451816941007326],[74.64841911046648,31.45179951380108],[74.6478859810066,31.451753893143938],[74.64771698993536,31.451739432407894],[74.64706363804271,31.451566873583158],[74.64632075735386,31.451338066010504],[74.64607253936614,31.45125368985363],[74.64592506564088,31.45121003842221],[74.64572326180726,31.451150304569136],[74.64530394979221,31.451062872078072],[74.64501495188381,31.451005090001182],[74.64463996274488,31.45093969888599],[74.64428901881115,31.45081586724394],[74.64409921287645,31.45074889349868],[74.64374109140361,31.45052390568929],[74.64310196613009,31.450155251006937],[74.64257285663113,31.44984498695077],[74.64254023071832,31.44982585501434],[74.64222439923411,31.449640652456626],[74.64183694956385,31.449379352902774],[74.64138585425572,31.44907513053136],[74.64094886519251,31.448744487706264],[74.64070599846892,31.448537743672098],[74.64046939839275,31.448369065173285],[74.64018037083997,31.448163008505546],[74.6398958752878,31.44777538154469],[74.63969025990244,31.447493400907824],[74.63946023369755,31.447129161634134],[74.63938450841401,31.44700925261938],[74.63907876141718,31.446525102595448],[74.63901567093814,31.446325468727185],[74.63893333854573,31.446064950832547],[74.63890352974964,31.44595589012754],[74.63879438084938,31.44555152537656],[74.63878971410145,31.445534237253337],[74.63876595905211,31.445446230096017],[74.63871642594732,31.445262721027937],[74.63870176364527,31.445061090324767],[74.63868105657964,31.444776326414583],[74.63859514440082,31.44437808390116],[74.63861704802238,31.444196212063208],[74.63862177765236,31.444156933469262],[74.6386304625645,31.44409513964168],[74.63867288730046,31.443793252959363],[74.63868746066932,31.44368955288191],[74.63879212158645,31.44336657347765],[74.63896861448862,31.442856647980612],[74.6391836109805,31.442272924205827],[74.63925417364608,31.44208134011919],[74.63929688135131,31.44195842643004],[74.63935647648559,31.441739200891007],[74.63939802356748,31.44158636657257],[74.63939818288283,31.44158565742968],[74.63951522227099,31.441064692868455],[74.63977848075154,31.4406848471816],[74.64014554585137,31.44039920544216],[74.64058622070219,31.440325767860493],[74.64096653415582,31.44022230383815],[74.6410824770146,31.43995008703165],[74.6412708672044,31.43960749242499],[74.6415473650556,31.439409819689963],[74.64193008329923,31.43933947620244],[74.64219449162333,31.439242205435153],[74.64221974955419,31.439182900055016],[74.64231042819391,31.438969987314778],[74.64228151232324,31.438572508028617],[74.64225259465594,31.438175029356074],[74.64230817342256,31.43787278713171],[74.64256775689525,31.437709269100232],[74.64295408187475,31.43768860715165],[74.64311708297969,31.43753025391221],[74.64304953146696,31.437134840246053],[74.64302181664384,31.436753923219865],[74.64329107137888,31.436456877608986],[74.64359150843407,31.436315936282273],[74.64371220068577,31.436259317797074],[74.64389110646282,31.436175390238073],[74.64442957461038,31.435847314006374],[74.6449112961815,31.43553889651402],[74.64541474081283,31.43526256779234],[74.64580349304023,31.435009000932528],[74.64582680971175,31.434982799097018],[74.64589085157554,31.43491083118602],[74.64594293492851,31.434852301813372],[74.64594310868635,31.434852106549403],[74.64603651422831,31.4347471401412],[74.6460697339275,31.434499202418408],[74.64608531251118,31.434382928737694],[74.64609933880602,31.43427824788686],[74.64617662805641,31.434008093276216],[74.646498962445,31.433907714262578],[74.64684663830772,31.43388910717744],[74.64685387244072,31.433883350906708],[74.64687494976022,31.433866579929614],[74.64693008226071,31.433822711642538],[74.64696059858467,31.433798430159776],[74.64704825798671,31.433728680316868],[74.64721970864522,31.433420233625675],[74.64742224840792,31.433327832667],[74.64742614868402,31.43332605331639],[74.6474312196738,31.43331789024689],[74.6475249660602,31.43316694001691],[74.64756499588759,31.4331024815319],[74.64763745669337,31.43276608196203],[74.64764467735161,31.432600267811868],[74.6476519707734,31.432432782414455],[74.64768336060438,31.432417156693518],[74.64771381553227,31.43240199673002],[74.64789987349693,31.43230938012747],[74.64791394286644,31.43230237662613],[74.64797475611626,31.43226507596745],[74.64811516369346,31.4321789541903],[74.64821092410274,31.43212021767947],[74.64841778545146,31.431919223253193],[74.64850067030774,31.431838688158926],[74.64878516406328,31.431711511569233],[74.64892453767962,31.43163492683352],[74.64913566961916,31.431505422106184],[74.6494435204704,31.43120629643809],[74.64969074492141,31.431088614438337],[74.64981805166806,31.43102801539103],[74.64983707059973,31.431018962224794],[74.65013163177468,31.430803676233875],[74.65016505077789,31.43076820995174],[74.6502225924854,31.43070714318618],[74.65052760466035,31.430383444514696],[74.65058321486799,31.430348553765565],[74.65071564271054,31.430265467908583],[74.65088437057543,31.430159606631708],[74.65099116858458,31.43009260049324],[74.6510891622057,31.429986636308524],[74.6513147031224,31.42974275005576],[74.6516647873684,31.429491234028],[74.65199555603915,31.42924075135938],[74.6523565054085,31.428872268199722],[74.65244834736653,31.428794908490033],[74.65263053289267,31.428641449044182],[74.6526936563818,31.42859394906481],[74.65278051022261,31.428528592163516],[74.65292940059106,31.42841655302976],[74.65303493377235,31.428337139420535],[74.65348157792823,31.428080444789995],[74.65370230340274,31.42795448589206],[74.65383527070674,31.4278786069519],[74.65383531652083,31.427878563259693],[74.65383533808038,31.427878542563377],[74.65383535963996,31.427878521100574],[74.6539906505048,31.427727611170475],[74.65407066434547,31.427649853452976],[74.65407082853108,31.427648959850917],[74.65412619729803,31.427347607953916],[74.65435917446862,31.427085731128102],[74.65438015213614,31.427013981400872],[74.6543838880204,31.427001203589597],[74.65446782031235,31.426714133481518],[74.65451245310727,31.426528985665755],[74.65455393191718,31.426356922363183],[74.6545571487842,31.426343570727646],[74.65461026526866,31.426008201672083],[74.65450114597921,31.425822758406145],[74.65448154477326,31.42578944704876],[74.65444490608608,31.425771186364717],[74.65430301535902,31.425721695427995],[74.65394033047585,31.425595192343717],[74.65359872542781,31.42543060885511],[74.65349309555553,31.425464479341798],[74.65339612029696,31.42549557470463],[74.65316295987002,31.425570337769493],[74.65275857336339,31.425874647174165],[74.65263652645224,31.425968689325117],[74.65238120804727,31.426165420221835],[74.65231797037775,31.42621414684393],[74.65225111332002,31.426247432756316],[74.65201151910176,31.426366718773806],[74.65193067776319,31.42641831153331],[74.65192349857693,31.426422893273745],[74.65191478491869,31.426414879078862],[74.65190633895838,31.42641908432744],[74.65154300725692,31.426222405583356],[74.65117780705961,31.42592816665409],[74.65090447487147,31.425707942372185],[74.65021887795172,31.425079613423286],[74.64957674242368,31.42451545953777],[74.64948289093435,31.424471262894052],[74.64897442741555,31.424231812941105],[74.64881607688882,31.424143779648823],[74.64860008865688,31.424023701712443],[74.64842885179743,31.423928502401665],[74.64809693058812,31.423630375157945],[74.64790043622419,31.423360880886374],[74.64786103928276,31.423306847529783],[74.6478169212225,31.423246339288816],[74.64753810661621,31.42291210211296],[74.64744042547122,31.42279500377716],[74.64739207917854,31.42273704714269],[74.64717724797669,31.422449277129992],[74.64715570100032,31.42239105759896],[74.64713412345316,31.422332755466215],[74.64698416858107,31.421927577415175],[74.64675849291709,31.421490753109044],[74.64660635783383,31.42120591605721],[74.64657096600828,31.421139656306853],[74.64653402369053,31.42107048885073],[74.6462624665734,31.420802380535005],[74.64590175402247,31.42062293262331],[74.64590037544532,31.42062224680633],[74.64565657088058,31.420469034626358],[74.64565645382231,31.420463716602978],[74.64564816354782,31.420087084744992],[74.64567476535832,31.419653383415948],[74.64572793843661,31.419051999830714],[74.6456579776423,31.418623466003275],[74.64561560500867,31.418560871872018],[74.64539730630979,31.41823839080873],[74.64512214605007,31.417920595698348],[74.64450780709186,31.41773733172136],[74.64416624965452,31.417572720643488],[74.64398524451467,31.41721663229694],[74.6438670316132,31.41665767250444],[74.64357501356884,31.416108010856313],[74.64352890753688,31.416099639298753],[74.64351937102182,31.416097908256805],[74.64350195367516,31.416094745710414],[74.64348210409158,31.41609114153177],[74.64322137918083,31.416043800530797],[74.64260220099818,31.416060299867897],[74.64258971696948,31.416062840903972],[74.64208189557833,31.416166204369855],[74.64204818480964,31.416173065959285],[74.64173619452157,31.416312535748165],[74.64154646787287,31.416397349826937],[74.64154122057906,31.416399695540594],[74.64073489996656,31.416775340416983],[74.64032721394791,31.416997689276975],[74.64032014355521,31.417001545404798],[74.64019412314866,31.41707027578751],[74.63993223100567,31.41693464635505],[74.63990197193068,31.416916414348684],[74.63984429492253,31.416881662209676],[74.63972947855112,31.41681248088083],[74.63951401906263,31.41685975800474],[74.63943584084429,31.416876912233327],[74.63932874459442,31.416900411428067],[74.63927410995719,31.41696987327465],[74.63923986416563,31.417013411760323],[74.63915127702018,31.41712603728273],[74.63885186943429,31.41754106943997],[74.63876802766748,31.417589627355355],[74.63876420194738,31.417591843064777],[74.63853560406378,31.417724237973783],[74.6379818852176,31.41785889420081],[74.63765928492772,31.41793734462057],[74.63765652489859,31.41794248263033],[74.63758633434412,31.418073147828594],[74.63758319043662,31.418079000457915],[74.63753974880781,31.418159871645923],[74.63730998294835,31.41833870295695],[74.63730812719494,31.418340147326518],[74.6372645094963,31.41837409655005],[74.63702412489621,31.418362295139463],[74.63701385527753,31.418361790964127],[74.63677809332953,31.418350217487024],[74.63669128283543,31.418385515169497],[74.6366820292897,31.41838927767906],[74.6366806072566,31.418389855701044],[74.63644839634892,31.418484274862152],[74.63630732222174,31.418541636190575],[74.63613525442065,31.41859139428768],[74.63604864604748,31.418616440829677],[74.63581362700623,31.418684401926],[74.63545150623371,31.41877025782033],[74.6346899010611,31.41869457017499],[74.63438090395955,31.418711079011693],[74.63393190711595,31.41866856309753],[74.63375456123572,31.418696132261136],[74.63371671119806,31.41870201620882],[74.63368649995675,31.418706713197025],[74.63365230254898,31.41871202892241],[74.63360600372074,31.418719225721016],[74.6334140193715,31.419012123483142],[74.63327629685867,31.419518258307217],[74.63327382110172,31.419532010312096],[74.63325323257295,31.41964639319048],[74.63317960309978,31.420055453554763],[74.6329863458378,31.420597807938773],[74.63286312033698,31.421036664790115],[74.63282471915521,31.421126237235605],[74.6328040597003,31.421174429362214],[74.63271583164874,31.421380226604672],[74.63268075155452,31.421462053036585],[74.63261540271088,31.421621468301602],[74.63256369074884,31.421747618766712],[74.63249958471793,31.4219040043552],[74.63245158324072,31.422159267830416],[74.63240168182669,31.422424637129435],[74.6323298848759,31.422998382649748],[74.63231539325373,31.423113968272467],[74.63228879952807,31.423312254128604],[74.63224687874704,31.42371798348922],[74.63223106480477,31.42407971893786],[74.63215771107363,31.424316603606133],[74.63212704442958,31.424415637530362],[74.63208972118301,31.424536168083627],[74.63190592263238,31.4246488774967],[74.63187417941374,31.424668343153698],[74.63164423585384,31.424809347218368],[74.63153309449025,31.425147802101616],[74.63146590499858,31.425291978966712],[74.63143639264653,31.425355303727585],[74.63139806243169,31.425437553797128],[74.6313821227253,31.425471757245628],[74.63138069246423,31.425472093492335],[74.63121479597316,31.42551109486778],[74.6309768307729,31.4255670392103],[74.63097459031854,31.425567565929104],[74.63092460356458,31.425579317121432],[74.63053592230406,31.425566818544006],[74.62992955499573,31.425560226224068],[74.62986093448777,31.42556128252839],[74.62975190147017,31.42556296203689],[74.62942837185955,31.425751594258355],[74.62925752533164,31.425851205419224],[74.62917764945055,31.42593754516287],[74.62893391982698,31.426200998322138],[74.62856431518985,31.426985519473156],[74.62830097136937,31.42763136010553],[74.62829985117018,31.427633971679768],[74.62823618487106,31.427782448025642],[74.6281185675526,31.428056743733364],[74.62794285535817,31.428440117747456],[74.62788423033263,31.428568027545897],[74.62786598977797,31.428635039364107],[74.62774646200572,31.429074158321733],[74.62760142001996,31.429215035417656],[74.62758105334356,31.429234817475116],[74.62743880339394,31.429372984185424],[74.62743855006904,31.429373230237598],[74.6270805675257,31.42940638124248],[74.62701482822426,31.429412469036265],[74.62633761168775,31.429431977667655],[74.62528491643047,31.429621147790982],[74.62474988703377,31.42973186478041],[74.62427564034415,31.429828561333206],[74.62389763825576,31.429891245291124],[74.62338283869944,31.429976611617153],[74.62327608672415,31.429994313699094],[74.62243223809234,31.43012244385908],[74.62230113469181,31.429862134660215],[74.62225623387366,31.4297729829223],[74.62206057361826,31.42912894303247],[74.62202325849965,31.42900611277199],[74.62187029067815,31.42852307318631],[74.62166422883004,31.42755313472332],[74.62165347240284,31.427485479768144],[74.62162225594675,31.427289141302666],[74.62153317900315,31.426728874800006],[74.62149280602677,31.426474936552736],[74.62148599229792,31.426432079510334],[74.62123290544133,31.425348268326523],[74.6211257283431,31.424672322346588],[74.62112006177028,31.424656609478006],[74.62109327772012,31.424582343484335],[74.62102593629484,31.424395621243526],[74.62095550837654,31.424200337993877],[74.62093159163041,31.424134021334005],[74.62080054954333,31.423810434557296],[74.62064819471786,31.42343421949548],[74.62048836078121,31.423128009800596],[74.6204853804625,31.423122300109018],[74.62041344786613,31.422984491637393],[74.62031046410362,31.42278719166583],[74.6198713702877,31.42207906318016],[74.61960850077769,31.421394791543342],[74.61959969099968,31.421361615362464],[74.61959231936034,31.421333857484477],[74.61956210763222,31.421220095345134],[74.61954085648337,31.42114007423054],[74.61945555182078,31.420818859870394],[74.61939517245727,31.420591498141043],[74.61937165725809,31.420494011673803],[74.61929504354076,31.420176393622878],[74.61925659115504,31.420016981267736],[74.61890656080791,31.420002388380023],[74.61764991654013,31.42031874904326],[74.61668296008683,31.42061966340064],[74.61578353448503,31.421049978085325],[74.61535972999522,31.421355194461547],[74.61491452224547,31.421555268638244],[74.61464622511454,31.421675840346857],[74.61388449238113,31.421866044134703],[74.61373522831352,31.421919126652863],[74.61327966119194,31.42208113983804],[74.61253363819624,31.422220621539672],[74.61157876318521,31.422421095555208],[74.6108821520217,31.422707568614296],[74.61086902648654,31.422716581241556],[74.61086420817391,31.422719889728054],[74.61062678973252,31.422882921069007],[74.61060055894308,31.42290093315127],[74.6103834684614,31.423050004212357],[74.60978341541119,31.42333133015226],[74.60901721984747,31.4236292973681],[74.60893293092437,31.423660077999667],[74.60882316488149,31.42329949001673],[74.6087405809608,31.42290158169878],[74.60874192394212,31.422094339531593],[74.60828748690115,31.421758198664975],[74.60808292973117,31.421606888695468],[74.60796657828078,31.421520824082783],[74.60780268141367,31.421399590352223],[74.60766395907594,31.42129697704664],[74.60751043364529,31.42107403340662],[74.60743520578376,31.42096479044141],[74.60713370063168,31.420526953585075],[74.60666224051609,31.42031726262191],[74.60558853635926,31.420108302520084],[74.60557430524851,31.420096176544565],[74.60553700305974,31.4200643917662],[74.605432933779,31.419975715494598],[74.6054165488647,31.419945306345205],[74.60536144584869,31.41984303935657],[74.60528536393402,31.41970183464244],[74.60511158124906,31.41973138694227],[74.6046462090161,31.419810521899194],[74.60442951650494,31.41984736908837],[74.60434782011974,31.419861262098532],[74.60399442827686,31.41997400982177],[74.60375910380841,31.420049088525772],[74.60314642493688,31.420410354407043],[74.6030367228988,31.42044238618842],[74.60281760673631,31.420506365683575],[74.60278209161383,31.420516735706403],[74.60276440558252,31.42052563811664],[74.60276196845315,31.420522611619223],[74.60275319281115,31.420525172796502],[74.60246003210975,31.420509456933313],[74.60231938019076,31.420078689011557],[74.60178535061898,31.420013170528026],[74.60165529073552,31.419960536155592],[74.60161119588544,31.419942691172253],[74.60140932212926,31.41986099379016],[74.60151743167874,31.41958916861798],[74.60194844425037,31.418987142974604],[74.60216713012314,31.41870188588601],[74.60233016356743,31.418483597181837],[74.60246472131553,31.418302323653048],[74.60269333087724,31.417930179872325],[74.60285950393344,31.417451794850347],[74.60285504081818,31.417390065135102],[74.60283877620658,31.41716510795051],[74.60282455857056,31.416968451196286],[74.60281630561043,31.416919235497193],[74.60274937886794,31.41652012458806],[74.6027283058845,31.416394457967098],[74.60265426673878,31.415998936762467],[74.60265356784952,31.415995199455697],[74.60261409138432,31.41578431928634],[74.60260936534763,31.41575906499834],[74.60259694164725,31.415755551537696],[74.60248409617955,31.415723632934007],[74.60223673248969,31.415653665722186],[74.60176756128139,31.415625894552498],[74.60154023181897,31.415612438660823],[74.60077381180058,31.415528971477734],[74.6007676267757,31.415528297895897],[74.60076499969736,31.415528657731038],[74.60020740592351,31.415605032246503],[74.59991145685144,31.415691442166032],[74.59975748651009,31.415736398076888],[74.59942097490972,31.415834650750895],[74.59862552660708,31.415939529283627],[74.59806304918688,31.415985070012105],[74.59762151841747,31.416020815868485],[74.59750057086836,31.416030607652026],[74.59745573389034,31.416041079631423],[74.59698008429777,31.416152170810065],[74.59689532196252,31.41617145067917],[74.5966209728815,31.416233855515237],[74.59660883836449,31.41620701888411],[74.59660253846164,31.416193086053596],[74.59660060926204,31.416188819446376],[74.59647405970499,31.41590894314154],[74.59646892942641,31.415897597816933],[74.59646105659124,31.415788603207798],[74.59642613458458,31.415305109923434],[74.59639701659296,31.414649290174143],[74.59629839235456,31.41429454231816],[74.59627991850071,31.41410885250008],[74.59624983302356,31.413806439930728],[74.59623178856442,31.413625062299356],[74.59621580484057,31.413526822644112],[74.59620901178042,31.413480475742254],[74.59620774695247,31.41347729645464],[74.59618171174765,31.413317271897192],[74.59616614776833,31.413221608393847],[74.59603104488153,31.413000819622706],[74.59589714815479,31.4127820019908],[74.59589620672038,31.4127813534021],[74.59547466418847,31.412491412342153],[74.5953371541794,31.41223360435418],[74.59527305439093,31.412113428102217],[74.59526358884278,31.41209568301691],[74.5951593638484,31.411983453286084],[74.59498655020577,31.411797367129797],[74.59468007467527,31.411344097449753],[74.59467460795314,31.411336012378055],[74.59464982300976,31.411299356400363],[74.59456667135379,31.41117637552113],[74.59433274017235,31.410830391362982],[74.59423637879013,31.41050682648429],[74.59422528998627,31.41010047493739],[74.59426890678657,31.409440792302842],[74.59433891788655,31.4083884206793],[74.59416888476959,31.40780269130583],[74.59398045505388,31.407602078710713],[74.59385823547136,31.407471956715117],[74.59383282322516,31.407444901376525],[74.5933185197587,31.406893107224626],[74.59331149762811,31.406885268469047],[74.59302530066678,31.40656582635477],[74.59274293322353,31.40625065447603],[74.59235364290527,31.40566091565867],[74.59226853651526,31.40545740030921],[74.59215514846517,31.405186256414513],[74.59208796792147,31.404942972119045],[74.59203162113043,31.404738920639172],[74.59185936019155,31.404122005759163],[74.59169722213484,31.403755594087833],[74.59166312142109,31.403678530752003],[74.59163226698604,31.40362045341272],[74.59128302715641,31.40296308982967],[74.5912364827466,31.402827590283735],[74.59115630900578,31.402594197506183],[74.59109822214289,31.40242509744474],[74.59098836986175,31.401884218258097],[74.59098163609036,31.401860490646737],[74.59095531185929,31.40180454296127],[74.5905754960723,31.400997256501828],[74.59034986995201,31.400874931924168],[74.59023366914042,31.400811932945228],[74.59007571600466,31.400778192000743],[74.59003418655347,31.40076932074345],[74.58988154122711,31.400736713865946],[74.58950691590587,31.400349659872273],[74.58923330613834,31.400098105664245],[74.588837134725,31.399665238944657],[74.58801690010706,31.398858989157144],[74.5880152166642,31.398857335240606],[74.58794157637047,31.398784949335035],[74.58785515754184,31.3987000029423],[74.58751802790053,31.398326605184295],[74.58724780298495,31.39812182332423],[74.58721150925085,31.39799035462211],[74.58716659697626,31.397827666332905],[74.58712430888792,31.39767448378292],[74.58706302222596,31.39747111827346],[74.58698039069456,31.39719692482398],[74.58693826509764,31.396975054288053],[74.58689212852295,31.396732062920034],[74.58682993725753,31.39626760894586],[74.58681672663295,31.39616895315563],[74.5867735122779,31.39584622413789],[74.58677098828436,31.39583472684092],[74.58666482780662,31.39535114456669],[74.58666585670868,31.3952922915192],[74.58666812821698,31.395162361576077],[74.58667195054849,31.394943828708747],[74.58674166071285,31.3943923291265],[74.58674429547162,31.394351533636158],[74.58677843863892,31.39382279021113],[74.58679338301197,31.39359136108207],[74.58677566643794,31.393401704988488],[74.58671337096793,31.392734777414013],[74.58670377246915,31.392601660943903],[74.5866643382248,31.39205474700591],[74.58666278054609,31.392033146376992],[74.58659270207247,31.391567321075794],[74.58654785547853,31.391285593927186],[74.5865259958744,31.391148270873547],[74.58648720123053,31.390817304151145],[74.58647859087851,31.390743849215408],[74.5864567943497,31.390441533776922],[74.58645273556803,31.390385238925013],[74.58644702713586,31.390229727336667],[74.58644239775573,31.390103611752945],[74.58643381345487,31.389869745639963],[74.58634979492467,31.389463440474874],[74.58632176569117,31.3893278907693],[74.58625773108278,31.389048773384296],[74.586227843235,31.388918498229327],[74.58621533868622,31.388863993708398],[74.586197382262,31.388769406710463],[74.58612708998932,31.388399133489774],[74.58612367998451,31.388313127111022],[74.58611935100316,31.388203956295555],[74.58611833082685,31.3881782223895],[74.58610479829555,31.387836864835894],[74.5862096379774,31.38746407263708],[74.58622097381797,31.387423763393613],[74.58622195690307,31.38742026767208],[74.58633512813104,31.38701784564779],[74.5863371475438,31.387010663201607],[74.58634876904863,31.386665715722064],[74.58633526916654,31.3863936724586],[74.5863084894896,31.385853978518455],[74.58630595264724,31.38584563953824],[74.5861429961342,31.385310209571216],[74.58606941455481,31.385068440881565],[74.58606627045134,31.38504201880562],[74.58603243533874,31.38475772457924],[74.58602313874127,31.384679611377173],[74.5858238424142,31.38410639309023],[74.58578593409894,31.383997360777123],[74.58575906728541,31.383920086767706],[74.58572392429319,31.383819006902268],[74.58571198298812,31.38376816592438],[74.58570433742675,31.383735612959747],[74.58570224599944,31.383726708237283],[74.58557643439825,31.383191037029942],[74.58551720667495,31.38293886090895],[74.58551333942765,31.3829223979283],[74.58531624546104,31.38221288957267],[74.58487316402359,31.380874724055936],[74.58463953916765,31.38041757629706],[74.58456182431759,31.380322242931605],[74.58446316394473,31.380201215542705],[74.58441939892242,31.380147529634783],[74.58398679273948,31.37996700879948],[74.5839013243284,31.379926226982377],[74.58351858988767,31.379743603578326],[74.58351447203783,31.379741638728355],[74.583492000681,31.379429802651078],[74.58348266974441,31.379062018914485],[74.5834820868735,31.37903904475352],[74.58347125049625,31.379034183958034],[74.58257717436193,31.378633147523818],[74.58202992338582,31.378380443786803],[74.58138956023383,31.378101372095006],[74.58133336252797,31.378078489006263],[74.5806753852099,31.3778105592739],[74.58063054849744,31.377709770406696],[74.58061685922935,31.377678998455313],[74.58056654982167,31.377565908505048],[74.58055969208279,31.377542025961603],[74.58050292033506,31.37734433454772],[74.58047425316836,31.37724450931872],[74.58046915088529,31.37722674207369],[74.58002810656737,31.37704969358434],[74.57984921991446,31.376977883087356],[74.57975437219352,31.376941967779086],[74.57930535379032,31.376771942595433],[74.57898518254494,31.376632400245935],[74.57885525561215,31.376582510996723],[74.57873320690442,31.3765356481032],[74.57859119583439,31.37648111798962],[74.57822306892591,31.37618928087364],[74.57816556686625,31.37614369629385],[74.57815512469834,31.376122564353473],[74.57803744464884,31.375884413826466],[74.57812066367846,31.375520022994497],[74.57845156619823,31.375048596734747],[74.57841596027004,31.375011619851758],[74.57841214812355,31.37500766092408],[74.57829383550903,31.37488479279508],[74.57743655706375,31.374632850542458],[74.5768698342055,31.37461592822809],[74.57623041877613,31.374602853774725],[74.57558427047374,31.374496224855484],[74.57499264362087,31.37438670588407],[74.57476180264402,31.37432891798001],[74.5745902378995,31.374285969332604],[74.57452822629709,31.374270445138077],[74.57407054094806,31.37424773368406],[74.57348228187917,31.37418498187434],[74.57307014291166,31.3740346451859],[74.57268649850496,31.373773238522023],[74.57226651185512,31.373513755468775],[74.5722199485807,31.3734375864827],[74.57210115189203,31.373243258000866],[74.57199774310864,31.37307410116567],[74.57196130744073,31.372913680762718],[74.57193660017712,31.372804900082254],[74.57186426513552,31.372486421155987],[74.57183667870923,31.37235541544868],[74.57175344536883,31.371960147046824],[74.57171277594097,31.371838936995058],[74.57161413283791,31.37154493865529],[74.57133524279736,31.371463249734585],[74.5712973545294,31.371452151985412],[74.57107928939249,31.371463697497667],[74.57106538029909,31.371469495270652],[74.57101277004402,31.37149142497569],[74.57095239427376,31.37151659223186],[74.5709202459743,31.37152999222941],[74.57088319704741,31.37154543489786],[74.57077820914354,31.371589197039984],[74.57038603523323,31.371969936864346],[74.5702139368894,31.372086781064905],[74.57002344792839,31.37221611287047],[74.56998600914898,31.37224153179718],[74.56997566648651,31.372244249123597],[74.56993324300751,31.37225539503893],[74.56988917794789,31.372281865196474],[74.5698252960531,31.372283758113095],[74.56978401813214,31.372294603418712],[74.56953842445701,31.372359130371695],[74.56909780260678,31.37231984777333],[74.56865718075653,31.372280562090552],[74.5680985571089,31.372122310901435],[74.56753881595705,31.371948465071938],[74.56752750052023,31.371927954322036],[74.56728712777738,31.371492246422484],[74.56680928782659,31.37118885363548],[74.56630182952262,31.370980934647726],[74.56594759416168,31.370874464988407],[74.56560568458475,31.370939506188158],[74.56545786141486,31.370973106699747],[74.56525358901084,31.37101953824885],[74.56524672139047,31.37102109831537],[74.56494350521986,31.370932931126514],[74.56483685066907,31.37090191882297],[74.56457123680586,31.370759455470093],[74.56424122541486,31.370561386089378],[74.56373246006214,31.370256026775515],[74.56307067837885,31.36993104576148],[74.56212400318972,31.369448962276426],[74.56164705436771,31.369411573737008],[74.56121342590198,31.369215382988727],[74.56078157520217,31.36901641832016],[74.56042110014326,31.368850336577417],[74.55927456058322,31.368378797853065],[74.55876265921182,31.36810847881287],[74.5584210200278,31.367923068873946],[74.5581534550238,31.367793466244173],[74.55772181273315,31.367584388443657],[74.55721663255673,31.36740761569367],[74.556663653024,31.367327272213227],[74.55630832531169,31.367205184077935],[74.555687408889,31.36694061283571],[74.555148130461,31.366796936174424],[74.55500740847341,31.366775702513085],[74.55468713302349,31.36672737660578],[74.55426695233754,31.36671826429616],[74.55391610362524,31.366658537226776],[74.55351101822934,31.366351255320993],[74.55317750340876,31.366024543412856],[74.55256723112383,31.365399420745305],[74.55217138400234,31.364966440112983],[74.55180153682008,31.364641641774384],[74.5516530983042,31.36435210815455],[74.55165763030483,31.364140653279804],[74.55166149306054,31.363960389335926],[74.55164353124644,31.363786627358156],[74.5516218522037,31.363576901687633],[74.55159724914469,31.363264491898875],[74.55158856782577,31.363043332042967],[74.55157988560856,31.36282217089966],[74.55139287343437,31.362503372029106],[74.55137968347107,31.36248016604324],[74.55114240876011,31.36206271275193],[74.55094248599869,31.36181295295513],[74.55084190522962,31.361687299984318],[74.55074128044303,31.361301336153932],[74.55052253982639,31.36114939044503],[74.55051625066773,31.361145021751707],[74.55051094162442,31.361141332888256],[74.55038414852163,31.36098292984267],[74.55031398420174,31.360895273324143],[74.55027054347124,31.36084100107784],[74.5501394568134,31.36028448399157],[74.55012658130163,31.36017590717097],[74.55011960395709,31.360117068508927],[74.55009334628988,31.3598956424351],[74.55012467593372,31.359314901194157],[74.55010126404076,31.359083027281393],[74.55006180105035,31.35869217787078],[74.5501502779193,31.35838217971237],[74.55016654820572,31.358325170544013],[74.55022775042603,31.358110734970708],[74.55026588750312,31.357977110710273],[74.5503618545249,31.357667939432872],[74.55039923971212,31.35754749493006],[74.55060079830565,31.357051674993002],[74.55060712603851,31.357050390853605],[74.55066542743852,31.35703856182744],[74.55066755138222,31.35703813089121],[74.55067196515601,31.357037235361332],[74.55074371218252,31.35702267829317],[74.55087512223385,31.356996015896513],[74.55112212839428,31.35694589913122],[74.55184443856139,31.356845161529254],[74.55189710588819,31.356837574043652],[74.55253040918035,31.35674633929514],[74.5528440433854,31.356541966171786],[74.55301120279177,31.3563296752186],[74.55296844208593,31.35611858278829],[74.5529547400829,31.35605093924613],[74.55287008913874,31.35584817172389],[74.55275655735818,31.35557622103829],[74.55262878548376,31.355370767565176],[74.55256772070567,31.355272578192086],[74.55242671934205,31.35504585322399],[74.5522760601908,31.354725136248057],[74.55226992110416,31.354699587836237],[74.55225854214446,31.35468135244586],[74.55221131321838,31.35445567318411],[74.55219870536338,31.35440320074301],[74.5521980765427,31.35440058252849],[74.55197138757903,31.354036926930984],[74.5518270261331,31.35389934090753],[74.5340147,31.3566933],[74.5332718,31.3568099],[74.526545,31.357865],[74.5209334,31.3553145],[74.5158092,31.3529856],[74.515434,31.352815],[74.504828,31.348775],[74.497253,31.34524],[74.493718,31.358371],[74.4936594,31.3584296],[74.488667,31.363421],[74.481597,31.363926],[74.471496,31.363926],[74.4709716,31.3624837],[74.4685878,31.3559278],[74.4682856,31.3550968],[74.467456,31.352815],[74.4581795,31.3519316],[74.45685,31.351805],[74.4565081,31.3506652],[74.455335,31.346755],[74.4518,31.330089],[74.4493168,31.3293953],[74.4462269,31.3312099],[74.4427293,31.3325296],[74.4402187,31.3353154],[74.438073,31.338651],[74.4361203,31.3418032],[74.4341462,31.3414734],[74.430949,31.340612],[74.4257134,31.3364701],[74.4225162,31.3347106],[74.4192331,31.3328228],[74.4164007,31.3315215],[74.4136327,31.3300552],[74.411577,31.3353399],[74.409796,31.3426157],[74.4105685,31.3477653],[74.4100106,31.3501659],[74.4093025,31.3559381],[74.4096029,31.3585583],[74.4067276,31.3672065],[74.4048178,31.3723914],[74.4038308,31.3739853],[74.4012988,31.37884],[74.3998396,31.3815329],[74.3998396,31.3858927],[74.4011271,31.3892449],[74.4015133,31.3937691],[74.4015992,31.3968462],[74.4009778,31.401175],[74.406235,31.4019991],[74.4076941,31.4023288],[74.4106982,31.4025303],[74.4130371,31.4023654],[74.4144103,31.4024753],[74.417393,31.4042701],[74.4184015,31.4050394],[74.4216416,31.408171],[74.4223926,31.4096361],[74.4228432,31.4110829],[74.4230363,31.4123648],[74.4235513,31.4135734],[74.4247744,31.4141594],[74.4278858,31.414251],[74.4293234,31.414251],[74.4328639,31.4151849],[74.4339154,31.4163752],[74.4340227,31.4189205],[74.4330785,31.4214658],[74.4329069,31.4225461],[74.4326065,31.4268491],[74.4315981,31.4275963],[74.4284867,31.4279625],[74.4267916,31.4287315],[74.426341,31.4332905],[74.4269418,31.435872],[74.4264268,31.4371536],[74.4259118,31.4381971],[74.4255685,31.4391125],[74.4244527,31.4416206],[74.4249462,31.4440188],[74.4249232,31.4471012],[74.4239576,31.448767],[74.424258,31.4505244],[74.4236787,31.4522084],[74.4227345,31.452959],[74.4221552,31.4535996],[74.4224556,31.4549908],[74.4231852,31.4576815],[74.4221337,31.4586882],[74.4222625,31.4614703],[74.4224556,31.4627332],[74.4237645,31.463685],[74.425052,31.4658081],[74.4262536,31.466229],[74.4276269,31.4665219],[74.428571,31.4671259],[74.4300516,31.4687913],[74.4292791,31.4699809],[74.42782,31.4693221],[74.4261249,31.4694136],[74.4243653,31.4695417],[74.4233139,31.4676932],[74.4229491,31.4674004],[74.4150831,31.4692012],[74.4148955,31.4685612],[74.4146325,31.4676638],[74.4144903,31.4673489],[74.4127249,31.4676676],[74.412003,31.4677494],[74.411975,31.4676175],[74.4100899,31.467921],[74.4089909,31.4681212],[74.4090748,31.4684752],[74.4057466,31.4690904],[74.4019724,31.4698737],[74.4000198,31.4699836],[74.3964793,31.469526],[74.3956731,31.4692263],[74.3944802,31.4687828],[74.3932177,31.4683135],[74.3926169,31.469192],[74.3894841,31.4699607],[74.3873598,31.4699973],[74.3745066,31.4656963],[74.3713094,31.4727059],[74.370258,31.4749752],[74.3696357,31.4749752],[74.368992,31.4761098],[74.3678977,31.4808678],[74.3642069,31.4848936],[74.3603875,31.4871077],[74.3530484,31.4895153],[74.348277,31.4937005],[74.3474914,31.4944998],[74.3360853,31.5057434],[74.3376446,31.5076291],[74.3392324,31.508928],[74.3420648,31.5126416],[74.349339,31.5259764],[74.3522358,31.5330363],[74.3483519,31.5341153],[74.3454122,31.5349383],[74.3412038,31.5356966],[74.3405773,31.5360432],[74.3398955,31.536501],[74.3387441,31.5373132],[74.3347925,31.5393124],[74.3327355,31.5413576],[74.3322123,31.5422188],[74.330047,31.5424956],[74.3280803,31.5426494],[74.328369,31.5443871],[74.3277194,31.5445716],[74.3227754,31.5448176],[74.3228296,31.5474471],[74.3211793,31.5479083],[74.3199562,31.5479815],[74.3199133,31.5505415],[74.3186231,31.5507119],[74.3183898,31.5507427],[74.3181752,31.5503221],[74.3151497,31.5487495],[74.317553,31.5426234],[74.3160938,31.5421297],[74.3141412,31.5419468],[74.3139266,31.5412519],[74.3136477,31.5400083],[74.3108152,31.5400997],[74.3068885,31.5403192],[74.306116,31.5392768],[74.3045711,31.5340463],[74.3037128,31.530992],[74.3013739,31.5311566],[74.2988848,31.5308091],[74.2993354,31.5302604],[74.3000864,31.5301506],[74.3006014,31.5299312],[74.3022966,31.5300226],[74.3029617,31.5278827],[74.3019318,31.5276449],[74.301331,31.5273706],[74.3006014,31.5269865],[74.2993139,31.5263829],[74.2984127,31.5262914],[74.2971467,31.5255598],[74.2967819,31.5250294],[74.2955374,31.524627],[74.293692,31.5236575],[74.2900013,31.5223772],[74.2896365,31.5219016],[74.2887997,31.5220113],[74.2874264,31.5215175],[74.2874264,31.5208773],[74.2864179,31.5199078],[74.2853021,31.5204566],[74.2841219,31.5196151],[74.2842077,31.5181884],[74.2813034,31.5187024],[74.2789859,31.5184646],[74.2768831,31.5161232],[74.2772908,31.5151903],[74.2790074,31.5143671],[74.2773766,31.511989],[74.2786426,31.5112756],[74.2768187,31.5086778],[74.2796726,31.5084034],[74.2820973,31.502476],[74.2816734,31.5016969],[74.2790985,31.4986049],[74.2755151,31.4958239],[74.2858148,31.4930245],[74.2893982,31.4912131],[74.2893338,31.4885965],[74.2857933,31.4835645],[74.2836523,31.4812231],[74.2824631,31.4778295],[74.2805838,31.4751841],[74.2779874,31.4719815],[74.2771506,31.4694193],[74.2768073,31.4683761],[74.2760992,31.4650451],[74.2767858,31.4641666],[74.276421,31.4630135],[74.2753911,31.4610002],[74.2770433,31.4598104],[74.2788887,31.4569733],[74.2803049,31.4558202],[74.2823433,31.4545572],[74.2832017,31.4539714],[74.2847681,31.4530196],[74.2871928,31.452324],[74.2897248,31.4512257],[74.2920422,31.4505301],[74.2954754,31.4511342],[74.2967844,31.4521043],[74.2966127,31.4507864],[74.2961406,31.4491938],[74.2953467,31.4473815],[74.2940163,31.4471252],[74.2929434,31.4471252],[74.2904329,31.4475097],[74.2853474,31.4477842],[74.2832231,31.4475097],[74.2800903,31.4479856],[74.2765283,31.447949],[74.2701983,31.4474547],[74.2715287,31.4518847],[74.2681598,31.4538433],[74.2673837,31.4549455],[74.2669694,31.4560256],[74.2658751,31.4572336],[74.2647593,31.458039],[74.2613689,31.4584051],[74.2611329,31.4592471],[74.2599098,31.4596497],[74.2575066,31.4596314],[74.2535798,31.4596314],[74.2527,31.4604734],[74.2517988,31.4604551],[74.2501895,31.4596497],[74.2454473,31.4593203],[74.2444174,31.4592654],[74.2426793,31.4582953],[74.2419712,31.4579292],[74.2396752,31.4580024],[74.2364358,31.4573717],[74.2349553,31.4563649],[74.2317152,31.4542599],[74.2288398,31.4530884],[74.225471,31.4516972],[74.2236256,31.4501779],[74.222424,31.4470293],[74.2202941,31.4400447],[74.2175261,31.4403742],[74.2132131,31.4406854],[74.2098872,31.4412713],[74.2078487,31.4416191],[74.2028276,31.4450608],[74.2019693,31.4458846],[74.19727,31.4486488],[74.1948239,31.4485023],[74.1923348,31.4488135],[74.1881935,31.4485023],[74.1852752,31.4485023],[74.1829149,31.4496922],[74.1814343,31.4512298],[74.1791812,31.4530054],[74.1739456,31.4555864],[74.1736881,31.4570507],[74.1760913,31.4590824],[74.1763274,31.4608213],[74.1763274,31.4627248],[74.1751128,31.4641554],[74.1799935,31.467238],[74.1788323,31.4696893],[74.1763021,31.4750304],[74.1756405,31.476427],[74.182895,31.484165],[74.1831028,31.486312],[74.1837184,31.4926733],[74.1837184,31.4926734],[74.184346,31.499158],[74.1842028,31.5007333],[74.1840535,31.5023745],[74.1839573,31.5034327],[74.1833785,31.509798],[74.1851635,31.5112375],[74.188144,31.5136411],[74.1964702,31.5203557],[74.1983715,31.521889],[74.1995551,31.5232547],[74.204512,31.5289743],[74.2055818,31.5302086],[74.2058187,31.5304821],[74.2059058,31.5305825],[74.2165525,31.5428674],[74.2167542,31.5431],[74.2167541,31.5431],[74.2167713,31.5431199],[74.2208632,31.5478414],[74.223521,31.550908],[74.2240168,31.5513542],[74.2297537,31.5565174],[74.2322678,31.5587798],[74.2380305,31.563966],[74.2380306,31.563966],[74.2409344,31.5652728],[74.2477035,31.568319],[74.2448386,31.5775503],[74.2515929,31.5804192],[74.2510994,31.5816439],[74.250284,31.5838009],[74.2482026,31.5873836],[74.2483099,31.58912],[74.2465933,31.5902898],[74.2452414,31.5911306],[74.2447479,31.5916789],[74.242924,31.5919531],[74.2430528,31.5927208],[74.2427094,31.5935615],[74.2425592,31.5946582],[74.2426022,31.5954075],[74.240907,31.5961203],[74.2403491,31.5973814],[74.2408855,31.5982039],[74.2410787,31.5998304],[74.2422588,31.6004153],[74.2441257,31.603248],[74.2459925,31.6035587],[74.2468079,31.6042166],[74.2493184,31.604107],[74.2500265,31.6034125],[74.2509277,31.603577],[74.2510197,31.6025976],[74.2510565,31.6022063],[74.2521294,31.6020418],[74.2536743,31.6017677],[74.2552407,31.5984963],[74.2576654,31.5985328],[74.2600258,31.5998122],[74.2609485,31.6007991],[74.2600902,31.602718],[74.2594035,31.6046004],[74.2583735,31.6054456],[74.2579658,31.6080041],[74.2584594,31.6086071],[74.2587598,31.6106356],[74.2606266,31.6115493],[74.2606266,31.6131025],[74.2630084,31.6137421],[74.2651327,31.614071],[74.2675145,31.614473],[74.268008,31.6152039],[74.2664416,31.6170312],[74.2654975,31.6180545],[74.2651756,31.6188768],[74.265755,31.6198635],[74.2654975,31.6217089],[74.2653044,31.6265874],[74.26524,31.6274461],[74.2670854,31.6293097],[74.2706688,31.6272634],[74.27157,31.6269893],[74.2747887,31.6268249],[74.2764204,31.6276219],[74.2761629,31.6294855],[74.2765062,31.6299788],[74.2772143,31.6300336],[74.2773002,31.6310933],[74.2779654,31.6316414],[74.2791241,31.631751],[74.2792957,31.6328289],[74.2793172,31.6343453],[74.278888,31.6354049],[74.2790382,31.6363549],[74.2794674,31.6369577],[74.2810338,31.6378712],[74.2824286,31.6385288],[74.2818063,31.6399903],[74.2815488,31.6404653],[74.2820638,31.6411229],[74.2817744,31.6421266],[74.2816456,31.6426466],[74.2817186,31.6444488],[74.2817705,31.6464132],[74.2832844,31.6464484],[74.2849606,31.6472791],[74.2851537,31.6477723],[74.2856687,31.6485943],[74.2881363,31.6490875],[74.2882865,31.6477175],[74.2890375,31.6473521],[74.2891019,31.6468224],[74.2908829,31.6467493],[74.291591,31.6463292],[74.2922347,31.6469685],[74.2923635,31.6476809],[74.2924707,31.6481741],[74.2933291,31.6487587],[74.2933291,31.6496902],[74.2941659,31.6500738],[74.2945951,31.6508227],[74.2959683,31.650841],[74.2959683,31.6516082],[74.2965692,31.652558],[74.3008178,31.6527407],[74.3025344,31.6525763],[74.306268,31.6516265],[74.3053883,31.6495989],[74.3055599,31.6477723],[74.3073624,31.6467128],[74.3080705,31.6457629],[74.3080919,31.6434064],[74.3095081,31.642694],[74.3124693,31.6413056],[74.3163746,31.6406845],[74.3190139,31.639698],[74.3200868,31.6377981],[74.3206447,31.6357703],[74.3222015,31.6329291],[74.3221372,31.6312848],[74.3231242,31.6254017],[74.3325227,31.6286904],[74.3353765,31.6332031],[74.3384235,31.6398713],[74.3363636,31.6414606],[74.3361705,31.6438719],[74.3410455,31.6461855],[74.3443138,31.6486367],[74.358457,31.659244],[74.359492,31.6603282],[74.3630059,31.6640094],[74.3686134,31.6698839],[74.3686135,31.669884],[74.3686139,31.6698839],[74.368614,31.669884],[74.3727768,31.6684964],[74.37732,31.666982],[74.3839923,31.6605565],[74.390378,31.654407],[74.3958236,31.649895],[74.3981415,31.6479745],[74.4023903,31.6444541],[74.4073046,31.6403824],[74.4073048,31.6403822],[74.4159827,31.6459045],[74.4162025,31.6460444],[74.4179445,31.647153],[74.4193741,31.6485825],[74.4376808,31.6668883],[74.4377745,31.666982],[74.4508325,31.671819],[74.4482033,31.6748378],[74.4470654,31.6761442],[74.4453869,31.6780714],[74.4418084,31.68218],[74.4377745,31.6868115],[74.4382575,31.6926148],[74.4382575,31.692615],[74.438258,31.6926148],[74.438258,31.692615],[74.4469638,31.6897131],[74.4469639,31.689713],[74.4571195,31.690681],[74.4571196,31.6906812],[74.4591542,31.6942979],[74.4602083,31.6961717],[74.4608792,31.6973643],[74.4614725,31.698419],[74.4678683,31.7002464],[74.4691273,31.7006061],[74.4716295,31.701321],[74.4848439,31.71025],[74.4895235,31.713412],[74.4897563,31.7134238],[74.4904046,31.7130824],[74.4917901,31.712356],[74.4934121,31.711698],[74.4948868,31.7112383],[74.49518203596263,31.711132201191713],[74.49523381848857,31.71111311669964],[74.49644466304991,31.71058753929922],[74.49668966147567,31.71049011936426],[74.49676491244873,31.710457317928842],[74.49736354526247,31.710196372551778],[74.49819374309523,31.70988490113218],[74.49896800654051,31.709594409028874],[74.49932393691039,31.70946086925968],[74.49949238719582,31.709072983913796],[74.49992720682762,31.708071725590262],[74.50000245780065,31.707898443891896],[74.49988363984762,31.707830957098682],[74.49982715606454,31.707798875167526],[74.49926851175567,31.7074815691682],[74.49935698672101,31.70734400593511],[74.4993822717083,31.70730469216329],[74.50010638299756,31.706178815268096],[74.50030426299006,31.705871137075782],[74.50064634324687,31.705390737788843],[74.50130327043436,31.704468173026342],[74.5014710263221,31.704192319151982],[74.50157992638903,31.704013246259066],[74.50206843742706,31.703637543468545],[74.50224640715959,31.703502007556928],[74.5028026314071,31.703097812201932],[74.50318050144314,31.70285784146575],[74.50342357477925,31.702654272522466],[74.50338556616126,31.702362598832],[74.50312428924835,31.70199903712899],[74.503080453375,31.701938040370464],[74.50290034026224,31.701580370090884],[74.5026112974381,31.701140289198324],[74.5026036668905,31.701033446494783],[74.5025945815873,31.70090623434633],[74.50268470596647,31.70072533456932],[74.50267527036563,31.70067402108095],[74.50265866380639,31.700583709875648],[74.50262854598986,31.70041992428806],[74.5024603238765,31.699988219168628],[74.50242324321822,31.699850427067737],[74.50241975812126,31.69983747578925],[74.50236681015376,31.69964071114208],[74.50236302644974,31.699347250209797],[74.50256560463116,31.699057699294894],[74.5027967833746,31.698928166425652],[74.50277982683568,31.69889043874854],[74.50267427383109,31.698655587185353],[74.50246218301199,31.698265684152155],[74.50245681595531,31.698255817474838],[74.50245208846248,31.69825101194997],[74.50203090940775,31.697822880910227],[74.50198793490289,31.697790366963165],[74.50189545963258,31.697720400793187],[74.50174044365221,31.697603116520373],[74.50173036719188,31.697462009386474],[74.5017258190794,31.697398319251665],[74.50216479252106,31.697052380610945],[74.50211770163048,31.697002961513487],[74.50164499136505,31.696506880118804],[74.50171250124066,31.69646608224441],[74.5023364219443,31.69608903165332],[74.50225334785756,31.696031479916265],[74.50190281952973,31.695788642288512],[74.50205131292762,31.69569601506978],[74.5023138347048,31.69553225922324],[74.50239976395162,31.69548032810255],[74.50259501008368,31.695362333988335],[74.5026595450537,31.69532333303114],[74.50290809863841,31.69518020660186],[74.50293995237301,31.695161864032805],[74.50297199885802,31.695159169974364],[74.50298258461976,31.69515828005896],[74.50340085279247,31.695123115986842],[74.50343702794895,31.695113346233352],[74.50367041744627,31.69505030982074],[74.50419243833933,31.694905587007337],[74.50426537165895,31.69486949722505],[74.50444608664297,31.6947800725893],[74.50462368716789,31.69469218954194],[74.50517260631551,31.694443277187272],[74.50579413808418,31.69424930140597],[74.50678788140097,31.693977145625716],[74.50713044045982,31.693724323239994],[74.50737730468641,31.6935182592897],[74.50758280688407,31.69333410807857],[74.50779216914252,31.693131797000365],[74.50852717340291,31.692843779858784],[74.50901951755226,31.69252439103904],[74.50957610831243,31.69214291206845],[74.51024684889403,31.691916974986906],[74.51097204983974,31.69173223585905],[74.51152912479183,31.691444945108564],[74.51170337549907,31.691355400988677],[74.51251918232099,31.691034660989864],[74.5133707735322,31.690696469242607],[74.51461934464055,31.690146627937857],[74.51532542314884,31.68973707570713],[74.51550968198666,31.689630197578143],[74.51647822127147,31.689006887791052],[74.51702497997084,31.688728665729073],[74.51709200866405,31.688699297881026],[74.51755776896921,31.68849522318478],[74.51813105222396,31.688347756680347],[74.51878987306009,31.68819581135805],[74.51927295557883,31.688013749379234],[74.51948649590166,31.68793326997918],[74.51955901779287,31.687905938231086],[74.52010495488636,31.6876582779202],[74.52010785609211,31.687656961809743],[74.52076142897033,31.687431863819945],[74.52127151035496,31.687361106328726],[74.52127411546928,31.687361148370748],[74.52130881594714,31.687361702312725],[74.52170129043805,31.687367967589424],[74.52172834499946,31.687359073787153],[74.52202004504018,31.687263176606052],[74.52245484401077,31.68705432046744],[74.52246056464656,31.687051572519632],[74.52253465842544,31.687015981049704],[74.52262054803212,31.686991302540207],[74.52297211371429,31.68689028779162],[74.52297316833643,31.686890487301238],[74.52320631169536,31.686934465016687],[74.52345950275651,31.686982224217285],[74.52380584192609,31.687022814817364],[74.52411167695783,31.686977428347365],[74.52411170929719,31.686977388598372],[74.52411173534836,31.68697735725786],[74.52414101651516,31.68694113219024],[74.52428518475836,31.686762775077877],[74.52438187851722,31.686434682415953],[74.52473203373015,31.686049260804456],[74.52529723933384,31.685549788376576],[74.52545820844959,31.685350640304698],[74.52564424325674,31.685120479324507],[74.52590008434798,31.684792796703025],[74.5259430669377,31.684737743787117],[74.52612856455228,31.684469216355897],[74.5263008811867,31.68421976823781],[74.52678577560738,31.683797912343447],[74.52684043629581,31.683754931488053],[74.52686040045467,31.683739231614545],[74.52694879855311,31.68366971971259],[74.52719778649592,31.683473927882535],[74.52728357573235,31.68340646746092],[74.527438152828,31.683284915661666],[74.52756600465248,31.683184378736897],[74.5278796325693,31.682940180378374],[74.52831410545144,31.68260188880811],[74.52849876673449,31.68249084466928],[74.52857381378995,31.68244571589337],[74.5289560855709,31.68221583819887],[74.5290866476126,31.682171439332787],[74.52986293664684,31.681907449871876],[74.53007913598292,31.68183392622524],[74.53019597805529,31.68179998174776],[74.53033000759399,31.68176104542017],[74.53092996491588,31.68158674769724],[74.5309626676924,31.68157724698898],[74.53118926772284,31.681511414966025],[74.53119442315423,31.681508326592404],[74.53146467784018,31.681346421434775],[74.53165519331797,31.681232286731227],[74.53172427017005,31.68118774520676],[74.5319607337023,31.681015775551245],[74.53215058634937,31.680550639144638],[74.53224461660342,31.680282871705217],[74.53233676758191,31.68002045242855],[74.53235019649708,31.679982209485626],[74.53247298811159,31.679300344021257],[74.53247331958994,31.679282084722544],[74.53247493565914,31.67919297455348],[74.53248684731977,31.678536092402823],[74.53253362978316,31.67853363844315],[74.53272173658834,31.6785237704303],[74.53313686286948,31.678501993060404],[74.53376992631146,31.678392299431174],[74.53382635847763,31.678382521036205],[74.53386610892895,31.67837563311919],[74.5342840608596,31.678319874509743],[74.53441033887079,31.67830302786832],[74.53441624798873,31.67829313937951],[74.53460714900427,31.67797367644064],[74.5346096202351,31.677969540964146],[74.5346944086215,31.6777154785623],[74.53489366517866,31.67762812792224],[74.53496074922175,31.677598719434073],[74.53508079738141,31.67735748939636],[74.53507165971833,31.676990888443417],[74.53490694822109,31.67659216526158],[74.53486386861333,31.6764878827318],[74.5347213508935,31.675937401473966],[74.53444220121558,31.675536405502626],[74.53439592719869,31.67546993389796],[74.53409495923914,31.67510396461613],[74.53412003571029,31.674735569647595],[74.53416207866225,31.674536730173422],[74.53427386771115,31.67400802361227],[74.53438131969385,31.673591255794154],[74.53430998985607,31.673418578180033],[74.53429820666544,31.67339005304512],[74.53407082010827,31.673297650967378],[74.53362619137441,31.673116969139294],[74.53356764008254,31.67307567063124],[74.53281241294846,31.67254297335295],[74.53219460918821,31.672064223389384],[74.53206706189259,31.67196538379785],[74.53134753740113,31.671268968500723],[74.53115208824983,31.671048749793883],[74.53062898407734,31.67045933804578],[74.5303015902883,31.670090444514322],[74.53023718557401,31.670026391849834],[74.53020912586335,31.669998485549606],[74.52989488522994,31.669685962959218],[74.52978869088861,31.66958850466688],[74.52973656075437,31.669540663121964],[74.52963760144435,31.669449841720347],[74.5294316294278,31.66921103095827],[74.52942623953608,31.669200425882206],[74.52935167667258,31.66905370933608],[74.52934409489157,31.669034045070227],[74.52932790635184,31.668992063530816],[74.52924623332284,31.668780259455744],[74.52927184698655,31.668509267582365],[74.52927552289268,31.668470378435853],[74.52920442932277,31.66818528261124],[74.52920323815668,31.668180506413417],[74.52905969006923,31.66793021174479],[74.52900703442054,31.667838400190483],[74.52898233703844,31.667645055390825],[74.52896791009499,31.667532105656424],[74.5289418391888,31.66740680576662],[74.52888984559848,31.667156917291933],[74.52888933535542,31.667154465325297],[74.52888484737224,31.66709184420043],[74.52888078878378,31.667035244007124],[74.52887255841914,31.6669204157497],[74.52869555796883,31.666606668203105],[74.5287552285616,31.66660353957604],[74.52891915461252,31.666594944699384],[74.52900341959986,31.66659052656591],[74.52903432434057,31.66657364634945],[74.52922861466516,31.666467526005412],[74.52928037020193,31.6664392574527],[74.52930079609487,31.666428101567565],[74.5293355635913,31.666419212640502],[74.52980655748131,31.666298796878454],[74.53021086403785,31.666277593705846],[74.5305077958668,31.66626201932568],[74.5308669665719,31.666243181738594],[74.53089273384752,31.666231827040495],[74.53097589269001,31.666195182497347],[74.53099090443673,31.666188566629675],[74.53114288141647,31.6661215959477],[74.53115746826008,31.66611516739581],[74.53128301321094,31.66605984497865],[74.53134511733977,31.666012485593217],[74.53155974731905,31.665848813322253],[74.53204805264284,31.665476437168756],[74.5323920966169,31.665227658263102],[74.53258723045954,31.665086555135375],[74.53269106223165,31.665011472944368],[74.53294571125852,31.664827333231706],[74.53370443463567,31.664339334773107],[74.53391708562637,31.66420256094186],[74.5346359633308,31.663740181554708],[74.53512683603972,31.663490622697733],[74.53552349164498,31.663288960717228],[74.53579537395224,31.663150733364045],[74.53668598708111,31.662661518023928],[74.53682581434668,31.66258470816017],[74.53712300219546,31.662421460323227],[74.53748000796075,31.662225350132196],[74.53798039742178,31.661853779117124],[74.53824602655637,31.661656532278446],[74.5385055121127,31.66143245777136],[74.5390893784198,31.660928265980495],[74.53915125437659,31.66087483367067],[74.53978778441723,31.660415588731233],[74.53979090785947,31.66041331627294],[74.54024458941731,31.66008324570458],[74.54024365846817,31.659992323554903],[74.54024238674822,31.659868119657265],[74.54024173546966,31.65980441626053],[74.54022115506649,31.65974141016097],[74.54004370456022,31.659198124242746],[74.53995009022613,31.65885064625656],[74.5396247006673,31.65838319285027],[74.53949007734218,31.65819642492873],[74.5391862024344,31.657774847664797],[74.53889817560484,31.657349479658514],[74.53844543458312,31.657020861747576],[74.53819026273678,31.6568140151465],[74.53800664799101,31.6566474599843],[74.53802872498743,31.65649599345834],[74.53807841080581,31.656344923541987],[74.5381782675328,31.6561685860407],[74.53800755618776,31.655942620295566],[74.53770348814218,31.655532776497854],[74.53752722520872,31.655468615918977],[74.53728885814641,31.655495815752175],[74.53734046546116,31.65525817576061],[74.53750863277729,31.654970364584155],[74.53705665262858,31.65489131629646],[74.53743589079883,31.654195977359226],[74.53750774973335,31.654001323336928],[74.537342596265,31.653613550308492],[74.53730135011874,31.653278004173917],[74.53749951577545,31.652929885421152],[74.53759747975215,31.652381463794363],[74.53788700048001,31.651632102580578],[74.53801235768297,31.651253697158523],[74.53816050514466,31.650806492309837],[74.53816916670064,31.65078034409866],[74.53831842448004,31.65022922796316],[74.53853398241898,31.649645263455813],[74.53884688719202,31.648982770385416],[74.53906663756838,31.648457316807466],[74.53915358021345,31.648379954639076],[74.5394699838259,31.648098416510976],[74.54050497059399,31.647691647503347],[74.54090066230697,31.647465291784066],[74.54090450063394,31.64745442207791],[74.54104330219769,31.64706135181031],[74.54105439369647,31.646737740185316],[74.54110082851184,31.64675010518634],[74.54119840906837,31.646776091834962],[74.54192933302026,31.646970743972496],[74.54290553403617,31.647418667767592],[74.5435477126833,31.647738064141954],[74.54405550156734,31.64799061790747],[74.5441337511168,31.648029535508844],[74.54453545615229,31.648277125434014],[74.54460114366081,31.64831761136055],[74.54463659926675,31.648339464821554],[74.54472641911707,31.648394824554707],[74.54476528472786,31.648368155654325],[74.54482784160759,31.64832522952181],[74.54484082943858,31.648316317612935],[74.54489195167447,31.648281238875928],[74.54492769407403,31.648256712775048],[74.54500450518967,31.64820400570463],[74.54519585920933,31.64798254394269],[74.54524213293854,31.64792898948055],[74.54541652018968,31.647727162959697],[74.54551659251234,31.64756849956834],[74.5457709244339,31.647165249830945],[74.54606121125259,31.64672547247818],[74.54612367487965,31.64663084162765],[74.54614242451628,31.646602436270033],[74.5464926156618,31.645982008297118],[74.54665863420777,31.645664929946197],[74.54664278305108,31.645444347240662],[74.54662499679198,31.64519683589289],[74.54666881185237,31.64506124184687],[74.54677945042698,31.644718849714145],[74.54726565009976,31.643841652423035],[74.5472691131052,31.64383305882659],[74.54749223755375,31.643279481791318],[74.54758610790769,31.643046585761788],[74.54759802720787,31.64300304601835],[74.54770845844939,31.64259965422071],[74.547816861748,31.64219750408703],[74.54789003132451,31.64177206708371],[74.54791370013564,31.64163444860916],[74.54801607034877,31.64090958471433],[74.54800916320255,31.64074445949643],[74.54799216707737,31.64033819748801],[74.54798634108928,31.640026491639944],[74.54798010360142,31.63969276945926],[74.54797954844257,31.63965122818593],[74.54797224693594,31.63910585318419],[74.54789212709407,31.638885168965437],[74.5478440812943,31.638752829023172],[74.54783101201035,31.63871683028258],[74.54773721088968,31.63845845888305],[74.54773685958543,31.63845749122967],[74.54771379897326,31.638418681617768],[74.547229240483,31.637603199062028],[74.54680473620557,31.63695010007047],[74.54670691506105,31.63654411441066],[74.5467269555767,31.635867632652932],[74.5467772241951,31.635334506780396],[74.54679772754972,31.635117057620935],[74.54681461408046,31.634937979993026],[74.54686523594333,31.63465648003377],[74.5468834192349,31.6345553666447],[74.54693723591336,31.634256103624672],[74.54724938072926,31.633628371792646],[74.54725212865812,31.633622845631947],[74.54709069145215,31.633578915831887],[74.54670950580231,31.63347518875557],[74.5466221575667,31.633432895925083],[74.5463539014089,31.633303009933353],[74.54634607231603,31.63319404243691],[74.54634096027893,31.63312289167999],[74.54633708584507,31.633068963826535],[74.54657672402354,31.632821428244984],[74.54693321325752,31.632417892742787],[74.5469945089026,31.63234850755854],[74.54714806781561,31.632174682212696],[74.5476133906412,31.63172439117099],[74.54781910573958,31.631243706906567],[74.54829443489912,31.630455172362],[74.54853435874183,31.629730494390998],[74.54857643942299,31.629603391970324],[74.54894707263114,31.628790996776324],[74.5490125328659,31.628619756974878],[74.54927930286087,31.627921888631587],[74.54946222141228,31.62750005016132],[74.5496767552718,31.627005297493888],[74.54975567676108,31.62686107980562],[74.54997765855263,31.62645543944371],[74.5503138108269,31.62584116305701],[74.55054674511469,31.62552773195736],[74.55086154868991,31.62510413939956],[74.55101790944826,31.62489374295396],[74.55117096399368,31.62465461773694],[74.55146529740924,31.62419476506365],[74.55150524010001,31.62408647597234],[74.55168070892279,31.62361077933133],[74.55173485038495,31.623131310687135],[74.55175409678994,31.622960853701695],[74.55187526694061,31.622468909145102],[74.55196661572826,31.622098037782973],[74.55190629475523,31.621607793259493],[74.55188404438395,31.621426956263758],[74.55188102741191,31.621404413777988],[74.55187736720646,31.62137706512238],[74.55181830207822,31.62093576425981],[74.55180988845726,31.620872898576483],[74.55178887147288,31.620834438523335],[74.55151350549893,31.62033053830075],[74.5513312597857,31.619943685078688],[74.55123668874583,31.61973022019571],[74.55114691201463,31.619527575931627],[74.55106723594052,31.61913532332933],[74.55101754293564,31.618682759954787],[74.55104358779066,31.618328991670037],[74.55105125940321,31.618026524847586],[74.55106148851935,31.61762325564116],[74.55116132009348,31.617481314513416],[74.55154407965965,31.616937105404247],[74.5515619803883,31.616920237590527],[74.55179039052402,31.616705004018915],[74.55215473552516,31.616361675615416],[74.55287004781624,31.615810098466667],[74.55368370496967,31.6151946058434],[74.55386983230328,31.615038207183204],[74.55407651848049,31.614864532330518],[74.55454126818093,31.614474009630882],[74.55523340303934,31.61360060764864],[74.55461439194336,31.61320388841378],[74.55448797742332,31.613108252066024],[74.55534277112855,31.61225867066124],[74.5558742189422,31.61177549284214],[74.5560021408353,31.611636564640346],[74.55601506759224,31.61162252568918],[74.55627207649336,31.61134340097338],[74.55622156512322,31.61064126729984],[74.5559074907437,31.609714626229138],[74.55576206697394,31.60928556278082],[74.55563400224874,31.608874373431068],[74.55531664273019,31.60784039216859],[74.55537737153836,31.607830756301603],[74.55697904613037,31.607576603924194],[74.55786413911183,31.607430416704133],[74.55844034368789,31.607335244171413],[74.55959017198019,31.607145318067275],[74.56050552471199,31.607229210751328],[74.5613598827343,31.607419095371124],[74.56169285587079,31.607456498302092],[74.56198256883813,31.607489041571007],[74.56284033147539,31.607487854201334],[74.56324464971003,31.607414205117962],[74.56397496206972,31.60728117284192],[74.56550481006656,31.60708299620869],[74.56659342446048,31.606952133940943],[74.56776538634308,31.60678749776473],[74.56805519004025,31.60672674175278],[74.56815765008493,31.606705262576916],[74.56826435197436,31.60668289286115],[74.56898229453259,31.606532377026713],[74.56900838250677,31.606499701832014],[74.56905992154954,31.60643515319791],[74.56921579991261,31.606239924101352],[74.56958305815019,31.606060158947162],[74.5700771513194,31.606020569650745],[74.57027951480347,31.606004354758756],[74.57065772619933,31.605974048036277],[74.57168238683322,31.60567031848102],[74.57233480986788,31.605500417093513],[74.57309698367405,31.605301930639715],[74.57309525172218,31.60527793403537],[74.57308496241892,31.605135256440523],[74.57306777118815,31.60489688821933],[74.57306747713028,31.60489281090499],[74.57306592318872,31.604871264438206],[74.57305583993572,31.604731453210263],[74.57303706334966,31.604233210066173],[74.57318693378008,31.603958713394174],[74.57323929752101,31.603957070418176],[74.57327115712617,31.60395607078435],[74.57355670640217,31.603947108556888],[74.57366395356898,31.603943742939546],[74.5738787241433,31.603954534686544],[74.57420976993562,31.603971169006428],[74.57458605175026,31.60395791158321],[74.57473247714157,31.603952751837628],[74.57493194805039,31.60389420201803],[74.57530198747213,31.60378558480187],[74.57548150679851,31.60244483072539],[74.57550374189843,31.601972293526323],[74.5755298316692,31.601417802517453],[74.5755320927288,31.60136973691069],[74.5755377646915,31.601249205532923],[74.57554245749054,31.601149471218214],[74.57572221756541,31.6007875681863],[74.5757679328302,31.600760027945086],[74.57614968987652,31.600530041555654],[74.5762799431318,31.600508441690828],[74.57637342039256,31.600492940379997],[74.57675056219027,31.60043039904977],[74.57692952456118,31.60040072173391],[74.57748968522625,31.600232479452824],[74.57764460778185,31.600185949590845],[74.57781948820809,31.600133424239377],[74.57828852197413,31.59997647540532],[74.57831603826962,31.599949823993395],[74.57841284341956,31.59985605775757],[74.57848093751475,31.59979010128614],[74.57850001323979,31.599652565320508],[74.57850350588963,31.599627390502135],[74.57849706686149,31.599621978926233],[74.57833913485386,31.599489247553215],[74.57768019903341,31.599391934502524],[74.57737805158591,31.59924639014563],[74.57724595342506,31.598842237730235],[74.57722446572346,31.59876453733449],[74.57718228712592,31.598612017830863],[74.57712989198869,31.59842255367255],[74.5766823791619,31.598402159834436],[74.57553944543938,31.598491935842002],[74.57505986455361,31.598502597186645],[74.5749025356347,31.598260593899038],[74.57484760253342,31.598176095822016],[74.57483409276986,31.597750991587183],[74.57499887074242,31.59741925020106],[74.57542299143921,31.59685889020143],[74.57549865923056,31.596758916285488],[74.5755313884496,31.59671567099159],[74.57629471389599,31.595882423705348],[74.57702258732967,31.595271294646302],[74.57704452129765,31.595262992341972],[74.57704593544223,31.595262457069076],[74.57747345177077,31.59510062519542],[74.57784731172738,31.595051493521268],[74.57792778011559,31.595051175979915],[74.57799887983657,31.595050895267775],[74.57834550046482,31.595049526758626],[74.57844755791541,31.59504912382082],[74.57880432742375,31.595000891948132],[74.57887286266276,31.594974947605316],[74.57908136246748,31.594896019006132],[74.57925518557664,31.594830216645665],[74.57956721628891,31.594637514275014],[74.57961059829964,31.594617638082415],[74.5799657484748,31.594454920099455],[74.58041970861429,31.594349571507124],[74.5805393973439,31.594321795854402],[74.58080437789481,31.594190312702427],[74.58080673507413,31.59417553426488],[74.58085161490571,31.59389414514386],[74.58099399338667,31.593490161563313],[74.58098037762191,31.59342202366586],[74.58096627856354,31.593351476185852],[74.58088656116689,31.592952558020762],[74.58090749428757,31.5927475330956],[74.58091670772953,31.592657294030133],[74.58105819979922,31.592476851527582],[74.58112091275993,31.59239687472324],[74.5811386203508,31.592303983904557],[74.58117194694952,31.592129170137135],[74.58118312288998,31.592070548609],[74.58123789177255,31.591997937617283],[74.5814023010395,31.5917799685925],[74.58140106070148,31.591731143539928],[74.58139298820495,31.59141337527069],[74.58140653903678,31.59110781991738],[74.58141256968152,31.590971835956374],[74.58137553649647,31.59097160985808],[74.58126526294714,31.590970936606208],[74.58096926725847,31.59096912946702],[74.5809148832512,31.590968797372987],[74.58094765556558,31.59041932248847],[74.58096144562731,31.59018811231261],[74.58106568613287,31.58975410750696],[74.58109292125566,31.589640712698817],[74.58113290616727,31.58947423850351],[74.58130540074056,31.58906617386472],[74.58132337236368,31.58902365899738],[74.5815499355632,31.588835473134726],[74.58155638283162,31.588826451477765],[74.58176805100575,31.58853026438999],[74.58199596527145,31.588160617310738],[74.58202318961445,31.58811646124324],[74.58197504171184,31.588073882267658],[74.58190196735673,31.58800925964566],[74.58185205526672,31.587971509495823],[74.58182564110031,31.587951531595884],[74.58173052568141,31.587879591101192],[74.58144835946075,31.587666172841864],[74.58111859690311,31.587375266112375],[74.58106473495668,31.587348866373855],[74.58090448794671,31.587270323368205],[74.5809641868985,31.587216882696975],[74.58153350627495,31.586707245446892],[74.58154495620157,31.586701800845937],[74.58226319520382,31.586360287135086],[74.5822722906461,31.586355476125405],[74.58259121862308,31.58618675928504],[74.58318842670882,31.585870825508653],[74.58348809031456,31.585689661979274],[74.58369888198689,31.585562224215796],[74.58453295046591,31.58505797364279],[74.5845433711156,31.585065928776874],[74.58455686900867,31.585076233081534],[74.58495879330562,31.58538305351238],[74.58521591891517,31.585579337715412],[74.58577574900025,31.58514051567477],[74.58534370785762,31.584823455738352],[74.58519501601685,31.584714334944387],[74.58516357408358,31.58469126051284],[74.58513217616776,31.584668218215977],[74.58519230334248,31.584633291161403],[74.58545901201423,31.584478363736697],[74.58550751654799,31.584450188110097],[74.58586638362253,31.584241726165068],[74.58608068122511,31.584117241536692],[74.58626819286258,31.583972425556652],[74.58647518806025,31.583812562962407],[74.58679121178395,31.583568494611892],[74.58679130341208,31.583568424208508],[74.58679139414193,31.583568353805113],[74.58680538899574,31.58355754611821],[74.58687674397538,31.583502437838884],[74.58687621576603,31.58350177895444],[74.58686857646526,31.583492264907683],[74.58651179796746,31.58304793009033],[74.58648092021006,31.58300947468235],[74.58593043979049,31.582275080398475],[74.58572054752604,31.58192678320204],[74.58565174466013,31.58181261053883],[74.58550168917672,31.581563607076585],[74.5855242395853,31.581400894303552],[74.58602434607704,31.58096328162019],[74.58605934893207,31.580936112033964],[74.58655062408621,31.580554779631427],[74.58659279370063,31.580522047876354],[74.58726904095494,31.58014851966011],[74.5879535033025,31.57981391847804],[74.58827961510684,31.57965449720857],[74.5886817818764,31.579424043928174],[74.58886149703548,31.579321061319014],[74.5888725301438,31.57931473926507],[74.58933086497481,31.579011475320783],[74.59007771801382,31.578428621983115],[74.59029320049427,31.578246560832746],[74.59070813052739,31.577895983291345],[74.59083864226346,31.57756603166077],[74.59088432339226,31.577527660097356],[74.59088577596809,31.57752376470049],[74.59110583087335,31.577340888263148],[74.59118472541317,31.57727532222923],[74.59133167631892,31.57715319768633],[74.59174893119199,31.57687172272],[74.59175483492005,31.57686167803533],[74.59196275178918,31.576507988117744],[74.59212857629905,31.57611815713884],[74.5921480580626,31.57607235758953],[74.59221196331362,31.57592212444044],[74.59241520265508,31.575412114223727],[74.59247524604865,31.575056528455583],[74.59232285764047,31.574609415819666],[74.59228038709047,31.57425926389934],[74.59227967831973,31.574111132491176],[74.59239815263096,31.57408611225631],[74.59247115332421,31.574070695404497],[74.5937564071372,31.57379925767708],[74.59560390211345,31.573495737003906],[74.59575435016062,31.5734832528262],[74.59756448240756,31.573333025454076],[74.59950691044472,31.573156563527046],[74.60011749713998,31.57306450076103],[74.6001869935053,31.57305402324867],[74.6005587837435,31.572997964328266],[74.60153807406566,31.572784473723353],[74.60258583847035,31.57233240452164],[74.60313016722688,31.572065723733125],[74.60372868415793,31.57177249138953],[74.6040623087687,31.571600539057794],[74.60493561835288,31.57115042952008],[74.60531879653395,31.57095127749219],[74.60626594412086,31.57045900126421],[74.60640720072207,31.570385583702066],[74.60657189784627,31.57029998169252],[74.60727482614905,31.569936472610234],[74.60729657656846,31.569925224699222],[74.60767946489604,31.56972721960535],[74.6078403189121,31.569626701724214],[74.60827012336502,31.569358116369816],[74.60835055139192,31.569334666107416],[74.60854268659529,31.569278645574425],[74.60875569601376,31.56921653870991],[74.60882436862397,31.56919651657341],[74.60902955924055,31.569098688517425],[74.60920564507158,31.569014736654402],[74.60921572327075,31.56899338961228],[74.60925466413674,31.56891090469662],[74.60926047696084,31.568898591916888],[74.609369186064,31.568668323252414],[74.60952848251671,31.568263399878262],[74.60957220400437,31.568153618319915],[74.60957567519819,31.56814490239815],[74.60957786916634,31.56813939349953],[74.60963004604271,31.56800838105911],[74.60967308253136,31.56798242771638],[74.609755692476,31.56793260844212],[74.61005726772385,31.567750738571032],[74.61056130793821,31.567606481152804],[74.61058807593705,31.567570471297156],[74.61062025192099,31.567527186824968],[74.61081132165819,31.567270151865547],[74.61083923141574,31.567255436513044],[74.61088179078163,31.56723299724798],[74.61105909587816,31.567139513804925],[74.6113900567884,31.567210022958154],[74.61146040026505,31.56747058918562],[74.61153392737104,31.56777503798356],[74.6116458655403,31.568136178339138],[74.61183091661977,31.568245495602948],[74.61189671199855,31.56828436363226],[74.61192222382789,31.568282298589775],[74.6124252618471,31.5682415804246],[74.61265435110919,31.56828316734374],[74.6127380821785,31.568298367019352],[74.61295783704645,31.56872719370648],[74.61329835153971,31.56892934309891],[74.61436500841313,31.56897540944591],[74.61454454929908,31.569002222027137],[74.61516256057016,31.569094513823977],[74.61523101668637,31.56907709775722],[74.61523415450168,31.56907629947292],[74.61551071712333,31.569005938160984],[74.61560038596491,31.56898312518179],[74.61561392896611,31.568952395409635],[74.61565591712082,31.568857120040157],[74.61573291621538,31.568682402354085],[74.61569354305651,31.568376138743428],[74.61525051911119,31.568179447611822],[74.61507653118895,31.568097819742956],[74.61504343448769,31.568082292152564],[74.61491318465403,31.568021184368735],[74.6147371427061,31.567722190503645],[74.61437954405274,31.567520953130547],[74.61393111314776,31.567486066063548],[74.61380091672038,31.56738762967789],[74.6136885311901,31.56730265865719],[74.61353192249675,31.56718425232117],[74.6132692973285,31.56711011520271],[74.61282935729955,31.567192241449046],[74.61267274075664,31.567233813294557],[74.61220679516327,31.56735749255514],[74.61209554750539,31.567337296888088],[74.61189397932344,31.567300704622074],[74.61170192490559,31.567017240510676],[74.61164760378038,31.566741139378504],[74.61144377065251,31.56653171935602],[74.6111501616918,31.566503276539837],[74.61063010541426,31.566663072379825],[74.61010086648312,31.566715870510873],[74.61000012139705,31.566725921079613],[74.60995920296202,31.56670450247873],[74.60982185791545,31.566632609730778],[74.60959764650535,31.566615157996097],[74.60918760584792,31.566648719574776],[74.60908618980004,31.566657020416674],[74.60896612771235,31.566637996505378],[74.60887800074138,31.566624032732875],[74.60866569290714,31.566297591116108],[74.6085525105712,31.56588696287587],[74.60852608303387,31.565791082004438],[74.60833840430976,31.565331178664575],[74.60782295728795,31.564844639158558],[74.60735558810015,31.564311491932326],[74.6072564635001,31.56415183136819],[74.60716458076892,31.564003834838292],[74.60706435787827,31.56384240472138],[74.60695442834204,31.56351999554494],[74.60694081818066,31.56347404303082],[74.60689211519842,31.56330960526856],[74.60687593535985,31.563254976653944],[74.60685456802176,31.563182833284063],[74.60679470339292,31.56296102990566],[74.60682493355766,31.56275711180864],[74.60684077888214,31.56265022689931],[74.60689115101339,31.56261073626725],[74.60726268343512,31.56231945818225],[74.60742835545786,31.56223114149031],[74.60776514359853,31.562051605959944],[74.60830287863521,31.56176494935495],[74.6093643836705,31.561268033347197],[74.60993365594751,31.560841320952978],[74.61019970190037,31.560701042330837],[74.61032136433256,31.56063689291132],[74.61042917564139,31.56058004577411],[74.61091184942667,31.56037818599207],[74.61093398391529,31.56034554130308],[74.6110281904845,31.560206596931984],[74.6110667692873,31.560149697423405],[74.61087696874252,31.559660543664705],[74.61072239473326,31.55918419951832],[74.61077595498546,31.55915085019315],[74.61094368645387,31.559046411398867],[74.61108336296726,31.558959441155377],[74.61224731547078,31.55845705246923],[74.61337794137559,31.558090930505088],[74.61366508426289,31.557979565462706],[74.61395364289507,31.557867073522488],[74.61454727658428,31.55777676695016],[74.61538218428407,31.55770298901212],[74.61584128088646,31.557649199658698],[74.61602124686031,31.557502162971264],[74.6161488622431,31.5573978980219],[74.61616483159389,31.557377430906808],[74.61635685858255,31.55713133204061],[74.61639988746607,31.557076186878337],[74.6164094231149,31.5570528421244],[74.61663286912828,31.55650581147202],[74.61668782446411,31.55585979842203],[74.61669585450443,31.555765407588495],[74.61670690198581,31.555635535737643],[74.6167498019305,31.555331171321782],[74.61678614237701,31.555073340716213],[74.61681147846127,31.554811788349788],[74.61682552272244,31.55466679365336],[74.61685476737651,31.55436487336146],[74.61685245511298,31.554005680691315],[74.61684975837049,31.553586906232546],[74.61686146970685,31.55352907419255],[74.61689038557752,31.553386269135014],[74.61691287579899,31.553275191664124],[74.61696219061311,31.553254562888945],[74.61704626094766,31.55321939568889],[74.61739549927862,31.553073306889328],[74.61793360810013,31.552927200273288],[74.61827098837139,31.552850511872357],[74.61829647896589,31.55280750265013],[74.61838579194682,31.55265680888408],[74.61842375317366,31.55259275861751],[74.61839721244858,31.552227079070306],[74.61846132161713,31.55207322949866],[74.61854966104387,31.551861225083723],[74.61856611278998,31.551821741366936],[74.61865036667882,31.551619540351062],[74.61863320346697,31.55158742922444],[74.61859540864802,31.551516716116517],[74.61856682066242,31.551463230934583],[74.61848541802635,31.551310933341643],[74.61816065998313,31.55115731727416],[74.61734058167205,31.551249788253468],[74.6169380860664,31.551312482907107],[74.61676069922838,31.55134011353515],[74.61626931105134,31.55141665452375],[74.61580132269842,31.551401570157164],[74.61541200745322,31.551389021610092],[74.61529271100012,31.551365988571845],[74.61471805081139,31.551255036655316],[74.61454148148245,31.551144165281183],[74.61444921648788,31.55108623026612],[74.61445318344816,31.550158278073756],[74.61457742854363,31.54928380663197],[74.61459473907232,31.54916197032992],[74.61456131006567,31.548504564161416],[74.61455003620883,31.548349123777527],[74.61453084057379,31.548084482147978],[74.61452762324251,31.548040126241464],[74.61449957065282,31.54765334946237],[74.61458847062826,31.54730682074526],[74.61490023993078,31.54669208744151],[74.6149148176278,31.546479232454402],[74.61492792960108,31.546287779106393],[74.6150448542289,31.545746542256552],[74.61504531245927,31.545744421136583],[74.61501814291348,31.544976817635476],[74.61501471866353,31.544912620035376],[74.61497853709093,31.544234290427106],[74.61472930221029,31.543942370830816],[74.6143770611093,31.543802415905073],[74.61428824467717,31.543693720234057],[74.61420499690148,31.543591840416536],[74.61400629944208,31.54340709602219],[74.61339309954766,31.543403090487207],[74.6130239270002,31.543422724650192],[74.61298628741818,31.543378823722197],[74.61295876610176,31.543346724233682],[74.61288379161253,31.54325927773519],[74.61285928557159,31.542528155654963],[74.61275241569716,31.541447406565883],[74.61271176693056,31.541083354656763],[74.61276802776682,31.540951514028517],[74.61279704939037,31.540883505279712],[74.61299415683169,31.540653294589728],[74.61299744701519,31.54064321946906],[74.61308746484023,31.54036756905376],[74.61322981188016,31.53957874288695],[74.6132571018002,31.539360265124117],[74.61333516090681,31.53877174261435],[74.61338741500857,31.53841068611383],[74.6134719931892,31.53780803940545],[74.61359269329355,31.537408504215666],[74.61364440145178,31.537237342567366],[74.61369581559258,31.537039316946043],[74.61381151684073,31.536593684456626],[74.61390551509949,31.53634318171826],[74.61402651512924,31.536020720013152],[74.61426276396413,31.535544282752316],[74.61430191793413,31.535298057570106],[74.61426939454243,31.53521019345083],[74.61417784262706,31.53496285982441],[74.61379829992796,31.53444593686905],[74.61352608075246,31.53403316930229],[74.61343438701647,31.533842422340307],[74.61327432430082,31.53350944898564],[74.61306966112964,31.53284894492828],[74.61284286885976,31.532079754569523],[74.61264661841119,31.531583354278524],[74.61261598945326,31.531505881127313],[74.61240947934589,31.531016375080874],[74.61239219744141,31.53097457064451],[74.61235656011895,31.53088836497307],[74.6123074922465,31.530769671182394],[74.61223665516329,31.530598318288853],[74.61223215047166,31.530451712300824],[74.61223156091705,31.530432525141784],[74.61222958419356,31.53036819232475],[74.6122261700273,31.530257077678517],[74.61223884586039,31.530208345548978],[74.61237105929948,31.52970005213768],[74.61256656594298,31.52905488647056],[74.61274394299787,31.528439322524523],[74.61274875146913,31.528422635351845],[74.61281284177305,31.528057120686974],[74.61281630657511,31.528037354653268],[74.61283949478752,31.527905111096988],[74.61285607302977,31.527838810296327],[74.6128896091023,31.527704690621615],[74.61291683075034,31.527595820768628],[74.6129036023429,31.527413354745093],[74.612903024702,31.52740538705617],[74.61289831737066,31.527340456486364],[74.6128801799682,31.527330754472413],[74.61276318559909,31.52726817213715],[74.61269075174279,31.527229426888205],[74.61213180200672,31.52718591426992],[74.6112791328171,31.527219052959982],[74.61057821962173,31.527183082648843],[74.60988797751361,31.527097712064574],[74.60952842592282,31.52698776107525],[74.6091738483038,31.526879331440995],[74.60870546581633,31.526708917367714],[74.60817589548162,31.526480719270886],[74.6076801080898,31.526128653102532],[74.60715329019308,31.525741612485064],[74.60627519778267,31.525226754205658],[74.60527738419933,31.524632801593054],[74.60451974239379,31.524316795605834],[74.60449857718737,31.524307967384107],[74.60402669666018,31.52408889489863],[74.60377028693539,31.524090309224658],[74.6037065236182,31.52410733090812],[74.60308524427613,31.524273180552886],[74.60227683418228,31.524523634881483],[74.60161313729081,31.524607709126787],[74.60138970921163,31.524603646120656],[74.60115114272332,31.52459930668295],[74.60075697006151,31.524592136311107],[74.60029201734179,31.524665649442902],[74.59949955144593,31.52493965291173],[74.59877806323726,31.525209884341344],[74.59806900681386,31.525455035767948],[74.59722954196062,31.525670483915455],[74.59629597498811,31.525964160557496],[74.5959587779732,31.526030879085404],[74.5955649251116,31.525905291453793],[74.59493175117684,31.52542618990769],[74.59443878808827,31.52491523360939],[74.59441605442338,31.524894008184315],[74.59391919713805,31.524430102912607],[74.59353616448404,31.52405979592146],[74.59318416592818,31.523724464415782],[74.59279485405035,31.5234643511043],[74.59218821006087,31.52315472675326],[74.59148571403394,31.522899010335184],[74.5906705333378,31.52266146992124],[74.58993336413758,31.52251744603435],[74.5894148996747,31.52239932363034],[74.58941177174088,31.522398611477108],[74.5892380483447,31.522163681791604],[74.5891991162586,31.522019261239684],[74.58902261706822,31.521943167711765],[74.5890014563534,31.521878400484777],[74.58896773359763,31.52177518128517],[74.58894299758794,31.521630008919704],[74.5886963992627,31.52156983758483],[74.58821023013259,31.52154677509959],[74.58734253212832,31.52156834281554],[74.58687670534785,31.521629646714043],[74.58636038965514,31.521583761451275],[74.5858450998385,31.52135471614996],[74.5852278099146,31.521094452275776],[74.58476213584773,31.520960429965783],[74.58433187606431,31.52092218521013],[74.5840926106867,31.520568652315344],[74.58397457295666,31.52026137158915],[74.58387150565085,31.519986373438904],[74.58368449078174,31.519455028353466],[74.58343485345588,31.51876025170872],[74.58332438672707,31.51821679327014],[74.58303934589755,31.517426236140395],[74.58277010373888,31.516854565474162],[74.58270222883263,31.516308851373477],[74.58269918534046,31.51567425713636],[74.58272579135185,31.515613051978704],[74.58284583261566,31.51533690594649]]]}}]}
